ISO-10303-21;
HEADER;
FILE_DESCRIPTION (( 'STEP AP203' ),
    '1' );
FILE_NAME ('2.5mm_part1.STEP',
    '2026-02-16T00:03:10',
    ( '' ),
    ( '' ),
    'SwSTEP 2.0',
    'SolidWorks 2025',
    '' );
FILE_SCHEMA (( 'CONFIG_CONTROL_DESIGN' ));
ENDSEC;

DATA;
#1 = CARTESIAN_POINT ( 'NONE',  ( 2.500000000000000444, 0.000000000000000000, 0.000000000000000000 ) ) ;
#2 = CARTESIAN_POINT ( 'NONE',  ( 109.7539988371174360, -1.137203174285757346, -3.862796825714243543 ) ) ;
#3 = CARTESIAN_POINT ( 'NONE',  ( 68.62499999999978684, 2.818544231345960265E-13, 5.000000000000282441 ) ) ;
#4 = DIRECTION ( 'NONE',  ( -1.000000000000000000, -0.000000000000000000, -0.000000000000000000 ) ) ;
#5 = CARTESIAN_POINT ( 'NONE',  ( 10.99600116288350193, -3.862796825715731242, 1.137203174284268981 ) ) ;
#6 = EDGE_CURVE ( 'NONE', #210, #554, #5202, .T. ) ;
#7 = CARTESIAN_POINT ( 'NONE',  ( 75.50000000000000000, 0.000000000000000000, 1.000000000000000000 ) ) ;
#8 = CARTESIAN_POINT ( 'NONE',  ( 85.12500000000000000, 1.224646799147353207E-16, -1.000000000000000000 ) ) ;
#9 = EDGE_CURVE ( 'NONE', #2168, #266, #1494, .T. ) ;
#10 = CARTESIAN_POINT ( 'NONE',  ( 21.99600116288349128, -3.862796825715729909, 1.137203174284268758 ) ) ;
#11 = CARTESIAN_POINT ( 'NONE',  ( 114.7262504537199277, -4.359865889253476290, 0.6401341107465227109 ) ) ;
#12 = CARTESIAN_POINT ( 'NONE',  ( 32.32722873041522149, -4.282386290039758237, 0.7176137099602442060 ) ) ;
#13 = DIRECTION ( 'NONE',  ( -1.000000000000000000, -0.000000000000000000, -0.000000000000000000 ) ) ;
#14 = ORIENTED_EDGE ( 'NONE', *, *, #8391, .T. ) ;
#15 = EDGE_LOOP ( 'NONE', ( #4339, #7983, #2905, #4340 ) ) ;
#16 = DIRECTION ( 'NONE',  ( -1.000000000000000000, -0.000000000000000000, -0.000000000000000000 ) ) ;
#17 = CARTESIAN_POINT ( 'NONE',  ( 8.125000000000000000, 0.000000000000000000, 0.000000000000000000 ) ) ;
#18 = ADVANCED_FACE ( 'NONE', ( #5034 ), #1054, .T. ) ;
#19 = CARTESIAN_POINT ( 'NONE',  ( 118.8505981340147599, -0.06404366728010940646, -4.935956332719890760 ) ) ;
#20 = DIRECTION ( 'NONE',  ( -1.000000000000000000, -0.000000000000000000, -0.000000000000000000 ) ) ;
#21 = VERTEX_POINT ( 'NONE', #5080 ) ;
#22 = ORIENTED_EDGE ( 'NONE', *, *, #2830, .F. ) ;
#23 = CARTESIAN_POINT ( 'NONE',  ( 9.500000000000000000, 0.000000000000000000, 0.000000000000000000 ) ) ;
#24 = CARTESIAN_POINT ( 'NONE',  ( 3.955154278000765355, -4.743466930263050330, -0.2565330697369497259 ) ) ;
#25 = EDGE_LOOP ( 'NONE', ( #7454, #3747, #4299, #6725 ) ) ;
#26 = CARTESIAN_POINT ( 'NONE',  ( 5.375000000000000000, 0.000000000000000000, 3.904737509655562544 ) ) ;
#27 = DIRECTION ( 'NONE',  ( 0.000000000000000000, 0.000000000000000000, 1.000000000000000000 ) ) ;
#28 = FACE_OUTER_BOUND ( 'NONE', #1100, .T. ) ;
#29 = EDGE_CURVE ( 'NONE', #5172, #755, #6954, .T. ) ;
#30 = FACE_OUTER_BOUND ( 'NONE', #2942, .T. ) ;
#31 = DIRECTION ( 'NONE',  ( -1.000000000000000000, -0.000000000000000000, -0.000000000000000000 ) ) ;
#32 = VERTEX_POINT ( 'NONE', #5608 ) ;
#33 = EDGE_LOOP ( 'NONE', ( #6056, #130, #7973 ) ) ;
#34 = DIRECTION ( 'NONE',  ( -0.000000000000000000, 1.000000000000000000, 1.224646799147353207E-16 ) ) ;
#35 = CIRCLE ( 'NONE', #7883, 1.000000000000000000 ) ;
#36 = DIRECTION ( 'NONE',  ( 0.000000000000000000, 0.000000000000000000, 1.000000000000000000 ) ) ;
#37 = ORIENTED_EDGE ( 'NONE', *, *, #8697, .F. ) ;
#38 = CARTESIAN_POINT ( 'NONE',  ( 46.04368978649814892, -4.960065625086327756, -0.03993437491367258368 ) ) ;
#39 = VERTEX_POINT ( 'NONE', #867 ) ;
#40 = ADVANCED_FACE ( 'NONE', ( #3614 ), #5767, .T. ) ;
#41 = FACE_OUTER_BOUND ( 'NONE', #6837, .T. ) ;
#42 = DIRECTION ( 'NONE',  ( -1.000000000000000000, -0.000000000000000000, -0.000000000000000000 ) ) ;
#43 = CYLINDRICAL_SURFACE ( 'NONE', #1218, 1.000000000000000000 ) ;
#44 = AXIS2_PLACEMENT_3D ( 'NONE', #2304, #1007, #2987 ) ;
#45 = CARTESIAN_POINT ( 'NONE',  ( 37.00000000000000000, 0.000000000000000000, 1.000000000000000000 ) ) ;
#46 = B_SPLINE_CURVE_WITH_KNOTS ( 'NONE', 3,
 ( #3218, #6521, #3929, #5936, #8650, #2538, #1860, #6643, #640, #6196, #6108, #4099, #7411, #4765, #2664, #5476 ),
 .UNSPECIFIED., .F., .F.,
 ( 4, 2, 2, 2, 2, 2, 2, 4 ),
 ( 4.818711198674780419E-07, 0.0008765200830205889830, 0.001314539188970937408, 0.001752558294921285941, 0.002190577400871634040, 0.002628596506821982790, 0.003066615612772331540, 0.003504634718722679856 ),
 .UNSPECIFIED. ) ;
#47 = CIRCLE ( 'NONE', #7762, 3.999999999999996447 ) ;
#48 = CARTESIAN_POINT ( 'NONE',  ( 42.13240203055824651, -4.872131520497913648, -0.1278684795020858522 ) ) ;
#49 = CYLINDRICAL_SURFACE ( 'NONE', #4113, 4.999999999999999112 ) ;
#50 = AXIS2_PLACEMENT_3D ( 'NONE', #6541, #1792, #4366 ) ;
#51 = CARTESIAN_POINT ( 'NONE',  ( 35.77184353044837906, 8.472341175792729199E-15, -5.000000000000007105 ) ) ;
#52 = CARTESIAN_POINT ( 'NONE',  ( 81.72625045371992769, -4.359865889253476290, 0.6401341107465227109 ) ) ;
#53 = CARTESIAN_POINT ( 'NONE',  ( 0.000000000000000000, 1.224646799147353207E-16, -1.000000000000000000 ) ) ;
#54 = CARTESIAN_POINT ( 'NONE',  ( 0.000000000000000000, 1.224646799147353207E-16, -1.000000000000000000 ) ) ;
#55 = DIRECTION ( 'NONE',  ( -1.000000000000000000, -0.000000000000000000, -0.000000000000000000 ) ) ;
#56 = APPROVAL ( #2343, 'UNSPECIFIED' ) ;
#57 = ADVANCED_FACE ( 'NONE', ( #3028 ), #6349, .T. ) ;
#58 = CARTESIAN_POINT ( 'NONE',  ( 31.65967868775788929, -4.686141179201367635, 0.3138588207986340861 ) ) ;
#59 = VERTEX_POINT ( 'NONE', #3616 ) ;
#60 = CARTESIAN_POINT ( 'NONE',  ( 73.53886551654430548, -0.04063066961492954599, 4.959369330385070107 ) ) ;
#61 = ORIENTED_EDGE ( 'NONE', *, *, #6450, .T. ) ;
#62 = ORIENTED_EDGE ( 'NONE', *, *, #1587, .F. ) ;
#63 = CARTESIAN_POINT ( 'NONE',  ( 89.61759796945997891, -0.1278684794971745309, -4.872131520502826163 ) ) ;
#64 = FACE_OUTER_BOUND ( 'NONE', #6830, .T. ) ;
#65 = CARTESIAN_POINT ( 'NONE',  ( 80.77178058431638874, -0.1593231317801523939, 4.840676868219848217 ) ) ;
#66 = CARTESIAN_POINT ( 'NONE',  ( 27.25399883711745019, -1.137203174285764229, -3.862796825714235993 ) ) ;
#67 = TOROIDAL_SURFACE ( 'NONE', #3081, 1.000000000000000000, 3.999999999999997335 ) ;
#68 = CIRCLE ( 'NONE', #6778, 4.000000000000001776 ) ;
#69 = VECTOR ( 'NONE', #5209, 1000.000000000000114 ) ;
#70 = ORIENTED_EDGE ( 'NONE', *, *, #1107, .F. ) ;
#71 = ADVANCED_FACE ( 'NONE', ( #64 ), #6615, .T. ) ;
#72 = VERTEX_POINT ( 'NONE', #7484 ) ;
#73 = EDGE_CURVE ( 'NONE', #919, #7062, #5654, .T. ) ;
#74 = DIRECTION ( 'NONE',  ( 0.000000000000000000, -1.224646799147353207E-16, 1.000000000000000000 ) ) ;
#75 = CARTESIAN_POINT ( 'NONE',  ( 3.538331087163099742, -4.874457784808692296, -0.1255422151913086204 ) ) ;
#76 = DIRECTION ( 'NONE',  ( -1.000000000000000000, -0.000000000000000000, -0.000000000000000000 ) ) ;
#77 = B_SPLINE_CURVE_WITH_KNOTS ( 'NONE', 3,
 ( #5568, #361, #8544, #8447, #5153, #3015, #2329, #1076, #942, #5728, #3145, #8275, #2164, #7619, #3687, #1490 ),
 .UNSPECIFIED., .F., .F.,
 ( 4, 2, 2, 2, 2, 2, 2, 4 ),
 ( 4.818711198520267845E-07, 0.0008765200830206076313, 0.001314539188970985980, 0.001752558294921364437, 0.002190577400871742894, 0.002628596506822121134, 0.003066615612772499808, 0.003504634718722878482 ),
 .UNSPECIFIED. ) ;
#78 = TOROIDAL_SURFACE ( 'NONE', #1930, 1.000000000000000000, 4.000000000000000000 ) ;
#79 = CARTESIAN_POINT ( 'NONE',  ( 13.62500000002789236, -5.000000000000000888, -4.336808689942017736E-16 ) ) ;
#80 = TOROIDAL_SURFACE ( 'NONE', #8776, 1.000000000000000000, 3.999999999999996447 ) ;
#81 = CARTESIAN_POINT ( 'NONE',  ( 33.14877465030176751, -4.041784260362666359, -0.9582157396373344183 ) ) ;
#82 = CARTESIAN_POINT ( 'NONE',  ( 75.27046193742630464, -4.832344906983753852, -0.1676550930162466757 ) ) ;
#83 = CARTESIAN_POINT ( 'NONE',  ( 43.87500000000000000, -3.671958834454339904, -1.328041165545660318 ) ) ;
#84 = ORIENTED_EDGE ( 'NONE', *, *, #5922, .T. ) ;
#85 = ORIENTED_EDGE ( 'NONE', *, *, #345, .F. ) ;
#86 = EDGE_CURVE ( 'NONE', #650, #1979, #2766, .T. ) ;
#87 = CARTESIAN_POINT ( 'NONE',  ( 49.49621622079728667, -1.136863993905377956, -3.863136006094622488 ) ) ;
#88 = FACE_OUTER_BOUND ( 'NONE', #6582, .T. ) ;
#89 = CARTESIAN_POINT ( 'NONE',  ( 85.12499999999980105, 2.822966390599457035E-13, -5.000000000000282441 ) ) ;
#90 = CARTESIAN_POINT ( 'NONE',  ( 70.72625045371995611, -4.359865889253467408, -0.6401341107465334801 ) ) ;
#91 = CARTESIAN_POINT ( 'NONE',  ( 99.85157376276963248, -0.4321793203680487916, 4.567820679631951819 ) ) ;
#92 = DIRECTION ( 'NONE',  ( 0.000000000000000000, 0.000000000000000000, 1.000000000000000000 ) ) ;
#93 = EDGE_CURVE ( 'NONE', #7426, #3932, #47, .T. ) ;
#94 = DIRECTION ( 'NONE',  ( -1.000000000000000000, -0.000000000000000000, -0.000000000000000000 ) ) ;
#95 = TOROIDAL_SURFACE ( 'NONE', #4809, 1.000000000000000000, 3.999999999999997335 ) ;
#96 = DIRECTION ( 'NONE',  ( 0.000000000000000000, 0.000000000000000000, 1.000000000000000000 ) ) ;
#97 = CARTESIAN_POINT ( 'NONE',  ( 65.87499999999998579, -1.328041165545668756, 3.671958834454331022 ) ) ;
#98 = TOROIDAL_SURFACE ( 'NONE', #1242, 1.000000000000000000, 3.999999999999996447 ) ;
#99 = CARTESIAN_POINT ( 'NONE',  ( 122.0948660872095246, -4.688202580618360038, -0.3117974193816407946 ) ) ;
#100 = CARTESIAN_POINT ( 'NONE',  ( 10.75378377920365303, -3.863136006093129460, -1.136863993906869430 ) ) ;
#101 = LINE ( 'NONE', #767, #3865 ) ;
#102 = AXIS2_PLACEMENT_3D ( 'NONE', #8167, #8127, #6135 ) ;
#103 = CIRCLE ( 'NONE', #5822, 1.000000000000000000 ) ;
#104 = CARTESIAN_POINT ( 'NONE',  ( 42.53383637236985493, -0.2517800035653037227, -4.748219996434695389 ) ) ;
#105 = FACE_OUTER_BOUND ( 'NONE', #8525, .T. ) ;
#106 = VECTOR ( 'NONE', #154, 1000.000000000000000 ) ;
#107 = CARTESIAN_POINT ( 'NONE',  ( 54.60122534970066965, -0.9582157396401898009, -4.041784260359809977 ) ) ;
#108 = TOROIDAL_SURFACE ( 'NONE', #4685, 1.000000000000000000, 3.999999999999997335 ) ;
#109 = ORIENTED_EDGE ( 'NONE', *, *, #1556, .T. ) ;
#110 = DIRECTION ( 'NONE',  ( 0.000000000000000000, 0.000000000000000000, 1.000000000000000000 ) ) ;
#111 = ORIENTED_EDGE ( 'NONE', *, *, #6621, .F. ) ;
#112 = DIRECTION ( 'NONE',  ( -1.000000000000000000, -0.000000000000000000, -0.000000000000000000 ) ) ;
#113 = AXIS2_PLACEMENT_3D ( 'NONE', #2585, #4572, #5313 ) ;
#115 = CARTESIAN_POINT ( 'NONE',  ( 111.8966523491559855, -0.06459124882792607880, 4.935408751172074560 ) ) ;
#114 = B_SPLINE_CURVE_WITH_KNOTS ( 'NONE', 3,
 ( #3990, #3450, #8838, #750, #8155, #1331, #7379, #8118, #6707, #2001, #2042, #3316, #6785, #8707, #5321, #4069 ),
 .UNSPECIFIED., .F., .F.,
 ( 4, 2, 2, 2, 2, 2, 2, 4 ),
 ( 4.818711198525359572E-07, 0.0008765200830205848630, 0.001314539188970950201, 0.001752558294921315648, 0.002190577400871680878, 0.002628596506822046108, 0.003066615612772411337, 0.003504634718722777001 ),
 .UNSPECIFIED. ) ;
#116 = CARTESIAN_POINT ( 'NONE',  ( 120.8749999999999858, -3.671958834454324805, -1.328041165545675195 ) ) ;
#117 = DIRECTION ( 'NONE',  ( -1.000000000000000000, -0.000000000000000000, -0.000000000000000000 ) ) ;
#118 = CARTESIAN_POINT ( 'NONE',  ( 150.0000000000000000, -5.000000000000000888, -4.336808689942017736E-16 ) ) ;
#119 = CARTESIAN_POINT ( 'NONE',  ( 19.12499999999979039, 2.846928307476403400E-13, 5.000000000000284217 ) ) ;
#120 = CIRCLE ( 'NONE', #977, 3.904737509655557215 ) ;
#121 = ORIENTED_EDGE ( 'NONE', *, *, #93, .F. ) ;
#122 = CARTESIAN_POINT ( 'NONE',  ( 107.8533476508438582, -4.935408751172111863, -0.06459124882788697120 ) ) ;
#123 = CARTESIAN_POINT ( 'NONE',  ( 3.680754160711027900, -4.835479548886703505, -0.1645204511132991876 ) ) ;
#124 = ORIENTED_EDGE ( 'NONE', *, *, #2344, .F. ) ;
#125 = DIRECTION ( 'NONE',  ( -1.000000000000000000, -0.000000000000000000, -0.000000000000000000 ) ) ;
#126 = CARTESIAN_POINT ( 'NONE',  ( 86.13240203055839572, -4.872131520497875456, 0.1278684795021238774 ) ) ;
#127 = EDGE_CURVE ( 'NONE', #445, #6814, #5338, .T. ) ;
#128 = CARTESIAN_POINT ( 'NONE',  ( 120.8749999999999858, 0.000000000000000000, 0.000000000000000000 ) ) ;
#129 = EDGE_CURVE ( 'NONE', #6594, #2950, #1159, .T. ) ;
#130 = ORIENTED_EDGE ( 'NONE', *, *, #4235, .F. ) ;
#131 = ORIENTED_EDGE ( 'NONE', *, *, #2951, .F. ) ;
#132 = CIRCLE ( 'NONE', #2129, 3.999999999999996447 ) ;
#133 = CARTESIAN_POINT ( 'NONE',  ( 51.82874637064229972, -0.008301598518915678099, -4.991698401481083458 ) ) ;
#134 = CARTESIAN_POINT ( 'NONE',  ( 112.6250000000000000, 0.000000000000000000, 0.000000000000000000 ) ) ;
#135 = CARTESIAN_POINT ( 'NONE',  ( 6.238272423071737016, -0.4974474678478693068, 4.502552532152130027 ) ) ;
#136 = VERTEX_POINT ( 'NONE', #4096 ) ;
#137 = DIRECTION ( 'NONE',  ( -1.000000000000000000, -0.000000000000000000, -0.000000000000000000 ) ) ;
#138 = DIRECTION ( 'NONE',  ( 0.000000000000000000, 0.000000000000000000, 1.000000000000000000 ) ) ;
#139 = CARTESIAN_POINT ( 'NONE',  ( 38.37499999999999289, -3.671958834454339904, -1.328041165545660318 ) ) ;
#140 = AXIS2_PLACEMENT_3D ( 'NONE', #1751, #3192, #6001 ) ;
#141 = EDGE_CURVE ( 'NONE', #4445, #2894, #5055, .T. ) ;
#142 = CARTESIAN_POINT ( 'NONE',  ( 92.51172757693694848, -4.502552532146813391, 0.4974474678531853877 ) ) ;
#143 = DIRECTION ( 'NONE',  ( 0.000000000000000000, 0.000000000000000000, -1.000000000000000000 ) ) ;
#144 = CARTESIAN_POINT ( 'NONE',  ( 73.83253412545244032, -4.991957775359345817, 0.008042224640654491857 ) ) ;
#145 = CARTESIAN_POINT ( 'NONE',  ( 13.03886551654430725, -0.04063066961492746432, -4.959369330385072772 ) ) ;
#146 = CARTESIAN_POINT ( 'NONE',  ( 81.03423771780845186, -4.739198801696320018, 0.2608011983036805925 ) ) ;
#147 = DIRECTION ( 'NONE',  ( -1.000000000000000000, -0.000000000000000000, -0.000000000000000000 ) ) ;
#148 = EDGE_CURVE ( 'NONE', #7578, #2451, #971, .T. ) ;
#149 = CARTESIAN_POINT ( 'NONE',  ( 16.25378377920365480, -3.863136006093129460, -1.136863993906870762 ) ) ;
#150 = VERTEX_POINT ( 'NONE', #4241 ) ;
#151 = CARTESIAN_POINT ( 'NONE',  ( 112.7718435304483933, 5.459233224172372473E-15, 5.000000000000007105 ) ) ;
#152 = CARTESIAN_POINT ( 'NONE',  ( 0.000000000000000000, 0.000000000000000000, 1.000000000000000000 ) ) ;
#153 = ORIENTED_EDGE ( 'NONE', *, *, #7556, .T. ) ;
#154 = DIRECTION ( 'NONE',  ( -1.000000000000000000, -0.000000000000000000, -0.000000000000000000 ) ) ;
#155 = CARTESIAN_POINT ( 'NONE',  ( 111.0903213122420112, -0.3138588207986899303, 4.686141179201310791 ) ) ;
#156 = CARTESIAN_POINT ( 'NONE',  ( 10.23119955116401769, -0.6335913640930923574, -4.366408635906910085 ) ) ;
#157 = EDGE_CURVE ( 'NONE', #1979, #650, #602, .T. ) ;
#158 = DIRECTION ( 'NONE',  ( -1.000000000000000000, -0.000000000000000000, -0.000000000000000000 ) ) ;
#159 = ORIENTED_EDGE ( 'NONE', *, *, #5658, .F. ) ;
#160 = CARTESIAN_POINT ( 'NONE',  ( 108.5342377177942979, -4.739198801701999031, -0.2608011982980000254 ) ) ;
#161 = LINE ( 'NONE', #297, #8635 ) ;
#162 = ORIENTED_EDGE ( 'NONE', *, *, #3771, .F. ) ;
#163 = CARTESIAN_POINT ( 'NONE',  ( 30.70631021352427226, -0.03993437491703380471, -4.960065625082967777 ) ) ;
#164 = CARTESIAN_POINT ( 'NONE',  ( 85.27225720791398089, -4.999999999998964384, 1.034287579694991371E-12 ) ) ;
#165 = DIRECTION ( 'NONE',  ( -1.000000000000000000, -0.000000000000000000, -0.000000000000000000 ) ) ;
#166 = ORIENTED_EDGE ( 'NONE', *, *, #6883, .T. ) ;
#167 = B_SPLINE_CURVE_WITH_KNOTS ( 'NONE', 3,
 ( #7351, #3959, #5163, #6672, #5876, #2518, #1844, #1797, #3879, #6583, #8592, #2472, #5127, #4589, #7310, #5206 ),
 .UNSPECIFIED., .F., .F.,
 ( 4, 2, 2, 2, 2, 2, 2, 4 ),
 ( 4.818711198682416421E-07, 0.0008765200830205603600, 0.001314539188970919193, 0.001752558294921278135, 0.002190577400871637076, 0.002628596506821995801, 0.003066615612772354959, 0.003504634718722713684 ),
 .UNSPECIFIED. ) ;
#168 = EDGE_LOOP ( 'NONE', ( #2805, #6955, #2049 ) ) ;
#169 = CARTESIAN_POINT ( 'NONE',  ( 43.87500000000000000, -1.328041165545660540, -3.671958834454339460 ) ) ;
#170 = CARTESIAN_POINT ( 'NONE',  ( 85.12499999999980105, 2.822932509281566863E-13, 5.000000000000282441 ) ) ;
#171 = ORIENTED_EDGE ( 'NONE', *, *, #4181, .F. ) ;
#172 = EDGE_CURVE ( 'NONE', #5484, #4530, #2471, .T. ) ;
#173 = CARTESIAN_POINT ( 'NONE',  ( 13.62500000000000000, 0.000000000000000000, 0.000000000000000000 ) ) ;
#174 = ORIENTED_EDGE ( 'NONE', *, *, #4042, .T. ) ;
#175 = CARTESIAN_POINT ( 'NONE',  ( 71.25378377920364414, -3.863136006093112140, -1.136863993906888304 ) ) ;
#176 = CARTESIAN_POINT ( 'NONE',  ( 54.87499999999999289, -3.671958834454339904, -1.328041165545660318 ) ) ;
#177 = CARTESIAN_POINT ( 'NONE',  ( 32.87500000000000000, -3.671958834454334575, -1.328041165545665647 ) ) ;
#178 = AXIS2_PLACEMENT_3D ( 'NONE', #7782, #8353, #4979 ) ;
#179 = CARTESIAN_POINT ( 'NONE',  ( 91.77046193742624780, -4.832344906983752075, 0.1676550930162465924 ) ) ;
#180 = EDGE_CURVE ( 'NONE', #5796, #6156, #3955, .T. ) ;
#181 = CARTESIAN_POINT ( 'NONE',  ( 118.1249999999999858, 0.000000000000000000, 1.000000000000000000 ) ) ;
#182 = CARTESIAN_POINT ( 'NONE',  ( 96.70631021352429002, -0.03993437491703808601, 4.960065625082963336 ) ) ;
#183 = DIRECTION ( 'NONE',  ( 0.000000000000000000, -1.224646799147353207E-16, 1.000000000000000000 ) ) ;
#184 = B_SPLINE_CURVE_WITH_KNOTS ( 'NONE', 3,
 ( #8298, #2188, #4922, #4735, #1521, #7195, #984, #6528, #3726, #268, #2363, #1065, #4350, #7024, #8346, #6447 ),
 .UNSPECIFIED., .F., .F.,
 ( 4, 2, 2, 2, 2, 2, 2, 4 ),
 ( 4.818711198682416421E-07, 0.0008765200830205603600, 0.001314539188970919193, 0.001752558294921278135, 0.002190577400871637076, 0.002628596506821995801, 0.003066615612772354959, 0.003504634718722713684 ),
 .UNSPECIFIED. ) ;
#185 = CIRCLE ( 'NONE', #8607, 3.904737509655568761 ) ;
#186 = CARTESIAN_POINT ( 'NONE',  ( 20.89842623724022275, -4.567820679626493963, 0.4321793203735064814 ) ) ;
#187 = CARTESIAN_POINT ( 'NONE',  ( 43.75399883711745730, -1.137203174285764229, -3.862796825714235549 ) ) ;
#188 = CIRCLE ( 'NONE', #3776, 1.374999999999994227 ) ;
#189 = ADVANCED_FACE ( 'NONE', ( #7716 ), #1754, .T. ) ;
#190 = ORIENTED_EDGE ( 'NONE', *, *, #8159, .T. ) ;
#191 = DIRECTION ( 'NONE',  ( -1.000000000000000000, -0.000000000000000000, -0.000000000000000000 ) ) ;
#192 = EDGE_LOOP ( 'NONE', ( #5901, #429, #3840, #8618 ) ) ;
#193 = DIRECTION ( 'NONE',  ( 0.000000000000000000, 0.000000000000000000, -1.000000000000000000 ) ) ;
#194 = DIRECTION ( 'NONE',  ( 0.000000000000000000, 0.000000000000000000, 1.000000000000000000 ) ) ;
#195 = CARTESIAN_POINT ( 'NONE',  ( 8.417465874572691575, -0.008042224642536614787, -4.991957775357462879 ) ) ;
#196 = FACE_OUTER_BOUND ( 'NONE', #1802, .T. ) ;
#197 = FACE_OUTER_BOUND ( 'NONE', #6399, .T. ) ;
#198 = PRODUCT_DEFINITION_FORMATION_WITH_SPECIFIED_SOURCE ( 'ANY', '', #4382, .NOT_KNOWN. ) ;
#199 = B_SPLINE_CURVE_WITH_KNOTS ( 'NONE', 3,
 ( #7470, #4081, #2054, #4223, #4794, #8802, #5419, #6851, #6177, #6894, #5506, #2010 ),
 .UNSPECIFIED., .F., .F.,
 ( 4, 2, 2, 2, 2, 4 ),
 ( 0.003504634718722777001, 0.003941423334001090129, 0.004378211949279402389, 0.005251789179836026909, 0.006125366410392652297, 0.006998943640949276818 ),
 .UNSPECIFIED. ) ;
#200 = EDGE_LOOP ( 'NONE', ( #4090, #5269, #6513 ) ) ;
#201 = EDGE_CURVE ( 'NONE', #4514, #5983, #7468, .T. ) ;
#202 = CARTESIAN_POINT ( 'NONE',  ( 32.87500000000000000, 0.000000000000000000, 0.000000000000000000 ) ) ;
#203 = CARTESIAN_POINT ( 'NONE',  ( 100.4782194157003801, -4.840676868225227025, 0.1593231317747715869 ) ) ;
#204 = ORIENTED_EDGE ( 'NONE', *, *, #7204, .F. ) ;
#205 = CARTESIAN_POINT ( 'NONE',  ( 66.73827242307172014, -0.4974474678478725820, 4.502552532152127363 ) ) ;
#206 = FACE_OUTER_BOUND ( 'NONE', #2119, .T. ) ;
#207 = FACE_OUTER_BOUND ( 'NONE', #7301, .T. ) ;
#208 = FACE_OUTER_BOUND ( 'NONE', #3522, .T. ) ;
#209 = AXIS2_PLACEMENT_3D ( 'NONE', #5612, #6246, #8282 ) ;
#210 = VERTEX_POINT ( 'NONE', #1589 ) ;
#211 = VERTEX_POINT ( 'NONE', #6423 ) ;
#212 = ADVANCED_FACE ( 'NONE', ( #7659 ), #4349, .T. ) ;
#213 = CARTESIAN_POINT ( 'NONE',  ( 92.51172757693697690, -4.502552532146814279, -0.4974474678531852767 ) ) ;
#214 = AXIS2_PLACEMENT_3D ( 'NONE', #8072, #1247, #3353 ) ;
#215 = CIRCLE ( 'NONE', #2063, 1.000000000000000000 ) ;
#216 = CARTESIAN_POINT ( 'NONE',  ( 98.87499999999998579, -1.328041165545675195, -3.671958834454324805 ) ) ;
#217 = AXIS2_PLACEMENT_3D ( 'NONE', #7315, #3421, #6138 ) ;
#218 = CARTESIAN_POINT ( 'NONE',  ( 87.87500000000000000, 0.000000000000000000, 3.904737509655568761 ) ) ;
#219 = EDGE_LOOP ( 'NONE', ( #1994, #2523, #7905 ) ) ;
#220 = CARTESIAN_POINT ( 'NONE',  ( 41.12500000000000000, 0.000000000000000000, 0.000000000000000000 ) ) ;
#221 = DIRECTION ( 'NONE',  ( -1.000000000000000000, -0.000000000000000000, -0.000000000000000000 ) ) ;
#222 = CARTESIAN_POINT ( 'NONE',  ( 68.62499999999978684, 2.818544231345960265E-13, 5.000000000000282441 ) ) ;
#223 = B_SPLINE_CURVE_WITH_KNOTS ( 'NONE', 3,
 ( #4957, #1562, #7013, #5664, #878, #205, #7408, #7323, #7281, #3973, #3891, #1858, #6690, #1940, #4515, #1809 ),
 .UNSPECIFIED., .F., .F.,
 ( 4, 2, 2, 2, 2, 2, 2, 4 ),
 ( 4.818711198730775650E-07, 0.0008765200830274589216, 0.001314539188981251857, 0.001752558294935044900, 0.002190577400888837727, 0.002628596506842630336, 0.003066615612796423380, 0.003504634718750216423 ),
 .UNSPECIFIED. ) ;
#224 = DIRECTION ( 'NONE',  ( 0.000000000000000000, 0.000000000000000000, 1.000000000000000000 ) ) ;
#225 = DIRECTION ( 'NONE',  ( -0.000000000000000000, 1.000000000000000000, 1.224646799147353207E-16 ) ) ;
#226 = CARTESIAN_POINT ( 'NONE',  ( 122.6170752194650504, -0.1280093952431847759, -4.871990604756817334 ) ) ;
#227 = DIRECTION ( 'NONE',  ( 0.000000000000000000, 0.000000000000000000, 1.000000000000000000 ) ) ;
#228 = CARTESIAN_POINT ( 'NONE',  ( 80.21113448347811925, -4.959369330381671048, 0.04063066961832845908 ) ) ;
#229 = DIRECTION ( 'NONE',  ( 0.000000000000000000, 0.000000000000000000, 1.000000000000000000 ) ) ;
#230 = ADVANCED_FACE ( 'NONE', ( #284 ), #1542, .F. ) ;
#231 = EDGE_CURVE ( 'NONE', #7183, #5943, #185, .T. ) ;
#232 = CARTESIAN_POINT ( 'NONE',  ( 118.4174658745726703, -0.008042224642539548204, 4.991957775357460214 ) ) ;
#233 = EDGE_LOOP ( 'NONE', ( #6012, #5736, #5585 ) ) ;
#234 = DIRECTION ( 'NONE',  ( 0.000000000000000000, 0.000000000000000000, -1.000000000000000000 ) ) ;
#235 = CARTESIAN_POINT ( 'NONE',  ( 13.62500000000000000, 1.224646799147353207E-16, -1.000000000000000000 ) ) ;
#236 = TOROIDAL_SURFACE ( 'NONE', #5247, 1.000000000000000000, 4.000000000000001776 ) ;
#237 = ORIENTED_EDGE ( 'NONE', *, *, #405, .F. ) ;
#238 = DIRECTION ( 'NONE',  ( -0.000000000000000000, 1.000000000000000000, 1.224646799147353207E-16 ) ) ;
#239 = AXIS2_PLACEMENT_3D ( 'NONE', #7631, #969, #3712 ) ;
#240 = CARTESIAN_POINT ( 'NONE',  ( 10.87500000000000000, -1.328041165545663871, -3.671958834454336351 ) ) ;
#241 = DIRECTION ( 'NONE',  ( 0.000000000000000000, 0.000000000000000000, 1.000000000000000000 ) ) ;
#242 = CARTESIAN_POINT ( 'NONE',  ( 85.12500000000000000, 0.000000000000000000, 0.000000000000000000 ) ) ;
#243 = CARTESIAN_POINT ( 'NONE',  ( 77.14877465030180304, -4.041784260362680570, -0.9582157396373194302 ) ) ;
#244 = EDGE_CURVE ( 'NONE', #3571, #8233, #4326, .T. ) ;
#245 = AXIS2_PLACEMENT_3D ( 'NONE', #5027, #7788, #3061 ) ;
#246 = AXIS2_PLACEMENT_3D ( 'NONE', #1601, #4341, #7186 ) ;
#247 = CIRCLE ( 'NONE', #3695, 4.000000000000001776 ) ;
#248 = CIRCLE ( 'NONE', #8668, 3.904737509655565653 ) ;
#249 = ORIENTED_EDGE ( 'NONE', *, *, #5596, .F. ) ;
#250 = CARTESIAN_POINT ( 'NONE',  ( 132.6250000000000000, -2.500000000000000000, 2.500000000000000000 ) ) ;
#251 = CIRCLE ( 'NONE', #8803, 1.374999999999994227 ) ;
#252 = DIRECTION ( 'NONE',  ( 0.000000000000000000, -1.000000000000000000, 0.000000000000000000 ) ) ;
#253 = ORIENTED_EDGE ( 'NONE', *, *, #5893, .T. ) ;
#254 = VERTEX_POINT ( 'NONE', #6373 ) ;
#255 = CARTESIAN_POINT ( 'NONE',  ( 0.000000000000000000, 0.000000000000000000, 0.000000000000000000 ) ) ;
#256 = DIRECTION ( 'NONE',  ( 0.000000000000000000, 0.000000000000000000, 1.000000000000000000 ) ) ;
#258 = TOROIDAL_SURFACE ( 'NONE', #3565, 1.000000000000000000, 3.999999999999997335 ) ;
#257 = DIRECTION ( 'NONE',  ( 0.000000000000000000, -1.000000000000000000, 0.000000000000000000 ) ) ;
#259 = DIRECTION ( 'NONE',  ( -1.000000000000000000, -0.000000000000000000, -0.000000000000000000 ) ) ;
#260 = ADVANCED_FACE ( 'NONE', ( #105 ), #2843, .F. ) ;
#261 = ORIENTED_EDGE ( 'NONE', *, *, #8115, .T. ) ;
#262 = TOROIDAL_SURFACE ( 'NONE', #8811, 1.000000000000000000, 1.374999999999999556 ) ;
#263 = ADVANCED_BREP_SHAPE_REPRESENTATION ( '2.5mm_part1', ( #5840, #3346 ), #2625 ) ;
#264 = VERTEX_POINT ( 'NONE', #8274 ) ;
#265 = VERTEX_POINT ( 'NONE', #4745 ) ;
#266 = VERTEX_POINT ( 'NONE', #579 ) ;
#267 = CARTESIAN_POINT ( 'NONE',  ( 123.6249999999999858, 0.000000000000000000, 0.000000000000000000 ) ) ;
#268 = CARTESIAN_POINT ( 'NONE',  ( 102.7704619374263046, -4.832344906983753852, -0.1676550930162466757 ) ) ;
#269 = CARTESIAN_POINT ( 'NONE',  ( 121.8543401061886300, -4.569376863670168376, 0.4306231363298319570 ) ) ;
#270 = EDGE_LOOP ( 'NONE', ( #6068, #8612, #3541 ) ) ;
#271 = DIRECTION ( 'NONE',  ( -1.000000000000000000, -0.000000000000000000, -0.000000000000000000 ) ) ;
#272 = CARTESIAN_POINT ( 'NONE',  ( 41.12500000002778933, -5.000000000000000888, -4.336808689942017736E-16 ) ) ;
#273 = EDGE_CURVE ( 'NONE', #7060, #5591, #8311, .T. ) ;
#274 = ORIENTED_EDGE ( 'NONE', *, *, #2399, .F. ) ;
#275 = CARTESIAN_POINT ( 'NONE',  ( 113.6324020305583957, -4.872131520497875456, 0.1278684795021238774 ) ) ;
#276 = CARTESIAN_POINT ( 'NONE',  ( 52.70631021352429002, -0.03993437491703615699, -4.960065625082964225 ) ) ;
#277 = CARTESIAN_POINT ( 'NONE',  ( 74.70631021352427581, -0.03993437491703808601, 4.960065625082963336 ) ) ;
#278 = DIRECTION ( 'NONE',  ( -1.000000000000000000, -0.000000000000000000, -0.000000000000000000 ) ) ;
#279 = CIRCLE ( 'NONE', #844, 3.904737509655562544 ) ;
#280 = CARTESIAN_POINT ( 'NONE',  ( 7.828746370642276631, -0.008301598518915717997, -4.991698401481085234 ) ) ;
#281 = LINE ( 'NONE', #2427, #3494 ) ;
#282 = CARTESIAN_POINT ( 'NONE',  ( 0.000000000000000000, 1.224646799147353207E-16, -1.000000000000000000 ) ) ;
#283 = DIRECTION ( 'NONE',  ( -1.000000000000000000, -0.000000000000000000, -0.000000000000000000 ) ) ;
#284 = FACE_OUTER_BOUND ( 'NONE', #5324, .T. ) ;
#285 = ORIENTED_EDGE ( 'NONE', *, *, #3857, .F. ) ;
#286 = ADVANCED_FACE ( 'NONE', ( #3459 ), #5193, .T. ) ;
#287 = DIRECTION ( 'NONE',  ( -1.000000000000000000, -0.000000000000000000, -0.000000000000000000 ) ) ;
#288 = ADVANCED_FACE ( 'NONE', ( #2264 ), #4489, .F. ) ;
#289 = CARTESIAN_POINT ( 'NONE',  ( 83.71616362764447672, -4.748219996440589341, -0.2517800035594116581 ) ) ;
#290 = CARTESIAN_POINT ( 'NONE',  ( 88.85157376276964669, -0.4321793203680409090, 4.567820679631960701 ) ) ;
#291 = CARTESIAN_POINT ( 'NONE',  ( 85.27225720791398089, -4.999999999998965272, -1.033786818522306987E-12 ) ) ;
#292 = DIRECTION ( 'NONE',  ( -1.000000000000000000, -0.000000000000000000, -0.000000000000000000 ) ) ;
#293 = CARTESIAN_POINT ( 'NONE',  ( 65.99600116288350193, -3.862796825715730353, 1.137203174284270091 ) ) ;
#294 = CARTESIAN_POINT ( 'NONE',  ( 109.2262504537134049, -4.359865889258284000, 0.6401341107417161114 ) ) ;
#295 = EDGE_LOOP ( 'NONE', ( #1873, #253, #3223, #8728 ) ) ;
#296 = DIRECTION ( 'NONE',  ( 0.000000000000000000, -1.000000000000000000, 0.000000000000000000 ) ) ;
#297 = CARTESIAN_POINT ( 'NONE',  ( 0.000000000000000000, 0.000000000000000000, 1.000000000000000000 ) ) ;
#298 = ADVANCED_FACE ( 'NONE', ( #8422 ), #5906, .T. ) ;
#299 = VERTEX_POINT ( 'NONE', #7755 ) ;
#300 = DIRECTION ( 'NONE',  ( 0.000000000000000000, 0.000000000000000000, 1.000000000000000000 ) ) ;
#301 = CARTESIAN_POINT ( 'NONE',  ( 71.37500000000000000, 0.000000000000000000, 0.000000000000000000 ) ) ;
#302 = CARTESIAN_POINT ( 'NONE',  ( 85.12500000000000000, 0.000000000000000000, 0.000000000000000000 ) ) ;
#303 = DIRECTION ( 'NONE',  ( 0.000000000000000000, -1.224646799147353207E-16, 1.000000000000000000 ) ) ;
#304 = ORIENTED_EDGE ( 'NONE', *, *, #7879, .F. ) ;
#305 = ORIENTED_EDGE ( 'NONE', *, *, #7991, .F. ) ;
#306 = CARTESIAN_POINT ( 'NONE',  ( 57.47774279211274973, -8.045330691258117175E-15, -4.999999999999992895 ) ) ;
#307 = ADVANCED_FACE ( 'NONE', ( #1553 ), #8164, .F. ) ;
#308 = CARTESIAN_POINT ( 'NONE',  ( 32.87500000000000000, -3.671958834454334575, 1.328041165545665647 ) ) ;
#309 = ORIENTED_EDGE ( 'NONE', *, *, #4475, .T. ) ;
#310 = DIRECTION ( 'NONE',  ( -1.000000000000000000, -0.000000000000000000, -0.000000000000000000 ) ) ;
#311 = CARTESIAN_POINT ( 'NONE',  ( 24.62500000000000000, 0.000000000000000000, 0.000000000000000000 ) ) ;
#312 = CARTESIAN_POINT ( 'NONE',  ( 24.62500000000000000, 0.000000000000000000, 0.000000000000000000 ) ) ;
#313 = B_SPLINE_CURVE_WITH_KNOTS ( 'NONE', 3,
 ( #690, #6149, #8182, #637, #2171, #4811, #4013, #593, #734, #2024, #5520, #1453, #2123, #3339, #5574, #4861 ),
 .UNSPECIFIED., .F., .F.,
 ( 4, 2, 2, 2, 2, 2, 2, 4 ),
 ( 4.818711198530449181E-07, 0.0008765200830206114260, 0.001314539188970989883, 0.001752558294921368340, 0.002190577400871746364, 0.002628596506822125038, 0.003066615612772503278, 0.003504634718722881952 ),
 .UNSPECIFIED. ) ;
#314 = EDGE_CURVE ( 'NONE', #8729, #3885, #7049, .T. ) ;
#315 = CARTESIAN_POINT ( 'NONE',  ( 51.82874637064229972, -0.008301598518915940042, 4.991698401481083458 ) ) ;
#316 = CARTESIAN_POINT ( 'NONE',  ( 2.500000000000000444, 0.000000000000000000, 0.6790153017205606822 ) ) ;
#317 = CARTESIAN_POINT ( 'NONE',  ( 123.6249999999999858, 0.000000000000000000, 5.000000000000000000 ) ) ;
#318 = B_SPLINE_CURVE_WITH_KNOTS ( 'NONE', 3,
 ( #8461, #5786, #1549, #5610, #8323, #7715, #3659, #7752, #4289, #5128, #4462, #4946 ),
 .UNSPECIFIED., .F., .F.,
 ( 4, 2, 2, 2, 2, 4 ),
 ( 0.003504634718750216857, 0.003941423334025103906, 0.004378211949299990087, 0.005251789179849764184, 0.006125366410399537415, 0.006998943640949311512 ),
 .UNSPECIFIED. ) ;
#319 = CARTESIAN_POINT ( 'NONE',  ( 120.8749999999999858, 0.000000000000000000, 3.904737509655557215 ) ) ;
#320 = DIRECTION ( 'NONE',  ( -1.000000000000000000, -0.000000000000000000, -0.000000000000000000 ) ) ;
#321 = CARTESIAN_POINT ( 'NONE',  ( 16.92277126958471101, -0.7176137099602835079, 4.282386290039716492 ) ) ;
#322 = ORIENTED_EDGE ( 'NONE', *, *, #273, .T. ) ;
#323 = TOROIDAL_SURFACE ( 'NONE', #2609, 1.000000000000000000, 3.999999999999996447 ) ;
#324 = LINE ( 'NONE', #7750, #1511 ) ;
#325 = CARTESIAN_POINT ( 'NONE',  ( 71.92277126958471456, -0.7176137099602921676, -4.282386290039709387 ) ) ;
#326 = CARTESIAN_POINT ( 'NONE',  ( 76.99621622079729377, -1.136863993905388392, 3.863136006094611385 ) ) ;
#327 = CARTESIAN_POINT ( 'NONE',  ( 31.50000000000000000, 1.224646799147353207E-16, -1.000000000000000000 ) ) ;
#328 = DIRECTION ( 'NONE',  ( -1.000000000000000000, -0.000000000000000000, -0.000000000000000000 ) ) ;
#329 = DATE_AND_TIME ( #6468, #4057 ) ;
#330 = CIRCLE ( 'NONE', #1902, 1.000000000000000000 ) ;
#331 = ADVANCED_FACE ( 'NONE', ( #2438 ), #3199, .T. ) ;
#332 = ORIENTED_EDGE ( 'NONE', *, *, #1734, .T. ) ;
#333 = FACE_OUTER_BOUND ( 'NONE', #5020, .T. ) ;
#334 = DIRECTION ( 'NONE',  ( -1.000000000000000000, -0.000000000000000000, -0.000000000000000000 ) ) ;
#335 = ORIENTED_EDGE ( 'NONE', *, *, #7838, .T. ) ;
#336 = AXIS2_PLACEMENT_3D ( 'NONE', #778, #6244, #4810 ) ;
#337 = EDGE_LOOP ( 'NONE', ( #1774, #2360, #687, #4369 ) ) ;
#338 = DIRECTION ( 'NONE',  ( 0.000000000000000000, 0.000000000000000000, 1.000000000000000000 ) ) ;
#339 = DIRECTION ( 'NONE',  ( 0.000000000000000000, 0.000000000000000000, 1.000000000000000000 ) ) ;
#340 = LOCAL_TIME ( 3, 33, 10.00000000000000000, #7922 ) ;
#341 = CARTESIAN_POINT ( 'NONE',  ( 29.53886551654430548, -0.04063066961492571572, 4.959369330385073660 ) ) ;
#342 = CARTESIAN_POINT ( 'NONE',  ( 115.2539988371174644, -1.137203174285756901, -3.862796825714243543 ) ) ;
#343 = ORIENTED_EDGE ( 'NONE', *, *, #5617, .F. ) ;
#344 = ADVANCED_FACE ( 'NONE', ( #196 ), #1619, .T. ) ;
#345 = EDGE_CURVE ( 'NONE', #4163, #5527, #2761, .T. ) ;
#346 = ORIENTED_EDGE ( 'NONE', *, *, #6266, .T. ) ;
#347 = VERTEX_POINT ( 'NONE', #6336 ) ;
#348 = ORIENTED_EDGE ( 'NONE', *, *, #7501, .T. ) ;
#349 = DIRECTION ( 'NONE',  ( 0.000000000000000000, 0.000000000000000000, -1.000000000000000000 ) ) ;
#350 = DIRECTION ( 'NONE',  ( 0.000000000000000000, 0.000000000000000000, 1.000000000000000000 ) ) ;
#351 = DIRECTION ( 'NONE',  ( 0.000000000000000000, 0.000000000000000000, 1.000000000000000000 ) ) ;
#352 = ORIENTED_EDGE ( 'NONE', *, *, #1050, .T. ) ;
#353 = AXIS2_PLACEMENT_3D ( 'NONE', #7324, #5752, #6476 ) ;
#354 = CARTESIAN_POINT ( 'NONE',  ( 3.955154278000766244, -4.743466930263049441, 0.2565330697369493373 ) ) ;
#355 = DIRECTION ( 'NONE',  ( -1.000000000000000000, -0.000000000000000000, -0.000000000000000000 ) ) ;
#356 = ADVANCED_FACE ( 'NONE', ( #5789 ), #3708, .F. ) ;
#357 = CIRCLE ( 'NONE', #7072, 3.904737509655557215 ) ;
#358 = CIRCLE ( 'NONE', #8345, 1.000000000000000000 ) ;
#359 = AXIS2_PLACEMENT_3D ( 'NONE', #4668, #5425, #1347 ) ;
#360 = FACE_OUTER_BOUND ( 'NONE', #1249, .T. ) ;
#361 = CARTESIAN_POINT ( 'NONE',  ( 54.75378377920366546, -3.863136006093138786, 1.136863993906862325 ) ) ;
#362 = DIRECTION ( 'NONE',  ( -1.000000000000000000, -0.000000000000000000, -0.000000000000000000 ) ) ;
#363 = DIRECTION ( 'NONE',  ( 0.000000000000000000, -1.000000000000000000, 0.000000000000000000 ) ) ;
#364 = DIRECTION ( 'NONE',  ( -0.000000000000000000, 1.000000000000000000, 1.224646799147353207E-16 ) ) ;
#365 = AXIS2_PLACEMENT_3D ( 'NONE', #7698, #6940, #6317 ) ;
#366 = CIRCLE ( 'NONE', #5504, 3.999999999999996447 ) ;
#367 = DIRECTION ( 'NONE',  ( 0.000000000000000000, -1.224646799147353207E-16, 1.000000000000000000 ) ) ;
#368 = CARTESIAN_POINT ( 'NONE',  ( 29.97815646955138291, -5.000000000000002665, 1.638726408621291784E-15 ) ) ;
#369 = EDGE_CURVE ( 'NONE', #8571, #704, #1722, .T. ) ;
#370 = CARTESIAN_POINT ( 'NONE',  ( 52.12500000000000000, 1.224646799147353207E-16, -1.000000000000000000 ) ) ;
#371 = ORIENTED_EDGE ( 'NONE', *, *, #4917, .F. ) ;
#372 = CARTESIAN_POINT ( 'NONE',  ( 118.7111344834781335, -4.959369330381671048, -0.04063066961832864643 ) ) ;
#373 = B_SPLINE_CURVE_WITH_KNOTS ( 'NONE', 3,
 ( #3180, #3898, #2455, #7197, #3810, #1779, #4526, #2550, #7243, #7940, #6567, #1160, #6606, #4609, #7333, #1199 ),
 .UNSPECIFIED., .F., .F.,
 ( 4, 2, 2, 2, 2, 2, 2, 4 ),
 ( 4.818711198600705270E-07, 0.0008765200830274453691, 0.001314539188981238196, 0.001752558294935030805, 0.002190577400888823415, 0.002628596506842616025, 0.003066615612796408635, 0.003504634718750201244 ),
 .UNSPECIFIED. ) ;
#374 = DIRECTION ( 'NONE',  ( 0.000000000000000000, 0.000000000000000000, 1.000000000000000000 ) ) ;
#375 = CARTESIAN_POINT ( 'NONE',  ( 89.89665234915595704, -0.06459124882792273425, 4.935408751172076336 ) ) ;
#376 = DIRECTION ( 'NONE',  ( -1.000000000000000000, -0.000000000000000000, -0.000000000000000000 ) ) ;
#377 = CARTESIAN_POINT ( 'NONE',  ( 75.65967868777053695, -4.686141179195657536, -0.3138588208043440742 ) ) ;
#378 = CARTESIAN_POINT ( 'NONE',  ( 67.21616362764447672, -4.748219996440588453, 0.2517800035594116581 ) ) ;
#379 = COORDINATED_UNIVERSAL_TIME_OFFSET ( 3, 30, .AHEAD. ) ;
#380 = EDGE_CURVE ( 'NONE', #1067, #4557, #3213, .T. ) ;
#381 = ORIENTED_EDGE ( 'NONE', *, *, #2319, .T. ) ;
#382 = CARTESIAN_POINT ( 'NONE',  ( 99.73827242307174856, -0.4974474678478734146, -4.502552532152127363 ) ) ;
#383 = VERTEX_POINT ( 'NONE', #7177 ) ;
#384 = VECTOR ( 'NONE', #485, 1000.000000000000114 ) ;
#385 = CARTESIAN_POINT ( 'NONE',  ( 106.9777427921127781, -1.296193343359573031E-14, -4.999999999999986677 ) ) ;
#386 = ORIENTED_EDGE ( 'NONE', *, *, #523, .T. ) ;
#387 = CARTESIAN_POINT ( 'NONE',  ( 117.1175979694599789, -0.1278684794971745309, -4.872131520502826163 ) ) ;
#388 = CARTESIAN_POINT ( 'NONE',  ( 23.47953806259080167, -0.1676550930109052540, 4.832344906989095357 ) ) ;
#389 = CIRCLE ( 'NONE', #6093, 1.374999999999994227 ) ;
#390 = CARTESIAN_POINT ( 'NONE',  ( 96.27225720791400931, -4.999999999998967048, 1.033198930599532176E-12 ) ) ;
#391 = CARTESIAN_POINT ( 'NONE',  ( 106.3994018659850269, -4.935956332719855233, 0.06404366728014618260 ) ) ;
#392 = ORIENTED_EDGE ( 'NONE', *, *, #8744, .T. ) ;
#393 = CIRCLE ( 'NONE', #8367, 3.904737509655565653 ) ;
#394 = CIRCLE ( 'NONE', #1110, 1.000000000000000000 ) ;
#395 = ORIENTED_EDGE ( 'NONE', *, *, #4523, .T. ) ;
#396 = AXIS2_PLACEMENT_3D ( 'NONE', #5721, #8439, #350 ) ;
#397 = EDGE_LOOP ( 'NONE', ( #1462, #2926, #5075 ) ) ;
#398 = CIRCLE ( 'NONE', #7259, 3.999999999999997335 ) ;
#399 = CARTESIAN_POINT ( 'NONE',  ( 103.3984262372402867, -4.567820679626460212, 0.4321793203735401767 ) ) ;
#400 = CIRCLE ( 'NONE', #2969, 3.904737509655568761 ) ;
#401 = AXIS2_PLACEMENT_3D ( 'NONE', #370, #5829, #8551 ) ;
#402 = ADVANCED_FACE ( 'NONE', ( #3033 ), #3328, .T. ) ;
#403 = DIRECTION ( 'NONE',  ( -1.000000000000000000, -0.000000000000000000, -0.000000000000000000 ) ) ;
#404 = ORIENTED_EDGE ( 'NONE', *, *, #5779, .F. ) ;
#405 = EDGE_CURVE ( 'NONE', #8653, #5172, #35, .T. ) ;
#406 = CARTESIAN_POINT ( 'NONE',  ( 4.681152339439396570, -4.366282840337994742, 0.6337171596620048142 ) ) ;
#407 = AXIS2_PLACEMENT_3D ( 'NONE', #6187, #5427, #5383 ) ;
#408 = CARTESIAN_POINT ( 'NONE',  ( 55.14736572063979025, -0.9599107665869506256, 4.040089233413050707 ) ) ;
#409 = CARTESIAN_POINT ( 'NONE',  ( 21.75378377920365125, -3.863136006093130348, -1.136863993906870096 ) ) ;
#410 = CARTESIAN_POINT ( 'NONE',  ( 85.12500000000000000, 0.000000000000000000, 0.000000000000000000 ) ) ;
#411 = CARTESIAN_POINT ( 'NONE',  ( 89.25000000000000000, 0.000000000000000000, 0.000000000000000000 ) ) ;
#412 = EDGE_CURVE ( 'NONE', #5841, #4195, #7792, .T. ) ;
#413 = CARTESIAN_POINT ( 'NONE',  ( 85.70631021352429002, -0.03993437491703631659, 4.960065625082964225 ) ) ;
#414 = AXIS2_PLACEMENT_3D ( 'NONE', #5868, #7908, #1790 ) ;
#415 = CARTESIAN_POINT ( 'NONE',  ( 87.99600116288353036, -3.862796825715747673, -1.137203174284253882 ) ) ;
#416 = DIRECTION ( 'NONE',  ( 0.000000000000000000, 0.000000000000000000, 1.000000000000000000 ) ) ;
#417 = CARTESIAN_POINT ( 'NONE',  ( 0.000000000000000000, 0.000000000000000000, 1.000000000000000000 ) ) ;
#418 = B_SPLINE_CURVE_WITH_KNOTS ( 'NONE', 3,
 ( #568, #3312, #3942, #1910, #1327, #6703, #3987, #6835, #4650, #5357, #3352, #4023, #7376, #6070, #1291, #525 ),
 .UNSPECIFIED., .F., .F.,
 ( 4, 2, 2, 2, 2, 2, 2, 4 ),
 ( 4.818711198695142032E-07, 0.0008765200830274565364, 0.001314539188981250122, 0.001752558294935043599, 0.002190577400888837293, 0.002628596506842630770, 0.003066615612796424247, 0.003504634718750217724 ),
 .UNSPECIFIED. ) ;
#419 = CIRCLE ( 'NONE', #6433, 4.000000000000000000 ) ;
#420 = ORIENTED_EDGE ( 'NONE', *, *, #3246, .F. ) ;
#421 = DIRECTION ( 'NONE',  ( 0.000000000000000000, 0.000000000000000000, 1.000000000000000000 ) ) ;
#422 = EDGE_CURVE ( 'NONE', #8425, #6915, #3194, .T. ) ;
#423 = CARTESIAN_POINT ( 'NONE',  ( 47.20631021352427581, -0.03993437491703295122, -4.960065625082966889 ) ) ;
#424 = CARTESIAN_POINT ( 'NONE',  ( 78.21576228220553162, -0.2608011982980553700, 4.739198801701945740 ) ) ;
#425 = CARTESIAN_POINT ( 'NONE',  ( 59.03423771780835239, -4.739198801696361762, 0.2608011983036391812 ) ) ;
#426 = MECHANICAL_CONTEXT ( 'NONE', #6964, 'mechanical' ) ;
#427 = EDGE_LOOP ( 'NONE', ( #6300, #2660, #4144, #8561 ) ) ;
#428 = DIRECTION ( 'NONE',  ( 0.000000000000000000, 0.000000000000000000, 1.000000000000000000 ) ) ;
#429 = ORIENTED_EDGE ( 'NONE', *, *, #3195, .T. ) ;
#430 = FACE_OUTER_BOUND ( 'NONE', #5991, .T. ) ;
#431 = EDGE_CURVE ( 'NONE', #4438, #1912, #5329, .T. ) ;
#432 = ORIENTED_EDGE ( 'NONE', *, *, #4351, .T. ) ;
#433 = CARTESIAN_POINT ( 'NONE',  ( 15.39842623724023696, -4.567820679626485081, 0.4321793203735141420 ) ) ;
#434 = CARTESIAN_POINT ( 'NONE',  ( 109.8749999999999858, -1.328041165545655877, 3.671958834454344345 ) ) ;
#435 = CARTESIAN_POINT ( 'NONE',  ( 57.62499999999999289, 0.000000000000000000, 0.000000000000000000 ) ) ;
#436 = CARTESIAN_POINT ( 'NONE',  ( 75.27046193742627622, -4.832344906983752075, 0.1676550930162465924 ) ) ;
#437 = ORIENTED_EDGE ( 'NONE', *, *, #7396, .F. ) ;
#438 = ORIENTED_EDGE ( 'NONE', *, *, #7076, .T. ) ;
#439 = ORIENTED_EDGE ( 'NONE', *, *, #4316, .T. ) ;
#440 = CARTESIAN_POINT ( 'NONE',  ( 102.3533476508650892, -4.935408751168083974, 0.06459124883191601219 ) ) ;
#441 = CARTESIAN_POINT ( 'NONE',  ( 34.89665234915599257, -0.06459124882792148525, -4.935408751172077224 ) ) ;
#442 = ORIENTED_EDGE ( 'NONE', *, *, #3414, .T. ) ;
#443 = CARTESIAN_POINT ( 'NONE',  ( 35.62500000002778933, -5.000000000000000888, -4.336808689942017736E-16 ) ) ;
#444 = CARTESIAN_POINT ( 'NONE',  ( 57.32874637064227130, -0.008301598518914071745, 4.991698401481087011 ) ) ;
#445 = VERTEX_POINT ( 'NONE', #7994 ) ;
#446 = EDGE_CURVE ( 'NONE', #7576, #3972, #2773, .T. ) ;
#447 = CARTESIAN_POINT ( 'NONE',  ( 21.87500000000000000, -3.671958834454334575, -1.328041165545665425 ) ) ;
#448 = CARTESIAN_POINT ( 'NONE',  ( 82.37499999999998579, -1.328041165545655877, 3.671958834454344345 ) ) ;
#449 = DIRECTION ( 'NONE',  ( -1.000000000000000000, -0.000000000000000000, -0.000000000000000000 ) ) ;
#450 = CARTESIAN_POINT ( 'NONE',  ( 39.97953806259081944, -0.1676550930109040882, 4.832344906989098021 ) ) ;
#451 = CARTESIAN_POINT ( 'NONE',  ( 60.37500000000000000, -3.671958834454334575, 1.328041165545665647 ) ) ;
#452 = CARTESIAN_POINT ( 'NONE',  ( 38.37499999999999289, -1.328041165545660540, -3.671958834454339460 ) ) ;
#453 = EDGE_CURVE ( 'NONE', #7969, #4530, #1752, .T. ) ;
#454 = CARTESIAN_POINT ( 'NONE',  ( 72.01880044884224219, -4.366408635911685820, -0.6335913640883145126 ) ) ;
#455 = ORIENTED_EDGE ( 'NONE', *, *, #2226, .F. ) ;
#456 = CARTESIAN_POINT ( 'NONE',  ( 120.7537837792036157, -3.863136006093112140, -1.136863993906888304 ) ) ;
#457 = CARTESIAN_POINT ( 'NONE',  ( 28.71616362763001007, -4.748219996434647427, 0.2517800035653536828 ) ) ;
#458 = CARTESIAN_POINT ( 'NONE',  ( 106.9781564695513651, -4.999999999999997335, -3.584855191017011821E-15 ) ) ;
#459 = CARTESIAN_POINT ( 'NONE',  ( 87.87500000000000000, -3.671958834454344345, -1.328041165545655877 ) ) ;
#460 = CARTESIAN_POINT ( 'NONE',  ( 60.10263427936254033, -4.040089233410284031, 0.9599107665897139707 ) ) ;
#461 = EDGE_CURVE ( 'NONE', #8013, #2141, #4751, .T. ) ;
#462 = AXIS2_PLACEMENT_3D ( 'NONE', #2064, #4714, #6761 ) ;
#463 = ORIENTED_EDGE ( 'NONE', *, *, #2440, .T. ) ;
#464 = CARTESIAN_POINT ( 'NONE',  ( 0.000000000000000000, 0.000000000000000000, 0.000000000000000000 ) ) ;
#465 = ORIENTED_EDGE ( 'NONE', *, *, #8400, .F. ) ;
#466 = ORIENTED_EDGE ( 'NONE', *, *, #369, .T. ) ;
#467 = CARTESIAN_POINT ( 'NONE',  ( 10.87500000000000000, -3.671958834454336795, 1.328041165545663649 ) ) ;
#468 = CARTESIAN_POINT ( 'NONE',  ( 89.25000000000000000, 0.000000000000000000, 1.000000000000000000 ) ) ;
#469 = AXIS2_PLACEMENT_3D ( 'NONE', #7141, #7802, #8511 ) ;
#470 = CARTESIAN_POINT ( 'NONE',  ( 2.500000000000000444, 0.000000000000000000, 0.000000000000000000 ) ) ;
#471 = CARTESIAN_POINT ( 'NONE',  ( 24.77225720791391694, -4.999999999998972378, 1.027140527444292965E-12 ) ) ;
#472 = EDGE_CURVE ( 'NONE', #6861, #1654, #114, .T. ) ;
#473 = VERTEX_POINT ( 'NONE', #6168 ) ;
#474 = DIRECTION ( 'NONE',  ( 0.000000000000000000, 0.000000000000000000, 1.000000000000000000 ) ) ;
#476 = CARTESIAN_POINT ( 'NONE',  ( 110.1487746503018172, -4.041784260362685011, -0.9582157396373149894 ) ) ;
#475 = TOROIDAL_SURFACE ( 'NONE', #7765, 1.000000000000000000, 3.999999999999996447 ) ;
#477 = ORIENTED_EDGE ( 'NONE', *, *, #3066, .T. ) ;
#478 = CARTESIAN_POINT ( 'NONE',  ( 7.538865516544304590, -0.04063066961492742962, 4.959369330385071883 ) ) ;
#479 = VERTEX_POINT ( 'NONE', #6033 ) ;
#480 = CARTESIAN_POINT ( 'NONE',  ( 68.92125362938304534, -4.991698401479152558, -0.008301598520847809637 ) ) ;
#481 = CARTESIAN_POINT ( 'NONE',  ( 102.7717805843163603, -0.1593231317801559743, -4.840676868219844664 ) ) ;
#482 = ORIENTED_EDGE ( 'NONE', *, *, #3195, .F. ) ;
#483 = EDGE_CURVE ( 'NONE', #4631, #1979, #7461, .T. ) ;
#484 = CARTESIAN_POINT ( 'NONE',  ( 5.375000000000000000, 0.000000000000000000, 0.000000000000000000 ) ) ;
#485 = DIRECTION ( 'NONE',  ( 0.000000000000000000, 0.7071067811865474617, 0.7071067811865474617 ) ) ;
#486 = CARTESIAN_POINT ( 'NONE',  ( 96.12499999999978684, 2.819348912645851850E-13, -5.000000000000282441 ) ) ;
#487 = CARTESIAN_POINT ( 'NONE',  ( 98.87499999999998579, -1.328041165545675195, 3.671958834454324805 ) ) ;
#488 = CARTESIAN_POINT ( 'NONE',  ( 100.2161636276444483, -4.748219996440587565, -0.2517800035594122132 ) ) ;
#489 = CARTESIAN_POINT ( 'NONE',  ( 23.89665234915597480, -0.06459124882792061095, -4.935408751172079889 ) ) ;
#490 = DIRECTION ( 'NONE',  ( 0.000000000000000000, 0.000000000000000000, 1.000000000000000000 ) ) ;
#491 = CIRCLE ( 'NONE', #4647, 3.999999999999997335 ) ;
#492 = VECTOR ( 'NONE', #1405, 1000.000000000000000 ) ;
#493 = TOROIDAL_SURFACE ( 'NONE', #5498, 1.000000000000000000, 1.375000000000001332 ) ;
#494 = CARTESIAN_POINT ( 'NONE',  ( 56.21616362764436303, -4.748219996440552038, 0.2517800035594475738 ) ) ;
#495 = EDGE_LOOP ( 'NONE', ( #2795, #7623, #5764, #6270 ) ) ;
#496 = B_SPLINE_CURVE_WITH_KNOTS ( 'NONE', 3,
 ( #770, #3816, #5772, #276, #3770, #6237, #4492, #991, #4361, #107, #3733, #1708 ),
 .UNSPECIFIED., .F., .F.,
 ( 4, 2, 2, 2, 2, 4 ),
 ( 0.003504634718750187800, 0.003941423334025071813, 0.004378211949299955393, 0.005251789179849722551, 0.006125366410399490577, 0.006998943640949257736 ),
 .UNSPECIFIED. ) ;
#497 = AXIS2_PLACEMENT_3D ( 'NONE', #5282, #3813, #1828 ) ;
#498 = AXIS2_PLACEMENT_3D ( 'NONE', #7877, #1755, #1087 ) ;
#499 = CARTESIAN_POINT ( 'NONE',  ( 118.4212536293830595, -4.991698401479152558, -0.008301598520847809637 ) ) ;
#500 = CARTESIAN_POINT ( 'NONE',  ( 44.73123519307647911, -4.508466212583659427, -0.4915337874163412946 ) ) ;
#501 = DIRECTION ( 'NONE',  ( -1.000000000000000000, -0.000000000000000000, -0.000000000000000000 ) ) ;
#502 = ADVANCED_FACE ( 'NONE', ( #7109 ), #2469, .T. ) ;
#503 = DIRECTION ( 'NONE',  ( 0.000000000000000000, 0.000000000000000000, -1.000000000000000000 ) ) ;
#504 = CARTESIAN_POINT ( 'NONE',  ( 60.25378377920364414, -3.863136006093132568, 1.136863993906866321 ) ) ;
#505 = EDGE_CURVE ( 'NONE', #266, #473, #7749, .T. ) ;
#506 = CALENDAR_DATE ( 2026, 16, 2 ) ;
#507 = CARTESIAN_POINT ( 'NONE',  ( 101.4777427921127781, -1.202109158743301463E-14, -4.999999999999988454 ) ) ;
#508 = ORIENTED_EDGE ( 'NONE', *, *, #3164, .T. ) ;
#509 = CARTESIAN_POINT ( 'NONE',  ( 105.3515737627696467, -0.4321793203680497908, -4.567820679631950931 ) ) ;
#510 = ORIENTED_EDGE ( 'NONE', *, *, #3246, .T. ) ;
#511 = CARTESIAN_POINT ( 'NONE',  ( 16.37499999999999645, -3.671958834454337683, 1.328041165545662539 ) ) ;
#512 = DIRECTION ( 'NONE',  ( 0.000000000000000000, 0.000000000000000000, 1.000000000000000000 ) ) ;
#513 = ADVANCED_FACE ( 'NONE', ( #5391 ), #4147, .F. ) ;
#514 = CARTESIAN_POINT ( 'NONE',  ( 53.53423771780835239, -4.739198801696360874, -0.2608011983036389037 ) ) ;
#515 = DIRECTION ( 'NONE',  ( 0.000000000000000000, 0.000000000000000000, 1.000000000000000000 ) ) ;
#516 = ORIENTED_EDGE ( 'NONE', *, *, #8409, .T. ) ;
#517 = ORIENTED_EDGE ( 'NONE', *, *, #3710, .T. ) ;
#518 = DIRECTION ( 'NONE',  ( -1.000000000000000000, -0.000000000000000000, -0.000000000000000000 ) ) ;
#519 = DIRECTION ( 'NONE',  ( -0.000000000000000000, 1.000000000000000000, 1.224646799147353207E-16 ) ) ;
#520 = CARTESIAN_POINT ( 'NONE',  ( 49.49621622079728667, -1.136863993905377512, 3.863136006094622488 ) ) ;
#521 = CARTESIAN_POINT ( 'NONE',  ( 37.51172757693689874, -4.502552532146860464, 0.4974474678531410343 ) ) ;
#522 = ORIENTED_EDGE ( 'NONE', *, *, #8706, .F. ) ;
#523 = EDGE_CURVE ( 'NONE', #4965, #7729, #313, .T. ) ;
#524 = CIRCLE ( 'NONE', #1538, 1.000000000000000000 ) ;
#525 = CARTESIAN_POINT ( 'NONE',  ( 107.1249999999997868, 2.819526785428872190E-13, 5.000000000000282441 ) ) ;
#526 = AXIS2_PLACEMENT_3D ( 'NONE', #5352, #7414, #4019 ) ;
#527 = CARTESIAN_POINT ( 'NONE',  ( 24.62500000000000000, 0.000000000000000000, 0.000000000000000000 ) ) ;
#528 = VERTEX_POINT ( 'NONE', #116 ) ;
#529 = AXIS2_PLACEMENT_3D ( 'NONE', #6994, #6323, #183 ) ;
#530 = CARTESIAN_POINT ( 'NONE',  ( 94.59032131224198281, -0.3138588207986941492, 4.686141179201305462 ) ) ;
#531 = TOROIDAL_SURFACE ( 'NONE', #1683, 1.000000000000000000, 1.375000000000001332 ) ;
#532 = AXIS2_PLACEMENT_3D ( 'NONE', #8200, #2628, #2038 ) ;
#533 = CIRCLE ( 'NONE', #5536, 3.904737509655557215 ) ;
#534 = DIRECTION ( 'NONE',  ( -1.000000000000000000, -0.000000000000000000, -0.000000000000000000 ) ) ;
#535 = CARTESIAN_POINT ( 'NONE',  ( 82.64736572063975473, -0.9599107665869561767, 4.040089233413043601 ) ) ;
#536 = EDGE_LOOP ( 'NONE', ( #6844, #7404, #3989, #2620 ) ) ;
#537 = ADVANCED_FACE ( 'NONE', ( #8774 ), #5606, .T. ) ;
#538 = DIRECTION ( 'NONE',  ( 0.000000000000000000, -1.224646799147353207E-16, 1.000000000000000000 ) ) ;
#539 = DIRECTION ( 'NONE',  ( 0.000000000000000000, 0.000000000000000000, 1.000000000000000000 ) ) ;
#540 = CIRCLE ( 'NONE', #7958, 3.999999999999996447 ) ;
#541 = DIRECTION ( 'NONE',  ( -1.000000000000000000, -0.000000000000000000, -0.000000000000000000 ) ) ;
#542 = DIRECTION ( 'NONE',  ( 0.000000000000000000, 0.000000000000000000, 1.000000000000000000 ) ) ;
#543 = CARTESIAN_POINT ( 'NONE',  ( 96.12500000002798117, -5.000000000000000888, -4.336808689942017736E-16 ) ) ;
#544 = CARTESIAN_POINT ( 'NONE',  ( 24.62500000000000000, 0.000000000000000000, 0.000000000000000000 ) ) ;
#545 = CARTESIAN_POINT ( 'NONE',  ( 11.14877465030178350, -4.041784260362676129, 0.9582157396373242042 ) ) ;
#546 = CARTESIAN_POINT ( 'NONE',  ( 63.85334765086507502, -4.935408751168088415, -0.06459124883191141864 ) ) ;
#547 = DIRECTION ( 'NONE',  ( 0.000000000000000000, 0.000000000000000000, 1.000000000000000000 ) ) ;
#548 = ORIENTED_EDGE ( 'NONE', *, *, #2635, .F. ) ;
#549 = CARTESIAN_POINT ( 'NONE',  ( 117.3994018660066700, -4.935956332723949735, -0.06404366727605177723 ) ) ;
#550 = AXIS2_PLACEMENT_3D ( 'NONE', #4753, #3373, #6139 ) ;
#551 = DIRECTION ( 'NONE',  ( 0.000000000000000000, 0.000000000000000000, 1.000000000000000000 ) ) ;
#552 = ADVANCED_FACE ( 'NONE', ( #1984 ), #7188, .F. ) ;
#553 = CARTESIAN_POINT ( 'NONE',  ( 41.12499999999979394, 2.836086289887451419E-13, -5.000000000000283329 ) ) ;
#554 = VERTEX_POINT ( 'NONE', #8325 ) ;
#555 = CARTESIAN_POINT ( 'NONE',  ( 98.87499999999998579, 0.000000000000000000, 0.000000000000000000 ) ) ;
#556 = ORIENTED_EDGE ( 'NONE', *, *, #4849, .F. ) ;
#557 = CARTESIAN_POINT ( 'NONE',  ( 83.75000000000000000, 1.224646799147353207E-16, -1.000000000000000000 ) ) ;
#558 = CARTESIAN_POINT ( 'NONE',  ( 54.87499999999999289, 0.000000000000000000, 0.000000000000000000 ) ) ;
#559 = CIRCLE ( 'NONE', #1579, 1.000000000000000000 ) ;
#560 = CARTESIAN_POINT ( 'NONE',  ( 52.12500000002778933, -5.000000000000000888, -4.336808689942017736E-16 ) ) ;
#561 = DIRECTION ( 'NONE',  ( -1.000000000000000000, -0.000000000000000000, -0.000000000000000000 ) ) ;
#562 = ORIENTED_EDGE ( 'NONE', *, *, #6688, .F. ) ;
#563 = EDGE_CURVE ( 'NONE', #3376, #4288, #5548, .T. ) ;
#564 = CARTESIAN_POINT ( 'NONE',  ( 46.47774279211273551, -8.045330691258117175E-15, -4.999999999999992895 ) ) ;
#565 = DIRECTION ( 'NONE',  ( 0.000000000000000000, 0.000000000000000000, 1.000000000000000000 ) ) ;
#566 = DIRECTION ( 'NONE',  ( -1.000000000000000000, -0.000000000000000000, -0.000000000000000000 ) ) ;
#567 = FACE_OUTER_BOUND ( 'NONE', #6053, .T. ) ;
#568 = CARTESIAN_POINT ( 'NONE',  ( 104.3750000000000000, -1.328041165545675195, 3.671958834454324805 ) ) ;
#569 = DIRECTION ( 'NONE',  ( 0.000000000000000000, 0.000000000000000000, 1.000000000000000000 ) ) ;
#570 = ORIENTED_EDGE ( 'NONE', *, *, #7614, .T. ) ;
#571 = EDGE_CURVE ( 'NONE', #5441, #4373, #5866, .T. ) ;
#572 = CARTESIAN_POINT ( 'NONE',  ( 3.535866453120336761, -0.1248907110864407172, 4.875109288913558991 ) ) ;
#573 = VERTEX_POINT ( 'NONE', #7617 ) ;
#574 = CARTESIAN_POINT ( 'NONE',  ( 107.1250000000000000, 0.000000000000000000, 0.000000000000000000 ) ) ;
#575 = CARTESIAN_POINT ( 'NONE',  ( 31.53423771779432982, -4.739198801702002584, -0.2608011982979969723 ) ) ;
#576 = DIRECTION ( 'NONE',  ( 0.000000000000000000, 0.000000000000000000, 1.000000000000000000 ) ) ;
#577 = EDGE_CURVE ( 'NONE', #6933, #8020, #8458, .T. ) ;
#578 = DIRECTION ( 'NONE',  ( 0.000000000000000000, -1.000000000000000000, 0.000000000000000000 ) ) ;
#579 = CARTESIAN_POINT ( 'NONE',  ( 0.000000000000000000, 0.000000000000000000, 5.000000000000000000 ) ) ;
#580 = DIRECTION ( 'NONE',  ( -1.000000000000000000, -0.000000000000000000, -0.000000000000000000 ) ) ;
#581 = CARTESIAN_POINT ( 'NONE',  ( 68.77184353044837906, 6.261585183459006102E-15, 5.000000000000006217 ) ) ;
#582 = CARTESIAN_POINT ( 'NONE',  ( 123.6249999999999858, -5.000000000000000888, -4.336808689942017736E-16 ) ) ;
#583 = LINE ( 'NONE', #5462, #4230 ) ;
#584 = CARTESIAN_POINT ( 'NONE',  ( 81.03383637236986203, -0.2517800035653031121, -4.748219996434698054 ) ) ;
#585 = ORIENTED_EDGE ( 'NONE', *, *, #5061, .T. ) ;
#586 = CARTESIAN_POINT ( 'NONE',  ( 117.9781564695780105, -5.000000000001025846, 1.024879796508075883E-12 ) ) ;
#587 = CARTESIAN_POINT ( 'NONE',  ( 31.13240203053985056, -4.872131520502872348, 0.1278684794971265692 ) ) ;
#588 = ORIENTED_EDGE ( 'NONE', *, *, #5084, .T. ) ;
#589 = DIRECTION ( 'NONE',  ( 0.000000000000000000, -1.000000000000000000, 0.000000000000000000 ) ) ;
#590 = ORIENTED_EDGE ( 'NONE', *, *, #5698, .T. ) ;
#591 = ORIENTED_EDGE ( 'NONE', *, *, #6849, .F. ) ;
#592 = CARTESIAN_POINT ( 'NONE',  ( 14.77046193742620339, -4.832344906983777832, 0.1676550930162218067 ) ) ;
#593 = CARTESIAN_POINT ( 'NONE',  ( 37.15967868777045879, -4.686141179195703721, -0.3138588208042960015 ) ) ;
#594 = CARTESIAN_POINT ( 'NONE',  ( 120.8749999999999858, 5.452579144223524507E-16, -3.904737509655557215 ) ) ;
#595 = CARTESIAN_POINT ( 'NONE',  ( 120.6026342793625759, -4.040089233410256497, 0.9599107665897450570 ) ) ;
#596 = CARTESIAN_POINT ( 'NONE',  ( 41.12500000000000000, 0.000000000000000000, 0.000000000000000000 ) ) ;
#597 = TOROIDAL_SURFACE ( 'NONE', #4194, 1.000000000000000000, 1.375000000000001332 ) ;
#598 = ORIENTED_EDGE ( 'NONE', *, *, #8589, .F. ) ;
#599 = ORIENTED_EDGE ( 'NONE', *, *, #6780, .T. ) ;
#600 = FACE_OUTER_BOUND ( 'NONE', #2441, .T. ) ;
#601 = CARTESIAN_POINT ( 'NONE',  ( 32.75399883711745019, -1.137203174285768226, 3.862796825714232885 ) ) ;
#602 = CIRCLE ( 'NONE', #5615, 2.500000000000000000 ) ;
#603 = CARTESIAN_POINT ( 'NONE',  ( 30.12500000000000000, 0.000000000000000000, 0.000000000000000000 ) ) ;
#604 = CARTESIAN_POINT ( 'NONE',  ( 16.64877465030177817, -4.041784260362669912, -0.9582157396373287561 ) ) ;
#605 = ADVANCED_FACE ( 'NONE', ( #8724 ), #1318, .T. ) ;
#606 = CARTESIAN_POINT ( 'NONE',  ( 46.62500000002778222, -5.000000000000000888, -4.336808689942017736E-16 ) ) ;
#607 = EDGE_CURVE ( 'NONE', #1717, #7407, #1184, .T. ) ;
#608 = ORIENTED_EDGE ( 'NONE', *, *, #7923, .T. ) ;
#609 = CARTESIAN_POINT ( 'NONE',  ( 95.97774279211273551, -1.210240675036942905E-14, 4.999999999999988454 ) ) ;
#610 = CIRCLE ( 'NONE', #5624, 3.904737509655562544 ) ;
#611 = DIRECTION ( 'NONE',  ( -0.000000000000000000, 1.000000000000000000, 1.224646799147353207E-16 ) ) ;
#612 = CARTESIAN_POINT ( 'NONE',  ( 83.02374954628650983, -0.6401341107417616305, 4.359865889258237814 ) ) ;
#613 = VECTOR ( 'NONE', #1547, 1000.000000000000000 ) ;
#614 = EDGE_LOOP ( 'NONE', ( #2504, #8143, #2068 ) ) ;
#615 = CARTESIAN_POINT ( 'NONE',  ( 70.72625045371997032, -4.359865889253468296, 0.6401341107465335911 ) ) ;
#616 = CARTESIAN_POINT ( 'NONE',  ( 32.32722873041522149, -4.282386290039758237, -0.7176137099602442060 ) ) ;
#617 = DIRECTION ( 'NONE',  ( -1.000000000000000000, -0.000000000000000000, -0.000000000000000000 ) ) ;
#618 = ADVANCED_FACE ( 'NONE', ( #727 ), #6605, .T. ) ;
#619 = CARTESIAN_POINT ( 'NONE',  ( 104.3750000000000000, 0.000000000000000000, 0.000000000000000000 ) ) ;
#620 = DIRECTION ( 'NONE',  ( 0.000000000000000000, 0.000000000000000000, 1.000000000000000000 ) ) ;
#621 = CARTESIAN_POINT ( 'NONE',  ( 92.73119955116401059, -0.6335913640930996849, -4.366408635906901203 ) ) ;
#622 = CARTESIAN_POINT ( 'NONE',  ( 123.0404637256984444, -4.967796004299645851, -0.03220399570035505782 ) ) ;
#623 = DIRECTION ( 'NONE',  ( -1.000000000000000000, -0.000000000000000000, -0.000000000000000000 ) ) ;
#624 = CARTESIAN_POINT ( 'NONE',  ( 84.97774279211276394, -1.290920563262915012E-14, -4.999999999999986677 ) ) ;
#625 = CIRCLE ( 'NONE', #3076, 1.000000000000000000 ) ;
#626 = ADVANCED_FACE ( 'NONE', ( #1403 ), #4039, .T. ) ;
#627 = EDGE_LOOP ( 'NONE', ( #6978, #8584, #6145 ) ) ;
#628 = TOROIDAL_SURFACE ( 'NONE', #7358, 1.000000000000000000, 3.999999999999999112 ) ;
#629 = AXIS2_PLACEMENT_3D ( 'NONE', #5747, #4430, #834 ) ;
#630 = CARTESIAN_POINT ( 'NONE',  ( 57.62499999999999289, 0.000000000000000000, 0.000000000000000000 ) ) ;
#631 = TOROIDAL_SURFACE ( 'NONE', #5646, 1.000000000000000000, 3.999999999999999112 ) ;
#632 = CARTESIAN_POINT ( 'NONE',  ( 32.60263427936020264, -4.040089233413072911, 0.9599107665869262007 ) ) ;
#633 = CARTESIAN_POINT ( 'NONE',  ( 10.99600116288350371, -3.862796825715731686, -1.137203174284268536 ) ) ;
#634 = VERTEX_POINT ( 'NONE', #7526 ) ;
#635 = VERTEX_POINT ( 'NONE', #6142 ) ;
#636 = CARTESIAN_POINT ( 'NONE',  ( 87.87500000000000000, -1.328041165545655877, -3.671958834454344345 ) ) ;
#637 = CARTESIAN_POINT ( 'NONE',  ( 37.82722873042053635, -4.282386290035433696, -0.7176137099645654160 ) ) ;
#638 = FACE_OUTER_BOUND ( 'NONE', #937, .T. ) ;
#639 = EDGE_CURVE ( 'NONE', #3885, #6694, #3332, .T. ) ;
#640 = CARTESIAN_POINT ( 'NONE',  ( 114.0342377178084234, -4.739198801696318242, -0.2608011983036805370 ) ) ;
#641 = CARTESIAN_POINT ( 'NONE',  ( 93.37499999999998579, -3.671958834454324805, -1.328041165545675195 ) ) ;
#642 = VERTEX_POINT ( 'NONE', #1977 ) ;
#643 = CARTESIAN_POINT ( 'NONE',  ( 62.97774279211274262, -9.153673302740402301E-15, -4.999999999999991118 ) ) ;
#644 = CARTESIAN_POINT ( 'NONE',  ( 63.85334765086507502, -4.935408751168088415, 0.06459124883191152966 ) ) ;
#645 = CARTESIAN_POINT ( 'NONE',  ( 2.500000000000000444, 0.000000000000000000, 0.000000000000000000 ) ) ;
#646 = CARTESIAN_POINT ( 'NONE',  ( 6.750000000000000000, 1.224646799147353207E-16, -1.000000000000000000 ) ) ;
#647 = CARTESIAN_POINT ( 'NONE',  ( 117.1175979694599789, -0.1278684794971740590, 4.872131520502826163 ) ) ;
#648 = CARTESIAN_POINT ( 'NONE',  ( 17.23123519307649332, -4.508466212583667421, -0.4915337874163328014 ) ) ;
#649 = CARTESIAN_POINT ( 'NONE',  ( 90.62499999999998579, 0.000000000000000000, 0.000000000000000000 ) ) ;
#650 = VERTEX_POINT ( 'NONE', #4138 ) ;
#651 = AXIS2_PLACEMENT_3D ( 'NONE', #990, #8542, #4450 ) ;
#652 = CARTESIAN_POINT ( 'NONE',  ( 2.500000000000000000, 1.224646799147353207E-16, -1.000000000000000000 ) ) ;
#653 = CARTESIAN_POINT ( 'NONE',  ( 34.24999999999999289, 0.000000000000000000, 1.000000000000000000 ) ) ;
#654 = EDGE_CURVE ( 'NONE', #1038, #1727, #753, .T. ) ;
#655 = CARTESIAN_POINT ( 'NONE',  ( 49.37500000000000000, -1.328041165545665647, 3.671958834454334575 ) ) ;
#656 = EDGE_CURVE ( 'NONE', #7579, #5441, #3413, .T. ) ;
#657 = ORIENTED_EDGE ( 'NONE', *, *, #8698, .T. ) ;
#658 = TOROIDAL_SURFACE ( 'NONE', #2386, 1.000000000000000000, 4.000000000000000000 ) ;
#659 = AXIS2_PLACEMENT_3D ( 'NONE', #6435, #833, #8427 ) ;
#660 = DIRECTION ( 'NONE',  ( 0.000000000000000000, -1.224646799147353207E-16, 1.000000000000000000 ) ) ;
#661 = EDGE_LOOP ( 'NONE', ( #5344, #322, #3720 ) ) ;
#662 = CARTESIAN_POINT ( 'NONE',  ( 54.87499999999999289, -1.328041165545660540, 3.671958834454339460 ) ) ;
#663 = DIRECTION ( 'NONE',  ( 0.000000000000000000, 0.000000000000000000, 1.000000000000000000 ) ) ;
#664 = CARTESIAN_POINT ( 'NONE',  ( 46.62500000000000000, 0.000000000000000000, 0.000000000000000000 ) ) ;
#665 = TOROIDAL_SURFACE ( 'NONE', #2818, 1.000000000000000000, 3.999999999999999112 ) ;
#666 = AXIS2_PLACEMENT_3D ( 'NONE', #544, #3881, #3918 ) ;
#667 = CIRCLE ( 'NONE', #1109, 1.374999999999994227 ) ;
#668 = CIRCLE ( 'NONE', #4283, 1.000000000000000000 ) ;
#669 = FACE_OUTER_BOUND ( 'NONE', #3612, .T. ) ;
#670 = CIRCLE ( 'NONE', #5542, 1.000000000000000000 ) ;
#671 = EDGE_CURVE ( 'NONE', #1012, #3336, #2327, .T. ) ;
#672 = CIRCLE ( 'NONE', #5685, 3.904737509655562988 ) ;
#673 = DIRECTION ( 'NONE',  ( -1.000000000000000000, -0.000000000000000000, -0.000000000000000000 ) ) ;
#674 = DIRECTION ( 'NONE',  ( 0.000000000000000000, 0.000000000000000000, 1.000000000000000000 ) ) ;
#675 = AXIS2_PLACEMENT_3D ( 'NONE', #7875, #1753, #7212 ) ;
#676 = DIRECTION ( 'NONE',  ( -1.000000000000000000, -0.000000000000000000, -0.000000000000000000 ) ) ;
#677 = DIRECTION ( 'NONE',  ( -0.000000000000000000, 1.000000000000000000, 1.224646799147353207E-16 ) ) ;
#678 = DIRECTION ( 'NONE',  ( 0.000000000000000000, 0.000000000000000000, 1.000000000000000000 ) ) ;
#679 = AXIS2_PLACEMENT_3D ( 'NONE', #7868, #8493, #4894 ) ;
#680 = FACE_OUTER_BOUND ( 'NONE', #4287, .T. ) ;
#681 = CARTESIAN_POINT ( 'NONE',  ( 19.12500000000000000, 0.000000000000000000, 0.000000000000000000 ) ) ;
#682 = EDGE_CURVE ( 'NONE', #5616, #5304, #5212, .T. ) ;
#683 = CYLINDRICAL_SURFACE ( 'NONE', #4981, 1.000000000000000000 ) ;
#684 = ORIENTED_EDGE ( 'NONE', *, *, #8031, .F. ) ;
#685 = CARTESIAN_POINT ( 'NONE',  ( 8.125000000000000000, 0.000000000000000000, 1.000000000000000000 ) ) ;
#686 = EDGE_LOOP ( 'NONE', ( #3181, #3212, #3789, #6449 ) ) ;
#687 = ORIENTED_EDGE ( 'NONE', *, *, #2429, .T. ) ;
#688 = FACE_OUTER_BOUND ( 'NONE', #5033, .T. ) ;
#689 = CARTESIAN_POINT ( 'NONE',  ( 116.7499999999999858, 0.000000000000000000, 0.000000000000000000 ) ) ;
#690 = CARTESIAN_POINT ( 'NONE',  ( 38.37499999999999289, -3.671958834454339904, -1.328041165545660318 ) ) ;
#691 = FACE_OUTER_BOUND ( 'NONE', #3924, .T. ) ;
#692 = AXIS2_PLACEMENT_3D ( 'NONE', #3689, #3647, #1664 ) ;
#693 = DIRECTION ( 'NONE',  ( 0.000000000000000000, -1.224646799147353207E-16, 1.000000000000000000 ) ) ;
#694 = CARTESIAN_POINT ( 'NONE',  ( 25.35059813401477413, -0.06404366728010667253, 4.935956332719893425 ) ) ;
#695 = ORIENTED_EDGE ( 'NONE', *, *, #380, .T. ) ;
#696 = ADVANCED_FACE ( 'NONE', ( #3458 ), #7178, .T. ) ;
#697 = CARTESIAN_POINT ( 'NONE',  ( 101.6250000000000000, 1.224646799147353207E-16, -1.000000000000000000 ) ) ;
#698 = DIRECTION ( 'NONE',  ( 0.000000000000000000, -1.000000000000000000, 0.000000000000000000 ) ) ;
#699 = AXIS2_PLACEMENT_3D ( 'NONE', #5837, #3032, #4829 ) ;
#700 = ORIENTED_EDGE ( 'NONE', *, *, #1025, .F. ) ;
#701 = DIRECTION ( 'NONE',  ( 0.000000000000000000, 0.000000000000000000, 1.000000000000000000 ) ) ;
#702 = CARTESIAN_POINT ( 'NONE',  ( 40.54368978649817734, -4.960065625086326868, 0.03993437491367401310 ) ) ;
#703 = PLANE ( 'NONE',  #7823 ) ;
#704 = VERTEX_POINT ( 'NONE', #2733 ) ;
#705 = CARTESIAN_POINT ( 'NONE',  ( 0.000000000000000000, 0.000000000000000000, 0.000000000000000000 ) ) ;
#706 = CARTESIAN_POINT ( 'NONE',  ( 46.92125362938285349, -4.991698401479171210, -0.008301598520828836966 ) ) ;
#707 = ORIENTED_EDGE ( 'NONE', *, *, #453, .T. ) ;
#708 = ORIENTED_EDGE ( 'NONE', *, *, #3740, .F. ) ;
#709 = CARTESIAN_POINT ( 'NONE',  ( 51.97774279211277104, -9.891650758035703582E-15, -4.999999999999989342 ) ) ;
#710 = DIRECTION ( 'NONE',  ( -1.000000000000000000, -0.000000000000000000, -0.000000000000000000 ) ) ;
#711 = EDGE_LOOP ( 'NONE', ( #3597, #8457, #1357 ) ) ;
#712 = CARTESIAN_POINT ( 'NONE',  ( 29.83253412542708105, -4.991957775357446891, 0.008042224642552621081 ) ) ;
#713 = VERTEX_POINT ( 'NONE', #7653 ) ;
#714 = DIRECTION ( 'NONE',  ( 0.000000000000000000, 0.000000000000000000, -1.000000000000000000 ) ) ;
#715 = DIRECTION ( 'NONE',  ( -1.000000000000000000, -0.000000000000000000, -0.000000000000000000 ) ) ;
#716 = CARTESIAN_POINT ( 'NONE',  ( 104.3750000000000000, -3.671958834454324805, -1.328041165545675195 ) ) ;
#717 = ADVANCED_FACE ( 'NONE', ( #4274 ), #5186, .T. ) ;
#718 = DIRECTION ( 'NONE',  ( -1.000000000000000000, -0.000000000000000000, -0.000000000000000000 ) ) ;
#719 = CARTESIAN_POINT ( 'NONE',  ( 43.32722873042052214, -4.282386290035433696, -0.7176137099645654160 ) ) ;
#720 = CARTESIAN_POINT ( 'NONE',  ( 71.10122534970066965, -0.9582157396402009031, 4.041784260359798431 ) ) ;
#721 = DIRECTION ( 'NONE',  ( -1.000000000000000000, -0.000000000000000000, -0.000000000000000000 ) ) ;
#722 = CARTESIAN_POINT ( 'NONE',  ( 82.37499999999998579, -3.671958834454344345, 1.328041165545655877 ) ) ;
#723 = DIRECTION ( 'NONE',  ( -1.000000000000000000, -0.000000000000000000, -0.000000000000000000 ) ) ;
#724 = EDGE_CURVE ( 'NONE', #4054, #4757, #948, .T. ) ;
#725 = ADVANCED_FACE ( 'NONE', ( #1530 ), #2754, .T. ) ;
#726 = CARTESIAN_POINT ( 'NONE',  ( 24.47815646957797142, -5.000000000001024070, -1.024310908004876213E-12 ) ) ;
#727 = FACE_OUTER_BOUND ( 'NONE', #1850, .T. ) ;
#728 = CARTESIAN_POINT ( 'NONE',  ( 30.12500000000000000, -5.000000000000000888, -4.336808689942017736E-16 ) ) ;
#729 = DIRECTION ( 'NONE',  ( -1.000000000000000000, -0.000000000000000000, -0.000000000000000000 ) ) ;
#730 = ORIENTED_EDGE ( 'NONE', *, *, #6188, .T. ) ;
#731 = ORIENTED_EDGE ( 'NONE', *, *, #8306, .T. ) ;
#732 = CARTESIAN_POINT ( 'NONE',  ( 0.000000000000000000, 0.000000000000000000, 0.000000000000000000 ) ) ;
#733 = DIRECTION ( 'NONE',  ( -1.000000000000000000, -0.000000000000000000, -0.000000000000000000 ) ) ;
#734 = CARTESIAN_POINT ( 'NONE',  ( 37.03423771780833818, -4.739198801696360874, -0.2608011983036389037 ) ) ;
#735 = CARTESIAN_POINT ( 'NONE',  ( 16.37499999999999645, -3.671958834454337683, 1.328041165545662539 ) ) ;
#736 = CARTESIAN_POINT ( 'NONE',  ( 120.8749999999999858, -3.671958834454324805, 1.328041165545675195 ) ) ;
#737 = CARTESIAN_POINT ( 'NONE',  ( 91.99999999999998579, 0.000000000000000000, 1.000000000000000000 ) ) ;
#738 = EDGE_CURVE ( 'NONE', #7147, #3549, #2187, .T. ) ;
#739 = ORIENTED_EDGE ( 'NONE', *, *, #2429, .F. ) ;
#740 = DIRECTION ( 'NONE',  ( 0.000000000000000000, 0.000000000000000000, -1.000000000000000000 ) ) ;
#741 = CARTESIAN_POINT ( 'NONE',  ( 4.086081313658574743, -4.690933072593409747, -0.3090669274065897532 ) ) ;
#742 = EDGE_LOOP ( 'NONE', ( #1729, #8577, #2531, #5413 ) ) ;
#743 = CARTESIAN_POINT ( 'NONE',  ( 10.01172757693692894, -4.502552532146843589, 0.4974474678531555782 ) ) ;
#744 = DIRECTION ( 'NONE',  ( 0.000000000000000000, 0.000000000000000000, -1.000000000000000000 ) ) ;
#745 = DIRECTION ( 'NONE',  ( -1.000000000000000000, -0.000000000000000000, -0.000000000000000000 ) ) ;
#746 = CARTESIAN_POINT ( 'NONE',  ( 27.37500000000000000, 0.000000000000000000, 0.000000000000000000 ) ) ;
#747 = CARTESIAN_POINT ( 'NONE',  ( 35.62500000000000000, 0.000000000000000000, 0.000000000000000000 ) ) ;
#748 = ADVANCED_FACE ( 'NONE', ( #669 ), #3603, .F. ) ;
#749 = ORIENTED_EDGE ( 'NONE', *, *, #3500, .F. ) ;
#750 = CARTESIAN_POINT ( 'NONE',  ( 26.82722873042056122, -4.282386290035415044, -0.7176137099645850670 ) ) ;
#751 = ORIENTED_EDGE ( 'NONE', *, *, #5181, .T. ) ;
#752 = CARTESIAN_POINT ( 'NONE',  ( 5.648774650301779943, -4.041784260362672576, -0.9582157396373285341 ) ) ;
#753 = CIRCLE ( 'NONE', #462, 3.999999999999997335 ) ;
#754 = CARTESIAN_POINT ( 'NONE',  ( 84.39665234915595704, -0.06459124882792607880, 4.935408751172074560 ) ) ;
#755 = VERTEX_POINT ( 'NONE', #45 ) ;
#756 = EDGE_LOOP ( 'NONE', ( #556, #1367, #3794 ) ) ;
#757 = CARTESIAN_POINT ( 'NONE',  ( 45.47821941570027349, -4.840676868225195051, -0.1593231317748072529 ) ) ;
#758 = ORIENTED_EDGE ( 'NONE', *, *, #3315, .T. ) ;
#759 = CARTESIAN_POINT ( 'NONE',  ( 59.03383637236984072, -0.2517800035652996704, 4.748219996434700718 ) ) ;
#760 = CARTESIAN_POINT ( 'NONE',  ( 123.6249999999999858, 0.000000000000000000, 0.000000000000000000 ) ) ;
#761 = CARTESIAN_POINT ( 'NONE',  ( 24.62500000000000000, 0.000000000000000000, 1.000000000000000000 ) ) ;
#762 = AXIS2_PLACEMENT_3D ( 'NONE', #2639, #2563, #8712 ) ;
#763 = DIRECTION ( 'NONE',  ( 0.000000000000000000, -1.224646799147353207E-16, 1.000000000000000000 ) ) ;
#764 = CARTESIAN_POINT ( 'NONE',  ( 104.3750000000000000, -1.328041165545675195, 3.671958834454324805 ) ) ;
#765 = CARTESIAN_POINT ( 'NONE',  ( 132.6250000000000000, 0.000000000000000000, 1.000000000000000000 ) ) ;
#766 = FACE_OUTER_BOUND ( 'NONE', #7278, .T. ) ;
#767 = CARTESIAN_POINT ( 'NONE',  ( 0.000000000000000000, 1.224646799147353207E-16, -1.000000000000000000 ) ) ;
#768 = ORIENTED_EDGE ( 'NONE', *, *, #1987, .F. ) ;
#769 = CARTESIAN_POINT ( 'NONE',  ( 23.89940186600661676, -4.935956332723939077, 0.06404366727606150556 ) ) ;
#770 = CARTESIAN_POINT ( 'NONE',  ( 52.12499999999978684, 2.837560127215673901E-13, -5.000000000000283329 ) ) ;
#771 = VERTEX_POINT ( 'NONE', #5457 ) ;
#772 = EDGE_CURVE ( 'NONE', #1654, #7249, #199, .T. ) ;
#773 = CARTESIAN_POINT ( 'NONE',  ( 71.37500000000000000, -1.328041165545675195, 3.671958834454324805 ) ) ;
#774 = EDGE_CURVE ( 'NONE', #5320, #3657, #7040, .T. ) ;
#775 = ORIENTED_EDGE ( 'NONE', *, *, #6497, .T. ) ;
#776 = ORIENTED_EDGE ( 'NONE', *, *, #1879, .F. ) ;
#777 = DIRECTION ( 'NONE',  ( -1.000000000000000000, -0.000000000000000000, -0.000000000000000000 ) ) ;
#778 = CARTESIAN_POINT ( 'NONE',  ( 2.500000000000000000, 0.000000000000000000, 0.000000000000000000 ) ) ;
#779 = CARTESIAN_POINT ( 'NONE',  ( 10.75399883711744664, -1.137203174285765339, -3.862796825714235549 ) ) ;
#780 = CARTESIAN_POINT ( 'NONE',  ( 108.6596786877578324, -4.686141179201364970, 0.3138588207986346967 ) ) ;
#781 = CARTESIAN_POINT ( 'NONE',  ( 59.00000000000000000, 0.000000000000000000, 0.000000000000000000 ) ) ;
#782 = CIRCLE ( 'NONE', #5354, 1.000000000000000000 ) ;
#783 = CIRCLE ( 'NONE', #629, 3.904737509655557215 ) ;
#784 = CIRCLE ( 'NONE', #8766, 4.000000000000000000 ) ;
#785 = ORIENTED_EDGE ( 'NONE', *, *, #7173, .F. ) ;
#786 = CARTESIAN_POINT ( 'NONE',  ( 61.23827242307174146, -0.4974474678478688627, -4.502552532152131803 ) ) ;
#787 = CARTESIAN_POINT ( 'NONE',  ( 4.681152339439398347, -4.366282840337995630, -0.6337171596620050362 ) ) ;
#788 = ORIENTED_EDGE ( 'NONE', *, *, #3838, .F. ) ;
#789 = EDGE_CURVE ( 'NONE', #7596, #8073, #8624, .T. ) ;
#790 = CARTESIAN_POINT ( 'NONE',  ( 15.51876480693205096, -0.4915337874217331482, -4.508466212578265520 ) ) ;
#791 = CIRCLE ( 'NONE', #5792, 1.374999999999994227 ) ;
#792 = DIRECTION ( 'NONE',  ( -1.000000000000000000, -0.000000000000000000, -0.000000000000000000 ) ) ;
#793 = AXIS2_PLACEMENT_3D ( 'NONE', #7917, #1718, #4461 ) ;
#794 = DIRECTION ( 'NONE',  ( -1.000000000000000000, -0.000000000000000000, -0.000000000000000000 ) ) ;
#795 = DIRECTION ( 'NONE',  ( -1.000000000000000000, -0.000000000000000000, -0.000000000000000000 ) ) ;
#796 = CARTESIAN_POINT ( 'NONE',  ( 114.7311995511640106, -0.6335913640930893598, -4.366408635906911861 ) ) ;
#797 = EDGE_LOOP ( 'NONE', ( #1321, #4143, #1590, #2980, #868, #8279 ) ) ;
#798 = VERTEX_POINT ( 'NONE', #7074 ) ;
#799 = ORIENTED_EDGE ( 'NONE', *, *, #7808, .T. ) ;
#800 = CARTESIAN_POINT ( 'NONE',  ( 49.64736572063975473, -0.9599107665869520689, -4.040089233413046266 ) ) ;
#801 = DIRECTION ( 'NONE',  ( 0.000000000000000000, 0.000000000000000000, 1.000000000000000000 ) ) ;
#802 = EDGE_CURVE ( 'NONE', #6463, #8385, #1893, .T. ) ;
#803 = CARTESIAN_POINT ( 'NONE',  ( 109.9962162207972796, -1.136863993905380177, -3.863136006094618935 ) ) ;
#804 = ORIENTED_EDGE ( 'NONE', *, *, #7989, .T. ) ;
#805 = CARTESIAN_POINT ( 'NONE',  ( 70.82722873042057188, -4.282386290035390175, -0.7176137099646094919 ) ) ;
#806 = CARTESIAN_POINT ( 'NONE',  ( 19.12500000000000000, 1.224646799147353207E-16, -1.000000000000000000 ) ) ;
#807 = CARTESIAN_POINT ( 'NONE',  ( 93.25378377920368678, -3.863136006093112584, 1.136863993906888082 ) ) ;
#808 = TOROIDAL_SURFACE ( 'NONE', #5661, 0.9999999999999831246, 4.000000000000015987 ) ;
#809 = ADVANCED_FACE ( 'NONE', ( #5110 ), #597, .F. ) ;
#810 = CARTESIAN_POINT ( 'NONE',  ( 118.1249999999999858, 0.000000000000000000, 1.000000000000000000 ) ) ;
#811 = CARTESIAN_POINT ( 'NONE',  ( 112.6250000000000000, 0.000000000000000000, 0.000000000000000000 ) ) ;
#812 = AXIS2_PLACEMENT_3D ( 'NONE', #6662, #1208, #5870 ) ;
#813 = CARTESIAN_POINT ( 'NONE',  ( 8.124999999999790390, 2.845937283064018932E-13, -5.000000000000284217 ) ) ;
#814 = DIRECTION ( 'NONE',  ( -1.000000000000000000, -0.000000000000000000, -0.000000000000000000 ) ) ;
#815 = CARTESIAN_POINT ( 'NONE',  ( 83.35157376276966090, -0.4321793203680437401, -4.567820679631957148 ) ) ;
#816 = VECTOR ( 'NONE', #8742, 1000.000000000000000 ) ;
#817 = AXIS2_PLACEMENT_3D ( 'NONE', #4217, #4973, #5725 ) ;
#818 = CARTESIAN_POINT ( 'NONE',  ( 16.37499999999999645, -3.671958834454337683, -1.328041165545662539 ) ) ;
#819 = B_SPLINE_CURVE_WITH_KNOTS ( 'NONE', 3,
 ( #3309, #6024, #8739, #8067, #7898, #5232, #7939, #2626, #2454, #1117, #3855, #441, #3179, #8288, #2672, #4153 ),
 .UNSPECIFIED., .F., .F.,
 ( 4, 2, 2, 2, 2, 2, 2, 4 ),
 ( 4.818711198449749176E-07, 0.0008765200830274306239, 0.001314539188981223451, 0.001752558294935016277, 0.002190577400888809537, 0.002628596506842602147, 0.003066615612796394757, 0.003504634718750187800 ),
 .UNSPECIFIED. ) ;
#820 = AXIS2_PLACEMENT_3D ( 'NONE', #4995, #238, #6378 ) ;
#821 = TOROIDAL_SURFACE ( 'NONE', #6111, 1.000000000000000000, 3.999999999999999112 ) ;
#822 = DIRECTION ( 'NONE',  ( -1.000000000000000000, -0.000000000000000000, -0.000000000000000000 ) ) ;
#823 = ORIENTED_EDGE ( 'NONE', *, *, #4364, .T. ) ;
#824 = ORIENTED_EDGE ( 'NONE', *, *, #7347, .T. ) ;
#825 = CARTESIAN_POINT ( 'NONE',  ( 123.6249999999999858, 0.000000000000000000, 0.000000000000000000 ) ) ;
#826 = AXIS2_PLACEMENT_3D ( 'NONE', #5987, #3135, #7415 ) ;
#827 = DIRECTION ( 'NONE',  ( -1.000000000000000000, -0.000000000000000000, -0.000000000000000000 ) ) ;
#828 = CARTESIAN_POINT ( 'NONE',  ( 10.01876480693204741, -0.4915337874217327041, -4.508466212578267296 ) ) ;
#829 = CARTESIAN_POINT ( 'NONE',  ( 68.47774279211276394, -1.202151510390664179E-14, -4.999999999999988454 ) ) ;
#830 = CARTESIAN_POINT ( 'NONE',  ( 27.10122534970069097, -0.9582157396401924654, -4.041784260359809089 ) ) ;
#831 = ADVANCED_FACE ( 'NONE', ( #6411 ), #323, .T. ) ;
#832 = ORIENTED_EDGE ( 'NONE', *, *, #7427, .F. ) ;
#833 = DIRECTION ( 'NONE',  ( -1.000000000000000000, -0.000000000000000000, -0.000000000000000000 ) ) ;
#834 = DIRECTION ( 'NONE',  ( 0.000000000000000000, 0.000000000000000000, 1.000000000000000000 ) ) ;
#835 = ORIENTED_EDGE ( 'NONE', *, *, #4034, .T. ) ;
#836 = VERTEX_POINT ( 'NONE', #8446 ) ;
#837 = CARTESIAN_POINT ( 'NONE',  ( 16.37500000000000000, -1.328041165545662539, -3.671958834454338128 ) ) ;
#838 = CARTESIAN_POINT ( 'NONE',  ( 30.41746587457268802, -0.008042224642535681506, -4.991957775357465543 ) ) ;
#839 = CARTESIAN_POINT ( 'NONE',  ( 112.6250000000000000, 0.000000000000000000, 0.000000000000000000 ) ) ;
#840 = CARTESIAN_POINT ( 'NONE',  ( 96.12499999999998579, 0.000000000000000000, 0.000000000000000000 ) ) ;
#841 = ORIENTED_EDGE ( 'NONE', *, *, #8314, .T. ) ;
#842 = EDGE_CURVE ( 'NONE', #39, #8653, #7611, .T. ) ;
#843 = ORIENTED_EDGE ( 'NONE', *, *, #3466, .F. ) ;
#844 = AXIS2_PLACEMENT_3D ( 'NONE', #8786, #6028, #3279 ) ;
#845 = ORIENTED_EDGE ( 'NONE', *, *, #8598, .F. ) ;
#846 = CARTESIAN_POINT ( 'NONE',  ( 93.25378377920364414, -3.863136006093112140, -1.136863993906888304 ) ) ;
#847 = DIRECTION ( 'NONE',  ( -1.000000000000000000, -0.000000000000000000, -0.000000000000000000 ) ) ;
#848 = EDGE_LOOP ( 'NONE', ( #5939, #5700, #8191 ) ) ;
#849 = CARTESIAN_POINT ( 'NONE',  ( 121.5251613215527158, -4.360868809976707006, 0.6391311900232947707 ) ) ;
#850 = VERTEX_POINT ( 'NONE', #1075 ) ;
#851 = DIRECTION ( 'NONE',  ( -1.000000000000000000, -0.000000000000000000, -0.000000000000000000 ) ) ;
#852 = CARTESIAN_POINT ( 'NONE',  ( 54.32722873042053635, -4.282386290035433696, -0.7176137099645654160 ) ) ;
#853 = DIRECTION ( 'NONE',  ( 0.000000000000000000, 0.000000000000000000, 1.000000000000000000 ) ) ;
#854 = AXIS2_PLACEMENT_3D ( 'NONE', #2564, #8713, #416 ) ;
#855 = EDGE_CURVE ( 'NONE', #2499, #798, #4695, .T. ) ;
#856 = CARTESIAN_POINT ( 'NONE',  ( 120.8749999999999858, -1.328041165545675195, 3.671958834454324805 ) ) ;
#857 = CARTESIAN_POINT ( 'NONE',  ( 46.62500000002778222, -5.000000000000000888, -4.336808689942017736E-16 ) ) ;
#858 = FACE_OUTER_BOUND ( 'NONE', #883, .T. ) ;
#859 = CARTESIAN_POINT ( 'NONE',  ( 59.00000000000000000, 0.000000000000000000, 1.000000000000000000 ) ) ;
#860 = B_SPLINE_CURVE_WITH_KNOTS ( 'NONE', 3,
 ( #951, #3825, #8413, #4459, #4368, #1623, #4500, #7084, #3024, #4418, #1669, #3700 ),
 .UNSPECIFIED., .F., .F.,
 ( 4, 2, 2, 2, 2, 4 ),
 ( 0.003504634718750251551, 0.003941423334025134263, 0.004378211949300016975, 0.005251789179849782399, 0.006125366410399546956, 0.006998943640949312379 ),
 .UNSPECIFIED. ) ;
#861 = DIRECTION ( 'NONE',  ( -1.000000000000000000, -0.000000000000000000, -0.000000000000000000 ) ) ;
#862 = DIRECTION ( 'NONE',  ( 0.000000000000000000, 0.000000000000000000, 1.000000000000000000 ) ) ;
#863 = EDGE_CURVE ( 'NONE', #4055, #1078, #1039, .T. ) ;
#864 = CARTESIAN_POINT ( 'NONE',  ( 24.04368978649825905, -4.960065625086341967, 0.03993437491365973979 ) ) ;
#865 = ORIENTED_EDGE ( 'NONE', *, *, #3048, .F. ) ;
#866 = CARTESIAN_POINT ( 'NONE',  ( 114.0338363723698478, -0.2517800035653034452, 4.748219996434696277 ) ) ;
#867 = CARTESIAN_POINT ( 'NONE',  ( 42.50000000000000000, 1.224646799147353207E-16, -1.000000000000000000 ) ) ;
#868 = ORIENTED_EDGE ( 'NONE', *, *, #4034, .F. ) ;
#869 = CARTESIAN_POINT ( 'NONE',  ( 92.73119955116401059, -0.6335913640930997959, 4.366408635906901203 ) ) ;
#870 = CARTESIAN_POINT ( 'NONE',  ( 10.87500000000000000, 0.000000000000000000, 0.000000000000000000 ) ) ;
#871 = DIRECTION ( 'NONE',  ( -1.000000000000000000, -0.000000000000000000, -0.000000000000000000 ) ) ;
#872 = CARTESIAN_POINT ( 'NONE',  ( 78.47821941570039428, -4.840676868225227025, -0.1593231317747719478 ) ) ;
#873 = CARTESIAN_POINT ( 'NONE',  ( 26.51876480693204741, -0.4915337874217332037, -4.508466212578265520 ) ) ;
#874 = EDGE_CURVE ( 'NONE', #479, #3036, #3682, .T. ) ;
#875 = ORIENTED_EDGE ( 'NONE', *, *, #5334, .F. ) ;
#876 = CARTESIAN_POINT ( 'NONE',  ( 107.1250000000000000, -5.000000000000000888, -4.336808689942017736E-16 ) ) ;
#877 = CARTESIAN_POINT ( 'NONE',  ( 45.89665234915598546, -0.06459124882791900113, 4.935408751172081665 ) ) ;
#878 = CARTESIAN_POINT ( 'NONE',  ( 66.52374954628648140, -0.6401341107417657383, 4.359865889258235150 ) ) ;
#879 = DIRECTION ( 'NONE',  ( -0.000000000000000000, 1.000000000000000000, 1.224646799147353207E-16 ) ) ;
#880 = CARTESIAN_POINT ( 'NONE',  ( 46.77225720791379615, -4.999999999998979483, 1.020930928907974517E-12 ) ) ;
#881 = CARTESIAN_POINT ( 'NONE',  ( 19.12500000000000000, 0.000000000000000000, 0.000000000000000000 ) ) ;
#882 = ORIENTED_EDGE ( 'NONE', *, *, #3256, .T. ) ;
#883 = EDGE_LOOP ( 'NONE', ( #8333, #799, #309 ) ) ;
#884 = ORIENTED_EDGE ( 'NONE', *, *, #8671, .T. ) ;
#885 = ORIENTED_EDGE ( 'NONE', *, *, #5481, .F. ) ;
#886 = CARTESIAN_POINT ( 'NONE',  ( 57.62499999999999289, 0.000000000000000000, 1.000000000000000000 ) ) ;
#887 = CARTESIAN_POINT ( 'NONE',  ( 97.27178058431637453, -0.1593231317801559743, -4.840676868219844664 ) ) ;
#888 = ADVANCED_FACE ( 'NONE', ( #1616 ), #5105, .T. ) ;
#889 = CARTESIAN_POINT ( 'NONE',  ( 121.1502776777137314, -4.043148172725536504, 0.9568518272744624964 ) ) ;
#890 = ORIENTED_EDGE ( 'NONE', *, *, #6655, .F. ) ;
#891 = ADVANCED_FACE ( 'NONE', ( #360 ), #7515, .T. ) ;
#892 = CARTESIAN_POINT ( 'NONE',  ( 71.10263427936259006, -4.040089233410254721, -0.9599107665897453900 ) ) ;
#893 = CARTESIAN_POINT ( 'NONE',  ( 49.37500000000000000, 0.000000000000000000, 0.000000000000000000 ) ) ;
#894 = DIRECTION ( 'NONE',  ( 0.000000000000000000, -1.224646799147353207E-16, 1.000000000000000000 ) ) ;
#895 = AXIS2_PLACEMENT_3D ( 'NONE', #2703, #3333, #551 ) ;
#896 = DIRECTION ( 'NONE',  ( 0.000000000000000000, 0.000000000000000000, 1.000000000000000000 ) ) ;
#897 = CARTESIAN_POINT ( 'NONE',  ( 74.85059813401477413, -0.06404366728011004484, 4.935956332719890760 ) ) ;
#898 = CARTESIAN_POINT ( 'NONE',  ( 73.54368978649831945, -4.960065625086348184, 0.03993437491365254416 ) ) ;
#899 = ADVANCED_FACE ( 'NONE', ( #2288 ), #3250, .T. ) ;
#900 = CARTESIAN_POINT ( 'NONE',  ( 38.37499999999999289, -1.328041165545660540, -3.671958834454339460 ) ) ;
#901 = AXIS2_PLACEMENT_3D ( 'NONE', #242, #4292, #5038 ) ;
#902 = CARTESIAN_POINT ( 'NONE',  ( 81.15967868777056538, -4.686141179195661088, 0.3138588208043389671 ) ) ;
#903 = CARTESIAN_POINT ( 'NONE',  ( 41.85334765086493292, -4.935408751168116837, 0.06459124883188327448 ) ) ;
#904 = CARTESIAN_POINT ( 'NONE',  ( 16.49621622079729377, -1.136863993905374848, 3.863136006094625152 ) ) ;
#905 = AXIS2_PLACEMENT_3D ( 'NONE', #3737, #1035, #4412 ) ;
#906 = ORIENTED_EDGE ( 'NONE', *, *, #7503, .T. ) ;
#907 = CARTESIAN_POINT ( 'NONE',  ( 115.1012253497006554, -0.9582157396401873584, 4.041784260359812642 ) ) ;
#908 = ORIENTED_EDGE ( 'NONE', *, *, #7036, .T. ) ;
#909 = EDGE_CURVE ( 'NONE', #8736, #4166, #4482, .T. ) ;
#910 = ORIENTED_EDGE ( 'NONE', *, *, #5133, .F. ) ;
#911 = CARTESIAN_POINT ( 'NONE',  ( 93.25399883711745019, -1.137203174285775109, 3.862796825714226223 ) ) ;
#912 = FACE_OUTER_BOUND ( 'NONE', #1545, .T. ) ;
#913 = CARTESIAN_POINT ( 'NONE',  ( 67.21576228220551741, -0.2608011982980543708, -4.739198801701945740 ) ) ;
#914 = ORIENTED_EDGE ( 'NONE', *, *, #4121, .T. ) ;
#915 = CARTESIAN_POINT ( 'NONE',  ( 9.533836372369853152, -0.2517800035653014468, 4.748219996434698054 ) ) ;
#916 = DIRECTION ( 'NONE',  ( -1.000000000000000000, -0.000000000000000000, -0.000000000000000000 ) ) ;
#917 = ORIENTED_EDGE ( 'NONE', *, *, #1185, .T. ) ;
#918 = ADVANCED_FACE ( 'NONE', ( #6034 ), #95, .T. ) ;
#919 = VERTEX_POINT ( 'NONE', #4615 ) ;
#920 = CARTESIAN_POINT ( 'NONE',  ( 8.125000000000000000, 0.000000000000000000, 0.000000000000000000 ) ) ;
#921 = CARTESIAN_POINT ( 'NONE',  ( 109.8749999999999858, 4.781924292710299495E-16, -3.904737509655568761 ) ) ;
#922 = TOROIDAL_SURFACE ( 'NONE', #8049, 1.000000000000000000, 1.375000000000001332 ) ;
#923 = CARTESIAN_POINT ( 'NONE',  ( 113.7717805843163603, -0.1593231317801521441, -4.840676868219847329 ) ) ;
#924 = CIRCLE ( 'NONE', #1644, 1.375000000000001332 ) ;
#925 = EDGE_LOOP ( 'NONE', ( #111, #190, #2311, #739 ) ) ;
#926 = ORIENTED_EDGE ( 'NONE', *, *, #4086, .T. ) ;
#927 = ORIENTED_EDGE ( 'NONE', *, *, #7679, .T. ) ;
#928 = ORIENTED_EDGE ( 'NONE', *, *, #3370, .F. ) ;
#929 = CARTESIAN_POINT ( 'NONE',  ( 90.92125362938305955, -4.991698401479152558, -0.008301598520847809637 ) ) ;
#930 = TOROIDAL_SURFACE ( 'NONE', #7080, 1.000000000000000000, 4.000000000000000000 ) ;
#931 = AXIS2_PLACEMENT_3D ( 'NONE', #7098, #4338, #3713 ) ;
#932 = CARTESIAN_POINT ( 'NONE',  ( 24.62499999999979394, 2.855542628414076572E-13, -5.000000000000285105 ) ) ;
#933 = AXIS2_PLACEMENT_3D ( 'NONE', #5968, #6678, #3329 ) ;
#934 = CARTESIAN_POINT ( 'NONE',  ( 123.0404637256984444, -4.967796004299645851, 0.03220399570035515496 ) ) ;
#935 = VERTEX_POINT ( 'NONE', #3905 ) ;
#936 = CARTESIAN_POINT ( 'NONE',  ( 78.25000000000000000, 1.224646799147353207E-16, -1.000000000000000000 ) ) ;
#937 = EDGE_LOOP ( 'NONE', ( #84, #5500, #6647, #2140, #2258, #437, #4238, #7884, #7769, #6638, #2445, #8735, #7327, #4159, #5406, #6351, #1231, #7987, #522, #684, #3827, #6624, #865, #6936, #8717, #1633, #7238, #2622, #8054, #5634, #1200, #4993, #3187, #371, #562, #1820, #6928, #1271, #7137, #6374, #4030, #5620, #4605, #7644, #7554, #6396, #8691, #3449, #5925, #1991, #3314, #6055, #3258, #2120, #8151, #5213, #6102, #7598, #8290, #7854, #1855, #3711, #7336, #2912, #5875, #2485, #7794, #2283, #4759, #285, #6268, #1137, #124, #6213, #1703, #1568, #1929, #3387, #6355, #2596, #7119, #2852, #2688, #8518, #2069, #5182, #6200, #1052, #8477, #4495, #1527, #6347, #1829, #4774 ) ) ;
#938 = CARTESIAN_POINT ( 'NONE',  ( 61.23123519307652174, -4.508466212583698507, -0.4915337874163028808 ) ) ;
#939 = EDGE_CURVE ( 'NONE', #210, #2481, #3107, .T. ) ;
#940 = ADVANCED_FACE ( 'NONE', ( #7299 ), #8652, .T. ) ;
#941 = CARTESIAN_POINT ( 'NONE',  ( 90.77225720791396668, -4.999999999998967048, 1.033198930599532176E-12 ) ) ;
#942 = CARTESIAN_POINT ( 'NONE',  ( 53.53423771780833107, -4.739198801696361762, 0.2608011983036376824 ) ) ;
#943 = CARTESIAN_POINT ( 'NONE',  ( 54.87499999999999289, -1.328041165545660540, 3.671958834454339460 ) ) ;
#944 = DIRECTION ( 'NONE',  ( -1.000000000000000000, -0.000000000000000000, -0.000000000000000000 ) ) ;
#945 = CARTESIAN_POINT ( 'NONE',  ( 6.979538062590801673, -0.1676550930109051707, -4.832344906989095357 ) ) ;
#946 = CARTESIAN_POINT ( 'NONE',  ( 89.89940186600668426, -4.935956332723949735, -0.06404366727605177723 ) ) ;
#947 = CARTESIAN_POINT ( 'NONE',  ( 2.500000000000002220, -5.000000000000000888, -4.336808689942017736E-16 ) ) ;
#948 = B_SPLINE_CURVE_WITH_KNOTS ( 'NONE', 3,
 ( #856, #2833, #8216, #2194, #2154, #4129, #4886, #8126, #4930, #1437, #7514, #7607, #4743, #2875 ),
 .UNSPECIFIED., .F., .F.,
 ( 4, 2, 2, 2, 2, 2, 4 ),
 ( 4.818711198495564129E-07, 0.0008763243365552671020, 0.001314245569272988901, 0.001752166801990710917, 0.002190088034708432933, 0.002628009267426154733, 0.003503851732861638230 ),
 .UNSPECIFIED. ) ;
#949 = TOROIDAL_SURFACE ( 'NONE', #1945, 1.000000000000000000, 3.999999999999996447 ) ;
#950 = ADVANCED_FACE ( 'NONE', ( #5363 ), #949, .T. ) ;
#951 = CARTESIAN_POINT ( 'NONE',  ( 85.12499999999980105, 2.822966390599457035E-13, -5.000000000000282441 ) ) ;
#952 = B_SPLINE_CURVE_WITH_KNOTS ( 'NONE', 3,
 ( #6045, #5423, #6137, #7518, #6756, #5560, #8270, #8129, #6232, #4134, #6853, #1265 ),
 .UNSPECIFIED., .F., .F.,
 ( 4, 2, 2, 2, 2, 4 ),
 ( 0.003504634718722680724, 0.003941423334001005127, 0.004378211949279329530, 0.005251789179835977470, 0.006125366410392626276, 0.006998943640949275083 ),
 .UNSPECIFIED. ) ;
#953 = ORIENTED_EDGE ( 'NONE', *, *, #6732, .F. ) ;
#954 = DIRECTION ( 'NONE',  ( 0.000000000000000000, 0.000000000000000000, 1.000000000000000000 ) ) ;
#955 = ORIENTED_EDGE ( 'NONE', *, *, #5953, .F. ) ;
#956 = AXIS2_PLACEMENT_3D ( 'NONE', #3646, #2330, #6363 ) ;
#957 = CARTESIAN_POINT ( 'NONE',  ( 82.64877465030178882, -4.041784260362685011, -0.9582157396373149894 ) ) ;
#958 = VECTOR ( 'NONE', #4104, 1000.000000000000000 ) ;
#959 = CARTESIAN_POINT ( 'NONE',  ( 64.49999999999998579, 0.000000000000000000, 0.000000000000000000 ) ) ;
#960 = CARTESIAN_POINT ( 'NONE',  ( 60.25378377920364414, -3.863136006093132568, -1.136863993906866321 ) ) ;
#961 = CARTESIAN_POINT ( 'NONE',  ( 66.51880044884224219, -4.366408635911692926, 0.6335913640883089615 ) ) ;
#962 = CARTESIAN_POINT ( 'NONE',  ( 109.6026342793602026, -4.040089233413074687, 0.9599107665869246464 ) ) ;
#963 = TOROIDAL_SURFACE ( 'NONE', #1534, 1.000000000000000000, 4.000000000000001776 ) ;
#964 = CIRCLE ( 'NONE', #5963, 3.904737509655568761 ) ;
#965 = EDGE_CURVE ( 'NONE', #2894, #7674, #3866, .T. ) ;
#966 = AXIS2_PLACEMENT_3D ( 'NONE', #839, #4959, #2224 ) ;
#967 = AXIS2_PLACEMENT_3D ( 'NONE', #3018, #7609, #2836 ) ;
#968 = ORIENTED_EDGE ( 'NONE', *, *, #7731, .T. ) ;
#969 = DIRECTION ( 'NONE',  ( -1.000000000000000000, -0.000000000000000000, -0.000000000000000000 ) ) ;
#970 = AXIS2_PLACEMENT_3D ( 'NONE', #8032, #5364, #1916 ) ;
#971 = B_SPLINE_CURVE_WITH_KNOTS ( 'NONE', 3,
 ( #3475, #3432, #6334, #6148, #2170, #2750, #5573, #155, #4860, #2122, #7581, #115, #8281, #4900, #7624, #1497 ),
 .UNSPECIFIED., .F., .F.,
 ( 4, 2, 2, 2, 2, 2, 2, 4 ),
 ( 4.818711199183383470E-07, 0.0008765200830275014223, 0.001314539188981292839, 0.001752558294935084365, 0.002190577400888875891, 0.002628596506842667633, 0.003066615612796459375, 0.003504634718750250684 ),
 .UNSPECIFIED. ) ;
#972 = CARTESIAN_POINT ( 'NONE',  ( 60.10122534970066965, -0.9582157396401950189, -4.041784260359805536 ) ) ;
#973 = ORIENTED_EDGE ( 'NONE', *, *, #73, .T. ) ;
#974 = ORIENTED_EDGE ( 'NONE', *, *, #2477, .T. ) ;
#975 = FACE_OUTER_BOUND ( 'NONE', #627, .T. ) ;
#977 = AXIS2_PLACEMENT_3D ( 'NONE', #619, #5959, #6668 ) ;
#976 = CARTESIAN_POINT ( 'NONE',  ( 2.500000000000000000, 0.000000000000000000, 0.000000000000000000 ) ) ;
#978 = ORIENTED_EDGE ( 'NONE', *, *, #8258, .F. ) ;
#979 = AXIS2_PLACEMENT_3D ( 'NONE', #3427, #4008, #2610 ) ;
#980 = ADVANCED_FACE ( 'NONE', ( #3815 ), #5813, .T. ) ;
#981 = VERTEX_POINT ( 'NONE', #2508 ) ;
#982 = VERTEX_POINT ( 'NONE', #6658 ) ;
#983 = CARTESIAN_POINT ( 'NONE',  ( 55.85157376276963959, -0.4321793203680398543, -4.567820679631961589 ) ) ;
#984 = CARTESIAN_POINT ( 'NONE',  ( 103.3984262372402867, -4.567820679626460212, -0.4321793203735402322 ) ) ;
#985 = CARTESIAN_POINT ( 'NONE',  ( 21.01876480693204030, -0.4915337874217338698, -4.508466212578265520 ) ) ;
#986 = CARTESIAN_POINT ( 'NONE',  ( 120.8749999999999858, -3.671958834454324805, 1.328041165545675195 ) ) ;
#987 = ORIENTED_EDGE ( 'NONE', *, *, #5769, .F. ) ;
#988 = CARTESIAN_POINT ( 'NONE',  ( 61.01880044884224930, -4.366408635911696479, -0.6335913640883048537 ) ) ;
#989 = AXIS2_PLACEMENT_3D ( 'NONE', #4593, #5260, #2437 ) ;
#990 = CARTESIAN_POINT ( 'NONE',  ( 30.12500000000000000, 0.000000000000000000, 1.000000000000000000 ) ) ;
#991 = CARTESIAN_POINT ( 'NONE',  ( 54.01876480693205451, -0.4915337874217333147, -4.508466212578267296 ) ) ;
#992 = CARTESIAN_POINT ( 'NONE',  ( 75.50000000000000000, 0.000000000000000000, 0.000000000000000000 ) ) ;
#993 = CARTESIAN_POINT ( 'NONE',  ( 5.648774650301779054, -4.041784260362672576, 0.9582157396373282010 ) ) ;
#994 = AXIS2_PLACEMENT_3D ( 'NONE', #746, #7594, #6209 ) ;
#995 = CARTESIAN_POINT ( 'NONE',  ( 7.538865516544302814, -0.04063066961492743656, -4.959369330385072772 ) ) ;
#996 = CARTESIAN_POINT ( 'NONE',  ( 89.47821941570039428, -4.840676868225229690, -0.1593231317747707265 ) ) ;
#997 = CARTESIAN_POINT ( 'NONE',  ( 57.62500000002779643, -5.000000000000000888, -4.336808689942017736E-16 ) ) ;
#998 = EDGE_CURVE ( 'NONE', #3292, #266, #1126, .T. ) ;
#999 = CARTESIAN_POINT ( 'NONE',  ( 17.23827242307174146, -0.4974474678478679190, 4.502552532152131803 ) ) ;
#1000 = ORIENTED_EDGE ( 'NONE', *, *, #7559, .T. ) ;
#1001 = CARTESIAN_POINT ( 'NONE',  ( 0.000000000000000000, 1.224646799147353207E-16, -1.000000000000000000 ) ) ;
#1002 = CARTESIAN_POINT ( 'NONE',  ( 103.0000000000000000, 0.000000000000000000, 1.000000000000000000 ) ) ;
#1003 = EDGE_CURVE ( 'NONE', #7249, #4249, #1061, .T. ) ;
#1004 = CARTESIAN_POINT ( 'NONE',  ( 132.6250000000000000, -2.500000000000000000, -2.500000000000000000 ) ) ;
#1005 = CARTESIAN_POINT ( 'NONE',  ( 0.000000000000000000, 0.000000000000000000, 1.000000000000000000 ) ) ;
#1006 = EDGE_CURVE ( 'NONE', #7864, #6984, #1375, .T. ) ;
#1007 = DIRECTION ( 'NONE',  ( -1.000000000000000000, -0.000000000000000000, -0.000000000000000000 ) ) ;
#1008 = CARTESIAN_POINT ( 'NONE',  ( 0.000000000000000000, 0.000000000000000000, 0.000000000000000000 ) ) ;
#1009 = ORIENTED_EDGE ( 'NONE', *, *, #4661, .T. ) ;
#1010 = CARTESIAN_POINT ( 'NONE',  ( 107.7111344834554956, -4.959369330385100305, -0.04063066961489993772 ) ) ;
#1011 = CARTESIAN_POINT ( 'NONE',  ( 59.73119955116402480, -0.6335913640930935786, -4.366408635906906532 ) ) ;
#1012 = VERTEX_POINT ( 'NONE', #6886 ) ;
#1013 = CARTESIAN_POINT ( 'NONE',  ( 117.3966523491559713, -0.06459124882792310895, -4.935408751172076336 ) ) ;
#1014 = DIRECTION ( 'NONE',  ( 0.000000000000000000, 0.000000000000000000, 1.000000000000000000 ) ) ;
#1015 = DIRECTION ( 'NONE',  ( 0.000000000000000000, 0.000000000000000000, 1.000000000000000000 ) ) ;
#1016 = ADVANCED_FACE ( 'NONE', ( #5410 ), #6385, .T. ) ;
#1017 = CARTESIAN_POINT ( 'NONE',  ( 96.12499999999998579, 1.224646799147353207E-16, -1.000000000000000000 ) ) ;
#1018 = EDGE_LOOP ( 'NONE', ( #7876, #2346, #1904, #6977 ) ) ;
#1019 = ORIENTED_EDGE ( 'NONE', *, *, #3176, .T. ) ;
#1020 = CARTESIAN_POINT ( 'NONE',  ( 56.47953806259079101, -0.1676550930109043380, -4.832344906989096245 ) ) ;
#1021 = CARTESIAN_POINT ( 'NONE',  ( 56.24999999999999289, 0.000000000000000000, 1.000000000000000000 ) ) ;
#1022 = DIRECTION ( 'NONE',  ( 0.000000000000000000, 0.000000000000000000, 1.000000000000000000 ) ) ;
#1023 = ORIENTED_EDGE ( 'NONE', *, *, #5540, .T. ) ;
#1024 = B_SPLINE_CURVE_WITH_KNOTS ( 'NONE', 3,
 ( #2189, #803, #1610, #4398, #7118, #7646, #8482, #5763, #1574, #7693, #2365, #4352, #2323, #4924, #8348, #2911 ),
 .UNSPECIFIED., .F., .F.,
 ( 4, 2, 2, 2, 2, 2, 2, 4 ),
 ( 4.818711199188473079E-07, 0.0008765200830275019644, 0.001314539188981293707, 0.001752558294935085232, 0.002190577400888876758, 0.002628596506842668500, 0.003066615612796459809, 0.003504634718750251551 ),
 .UNSPECIFIED. ) ;
#1025 = EDGE_CURVE ( 'NONE', #635, #2637, #2088, .T. ) ;
#1026 = CARTESIAN_POINT ( 'NONE',  ( 33.73123519307646490, -4.508466212583658539, 0.4915337874163433485 ) ) ;
#1027 = DIRECTION ( 'NONE',  ( 0.000000000000000000, 0.000000000000000000, 1.000000000000000000 ) ) ;
#1028 = DIRECTION ( 'NONE',  ( -1.000000000000000000, -0.000000000000000000, -0.000000000000000000 ) ) ;
#1029 = CARTESIAN_POINT ( 'NONE',  ( 76.87500000000000000, 0.000000000000000000, 0.000000000000000000 ) ) ;
#1030 = DIRECTION ( 'NONE',  ( 0.000000000000000000, 0.000000000000000000, 1.000000000000000000 ) ) ;
#1031 = VERTEX_POINT ( 'NONE', #6126 ) ;
#1032 = DIRECTION ( 'NONE',  ( -0.000000000000000000, 1.000000000000000000, 1.224646799147353207E-16 ) ) ;
#1033 = CARTESIAN_POINT ( 'NONE',  ( 12.25000000000000000, 0.000000000000000000, 0.000000000000000000 ) ) ;
#1034 = CARTESIAN_POINT ( 'NONE',  ( 101.6250000000000000, 0.000000000000000000, 0.000000000000000000 ) ) ;
#1035 = DIRECTION ( 'NONE',  ( -0.000000000000000000, 1.000000000000000000, 1.224646799147353207E-16 ) ) ;
#1036 = DIRECTION ( 'NONE',  ( 0.000000000000000000, 0.000000000000000000, 1.000000000000000000 ) ) ;
#1037 = DIRECTION ( 'NONE',  ( 0.000000000000000000, 0.000000000000000000, 1.000000000000000000 ) ) ;
#1038 = VERTEX_POINT ( 'NONE', #4212 ) ;
#1039 = CIRCLE ( 'NONE', #651, 4.000000000000001776 ) ;
#1040 = CARTESIAN_POINT ( 'NONE',  ( 119.1324020305583957, -4.872131520497873680, -0.1278684795021268750 ) ) ;
#1041 = CARTESIAN_POINT ( 'NONE',  ( 106.3994018659850269, -4.935956332719855233, -0.06404366728014657117 ) ) ;
#1042 = CARTESIAN_POINT ( 'NONE',  ( 89.21576228220553162, -0.2608011982980491528, 4.739198801701950181 ) ) ;
#1043 = CARTESIAN_POINT ( 'NONE',  ( 77.73827242307174856, -0.4974474678478743028, 4.502552532152126474 ) ) ;
#1044 = CARTESIAN_POINT ( 'NONE',  ( 58.77046193742613411, -4.832344906983796484, -0.1676550930162032382 ) ) ;
#1045 = DIRECTION ( 'NONE',  ( 0.000000000000000000, 0.000000000000000000, 1.000000000000000000 ) ) ;
#1046 = PERSON_AND_ORGANIZATION ( #4635, #6914 ) ;
#1047 = AXIS2_PLACEMENT_3D ( 'NONE', #2826, #3554, #1528 ) ;
#1048 = EDGE_CURVE ( 'NONE', #1471, #6222, #7097, .T. ) ;
#1049 = ORIENTED_EDGE ( 'NONE', *, *, #7204, .T. ) ;
#1050 = EDGE_CURVE ( 'NONE', #6908, #6426, #6800, .T. ) ;
#1051 = CARTESIAN_POINT ( 'NONE',  ( 0.000000000000000000, 0.000000000000000000, 0.000000000000000000 ) ) ;
#1052 = ORIENTED_EDGE ( 'NONE', *, *, #6631, .F. ) ;
#1053 = CARTESIAN_POINT ( 'NONE',  ( 106.3966523491559428, -0.06459124882792584288, -4.935408751172074560 ) ) ;
#1054 = TOROIDAL_SURFACE ( 'NONE', #6759, 1.000000000000000000, 4.000000000000000000 ) ;
#1055 = ORIENTED_EDGE ( 'NONE', *, *, #172, .F. ) ;
#1056 = CARTESIAN_POINT ( 'NONE',  ( 81.03423771780845186, -4.739198801696318242, -0.2608011983036805370 ) ) ;
#1057 = DIRECTION ( 'NONE',  ( 0.000000000000000000, 0.000000000000000000, 1.000000000000000000 ) ) ;
#1058 = CARTESIAN_POINT ( 'NONE',  ( 105.7500000000000000, 0.000000000000000000, 1.000000000000000000 ) ) ;
#1059 = CARTESIAN_POINT ( 'NONE',  ( 25.77046193742622648, -4.832344906983776056, 0.1676550930162240549 ) ) ;
#1060 = ORIENTED_EDGE ( 'NONE', *, *, #314, .T. ) ;
#1061 = B_SPLINE_CURVE_WITH_KNOTS ( 'NONE', 3,
 ( #447, #409, #3143, #1253, #8623, #5948, #1204, #3948, #8669, #8074, #8708, #2594, #7380, #2461, #3991, #6708 ),
 .UNSPECIFIED., .F., .F.,
 ( 4, 2, 2, 2, 2, 2, 2, 4 ),
 ( 4.818711198530449181E-07, 0.0008765200830205983071, 0.001314539188970971668, 0.001752558294921345138, 0.002190577400871718608, 0.002628596506822091644, 0.003066615612772464680, 0.003504634718722838150 ),
 .UNSPECIFIED. ) ;
#1062 = VERTEX_POINT ( 'NONE', #653 ) ;
#1063 = EDGE_CURVE ( 'NONE', #6765, #3670, #5378, .T. ) ;
#1064 = CYLINDRICAL_SURFACE ( 'NONE', #1092, 1.000000000000000000 ) ;
#1065 = CARTESIAN_POINT ( 'NONE',  ( 102.3533476508651034, -4.935408751168083086, -0.06459124883191602606 ) ) ;
#1066 = DIRECTION ( 'NONE',  ( 0.000000000000000000, 0.000000000000000000, 1.000000000000000000 ) ) ;
#1067 = VERTEX_POINT ( 'NONE', #4120 ) ;
#1068 = VECTOR ( 'NONE', #2072, 1000.000000000000000 ) ;
#1069 = DIRECTION ( 'NONE',  ( -1.000000000000000000, -0.000000000000000000, -0.000000000000000000 ) ) ;
#1070 = CARTESIAN_POINT ( 'NONE',  ( 43.87500000000000000, -3.671958834454339460, 1.328041165545660540 ) ) ;
#1071 = AXIS2_PLACEMENT_3D ( 'NONE', #2678, #31, #1956 ) ;
#1072 = AXIS2_PLACEMENT_3D ( 'NONE', #2309, #334, #1599 ) ;
#1073 = TOROIDAL_SURFACE ( 'NONE', #6934, 1.000000000000000000, 1.374999999999994227 ) ;
#1074 = EDGE_CURVE ( 'NONE', #1282, #8425, #3193, .T. ) ;
#1075 = CARTESIAN_POINT ( 'NONE',  ( 49.37500000000000000, -3.671958834454334575, -1.328041165545665647 ) ) ;
#1076 = CARTESIAN_POINT ( 'NONE',  ( 53.65967868777045169, -4.686141179195702833, 0.3138588208042963901 ) ) ;
#1077 = CARTESIAN_POINT ( 'NONE',  ( 49.37500000000000000, 0.000000000000000000, 0.000000000000000000 ) ) ;
#1078 = VERTEX_POINT ( 'NONE', #7555 ) ;
#1079 = CARTESIAN_POINT ( 'NONE',  ( 101.3325341254524545, -4.991957775359345817, -0.008042224640654653187 ) ) ;
#1080 = AXIS2_PLACEMENT_3D ( 'NONE', #4992, #2978, #3741 ) ;
#1081 = CARTESIAN_POINT ( 'NONE',  ( 87.87500000000000000, -3.671958834454344345, -1.328041165545655877 ) ) ;
#1082 = FACE_OUTER_BOUND ( 'NONE', #686, .T. ) ;
#1083 = B_SPLINE_CURVE_WITH_KNOTS ( 'NONE', 3,
 ( #5754, #5851, #8609, #7151, #8570, #2539, #1813, #2449, #8475, #436, #2356, #3172, #5095, #2491, #5226, #7933 ),
 .UNSPECIFIED., .F., .F.,
 ( 4, 2, 2, 2, 2, 2, 2, 4 ),
 ( 4.818711198681143754E-07, 0.0008765200830205597095, 0.001314539188970918543, 0.001752558294921277484, 0.002190577400871636642, 0.002628596506821994933, 0.003066615612772354092, 0.003504634718722713250 ),
 .UNSPECIFIED. ) ;
#1084 = ADVANCED_FACE ( 'NONE', ( #6840 ), #3824, .F. ) ;
#1085 = LINE ( 'NONE', #5295, #8241 ) ;
#1086 = ORIENTED_EDGE ( 'NONE', *, *, #7860, .T. ) ;
#1087 = DIRECTION ( 'NONE',  ( 0.000000000000000000, 0.000000000000000000, 1.000000000000000000 ) ) ;
#1088 = CARTESIAN_POINT ( 'NONE',  ( 72.35157376276966090, -0.4321793203680488471, -4.567820679631951819 ) ) ;
#1089 = CARTESIAN_POINT ( 'NONE',  ( 90.47774279211276394, -1.181610961419747395E-14, 4.999999999999989342 ) ) ;
#1090 = CARTESIAN_POINT ( 'NONE',  ( 77.14736572063976894, -0.9599107665869619499, 4.040089233413037384 ) ) ;
#1091 = DIRECTION ( 'NONE',  ( 0.000000000000000000, 0.000000000000000000, 1.000000000000000000 ) ) ;
#1092 = AXIS2_PLACEMENT_3D ( 'NONE', #8614, #6648, #6527 ) ;
#1093 = PERSON_AND_ORGANIZATION ( #4635, #6914 ) ;
#1094 = VERTEX_POINT ( 'NONE', #2143 ) ;
#1095 = CARTESIAN_POINT ( 'NONE',  ( 100.2500000000000000, 0.000000000000000000, 1.000000000000000000 ) ) ;
#1096 = TOROIDAL_SURFACE ( 'NONE', #6394, 1.000000000000000000, 4.000000000000000000 ) ;
#1097 = ORIENTED_EDGE ( 'NONE', *, *, #1383, .T. ) ;
#1098 = CIRCLE ( 'NONE', #6092, 1.000000000000000000 ) ;
#1099 = DIRECTION ( 'NONE',  ( -1.000000000000000000, -0.000000000000000000, -0.000000000000000000 ) ) ;
#1100 = EDGE_LOOP ( 'NONE', ( #7853, #3721, #6383 ) ) ;
#1101 = CARTESIAN_POINT ( 'NONE',  ( 43.01876480693204030, -0.4915337874217313718, 4.508466212578267296 ) ) ;
#1102 = DIRECTION ( 'NONE',  ( -1.000000000000000000, -0.000000000000000000, -0.000000000000000000 ) ) ;
#1103 = AXIS2_PLACEMENT_3D ( 'NONE', #1257, #7562, #1339 ) ;
#1104 = CARTESIAN_POINT ( 'NONE',  ( 97.53423771780843765, -4.739198801696314689, 0.2608011983036852000 ) ) ;
#1105 = B_SPLINE_CURVE_WITH_KNOTS ( 'NONE', 3,
 ( #7082, #3151, #5157, #5069, #2378, #7209, #8549, #3022, #8411, #2467, #1750, #451 ),
 .UNSPECIFIED., .F., .F.,
 ( 4, 2, 2, 2, 2, 4 ),
 ( 0.003504634718722711081, 0.003941423334001033750, 0.004378211949279357286, 0.005251789179836002623, 0.006125366410392647960, 0.006998943640949293298 ),
 .UNSPECIFIED. ) ;
#1106 = CARTESIAN_POINT ( 'NONE',  ( 26.03423771780840212, -4.739198801696341334, 0.2608011983036607195 ) ) ;
#1107 = EDGE_CURVE ( 'NONE', #5616, #1981, #4401, .T. ) ;
#1108 = EDGE_LOOP ( 'NONE', ( #7758, #1189, #843 ) ) ;
#1109 = AXIS2_PLACEMENT_3D ( 'NONE', #8249, #2315, #2275 ) ;
#1110 = AXIS2_PLACEMENT_3D ( 'NONE', #3188, #4409, #3101 ) ;
#1111 = ORIENTED_EDGE ( 'NONE', *, *, #7629, .T. ) ;
#1112 = TOROIDAL_SURFACE ( 'NONE', #7400, 1.000000000000000000, 3.999999999999997335 ) ;
#1113 = ORIENTED_EDGE ( 'NONE', *, *, #1371, .F. ) ;
#1114 = ORIENTED_EDGE ( 'NONE', *, *, #1767, .F. ) ;
#1115 = CIRCLE ( 'NONE', #6107, 3.904737509655560768 ) ;
#1116 = DIRECTION ( 'NONE',  ( 0.000000000000000000, -1.224646799147353207E-16, 1.000000000000000000 ) ) ;
#1117 = CARTESIAN_POINT ( 'NONE',  ( 34.47953806259079812, -0.1676550930109056703, -4.832344906989094468 ) ) ;
#1118 = TOROIDAL_SURFACE ( 'NONE', #1388, 0.6790153017205606822, 4.320984698279439762 ) ;
#1119 = AXIS2_PLACEMENT_3D ( 'NONE', #5665, #3753, #5714 ) ;
#1120 = CARTESIAN_POINT ( 'NONE',  ( 54.87499999999999289, 0.000000000000000000, 0.000000000000000000 ) ) ;
#1121 = CARTESIAN_POINT ( 'NONE',  ( 35.33253412545226979, -4.991957775359334271, 0.008042224640665882052 ) ) ;
#1122 = TOROIDAL_SURFACE ( 'NONE', #6112, 1.000000000000000000, 4.000000000000001776 ) ;
#1123 = CARTESIAN_POINT ( 'NONE',  ( 56.09032131224200413, -0.3138588207986854894, 4.686141179201314344 ) ) ;
#1124 = ADVANCED_FACE ( 'NONE', ( #2002 ), #4028, .F. ) ;
#1125 = EDGE_LOOP ( 'NONE', ( #5485, #5798, #6424, #8349 ) ) ;
#1126 = LINE ( 'NONE', #1962, #384 ) ;
#1127 = CARTESIAN_POINT ( 'NONE',  ( 2.804717449046281619, -6.098637220230962441E-17, 5.000000000000000000 ) ) ;
#1128 = CARTESIAN_POINT ( 'NONE',  ( 98.75399883711747862, -1.137203174285774887, 3.862796825714226667 ) ) ;
#1129 = VERTEX_POINT ( 'NONE', #8789 ) ;
#1130 = CARTESIAN_POINT ( 'NONE',  ( 101.4781564695780247, -5.000000000001025846, 1.024875031947747173E-12 ) ) ;
#1131 = AXIS2_PLACEMENT_3D ( 'NONE', #6777, #1510, #7635 ) ;
#1132 = CARTESIAN_POINT ( 'NONE',  ( 90.47815646957803892, -5.000000000001025846, 1.024879796508075883E-12 ) ) ;
#1133 = DIRECTION ( 'NONE',  ( -1.000000000000000000, -0.000000000000000000, -0.000000000000000000 ) ) ;
#1134 = ADVANCED_FACE ( 'NONE', ( #7460 ), #3089, .F. ) ;
#1135 = DIRECTION ( 'NONE',  ( -1.000000000000000000, -0.000000000000000000, -0.000000000000000000 ) ) ;
#1136 = VECTOR ( 'NONE', #1307, 1000.000000000000000 ) ;
#1137 = ORIENTED_EDGE ( 'NONE', *, *, #8330, .F. ) ;
#1138 = DIRECTION ( 'NONE',  ( 0.000000000000000000, 0.000000000000000000, -1.000000000000000000 ) ) ;
#1139 = CARTESIAN_POINT ( 'NONE',  ( 48.51876480693204030, -0.4915337874217309277, -4.508466212578269072 ) ) ;
#1140 = CARTESIAN_POINT ( 'NONE',  ( 79.62499999999978684, 2.819526785428872190E-13, 5.000000000000282441 ) ) ;
#1141 = CARTESIAN_POINT ( 'NONE',  ( 63.12499999999998579, 0.000000000000000000, 0.000000000000000000 ) ) ;
#1142 = EDGE_CURVE ( 'NONE', #72, #8073, #2989, .T. ) ;
#1143 = APPROVAL_DATE_TIME ( #8512, #56 ) ;
#1144 = EDGE_LOOP ( 'NONE', ( #2561, #5759, #1495 ) ) ;
#1145 = CARTESIAN_POINT ( 'NONE',  ( 98.87499999999998579, -1.328041165545675195, -3.671958834454324805 ) ) ;
#1146 = ORIENTED_EDGE ( 'NONE', *, *, #855, .F. ) ;
#1147 = CARTESIAN_POINT ( 'NONE',  ( 112.6250000000000000, 0.000000000000000000, 0.000000000000000000 ) ) ;
#1148 = ORIENTED_EDGE ( 'NONE', *, *, #1319, .F. ) ;
#1149 = FACE_OUTER_BOUND ( 'NONE', #5132, .T. ) ;
#1150 = CARTESIAN_POINT ( 'NONE',  ( 23.21576228220554583, -0.2608011982980508736, 4.739198801701948405 ) ) ;
#1151 = ADVANCED_FACE ( 'NONE', ( #4309 ), #6085, .T. ) ;
#1152 = CARTESIAN_POINT ( 'NONE',  ( 53.27046193742614832, -4.832344906983798261, -0.1676550930162034880 ) ) ;
#1153 = CARTESIAN_POINT ( 'NONE',  ( 26.72625045371992769, -4.359865889253486948, 0.6401341107465119418 ) ) ;
#1154 = ORIENTED_EDGE ( 'NONE', *, *, #4632, .T. ) ;
#1155 = ORIENTED_EDGE ( 'NONE', *, *, #5407, .T. ) ;
#1156 = ORIENTED_EDGE ( 'NONE', *, *, #8445, .T. ) ;
#1157 = CARTESIAN_POINT ( 'NONE',  ( 67.47821941570038007, -4.840676868225227025, -0.1593231317747710318 ) ) ;
#1158 = DIRECTION ( 'NONE',  ( 0.000000000000000000, 0.000000000000000000, 1.000000000000000000 ) ) ;
#1159 = CIRCLE ( 'NONE', #5381, 1.374999999999997780 ) ;
#1160 = CARTESIAN_POINT ( 'NONE',  ( 12.89665234915597836, -0.06459124882792127709, 4.935408751172080777 ) ) ;
#1161 = ORIENTED_EDGE ( 'NONE', *, *, #2528, .F. ) ;
#1162 = DIRECTION ( 'NONE',  ( -1.000000000000000000, -0.000000000000000000, -0.000000000000000000 ) ) ;
#1163 = CARTESIAN_POINT ( 'NONE',  ( 19.85059813401477058, -0.06404366728010731091, -4.935956332719893425 ) ) ;
#1164 = CARTESIAN_POINT ( 'NONE',  ( 88.51880044884222798, -4.366408635911694702, 0.6335913640883061859 ) ) ;
#1165 = VERTEX_POINT ( 'NONE', #5675 ) ;
#1166 = CARTESIAN_POINT ( 'NONE',  ( 85.12500000000000000, 0.000000000000000000, 0.000000000000000000 ) ) ;
#1167 = EDGE_CURVE ( 'NONE', #4726, #2167, #3817, .T. ) ;
#1168 = CARTESIAN_POINT ( 'NONE',  ( 83.97953806259080523, -0.1676550930109082516, 4.832344906989090916 ) ) ;
#1169 = ADVANCED_FACE ( 'NONE', ( #5015 ), #808, .T. ) ;
#1170 = FACE_OUTER_BOUND ( 'NONE', #200, .T. ) ;
#1171 = CARTESIAN_POINT ( 'NONE',  ( 86.27178058431634611, -0.1593231317801521441, 4.840676868219847329 ) ) ;
#1172 = CARTESIAN_POINT ( 'NONE',  ( 31.27046193740903135, -4.832344906989146871, -0.1676550930108542392 ) ) ;
#1173 = CARTESIAN_POINT ( 'NONE',  ( 18.39940186600657057, -4.935956332723929307, 0.06404366727607120613 ) ) ;
#1174 = CARTESIAN_POINT ( 'NONE',  ( 71.49600116288350193, -3.862796825715729021, -1.137203174284272089 ) ) ;
#1175 = EDGE_CURVE ( 'NONE', #6694, #8385, #7242, .T. ) ;
#1176 = ORIENTED_EDGE ( 'NONE', *, *, #1870, .T. ) ;
#1177 = CARTESIAN_POINT ( 'NONE',  ( 119.6596786877705512, -4.686141179195657536, -0.3138588208043440742 ) ) ;
#1178 = CARTESIAN_POINT ( 'NONE',  ( 77.73827242307174856, -0.4974474678478745249, -4.502552532152126474 ) ) ;
#1179 = CARTESIAN_POINT ( 'NONE',  ( 46.91746587457269868, -0.008042224642534800266, -4.991957775357466431 ) ) ;
#1180 = DIRECTION ( 'NONE',  ( -1.000000000000000000, -0.000000000000000000, -0.000000000000000000 ) ) ;
#1181 = CARTESIAN_POINT ( 'NONE',  ( 80.20631021352427581, -0.03993437491703637210, -4.960065625082964225 ) ) ;
#1182 = CALENDAR_DATE ( 2026, 16, 2 ) ;
#1183 = B_SPLINE_CURVE_WITH_KNOTS ( 'NONE', 3,
 ( #2665, #5310, #8019, #6109, #694, #2713, #8734, #7541, #1362, #8063, #3265, #5348 ),
 .UNSPECIFIED., .F., .F.,
 ( 4, 2, 2, 2, 2, 4 ),
 ( 0.003504634718750201244, 0.003941423334025086558, 0.004378211949299971872, 0.005251789179849742500, 0.006125366410399512261, 0.006998943640949282889 ),
 .UNSPECIFIED. ) ;
#1184 = CIRCLE ( 'NONE', #4344, 1.374999999999994227 ) ;
#1185 = EDGE_CURVE ( 'NONE', #3670, #1981, #1238, .T. ) ;
#1186 = FACE_OUTER_BOUND ( 'NONE', #6192, .T. ) ;
#1187 = ORIENTED_EDGE ( 'NONE', *, *, #7095, .T. ) ;
#1188 = CARTESIAN_POINT ( 'NONE',  ( 0.000000000000000000, 0.000000000000000000, 0.000000000000000000 ) ) ;
#1189 = ORIENTED_EDGE ( 'NONE', *, *, #8189, .T. ) ;
#1190 = CARTESIAN_POINT ( 'NONE',  ( 22.52374954628649917, -0.6401341107417616305, 4.359865889258239591 ) ) ;
#1191 = DIRECTION ( 'NONE',  ( -1.000000000000000000, -0.000000000000000000, -0.000000000000000000 ) ) ;
#1192 = CARTESIAN_POINT ( 'NONE',  ( 35.62500000000000000, 1.224646799147353207E-16, -1.000000000000000000 ) ) ;
#1193 = EDGE_LOOP ( 'NONE', ( #751, #4689, #731, #2612, #6661, #6014 ) ) ;
#1194 = EDGE_CURVE ( 'NONE', #7350, #650, #6243, .T. ) ;
#1195 = CARTESIAN_POINT ( 'NONE',  ( 66.51880044884224219, -4.366408635911692926, -0.6335913640883088505 ) ) ;
#1197 = CARTESIAN_POINT ( 'NONE',  ( 132.6250000000000000, 0.000000000000000000, -5.000000000000000000 ) ) ;
#1196 = AXIS2_PLACEMENT_3D ( 'NONE', #2305, #4333, #8423 ) ;
#1198 = CYLINDRICAL_SURFACE ( 'NONE', #7123, 1.000000000000000000 ) ;
#1199 = CARTESIAN_POINT ( 'NONE',  ( 13.62499999999979039, 2.854271752256853163E-13, 5.000000000000285105 ) ) ;
#1200 = ORIENTED_EDGE ( 'NONE', *, *, #1525, .F. ) ;
#1201 = DIRECTION ( 'NONE',  ( 0.000000000000000000, 0.000000000000000000, 1.000000000000000000 ) ) ;
#1202 = CYLINDRICAL_SURFACE ( 'NONE', #5934, 1.000000000000000000 ) ;
#1203 = CARTESIAN_POINT ( 'NONE',  ( 93.64736572063975473, -0.9599107665869606176, 4.040089233413039160 ) ) ;
#1204 = CARTESIAN_POINT ( 'NONE',  ( 20.89842623724021919, -4.567820679626493074, -0.4321793203735063149 ) ) ;
#1205 = CARTESIAN_POINT ( 'NONE',  ( 4.679924016395770714, -0.6328726800982308331, 4.367127319901767279 ) ) ;
#1206 = DIRECTION ( 'NONE',  ( -1.000000000000000000, -0.000000000000000000, -0.000000000000000000 ) ) ;
#1207 = ORIENTED_EDGE ( 'NONE', *, *, #7606, .F. ) ;
#1208 = DIRECTION ( 'NONE',  ( -1.000000000000000000, -0.000000000000000000, -0.000000000000000000 ) ) ;
#1209 = CARTESIAN_POINT ( 'NONE',  ( 32.87500000000000000, -3.671958834454334575, -1.328041165545665647 ) ) ;
#1210 = CARTESIAN_POINT ( 'NONE',  ( 12.25000000000000000, 0.000000000000000000, 0.000000000000000000 ) ) ;
#1211 = TOROIDAL_SURFACE ( 'NONE', #3364, 1.000000000000000000, 3.999999999999999112 ) ;
#1212 = CIRCLE ( 'NONE', #3509, 1.375000000000000000 ) ;
#1213 = EDGE_CURVE ( 'NONE', #5149, #5527, #6599, .T. ) ;
#1214 = ADVANCED_FACE ( 'NONE', ( #5231 ), #1064, .F. ) ;
#1215 = AXIS2_PLACEMENT_3D ( 'NONE', #1454, #2211, #1552 ) ;
#1216 = CARTESIAN_POINT ( 'NONE',  ( 55.51880044884219956, -4.366408635911660063, 0.6335913640883393816 ) ) ;
#1217 = EDGE_LOOP ( 'NONE', ( #5098, #1805, #3430, #2723 ) ) ;
#1218 = AXIS2_PLACEMENT_3D ( 'NONE', #6893, #6225, #2152 ) ;
#1219 = CIRCLE ( 'NONE', #2648, 3.904737509655568761 ) ;
#1220 = DIRECTION ( 'NONE',  ( -1.000000000000000000, -0.000000000000000000, -0.000000000000000000 ) ) ;
#1221 = CARTESIAN_POINT ( 'NONE',  ( 49.25399883711745730, -1.137203174285768448, -3.862796825714232440 ) ) ;
#1222 = FACE_OUTER_BOUND ( 'NONE', #2856, .T. ) ;
#1223 = CARTESIAN_POINT ( 'NONE',  ( 59.39842623724020854, -4.567820679626502844, 0.4321793203734966005 ) ) ;
#1224 = ORIENTED_EDGE ( 'NONE', *, *, #1659, .F. ) ;
#1225 = CARTESIAN_POINT ( 'NONE',  ( 117.5436897864983479, -4.960065625086349961, -0.03993437491365044861 ) ) ;
#1226 = B_SPLINE_CURVE_WITH_KNOTS ( 'NONE', 3,
 ( #1209, #8037, #1921, #616, #5367, #6082, #6663, #4032, #575, #1172, #3287, #3321, #7385, #1966, #3953, #4076 ),
 .UNSPECIFIED., .F., .F.,
 ( 4, 2, 2, 2, 2, 2, 2, 4 ),
 ( 4.818711198520267845E-07, 0.0008765200830274905803, 0.001314539188981317126, 0.001752558294935143562, 0.002190577400888969999, 0.002628596506842796870, 0.003066615612796623307, 0.003504634718750449743 ),
 .UNSPECIFIED. ) ;
#1227 = ADVANCED_FACE ( 'NONE', ( #4607 ), #2380, .T. ) ;
#1228 = CARTESIAN_POINT ( 'NONE',  ( 96.12499999999998579, 0.000000000000000000, 0.000000000000000000 ) ) ;
#1229 = ORIENTED_EDGE ( 'NONE', *, *, #505, .F. ) ;
#1230 = CARTESIAN_POINT ( 'NONE',  ( 105.7157622822055316, -0.2608011982980558141, -4.739198801701944852 ) ) ;
#1231 = ORIENTED_EDGE ( 'NONE', *, *, #4905, .F. ) ;
#1232 = DIRECTION ( 'NONE',  ( 0.000000000000000000, 0.000000000000000000, 1.000000000000000000 ) ) ;
#1233 = B_SPLINE_CURVE_WITH_KNOTS ( 'NONE', 3,
 ( #3, #581, #5332, #2012, #1263, #8128, #1440, #8090, #5459, #720, #2696, #4174 ),
 .UNSPECIFIED., .F., .F.,
 ( 4, 2, 2, 2, 2, 4 ),
 ( 0.003504634718750216423, 0.003941423334025103038, 0.004378211949299989220, 0.005251789179849763317, 0.006125366410399537415, 0.006998943640949311512 ),
 .UNSPECIFIED. ) ;
#1234 = CARTESIAN_POINT ( 'NONE',  ( 72.75000000000001421, 0.000000000000000000, 0.000000000000000000 ) ) ;
#1235 = CARTESIAN_POINT ( 'NONE',  ( 79.62499999999978684, 2.819526785428872190E-13, 5.000000000000282441 ) ) ;
#1236 = DIRECTION ( 'NONE',  ( -1.000000000000000000, -0.000000000000000000, -0.000000000000000000 ) ) ;
#1237 = EDGE_CURVE ( 'NONE', #8020, #6015, #3542, .T. ) ;
#1238 = CIRCLE ( 'NONE', #6795, 3.904737509655564320 ) ;
#1239 = ORIENTED_EDGE ( 'NONE', *, *, #8800, .T. ) ;
#1240 = CARTESIAN_POINT ( 'NONE',  ( 17.75000000000000000, 0.000000000000000000, 0.000000000000000000 ) ) ;
#1241 = DIRECTION ( 'NONE',  ( 0.000000000000000000, -1.224646799147353207E-16, 1.000000000000000000 ) ) ;
#1242 = AXIS2_PLACEMENT_3D ( 'NONE', #8809, #4038, #4797 ) ;
#1243 = DIRECTION ( 'NONE',  ( 0.000000000000000000, 0.000000000000000000, 1.000000000000000000 ) ) ;
#1244 = DIRECTION ( 'NONE',  ( 0.000000000000000000, 0.000000000000000000, 1.000000000000000000 ) ) ;
#1245 = TOROIDAL_SURFACE ( 'NONE', #7388, 1.000000000000000000, 4.000000000000000000 ) ;
#1246 = CYLINDRICAL_SURFACE ( 'NONE', #6257, 1.000000000000000000 ) ;
#1247 = DIRECTION ( 'NONE',  ( -1.000000000000000000, -0.000000000000000000, -0.000000000000000000 ) ) ;
#1248 = EDGE_CURVE ( 'NONE', #7851, #2030, #8176, .T. ) ;
#1249 = EDGE_LOOP ( 'NONE', ( #4991, #8209, #7276 ) ) ;
#1250 = TOROIDAL_SURFACE ( 'NONE', #2392, 1.000000000000000000, 3.999999999999997335 ) ;
#1251 = TOROIDAL_SURFACE ( 'NONE', #5825, 1.000000000000000000, 1.500000000000000000 ) ;
#1252 = AXIS2_PLACEMENT_3D ( 'NONE', #5031, #7839, #4325 ) ;
#1253 = CARTESIAN_POINT ( 'NONE',  ( 21.32722873042056122, -4.282386290035423038, -0.7176137099645770734 ) ) ;
#1254 = CARTESIAN_POINT ( 'NONE',  ( 46.62500000000000000, 0.000000000000000000, 1.000000000000000000 ) ) ;
#1255 = AXIS2_PLACEMENT_3D ( 'NONE', #2548, #4608, #6566 ) ;
#1256 = ORIENTED_EDGE ( 'NONE', *, *, #2336, .F. ) ;
#1257 = CARTESIAN_POINT ( 'NONE',  ( 2.500000000000000444, 8.315539158241589875E-17, -0.6790153017205606822 ) ) ;
#1258 = CARTESIAN_POINT ( 'NONE',  ( 19.12500000000000000, 0.000000000000000000, 0.000000000000000000 ) ) ;
#1259 = CIRCLE ( 'NONE', #8676, 3.904737509655557215 ) ;
#1260 = DIRECTION ( 'NONE',  ( 0.000000000000000000, 0.000000000000000000, 1.000000000000000000 ) ) ;
#1261 = CARTESIAN_POINT ( 'NONE',  ( 71.37500000000000000, -3.671958834454324805, -1.328041165545675195 ) ) ;
#1262 = DIRECTION ( 'NONE',  ( 0.000000000000000000, 0.000000000000000000, -1.000000000000000000 ) ) ;
#1263 = CARTESIAN_POINT ( 'NONE',  ( 69.35059813401478834, -0.06404366728011004484, 4.935956332719890760 ) ) ;
#1264 = EDGE_CURVE ( 'NONE', #6222, #6646, #2234, .T. ) ;
#1265 = CARTESIAN_POINT ( 'NONE',  ( 76.87500000000000000, -3.671958834454324805, 1.328041165545675195 ) ) ;
#1266 = DIRECTION ( 'NONE',  ( -1.000000000000000000, -0.000000000000000000, -0.000000000000000000 ) ) ;
#1267 = CARTESIAN_POINT ( 'NONE',  ( 104.3750000000000000, 0.000000000000000000, 3.904737509655557659 ) ) ;
#1268 = AXIS2_PLACEMENT_3D ( 'NONE', #2970, #3608, #8412 ) ;
#1269 = DIRECTION ( 'NONE',  ( 0.000000000000000000, 0.000000000000000000, 1.000000000000000000 ) ) ;
#1270 = CARTESIAN_POINT ( 'NONE',  ( 107.2718435304483791, 5.501196648100931109E-15, 5.000000000000007105 ) ) ;
#1271 = ORIENTED_EDGE ( 'NONE', *, *, #7629, .F. ) ;
#1272 = EDGE_CURVE ( 'NONE', #7561, #1548, #7938, .T. ) ;
#1273 = DIRECTION ( 'NONE',  ( -1.000000000000000000, -0.000000000000000000, -0.000000000000000000 ) ) ;
#1274 = EDGE_CURVE ( 'NONE', #3438, #1363, #8362, .T. ) ;
#1275 = ORIENTED_EDGE ( 'NONE', *, *, #1436, .F. ) ;
#1276 = ORIENTED_EDGE ( 'NONE', *, *, #7881, .T. ) ;
#1277 = FACE_OUTER_BOUND ( 'NONE', #427, .T. ) ;
#1278 = DIRECTION ( 'NONE',  ( 0.000000000000000000, 0.000000000000000000, 1.000000000000000000 ) ) ;
#1279 = CIRCLE ( 'NONE', #2423, 3.999999999999996447 ) ;
#1280 = CARTESIAN_POINT ( 'NONE',  ( 63.12499999999998579, 1.224646799147353207E-16, -1.000000000000000000 ) ) ;
#1281 = CARTESIAN_POINT ( 'NONE',  ( 109.8749999999999858, -1.328041165545655877, -3.671958834454344345 ) ) ;
#1282 = VERTEX_POINT ( 'NONE', #1822 ) ;
#1283 = ORIENTED_EDGE ( 'NONE', *, *, #5779, .T. ) ;
#1284 = DIRECTION ( 'NONE',  ( 0.000000000000000000, -1.224646799147353207E-16, 1.000000000000000000 ) ) ;
#1285 = DIRECTION ( 'NONE',  ( -1.000000000000000000, -0.000000000000000000, -0.000000000000000000 ) ) ;
#1286 = EDGE_CURVE ( 'NONE', #3914, #3792, #2958, .T. ) ;
#1287 = CARTESIAN_POINT ( 'NONE',  ( 50.35157376276963959, -0.4321793203680422413, 4.567820679631958924 ) ) ;
#1288 = B_SPLINE_CURVE_WITH_KNOTS ( 'NONE', 3,
 ( #3153, #6422, #232, #1588, #8504, #2430, #5874, #8454, #6462, #7747, #2337, #5073 ),
 .UNSPECIFIED., .F., .F.,
 ( 4, 2, 2, 2, 2, 4 ),
 ( 0.003504634718750183030, 0.003941423334025069211, 0.004378211949299955393, 0.005251789179849728623, 0.006125366410399502720, 0.006998943640949275950 ),
 .UNSPECIFIED. ) ;
#1289 = FACE_BOUND ( 'NONE', #4688, .T. ) ;
#1290 = EDGE_LOOP ( 'NONE', ( #7924, #2146, #4569 ) ) ;
#1291 = CARTESIAN_POINT ( 'NONE',  ( 106.9777427921127781, -1.286643046879280480E-14, 4.999999999999986677 ) ) ;
#1292 = FACE_OUTER_BOUND ( 'NONE', #2931, .T. ) ;
#1293 = ORIENTED_EDGE ( 'NONE', *, *, #1185, .F. ) ;
#1294 = CARTESIAN_POINT ( 'NONE',  ( 95.11759796945995049, -0.1278684794971776395, 4.872131520502823498 ) ) ;
#1295 = CARTESIAN_POINT ( 'NONE',  ( 8.125000000027860381, -5.000000000000000888, -4.336808689942017736E-16 ) ) ;
#1296 = CARTESIAN_POINT ( 'NONE',  ( 3.950767519260592664, -0.2549259710288356295, 4.745074028971164815 ) ) ;
#1297 = EDGE_CURVE ( 'NONE', #1067, #150, #8823, .T. ) ;
#1298 = ORIENTED_EDGE ( 'NONE', *, *, #6883, .F. ) ;
#1299 = CARTESIAN_POINT ( 'NONE',  ( 43.87500000000000000, -1.328041165545660540, 3.671958834454339460 ) ) ;
#1300 = CARTESIAN_POINT ( 'NONE',  ( 23.47953806259080167, -0.1676550930109052540, -4.832344906989095357 ) ) ;
#1301 = CARTESIAN_POINT ( 'NONE',  ( 30.12500000000000000, 1.224646799147353207E-16, -1.000000000000000000 ) ) ;
#1302 = CARTESIAN_POINT ( 'NONE',  ( 72.23123519307654306, -4.508466212583692290, -0.4915337874163090981 ) ) ;
#1303 = CARTESIAN_POINT ( 'NONE',  ( 50.75000000000000000, 1.224646799147353207E-16, -1.000000000000000000 ) ) ;
#1304 = DIRECTION ( 'NONE',  ( -1.000000000000000000, -0.000000000000000000, -0.000000000000000000 ) ) ;
#1305 = CARTESIAN_POINT ( 'NONE',  ( 121.4259639027861368, -4.284940244090469363, -0.7150597559095321909 ) ) ;
#1306 = CARTESIAN_POINT ( 'NONE',  ( 65.32722873042054346, -4.282386290035394616, -0.7176137099646044959 ) ) ;
#1307 = DIRECTION ( 'NONE',  ( -1.000000000000000000, -0.000000000000000000, -0.000000000000000000 ) ) ;
#1308 = CARTESIAN_POINT ( 'NONE',  ( 68.62499999999998579, 1.224646799147353207E-16, -1.000000000000000000 ) ) ;
#1309 = CARTESIAN_POINT ( 'NONE',  ( 39.23827242307174146, -0.4974474678478682521, -4.502552532152131803 ) ) ;
#1310 = EDGE_LOOP ( 'NONE', ( #8146, #8710, #3045, #7927 ) ) ;
#1311 = CARTESIAN_POINT ( 'NONE',  ( 72.75000000000001421, 0.000000000000000000, 0.000000000000000000 ) ) ;
#1312 = ORIENTED_EDGE ( 'NONE', *, *, #2385, .F. ) ;
#1313 = ORIENTED_EDGE ( 'NONE', *, *, #8052, .F. ) ;
#1314 = CARTESIAN_POINT ( 'NONE',  ( 13.62499999999979039, 2.854271752256853163E-13, 5.000000000000285105 ) ) ;
#1315 = DIRECTION ( 'NONE',  ( -1.000000000000000000, -0.000000000000000000, -0.000000000000000000 ) ) ;
#1316 = CARTESIAN_POINT ( 'NONE',  ( 119.1324020305583957, -4.872131520497874568, 0.1278684795021269582 ) ) ;
#1317 = CARTESIAN_POINT ( 'NONE',  ( 123.6249999999999858, 0.000000000000000000, 0.000000000000000000 ) ) ;
#1318 = TOROIDAL_SURFACE ( 'NONE', #2903, 1.000000000000000000, 3.999999999999999112 ) ;
#1319 = EDGE_CURVE ( 'NONE', #755, #1062, #4095, .T. ) ;
#1320 = EDGE_CURVE ( 'NONE', #6589, #3957, #6395, .T. ) ;
#1321 = ORIENTED_EDGE ( 'NONE', *, *, #3822, .T. ) ;
#1322 = EDGE_LOOP ( 'NONE', ( #3110, #4216, #6291 ) ) ;
#1323 = DIRECTION ( 'NONE',  ( 0.000000000000000000, 0.000000000000000000, -1.000000000000000000 ) ) ;
#1324 = CARTESIAN_POINT ( 'NONE',  ( 57.77184353044837906, 1.083175145036958279E-14, -5.000000000000012434 ) ) ;
#1325 = CARTESIAN_POINT ( 'NONE',  ( 13.77184353044838261, 9.457652251686294068E-15, -5.000000000000008882 ) ) ;
#1326 = AXIS2_PLACEMENT_3D ( 'NONE', #4990, #4284, #3611 ) ;
#1327 = CARTESIAN_POINT ( 'NONE',  ( 105.0237495462864814, -0.6401341107417677367, 4.359865889258232485 ) ) ;
#1328 = DIRECTION ( 'NONE',  ( -1.000000000000000000, -0.000000000000000000, -0.000000000000000000 ) ) ;
#1329 = VERTEX_POINT ( 'NONE', #4056 ) ;
#1330 = ADVANCED_FACE ( 'NONE', ( #600 ), #6805, .T. ) ;
#1331 = CARTESIAN_POINT ( 'NONE',  ( 26.51172757693694138, -4.502552532146836484, -0.4974474678531630167 ) ) ;
#1332 = CIRCLE ( 'NONE', #5477, 1.000000000000000000 ) ;
#1333 = CARTESIAN_POINT ( 'NONE',  ( 5.496001162883500157, -3.862796825715728133, -1.137203174284270979 ) ) ;
#1334 = CYLINDRICAL_SURFACE ( 'NONE', #3125, 1.000000000000000000 ) ;
#1335 = B_SPLINE_CURVE_WITH_KNOTS ( 'NONE', 3,
 ( #3217, #8649, #2536, #3928, #8473, #5271, #4601, #7977, #2353, #7812, #1694, #4434, #341, #5140, #3080, #5801 ),
 .UNSPECIFIED., .F., .F.,
 ( 4, 2, 2, 2, 2, 2, 2, 4 ),
 ( 4.818711198469100702E-07, 0.0008765200830274378881, 0.001314539188981229956, 0.001752558294935022349, 0.002190577400888814308, 0.002628596506842606050, 0.003066615612796398226, 0.003504634718750189969 ),
 .UNSPECIFIED. ) ;
#1336 = VECTOR ( 'NONE', #2886, 1000.000000000000000 ) ;
#1337 = CARTESIAN_POINT ( 'NONE',  ( 76.99621622079729377, -1.136863993905388615, -3.863136006094610941 ) ) ;
#1338 = EDGE_LOOP ( 'NONE', ( #4898, #1821, #7108, #8747 ) ) ;
#1339 = DIRECTION ( 'NONE',  ( 0.000000000000000000, -1.224646799147352961E-16, 1.000000000000000000 ) ) ;
#1340 = CARTESIAN_POINT ( 'NONE',  ( 20.49999999999999645, 0.000000000000000000, 0.000000000000000000 ) ) ;
#1341 = DIRECTION ( 'NONE',  ( -1.000000000000000000, -0.000000000000000000, -0.000000000000000000 ) ) ;
#1342 = EDGE_CURVE ( 'NONE', #2481, #210, #2532, .T. ) ;
#1343 = CARTESIAN_POINT ( 'NONE',  ( 21.75399883711744664, -1.137203174285766005, -3.862796825714234661 ) ) ;
#1344 = CARTESIAN_POINT ( 'NONE',  ( 41.12500000002778933, -5.000000000000000888, -4.336808689942017736E-16 ) ) ;
#1345 = LINE ( 'NONE', #4083, #5087 ) ;
#1346 = FACE_OUTER_BOUND ( 'NONE', #2207, .T. ) ;
#1347 = DIRECTION ( 'NONE',  ( 0.000000000000000000, 0.000000000000000000, 1.000000000000000000 ) ) ;
#1348 = TOROIDAL_SURFACE ( 'NONE', #8047, 1.000000000000000000, 1.374999999999994227 ) ;
#1349 = EDGE_CURVE ( 'NONE', #982, #919, #6495, .T. ) ;
#1350 = DIRECTION ( 'NONE',  ( 0.000000000000000000, -1.000000000000000000, 0.000000000000000000 ) ) ;
#1351 = B_SPLINE_CURVE_WITH_KNOTS ( 'NONE', 3,
 ( #1688, #5618, #3623, #4336, #7051, #4953, #915, #3668, #2854, #2176, #6340, #6384 ),
 .UNSPECIFIED., .F., .F.,
 ( 4, 2, 2, 2, 2, 4 ),
 ( 0.003504634718750197775, 0.003941423334025084824, 0.004378211949299972740, 0.005251789179849742500, 0.006125366410399513128, 0.006998943640949282022 ),
 .UNSPECIFIED. ) ;
#1352 = AXIS2_PLACEMENT_3D ( 'NONE', #7662, #191, #954 ) ;
#1353 = TOROIDAL_SURFACE ( 'NONE', #3209, 1.000000000000000000, 4.000000000000000000 ) ;
#1354 = DIRECTION ( 'NONE',  ( 0.000000000000000000, -1.224646799147353207E-16, 1.000000000000000000 ) ) ;
#1355 = DIRECTION ( 'NONE',  ( 0.000000000000000000, 0.000000000000000000, -1.000000000000000000 ) ) ;
#1356 = ORIENTED_EDGE ( 'NONE', *, *, #4458, .T. ) ;
#1357 = ORIENTED_EDGE ( 'NONE', *, *, #6220, .F. ) ;
#1358 = CARTESIAN_POINT ( 'NONE',  ( 24.62500000000000000, 0.000000000000000000, 1.000000000000000000 ) ) ;
#1359 = DIRECTION ( 'NONE',  ( 0.000000000000000000, 0.000000000000000000, -1.000000000000000000 ) ) ;
#1360 = CARTESIAN_POINT ( 'NONE',  ( 0.000000000000000000, 0.000000000000000000, 0.000000000000000000 ) ) ;
#1361 = CARTESIAN_POINT ( 'NONE',  ( 118.8533476508650608, -4.935408751168083974, 0.06459124883191601219 ) ) ;
#1362 = CARTESIAN_POINT ( 'NONE',  ( 26.73119955116402124, -0.6335913640930922464, 4.366408635906907421 ) ) ;
#1363 = VERTEX_POINT ( 'NONE', #2806 ) ;
#1364 = ORIENTED_EDGE ( 'NONE', *, *, #8215, .T. ) ;
#1365 = DIRECTION ( 'NONE',  ( 0.000000000000000000, -1.000000000000000000, 0.000000000000000000 ) ) ;
#1366 = CARTESIAN_POINT ( 'NONE',  ( 4.455052819054373892, -4.508555833051967277, -0.4914441669480343333 ) ) ;
#1367 = ORIENTED_EDGE ( 'NONE', *, *, #1734, .F. ) ;
#1368 = CARTESIAN_POINT ( 'NONE',  ( 118.1249999999999858, 0.000000000000000000, 0.000000000000000000 ) ) ;
#1369 = CARTESIAN_POINT ( 'NONE',  ( 39.01880044884221377, -4.366408635911658287, 0.6335913640883421571 ) ) ;
#1370 = CARTESIAN_POINT ( 'NONE',  ( 32.87500000000000000, -3.671958834454334575, -1.328041165545665647 ) ) ;
#1371 = EDGE_CURVE ( 'NONE', #383, #7714, #3686, .T. ) ;
#1372 = CARTESIAN_POINT ( 'NONE',  ( 75.89842623724027248, -4.567820679626460212, -0.4321793203735402322 ) ) ;
#1373 = CARTESIAN_POINT ( 'NONE',  ( 33.14736572063976894, -0.9599107665869519579, 4.040089233413046266 ) ) ;
#1374 = ORIENTED_EDGE ( 'NONE', *, *, #8800, .F. ) ;
#1375 = CIRCLE ( 'NONE', #6660, 1.000000000000000000 ) ;
#1376 = CARTESIAN_POINT ( 'NONE',  ( 19.12500000000000000, 0.000000000000000000, 1.000000000000000000 ) ) ;
#1377 = CARTESIAN_POINT ( 'NONE',  ( 132.6250000000000000, 0.000000000000000000, 0.000000000000000000 ) ) ;
#1378 = ORIENTED_EDGE ( 'NONE', *, *, #682, .T. ) ;
#1379 = AXIS2_PLACEMENT_3D ( 'NONE', #4795, #3293, #620 ) ;
#1380 = CIRCLE ( 'NONE', #7960, 3.999999999999996447 ) ;
#1381 = CARTESIAN_POINT ( 'NONE',  ( 28.23123519306787799, -4.508466212578220222, 0.4915337874217803882 ) ) ;
#1382 = ORIENTED_EDGE ( 'NONE', *, *, #1535, .T. ) ;
#1383 = EDGE_CURVE ( 'NONE', #713, #5230, #4102, .T. ) ;
#1384 = CARTESIAN_POINT ( 'NONE',  ( 58.35059813401475992, -0.06404366728010571497, 4.935956332719894313 ) ) ;
#1385 = CARTESIAN_POINT ( 'NONE',  ( 18.39665234915597836, -0.06459124882792140199, -4.935408751172079000 ) ) ;
#1386 = DIRECTION ( 'NONE',  ( 0.000000000000000000, -1.000000000000000000, 0.000000000000000000 ) ) ;
#1387 = CIRCLE ( 'NONE', #3392, 3.904737509655557215 ) ;
#1388 = AXIS2_PLACEMENT_3D ( 'NONE', #645, #6831, #701 ) ;
#1389 = AXIS2_PLACEMENT_3D ( 'NONE', #2082, #745, #6208 ) ;
#1390 = CIRCLE ( 'NONE', #7700, 3.904737509655557215 ) ;
#1391 = CARTESIAN_POINT ( 'NONE',  ( 35.62500000000000000, 1.224646799147353207E-16, -1.000000000000000000 ) ) ;
#1392 = CIRCLE ( 'NONE', #1255, 3.904737509655568761 ) ;
#1393 = DIRECTION ( 'NONE',  ( 0.000000000000000000, 0.000000000000000000, 1.000000000000000000 ) ) ;
#1394 = CARTESIAN_POINT ( 'NONE',  ( 76.87500000000000000, 0.000000000000000000, 3.904737509655557659 ) ) ;
#1395 = CIRCLE ( 'NONE', #7542, 3.999999999999997335 ) ;
#1396 = EDGE_CURVE ( 'NONE', #8342, #4428, #7817, .T. ) ;
#1397 = FACE_OUTER_BOUND ( 'NONE', #2588, .T. ) ;
#1398 = CARTESIAN_POINT ( 'NONE',  ( 112.0436897864983194, -4.960065625086346408, 0.03993437491365134373 ) ) ;
#1399 = CARTESIAN_POINT ( 'NONE',  ( 21.01172757693692716, -4.502552532146848030, 0.4974474678531527472 ) ) ;
#1400 = DIRECTION ( 'NONE',  ( 0.000000000000000000, 0.000000000000000000, 1.000000000000000000 ) ) ;
#1401 = TOROIDAL_SURFACE ( 'NONE', #5689, 1.000000000000000000, 4.000000000000000000 ) ;
#1402 = LINE ( 'NONE', #54, #6262 ) ;
#1403 = FACE_OUTER_BOUND ( 'NONE', #5766, .T. ) ;
#1404 = DIRECTION ( 'NONE',  ( -1.000000000000000000, -0.000000000000000000, -0.000000000000000000 ) ) ;
#1405 = DIRECTION ( 'NONE',  ( -1.000000000000000000, -0.000000000000000000, -0.000000000000000000 ) ) ;
#1406 = ORIENTED_EDGE ( 'NONE', *, *, #2600, .T. ) ;
#1407 = EDGE_CURVE ( 'NONE', #1012, #6918, #8661, .T. ) ;
#1408 = ORIENTED_EDGE ( 'NONE', *, *, #6002, .F. ) ;
#1409 = CARTESIAN_POINT ( 'NONE',  ( 14.77178058431636920, -0.1593231317801512836, 4.840676868219850881 ) ) ;
#1410 = DIRECTION ( 'NONE',  ( -0.000000000000000000, 1.000000000000000000, 1.224646799147353207E-16 ) ) ;
#1411 = DIRECTION ( 'NONE',  ( 0.000000000000000000, 0.000000000000000000, -1.000000000000000000 ) ) ;
#1412 = CARTESIAN_POINT ( 'NONE',  ( 120.2262504537199561, -4.359865889253468296, 0.6401341107465335911 ) ) ;
#1413 = CARTESIAN_POINT ( 'NONE',  ( 25.35059813401477413, -0.06404366728010667253, -4.935956332719893425 ) ) ;
#1414 = EDGE_LOOP ( 'NONE', ( #4578, #1224, #1461 ) ) ;
#1415 = ORIENTED_EDGE ( 'NONE', *, *, #7890, .F. ) ;
#1416 = CARTESIAN_POINT ( 'NONE',  ( 61.97953806259079101, -0.1676550930109052262, -4.832344906989093580 ) ) ;
#1417 = CARTESIAN_POINT ( 'NONE',  ( 63.27225720791398800, -4.999999999998968825, 1.030226691987616836E-12 ) ) ;
#1418 = VECTOR ( 'NONE', #292, 1000.000000000000000 ) ;
#1419 = ADVANCED_FACE ( 'NONE', ( #8144 ), #7523, .F. ) ;
#1420 = CARTESIAN_POINT ( 'NONE',  ( 10.22625045371992591, -4.359865889253494053, 0.6401341107465059466 ) ) ;
#1421 = CARTESIAN_POINT ( 'NONE',  ( 39.23123519307647200, -4.508466212583657651, 0.4915337874163441811 ) ) ;
#1422 = CARTESIAN_POINT ( 'NONE',  ( 34.21616362764436303, -4.748219996440549373, -0.2517800035594509045 ) ) ;
#1423 = CARTESIAN_POINT ( 'NONE',  ( 75.13240203055842414, -4.872131520497873680, -0.1278684795021268750 ) ) ;
#1424 = EDGE_LOOP ( 'NONE', ( #707, #5717, #5550 ) ) ;
#1425 = ORIENTED_EDGE ( 'NONE', *, *, #5275, .T. ) ;
#1426 = EDGE_LOOP ( 'NONE', ( #2459, #5718, #6515 ) ) ;
#1427 = CARTESIAN_POINT ( 'NONE',  ( 6.978219415700309902, -4.840676868225203933, -0.1593231317747938192 ) ) ;
#1428 = DIRECTION ( 'NONE',  ( 0.000000000000000000, 0.000000000000000000, 1.000000000000000000 ) ) ;
#1429 = EDGE_LOOP ( 'NONE', ( #4536, #4420, #3896 ) ) ;
#1430 = CARTESIAN_POINT ( 'NONE',  ( 54.87499999999999289, -3.671958834454339904, -1.328041165545660318 ) ) ;
#1431 = ORIENTED_EDGE ( 'NONE', *, *, #2344, .T. ) ;
#1432 = CARTESIAN_POINT ( 'NONE',  ( 59.73119955116402480, -0.6335913640930933566, 4.366408635906906532 ) ) ;
#1433 = CARTESIAN_POINT ( 'NONE',  ( 99.73827242307174856, -0.4974474678478726930, 4.502552532152127363 ) ) ;
#1434 = CARTESIAN_POINT ( 'NONE',  ( 68.62499999999998579, 0.000000000000000000, 0.000000000000000000 ) ) ;
#1435 = EDGE_CURVE ( 'NONE', #935, #3485, #7450, .T. ) ;
#1436 = EDGE_CURVE ( 'NONE', #8743, #1038, #6667, .T. ) ;
#1437 = CARTESIAN_POINT ( 'NONE',  ( 122.4790520940311467, -0.1678070597022680299, 4.832192940297733941 ) ) ;
#1438 = UNCERTAINTY_MEASURE_WITH_UNIT (LENGTH_MEASURE( 1.000000000000000082E-05 ), #4595, 'distance_accuracy_value', 'NONE');
#1439 = CARTESIAN_POINT ( 'NONE',  ( 109.8749999999999858, -1.328041165545655877, -3.671958834454344345 ) ) ;
#1440 = CARTESIAN_POINT ( 'NONE',  ( 70.03383637236983361, -0.2517800035653071089, 4.748219996434693613 ) ) ;
#1441 = CARTESIAN_POINT ( 'NONE',  ( 35.91746587457269868, -0.008042224642537627866, -4.991957775357462879 ) ) ;
#1442 = CARTESIAN_POINT ( 'NONE',  ( 112.6250000000279954, -5.000000000000000888, -4.336808689942017736E-16 ) ) ;
#1443 = LINE ( 'NONE', #4178, #5227 ) ;
#1444 = CARTESIAN_POINT ( 'NONE',  ( 90.62499999999998579, 0.000000000000000000, 0.000000000000000000 ) ) ;
#1445 = EDGE_CURVE ( 'NONE', #4209, #3485, #1098, .T. ) ;
#1446 = CARTESIAN_POINT ( 'NONE',  ( 22.73123519307650398, -4.508466212583678967, 0.4915337874163213105 ) ) ;
#1447 = CARTESIAN_POINT ( 'NONE',  ( 109.8749999999999858, -1.328041165545655877, 3.671958834454344345 ) ) ;
#1448 = CARTESIAN_POINT ( 'NONE',  ( 13.62500000002789236, -5.000000000000000888, -4.336808689942017736E-16 ) ) ;
#1449 = ORIENTED_EDGE ( 'NONE', *, *, #8002, .T. ) ;
#1450 = EDGE_LOOP ( 'NONE', ( #2142, #1575, #1155, #7622 ) ) ;
#1451 = CARTESIAN_POINT ( 'NONE',  ( 71.37500000000000000, -3.671958834454324805, 1.328041165545675195 ) ) ;
#1452 = CARTESIAN_POINT ( 'NONE',  ( 64.53383637236983361, -0.2517800035653021684, -4.748219996434698054 ) ) ;
#1453 = CARTESIAN_POINT ( 'NONE',  ( 36.35334765086493292, -4.935408751168116837, -0.06459124883188396837 ) ) ;
#1454 = CARTESIAN_POINT ( 'NONE',  ( 26.00000000000000355, 0.000000000000000000, 0.000000000000000000 ) ) ;
#1455 = CARTESIAN_POINT ( 'NONE',  ( 79.33253412545244032, -4.991957775359344041, -0.008042224640655553508 ) ) ;
#1456 = DIRECTION ( 'NONE',  ( -1.000000000000000000, -0.000000000000000000, -0.000000000000000000 ) ) ;
#1457 = EDGE_CURVE ( 'NONE', #7192, #2864, #2094, .T. ) ;
#1458 = EDGE_LOOP ( 'NONE', ( #6315, #7009, #8025 ) ) ;
#1459 = DIRECTION ( 'NONE',  ( -1.000000000000000000, -0.000000000000000000, -0.000000000000000000 ) ) ;
#1460 = CARTESIAN_POINT ( 'NONE',  ( 30.70631021352427936, -0.03993437491703384634, 4.960065625082965113 ) ) ;
#1461 = ORIENTED_EDGE ( 'NONE', *, *, #4839, .F. ) ;
#1462 = ORIENTED_EDGE ( 'NONE', *, *, #772, .F. ) ;
#1463 = DIRECTION ( 'NONE',  ( -1.000000000000000000, -0.000000000000000000, -0.000000000000000000 ) ) ;
#1464 = CARTESIAN_POINT ( 'NONE',  ( 32.01876480693206162, -0.4915337874217338698, -4.508466212578266408 ) ) ;
#1465 = CARTESIAN_POINT ( 'NONE',  ( 85.85334765086508924, -4.935408751168086638, 0.06459124883191552646 ) ) ;
#1466 = CARTESIAN_POINT ( 'NONE',  ( 52.12500000002778933, -5.000000000000000888, -4.336808689942017736E-16 ) ) ;
#1467 = DIRECTION ( 'NONE',  ( -1.000000000000000000, -0.000000000000000000, -0.000000000000000000 ) ) ;
#1468 = EDGE_LOOP ( 'NONE', ( #5708, #5831, #2269, #1000 ) ) ;
#1469 = EDGE_CURVE ( 'NONE', #8415, #39, #5958, .T. ) ;
#1470 = ORIENTED_EDGE ( 'NONE', *, *, #8621, .T. ) ;
#1471 = VERTEX_POINT ( 'NONE', #6062 ) ;
#1472 = DIRECTION ( 'NONE',  ( -1.000000000000000000, -0.000000000000000000, -0.000000000000000000 ) ) ;
#1473 = DIRECTION ( 'NONE',  ( -1.000000000000000000, -0.000000000000000000, -0.000000000000000000 ) ) ;
#1474 = CARTESIAN_POINT ( 'NONE',  ( 78.09032131224202544, -0.3138588207986951484, -4.686141179201305462 ) ) ;
#1475 = ORIENTED_EDGE ( 'NONE', *, *, #2635, .T. ) ;
#1476 = DIRECTION ( 'NONE',  ( -1.000000000000000000, -0.000000000000000000, -0.000000000000000000 ) ) ;
#1477 = B_SPLINE_CURVE_WITH_KNOTS ( 'NONE', 3,
 ( #443, #3053, #1121, #1704, #4446, #7158, #5859, #1026, #3094, #8578, #4528, #5189 ),
 .UNSPECIFIED., .F., .F.,
 ( 4, 2, 2, 2, 2, 4 ),
 ( 0.003504634718722878482, 0.003941423334001176865, 0.004378211949279474380, 0.005251789179836069410, 0.006125366410392665308, 0.006998943640949261205 ),
 .UNSPECIFIED. ) ;
#1478 = CARTESIAN_POINT ( 'NONE',  ( 40.54368978649817734, -4.960065625086326868, -0.03993437491367411718 ) ) ;
#1479 = TOROIDAL_SURFACE ( 'NONE', #8615, 1.000000000000000000, 1.375000000000001332 ) ;
#1480 = CARTESIAN_POINT ( 'NONE',  ( 0.000000000000000000, 0.000000000000000000, 0.000000000000000000 ) ) ;
#1481 = AXIS2_PLACEMENT_3D ( 'NONE', #8237, #5519, #4762 ) ;
#1482 = DIRECTION ( 'NONE',  ( 0.000000000000000000, 0.000000000000000000, 1.000000000000000000 ) ) ;
#1483 = CARTESIAN_POINT ( 'NONE',  ( 121.8512912688045873, -0.4323357082839944243, -4.567664291716004854 ) ) ;
#1484 = CC_DESIGN_APPROVAL ( #5862, ( #198 ) ) ;
#1485 = DIRECTION ( 'NONE',  ( 0.000000000000000000, 0.000000000000000000, 1.000000000000000000 ) ) ;
#1486 = CARTESIAN_POINT ( 'NONE',  ( 108.4999999999999858, 0.000000000000000000, 1.000000000000000000 ) ) ;
#1487 = CARTESIAN_POINT ( 'NONE',  ( 71.37500000000000000, -1.328041165545675195, 3.671958834454324805 ) ) ;
#1488 = ADVANCED_FACE ( 'NONE', ( #2670 ), #3255, .T. ) ;
#1489 = CARTESIAN_POINT ( 'NONE',  ( 15.15967868777050498, -4.686141179195682405, -0.3138588208043177619 ) ) ;
#1490 = CARTESIAN_POINT ( 'NONE',  ( 52.12500000002778933, -5.000000000000000888, -4.336808689942017736E-16 ) ) ;
#1491 = ORIENTED_EDGE ( 'NONE', *, *, #3048, .T. ) ;
#1492 = CARTESIAN_POINT ( 'NONE',  ( 52.12500000000000000, 0.000000000000000000, 0.000000000000000000 ) ) ;
#1493 = CIRCLE ( 'NONE', #3656, 3.999999999999997335 ) ;
#1494 = LINE ( 'NONE', #2300, #613 ) ;
#1495 = ORIENTED_EDGE ( 'NONE', *, *, #2919, .F. ) ;
#1496 = CARTESIAN_POINT ( 'NONE',  ( 89.47953806259080523, -0.1676550930109050042, -4.832344906989094468 ) ) ;
#1497 = CARTESIAN_POINT ( 'NONE',  ( 112.6249999999998010, 2.822932509281566863E-13, 5.000000000000282441 ) ) ;
#1498 = CARTESIAN_POINT ( 'NONE',  ( 8.271843530448380832, 9.255634893766143437E-15, -5.000000000000008882 ) ) ;
#1499 = ADVANCED_FACE ( 'NONE', ( #7675 ), #2308, .F. ) ;
#1500 = B_SPLINE_CURVE_WITH_KNOTS ( 'NONE', 3,
 ( #6730, #1990, #7368, #8185, #3930, #1903, #5478, #8104, #8822, #2074, #4641, #8696 ),
 .UNSPECIFIED., .F., .F.,
 ( 4, 2, 2, 2, 2, 4 ),
 ( 0.003504634718750187800, 0.003941423334025071813, 0.004378211949299955393, 0.005251789179849723418, 0.006125366410399490577, 0.006998943640949258603 ),
 .UNSPECIFIED. ) ;
#1501 = CARTESIAN_POINT ( 'NONE',  ( 68.91746587457267026, -0.008042224642539529122, -4.991957775357460214 ) ) ;
#1502 = AXIS2_PLACEMENT_3D ( 'NONE', #649, #7551, #8787 ) ;
#1503 = AXIS2_PLACEMENT_3D ( 'NONE', #6862, #729, #3471 ) ;
#1504 = CIRCLE ( 'NONE', #4080, 1.374999999999994227 ) ;
#1505 = ORIENTED_EDGE ( 'NONE', *, *, #5061, .F. ) ;
#1506 = DIRECTION ( 'NONE',  ( -1.000000000000000000, -0.000000000000000000, -0.000000000000000000 ) ) ;
#1507 = CARTESIAN_POINT ( 'NONE',  ( 65.01172757693696269, -4.502552532146817832, 0.4974474678531816685 ) ) ;
#1508 = CARTESIAN_POINT ( 'NONE',  ( 10.75378377920365303, -3.863136006093129460, 1.136863993906869652 ) ) ;
#1509 = AXIS2_PLACEMENT_3D ( 'NONE', #7650, #3054, #4219 ) ;
#1510 = DIRECTION ( 'NONE',  ( -1.000000000000000000, -0.000000000000000000, -0.000000000000000000 ) ) ;
#1511 = VECTOR ( 'NONE', #5570, 1000.000000000000000 ) ;
#1512 = DIRECTION ( 'NONE',  ( -1.000000000000000000, -0.000000000000000000, -0.000000000000000000 ) ) ;
#1513 = EDGE_CURVE ( 'NONE', #8613, #2707, #8285, .T. ) ;
#1514 = CARTESIAN_POINT ( 'NONE',  ( 35.03886551654433390, -0.04063066961492687451, 4.959369330385073660 ) ) ;
#1515 = ORIENTED_EDGE ( 'NONE', *, *, #1286, .T. ) ;
#1516 = ORIENTED_EDGE ( 'NONE', *, *, #4307, .T. ) ;
#1517 = DIRECTION ( 'NONE',  ( 0.000000000000000000, 0.000000000000000000, 1.000000000000000000 ) ) ;
#1518 = EDGE_LOOP ( 'NONE', ( #6927, #5096, #4239 ) ) ;
#1519 = CARTESIAN_POINT ( 'NONE',  ( 44.73827242307174146, -0.4974474678478675860, -4.502552532152132692 ) ) ;
#1520 = B_SPLINE_CURVE_WITH_KNOTS ( 'NONE', 3,
 ( #3105, #368, #5872, #5826, #6619, #8630, #2428, #5158, #2468, #5201, #5293, #7263 ),
 .UNSPECIFIED., .F., .F.,
 ( 4, 2, 2, 2, 2, 4 ),
 ( 0.003504634718750449743, 0.003941423334025299929, 0.004378211949300150549, 0.005251789179849862196, 0.006125366410399572109, 0.006998943640949283757 ),
 .UNSPECIFIED. ) ;
#1521 = CARTESIAN_POINT ( 'NONE',  ( 103.7262504537199561, -4.359865889253467408, -0.6401341107465334801 ) ) ;
#1522 = ORIENTED_EDGE ( 'NONE', *, *, #5160, .F. ) ;
#1523 = CARTESIAN_POINT ( 'NONE',  ( 123.6249999999999858, -5.000000000000000888, -4.336808689942017736E-16 ) ) ;
#1524 = ORIENTED_EDGE ( 'NONE', *, *, #639, .F. ) ;
#1525 = EDGE_CURVE ( 'NONE', #3002, #1982, #8498, .T. ) ;
#1526 = CARTESIAN_POINT ( 'NONE',  ( 43.87500000000000000, -1.328041165545660540, -3.671958834454339460 ) ) ;
#1527 = ORIENTED_EDGE ( 'NONE', *, *, #656, .F. ) ;
#1528 = DIRECTION ( 'NONE',  ( 0.000000000000000000, 0.000000000000000000, 1.000000000000000000 ) ) ;
#1529 = CARTESIAN_POINT ( 'NONE',  ( 60.37500000000000000, -3.671958834454334575, -1.328041165545665647 ) ) ;
#1530 = FACE_OUTER_BOUND ( 'NONE', #5192, .T. ) ;
#1531 = AXIS2_PLACEMENT_3D ( 'NONE', #5322, #1787, #7424 ) ;
#1532 = CARTESIAN_POINT ( 'NONE',  ( 74.41746587457271289, -0.008042224642539775453, 4.991957775357460214 ) ) ;
#1533 = DIRECTION ( 'NONE',  ( 0.000000000000000000, -1.224646799147353207E-16, 1.000000000000000000 ) ) ;
#1534 = AXIS2_PLACEMENT_3D ( 'NONE', #1584, #4933, #1485 ) ;
#1535 = EDGE_CURVE ( 'NONE', #7447, #1592, #1351, .T. ) ;
#1536 = CARTESIAN_POINT ( 'NONE',  ( 11.85157376276964847, -0.4321793203680420192, -4.567820679631958924 ) ) ;
#1537 = FACE_OUTER_BOUND ( 'NONE', #4677, .T. ) ;
#1538 = AXIS2_PLACEMENT_3D ( 'NONE', #8398, #7734, #2231 ) ;
#1539 = AXIS2_PLACEMENT_3D ( 'NONE', #2900, #5623, #744 ) ;
#1540 = AXIS2_PLACEMENT_3D ( 'NONE', #6841, #6170, #4165 ) ;
#1541 = AXIS2_PLACEMENT_3D ( 'NONE', #3681, #1476, #6356 ) ;
#1542 = CYLINDRICAL_SURFACE ( 'NONE', #7757, 1.000000000000000000 ) ;
#1543 = CIRCLE ( 'NONE', #2540, 4.000000000000000000 ) ;
#1544 = AXIS2_PLACEMENT_3D ( 'NONE', #3042, #5751, #4958 ) ;
#1545 = EDGE_LOOP ( 'NONE', ( #6864, #7319, #4606, #6816 ) ) ;
#1546 = CARTESIAN_POINT ( 'NONE',  ( 115.3749999999999858, 0.000000000000000000, 3.904737509655568761 ) ) ;
#1547 = DIRECTION ( 'NONE',  ( -1.000000000000000000, -0.000000000000000000, -0.000000000000000000 ) ) ;
#1548 = VERTEX_POINT ( 'NONE', #4246 ) ;
#1549 = CARTESIAN_POINT ( 'NONE',  ( 74.41746587457268447, -0.008042224642539529122, -4.991957775357460214 ) ) ;
#1550 = AXIS2_PLACEMENT_3D ( 'NONE', #464, #1803, #7318 ) ;
#1551 = CARTESIAN_POINT ( 'NONE',  ( 87.99621622079726535, -1.136863993905369519, 3.863136006094630925 ) ) ;
#1552 = DIRECTION ( 'NONE',  ( 0.000000000000000000, 0.000000000000000000, 1.000000000000000000 ) ) ;
#1553 = FACE_OUTER_BOUND ( 'NONE', #7464, .T. ) ;
#1554 = DIRECTION ( 'NONE',  ( -0.000000000000000000, 1.000000000000000000, 1.224646799147353207E-16 ) ) ;
#1555 = CARTESIAN_POINT ( 'NONE',  ( 70.73119955116399638, -0.6335913640930985746, -4.366408635906902980 ) ) ;
#1556 = EDGE_CURVE ( 'NONE', #5126, #1791, #3386, .T. ) ;
#1557 = ORIENTED_EDGE ( 'NONE', *, *, #2257, .T. ) ;
#1558 = EDGE_CURVE ( 'NONE', #8737, #4865, #4429, .T. ) ;
#1559 = CARTESIAN_POINT ( 'NONE',  ( 48.73119955116401769, -0.6335913640930933566, 4.366408635906906532 ) ) ;
#1560 = CARTESIAN_POINT ( 'NONE',  ( 112.6249999999998010, 2.822932509281566863E-13, 5.000000000000282441 ) ) ;
#1561 = EDGE_LOOP ( 'NONE', ( #8816, #466, #5135, #22 ) ) ;
#1562 = CARTESIAN_POINT ( 'NONE',  ( 65.99621622079727956, -1.136863993905385506, 3.863136006094613162 ) ) ;
#1563 = AXIS2_PLACEMENT_3D ( 'NONE', #3487, #1877, #3586 ) ;
#1564 = CYLINDRICAL_SURFACE ( 'NONE', #6544, 5.000000000000000000 ) ;
#1565 = CARTESIAN_POINT ( 'NONE',  ( 48.03423771780833107, -4.739198801696363539, 0.2608011983036364612 ) ) ;
#1566 = CARTESIAN_POINT ( 'NONE',  ( 45.25000000000000000, 0.000000000000000000, 0.000000000000000000 ) ) ;
#1567 = EDGE_LOOP ( 'NONE', ( #5387, #1735, #8580, #442 ) ) ;
#1568 = ORIENTED_EDGE ( 'NONE', *, *, #3176, .F. ) ;
#1569 = TOROIDAL_SURFACE ( 'NONE', #2702, 1.000000000000000000, 1.374999999999997780 ) ;
#1570 = ORIENTED_EDGE ( 'NONE', *, *, #1371, .T. ) ;
#1571 = EDGE_CURVE ( 'NONE', #4485, #2339, #5671, .T. ) ;
#1572 = CARTESIAN_POINT ( 'NONE',  ( 91.77046193742629043, -4.832344906983753852, -0.1676550930162466757 ) ) ;
#1573 = CARTESIAN_POINT ( 'NONE',  ( 28.02374954628650627, -0.6401341107417591880, -4.359865889258241367 ) ) ;
#1574 = CARTESIAN_POINT ( 'NONE',  ( 111.2157622822055316, -0.2608011982980544818, -4.739198801701945740 ) ) ;
#1575 = ORIENTED_EDGE ( 'NONE', *, *, #431, .T. ) ;
#1576 = CYLINDRICAL_SURFACE ( 'NONE', #3967, 1.000000000000000000 ) ;
#1577 = CARTESIAN_POINT ( 'NONE',  ( 18.53886551654430903, -0.04063066961492833862, -4.959369330385071883 ) ) ;
#1578 = CARTESIAN_POINT ( 'NONE',  ( 0.000000000000000000, 0.000000000000000000, 1.000000000000000000 ) ) ;
#1579 = AXIS2_PLACEMENT_3D ( 'NONE', #8845, #2009, #8124 ) ;
#1580 = EDGE_CURVE ( 'NONE', #4268, #771, #5248, .T. ) ;
#1581 = CARTESIAN_POINT ( 'NONE',  ( 2.804717449046281619, -6.098637220230962441E-17, -5.000000000000000000 ) ) ;
#1582 = CARTESIAN_POINT ( 'NONE',  ( 101.7718435304483791, 6.261585183459006102E-15, 5.000000000000006217 ) ) ;
#1583 = CARTESIAN_POINT ( 'NONE',  ( 121.7380246301067928, -0.4975987110858279272, -4.502401288914172461 ) ) ;
#1584 = CARTESIAN_POINT ( 'NONE',  ( 30.12500000000000000, 0.000000000000000000, 0.000000000000000000 ) ) ;
#1585 = DIRECTION ( 'NONE',  ( -1.000000000000000000, -0.000000000000000000, -0.000000000000000000 ) ) ;
#1586 = FACE_OUTER_BOUND ( 'NONE', #1450, .T. ) ;
#1587 = EDGE_CURVE ( 'NONE', #3307, #1607, #1380, .T. ) ;
#1588 = CARTESIAN_POINT ( 'NONE',  ( 118.7063102135242474, -0.03993437491703782233, 4.960065625082963336 ) ) ;
#1589 = CARTESIAN_POINT ( 'NONE',  ( 15.00000000000000000, 1.224646799147353207E-16, -1.000000000000000000 ) ) ;
#1590 = ORIENTED_EDGE ( 'NONE', *, *, #1048, .T. ) ;
#1591 = CARTESIAN_POINT ( 'NONE',  ( 113.2063102135242900, -0.03993437491703631659, 4.960065625082964225 ) ) ;
#1592 = VERTEX_POINT ( 'NONE', #4469 ) ;
#1593 = CARTESIAN_POINT ( 'NONE',  ( 90.62499999999977263, 2.821161565220927584E-13, 5.000000000000282441 ) ) ;
#1594 = DIRECTION ( 'NONE',  ( 0.000000000000000000, -1.224646799147353207E-16, 1.000000000000000000 ) ) ;
#1595 = CARTESIAN_POINT ( 'NONE',  ( 66.14877465030181725, -4.041784260362685899, 0.9582157396373157665 ) ) ;
#1596 = CARTESIAN_POINT ( 'NONE',  ( 118.1250000000279670, -5.000000000000000888, -4.336808689942017736E-16 ) ) ;
#1597 = ORIENTED_EDGE ( 'NONE', *, *, #4123, .T. ) ;
#1598 = CARTESIAN_POINT ( 'NONE',  ( 48.51876480693204030, -0.4915337874217309277, 4.508466212578269072 ) ) ;
#1599 = DIRECTION ( 'NONE',  ( 0.000000000000000000, 0.000000000000000000, 1.000000000000000000 ) ) ;
#1600 = VERTEX_POINT ( 'NONE', #4596 ) ;
#1601 = CARTESIAN_POINT ( 'NONE',  ( 37.00000000000000000, 0.000000000000000000, 0.000000000000000000 ) ) ;
#1602 = CARTESIAN_POINT ( 'NONE',  ( 85.12500000000000000, 1.224646799147353207E-16, -1.000000000000000000 ) ) ;
#1603 = DIRECTION ( 'NONE',  ( -1.000000000000000000, -0.000000000000000000, -0.000000000000000000 ) ) ;
#1604 = ADVANCED_FACE ( 'NONE', ( #5173 ), #1401, .T. ) ;
#1605 = FACE_OUTER_BOUND ( 'NONE', #1468, .T. ) ;
#1606 = ADVANCED_FACE ( 'NONE', ( #6514 ), #6824, .F. ) ;
#1607 = VERTEX_POINT ( 'NONE', #1854 ) ;
#1608 = CARTESIAN_POINT ( 'NONE',  ( 55.52374954628648140, -0.6401341107417604093, -4.359865889258239591 ) ) ;
#1609 = CARTESIAN_POINT ( 'NONE',  ( 28.97953806259080167, -0.1676550930109035609, -4.832344906989095357 ) ) ;
#1610 = CARTESIAN_POINT ( 'NONE',  ( 110.1473657206397689, -0.9599107665869561767, -4.040089233413043601 ) ) ;
#1611 = ORIENTED_EDGE ( 'NONE', *, *, #7503, .F. ) ;
#1612 = CARTESIAN_POINT ( 'NONE',  ( 41.12500000000000000, 0.000000000000000000, 1.000000000000000000 ) ) ;
#1613 = CARTESIAN_POINT ( 'NONE',  ( 40.97815646957785418, -5.000000000001020517, 1.019488220040565447E-12 ) ) ;
#1614 = ADVANCED_FACE ( 'NONE', ( #6591 ), #8514, .F. ) ;
#1615 = B_SPLINE_CURVE_WITH_KNOTS ( 'NONE', 3,
 ( #5107, #2554, #408, #4447, #5860, #8540, #3862, #1123, #6654, #6570, #8579, #3232, #7904, #444, #5946, #3943 ),
 .UNSPECIFIED., .F., .F.,
 ( 4, 2, 2, 2, 2, 2, 2, 4 ),
 ( 4.818711198555901463E-07, 0.0008765200830274415744, 0.001314539188981233859, 0.001752558294935026469, 0.002190577400888819078, 0.002628596506842610821, 0.003066615612796403430, 0.003504634718750195607 ),
 .UNSPECIFIED. ) ;
#1616 = FACE_OUTER_BOUND ( 'NONE', #33, .T. ) ;
#1617 = CARTESIAN_POINT ( 'NONE',  ( 0.000000000000000000, 1.224646799147353207E-16, -1.000000000000000000 ) ) ;
#1618 = CARTESIAN_POINT ( 'NONE',  ( 13.47774279211275150, -9.161296599265683115E-15, -4.999999999999992006 ) ) ;
#1619 = TOROIDAL_SURFACE ( 'NONE', #6611, 1.000000000000000000, 3.999999999999996447 ) ;
#1620 = DIRECTION ( 'NONE',  ( 0.000000000000000000, 0.000000000000000000, 1.000000000000000000 ) ) ;
#1621 = CARTESIAN_POINT ( 'NONE',  ( 41.42125362938285349, -4.991698401479166769, 0.008301598520832341108 ) ) ;
#1622 = ADVANCED_FACE ( 'NONE', ( #4511 ), #2573, .F. ) ;
#1623 = CARTESIAN_POINT ( 'NONE',  ( 86.27178058431636032, -0.1593231317801521441, -4.840676868219847329 ) ) ;
#1624 = TOROIDAL_SURFACE ( 'NONE', #762, 1.000000000000000000, 3.999999999999999112 ) ;
#1625 = ORIENTED_EDGE ( 'NONE', *, *, #2692, .F. ) ;
#1626 = FACE_OUTER_BOUND ( 'NONE', #2845, .T. ) ;
#1627 = CARTESIAN_POINT ( 'NONE',  ( 91.20631021352424739, -0.03993437491703782233, 4.960065625082963336 ) ) ;
#1628 = FACE_OUTER_BOUND ( 'NONE', #2178, .T. ) ;
#1629 = DIRECTION ( 'NONE',  ( -1.000000000000000000, -0.000000000000000000, -0.000000000000000000 ) ) ;
#1630 = ADVANCED_FACE ( 'NONE', ( #1186 ), #262, .F. ) ;
#1631 = DIRECTION ( 'NONE',  ( 0.000000000000000000, 0.000000000000000000, 1.000000000000000000 ) ) ;
#1632 = CARTESIAN_POINT ( 'NONE',  ( 65.99621622079727956, -1.136863993905385950, -3.863136006094612718 ) ) ;
#1633 = ORIENTED_EDGE ( 'NONE', *, *, #3964, .F. ) ;
#1634 = CARTESIAN_POINT ( 'NONE',  ( 49.10122534970070518, -0.9582157396401950189, 4.041784260359805536 ) ) ;
#1635 = CARTESIAN_POINT ( 'NONE',  ( 46.03886551654430548, -0.04063066961492543816, 4.959369330385074548 ) ) ;
#1636 = ORIENTED_EDGE ( 'NONE', *, *, #3393, .F. ) ;
#1637 = EDGE_LOOP ( 'NONE', ( #788, #1298, #7509, #2593 ) ) ;
#1638 = FACE_OUTER_BOUND ( 'NONE', #3895, .T. ) ;
#1639 = FACE_OUTER_BOUND ( 'NONE', #1843, .T. ) ;
#1640 = CARTESIAN_POINT ( 'NONE',  ( 46.92125362938285349, -4.991698401479171210, 0.008301598520828776251 ) ) ;
#1641 = CIRCLE ( 'NONE', #6632, 1.375000000000001332 ) ;
#1642 = CIRCLE ( 'NONE', #3798, 3.904737509655568761 ) ;
#1643 = CARTESIAN_POINT ( 'NONE',  ( 113.2063102135242900, -0.03993437491703633047, -4.960065625082964225 ) ) ;
#1644 = AXIS2_PLACEMENT_3D ( 'NONE', #3617, #7717, #6335 ) ;
#1645 = VERTEX_POINT ( 'NONE', #1095 ) ;
#1646 = ORIENTED_EDGE ( 'NONE', *, *, #1744, .F. ) ;
#1647 = ORIENTED_EDGE ( 'NONE', *, *, #172, .T. ) ;
#1648 = CARTESIAN_POINT ( 'NONE',  ( 92.15967868777053695, -4.686141179195657536, -0.3138588208043440742 ) ) ;
#1649 = AXIS2_PLACEMENT_3D ( 'NONE', #3997, #1341, #92 ) ;
#1650 = AXIS2_PLACEMENT_3D ( 'NONE', #8365, #2256, #234 ) ;
#1651 = CARTESIAN_POINT ( 'NONE',  ( 28.59032131224200768, -0.3138588207986852119, -4.686141179201315232 ) ) ;
#1652 = ADVANCED_FACE ( 'NONE', ( #3211 ), #3165, .F. ) ;
#1653 = DIRECTION ( 'NONE',  ( 0.000000000000000000, 0.000000000000000000, 1.000000000000000000 ) ) ;
#1654 = VERTEX_POINT ( 'NONE', #8644 ) ;
#1655 = DIRECTION ( 'NONE',  ( 0.000000000000000000, 0.000000000000000000, 1.000000000000000000 ) ) ;
#1656 = CARTESIAN_POINT ( 'NONE',  ( 62.39940186600667005, -4.935956332723952400, -0.06404366727604807186 ) ) ;
#1657 = CARTESIAN_POINT ( 'NONE',  ( 19.12499999999979039, 2.846496320673303707E-13, -5.000000000000284217 ) ) ;
#1658 = CARTESIAN_POINT ( 'NONE',  ( 3.535866453120336761, -0.1248907110864407172, -4.875109288913558991 ) ) ;
#1659 = EDGE_CURVE ( 'NONE', #8028, #1038, #7866, .T. ) ;
#1660 = DIRECTION ( 'NONE',  ( 0.000000000000000000, 0.000000000000000000, 1.000000000000000000 ) ) ;
#1661 = EDGE_CURVE ( 'NONE', #2864, #4160, #7265, .T. ) ;
#1662 = B_SPLINE_CURVE_WITH_KNOTS ( 'NONE', 3,
 ( #543, #8758, #4710, #8719, #1970, #4002, #6136, #2055, #3294, #7517, #4133, #6179 ),
 .UNSPECIFIED., .F., .F.,
 ( 4, 2, 2, 2, 2, 4 ),
 ( 0.003504634718722713250, 0.003941423334001038087, 0.004378211949279362490, 0.005251789179836011297, 0.006125366410392660971, 0.006998943640949309777 ),
 .UNSPECIFIED. ) ;
#1663 = DIRECTION ( 'NONE',  ( -1.000000000000000000, -0.000000000000000000, -0.000000000000000000 ) ) ;
#1664 = DIRECTION ( 'NONE',  ( 0.000000000000000000, 0.000000000000000000, 1.000000000000000000 ) ) ;
#1665 = CARTESIAN_POINT ( 'NONE',  ( 10.99621622079729555, -1.136863993905376624, -3.863136006094623376 ) ) ;
#1666 = CARTESIAN_POINT ( 'NONE',  ( 5.375000000000000000, -3.671958834454335019, -1.328041165545665425 ) ) ;
#1667 = CARTESIAN_POINT ( 'NONE',  ( 118.1250000000279670, -5.000000000000000888, -4.336808689942017736E-16 ) ) ;
#1668 = AXIS2_PLACEMENT_3D ( 'NONE', #886, #8396, #2279 ) ;
#1669 = CARTESIAN_POINT ( 'NONE',  ( 87.75399883711746440, -1.137203174285756901, -3.862796825714243543 ) ) ;
#1670 = EDGE_CURVE ( 'NONE', #6918, #6784, #2442, .T. ) ;
#1671 = AXIS2_PLACEMENT_3D ( 'NONE', #2465, #5244, #1836 ) ;
#1672 = ORIENTED_EDGE ( 'NONE', *, *, #5729, .F. ) ;
#1673 = CARTESIAN_POINT ( 'NONE',  ( 115.3749999999999858, -1.328041165545655655, 3.671958834454344345 ) ) ;
#1674 = AXIS2_PLACEMENT_3D ( 'NONE', #8210, #4840, #6889 ) ;
#1675 = DIRECTION ( 'NONE',  ( -1.000000000000000000, -0.000000000000000000, -0.000000000000000000 ) ) ;
#1676 = AXIS2_PLACEMENT_3D ( 'NONE', #8782, #2716, #5400 ) ;
#1677 = CARTESIAN_POINT ( 'NONE',  ( 77.42277126958474298, -0.7176137099602930558, 4.282386290039707610 ) ) ;
#1678 = CARTESIAN_POINT ( 'NONE',  ( 57.92125362938285349, -4.991698401479169434, -0.008301598520829487488 ) ) ;
#1679 = DIRECTION ( 'NONE',  ( 0.000000000000000000, 0.000000000000000000, 1.000000000000000000 ) ) ;
#1680 = DATE_TIME_ROLE ( 'classification_date' ) ;
#1681 = TOROIDAL_SURFACE ( 'NONE', #4966, 1.000000000000000000, 3.999999999999997335 ) ;
#1682 = B_SPLINE_CURVE_WITH_KNOTS ( 'NONE', 3,
 ( #5239, #1127, #4701, #572, #6573, #1296, #7340, #2634, #4617, #1205, #3949, #8075, #1963, #7425 ),
 .UNSPECIFIED., .F., .F.,
 ( 4, 2, 2, 2, 2, 2, 4 ),
 ( 1.970548284644934111E-07, 0.0009008928392885434287, 0.001351240731518582117, 0.001801588623748619829, 0.002251936515978657759, 0.002702284408208695688, 0.003602980192668768945 ),
 .UNSPECIFIED. ) ;
#1683 = AXIS2_PLACEMENT_3D ( 'NONE', #4562, #2486, #8605 ) ;
#1684 = VECTOR ( 'NONE', #1603, 1000.000000000000000 ) ;
#1685 = AXIS2_PLACEMENT_3D ( 'NONE', #2274, #5009, #339 ) ;
#1686 = ORIENTED_EDGE ( 'NONE', *, *, #5285, .F. ) ;
#1687 = EDGE_CURVE ( 'NONE', #1363, #3438, #6412, .T. ) ;
#1688 = CARTESIAN_POINT ( 'NONE',  ( 8.124999999999790390, 2.855127582269921965E-13, 5.000000000000285105 ) ) ;
#1689 = TOROIDAL_SURFACE ( 'NONE', #1819, 1.000000000000000000, 1.374999999999994227 ) ;
#1690 = CARTESIAN_POINT ( 'NONE',  ( 21.87500000000000000, 0.000000000000000000, 0.000000000000000000 ) ) ;
#1691 = EDGE_LOOP ( 'NONE', ( #7552, #5569, #3299, #8175, #1522, #6726 ) ) ;
#1692 = CARTESIAN_POINT ( 'NONE',  ( 116.3515737627696325, -0.4321793203680409645, -4.567820679631960701 ) ) ;
#1693 = CARTESIAN_POINT ( 'NONE',  ( 0.000000000000000000, 0.000000000000000000, 0.000000000000000000 ) ) ;
#1695 = CIRCLE ( 'NONE', #6269, 4.000000000000001776 ) ;
#1694 = CARTESIAN_POINT ( 'NONE',  ( 29.11759796945997536, -0.1278684794971705341, 4.872131520502828828 ) ) ;
#1696 = CARTESIAN_POINT ( 'NONE',  ( 106.9781564695513651, -4.999999999999997335, 3.779249252411872960E-15 ) ) ;
#1697 = EDGE_LOOP ( 'NONE', ( #7815, #346, #6711, #6601 ) ) ;
#1698 = ORIENTED_EDGE ( 'NONE', *, *, #2031, .T. ) ;
#1699 = ORIENTED_EDGE ( 'NONE', *, *, #3860, .T. ) ;
#1700 = CARTESIAN_POINT ( 'NONE',  ( 2.500000000000000000, 0.000000000000000000, 1.000000000000000000 ) ) ;
#1701 = CARTESIAN_POINT ( 'NONE',  ( 29.11759796945997536, -0.1278684794971707284, -4.872131520502827939 ) ) ;
#1702 = CARTESIAN_POINT ( 'NONE',  ( 38.25378377920365125, -3.863136006093138786, 1.136863993906862325 ) ) ;
#1703 = ORIENTED_EDGE ( 'NONE', *, *, #5030, .F. ) ;
#1704 = CARTESIAN_POINT ( 'NONE',  ( 35.04368978649817024, -4.960065625086326868, 0.03993437491367413800 ) ) ;
#1705 = CARTESIAN_POINT ( 'NONE',  ( 101.7718435304483791, 6.345970840829211041E-15, -5.000000000000006217 ) ) ;
#1706 = AXIS2_PLACEMENT_3D ( 'NONE', #4157, #6880, #5537 ) ;
#1707 = CARTESIAN_POINT ( 'NONE',  ( 5.244133725873111551, -1.133734314220248729, -3.866265685779750161 ) ) ;
#1708 = CARTESIAN_POINT ( 'NONE',  ( 54.87499999999999289, -1.328041165545660540, -3.671958834454339460 ) ) ;
#1709 = CARTESIAN_POINT ( 'NONE',  ( 50.02374954628650272, -0.6401341107417604093, 4.359865889258240479 ) ) ;
#1710 = DIRECTION ( 'NONE',  ( 0.000000000000000000, 0.000000000000000000, -1.000000000000000000 ) ) ;
#1711 = AXIS2_PLACEMENT_3D ( 'NONE', #3821, #1133, #7346 ) ;
#1712 = CARTESIAN_POINT ( 'NONE',  ( 40.82874637064227130, -0.008301598518916403213, 4.991698401481083458 ) ) ;
#1713 = DIRECTION ( 'NONE',  ( -1.000000000000000000, -0.000000000000000000, -0.000000000000000000 ) ) ;
#1714 = ADVANCED_FACE ( 'NONE', ( #333 ), #7543, .T. ) ;
#1715 = ADVANCED_FACE ( 'NONE', ( #5795 ), #8132, .T. ) ;
#1716 = FACE_OUTER_BOUND ( 'NONE', #2865, .T. ) ;
#1717 = VERTEX_POINT ( 'NONE', #8229 ) ;
#1718 = DIRECTION ( 'NONE',  ( 0.000000000000000000, -1.000000000000000000, 0.000000000000000000 ) ) ;
#1719 = CARTESIAN_POINT ( 'NONE',  ( 91.77178058431636032, -0.1593231317801553082, 4.840676868219844664 ) ) ;
#1720 = CARTESIAN_POINT ( 'NONE',  ( 87.75378377920365836, -3.863136006093129016, -1.136863993906871206 ) ) ;
#1721 = CYLINDRICAL_SURFACE ( 'NONE', #5995, 1.000000000000000000 ) ;
#1722 = LINE ( 'NONE', #5705, #6744 ) ;
#1723 = DIRECTION ( 'NONE',  ( 1.000000000000000000, 0.000000000000000000, 0.000000000000000000 ) ) ;
#1724 = ADVANCED_FACE ( 'NONE', ( #2019 ), #5398, .F. ) ;
#1725 = ORIENTED_EDGE ( 'NONE', *, *, #3393, .T. ) ;
#1726 = DIRECTION ( 'NONE',  ( 0.000000000000000000, 0.000000000000000000, -1.000000000000000000 ) ) ;
#1727 = VERTEX_POINT ( 'NONE', #4756 ) ;
#1728 = CARTESIAN_POINT ( 'NONE',  ( 57.62500000002779643, -5.000000000000000888, -4.336808689942017736E-16 ) ) ;
#1729 = ORIENTED_EDGE ( 'NONE', *, *, #483, .F. ) ;
#1730 = CARTESIAN_POINT ( 'NONE',  ( 118.1249999999997726, 2.819534933157905838E-13, -5.000000000000282441 ) ) ;
#1731 = CARTESIAN_POINT ( 'NONE',  ( 0.000000000000000000, 0.000000000000000000, 0.000000000000000000 ) ) ;
#1732 = CARTESIAN_POINT ( 'NONE',  ( 96.12500000002798117, -5.000000000000000888, -4.336808689942017736E-16 ) ) ;
#1733 = CARTESIAN_POINT ( 'NONE',  ( 105.9782194156834834, -4.840676868219794038, 0.1593231317802039637 ) ) ;
#1734 = EDGE_CURVE ( 'NONE', #5909, #4478, #7135, .T. ) ;
#1735 = ORIENTED_EDGE ( 'NONE', *, *, #8125, .F. ) ;
#1736 = ORIENTED_EDGE ( 'NONE', *, *, #2512, .F. ) ;
#1737 = ORIENTED_EDGE ( 'NONE', *, *, #8033, .F. ) ;
#1738 = CARTESIAN_POINT ( 'NONE',  ( 8.125000000000000000, 1.224646799147353207E-16, -1.000000000000000000 ) ) ;
#1739 = FACE_OUTER_BOUND ( 'NONE', #6312, .T. ) ;
#1740 = CARTESIAN_POINT ( 'NONE',  ( 37.15967868777044458, -4.686141179195702833, 0.3138588208042963901 ) ) ;
#1741 = ORIENTED_EDGE ( 'NONE', *, *, #4718, .T. ) ;
#1742 = CARTESIAN_POINT ( 'NONE',  ( 4.336032428361277447, -4.573479442990456612, 0.4265205570095408905 ) ) ;
#1743 = CARTESIAN_POINT ( 'NONE',  ( 46.62500000002778222, -5.000000000000000888, -4.336808689942017736E-16 ) ) ;
#1744 = EDGE_CURVE ( 'NONE', #3957, #8627, #8678, .T. ) ;
#1745 = CARTESIAN_POINT ( 'NONE',  ( 91.21113448347814767, -4.959369330381671048, 0.04063066961832866031 ) ) ;
#1746 = CARTESIAN_POINT ( 'NONE',  ( 105.7500000000000000, 1.224646799147353207E-16, -1.000000000000000000 ) ) ;
#1747 = CARTESIAN_POINT ( 'NONE',  ( 46.62500000000000000, 0.000000000000000000, 0.000000000000000000 ) ) ;
#1748 = ORIENTED_EDGE ( 'NONE', *, *, #3719, .F. ) ;
#1749 = DIRECTION ( 'NONE',  ( 0.000000000000000000, -1.000000000000000000, 0.000000000000000000 ) ) ;
#1750 = CARTESIAN_POINT ( 'NONE',  ( 60.49600116288348062, -3.862796825715739235, 1.137203174284260543 ) ) ;
#1751 = CARTESIAN_POINT ( 'NONE',  ( 90.62499999999998579, 1.224646799147353207E-16, -1.000000000000000000 ) ) ;
#1752 = CIRCLE ( 'NONE', #4904, 3.904737509655562544 ) ;
#1753 = DIRECTION ( 'NONE',  ( 0.000000000000000000, -1.000000000000000000, 0.000000000000000000 ) ) ;
#1754 = TOROIDAL_SURFACE ( 'NONE', #6185, 1.000000000000000000, 4.000000000000000000 ) ;
#1755 = DIRECTION ( 'NONE',  ( -1.000000000000000000, -0.000000000000000000, -0.000000000000000000 ) ) ;
#1756 = EDGE_CURVE ( 'NONE', #6563, #4093, #6545, .T. ) ;
#1757 = CARTESIAN_POINT ( 'NONE',  ( 46.77184353044837195, 1.083175145036958279E-14, -5.000000000000012434 ) ) ;
#1758 = CARTESIAN_POINT ( 'NONE',  ( 78.09032131224202544, -0.3138588207986950929, 4.686141179201304574 ) ) ;
#1759 = CYLINDRICAL_SURFACE ( 'NONE', #4294, 1.000000000000000000 ) ;
#1760 = PERSON_AND_ORGANIZATION ( #4635, #6914 ) ;
#1761 = AXIS2_PLACEMENT_3D ( 'NONE', #4564, #2959, #5683 ) ;
#1762 = VERTEX_POINT ( 'NONE', #7403 ) ;
#1763 = DIRECTION ( 'NONE',  ( 0.000000000000000000, 0.000000000000000000, 1.000000000000000000 ) ) ;
#1764 = ORIENTED_EDGE ( 'NONE', *, *, #8250, .T. ) ;
#1765 = CARTESIAN_POINT ( 'NONE',  ( 54.87499999999999289, -3.671958834454339904, -1.328041165545660318 ) ) ;
#1766 = CLOSED_SHELL ( 'NONE', ( #3233, #8545, #1652, #4018, #2592, #2501, #6990, #3645, #1897, #4842, #5590, #1084, #6049, #5711, #1214, #1853, #5919, #1724, #1622, #7663, #1134, #2006, #3601, #5744, #3424, #307, #1778, #7937, #4206, #5207, #2722, #7399, #260, #6428, #4403, #7357, #5453, #4567, #3588, #8426, #1926, #5379, #3667, #1972, #3742, #2869, #6154, #725, #8147, #7787, #18, #2113, #8261, #189, #7160, #6251, #3590, #8224, #7459, #1997, #6310, #7274, #1604, #2202, #5251, #1330, #2175, #3518, #8424, #3037, #2526, #5791, #4793, #8759, #5049, #5575, #537, #6140, #4618, #940, #7720, #502, #891, #298, #7295, #4626, #8610, #3731, #4531, #71, #2214, #7370, #918, #8562, #1227, #8771, #8096, #2289, #6902, #3761, #2941, #2460, #3146, #5294, #717, #4684, #5604, #7420, #6371, #4193, #3196, #2872, #7046, #2669, #3116, #6551, #1714, #212, #2802, #6798, #1151, #5001, #3305, #831, #7439, #5505, #3154, #4007, #4960, #4417, #3323, #5933, #6716, #1169, #2646, #2084, #4098, #344, #3436, #6899, #7292, #1016, #4220, #331, #3871, #4769, #5811, #7661, #950, #8723, #7184, #7777, #40, #6397, #1488, #5563, #7948, #618, #2841, #7831, #1818, #2281, #1817, #899, #6710, #5756, #6543, #4066, #626, #2318, #6204, #5433, #605, #4334, #402, #6815, #2306, #8681, #4509, #888, #5973, #6790, #696, #5325, #2565, #57, #4354, #3529, #6039, #6176, #5699, #2772, #8105, #1840, #286, #4736, #6850, #6481, #980, #3545, #4077, #3618, #1715, #7410, #3084, #6095, #4466, #748, #6524, #5315, #1630, #2366, #4295, #7567, #809, #5071, #2918, #3056, #4261, #6560, #6332, #513, #3276, #230, #8453, #356, #7348, #1975, #5686, #1499, #8715, #1927, #8133, #3904, #552, #1124, #288, #7016, #1419, #4027, #1606, #7848, #5538, #5426, #4594, #6287, #2086, #7702, #7739, #6469, #4728, #1614, #7638, #2746 ) ) ;
#1767 = EDGE_CURVE ( 'NONE', #6646, #5145, #7688, .T. ) ;
#1768 = ORIENTED_EDGE ( 'NONE', *, *, #3814, .T. ) ;
#1769 = CARTESIAN_POINT ( 'NONE',  ( 93.37499999999998579, 0.000000000000000000, 0.000000000000000000 ) ) ;
#1770 = CARTESIAN_POINT ( 'NONE',  ( 24.32874637064227841, -0.008301598518915761366, 4.991698401481084346 ) ) ;
#1771 = CARTESIAN_POINT ( 'NONE',  ( 98.60263427936259006, -4.040089233410256497, 0.9599107665897450570 ) ) ;
#1772 = CARTESIAN_POINT ( 'NONE',  ( 24.92125362938296718, -4.991698401479161440, 0.008301598520839602660 ) ) ;
#1773 = ORIENTED_EDGE ( 'NONE', *, *, #2986, .F. ) ;
#1774 = ORIENTED_EDGE ( 'NONE', *, *, #8159, .F. ) ;
#1775 = EDGE_LOOP ( 'NONE', ( #1748, #8572, #1516 ) ) ;
#1776 = CARTESIAN_POINT ( 'NONE',  ( 102.6324020305584099, -4.872131520497874568, 0.1278684795021269582 ) ) ;
#1777 = CARTESIAN_POINT ( 'NONE',  ( 110.7312351930765288, -4.508466212583694066, -0.4915337874163073217 ) ) ;
#1778 = ADVANCED_FACE ( 'NONE', ( #6762 ), #683, .F. ) ;
#1779 = CARTESIAN_POINT ( 'NONE',  ( 11.73827242307173258, -0.4974474678478686407, 4.502552532152132692 ) ) ;
#1780 = CIRCLE ( 'NONE', #209, 3.999999999999997335 ) ;
#1781 = CARTESIAN_POINT ( 'NONE',  ( 21.87500000000000000, -1.328041165545665425, -3.671958834454335019 ) ) ;
#1782 = CARTESIAN_POINT ( 'NONE',  ( 45.89940186600652083, -4.935956332723923978, 0.06404366727607746501 ) ) ;
#1783 = ORIENTED_EDGE ( 'NONE', *, *, #6533, .T. ) ;
#1784 = CIRCLE ( 'NONE', #2057, 1.000000000000000000 ) ;
#1785 = AXIS2_PLACEMENT_3D ( 'NONE', #1188, #8014, #1856 ) ;
#1786 = VECTOR ( 'NONE', #6182, 1000.000000000000000 ) ;
#1787 = DIRECTION ( 'NONE',  ( -1.000000000000000000, -0.000000000000000000, -0.000000000000000000 ) ) ;
#1788 = FACE_OUTER_BOUND ( 'NONE', #3671, .T. ) ;
#1789 = EDGE_CURVE ( 'NONE', #7181, #2956, #3828, .T. ) ;
#1790 = DIRECTION ( 'NONE',  ( 0.000000000000000000, 0.000000000000000000, 1.000000000000000000 ) ) ;
#1791 = VERTEX_POINT ( 'NONE', #1936 ) ;
#1792 = DIRECTION ( 'NONE',  ( -1.000000000000000000, -0.000000000000000000, -0.000000000000000000 ) ) ;
#1793 = CARTESIAN_POINT ( 'NONE',  ( 115.6487746503017746, -4.041784260362690340, 0.9582157396373106595 ) ) ;
#1794 = LINE ( 'NONE', #3913, #7830 ) ;
#1795 = EDGE_CURVE ( 'NONE', #7901, #7578, #4370, .T. ) ;
#1796 = ORIENTED_EDGE ( 'NONE', *, *, #6115, .T. ) ;
#1797 = CARTESIAN_POINT ( 'NONE',  ( 97.65967868777056538, -4.686141179195657536, -0.3138588208043440742 ) ) ;
#1798 = CARTESIAN_POINT ( 'NONE',  ( 68.62499999999998579, 0.000000000000000000, 1.000000000000000000 ) ) ;
#1799 = CARTESIAN_POINT ( 'NONE',  ( 78.89665234915595704, -0.06459124882792550981, 4.935408751172074560 ) ) ;
#1800 = CARTESIAN_POINT ( 'NONE',  ( 79.77184353044840748, 5.404070203482437741E-15, -5.000000000000007105 ) ) ;
#1801 = AXIS2_PLACEMENT_3D ( 'NONE', #5639, #3014, #896 ) ;
#1802 = EDGE_LOOP ( 'NONE', ( #37, #4880, #3189 ) ) ;
#1803 = DIRECTION ( 'NONE',  ( -1.000000000000000000, -0.000000000000000000, -0.000000000000000000 ) ) ;
#1804 = AXIS2_PLACEMENT_3D ( 'NONE', #8718, #1969, #6717 ) ;
#1805 = ORIENTED_EDGE ( 'NONE', *, *, #842, .T. ) ;
#1806 = AXIS2_PLACEMENT_3D ( 'NONE', #697, #3532, #1284 ) ;
#1807 = CARTESIAN_POINT ( 'NONE',  ( 57.47815646957786839, -5.000000000001022293, 1.022278417154898973E-12 ) ) ;
#1808 = EDGE_LOOP ( 'NONE', ( #3473, #5805, #3221 ) ) ;
#1809 = CARTESIAN_POINT ( 'NONE',  ( 68.62499999999978684, 2.818544231345960265E-13, 5.000000000000282441 ) ) ;
#1810 = DIRECTION ( 'NONE',  ( 0.000000000000000000, -1.000000000000000000, 0.000000000000000000 ) ) ;
#1811 = CIRCLE ( 'NONE', #8225, 1.000000000000000000 ) ;
#1812 = CARTESIAN_POINT ( 'NONE',  ( 98.22625045371997032, -4.359865889253468296, 0.6401341107465335911 ) ) ;
#1813 = CARTESIAN_POINT ( 'NONE',  ( 75.89842623724027248, -4.567820679626460212, 0.4321793203735401767 ) ) ;
#1814 = CIRCLE ( 'NONE', #6809, 3.999999999999997335 ) ;
#1815 = AXIS2_PLACEMENT_3D ( 'NONE', #302, #794, #7103 ) ;
#1816 = TOROIDAL_SURFACE ( 'NONE', #967, 1.000000000000000000, 3.999999999999997335 ) ;
#1817 = ADVANCED_FACE ( 'NONE', ( #7785 ), #1122, .T. ) ;
#1818 = ADVANCED_FACE ( 'NONE', ( #3058 ), #2261, .T. ) ;
#1819 = AXIS2_PLACEMENT_3D ( 'NONE', #134, #6308, #4877 ) ;
#1820 = ORIENTED_EDGE ( 'NONE', *, *, #6471, .F. ) ;
#1821 = ORIENTED_EDGE ( 'NONE', *, *, #4404, .T. ) ;
#1822 = CARTESIAN_POINT ( 'NONE',  ( 8.125000000027860381, -5.000000000000000888, -4.336808689942017736E-16 ) ) ;
#1823 = CARTESIAN_POINT ( 'NONE',  ( 20.49999999999999645, 1.224646799147353207E-16, -1.000000000000000000 ) ) ;
#1824 = B_SPLINE_CURVE_WITH_KNOTS ( 'NONE', 3,
 ( #4729, #1325, #6919, #4060, #2035, #2859, #4869, #790, #3536, #6258, #5582, #837 ),
 .UNSPECIFIED., .F., .F.,
 ( 4, 2, 2, 2, 2, 4 ),
 ( 0.003504634718750201244, 0.003941423334025084824, 0.004378211949299969270, 0.005251789179849741633, 0.006125366410399513996, 0.006998943640949286359 ),
 .UNSPECIFIED. ) ;
#1825 = CARTESIAN_POINT ( 'NONE',  ( 21.87500000000000000, -3.671958834454334575, -1.328041165545665425 ) ) ;
#1826 = ORIENTED_EDGE ( 'NONE', *, *, #7574, .F. ) ;
#1827 = CARTESIAN_POINT ( 'NONE',  ( 30.12500000000000000, 0.000000000000000000, 0.000000000000000000 ) ) ;
#1828 = DIRECTION ( 'NONE',  ( 0.000000000000000000, 0.000000000000000000, 1.000000000000000000 ) ) ;
#1829 = ORIENTED_EDGE ( 'NONE', *, *, #8752, .F. ) ;
#1830 = B_SPLINE_CURVE_WITH_KNOTS ( 'NONE', 3,
 ( #722, #4851, #8271, #4280, #52, #6285, #2159, #902, #146, #6995, #6368, #4228, #228, #2058, #4798, #2880 ),
 .UNSPECIFIED., .F., .F.,
 ( 4, 2, 2, 2, 2, 2, 2, 4 ),
 ( 4.818711198676053086E-07, 0.0008765200830205893082, 0.001314539188970937841, 0.001752558294921286374, 0.002190577400871635775, 0.002628596506821983658, 0.003066615612772332407, 0.003504634718722680724 ),
 .UNSPECIFIED. ) ;
#1831 = EDGE_CURVE ( 'NONE', #6426, #6694, #496, .T. ) ;
#1832 = CARTESIAN_POINT ( 'NONE',  ( 51.83253412545226979, -4.991957775359334271, 0.008042224640665882052 ) ) ;
#1833 = CARTESIAN_POINT ( 'NONE',  ( 83.59032131224202544, -0.3138588207986899303, 4.686141179201310791 ) ) ;
#1834 = DIRECTION ( 'NONE',  ( -1.000000000000000000, -0.000000000000000000, -0.000000000000000000 ) ) ;
#1835 = ORIENTED_EDGE ( 'NONE', *, *, #4463, .F. ) ;
#1836 = DIRECTION ( 'NONE',  ( 0.000000000000000000, 0.000000000000000000, 1.000000000000000000 ) ) ;
#1837 = AXIS2_PLACEMENT_3D ( 'NONE', #1033, #3868, #7835 ) ;
#1838 = CARTESIAN_POINT ( 'NONE',  ( 22.14736572063977960, -0.9599107665869537342, -4.040089233413045378 ) ) ;
#1839 = CARTESIAN_POINT ( 'NONE',  ( 117.8325341254524545, -4.991957775359346705, 0.008042224640653653986 ) ) ;
#1840 = ADVANCED_FACE ( 'NONE', ( #5818 ), #8394, .T. ) ;
#1841 = CARTESIAN_POINT ( 'NONE',  ( 57.04368978649817734, -4.960065625086329533, 0.03993437491367032161 ) ) ;
#1842 = VECTOR ( 'NONE', #8313, 1000.000000000000000 ) ;
#1843 = EDGE_LOOP ( 'NONE', ( #1111, #8591, #2771 ) ) ;
#1844 = CARTESIAN_POINT ( 'NONE',  ( 97.89842623724028670, -4.567820679626460212, -0.4321793203735402322 ) ) ;
#1845 = CARTESIAN_POINT ( 'NONE',  ( 78.21576228220553162, -0.2608011982980558141, -4.739198801701944852 ) ) ;
#1846 = CARTESIAN_POINT ( 'NONE',  ( 132.6250000000000000, 1.224646799147353207E-16, -1.000000000000000000 ) ) ;
#1847 = CARTESIAN_POINT ( 'NONE',  ( 12.89940186600660788, -4.935956332723937301, 0.06404366727606312926 ) ) ;
#1848 = CARTESIAN_POINT ( 'NONE',  ( 65.87499999999998579, -3.671958834454331466, -1.328041165545668756 ) ) ;
#1849 = CARTESIAN_POINT ( 'NONE',  ( 46.62499999999979394, 2.873490942237762426E-13, -5.000000000000286882 ) ) ;
#1850 = EDGE_LOOP ( 'NONE', ( #8387, #109, #1023 ) ) ;
#1851 = DIRECTION ( 'NONE',  ( -1.000000000000000000, -0.000000000000000000, -0.000000000000000000 ) ) ;
#1852 =( NAMED_UNIT ( * ) SI_UNIT ( $, .STERADIAN. ) SOLID_ANGLE_UNIT ( ) );
#1853 = ADVANCED_FACE ( 'NONE', ( #6455 ), #2250, .F. ) ;
#1854 = CARTESIAN_POINT ( 'NONE',  ( 82.37499999999998579, 0.000000000000000000, 3.904737509655568761 ) ) ;
#1855 = ORIENTED_EDGE ( 'NONE', *, *, #1789, .F. ) ;
#1856 = DIRECTION ( 'NONE',  ( 0.000000000000000000, 0.000000000000000000, 1.000000000000000000 ) ) ;
#1857 = ORIENTED_EDGE ( 'NONE', *, *, #802, .T. ) ;
#1858 = CARTESIAN_POINT ( 'NONE',  ( 67.89665234915597125, -0.06459124882792471878, 4.935408751172075448 ) ) ;
#1859 = CARTESIAN_POINT ( 'NONE',  ( 23.09032131224201478, -0.3138588207986877654, 4.686141179201311679 ) ) ;
#1860 = CARTESIAN_POINT ( 'NONE',  ( 114.3984262372402299, -4.567820679626466429, -0.4321793203735330158 ) ) ;
#1861 = DIRECTION ( 'NONE',  ( -0.000000000000000000, 1.000000000000000000, 1.224646799147353207E-16 ) ) ;
#1862 = VERTEX_POINT ( 'NONE', #2462 ) ;
#1863 = B_SPLINE_CURVE_WITH_KNOTS ( 'NONE', 3,
 ( #4202, #4912, #838, #163, #4776, #4251, #4823, #1464, #6920, #6878, #6207, #5532 ),
 .UNSPECIFIED., .F., .F.,
 ( 4, 2, 2, 2, 2, 4 ),
 ( 0.003504634718750189535, 0.003941423334025079619, 0.004378211949299969270, 0.005251789179849739031, 0.006125366410399507924, 0.006998943640949277685 ),
 .UNSPECIFIED. ) ;
#1864 = EDGE_LOOP ( 'NONE', ( #171, #5854, #439, #1148 ) ) ;
#1865 = CARTESIAN_POINT ( 'NONE',  ( 46.32874637064227841, -0.008301598518914170624, -4.991698401481087011 ) ) ;
#1866 = CARTESIAN_POINT ( 'NONE',  ( 122.2499999999999858, 0.000000000000000000, 1.000000000000000000 ) ) ;
#1867 = EDGE_CURVE ( 'NONE', #136, #5149, #2543, .T. ) ;
#1868 = FACE_OUTER_BOUND ( 'NONE', #8513, .T. ) ;
#1869 = ORIENTED_EDGE ( 'NONE', *, *, #2163, .F. ) ;
#1870 = EDGE_CURVE ( 'NONE', #1600, #8736, #77, .T. ) ;
#1871 = DIRECTION ( 'NONE',  ( 0.000000000000000000, -1.224646799147353207E-16, 1.000000000000000000 ) ) ;
#1872 = CARTESIAN_POINT ( 'NONE',  ( 103.7311995511639964, -0.6335913640930985746, -4.366408635906902980 ) ) ;
#1873 = ORIENTED_EDGE ( 'NONE', *, *, #6574, .F. ) ;
#1874 = CARTESIAN_POINT ( 'NONE',  ( 93.37499999999998579, -1.328041165545675195, 3.671958834454324805 ) ) ;
#1875 = CARTESIAN_POINT ( 'NONE',  ( 15.00000000000000000, 0.000000000000000000, 0.000000000000000000 ) ) ;
#1876 = DIRECTION ( 'NONE',  ( -1.000000000000000000, -0.000000000000000000, -0.000000000000000000 ) ) ;
#1877 = DIRECTION ( 'NONE',  ( -1.000000000000000000, -0.000000000000000000, -0.000000000000000000 ) ) ;
#1878 = EDGE_LOOP ( 'NONE', ( #2165, #8763, #6804 ) ) ;
#1879 = EDGE_CURVE ( 'NONE', #3391, #2047, #3725, .T. ) ;
#1880 = CARTESIAN_POINT ( 'NONE',  ( 38.64736572063976894, -0.9599107665869527350, 4.040089233413047154 ) ) ;
#1881 = B_SPLINE_CURVE_WITH_KNOTS ( 'NONE', 3,
 ( #5529, #6917, #4105, #8245, #2133, #1507, #7547, #2855, #6828, #5440, #3390, #644, #5579, #2757, #1417, #3440 ),
 .UNSPECIFIED., .F., .F.,
 ( 4, 2, 2, 2, 2, 2, 2, 4 ),
 ( 4.818711198686234422E-07, 0.0008765200830205596011, 0.001314539188970917892, 0.001752558294921276617, 0.002190577400871634908, 0.002628596506821993632, 0.003066615612772352357, 0.003504634718722711081 ),
 .UNSPECIFIED. ) ;
#1882 = CARTESIAN_POINT ( 'NONE',  ( 65.87499999999998579, -1.328041165545668756, 3.671958834454331022 ) ) ;
#1883 = CARTESIAN_POINT ( 'NONE',  ( 115.3749999999999858, -3.671958834454344345, 1.328041165545655877 ) ) ;
#1884 = DIRECTION ( 'NONE',  ( -1.000000000000000000, -0.000000000000000000, -0.000000000000000000 ) ) ;
#1885 = CARTESIAN_POINT ( 'NONE',  ( 13.62500000000000000, 0.000000000000000000, 1.000000000000000000 ) ) ;
#1886 = ORIENTED_EDGE ( 'NONE', *, *, #5240, .T. ) ;
#1887 = EDGE_CURVE ( 'NONE', #3544, #5448, #7536, .T. ) ;
#1888 = CARTESIAN_POINT ( 'NONE',  ( 73.82874637064227841, -0.008301598518917907218, -4.991698401481082570 ) ) ;
#1889 = CARTESIAN_POINT ( 'NONE',  ( 71.37500000000000000, 0.000000000000000000, 0.000000000000000000 ) ) ;
#1890 = CARTESIAN_POINT ( 'NONE',  ( 51.83253412545226979, -4.991957775359334271, -0.008042224640665977461 ) ) ;
#1891 = ORIENTED_EDGE ( 'NONE', *, *, #5101, .T. ) ;
#1892 = DIRECTION ( 'NONE',  ( 0.000000000000000000, 0.000000000000000000, 1.000000000000000000 ) ) ;
#1893 = CIRCLE ( 'NONE', #3055, 4.000000000000001776 ) ;
#1894 = CARTESIAN_POINT ( 'NONE',  ( 24.62500000000000000, 0.000000000000000000, 0.000000000000000000 ) ) ;
#1895 = EDGE_LOOP ( 'NONE', ( #3354, #8528, #5436, #3765 ) ) ;
#1896 = CARTESIAN_POINT ( 'NONE',  ( 105.9795380625907910, -0.1676550930109093895, -4.832344906989090916 ) ) ;
#1897 = ADVANCED_FACE ( 'NONE', ( #1788 ), #4581, .F. ) ;
#1898 = ORIENTED_EDGE ( 'NONE', *, *, #4486, .F. ) ;
#1899 = CARTESIAN_POINT ( 'NONE',  ( 34.24999999999999289, 0.000000000000000000, 0.000000000000000000 ) ) ;
#1900 = DIRECTION ( 'NONE',  ( -1.000000000000000000, -0.000000000000000000, -0.000000000000000000 ) ) ;
#1901 = CARTESIAN_POINT ( 'NONE',  ( 78.25000000000000000, 0.000000000000000000, 0.000000000000000000 ) ) ;
#1902 = AXIS2_PLACEMENT_3D ( 'NONE', #7466, #4740, #539 ) ;
#1903 = CARTESIAN_POINT ( 'NONE',  ( 36.77178058431635321, -0.1593231317801528935, 4.840676868219846440 ) ) ;
#1904 = ORIENTED_EDGE ( 'NONE', *, *, #1274, .T. ) ;
#1905 = CARTESIAN_POINT ( 'NONE',  ( 46.03886551654431969, -0.04063066961492553530, -4.959369330385076324 ) ) ;
#1907 = DIRECTION ( 'NONE',  ( -1.000000000000000000, -0.000000000000000000, -0.000000000000000000 ) ) ;
#1906 = AXIS2_PLACEMENT_3D ( 'NONE', #8283, #1554, #2173 ) ;
#1908 = CARTESIAN_POINT ( 'NONE',  ( 62.97774279211274262, -8.993372317472525961E-15, 4.999999999999991118 ) ) ;
#1909 = FACE_OUTER_BOUND ( 'NONE', #1217, .T. ) ;
#1910 = CARTESIAN_POINT ( 'NONE',  ( 104.9227712695847288, -0.7176137099602930558, 4.282386290039707610 ) ) ;
#1911 = CARTESIAN_POINT ( 'NONE',  ( 48.15967868777045879, -4.686141179195703721, -0.3138588208042949468 ) ) ;
#1912 = VERTEX_POINT ( 'NONE', #3992 ) ;
#1913 = B_SPLINE_CURVE_WITH_KNOTS ( 'NONE', 3,
 ( #5823, #7305, #1880, #3909, #3819, #5117, #2562, #3872, #7836, #450, #8548, #3190, #5910, #1712, #2513, #4455 ),
 .UNSPECIFIED., .F., .F.,
 ( 4, 2, 2, 2, 2, 2, 2, 4 ),
 ( 4.818711198780932706E-07, 0.0008765200830274550185, 0.001314539188981250122, 0.001752558294935045117, 0.002190577400888839895, 0.002628596506842635107, 0.003066615612796429885, 0.003504634718750224663 ),
 .UNSPECIFIED. ) ;
#1914 = EDGE_CURVE ( 'NONE', #5930, #4956, #4029, .T. ) ;
#1915 = CARTESIAN_POINT ( 'NONE',  ( 51.97815646957787550, -5.000000000001020517, -1.019540630204176807E-12 ) ) ;
#1916 = DIRECTION ( 'NONE',  ( 0.000000000000000000, 0.000000000000000000, 1.000000000000000000 ) ) ;
#1917 = TOROIDAL_SURFACE ( 'NONE', #8338, 1.000000000000000000, 3.999999999999999112 ) ;
#1918 = ORIENTED_EDGE ( 'NONE', *, *, #1879, .T. ) ;
#1919 = CARTESIAN_POINT ( 'NONE',  ( 71.10263427936257585, -4.040089233410256497, 0.9599107665897450570 ) ) ;
#1920 = B_SPLINE_CURVE_WITH_KNOTS ( 'NONE', 3,
 ( #4683, #7412, #5435, #3435, #8142, #6060, #8778, #6822, #5394, #4053, #6770, #641 ),
 .UNSPECIFIED., .F., .F.,
 ( 4, 2, 2, 2, 2, 4 ),
 ( 0.003504634718722713684, 0.003941423334001038087, 0.004378211949279363358, 0.005251789179836012164, 0.006125366410392660971, 0.006998943640949310645 ),
 .UNSPECIFIED. ) ;
#1921 = CARTESIAN_POINT ( 'NONE',  ( 32.60263427936020264, -4.040089233413073799, -0.9599107665869260897 ) ) ;
#1922 = CARTESIAN_POINT ( 'NONE',  ( 116.2312351930765288, -4.508466212583701171, 0.4915337874162993281 ) ) ;
#1923 = CIRCLE ( 'NONE', #214, 0.9999999999999997780 ) ;
#1924 = VECTOR ( 'NONE', #8727, 1000.000000000000000 ) ;
#1925 = AXIS2_PLACEMENT_3D ( 'NONE', #5474, #6728, #8059 ) ;
#1926 = ADVANCED_FACE ( 'NONE', ( #6745 ), #4533, .F. ) ;
#1927 = ADVANCED_FACE ( 'NONE', ( #6035 ), #2559, .F. ) ;
#1928 = CYLINDRICAL_SURFACE ( 'NONE', #6410, 1.000000000000000000 ) ;
#1929 = ORIENTED_EDGE ( 'NONE', *, *, #6645, .F. ) ;
#1930 = AXIS2_PLACEMENT_3D ( 'NONE', #7738, #3642, #6358 ) ;
#1931 = CARTESIAN_POINT ( 'NONE',  ( 5.375000000000000000, -3.671958834454335019, 1.328041165545665425 ) ) ;
#1932 = DIRECTION ( 'NONE',  ( 0.000000000000000000, 0.000000000000000000, 1.000000000000000000 ) ) ;
#1933 = CARTESIAN_POINT ( 'NONE',  ( 105.2312351930678602, -4.508466212578214005, -0.4915337874217864389 ) ) ;
#1934 = CARTESIAN_POINT ( 'NONE',  ( 50.71616362764437014, -4.748219996440549373, -0.2517800035594509045 ) ) ;
#1935 = EDGE_CURVE ( 'NONE', #4067, #3002, #5828, .T. ) ;
#1936 = CARTESIAN_POINT ( 'NONE',  ( 60.37500000000000000, -3.671958834454334575, 1.328041165545665647 ) ) ;
#1937 = CARTESIAN_POINT ( 'NONE',  ( 72.97953806259077680, -0.1676550930109080573, 4.832344906989091804 ) ) ;
#1938 = ORIENTED_EDGE ( 'NONE', *, *, #1342, .F. ) ;
#1939 = ORIENTED_EDGE ( 'NONE', *, *, #5407, .F. ) ;
#1940 = CARTESIAN_POINT ( 'NONE',  ( 68.32874637064227841, -0.008301598518917974873, 4.991698401481082570 ) ) ;
#1941 = CARTESIAN_POINT ( 'NONE',  ( 0.000000000000000000, 0.000000000000000000, 1.000000000000000000 ) ) ;
#1942 = CARTESIAN_POINT ( 'NONE',  ( 82.10122534970068386, -0.9582157396401881355, 4.041784260359812642 ) ) ;
#1943 = DIRECTION ( 'NONE',  ( -1.000000000000000000, -0.000000000000000000, -0.000000000000000000 ) ) ;
#1944 = EDGE_CURVE ( 'NONE', #2168, #6563, #1682, .T. ) ;
#1945 = AXIS2_PLACEMENT_3D ( 'NONE', #1166, #6612, #5997 ) ;
#1946 = ORIENTED_EDGE ( 'NONE', *, *, #1006, .T. ) ;
#1947 = ORIENTED_EDGE ( 'NONE', *, *, #5171, .T. ) ;
#1948 = DIRECTION ( 'NONE',  ( 0.000000000000000000, 0.000000000000000000, 1.000000000000000000 ) ) ;
#1949 = CARTESIAN_POINT ( 'NONE',  ( 109.9960011628835304, -3.862796825715736571, -1.137203174284263651 ) ) ;
#1950 = CIRCLE ( 'NONE', #8797, 4.000000000000000000 ) ;
#1951 = DIRECTION ( 'NONE',  ( 0.000000000000000000, 0.000000000000000000, 1.000000000000000000 ) ) ;
#1952 = CARTESIAN_POINT ( 'NONE',  ( 115.3749999999999858, -1.328041165545655655, 3.671958834454344345 ) ) ;
#1953 = ORIENTED_EDGE ( 'NONE', *, *, #4180, .F. ) ;
#1954 = AXIS2_PLACEMENT_3D ( 'NONE', #6753, #6042, #1262 ) ;
#1955 = CARTESIAN_POINT ( 'NONE',  ( 84.39940186600671268, -4.935956332723948847, 0.06404366727605205478 ) ) ;
#1956 = DIRECTION ( 'NONE',  ( 0.000000000000000000, 0.000000000000000000, 1.000000000000000000 ) ) ;
#1957 = ORIENTED_EDGE ( 'NONE', *, *, #5240, .F. ) ;
#1958 = CIRCLE ( 'NONE', #2681, 3.904737509655563876 ) ;
#1959 = EDGE_CURVE ( 'NONE', #1165, #3307, #5418, .T. ) ;
#1960 = CARTESIAN_POINT ( 'NONE',  ( 95.82874637064227841, -0.008301598518917999159, 4.991698401481082570 ) ) ;
#1961 = CIRCLE ( 'NONE', #3557, 3.904737509655557215 ) ;
#1962 = CARTESIAN_POINT ( 'NONE',  ( 0.000000000000000000, -2.500000000000000000, 2.500000000000000000 ) ) ;
#1963 = CARTESIAN_POINT ( 'NONE',  ( 5.244133725873109775, -1.133734314220248951, 3.866265685779750161 ) ) ;
#1964 = EDGE_LOOP ( 'NONE', ( #2079, #7678, #7945, #4702, #7826, #6592 ) ) ;
#1965 = DIRECTION ( 'NONE',  ( 0.000000000000000000, 0.000000000000000000, 1.000000000000000000 ) ) ;
#1966 = CARTESIAN_POINT ( 'NONE',  ( 30.42125362935749422, -4.991698401481105662, -0.008301598518896368892 ) ) ;
#1967 = LINE ( 'NONE', #6749, #8060 ) ;
#1968 = CARTESIAN_POINT ( 'NONE',  ( 20.49999999999999645, 0.000000000000000000, 1.000000000000000000 ) ) ;
#1969 = DIRECTION ( 'NONE',  ( -1.000000000000000000, -0.000000000000000000, -0.000000000000000000 ) ) ;
#1970 = CARTESIAN_POINT ( 'NONE',  ( 95.39940186600667005, -4.935956332723948847, 0.06404366727605186049 ) ) ;
#1971 = DIRECTION ( 'NONE',  ( 0.000000000000000000, 0.000000000000000000, 1.000000000000000000 ) ) ;
#1972 = ADVANCED_FACE ( 'NONE', ( #4784 ), #2106, .F. ) ;
#1973 = CARTESIAN_POINT ( 'NONE',  ( 74.12500000000000000, 0.000000000000000000, 0.000000000000000000 ) ) ;
#1974 = CARTESIAN_POINT ( 'NONE',  ( 0.000000000000000000, 1.224646799147353207E-16, -1.000000000000000000 ) ) ;
#1975 = ADVANCED_FACE ( 'NONE', ( #8257 ), #1334, .F. ) ;
#1976 = AXIS2_PLACEMENT_3D ( 'NONE', #4465, #5704, #6467 ) ;
#1977 = CARTESIAN_POINT ( 'NONE',  ( 112.6249999999998010, 2.822966390599457035E-13, -5.000000000000282441 ) ) ;
#1978 = CARTESIAN_POINT ( 'NONE',  ( 40.39665234915596415, -0.06459124882792180444, -4.935408751172078112 ) ) ;
#1979 = VERTEX_POINT ( 'NONE', #6217 ) ;
#1980 = CARTESIAN_POINT ( 'NONE',  ( 12.89940186600660788, -4.935956332723937301, -0.06404366727606326803 ) ) ;
#1981 = VERTEX_POINT ( 'NONE', #2046 ) ;
#1982 = VERTEX_POINT ( 'NONE', #655 ) ;
#1983 = CARTESIAN_POINT ( 'NONE',  ( 90.03886551654429127, -0.04063066961492931006, -4.959369330385070995 ) ) ;
#1984 = FACE_OUTER_BOUND ( 'NONE', #2034, .T. ) ;
#1985 = FACE_OUTER_BOUND ( 'NONE', #3052, .T. ) ;
#1986 = AXIS2_PLACEMENT_3D ( 'NONE', #4845, #4741, #1260 ) ;
#1987 = EDGE_CURVE ( 'NONE', #635, #59, #2680, .T. ) ;
#1988 = B_SPLINE_CURVE_WITH_KNOTS ( 'NONE', 3,
 ( #4908, #6255, #3533, #6158, #787, #1366, #7632, #741, #24, #123, #75, #2033, #2807, #6063 ),
 .UNSPECIFIED., .F., .F.,
 ( 4, 2, 2, 2, 2, 2, 4 ),
 ( 4.583718812324987270E-07, 0.0009012731755029508920, 0.001351680577313809457, 0.001802087979124668022, 0.002252495380935526804, 0.002702902782746385152, 0.003603717586368104450 ),
 .UNSPECIFIED. ) ;
#1989 = CARTESIAN_POINT ( 'NONE',  ( 79.91746587457267026, -0.008042224642539331364, 4.991957775357460214 ) ) ;
#1990 = CARTESIAN_POINT ( 'NONE',  ( 35.77184353044837906, 8.500928537762561835E-15, 5.000000000000007105 ) ) ;
#1991 = ORIENTED_EDGE ( 'NONE', *, *, #8824, .F. ) ;
#1992 = DIRECTION ( 'NONE',  ( -0.000000000000000000, 1.000000000000000000, 1.224646799147353207E-16 ) ) ;
#1993 = CARTESIAN_POINT ( 'NONE',  ( 30.12499999999979039, 2.863123587767663280E-13, 5.000000000000285993 ) ) ;
#1994 = ORIENTED_EDGE ( 'NONE', *, *, #874, .T. ) ;
#1995 = CARTESIAN_POINT ( 'NONE',  ( 9.270461937426189181, -4.832344906983784050, 0.1676550930162164499 ) ) ;
#1996 = CARTESIAN_POINT ( 'NONE',  ( 115.6473657206397263, -0.9599107665869465178, 4.040089233413053371 ) ) ;
#1997 = ADVANCED_FACE ( 'NONE', ( #4213 ), #8095, .T. ) ;
#1998 = CARTESIAN_POINT ( 'NONE',  ( 83.23123519307652884, -4.508466212583694066, 0.4915337874163072107 ) ) ;
#1999 = CARTESIAN_POINT ( 'NONE',  ( 132.6250000000000000, 0.000000000000000000, 0.000000000000000000 ) ) ;
#2000 = EDGE_LOOP ( 'NONE', ( #1773, #7531, #3454 ) ) ;
#2001 = CARTESIAN_POINT ( 'NONE',  ( 25.77046193742621583, -4.832344906983776944, -0.1676550930162239439 ) ) ;
#2002 = FACE_OUTER_BOUND ( 'NONE', #4187, .T. ) ;
#2003 = FACE_OUTER_BOUND ( 'NONE', #2000, .T. ) ;
#2004 = CARTESIAN_POINT ( 'NONE',  ( 27.37500000000000000, -3.671958834454336795, 1.328041165545663649 ) ) ;
#2005 = ORIENTED_EDGE ( 'NONE', *, *, #1831, .T. ) ;
#2006 = ADVANCED_FACE ( 'NONE', ( #88 ), #4117, .F. ) ;
#2007 = CARTESIAN_POINT ( 'NONE',  ( 118.1249999999999858, 0.000000000000000000, 0.000000000000000000 ) ) ;
#2008 = CARTESIAN_POINT ( 'NONE',  ( 63.41746587457268447, -0.008042224642536142942, 4.991957775357463767 ) ) ;
#2009 = DIRECTION ( 'NONE',  ( -1.000000000000000000, -0.000000000000000000, -0.000000000000000000 ) ) ;
#2010 = CARTESIAN_POINT ( 'NONE',  ( 21.87500000000000000, -3.671958834454334575, -1.328041165545665425 ) ) ;
#2011 = FACE_OUTER_BOUND ( 'NONE', #219, .T. ) ;
#2012 = CARTESIAN_POINT ( 'NONE',  ( 69.20631021352429002, -0.03993437491703808601, 4.960065625082963336 ) ) ;
#2013 = CARTESIAN_POINT ( 'NONE',  ( 122.4822048687072140, -4.833123071218327738, -0.1668769287816721236 ) ) ;
#2014 = CARTESIAN_POINT ( 'NONE',  ( 65.60263427936256164, -4.040089233410261826, -0.9599107665897400610 ) ) ;
#2015 = CARTESIAN_POINT ( 'NONE',  ( 85.12499999999980105, 2.822966390599457035E-13, -5.000000000000282441 ) ) ;
#2016 = B_SPLINE_CURVE_WITH_KNOTS ( 'NONE', 3,
 ( #8716, #8680, #3290, #4662, #7308, #7389, #6715, #1302, #454, #3197, #1174, #1261 ),
 .UNSPECIFIED., .F., .F.,
 ( 4, 2, 2, 2, 2, 4 ),
 ( 0.003504634718722713684, 0.003941423334001038087, 0.004378211949279363358, 0.005251789179836012164, 0.006125366410392660971, 0.006998943640949310645 ),
 .UNSPECIFIED. ) ;
#2017 = CARTESIAN_POINT ( 'NONE',  ( 54.87499999999999289, 0.000000000000000000, 0.000000000000000000 ) ) ;
#2018 = EDGE_CURVE ( 'NONE', #8057, #5304, #5261, .T. ) ;
#2019 = FACE_OUTER_BOUND ( 'NONE', #5580, .T. ) ;
#2020 = CARTESIAN_POINT ( 'NONE',  ( 72.71576228220553162, -0.2608011982980544263, 4.739198801701945740 ) ) ;
#2021 = ORIENTED_EDGE ( 'NONE', *, *, #6266, .F. ) ;
#2022 = EDGE_LOOP ( 'NONE', ( #700, #304, #5578, #6123 ) ) ;
#2023 = DIRECTION ( 'NONE',  ( 0.000000000000000000, 0.000000000000000000, 1.000000000000000000 ) ) ;
#2024 = CARTESIAN_POINT ( 'NONE',  ( 36.77046193742613411, -4.832344906983798261, -0.1676550930162034880 ) ) ;
#2025 = DIRECTION ( 'NONE',  ( 0.000000000000000000, -1.000000000000000000, 0.000000000000000000 ) ) ;
#2026 = CARTESIAN_POINT ( 'NONE',  ( 118.4212536293830169, -4.991698401479152558, 0.008301598520847820045 ) ) ;
#2027 = LINE ( 'NONE', #7487, #3654 ) ;
#2028 = AXIS2_PLACEMENT_3D ( 'NONE', #1480, #94, #8165 ) ;
#2029 = ORIENTED_EDGE ( 'NONE', *, *, #5030, .T. ) ;
#2030 = VERTEX_POINT ( 'NONE', #6787 ) ;
#2031 = EDGE_CURVE ( 'NONE', #2894, #4445, #670, .T. ) ;
#2032 = CARTESIAN_POINT ( 'NONE',  ( 63.12499999999977973, 2.853433197910877531E-13, -5.000000000000285105 ) ) ;
#2033 = CARTESIAN_POINT ( 'NONE',  ( 3.106338970012576972, -4.967659993883051683, -0.03234000611695066890 ) ) ;
#2034 = EDGE_LOOP ( 'NONE', ( #7294, #465, #1097, #590 ) ) ;
#2035 = CARTESIAN_POINT ( 'NONE',  ( 14.35059813401477768, -0.06404366728010663090, -4.935956332719894313 ) ) ;
#2036 = AXIS2_PLACEMENT_3D ( 'NONE', #3661, #4332, #1045 ) ;
#2037 = CARTESIAN_POINT ( 'NONE',  ( 38.64877465030178882, -4.041784260362666359, 0.9582157396373347513 ) ) ;
#2038 = DIRECTION ( 'NONE',  ( 0.000000000000000000, 0.000000000000000000, 1.000000000000000000 ) ) ;
#2039 = CARTESIAN_POINT ( 'NONE',  ( 76.22625045371994190, -4.359865889253467408, -0.6401341107465334801 ) ) ;
#2040 = DIRECTION ( 'NONE',  ( 0.000000000000000000, 0.000000000000000000, 1.000000000000000000 ) ) ;
#2041 = ORIENTED_EDGE ( 'NONE', *, *, #5369, .T. ) ;
#2042 = CARTESIAN_POINT ( 'NONE',  ( 25.63240203055833177, -4.872131520497893220, -0.1278684795021063636 ) ) ;
#2043 = TOROIDAL_SURFACE ( 'NONE', #6755, 1.000000000000000000, 3.999999999999997335 ) ;
#2044 = EDGE_CURVE ( 'NONE', #4445, #5359, #4838, .T. ) ;
#2045 = DIRECTION ( 'NONE',  ( 0.000000000000000000, 0.000000000000000000, 1.000000000000000000 ) ) ;
#2046 = CARTESIAN_POINT ( 'NONE',  ( 16.37499999999999645, 4.781924292710292592E-16, -3.904737509655564320 ) ) ;
#2047 = VERTEX_POINT ( 'NONE', #3594 ) ;
#2048 = CARTESIAN_POINT ( 'NONE',  ( 78.61759796945997891, -0.1278684794971787775, -4.872131520502821722 ) ) ;
#2049 = ORIENTED_EDGE ( 'NONE', *, *, #7250, .F. ) ;
#2050 = CARTESIAN_POINT ( 'NONE',  ( 52.85059813401475992, -0.06404366728010837950, 4.935956332719892536 ) ) ;
#2051 = CARTESIAN_POINT ( 'NONE',  ( 108.4999999999999858, 0.000000000000000000, 0.000000000000000000 ) ) ;
#2052 = DIRECTION ( 'NONE',  ( -1.000000000000000000, -0.000000000000000000, -0.000000000000000000 ) ) ;
#2053 = EDGE_CURVE ( 'NONE', #642, #7426, #8087, .T. ) ;
#2054 = CARTESIAN_POINT ( 'NONE',  ( 24.33253412545236571, -4.991957775359342264, -0.008042224640656962104 ) ) ;
#2055 = CARTESIAN_POINT ( 'NONE',  ( 94.23123519307652884, -4.508466212583692290, 0.4915337874163090981 ) ) ;
#2056 = DIRECTION ( 'NONE',  ( 0.000000000000000000, 0.000000000000000000, -1.000000000000000000 ) ) ;
#2057 = AXIS2_PLACEMENT_3D ( 'NONE', #1566, #1467, #6924 ) ;
#2058 = CARTESIAN_POINT ( 'NONE',  ( 79.92125362938304534, -4.991698401479151670, 0.008301598520848907717 ) ) ;
#2059 = CARTESIAN_POINT ( 'NONE',  ( 94.75000000000000000, 1.224646799147353207E-16, -1.000000000000000000 ) ) ;
#2060 = EDGE_CURVE ( 'NONE', #4664, #4545, #5122, .T. ) ;
#2061 = CARTESIAN_POINT ( 'NONE',  ( 16.37499999999999645, 0.000000000000000000, 3.904737509655564320 ) ) ;
#2062 = CIRCLE ( 'NONE', #3945, 4.000000000000000000 ) ;
#2063 = AXIS2_PLACEMENT_3D ( 'NONE', #5514, #8232, #7577 ) ;
#2064 = CARTESIAN_POINT ( 'NONE',  ( 101.6250000000000000, 1.224646799147353207E-16, -1.000000000000000000 ) ) ;
#2065 = CARTESIAN_POINT ( 'NONE',  ( 39.97953806259080523, -0.1676550930109044213, -4.832344906989095357 ) ) ;
#2066 = ORIENTED_EDGE ( 'NONE', *, *, #3448, .F. ) ;
#2067 = FACE_OUTER_BOUND ( 'NONE', #5938, .T. ) ;
#2068 = ORIENTED_EDGE ( 'NONE', *, *, #2376, .T. ) ;
#2069 = ORIENTED_EDGE ( 'NONE', *, *, #8621, .F. ) ;
#2070 = DIRECTION ( 'NONE',  ( 0.000000000000000000, -1.000000000000000000, 0.000000000000000000 ) ) ;
#2071 = CARTESIAN_POINT ( 'NONE',  ( 65.23119955116401059, -0.6335913640930963542, -4.366408635906903868 ) ) ;
#2072 = DIRECTION ( 'NONE',  ( -1.000000000000000000, -0.000000000000000000, -0.000000000000000000 ) ) ;
#2073 = CARTESIAN_POINT ( 'NONE',  ( 76.87500000000000000, -3.671958834454324805, 1.328041165545675195 ) ) ;
#2074 = CARTESIAN_POINT ( 'NONE',  ( 38.10122534970068386, -0.9582157396401932425, 4.041784260359808201 ) ) ;
#2075 = ORIENTED_EDGE ( 'NONE', *, *, #3415, .T. ) ;
#2076 = DIRECTION ( 'NONE',  ( -0.000000000000000000, 1.000000000000000000, 1.224646799147353207E-16 ) ) ;
#2077 = B_SPLINE_CURVE_WITH_KNOTS ( 'NONE', 3,
 ( #3605, #8407, #2291, #182, #7742, #8496, #3147, #5155, #7302, #8583, #1128, #487 ),
 .UNSPECIFIED., .F., .F.,
 ( 4, 2, 2, 2, 2, 4 ),
 ( 0.003504634718750216423, 0.003941423334025103038, 0.004378211949299989220, 0.005251789179849763317, 0.006125366410399537415, 0.006998943640949311512 ),
 .UNSPECIFIED. ) ;
#2078 = DIRECTION ( 'NONE',  ( 0.000000000000000000, 0.000000000000000000, 1.000000000000000000 ) ) ;
#2079 = ORIENTED_EDGE ( 'NONE', *, *, #3880, .T. ) ;
#2080 = CARTESIAN_POINT ( 'NONE',  ( 10.32722873042055767, -4.282386290035422149, 0.7176137099645788497 ) ) ;
#2081 = DIRECTION ( 'NONE',  ( 0.000000000000000000, -1.224646799147353207E-16, 1.000000000000000000 ) ) ;
#2082 = CARTESIAN_POINT ( 'NONE',  ( 57.62499999999999289, 0.000000000000000000, 0.000000000000000000 ) ) ;
#2083 = CARTESIAN_POINT ( 'NONE',  ( 50.75000000000000000, 0.000000000000000000, 0.000000000000000000 ) ) ;
#2084 = ADVANCED_FACE ( 'NONE', ( #2003 ), #5682, .T. ) ;
#2085 = CARTESIAN_POINT ( 'NONE',  ( 41.12500000000000000, 1.224646799147353207E-16, -1.000000000000000000 ) ) ;
#2086 = ADVANCED_FACE ( 'NONE', ( #7462 ), #1689, .F. ) ;
#2087 = VERTEX_POINT ( 'NONE', #5588 ) ;
#2088 = CIRCLE ( 'NONE', #6957, 1.375000000000001332 ) ;
#2089 = ORIENTED_EDGE ( 'NONE', *, *, #1297, .F. ) ;
#2090 = CARTESIAN_POINT ( 'NONE',  ( 96.12499999999978684, 2.818544231345960265E-13, 5.000000000000282441 ) ) ;
#2091 = EDGE_LOOP ( 'NONE', ( #7894, #4868, #1312 ) ) ;
#2092 = CARTESIAN_POINT ( 'NONE',  ( 52.12499999999978684, 2.837560127215673901E-13, -5.000000000000283329 ) ) ;
#2093 = DIRECTION ( 'NONE',  ( 0.000000000000000000, 0.000000000000000000, 1.000000000000000000 ) ) ;
#2094 = CIRCLE ( 'NONE', #7106, 3.904737509655557215 ) ;
#2095 = CARTESIAN_POINT ( 'NONE',  ( 21.87500000000000000, -1.328041165545665425, 3.671958834454335019 ) ) ;
#2096 = ORIENTED_EDGE ( 'NONE', *, *, #7311, .F. ) ;
#2097 = CARTESIAN_POINT ( 'NONE',  ( 52.27184353044837195, 8.500928537762561835E-15, 5.000000000000007105 ) ) ;
#2098 = CARTESIAN_POINT ( 'NONE',  ( 17.35157376276965024, -0.4321793203680422968, -4.567820679631958924 ) ) ;
#2099 = CARTESIAN_POINT ( 'NONE',  ( 49.37500000000000000, 0.000000000000000000, 0.000000000000000000 ) ) ;
#2100 = EDGE_CURVE ( 'NONE', #5978, #2030, #184, .T. ) ;
#2101 = AXIS2_PLACEMENT_3D ( 'NONE', #2783, #721, #3462 ) ;
#2102 = AXIS2_PLACEMENT_3D ( 'NONE', #732, #16, #8235 ) ;
#2103 = AXIS2_PLACEMENT_3D ( 'NONE', #7375, #8150, #1244 ) ;
#2104 = AXIS2_PLACEMENT_3D ( 'NONE', #6718, #2650, #5373 ) ;
#2105 = DIRECTION ( 'NONE',  ( -1.000000000000000000, -0.000000000000000000, -0.000000000000000000 ) ) ;
#2106 = TOROIDAL_SURFACE ( 'NONE', #1540, 1.000000000000000000, 1.375000000000000000 ) ;
#2107 = CARTESIAN_POINT ( 'NONE',  ( 109.2311995511639964, -0.6335913640930906920, -4.366408635906910085 ) ) ;
#2108 = CARTESIAN_POINT ( 'NONE',  ( 46.62499999999979394, 2.871737586104897556E-13, 5.000000000000286882 ) ) ;
#2109 = AXIS2_PLACEMENT_3D ( 'NONE', #3059, #362, #7869 ) ;
#2110 = DIRECTION ( 'NONE',  ( 0.000000000000000000, 0.000000000000000000, 1.000000000000000000 ) ) ;
#2111 = DIRECTION ( 'NONE',  ( 0.000000000000000000, 0.000000000000000000, 1.000000000000000000 ) ) ;
#2112 = CARTESIAN_POINT ( 'NONE',  ( 8.125000000000000000, 0.000000000000000000, 1.000000000000000000 ) ) ;
#2113 = ADVANCED_FACE ( 'NONE', ( #7691 ), #3836, .T. ) ;
#2114 = AXIS2_PLACEMENT_3D ( 'NONE', #4715, #4854, #1354 ) ;
#2115 = CARTESIAN_POINT ( 'NONE',  ( 42.27178058431636032, -0.1593231317801533931, -4.840676868219846440 ) ) ;
#2116 = DIRECTION ( 'NONE',  ( 0.000000000000000000, 0.000000000000000000, 1.000000000000000000 ) ) ;
#2117 = ORIENTED_EDGE ( 'NONE', *, *, #7076, .F. ) ;
#2118 = CARTESIAN_POINT ( 'NONE',  ( 101.6250000000000000, 0.000000000000000000, 1.000000000000000000 ) ) ;
#2119 = EDGE_LOOP ( 'NONE', ( #2066, #4508, #3543, #6882 ) ) ;
#2120 = ORIENTED_EDGE ( 'NONE', *, *, #563, .F. ) ;
#2121 = LINE ( 'NONE', #4240, #3266 ) ;
#2122 = CARTESIAN_POINT ( 'NONE',  ( 111.4795380625907910, -0.1676550930109082516, 4.832344906989090916 ) ) ;
#2123 = CARTESIAN_POINT ( 'NONE',  ( 36.21113448347798425, -4.959369330381699470, -0.04063066961830186230 ) ) ;
#2124 = DIRECTION ( 'NONE',  ( -1.000000000000000000, -0.000000000000000000, -0.000000000000000000 ) ) ;
#2125 = EDGE_CURVE ( 'NONE', #264, #1031, #8714, .T. ) ;
#2126 = B_SPLINE_CURVE_WITH_KNOTS ( 'NONE', 3,
 ( #3704, #4375, #2209, #3615, #2934, #5652, #289, #8369, #7089, #957, #3743, #3029 ),
 .UNSPECIFIED., .F., .F.,
 ( 4, 2, 2, 2, 2, 4 ),
 ( 0.003504634718722679856, 0.003941423334001001658, 0.004378211949279324326, 0.005251789179835968796, 0.006125366410392612398, 0.006998943640949256868 ),
 .UNSPECIFIED. ) ;
#2127 = CARTESIAN_POINT ( 'NONE',  ( 118.2722572079139667, -4.999999999998967048, 1.033198930599532176E-12 ) ) ;
#2128 = CARTESIAN_POINT ( 'NONE',  ( 70.51876480693201188, -0.4915337874217386438, -4.508466212578261967 ) ) ;
#2129 = AXIS2_PLACEMENT_3D ( 'NONE', #8, #2699, #3569 ) ;
#2130 = EDGE_LOOP ( 'NONE', ( #3447, #1019, #6952 ) ) ;
#2131 = ORIENTED_EDGE ( 'NONE', *, *, #1867, .T. ) ;
#2132 = CARTESIAN_POINT ( 'NONE',  ( 90.62499999999998579, 0.000000000000000000, 0.000000000000000000 ) ) ;
#2133 = CARTESIAN_POINT ( 'NONE',  ( 65.22625045371997032, -4.359865889253472737, 0.6401341107465297053 ) ) ;
#2134 = ORIENTED_EDGE ( 'NONE', *, *, #2319, .F. ) ;
#2135 = TOROIDAL_SURFACE ( 'NONE', #854, 1.000000000000000000, 3.999999999999997335 ) ;
#2136 = DIRECTION ( 'NONE',  ( 0.000000000000000000, 0.000000000000000000, 1.000000000000000000 ) ) ;
#2137 = CARTESIAN_POINT ( 'NONE',  ( 87.32722873042055767, -4.282386290035405274, 0.7176137099645942818 ) ) ;
#2138 = DIRECTION ( 'NONE',  ( 0.000000000000000000, 0.000000000000000000, 1.000000000000000000 ) ) ;
#2139 = DIRECTION ( 'NONE',  ( 0.000000000000000000, 0.000000000000000000, 1.000000000000000000 ) ) ;
#2140 = ORIENTED_EDGE ( 'NONE', *, *, #724, .F. ) ;
#2141 = VERTEX_POINT ( 'NONE', #932 ) ;
#2142 = ORIENTED_EDGE ( 'NONE', *, *, #2147, .F. ) ;
#2143 = CARTESIAN_POINT ( 'NONE',  ( 123.6249999999999858, -5.000000000000000888, -4.336808689942017736E-16 ) ) ;
#2144 = B_SPLINE_CURVE_WITH_KNOTS ( 'NONE', 3,
 ( #2740, #4088, #8273, #4940, #2930, #2115, #104, #7525, #4853, #7573, #187, #2161 ),
 .UNSPECIFIED., .F., .F.,
 ( 4, 2, 2, 2, 2, 4 ),
 ( 0.003504634718750223796, 0.003941423334025108242, 0.004378211949299992689, 0.005251789179849761582, 0.006125366410399530476, 0.006998943640949299369 ),
 .UNSPECIFIED. ) ;
#2145 = CARTESIAN_POINT ( 'NONE',  ( 21.87500000000000000, 0.000000000000000000, 0.000000000000000000 ) ) ;
#2146 = ORIENTED_EDGE ( 'NONE', *, *, #6998, .T. ) ;
#2147 = EDGE_CURVE ( 'NONE', #4438, #6594, #2974, .T. ) ;
#2148 = CARTESIAN_POINT ( 'NONE',  ( 77.85157376276964669, -0.4321793203680497908, -4.567820679631950931 ) ) ;
#2149 = ORIENTED_EDGE ( 'NONE', *, *, #8052, .T. ) ;
#2150 = DIRECTION ( 'NONE',  ( 0.000000000000000000, 0.000000000000000000, -1.000000000000000000 ) ) ;
#2151 = CARTESIAN_POINT ( 'NONE',  ( 54.60263427936256164, -4.040089233410290248, -0.9599107665897105290 ) ) ;
#2152 = DIRECTION ( 'NONE',  ( 0.000000000000000000, 0.000000000000000000, 1.000000000000000000 ) ) ;
#2153 = B_SPLINE_CURVE_WITH_KNOTS ( 'NONE', 3,
 ( #5246, #4585, #6664, #7307, #1173, #8001, #4623, #3911, #8550, #3288, #6847, #4883 ),
 .UNSPECIFIED., .F., .F.,
 ( 4, 2, 2, 2, 2, 4 ),
 ( 0.003504634718722836849, 0.003941423334001141303, 0.004378211949279444890, 0.005251789179836053797, 0.006125366410392662705, 0.006998943640949272481 ),
 .UNSPECIFIED. ) ;
#2154 = CARTESIAN_POINT ( 'NONE',  ( 121.5235659487770619, -0.6402698276730424132, 4.359730172326957032 ) ) ;
#2155 = EDGE_CURVE ( 'NONE', #7286, #1078, #3402, .T. ) ;
#2156 = CARTESIAN_POINT ( 'NONE',  ( 74.27184353044837906, 6.261585183459006102E-15, 5.000000000000006217 ) ) ;
#2157 = CARTESIAN_POINT ( 'NONE',  ( 72.71616362764447672, -4.748219996440587565, 0.2517800035594122132 ) ) ;
#2158 = CARTESIAN_POINT ( 'NONE',  ( 12.47953806259080345, -0.1676550930109047266, -4.832344906989095357 ) ) ;
#2159 = CARTESIAN_POINT ( 'NONE',  ( 81.39842623724024406, -4.567820679626467317, 0.4321793203735330158 ) ) ;
#2160 = DIRECTION ( 'NONE',  ( 0.000000000000000000, 0.000000000000000000, 1.000000000000000000 ) ) ;
#2161 = CARTESIAN_POINT ( 'NONE',  ( 43.87500000000000000, -1.328041165545660540, -3.671958834454339460 ) ) ;
#2162 = CARTESIAN_POINT ( 'NONE',  ( 109.8749999999999858, -3.671958834454344345, 1.328041165545655877 ) ) ;
#2163 = EDGE_CURVE ( 'NONE', #2748, #136, #7121, .T. ) ;
#2164 = CARTESIAN_POINT ( 'NONE',  ( 52.71113448347797714, -4.959369330381698582, 0.04063066961830182067 ) ) ;
#2165 = ORIENTED_EDGE ( 'NONE', *, *, #577, .F. ) ;
#2166 = FACE_OUTER_BOUND ( 'NONE', #2755, .T. ) ;
#2167 = VERTEX_POINT ( 'NONE', #1021 ) ;
#2168 = VERTEX_POINT ( 'NONE', #6401 ) ;
#2169 = CARTESIAN_POINT ( 'NONE',  ( 16.25399883711744309, -1.137203174285765117, 3.862796825714235105 ) ) ;
#2170 = CARTESIAN_POINT ( 'NONE',  ( 110.5237495462865098, -0.6401341107417616305, 4.359865889258237814 ) ) ;
#2171 = CARTESIAN_POINT ( 'NONE',  ( 37.72625045371989216, -4.359865889253508264, -0.6401341107464911806 ) ) ;
#2172 = CYLINDRICAL_SURFACE ( 'NONE', #7360, 1.000000000000000000 ) ;
#2173 = DIRECTION ( 'NONE',  ( 0.000000000000000000, -1.224646799147353454E-16, 1.000000000000000000 ) ) ;
#2174 = ORIENTED_EDGE ( 'NONE', *, *, #4237, .T. ) ;
#2175 = ADVANCED_FACE ( 'NONE', ( #3760 ), #2834, .T. ) ;
#2176 = CARTESIAN_POINT ( 'NONE',  ( 10.60122534970068386, -0.9582157396401926874, 4.041784260359808201 ) ) ;
#2177 = DIRECTION ( 'NONE',  ( -1.000000000000000000, -0.000000000000000000, -0.000000000000000000 ) ) ;
#2178 = EDGE_LOOP ( 'NONE', ( #598, #3210, #1176 ) ) ;
#2179 = DIRECTION ( 'NONE',  ( 0.000000000000000000, -1.224646799147353207E-16, 1.000000000000000000 ) ) ;
#2180 = CARTESIAN_POINT ( 'NONE',  ( 38.49600116288348772, -3.862796825715721472, 1.137203174284276974 ) ) ;
#2181 = LINE ( 'NONE', #4252, #1684 ) ;
#2182 = CARTESIAN_POINT ( 'NONE',  ( 115.1012253497006697, -0.9582157396401876914, -4.041784260359812642 ) ) ;
#2183 = ORIENTED_EDGE ( 'NONE', *, *, #7587, .F. ) ;
#2184 = ORIENTED_EDGE ( 'NONE', *, *, #2557, .F. ) ;
#2185 = ORIENTED_EDGE ( 'NONE', *, *, #7775, .T. ) ;
#2186 = CARTESIAN_POINT ( 'NONE',  ( 50.35157376276963959, -0.4321793203680425188, -4.567820679631958036 ) ) ;
#2187 = CIRCLE ( 'NONE', #5753, 1.375000000000001332 ) ;
#2188 = CARTESIAN_POINT ( 'NONE',  ( 104.2537837792036157, -3.863136006093112140, -1.136863993906888304 ) ) ;
#2189 = CARTESIAN_POINT ( 'NONE',  ( 109.8749999999999858, -1.328041165545655877, -3.671958834454344345 ) ) ;
#2190 = ORIENTED_EDGE ( 'NONE', *, *, #5996, .F. ) ;
#2191 = DIRECTION ( 'NONE',  ( 0.000000000000000000, 0.000000000000000000, 1.000000000000000000 ) ) ;
#2192 = CARTESIAN_POINT ( 'NONE',  ( 54.22625045371989216, -4.359865889253508264, -0.6401341107464911806 ) ) ;
#2193 = CIRCLE ( 'NONE', #50, 1.000000000000000000 ) ;
#2194 = CARTESIAN_POINT ( 'NONE',  ( 121.4226203301355440, -0.7177365438799139241, 4.282263456120085188 ) ) ;
#2195 = B_SPLINE_CURVE_WITH_KNOTS ( 'NONE', 3,
 ( #1728, #1807, #7182, #2575, #5305, #2444, #5886, #8690, #8603, #6593, #5929, #1765 ),
 .UNSPECIFIED., .F., .F.,
 ( 4, 2, 2, 2, 2, 4 ),
 ( 0.003504634718722888023, 0.003941423334001187273, 0.004378211949279485656, 0.005251789179836085023, 0.006125366410392682655, 0.006998943640949281154 ),
 .UNSPECIFIED. ) ;
#2196 = CARTESIAN_POINT ( 'NONE',  ( 103.0338363723698336, -0.2517800035653071089, 4.748219996434693613 ) ) ;
#2197 = DIRECTION ( 'NONE',  ( -1.000000000000000000, -0.000000000000000000, -0.000000000000000000 ) ) ;
#2198 = FACE_OUTER_BOUND ( 'NONE', #7280, .T. ) ;
#2199 = CARTESIAN_POINT ( 'NONE',  ( 21.60263427936257941, -4.040089233410280478, 0.9599107665897197439 ) ) ;
#2200 = CARTESIAN_POINT ( 'NONE',  ( 113.9999999999999858, 0.000000000000000000, 0.000000000000000000 ) ) ;
#2201 = EDGE_CURVE ( 'NONE', #2047, #8028, #3395, .T. ) ;
#2202 = ADVANCED_FACE ( 'NONE', ( #7862 ), #5390, .T. ) ;
#2203 = CARTESIAN_POINT ( 'NONE',  ( 13.77225720791389563, -4.999999999998973266, -1.026936957192638673E-12 ) ) ;
#2204 = EDGE_LOOP ( 'NONE', ( #8430, #4335, #7070 ) ) ;
#2205 = CARTESIAN_POINT ( 'NONE',  ( 150.0000000000000000, -2.500000000000000000, -2.500000000000000000 ) ) ;
#2206 = CIRCLE ( 'NONE', #2933, 3.999999999999997335 ) ;
#2207 = EDGE_LOOP ( 'NONE', ( #2208, #7153, #162 ) ) ;
#2208 = ORIENTED_EDGE ( 'NONE', *, *, #5647, .F. ) ;
#2209 = CARTESIAN_POINT ( 'NONE',  ( 84.83253412545248295, -4.991957775359345817, -0.008042224640654418999 ) ) ;
#2210 = CARTESIAN_POINT ( 'NONE',  ( 63.12499999999998579, 0.000000000000000000, 0.000000000000000000 ) ) ;
#2211 = DIRECTION ( 'NONE',  ( -1.000000000000000000, -0.000000000000000000, -0.000000000000000000 ) ) ;
#2212 = CARTESIAN_POINT ( 'NONE',  ( 107.4212536293574942, -4.991698401481101222, 0.008301598518901609491 ) ) ;
#2213 = FACE_OUTER_BOUND ( 'NONE', #2497, .T. ) ;
#2214 = ADVANCED_FACE ( 'NONE', ( #1739 ), #8538, .T. ) ;
#2215 = AXIS2_PLACEMENT_3D ( 'NONE', #1999, #4830, #6836 ) ;
#2216 = AXIS2_PLACEMENT_3D ( 'NONE', #4185, #3335, #110 ) ;
#2217 = CIRCLE ( 'NONE', #217, 3.904737509655557215 ) ;
#2218 = VERTEX_POINT ( 'NONE', #1823 ) ;
#2219 = CARTESIAN_POINT ( 'NONE',  ( 109.7537837792026920, -3.863136006094643360, -1.136863993905356862 ) ) ;
#2220 = VERTEX_POINT ( 'NONE', #1866 ) ;
#2221 = DIRECTION ( 'NONE',  ( -1.000000000000000000, -0.000000000000000000, -0.000000000000000000 ) ) ;
#2222 = DIRECTION ( 'NONE',  ( 0.000000000000000000, -1.224646799147353207E-16, 1.000000000000000000 ) ) ;
#2223 = AXIS2_PLACEMENT_3D ( 'NONE', #7712, #287, #7621 ) ;
#2224 = DIRECTION ( 'NONE',  ( 0.000000000000000000, 0.000000000000000000, 1.000000000000000000 ) ) ;
#2225 = CARTESIAN_POINT ( 'NONE',  ( 112.7718435304483933, 5.461139048303694649E-15, -5.000000000000007105 ) ) ;
#2226 = EDGE_CURVE ( 'NONE', #3336, #5680, #251, .T. ) ;
#2227 = ORIENTED_EDGE ( 'NONE', *, *, #4131, .F. ) ;
#2228 = VERTEX_POINT ( 'NONE', #1197 ) ;
#2229 = CARTESIAN_POINT ( 'NONE',  ( 91.35334765086510345, -4.935408751168083086, -0.06459124883191602606 ) ) ;
#2230 = DIRECTION ( 'NONE',  ( -1.000000000000000000, -0.000000000000000000, -0.000000000000000000 ) ) ;
#2231 = DIRECTION ( 'NONE',  ( 0.000000000000000000, 0.000000000000000000, 1.000000000000000000 ) ) ;
#2232 = ORIENTED_EDGE ( 'NONE', *, *, #6631, .T. ) ;
#2233 = DIRECTION ( 'NONE',  ( 0.000000000000000000, 0.000000000000000000, 1.000000000000000000 ) ) ;
#2234 = CIRCLE ( 'NONE', #7237, 3.999999999999997335 ) ;
#2235 = ORIENTED_EDGE ( 'NONE', *, *, #6382, .F. ) ;
#2236 = DIRECTION ( 'NONE',  ( -1.000000000000000000, -0.000000000000000000, -0.000000000000000000 ) ) ;
#2237 = CARTESIAN_POINT ( 'NONE',  ( 62.83253412545244743, -4.991957775359349370, -0.008042224640650673731 ) ) ;
#2238 = B_SPLINE_CURVE_WITH_KNOTS ( 'NONE', 3,
 ( #582, #3327, #622, #7433, #2013, #4850, #99, #3371, #2651, #3420, #1305, #7395, #5374, #2838 ),
 .UNSPECIFIED., .F., .F.,
 ( 4, 2, 2, 2, 2, 2, 4 ),
 ( 1.970071025867807354E-07, 0.0008756576440557127961, 0.001313387962532295249, 0.001751118281008877918, 0.002188848599485460587, 0.002626578917962043257, 0.003502039554915183876 ),
 .UNSPECIFIED. ) ;
#2239 = AXIS2_PLACEMENT_3D ( 'NONE', #4318, #7608, #1482 ) ;
#2240 = DIRECTION ( 'NONE',  ( -1.000000000000000000, -0.000000000000000000, -0.000000000000000000 ) ) ;
#2241 = CARTESIAN_POINT ( 'NONE',  ( 76.75399883711747862, -1.137203174285774887, 3.862796825714226667 ) ) ;
#2242 = CARTESIAN_POINT ( 'NONE',  ( 120.9961891356230552, -1.136906711513357315, -3.863093288486644461 ) ) ;
#2243 = TOROIDAL_SURFACE ( 'NONE', #7251, 1.000000000000000000, 3.999999999999996447 ) ;
#2244 = CARTESIAN_POINT ( 'NONE',  ( 13.32874637064227841, -0.008301598518915823816, -4.991698401481084346 ) ) ;
#2245 = CARTESIAN_POINT ( 'NONE',  ( 10.60263427936257763, -4.040089233410279590, -0.9599107665897204100 ) ) ;
#2246 = DIRECTION ( 'NONE',  ( 0.000000000000000000, 0.000000000000000000, 1.000000000000000000 ) ) ;
#2247 = AXIS2_PLACEMENT_3D ( 'NONE', #976, #3717, #2902 ) ;
#2248 = AXIS2_PLACEMENT_3D ( 'NONE', #1077, #1834, #7341 ) ;
#2249 = ORIENTED_EDGE ( 'NONE', *, *, #1767, .T. ) ;
#2250 = TOROIDAL_SURFACE ( 'NONE', #7256, 1.000000000000000000, 1.374999999999994227 ) ;
#2251 = CIRCLE ( 'NONE', #7390, 1.000000000000000000 ) ;
#2252 = CARTESIAN_POINT ( 'NONE',  ( 16.10263427936258651, -4.040089233410277814, -0.9599107665897227415 ) ) ;
#2253 = AXIS2_PLACEMENT_3D ( 'NONE', #3202, #8006, #3295 ) ;
#2254 = ORIENTED_EDGE ( 'NONE', *, *, #6751, .T. ) ;
#2255 = EDGE_CURVE ( 'NONE', #5943, #8434, #1392, .T. ) ;
#2256 = DIRECTION ( 'NONE',  ( 0.000000000000000000, -1.000000000000000000, 0.000000000000000000 ) ) ;
#2257 = EDGE_CURVE ( 'NONE', #5441, #8613, #4358, .T. ) ;
#2258 = ORIENTED_EDGE ( 'NONE', *, *, #3750, .F. ) ;
#2259 = ORIENTED_EDGE ( 'NONE', *, *, #7587, .T. ) ;
#2260 = CARTESIAN_POINT ( 'NONE',  ( 116.7499999999999858, 1.224646799147353207E-16, -1.000000000000000000 ) ) ;
#2261 = TOROIDAL_SURFACE ( 'NONE', #679, 1.000000000000000000, 3.999999999999999112 ) ;
#2262 = CARTESIAN_POINT ( 'NONE',  ( 88.14736572063976894, -0.9599107665869465178, 4.040089233413053371 ) ) ;
#2263 = DIRECTION ( 'NONE',  ( 0.000000000000000000, 0.000000000000000000, 1.000000000000000000 ) ) ;
#2264 = FACE_OUTER_BOUND ( 'NONE', #7687, .T. ) ;
#2265 = CARTESIAN_POINT ( 'NONE',  ( 68.62499999999998579, 0.000000000000000000, 0.000000000000000000 ) ) ;
#2266 = ORIENTED_EDGE ( 'NONE', *, *, #3144, .F. ) ;
#2267 = CARTESIAN_POINT ( 'NONE',  ( 108.2704619374090669, -4.832344906989143318, -0.1676550930108583748 ) ) ;
#2268 = CARTESIAN_POINT ( 'NONE',  ( 101.6250000000279812, -5.000000000000000888, -4.336808689942017736E-16 ) ) ;
#2269 = ORIENTED_EDGE ( 'NONE', *, *, #2692, .T. ) ;
#2270 = EDGE_CURVE ( 'NONE', #3337, #5053, #6408, .T. ) ;
#2271 = ORIENTED_EDGE ( 'NONE', *, *, #5111, .T. ) ;
#2272 = CARTESIAN_POINT ( 'NONE',  ( 90.62499999999998579, 0.000000000000000000, 0.000000000000000000 ) ) ;
#2273 = TOROIDAL_SURFACE ( 'NONE', #5965, 1.000000000000000000, 3.999999999999996447 ) ;
#2274 = CARTESIAN_POINT ( 'NONE',  ( 74.12500000000000000, 0.000000000000000000, 0.000000000000000000 ) ) ;
#2275 = DIRECTION ( 'NONE',  ( 0.000000000000000000, 0.000000000000000000, -1.000000000000000000 ) ) ;
#2276 = DIRECTION ( 'NONE',  ( -0.000000000000000000, 1.000000000000000000, 1.224646799147353207E-16 ) ) ;
#2277 = ORIENTED_EDGE ( 'NONE', *, *, #453, .F. ) ;
#2278 = TOROIDAL_SURFACE ( 'NONE', #7283, 1.000000000000000000, 1.374999999999997780 ) ;
#2279 = DIRECTION ( 'NONE',  ( 0.000000000000000000, 0.000000000000000000, -1.000000000000000000 ) ) ;
#2280 = DIRECTION ( 'NONE',  ( 0.000000000000000000, 0.000000000000000000, 1.000000000000000000 ) ) ;
#2281 = ADVANCED_FACE ( 'NONE', ( #3225 ), #6265, .T. ) ;
#2282 = FACE_OUTER_BOUND ( 'NONE', #8380, .T. ) ;
#2283 = ORIENTED_EDGE ( 'NONE', *, *, #909, .F. ) ;
#2284 = FACE_OUTER_BOUND ( 'NONE', #5928, .T. ) ;
#2285 = ORIENTED_EDGE ( 'NONE', *, *, #8391, .F. ) ;
#2286 = CARTESIAN_POINT ( 'NONE',  ( 53.89842623724020143, -4.567820679626509062, -0.4321793203734921596 ) ) ;
#2287 = CARTESIAN_POINT ( 'NONE',  ( 62.97815646957802471, -5.000000000001029399, 1.027742344353321791E-12 ) ) ;
#2288 = FACE_OUTER_BOUND ( 'NONE', #6556, .T. ) ;
#2289 = ADVANCED_FACE ( 'NONE', ( #5185 ), #1112, .T. ) ;
#2290 = CARTESIAN_POINT ( 'NONE',  ( 103.5187648069320261, -0.4915337874217388658, 4.508466212578261967 ) ) ;
#2291 = CARTESIAN_POINT ( 'NONE',  ( 96.41746587457269868, -0.008042224642539775453, 4.991957775357460214 ) ) ;
#2292 = FACE_OUTER_BOUND ( 'NONE', #3470, .T. ) ;
#2293 = PRODUCT_DEFINITION_SHAPE ( 'NONE', 'NONE',  #7438 ) ;
#2294 = CARTESIAN_POINT ( 'NONE',  ( 41.12500000002778933, -5.000000000000000888, -4.336808689942017736E-16 ) ) ;
#2295 = CARTESIAN_POINT ( 'NONE',  ( 43.32722873042054346, -4.282386290035432808, 0.7176137099645666373 ) ) ;
#2296 = DIRECTION ( 'NONE',  ( -1.000000000000000000, -0.000000000000000000, -0.000000000000000000 ) ) ;
#2297 = DIRECTION ( 'NONE',  ( -1.000000000000000000, -0.000000000000000000, -0.000000000000000000 ) ) ;
#2298 = ORIENTED_EDGE ( 'NONE', *, *, #7018, .T. ) ;
#2299 = DIRECTION ( 'NONE',  ( 0.000000000000000000, -0.7071067811865474617, 0.7071067811865474617 ) ) ;
#2300 = CARTESIAN_POINT ( 'NONE',  ( 150.0000000000000000, 0.000000000000000000, 5.000000000000000000 ) ) ;
#2301 = CARTESIAN_POINT ( 'NONE',  ( 92.51876480693201188, -0.4915337874217384218, 4.508466212578261967 ) ) ;
#2302 = DIRECTION ( 'NONE',  ( -1.000000000000000000, -0.000000000000000000, -0.000000000000000000 ) ) ;
#2303 = CARTESIAN_POINT ( 'NONE',  ( 59.39842623724020854, -4.567820679626502844, -0.4321793203734963784 ) ) ;
#2304 = CARTESIAN_POINT ( 'NONE',  ( 54.87499999999999289, 0.000000000000000000, 0.000000000000000000 ) ) ;
#2305 = CARTESIAN_POINT ( 'NONE',  ( 41.12500000000000000, 0.000000000000000000, 0.000000000000000000 ) ) ;
#2306 = ADVANCED_FACE ( 'NONE', ( #8656 ), #3562, .T. ) ;
#2307 = ORIENTED_EDGE ( 'NONE', *, *, #4171, .T. ) ;
#2308 = CYLINDRICAL_SURFACE ( 'NONE', #7247, 1.000000000000000000 ) ;
#2309 = CARTESIAN_POINT ( 'NONE',  ( 5.375000000000000000, 0.000000000000000000, 0.000000000000000000 ) ) ;
#2310 = ORIENTED_EDGE ( 'NONE', *, *, #2385, .T. ) ;
#2311 = ORIENTED_EDGE ( 'NONE', *, *, #4427, .T. ) ;
#2312 = DIRECTION ( 'NONE',  ( -1.000000000000000000, -0.000000000000000000, -0.000000000000000000 ) ) ;
#2313 = B_SPLINE_CURVE_WITH_KNOTS ( 'NONE', 3,
 ( #1993, #6735, #7589, #1460, #5401, #8109, #6117, #8827, #4197, #4727, #601, #3347 ),
 .UNSPECIFIED., .F., .F.,
 ( 4, 2, 2, 2, 2, 4 ),
 ( 0.003504634718750189969, 0.003941423334025079619, 0.004378211949299968403, 0.005251789179849738164, 0.006125366410399507924, 0.006998943640949277685 ),
 .UNSPECIFIED. ) ;
#2314 = CARTESIAN_POINT ( 'NONE',  ( 69.99999999999998579, 0.000000000000000000, 0.000000000000000000 ) ) ;
#2315 = DIRECTION ( 'NONE',  ( 0.000000000000000000, -1.000000000000000000, 0.000000000000000000 ) ) ;
#2316 = DIRECTION ( 'NONE',  ( 0.000000000000000000, 0.000000000000000000, 1.000000000000000000 ) ) ;
#2317 = ORIENTED_EDGE ( 'NONE', *, *, #6622, .T. ) ;
#2318 = ADVANCED_FACE ( 'NONE', ( #4645 ), #2785, .T. ) ;
#2319 = EDGE_CURVE ( 'NONE', #2775, #4327, #819, .T. ) ;
#2320 = ORIENTED_EDGE ( 'NONE', *, *, #1142, .T. ) ;
#2321 = CARTESIAN_POINT ( 'NONE',  ( 56.21576228220553872, -0.2608011982980500409, -4.739198801701951069 ) ) ;
#2322 = CARTESIAN_POINT ( 'NONE',  ( 96.70631021352423318, -0.03993437491703781539, -4.960065625082960672 ) ) ;
#2323 = CARTESIAN_POINT ( 'NONE',  ( 112.0388655165443055, -0.04063066961493053825, -4.959369330385070107 ) ) ;
#2324 = DIRECTION ( 'NONE',  ( 0.000000000000000000, 0.000000000000000000, 1.000000000000000000 ) ) ;
#2325 = CARTESIAN_POINT ( 'NONE',  ( 90.33253412545242611, -4.991957775359346705, 0.008042224640653653986 ) ) ;
#2326 = EDGE_CURVE ( 'NONE', #8425, #5781, #1988, .T. ) ;
#2327 = CIRCLE ( 'NONE', #178, 1.000000000000000000 ) ;
#2328 = CARTESIAN_POINT ( 'NONE',  ( 52.12500000002778933, -5.000000000000000888, -4.336808689942017736E-16 ) ) ;
#2329 = CARTESIAN_POINT ( 'NONE',  ( 53.89842623724021564, -4.567820679626508173, 0.4321793203734928812 ) ) ;
#2330 = DIRECTION ( 'NONE',  ( -1.000000000000000000, -0.000000000000000000, -0.000000000000000000 ) ) ;
#2331 = CARTESIAN_POINT ( 'NONE',  ( 122.2153642080977392, -0.2609614760798324995, -4.739038523920166668 ) ) ;
#2332 = CARTESIAN_POINT ( 'NONE',  ( 13.62499999999979039, 2.854305633574743335E-13, -5.000000000000285105 ) ) ;
#2333 = VECTOR ( 'NONE', #3651, 1000.000000000000000 ) ;
#2334 = DIRECTION ( 'NONE',  ( -1.000000000000000000, -0.000000000000000000, -0.000000000000000000 ) ) ;
#2335 = CARTESIAN_POINT ( 'NONE',  ( 41.27225720791380326, -4.999999999998976818, 1.023750842761544449E-12 ) ) ;
#2336 = EDGE_CURVE ( 'NONE', #3972, #7192, #6633, .T. ) ;
#2337 = CARTESIAN_POINT ( 'NONE',  ( 120.7539988371174644, -1.137203174285775109, 3.862796825714226223 ) ) ;
#2338 = TOROIDAL_SURFACE ( 'NONE', #7344, 1.000000000000000000, 1.374999999999999556 ) ;
#2339 = VERTEX_POINT ( 'NONE', #7492 ) ;
#2340 = CARTESIAN_POINT ( 'NONE',  ( 93.37499999999998579, 4.781924292710285690E-16, -3.904737509655557659 ) ) ;
#2341 = DIRECTION ( 'NONE',  ( -1.000000000000000000, -0.000000000000000000, -0.000000000000000000 ) ) ;
#2342 = CARTESIAN_POINT ( 'NONE',  ( 85.42125362938303113, -4.991698401479151670, -0.008301598520848999657 ) ) ;
#2343 = APPROVAL_STATUS ( 'not_yet_approved' ) ;
#2344 = EDGE_CURVE ( 'NONE', #4557, #3763, #1881, .T. ) ;
#2345 = B_SPLINE_CURVE_WITH_KNOTS ( 'NONE', 3,
 ( #5197, #3102, #8674, #413, #4583, #1171, #8497, #6577, #2377, #7910, #7208, #7872 ),
 .UNSPECIFIED., .F., .F.,
 ( 4, 2, 2, 2, 2, 4 ),
 ( 0.003504634718750250684, 0.003941423334025133396, 0.004378211949300016975, 0.005251789179849782399, 0.006125366410399547823, 0.006998943640949313247 ),
 .UNSPECIFIED. ) ;
#2346 = ORIENTED_EDGE ( 'NONE', *, *, #8503, .T. ) ;
#2347 = CARTESIAN_POINT ( 'NONE',  ( 46.77184353044837195, 1.096134749129949074E-14, 5.000000000000012434 ) ) ;
#2348 = CARTESIAN_POINT ( 'NONE',  ( 16.37499999999999645, -3.671958834454337683, -1.328041165545662539 ) ) ;
#2349 = ORIENTED_EDGE ( 'NONE', *, *, #1237, .T. ) ;
#2350 = CARTESIAN_POINT ( 'NONE',  ( 115.9227712695847146, -0.7176137099602811764, -4.282386290039720045 ) ) ;
#2351 = DIRECTION ( 'NONE',  ( -1.000000000000000000, -0.000000000000000000, -0.000000000000000000 ) ) ;
#2352 = B_SPLINE_CURVE_WITH_KNOTS ( 'NONE', 3,
 ( #4779, #7502, #1373, #4115, #8392, #5716, #7728, #4915, #3718, #6392, #4253, #8252, #1514, #3540, #7686, #4961 ),
 .UNSPECIFIED., .F., .F.,
 ( 4, 2, 2, 2, 2, 2, 2, 4 ),
 ( 4.818711198444658508E-07, 0.0008765200830274302987, 0.001314539188981223234, 0.001752558294935016277, 0.002190577400888809104, 0.002628596506842601713, 0.003066615612796394757, 0.003504634718750187800 ),
 .UNSPECIFIED. ) ;
#2353 = CARTESIAN_POINT ( 'NONE',  ( 28.71576228220553162, -0.2608011982980487642, 4.739198801701951069 ) ) ;
#2354 = AXIS2_PLACEMENT_3D ( 'NONE', #7767, #8294, #6263 ) ;
#2355 = CIRCLE ( 'NONE', #5783, 1.374999999999994227 ) ;
#2356 = CARTESIAN_POINT ( 'NONE',  ( 75.13240203055842414, -4.872131520497874568, 0.1278684795021269582 ) ) ;
#2357 = AXIS2_PLACEMENT_3D ( 'NONE', #5836, #6549, #5129 ) ;
#2358 = ORIENTED_EDGE ( 'NONE', *, *, #461, .F. ) ;
#2359 = ORIENTED_EDGE ( 'NONE', *, *, #431, .F. ) ;
#2360 = ORIENTED_EDGE ( 'NONE', *, *, #201, .F. ) ;
#2361 = CARTESIAN_POINT ( 'NONE',  ( 107.1250000000000000, 0.000000000000000000, 0.000000000000000000 ) ) ;
#2362 = AXIS2_PLACEMENT_3D ( 'NONE', #5737, #8459, #4421 ) ;
#2363 = CARTESIAN_POINT ( 'NONE',  ( 102.6324020305584099, -4.872131520497873680, -0.1278684795021268750 ) ) ;
#2364 = EDGE_CURVE ( 'NONE', #7578, #8682, #1642, .T. ) ;
#2365 = CARTESIAN_POINT ( 'NONE',  ( 111.6175979694599789, -0.1278684794971785554, -4.872131520502821722 ) ) ;
#2366 = ADVANCED_FACE ( 'NONE', ( #5483 ), #8194, .F. ) ;
#2367 = CARTESIAN_POINT ( 'NONE',  ( 2.805286957784273838, -5.000000000000001776, -4.626493957902986874E-15 ) ) ;
#2368 = CARTESIAN_POINT ( 'NONE',  ( 19.70631021352427581, -0.03993437491703540065, -4.960065625082963336 ) ) ;
#2369 = EDGE_LOOP ( 'NONE', ( #548, #7504, #6888 ) ) ;
#2370 = CARTESIAN_POINT ( 'NONE',  ( 39.71616362764436303, -4.748219996440549373, -0.2517800035594509045 ) ) ;
#2371 = B_SPLINE_CURVE_WITH_KNOTS ( 'NONE', 3,
 ( #8221, #4041, #4179, #4891, #7613, #6948, #815, #8761, #8131, #8810, #2653, #8094, #4713, #7436, #624, #2015 ),
 .UNSPECIFIED., .F., .F.,
 ( 4, 2, 2, 2, 2, 2, 2, 4 ),
 ( 4.818711199188473079E-07, 0.0008765200830275019644, 0.001314539188981293707, 0.001752558294935085232, 0.002190577400888876758, 0.002628596506842668500, 0.003066615612796459809, 0.003504634718750251551 ),
 .UNSPECIFIED. ) ;
#2372 = CARTESIAN_POINT ( 'NONE',  ( 3.678545946137535161, -0.1639194438105646967, -4.836080556189436663 ) ) ;
#2373 = CARTESIAN_POINT ( 'NONE',  ( 41.12500000000000000, 0.000000000000000000, 0.000000000000000000 ) ) ;
#2374 = CARTESIAN_POINT ( 'NONE',  ( 49.37500000000000000, -1.328041165545665647, 3.671958834454334575 ) ) ;
#2375 = DIRECTION ( 'NONE',  ( -1.000000000000000000, -0.000000000000000000, -0.000000000000000000 ) ) ;
#2376 = EDGE_CURVE ( 'NONE', #4055, #4485, #2313, .T. ) ;
#2377 = CARTESIAN_POINT ( 'NONE',  ( 87.23119955116401059, -0.6335913640930893598, 4.366408635906911861 ) ) ;
#2378 = CARTESIAN_POINT ( 'NONE',  ( 62.39940186600667715, -4.935956332723953288, 0.06404366727604815512 ) ) ;
#2379 = CARTESIAN_POINT ( 'NONE',  ( 41.71113448347799135, -4.959369330381698582, 0.04063066961830182067 ) ) ;
#2380 = TOROIDAL_SURFACE ( 'NONE', #7382, 1.000000000000000000, 3.999999999999997335 ) ;
#2381 = CARTESIAN_POINT ( 'NONE',  ( 17.71576228220553872, -0.2608011982980508181, 4.739198801701949293 ) ) ;
#2382 = AXIS2_PLACEMENT_3D ( 'NONE', #5335, #6505, #374 ) ;
#2383 = VERTEX_POINT ( 'NONE', #8783 ) ;
#2384 = CARTESIAN_POINT ( 'NONE',  ( 118.2722572079140377, -4.999999999998968825, -1.033198507083057943E-12 ) ) ;
#2385 = EDGE_CURVE ( 'NONE', #8385, #982, #4982, .T. ) ;
#2386 = AXIS2_PLACEMENT_3D ( 'NONE', #5942, #403, #1022 ) ;
#2387 = CARTESIAN_POINT ( 'NONE',  ( 93.37499999999998579, -1.328041165545675195, 3.671958834454324805 ) ) ;
#2388 = CARTESIAN_POINT ( 'NONE',  ( 98.87499999999998579, -1.328041165545675195, -3.671958834454324805 ) ) ;
#2389 = CARTESIAN_POINT ( 'NONE',  ( 74.71113448347814767, -4.959369330381671048, -0.04063066961832864643 ) ) ;
#2390 = CARTESIAN_POINT ( 'NONE',  ( 0.000000000000000000, 0.000000000000000000, 0.000000000000000000 ) ) ;
#2391 = PERSON_AND_ORGANIZATION ( #4635, #6914 ) ;
#2392 = AXIS2_PLACEMENT_3D ( 'NONE', #6653, #5489, #2589 ) ;
#2393 = CIRCLE ( 'NONE', #6542, 3.904737509655557215 ) ;
#2394 = AXIS2_PLACEMENT_3D ( 'NONE', #4802, #6236, #4182 ) ;
#2395 = CARTESIAN_POINT ( 'NONE',  ( 0.000000000000000000, 0.000000000000000000, 0.000000000000000000 ) ) ;
#2396 = ORIENTED_EDGE ( 'NONE', *, *, #3697, .T. ) ;
#2397 = AXIS2_PLACEMENT_3D ( 'NONE', #4020, #7985, #1158 ) ;
#2398 = CARTESIAN_POINT ( 'NONE',  ( 45.47953806259080523, -0.1676550930109045323, 4.832344906989095357 ) ) ;
#2399 = EDGE_CURVE ( 'NONE', #4093, #3792, #3236, .T. ) ;
#2400 = ORIENTED_EDGE ( 'NONE', *, *, #2546, .T. ) ;
#2401 = CARTESIAN_POINT ( 'NONE',  ( 117.8287463706422784, -0.008301598518918091099, -4.991698401481082570 ) ) ;
#2402 = CARTESIAN_POINT ( 'NONE',  ( 111.2500000000000000, 0.000000000000000000, 1.000000000000000000 ) ) ;
#2404 = VECTOR ( 'NONE', #1884, 1000.000000000000000 ) ;
#2403 = CARTESIAN_POINT ( 'NONE',  ( 24.47774279211274617, -9.258705388199927654E-15, 4.999999999999992006 ) ) ;
#2405 = CARTESIAN_POINT ( 'NONE',  ( 103.0000000000000000, 0.000000000000000000, 0.000000000000000000 ) ) ;
#2406 = VERTEX_POINT ( 'NONE', #2348 ) ;
#2407 = ORIENTED_EDGE ( 'NONE', *, *, #4671, .F. ) ;
#2408 = ORIENTED_EDGE ( 'NONE', *, *, #8204, .F. ) ;
#2409 = DIRECTION ( 'NONE',  ( 0.000000000000000000, 0.000000000000000000, 1.000000000000000000 ) ) ;
#2410 = CARTESIAN_POINT ( 'NONE',  ( 98.01876480693204030, -0.4915337874217386438, -4.508466212578261967 ) ) ;
#2411 = CARTESIAN_POINT ( 'NONE',  ( 37.72625045371990637, -4.359865889253509152, 0.6401341107464916247 ) ) ;
#2412 = ORIENTED_EDGE ( 'NONE', *, *, #6937, .F. ) ;
#2413 = CARTESIAN_POINT ( 'NONE',  ( 3.106338970012577860, -4.967659993883050795, 0.03234000611695033583 ) ) ;
#2414 = DIRECTION ( 'NONE',  ( -1.000000000000000000, -0.000000000000000000, -0.000000000000000000 ) ) ;
#2415 = TOROIDAL_SURFACE ( 'NONE', #6997, 1.000000000000000000, 3.999999999999997335 ) ;
#2416 = APPROVAL ( #5881, 'UNSPECIFIED' ) ;
#2417 = CARTESIAN_POINT ( 'NONE',  ( 93.92277126958470035, -0.7176137099602918346, 4.282386290039708499 ) ) ;
#2418 = EDGE_CURVE ( 'NONE', #5012, #3002, #5830, .T. ) ;
#2419 = CARTESIAN_POINT ( 'NONE',  ( 118.1249999999999858, 0.000000000000000000, 0.000000000000000000 ) ) ;
#2420 = DIRECTION ( 'NONE',  ( -1.000000000000000000, -0.000000000000000000, -0.000000000000000000 ) ) ;
#2421 = CARTESIAN_POINT ( 'NONE',  ( 30.12500000000000000, 0.000000000000000000, 1.000000000000000000 ) ) ;
#2422 = CARTESIAN_POINT ( 'NONE',  ( 0.000000000000000000, -5.000000000000000888, -4.336808689942017736E-16 ) ) ;
#2423 = AXIS2_PLACEMENT_3D ( 'NONE', #6038, #1386, #3363 ) ;
#2424 = ORIENTED_EDGE ( 'NONE', *, *, #8040, .F. ) ;
#2425 = CARTESIAN_POINT ( 'NONE',  ( 63.12499999999998579, 0.000000000000000000, 1.000000000000000000 ) ) ;
#2426 = B_SPLINE_CURVE_WITH_KNOTS ( 'NONE', 3,
 ( #1448, #8815, #6239, #6724, #1980, #2745, #3521, #4717, #3377, #7405, #633, #2659 ),
 .UNSPECIFIED., .F., .F.,
 ( 4, 2, 2, 2, 2, 4 ),
 ( 0.003504634718722782639, 0.003941423334001092731, 0.004378211949279403256, 0.005251789179836024307, 0.006125366410392645358, 0.006998943640949266409 ),
 .UNSPECIFIED. ) ;
#2427 = CARTESIAN_POINT ( 'NONE',  ( 0.000000000000000000, 0.000000000000000000, 1.000000000000000000 ) ) ;
#2428 = CARTESIAN_POINT ( 'NONE',  ( 28.71616362763001007, -4.748219996434647427, -0.2517800035653539048 ) ) ;
#2429 = EDGE_CURVE ( 'NONE', #4514, #1645, #2355, .T. ) ;
#2430 = CARTESIAN_POINT ( 'NONE',  ( 119.2717805843163461, -0.1593231317801553082, 4.840676868219844664 ) ) ;
#2431 = EDGE_LOOP ( 'NONE', ( #5216, #8842, #6907, #7198 ) ) ;
#2432 = CARTESIAN_POINT ( 'NONE',  ( 107.1250000000000000, 1.224646799147353207E-16, -1.000000000000000000 ) ) ;
#2433 = CARTESIAN_POINT ( 'NONE',  ( 72.59032131224201123, -0.3138588207986942047, -4.686141179201305462 ) ) ;
#2434 = B_SPLINE_CURVE_WITH_KNOTS ( 'NONE', 3,
 ( #5118, #1132, #3104, #3820, #946, #996, #7837, #5693, #5824, #5028, #415, #1081 ),
 .UNSPECIFIED., .F., .F.,
 ( 4, 2, 2, 2, 2, 4 ),
 ( 0.003504634718722713684, 0.003941423334001034617, 0.004378211949279355551, 0.005251789179835996552, 0.006125366410392638419, 0.006998943640949279420 ),
 .UNSPECIFIED. ) ;
#2435 = DIRECTION ( 'NONE',  ( 0.000000000000000000, 0.000000000000000000, 1.000000000000000000 ) ) ;
#2436 = CARTESIAN_POINT ( 'NONE',  ( 60.37500000000000000, -1.328041165545665647, 3.671958834454334575 ) ) ;
#2437 = DIRECTION ( 'NONE',  ( 0.000000000000000000, 0.000000000000000000, 1.000000000000000000 ) ) ;
#2438 = FACE_OUTER_BOUND ( 'NONE', #8015, .T. ) ;
#2439 = DATE_TIME_ROLE ( 'creation_date' ) ;
#2440 = EDGE_CURVE ( 'NONE', #3657, #2167, #8199, .T. ) ;
#2441 = EDGE_LOOP ( 'NONE', ( #7481, #8435, #1636 ) ) ;
#2442 = LINE ( 'NONE', #6635, #2686 ) ;
#2443 = ORIENTED_EDGE ( 'NONE', *, *, #8646, .T. ) ;
#2444 = CARTESIAN_POINT ( 'NONE',  ( 56.47821941570028770, -4.840676868225196827, -0.1593231317748041997 ) ) ;
#2445 = ORIENTED_EDGE ( 'NONE', *, *, #6951, .F. ) ;
#2446 = FACE_OUTER_BOUND ( 'NONE', #1775, .T. ) ;
#2447 = CARTESIAN_POINT ( 'NONE',  ( 111.2500000000000000, 0.000000000000000000, 0.000000000000000000 ) ) ;
#2448 = CARTESIAN_POINT ( 'NONE',  ( 97.65967868777055116, -4.686141179195655759, 0.3138588208043440742 ) ) ;
#2449 = CARTESIAN_POINT ( 'NONE',  ( 75.65967868777053695, -4.686141179195655759, 0.3138588208043440742 ) ) ;
#2450 = EDGE_CURVE ( 'NONE', #2030, #4256, #2624, .T. ) ;
#2451 = VERTEX_POINT ( 'NONE', #1560 ) ;
#2452 = ORIENTED_EDGE ( 'NONE', *, *, #4781, .T. ) ;
#2453 = CARTESIAN_POINT ( 'NONE',  ( 45.61759796945996470, -0.1278684794971711447, -4.872131520502827939 ) ) ;
#2454 = CARTESIAN_POINT ( 'NONE',  ( 34.21576228220553872, -0.2608011982980509846, -4.739198801701948405 ) ) ;
#2455 = CARTESIAN_POINT ( 'NONE',  ( 11.14736572063976894, -0.9599107665869520689, 4.040089233413046266 ) ) ;
#2456 = ORIENTED_EDGE ( 'NONE', *, *, #3360, .T. ) ;
#2457 = DIRECTION ( 'NONE',  ( 0.000000000000000000, 0.000000000000000000, 1.000000000000000000 ) ) ;
#2458 = CARTESIAN_POINT ( 'NONE',  ( 89.47821941570039428, -4.840676868225229690, 0.1593231317747706433 ) ) ;
#2459 = ORIENTED_EDGE ( 'NONE', *, *, #8031, .T. ) ;
#2460 = ADVANCED_FACE ( 'NONE', ( #4298 ), #6502, .T. ) ;
#2461 = CARTESIAN_POINT ( 'NONE',  ( 19.42125362938292099, -4.991698401479164993, -0.008301598520835609327 ) ) ;
#2462 = CARTESIAN_POINT ( 'NONE',  ( 100.2500000000000000, 1.224646799147353207E-16, -1.000000000000000000 ) ) ;
#2463 = DIRECTION ( 'NONE',  ( -1.000000000000000000, -0.000000000000000000, -0.000000000000000000 ) ) ;
#2464 = EDGE_LOOP ( 'NONE', ( #70, #4570, #1672 ) ) ;
#2465 = CARTESIAN_POINT ( 'NONE',  ( 98.87499999999998579, 0.000000000000000000, 0.000000000000000000 ) ) ;
#2466 = B_SPLINE_CURVE_WITH_KNOTS ( 'NONE', 3,
 ( #1743, #7335, #4529, #5903, #1782, #7248, #7200, #5815, #3902, #8620, #5152, #1070 ),
 .UNSPECIFIED., .F., .F.,
 ( 4, 2, 2, 2, 2, 4 ),
 ( 0.003504634718722900600, 0.003941423334001198549, 0.004378211949279496064, 0.005251789179836090227, 0.006125366410392685257, 0.006998943640949280287 ),
 .UNSPECIFIED. ) ;
#2467 = CARTESIAN_POINT ( 'NONE',  ( 60.64877465030178882, -4.041784260362690340, 0.9582157396373108815 ) ) ;
#2468 = CARTESIAN_POINT ( 'NONE',  ( 28.01880044883591836, -4.366408635906866564, -0.6335913640931347679 ) ) ;
#2469 = TOROIDAL_SURFACE ( 'NONE', #8305, 1.000000000000000000, 3.999999999999999112 ) ;
#2470 = DIRECTION ( 'NONE',  ( 0.000000000000000000, 0.000000000000000000, 1.000000000000000000 ) ) ;
#2471 = CIRCLE ( 'NONE', #6750, 4.000000000000000000 ) ;
#2472 = CARTESIAN_POINT ( 'NONE',  ( 96.85334765086511766, -4.935408751168083086, -0.06459124883191602606 ) ) ;
#2473 = DIRECTION ( 'NONE',  ( -1.000000000000000000, -0.000000000000000000, -0.000000000000000000 ) ) ;
#2474 = EDGE_CURVE ( 'NONE', #2511, #7350, #161, .T. ) ;
#2475 = DIRECTION ( 'NONE',  ( 0.000000000000000000, 0.000000000000000000, 1.000000000000000000 ) ) ;
#2476 = CARTESIAN_POINT ( 'NONE',  ( 79.62499999999978684, 2.818747515117398234E-13, -5.000000000000282441 ) ) ;
#2477 = EDGE_CURVE ( 'NONE', #6438, #8057, #6067, .T. ) ;
#2478 = SECURITY_CLASSIFICATION_LEVEL ( 'unclassified' ) ;
#2479 = B_SPLINE_CURVE_WITH_KNOTS ( 'NONE', 3,
 ( #2687, #5451, #5412, #38, #5257, #757, #6128, #500, #5917, #8841, #6843, #7560 ),
 .UNSPECIFIED., .F., .F.,
 ( 4, 2, 2, 2, 2, 4 ),
 ( 0.003504634718722901901, 0.003941423334001199416, 0.004378211949279496931, 0.005251789179836091961, 0.006125366410392686992, 0.006998943640949281154 ),
 .UNSPECIFIED. ) ;
#2480 = TOROIDAL_SURFACE ( 'NONE', #4766, 1.000000000000000000, 1.374999999999994227 ) ;
#2481 = VERTEX_POINT ( 'NONE', #3039 ) ;
#2482 = CARTESIAN_POINT ( 'NONE',  ( 100.0903213122420397, -0.3138588207986942047, -4.686141179201305462 ) ) ;
#2483 = ORIENTED_EDGE ( 'NONE', *, *, #8361, .F. ) ;
#2484 = DIRECTION ( 'NONE',  ( -1.000000000000000000, -0.000000000000000000, -0.000000000000000000 ) ) ;
#2485 = ORIENTED_EDGE ( 'NONE', *, *, #6322, .F. ) ;
#2486 = DIRECTION ( 'NONE',  ( -1.000000000000000000, -0.000000000000000000, -0.000000000000000000 ) ) ;
#2487 = VECTOR ( 'NONE', #7583, 1000.000000000000000 ) ;
#2488 = CARTESIAN_POINT ( 'NONE',  ( 108.4999999999999858, 0.000000000000000000, 0.000000000000000000 ) ) ;
#2489 = EDGE_CURVE ( 'NONE', #8318, #7714, #783, .T. ) ;
#2490 = DIRECTION ( 'NONE',  ( -1.000000000000000000, -0.000000000000000000, -0.000000000000000000 ) ) ;
#2491 = CARTESIAN_POINT ( 'NONE',  ( 74.42125362938304534, -4.991698401479152558, 0.008301598520847820045 ) ) ;
#2492 = ORIENTED_EDGE ( 'NONE', *, *, #1175, .F. ) ;
#2493 = VERTEX_POINT ( 'NONE', #3749 ) ;
#2494 = ORIENTED_EDGE ( 'NONE', *, *, #4577, .F. ) ;
#2495 = CARTESIAN_POINT ( 'NONE',  ( 0.000000000000000000, 0.000000000000000000, 1.000000000000000000 ) ) ;
#2496 = DIRECTION ( 'NONE',  ( -1.000000000000000000, -0.000000000000000000, -0.000000000000000000 ) ) ;
#2497 = EDGE_LOOP ( 'NONE', ( #7477, #588, #914 ) ) ;
#2498 = DIRECTION ( 'NONE',  ( 0.000000000000000000, 0.000000000000000000, 1.000000000000000000 ) ) ;
#2499 = VERTEX_POINT ( 'NONE', #6299 ) ;
#2500 = AXIS2_PLACEMENT_3D ( 'NONE', #2984, #2124, #5036 ) ;
#2501 = ADVANCED_FACE ( 'NONE', ( #8332 ), #7496, .F. ) ;
#2502 = CARTESIAN_POINT ( 'NONE',  ( 2.500000000000002220, -5.000000000000000888, -4.336808689942017736E-16 ) ) ;
#2503 = CARTESIAN_POINT ( 'NONE',  ( 101.9174658745726845, -0.008042224642539529122, -4.991957775357460214 ) ) ;
#2504 = ORIENTED_EDGE ( 'NONE', *, *, #1571, .T. ) ;
#2505 = AXIS2_PLACEMENT_3D ( 'NONE', #1017, #1861, #303 ) ;
#2506 = AXIS2_PLACEMENT_3D ( 'NONE', #1492, #4236, #2932 ) ;
#2507 = CIRCLE ( 'NONE', #3366, 1.000000000000000000 ) ;
#2508 = CARTESIAN_POINT ( 'NONE',  ( 96.12500000002798117, -5.000000000000000888, -4.336808689942017736E-16 ) ) ;
#2509 = CARTESIAN_POINT ( 'NONE',  ( 83.35157376276966090, -0.4321793203680438511, 4.567820679631957148 ) ) ;
#2510 = CARTESIAN_POINT ( 'NONE',  ( 6.018800448842219986, -4.366408635911668945, 0.6335913640883306108 ) ) ;
#2511 = VERTEX_POINT ( 'NONE', #3167 ) ;
#2512 = EDGE_CURVE ( 'NONE', #4428, #59, #4513, .T. ) ;
#2513 = CARTESIAN_POINT ( 'NONE',  ( 40.97774279211275683, -1.007051588206428505E-14, 4.999999999999988454 ) ) ;
#2514 = CARTESIAN_POINT ( 'NONE',  ( 63.27184353044837195, 9.378560550236423774E-15, 5.000000000000008882 ) ) ;
#2515 = CARTESIAN_POINT ( 'NONE',  ( 60.37500000000000000, 0.000000000000000000, 0.000000000000000000 ) ) ;
#2516 = LINE ( 'NONE', #6084, #2404 ) ;
#2517 = ORIENTED_EDGE ( 'NONE', *, *, #7539, .F. ) ;
#2518 = CARTESIAN_POINT ( 'NONE',  ( 98.01172757693696269, -4.502552532146814279, -0.4974474678531852767 ) ) ;
#2519 = CARTESIAN_POINT ( 'NONE',  ( 79.47774279211274973, -1.296193343359573031E-14, -4.999999999999986677 ) ) ;
#2520 = CARTESIAN_POINT ( 'NONE',  ( 60.37500000000000000, 0.000000000000000000, 3.904737509655562544 ) ) ;
#2521 = CARTESIAN_POINT ( 'NONE',  ( 86.27046193742626201, -4.832344906983756516, -0.1676550930162439557 ) ) ;
#2522 = DIRECTION ( 'NONE',  ( 0.000000000000000000, 0.000000000000000000, 1.000000000000000000 ) ) ;
#2523 = ORIENTED_EDGE ( 'NONE', *, *, #7615, .T. ) ;
#2524 = AXIS2_PLACEMENT_3D ( 'NONE', #2419, #5688, #224 ) ;
#2525 = PERSON_AND_ORGANIZATION ( #4635, #6914 ) ;
#2526 = ADVANCED_FACE ( 'NONE', ( #430 ), #4518, .T. ) ;
#2527 = ORIENTED_EDGE ( 'NONE', *, *, #8573, .T. ) ;
#2528 = EDGE_CURVE ( 'NONE', #4631, #7350, #8765, .T. ) ;
#2529 = CARTESIAN_POINT ( 'NONE',  ( 101.0388655165443197, -0.04063066961492946272, -4.959369330385070107 ) ) ;
#2530 = TOROIDAL_SURFACE ( 'NONE', #1804, 1.000000000000000000, 3.999999999999996447 ) ;
#2531 = ORIENTED_EDGE ( 'NONE', *, *, #1194, .T. ) ;
#2532 = CIRCLE ( 'NONE', #1676, 1.000000000000000000 ) ;
#2533 = DIRECTION ( 'NONE',  ( -1.000000000000000000, -0.000000000000000000, -0.000000000000000000 ) ) ;
#2534 = EDGE_LOOP ( 'NONE', ( #2527, #8099, #4858 ) ) ;
#2535 = CARTESIAN_POINT ( 'NONE',  ( 15.51172757693693782, -4.502552532146839148, 0.4974474678531608518 ) ) ;
#2536 = CARTESIAN_POINT ( 'NONE',  ( 27.64736572063977249, -0.9599107665869504036, 4.040089233413048042 ) ) ;
#2537 = CIRCLE ( 'NONE', #5108, 3.904737509655562544 ) ;
#2538 = CARTESIAN_POINT ( 'NONE',  ( 114.5117275769369343, -4.502552532146822273, -0.4974474678531768945 ) ) ;
#2539 = CARTESIAN_POINT ( 'NONE',  ( 76.01172757693694848, -4.502552532146813391, 0.4974474678531853877 ) ) ;
#2540 = AXIS2_PLACEMENT_3D ( 'NONE', #1358, #2070, #4188 ) ;
#2541 = TOROIDAL_SURFACE ( 'NONE', #2831, 1.000000000000000000, 1.375000000000001332 ) ;
#2542 = CIRCLE ( 'NONE', #7530, 1.374999999999994227 ) ;
#2543 = CIRCLE ( 'NONE', #7828, 3.904737509655565653 ) ;
#2544 = ORIENTED_EDGE ( 'NONE', *, *, #6581, .F. ) ;
#2545 = ORIENTED_EDGE ( 'NONE', *, *, #127, .F. ) ;
#2546 = EDGE_CURVE ( 'NONE', #1329, #2493, #7359, .T. ) ;
#2547 = CARTESIAN_POINT ( 'NONE',  ( 67.89940186600669847, -4.935956332723948847, -0.06404366727605143028 ) ) ;
#2548 = CARTESIAN_POINT ( 'NONE',  ( 87.87500000000000000, 0.000000000000000000, 0.000000000000000000 ) ) ;
#2549 = CIRCLE ( 'NONE', #4419, 1.000000000000000000 ) ;
#2550 = CARTESIAN_POINT ( 'NONE',  ( 12.09032131224201656, -0.3138588207986879874, 4.686141179201312568 ) ) ;
#2551 = EDGE_LOOP ( 'NONE', ( #2882, #8276, #3127 ) ) ;
#2552 = CARTESIAN_POINT ( 'NONE',  ( 78.25000000000000000, 0.000000000000000000, 1.000000000000000000 ) ) ;
#2553 = AXIS2_PLACEMENT_3D ( 'NONE', #2395, #5134, #8563 ) ;
#2554 = CARTESIAN_POINT ( 'NONE',  ( 54.99621622079729377, -1.136863993905375514, 3.863136006094625596 ) ) ;
#2555 = ORIENTED_EDGE ( 'NONE', *, *, #5424, .F. ) ;
#2556 = DIRECTION ( 'NONE',  ( -0.000000000000000000, 1.000000000000000000, 1.224646799147353207E-16 ) ) ;
#2557 = EDGE_CURVE ( 'NONE', #5861, #7086, #2195, .T. ) ;
#2558 = DIRECTION ( 'NONE',  ( 0.000000000000000000, 0.000000000000000000, 1.000000000000000000 ) ) ;
#2559 = CYLINDRICAL_SURFACE ( 'NONE', #4832, 1.000000000000000000 ) ;
#2560 = FACE_OUTER_BOUND ( 'NONE', #2022, .T. ) ;
#2561 = ORIENTED_EDGE ( 'NONE', *, *, #2257, .F. ) ;
#2562 = CARTESIAN_POINT ( 'NONE',  ( 39.35157376276965380, -0.4321793203680425743, 4.567820679631958924 ) ) ;
#2563 = DIRECTION ( 'NONE',  ( -1.000000000000000000, -0.000000000000000000, -0.000000000000000000 ) ) ;
#2564 = CARTESIAN_POINT ( 'NONE',  ( 118.1249999999999858, 0.000000000000000000, 0.000000000000000000 ) ) ;
#2565 = ADVANCED_FACE ( 'NONE', ( #3844 ), #4227, .T. ) ;
#2566 = CARTESIAN_POINT ( 'NONE',  ( 27.37500000000000000, 0.000000000000000000, 0.000000000000000000 ) ) ;
#2567 = AXIS2_PLACEMENT_3D ( 'NONE', #4377, #1629, #2138 ) ;
#2568 = ORIENTED_EDGE ( 'NONE', *, *, #6488, .T. ) ;
#2569 = DIRECTION ( 'NONE',  ( 0.000000000000000000, -1.224646799147353207E-16, 1.000000000000000000 ) ) ;
#2570 = CARTESIAN_POINT ( 'NONE',  ( 105.0188004488359326, -4.366408635906856794, -0.6335913640931425395 ) ) ;
#2571 = CARTESIAN_POINT ( 'NONE',  ( 63.71113448347813346, -4.959369330381671936, -0.04063066961832764723 ) ) ;
#2572 = CARTESIAN_POINT ( 'NONE',  ( 58.63240203055824651, -4.872131520497916313, 0.1278684795020845755 ) ) ;
#2573 = CYLINDRICAL_SURFACE ( 'NONE', #2553, 1.000000000000000000 ) ;
#2574 = ORIENTED_EDGE ( 'NONE', *, *, #8135, .T. ) ;
#2575 = CARTESIAN_POINT ( 'NONE',  ( 57.04368978649814892, -4.960065625086326868, -0.03993437491367053671 ) ) ;
#2576 = EDGE_LOOP ( 'NONE', ( #121, #2307, #4062 ) ) ;
#2577 = CARTESIAN_POINT ( 'NONE',  ( 14.35334765086500575, -4.935408751168101738, 0.06459124883189827637 ) ) ;
#2578 = CARTESIAN_POINT ( 'NONE',  ( 74.12500000000000000, 0.000000000000000000, 0.000000000000000000 ) ) ;
#2579 = CARTESIAN_POINT ( 'NONE',  ( 98.87499999999998579, -3.671958834454324805, 1.328041165545675195 ) ) ;
#2580 = DIRECTION ( 'NONE',  ( -0.000000000000000000, 1.000000000000000000, 1.224646799147353207E-16 ) ) ;
#2581 = EDGE_CURVE ( 'NONE', #8571, #2847, #358, .T. ) ;
#2582 = ORIENTED_EDGE ( 'NONE', *, *, #607, .T. ) ;
#2583 = ORIENTED_EDGE ( 'NONE', *, *, #7902, .F. ) ;
#2584 = CARTESIAN_POINT ( 'NONE',  ( 65.99600116288350193, -3.862796825715731242, -1.137203174284269425 ) ) ;
#2585 = CARTESIAN_POINT ( 'NONE',  ( 63.12499999999998579, 0.000000000000000000, 0.000000000000000000 ) ) ;
#2586 = CARTESIAN_POINT ( 'NONE',  ( 61.23827242307174146, -0.4974474678478686407, 4.502552532152131803 ) ) ;
#2587 = CARTESIAN_POINT ( 'NONE',  ( 7.117597969459973584, -0.1278684794971731709, 4.872131520502827939 ) ) ;
#2588 = EDGE_LOOP ( 'NONE', ( #8793, #5013, #4011 ) ) ;
#2589 = DIRECTION ( 'NONE',  ( 0.000000000000000000, 0.000000000000000000, 1.000000000000000000 ) ) ;
#2590 = EDGE_CURVE ( 'NONE', #8057, #5616, #4935, .T. ) ;
#2591 = LINE ( 'NONE', #5490, #6066 ) ;
#2592 = ADVANCED_FACE ( 'NONE', ( #7279 ), #3214, .F. ) ;
#2593 = ORIENTED_EDGE ( 'NONE', *, *, #8125, .T. ) ;
#2594 = CARTESIAN_POINT ( 'NONE',  ( 19.85334765086496844, -4.935408751168109731, -0.06459124883189075461 ) ) ;
#2595 = CARTESIAN_POINT ( 'NONE',  ( 95.39665234915595704, -0.06459124882792474653, -4.935408751172075448 ) ) ;
#2596 = ORIENTED_EDGE ( 'NONE', *, *, #5369, .F. ) ;
#2597 = CARTESIAN_POINT ( 'NONE',  ( 70.82722873042057188, -4.282386290035391063, 0.7176137099646090478 ) ) ;
#2598 = DIRECTION ( 'NONE',  ( -1.000000000000000000, -0.000000000000000000, -0.000000000000000000 ) ) ;
#2599 = CARTESIAN_POINT ( 'NONE',  ( 115.4960011628835304, -3.862796825715746785, 1.137203174284253882 ) ) ;
#2600 = EDGE_CURVE ( 'NONE', #21, #3932, #4026, .T. ) ;
#2601 = DIRECTION ( 'NONE',  ( -1.000000000000000000, -0.000000000000000000, -0.000000000000000000 ) ) ;
#2602 = ORIENTED_EDGE ( 'NONE', *, *, #5302, .T. ) ;
#2603 = LINE ( 'NONE', #6005, #8084 ) ;
#2604 = CARTESIAN_POINT ( 'NONE',  ( 0.000000000000000000, 0.000000000000000000, 0.000000000000000000 ) ) ;
#2605 = CARTESIAN_POINT ( 'NONE',  ( 104.3750000000000000, -3.671958834454324805, -1.328041165545675195 ) ) ;
#2606 = CARTESIAN_POINT ( 'NONE',  ( 64.27046193742626201, -4.832344906983756516, -0.1676550930162439002 ) ) ;
#2607 = CARTESIAN_POINT ( 'NONE',  ( 49.37500000000000000, -3.671958834454334575, -1.328041165545665647 ) ) ;
#2608 = EDGE_CURVE ( 'NONE', #1645, #1012, #3126, .T. ) ;
#2609 = AXIS2_PLACEMENT_3D ( 'NONE', #5727, #2240, #6454 ) ;
#2610 = DIRECTION ( 'NONE',  ( -0.000000000000000000, 0.000000000000000000, 1.000000000000000000 ) ) ;
#2611 = DIRECTION ( 'NONE',  ( 0.000000000000000000, 0.000000000000000000, 1.000000000000000000 ) ) ;
#2612 = ORIENTED_EDGE ( 'NONE', *, *, #3880, .F. ) ;
#2613 = ORIENTED_EDGE ( 'NONE', *, *, #6279, .T. ) ;
#2614 = CARTESIAN_POINT ( 'NONE',  ( 13.62500000002789236, -5.000000000000000888, -4.336808689942017736E-16 ) ) ;
#2615 = LINE ( 'NONE', #1941, #1068 ) ;
#2616 = EDGE_CURVE ( 'NONE', #3376, #4831, #2426, .T. ) ;
#2617 = CARTESIAN_POINT ( 'NONE',  ( 132.6250000000000000, -5.000000000000000888, -4.336808689942017736E-16 ) ) ;
#2618 = AXIS2_PLACEMENT_3D ( 'NONE', #7284, #3893, #5981 ) ;
#2619 = CARTESIAN_POINT ( 'NONE',  ( 65.87499999999998579, 0.000000000000000000, 0.000000000000000000 ) ) ;
#2620 = ORIENTED_EDGE ( 'NONE', *, *, #6699, .T. ) ;
#2621 = ORIENTED_EDGE ( 'NONE', *, *, #6912, .F. ) ;
#2622 = ORIENTED_EDGE ( 'NONE', *, *, #6313, .F. ) ;
#2623 = CARTESIAN_POINT ( 'NONE',  ( 93.37499999999998579, 0.000000000000000000, 0.000000000000000000 ) ) ;
#2624 = B_SPLINE_CURVE_WITH_KNOTS ( 'NONE', 3,
 ( #2268, #8428, #7807, #5797, #5619, #203, #2944, #7723, #6436, #7852, #4955, #7677 ),
 .UNSPECIFIED., .F., .F.,
 ( 4, 2, 2, 2, 2, 4 ),
 ( 0.003504634718722713250, 0.003941423334001038087, 0.004378211949279362490, 0.005251789179836011297, 0.006125366410392660971, 0.006998943640949309777 ),
 .UNSPECIFIED. ) ;
#2626 = CARTESIAN_POINT ( 'NONE',  ( 34.09032131224201123, -0.3138588207986883760, -4.686141179201312568 ) ) ;
#2625 =( GEOMETRIC_REPRESENTATION_CONTEXT ( 3 ) GLOBAL_UNCERTAINTY_ASSIGNED_CONTEXT ( ( #1438 ) ) GLOBAL_UNIT_ASSIGNED_CONTEXT ( ( #4595, #3251, #1852 ) ) REPRESENTATION_CONTEXT ( 'NONE', 'WORKASPACE' ) );
#2627 = DIRECTION ( 'NONE',  ( 0.000000000000000000, -1.000000000000000000, 0.000000000000000000 ) ) ;
#2628 = DIRECTION ( 'NONE',  ( -1.000000000000000000, -0.000000000000000000, -0.000000000000000000 ) ) ;
#2629 = CARTESIAN_POINT ( 'NONE',  ( 19.12500000002784262, -5.000000000000000888, -4.336808689942017736E-16 ) ) ;
#2630 = CARTESIAN_POINT ( 'NONE',  ( 48.39842623724020854, -4.567820679626507285, -0.4321793203734920485 ) ) ;
#2631 = ORIENTED_EDGE ( 'NONE', *, *, #2326, .T. ) ;
#2632 = DIRECTION ( 'NONE',  ( 0.000000000000000000, 0.000000000000000000, 1.000000000000000000 ) ) ;
#2633 = EDGE_CURVE ( 'NONE', #5547, #7713, #7916, .T. ) ;
#2634 = CARTESIAN_POINT ( 'NONE',  ( 4.332674704963229040, -0.4247552261638196103, 4.575244773836181444 ) ) ;
#2635 = EDGE_CURVE ( 'NONE', #5527, #136, #68, .T. ) ;
#2636 = CIRCLE ( 'NONE', #6361, 1.375000000000000000 ) ;
#2637 = VERTEX_POINT ( 'NONE', #6100 ) ;
#2638 = CARTESIAN_POINT ( 'NONE',  ( 69.35334765086507502, -4.935408751168083974, 0.06459124883191601219 ) ) ;
#2639 = CARTESIAN_POINT ( 'NONE',  ( 35.62500000000000000, 0.000000000000000000, 0.000000000000000000 ) ) ;
#2640 = DIRECTION ( 'NONE',  ( -1.000000000000000000, 0.000000000000000000, -0.000000000000000000 ) ) ;
#2641 = CARTESIAN_POINT ( 'NONE',  ( 35.62500000000000000, 0.000000000000000000, 0.000000000000000000 ) ) ;
#2642 = CIRCLE ( 'NONE', #2505, 3.999999999999997335 ) ;
#2643 = AXIS2_PLACEMENT_3D ( 'NONE', #2205, #4943, #2299 ) ;
#2644 = CIRCLE ( 'NONE', #6781, 4.000000000000001776 ) ;
#2645 = DIRECTION ( 'NONE',  ( -1.000000000000000000, -0.000000000000000000, -0.000000000000000000 ) ) ;
#2646 = ADVANCED_FACE ( 'NONE', ( #4142 ), #5496, .T. ) ;
#2647 = CIRCLE ( 'NONE', #1649, 1.000000000000000000 ) ;
#2648 = AXIS2_PLACEMENT_3D ( 'NONE', #5422, #8043, #1932 ) ;
#2649 = DIRECTION ( 'NONE',  ( 0.000000000000000000, 0.000000000000000000, -1.000000000000000000 ) ) ;
#2650 = DIRECTION ( 'NONE',  ( -1.000000000000000000, -0.000000000000000000, -0.000000000000000000 ) ) ;
#2651 = CARTESIAN_POINT ( 'NONE',  ( 121.7389075807365231, -4.502910482877268805, -0.4970895171227315834 ) ) ;
#2652 = DIRECTION ( 'NONE',  ( 0.000000000000000000, 0.000000000000000000, 1.000000000000000000 ) ) ;
#2653 = CARTESIAN_POINT ( 'NONE',  ( 84.11759796945996470, -0.1278684794971785554, -4.872131520502821722 ) ) ;
#2654 = ORIENTED_EDGE ( 'NONE', *, *, #6732, .T. ) ;
#2655 = DIRECTION ( 'NONE',  ( -0.000000000000000000, 1.000000000000000000, 1.224646799147353207E-16 ) ) ;
#2656 = EDGE_CURVE ( 'NONE', #5632, #836, #6267, .T. ) ;
#2657 = CARTESIAN_POINT ( 'NONE',  ( 40.53886551654434101, -0.04063066961492658308, -4.959369330385074548 ) ) ;
#2658 = ORIENTED_EDGE ( 'NONE', *, *, #4131, .T. ) ;
#2659 = CARTESIAN_POINT ( 'NONE',  ( 10.87500000000000000, -3.671958834454336351, -1.328041165545663649 ) ) ;
#2660 = ORIENTED_EDGE ( 'NONE', *, *, #7152, .F. ) ;
#2661 = ORIENTED_EDGE ( 'NONE', *, *, #8373, .F. ) ;
#2662 = CARTESIAN_POINT ( 'NONE',  ( 88.85157376276964669, -0.4321793203680409645, -4.567820679631960701 ) ) ;
#2663 = DIRECTION ( 'NONE',  ( 0.000000000000000000, 0.000000000000000000, 1.000000000000000000 ) ) ;
#2664 = CARTESIAN_POINT ( 'NONE',  ( 112.7722572079139667, -4.999999999998965272, -1.033786818522306987E-12 ) ) ;
#2665 = CARTESIAN_POINT ( 'NONE',  ( 24.62499999999979394, 2.855508749164137931E-13, 5.000000000000285105 ) ) ;
#2666 = AXIS2_PLACEMENT_3D ( 'NONE', #6214, #611, #3547 ) ;
#2667 = ORIENTED_EDGE ( 'NONE', *, *, #8657, .F. ) ;
#2668 = ORIENTED_EDGE ( 'NONE', *, *, #3096, .T. ) ;
#2669 = ADVANCED_FACE ( 'NONE', ( #2846 ), #2939, .T. ) ;
#2670 = FACE_OUTER_BOUND ( 'NONE', #4006, .T. ) ;
#2671 = B_SPLINE_CURVE_WITH_KNOTS ( 'NONE', 3,
 ( #8042, #7431, #3368, #6796, #4001, #4847, #4173, #7392, #2107, #3418, #2, #1439 ),
 .UNSPECIFIED., .F., .F.,
 ( 4, 2, 2, 2, 2, 4 ),
 ( 0.003504634718750216423, 0.003941423334025098701, 0.004378211949299981413, 0.005251789179849745970, 0.006125366410399511394, 0.006998943640949275950 ),
 .UNSPECIFIED. ) ;
#2672 = CARTESIAN_POINT ( 'NONE',  ( 35.47774279211274973, -9.891650758035703582E-15, -4.999999999999989342 ) ) ;
#2673 = AXIS2_PLACEMENT_3D ( 'NONE', #5692, #8410, #3736 ) ;
#2674 = CARTESIAN_POINT ( 'NONE',  ( 62.11759796945996470, -0.1278684794971725880, 4.872131520502827939 ) ) ;
#2675 = CARTESIAN_POINT ( 'NONE',  ( 115.4962162207972511, -1.136863993905369519, 3.863136006094630925 ) ) ;
#2676 = AXIS2_PLACEMENT_3D ( 'NONE', #5372, #8089, #4709 ) ;
#2677 = CARTESIAN_POINT ( 'NONE',  ( 18.97815646957791458, -5.000000000001020517, 1.021243484065512767E-12 ) ) ;
#2678 = CARTESIAN_POINT ( 'NONE',  ( 68.62499999999998579, 0.000000000000000000, 0.000000000000000000 ) ) ;
#2679 = EDGE_LOOP ( 'NONE', ( #8770, #785, #2977 ) ) ;
#2680 = CIRCLE ( 'NONE', #3270, 1.000000000000000000 ) ;
#2681 = AXIS2_PLACEMENT_3D ( 'NONE', #2913, #5551, #2957 ) ;
#2682 = CIRCLE ( 'NONE', #4413, 1.000000000000000000 ) ;
#2683 = AXIS2_PLACEMENT_3D ( 'NONE', #8173, #3425, #6141 ) ;
#2684 = CARTESIAN_POINT ( 'NONE',  ( 7.543689786498215533, -4.960065625086333974, -0.03993437491366522152 ) ) ;
#2685 = CARTESIAN_POINT ( 'NONE',  ( 94.35157376276964669, -0.4321793203680488471, -4.567820679631951819 ) ) ;
#2686 = VECTOR ( 'NONE', #3252, 1000.000000000000000 ) ;
#2687 = CARTESIAN_POINT ( 'NONE',  ( 46.62500000002778222, -5.000000000000000888, -4.336808689942017736E-16 ) ) ;
#2688 = ORIENTED_EDGE ( 'NONE', *, *, #789, .F. ) ;
#2689 = CARTESIAN_POINT ( 'NONE',  ( 70.39842623724028670, -4.567820679626460212, 0.4321793203735401767 ) ) ;
#2690 = CARTESIAN_POINT ( 'NONE',  ( 24.47774279211274617, -9.258705388199927654E-15, -4.999999999999992006 ) ) ;
#2691 = FACE_OUTER_BOUND ( 'NONE', #7929, .T. ) ;
#2692 = EDGE_CURVE ( 'NONE', #3485, #2511, #1212, .T. ) ;
#2693 = CARTESIAN_POINT ( 'NONE',  ( 85.12500000000000000, 0.000000000000000000, 0.000000000000000000 ) ) ;
#2694 = AXIS2_PLACEMENT_3D ( 'NONE', #4870, #792, #3537 ) ;
#2695 = CARTESIAN_POINT ( 'NONE',  ( 24.62500000000000000, 0.000000000000000000, 0.000000000000000000 ) ) ;
#2696 = CARTESIAN_POINT ( 'NONE',  ( 71.25399883711747862, -1.137203174285774887, 3.862796825714226667 ) ) ;
#2697 = CARTESIAN_POINT ( 'NONE',  ( 32.87500000000000000, 0.000000000000000000, 0.000000000000000000 ) ) ;
#2698 = DIRECTION ( 'NONE',  ( -1.000000000000000000, -0.000000000000000000, -0.000000000000000000 ) ) ;
#2699 = DIRECTION ( 'NONE',  ( -0.000000000000000000, 1.000000000000000000, 1.224646799147353207E-16 ) ) ;
#2700 = ORIENTED_EDGE ( 'NONE', *, *, #2440, .F. ) ;
#2701 = EDGE_CURVE ( 'NONE', #4468, #6600, #7216, .T. ) ;
#2702 = AXIS2_PLACEMENT_3D ( 'NONE', #8272, #5511, #4852 ) ;
#2703 = CARTESIAN_POINT ( 'NONE',  ( 30.12500000000000000, 0.000000000000000000, 0.000000000000000000 ) ) ;
#2704 = CARTESIAN_POINT ( 'NONE',  ( 38.64736572063978315, -0.9599107665869527350, -4.040089233413047154 ) ) ;
#2705 = DIRECTION ( 'NONE',  ( -0.000000000000000000, 1.000000000000000000, 1.224646799147353207E-16 ) ) ;
#2706 = ORIENTED_EDGE ( 'NONE', *, *, #1756, .T. ) ;
#2707 = VERTEX_POINT ( 'NONE', #6144 ) ;
#2708 = CARTESIAN_POINT ( 'NONE',  ( 90.62499999999977263, 2.819534933157905838E-13, -5.000000000000282441 ) ) ;
#2709 = DIRECTION ( 'NONE',  ( -1.000000000000000000, -0.000000000000000000, -0.000000000000000000 ) ) ;
#2710 = CARTESIAN_POINT ( 'NONE',  ( 76.87500000000000000, -3.671958834454324805, -1.328041165545675195 ) ) ;
#2711 = CIRCLE ( 'NONE', #3148, 1.000000000000000000 ) ;
#2712 = CARTESIAN_POINT ( 'NONE',  ( 82.37499999999998579, -1.328041165545655877, 3.671958834454344345 ) ) ;
#2713 = CARTESIAN_POINT ( 'NONE',  ( 25.77178058431637098, -0.1593231317801513391, 4.840676868219849993 ) ) ;
#2714 = EDGE_CURVE ( 'NONE', #3877, #3899, #3365, .T. ) ;
#2715 = ORIENTED_EDGE ( 'NONE', *, *, #3802, .F. ) ;
#2716 = DIRECTION ( 'NONE',  ( -1.000000000000000000, -0.000000000000000000, -0.000000000000000000 ) ) ;
#2717 = CARTESIAN_POINT ( 'NONE',  ( 58.20631021352426870, -0.03993437491703295122, -4.960065625082966889 ) ) ;
#2718 = CARTESIAN_POINT ( 'NONE',  ( 81.51172757693694848, -4.502552532146822273, -0.4974474678531768945 ) ) ;
#2719 = CARTESIAN_POINT ( 'NONE',  ( 39.97821941570028059, -4.840676868225191498, 0.1593231317748085574 ) ) ;
#2720 = CARTESIAN_POINT ( 'NONE',  ( 116.5903213122420112, -0.3138588207986882650, 4.686141179201312568 ) ) ;
#2721 = CARTESIAN_POINT ( 'NONE',  ( 16.37499999999999645, -3.671958834454337683, -1.328041165545662539 ) ) ;
#2722 = ADVANCED_FACE ( 'NONE', ( #2067 ), #7532, .F. ) ;
#2723 = ORIENTED_EDGE ( 'NONE', *, *, #5905, .F. ) ;
#2724 = CARTESIAN_POINT ( 'NONE',  ( 95.53886551654427706, -0.04063066961492954599, 4.959369330385070107 ) ) ;
#2725 = CARTESIAN_POINT ( 'NONE',  ( 51.11759796945997181, -0.1278684794971733096, -4.872131520502827051 ) ) ;
#2726 = CARTESIAN_POINT ( 'NONE',  ( 84.53886551654431969, -0.04063066961493052437, 4.959369330385070107 ) ) ;
#2727 = CARTESIAN_POINT ( 'NONE',  ( 21.60122534970068742, -0.9582157396401939087, 4.041784260359806424 ) ) ;
#2728 = ORIENTED_EDGE ( 'NONE', *, *, #1445, .F. ) ;
#2729 = FACE_OUTER_BOUND ( 'NONE', #3985, .T. ) ;
#2730 = CARTESIAN_POINT ( 'NONE',  ( 101.3287463706423068, -0.008301598518917999159, 4.991698401481082570 ) ) ;
#2731 = DIRECTION ( 'NONE',  ( -1.000000000000000000, -0.000000000000000000, -0.000000000000000000 ) ) ;
#2732 = EDGE_CURVE ( 'NONE', #211, #7407, #215, .T. ) ;
#2733 = CARTESIAN_POINT ( 'NONE',  ( 26.00000000000000355, 1.224646799147353207E-16, -1.000000000000000000 ) ) ;
#2734 = B_SPLINE_CURVE_WITH_KNOTS ( 'NONE', 3,
 ( #7000, #151, #4328, #1591, #7136, #7041, #866, #3702, #3613, #907, #6425, #1673 ),
 .UNSPECIFIED., .F., .F.,
 ( 4, 2, 2, 2, 2, 4 ),
 ( 0.003504634718750250684, 0.003941423334025133396, 0.004378211949300016975, 0.005251789179849782399, 0.006125366410399547823, 0.006998943640949313247 ),
 .UNSPECIFIED. ) ;
#2735 = CARTESIAN_POINT ( 'NONE',  ( 43.01172757693688453, -4.502552532146859576, -0.4974474678531404792 ) ) ;
#2736 = CARTESIAN_POINT ( 'NONE',  ( 93.10122534970069808, -0.9582157396402022353, -4.041784260359796654 ) ) ;
#2737 = DIRECTION ( 'NONE',  ( 0.000000000000000000, -1.000000000000000000, 0.000000000000000000 ) ) ;
#2738 = DIRECTION ( 'NONE',  ( 0.000000000000000000, 0.000000000000000000, 1.000000000000000000 ) ) ;
#2739 = FACE_OUTER_BOUND ( 'NONE', #2910, .T. ) ;
#2740 = CARTESIAN_POINT ( 'NONE',  ( 41.12499999999979394, 2.836086289887451419E-13, -5.000000000000283329 ) ) ;
#2741 = DIRECTION ( 'NONE',  ( -1.000000000000000000, -0.000000000000000000, -0.000000000000000000 ) ) ;
#2742 = CARTESIAN_POINT ( 'NONE',  ( 31.89842623723027160, -4.567820679632011327, 0.4321793203679897277 ) ) ;
#2743 = ORIENTED_EDGE ( 'NONE', *, *, #4586, .F. ) ;
#2744 = EDGE_CURVE ( 'NONE', #2451, #4599, #2734, .T. ) ;
#2745 = CARTESIAN_POINT ( 'NONE',  ( 12.47821941570033388, -4.840676868225212814, -0.1593231317747878240 ) ) ;
#2746 = ADVANCED_FACE ( 'NONE', ( #6330 ), #6953, .F. ) ;
#2747 = ORIENTED_EDGE ( 'NONE', *, *, #4972, .T. ) ;
#2748 = VERTEX_POINT ( 'NONE', #6464 ) ;
#2749 = CARTESIAN_POINT ( 'NONE',  ( 109.8749999999999858, -3.671958834454344345, 1.328041165545655877 ) ) ;
#2750 = CARTESIAN_POINT ( 'NONE',  ( 110.7382724230717344, -0.4974474678478695289, 4.502552532152130027 ) ) ;
#2751 = CARTESIAN_POINT ( 'NONE',  ( 85.12500000000000000, 0.000000000000000000, 0.000000000000000000 ) ) ;
#2752 = DIRECTION ( 'NONE',  ( 0.000000000000000000, 0.000000000000000000, -1.000000000000000000 ) ) ;
#2753 = CARTESIAN_POINT ( 'NONE',  ( 68.62499999999978684, 2.819348912645851850E-13, -5.000000000000282441 ) ) ;
#2754 = TOROIDAL_SURFACE ( 'NONE', #5899, 0.6790153017205606822, 4.320984698279439762 ) ;
#2755 = EDGE_LOOP ( 'NONE', ( #6741, #3244, #8825 ) ) ;
#2756 = DIRECTION ( 'NONE',  ( -1.000000000000000000, -0.000000000000000000, -0.000000000000000000 ) ) ;
#2757 = CARTESIAN_POINT ( 'NONE',  ( 63.42125362938303113, -4.991698401479152558, 0.008301598520846917989 ) ) ;
#2758 = EDGE_CURVE ( 'NONE', #2167, #3657, #5224, .T. ) ;
#2759 = ORIENTED_EDGE ( 'NONE', *, *, #2255, .F. ) ;
#2760 = CARTESIAN_POINT ( 'NONE',  ( 30.12500000000000000, 0.000000000000000000, 0.000000000000000000 ) ) ;
#2761 = CIRCLE ( 'NONE', #3915, 4.000000000000001776 ) ;
#2762 = DIRECTION ( 'NONE',  ( -1.000000000000000000, -0.000000000000000000, -0.000000000000000000 ) ) ;
#2763 = CARTESIAN_POINT ( 'NONE',  ( 132.6250000000000000, 0.000000000000000000, 0.000000000000000000 ) ) ;
#2764 = CARTESIAN_POINT ( 'NONE',  ( 59.00000000000000000, 1.224646799147353207E-16, -1.000000000000000000 ) ) ;
#2765 = ORIENTED_EDGE ( 'NONE', *, *, #3637, .F. ) ;
#2766 = CIRCLE ( 'NONE', #336, 2.500000000000000000 ) ;
#2767 = ORIENTED_EDGE ( 'NONE', *, *, #4364, .F. ) ;
#2768 = DIRECTION ( 'NONE',  ( -0.000000000000000000, 1.000000000000000000, 1.224646799147353207E-16 ) ) ;
#2769 = AXIS2_PLACEMENT_3D ( 'NONE', #1280, #3302, #693 ) ;
#2770 = DIRECTION ( 'NONE',  ( -1.000000000000000000, -0.000000000000000000, -0.000000000000000000 ) ) ;
#2771 = ORIENTED_EDGE ( 'NONE', *, *, #2155, .F. ) ;
#2772 = ADVANCED_FACE ( 'NONE', ( #4286 ), #6367, .T. ) ;
#2773 = B_SPLINE_CURVE_WITH_KNOTS ( 'NONE', 3,
 ( #1874, #4614, #1203, #2417, #3947, #6657, #3768, #530, #3097, #8541, #1294, #4699, #2724, #1960, #609, #2090 ),
 .UNSPECIFIED., .F., .F.,
 ( 4, 2, 2, 2, 2, 2, 2, 4 ),
 ( 4.818711198681143754E-07, 0.0008765200830274551269, 0.001314539188981248821, 0.001752558294935042298, 0.002190577400888835992, 0.002628596506842629469, 0.003066615612796422946, 0.003504634718750216423 ),
 .UNSPECIFIED. ) ;
#2774 = CARTESIAN_POINT ( 'NONE',  ( 27.64877465029929127, -4.041784260359782444, 0.9582157396402180005 ) ) ;
#2775 = VERTEX_POINT ( 'NONE', #7796 ) ;
#2776 = CARTESIAN_POINT ( 'NONE',  ( 104.3750000000000000, 0.000000000000000000, 0.000000000000000000 ) ) ;
#2777 = DIRECTION ( 'NONE',  ( -0.000000000000000000, 1.000000000000000000, 1.224646799147353207E-16 ) ) ;
#2778 = DIRECTION ( 'NONE',  ( 0.000000000000000000, 0.000000000000000000, -1.000000000000000000 ) ) ;
#2779 = DIRECTION ( 'NONE',  ( 0.000000000000000000, 0.000000000000000000, 1.000000000000000000 ) ) ;
#2780 = EDGE_CURVE ( 'NONE', #4268, #3337, #7087, .T. ) ;
#2781 = CARTESIAN_POINT ( 'NONE',  ( 13.62499999999979039, 2.854305633574743335E-13, -5.000000000000285105 ) ) ;
#2782 = CARTESIAN_POINT ( 'NONE',  ( 91.20631021352424739, -0.03993437491703821784, -4.960065625082963336 ) ) ;
#2783 = CARTESIAN_POINT ( 'NONE',  ( 76.87500000000000000, 0.000000000000000000, 0.000000000000000000 ) ) ;
#2784 = CIRCLE ( 'NONE', #8764, 3.999999999999999112 ) ;
#2785 = TOROIDAL_SURFACE ( 'NONE', #8489, 1.000000000000000000, 4.000000000000000000 ) ;
#2786 = CARTESIAN_POINT ( 'NONE',  ( 19.12500000000000000, 0.000000000000000000, 0.000000000000000000 ) ) ;
#2787 = FACE_OUTER_BOUND ( 'NONE', #7026, .T. ) ;
#2788 = CIRCLE ( 'NONE', #7783, 1.000000000000000000 ) ;
#2789 = CARTESIAN_POINT ( 'NONE',  ( 24.62500000002790301, -5.000000000000000888, -4.336808689942017736E-16 ) ) ;
#2790 = AXIS2_PLACEMENT_3D ( 'NONE', #4696, #3988, #4158 ) ;
#2791 = CIRCLE ( 'NONE', #1080, 4.000000000000000000 ) ;
#2792 = CARTESIAN_POINT ( 'NONE',  ( 114.0342377178084519, -4.739198801696320018, 0.2608011983036805925 ) ) ;
#2793 = CARTESIAN_POINT ( 'NONE',  ( 30.71113448345549202, -4.959369330385106522, 0.04063066961489453233 ) ) ;
#2794 = CARTESIAN_POINT ( 'NONE',  ( 73.82874637064227841, -0.008301598518917999159, 4.991698401481082570 ) ) ;
#2795 = ORIENTED_EDGE ( 'NONE', *, *, #2044, .F. ) ;
#2796 = VERTEX_POINT ( 'NONE', #1546 ) ;
#2797 = CARTESIAN_POINT ( 'NONE',  ( 115.3749999999999858, 0.000000000000000000, 0.000000000000000000 ) ) ;
#2798 = CARTESIAN_POINT ( 'NONE',  ( 63.85059813401476703, -0.06404366728010683907, -4.935956332719892536 ) ) ;
#2799 = FACE_OUTER_BOUND ( 'NONE', #4048, .T. ) ;
#2800 = CARTESIAN_POINT ( 'NONE',  ( 120.2311995511639822, -0.6335913640930996849, -4.366408635906901203 ) ) ;
#2801 = DIRECTION ( 'NONE',  ( 0.000000000000000000, 0.000000000000000000, 1.000000000000000000 ) ) ;
#2802 = ADVANCED_FACE ( 'NONE', ( #6375 ), #5935, .T. ) ;
#2803 = EDGE_CURVE ( 'NONE', #3940, #1363, #3091, .T. ) ;
#2804 = ORIENTED_EDGE ( 'NONE', *, *, #5233, .T. ) ;
#2805 = ORIENTED_EDGE ( 'NONE', *, *, #3788, .T. ) ;
#2806 = CARTESIAN_POINT ( 'NONE',  ( 17.75000000000000000, 0.000000000000000000, 1.000000000000000000 ) ) ;
#2807 = CARTESIAN_POINT ( 'NONE',  ( 2.805286957784273838, -5.000000000000004441, 4.854628165030146414E-15 ) ) ;
#2808 = ORIENTED_EDGE ( 'NONE', *, *, #939, .F. ) ;
#2809 = DIRECTION ( 'NONE',  ( -0.000000000000000000, 1.000000000000000000, 1.224646799147353207E-16 ) ) ;
#2810 = CARTESIAN_POINT ( 'NONE',  ( 96.12499999999998579, 1.224646799147353207E-16, -1.000000000000000000 ) ) ;
#2811 = CARTESIAN_POINT ( 'NONE',  ( 117.9777427921127497, -1.181610961419747395E-14, 4.999999999999989342 ) ) ;
#2812 = CARTESIAN_POINT ( 'NONE',  ( 63.12499999999977973, 2.851934276330579378E-13, 5.000000000000285105 ) ) ;
#2813 = FACE_OUTER_BOUND ( 'NONE', #2464, .T. ) ;
#2814 = ORIENTED_EDGE ( 'NONE', *, *, #6602, .T. ) ;
#2815 = AXIS2_PLACEMENT_3D ( 'NONE', #3496, #1472, #2045 ) ;
#2816 = EDGE_CURVE ( 'NONE', #2141, #8057, #2791, .T. ) ;
#2817 = ORIENTED_EDGE ( 'NONE', *, *, #5160, .T. ) ;
#2818 = AXIS2_PLACEMENT_3D ( 'NONE', #220, #7603, #2233 ) ;
#2819 = CARTESIAN_POINT ( 'NONE',  ( 50.02374954628649562, -0.6401341107417608534, -4.359865889258239591 ) ) ;
#2820 = DIRECTION ( 'NONE',  ( -1.000000000000000000, -0.000000000000000000, -0.000000000000000000 ) ) ;
#2821 = AXIS2_PLACEMENT_3D ( 'NONE', #181, #2921, #4983 ) ;
#2822 = AXIS2_PLACEMENT_3D ( 'NONE', #3389, #2076, #74 ) ;
#2823 = CARTESIAN_POINT ( 'NONE',  ( 76.87500000000000000, -1.328041165545675195, -3.671958834454324805 ) ) ;
#2824 = ORIENTED_EDGE ( 'NONE', *, *, #472, .F. ) ;
#2825 = CARTESIAN_POINT ( 'NONE',  ( 70.51172757693696269, -4.502552532146814279, -0.4974474678531852767 ) ) ;
#2826 = CARTESIAN_POINT ( 'NONE',  ( 16.37499999999999645, 0.000000000000000000, 0.000000000000000000 ) ) ;
#2827 = CARTESIAN_POINT ( 'NONE',  ( 112.6250000000000000, 0.000000000000000000, 0.000000000000000000 ) ) ;
#2828 = TOROIDAL_SURFACE ( 'NONE', #7819, 1.000000000000000000, 3.999999999999996447 ) ;
#2829 = AXIS2_PLACEMENT_3D ( 'NONE', #7452, #2809, #2179 ) ;
#2830 = EDGE_CURVE ( 'NONE', #2847, #6079, #324, .T. ) ;
#2831 = AXIS2_PLACEMENT_3D ( 'NONE', #603, #6026, #8112 ) ;
#2832 = TOROIDAL_SURFACE ( 'NONE', #5121, 1.000000000000000000, 1.374999999999994227 ) ;
#2833 = CARTESIAN_POINT ( 'NONE',  ( 120.9961891356230552, -1.136906711513357315, 3.863093288486644461 ) ) ;
#2834 = TOROIDAL_SURFACE ( 'NONE', #396, 1.000000000000000000, 4.000000000000001776 ) ;
#2835 = CARTESIAN_POINT ( 'NONE',  ( 104.1012253497006554, -0.9582157396402009031, 4.041784260359798431 ) ) ;
#2836 = DIRECTION ( 'NONE',  ( 0.000000000000000000, 0.000000000000000000, 1.000000000000000000 ) ) ;
#2837 = AXIS2_PLACEMENT_3D ( 'NONE', #5773, #1032, #3772 ) ;
#2838 = CARTESIAN_POINT ( 'NONE',  ( 120.8749999999999858, -3.671958834454324805, -1.328041165545675195 ) ) ;
#2839 = CARTESIAN_POINT ( 'NONE',  ( 8.125000000027860381, -5.000000000000000888, -4.336808689942017736E-16 ) ) ;
#2840 = CARTESIAN_POINT ( 'NONE',  ( 10.87500000000000000, 0.000000000000000000, 3.904737509655564320 ) ) ;
#2841 = ADVANCED_FACE ( 'NONE', ( #1626 ), #6941, .T. ) ;
#2842 = CARTESIAN_POINT ( 'NONE',  ( 15.39842623724023696, -4.567820679626485081, -0.4321793203735139755 ) ) ;
#2843 = CYLINDRICAL_SURFACE ( 'NONE', #4754, 1.000000000000000000 ) ;
#2844 = CARTESIAN_POINT ( 'NONE',  ( 109.6012253497006697, -0.9582157396401881355, 4.041784260359812642 ) ) ;
#2845 = EDGE_LOOP ( 'NONE', ( #2184, #7797, #7829 ) ) ;
#2846 = FACE_OUTER_BOUND ( 'NONE', #8341, .T. ) ;
#2847 = VERTEX_POINT ( 'NONE', #3027 ) ;
#2848 = CARTESIAN_POINT ( 'NONE',  ( 65.75399883711745019, -1.137203174285769558, -3.862796825714231996 ) ) ;
#2849 = DIRECTION ( 'NONE',  ( 0.000000000000000000, 0.000000000000000000, 1.000000000000000000 ) ) ;
#2850 = CARTESIAN_POINT ( 'NONE',  ( 66.73827242307172014, -0.4974474678478724710, -4.502552532152127363 ) ) ;
#2851 = CARTESIAN_POINT ( 'NONE',  ( 8.125000000000000000, 0.000000000000000000, 0.000000000000000000 ) ) ;
#2852 = ORIENTED_EDGE ( 'NONE', *, *, #6279, .F. ) ;
#2853 = B_SPLINE_CURVE_WITH_KNOTS ( 'NONE', 3,
 ( #1523, #4264, #934, #7776, #4970, #3551, #3679, #269, #7025, #849, #3008, #889, #5723, #986 ),
 .UNSPECIFIED., .F., .F.,
 ( 4, 2, 2, 2, 2, 2, 4 ),
 ( 1.970071025867789355E-07, 0.0008756576440557126877, 0.001313387962532295032, 0.001751118281008877701, 0.002188848599485460587, 0.002626578917962042823, 0.003502039554915183442 ),
 .UNSPECIFIED. ) ;
#2854 = CARTESIAN_POINT ( 'NONE',  ( 10.23119955116401414, -0.6335913640930921353, 4.366408635906907421 ) ) ;
#2855 = CARTESIAN_POINT ( 'NONE',  ( 64.65967868777055116, -4.686141179195659312, 0.3138588208043406880 ) ) ;
#2856 = EDGE_LOOP ( 'NONE', ( #2483, #5480, #6377, #6525 ) ) ;
#2857 = VECTOR ( 'NONE', #4367, 1000.000000000000000 ) ;
#2858 = ORIENTED_EDGE ( 'NONE', *, *, #5481, .T. ) ;
#2859 = CARTESIAN_POINT ( 'NONE',  ( 14.77178058431636920, -0.1593231317801512836, -4.840676868219850881 ) ) ;
#2860 = CARTESIAN_POINT ( 'NONE',  ( 17.75000000000000000, 1.224646799147353207E-16, -1.000000000000000000 ) ) ;
#2861 = CARTESIAN_POINT ( 'NONE',  ( 49.10263427936256875, -4.040089233410285807, 0.9599107665897131936 ) ) ;
#2862 = EDGE_CURVE ( 'NONE', #8663, #7699, #7366, .T. ) ;
#2863 = DIRECTION ( 'NONE',  ( -1.000000000000000000, -0.000000000000000000, -0.000000000000000000 ) ) ;
#2864 = VERTEX_POINT ( 'NONE', #2340 ) ;
#2865 = EDGE_LOOP ( 'NONE', ( #3993, #835, #7772 ) ) ;
#2866 = CARTESIAN_POINT ( 'NONE',  ( 6.231235193076494205, -4.508466212583670973, -0.4915337874163303034 ) ) ;
#2867 = CARTESIAN_POINT ( 'NONE',  ( 0.000000000000000000, 1.224646799147353207E-16, -1.000000000000000000 ) ) ;
#2868 = EDGE_LOOP ( 'NONE', ( #7590, #8137, #1835 ) ) ;
#2869 = ADVANCED_FACE ( 'NONE', ( #5078 ), #7790, .F. ) ;
#2870 = CARTESIAN_POINT ( 'NONE',  ( 115.3749999999999858, 0.000000000000000000, 0.000000000000000000 ) ) ;
#2871 = EDGE_LOOP ( 'NONE', ( #3437, #4285, #6032 ) ) ;
#2872 = ADVANCED_FACE ( 'NONE', ( #2166 ), #3808, .T. ) ;
#2873 = CARTESIAN_POINT ( 'NONE',  ( 70.39842623724028670, -4.567820679626460212, -0.4321793203735402322 ) ) ;
#2874 = CARTESIAN_POINT ( 'NONE',  ( 18.97774279211273907, -1.012119668674162213E-14, -4.999999999999988454 ) ) ;
#2875 = CARTESIAN_POINT ( 'NONE',  ( 123.6249999999999858, 0.000000000000000000, 5.000000000000000000 ) ) ;
#2876 = CARTESIAN_POINT ( 'NONE',  ( 76.60122534970065544, -0.9582157396402009031, 4.041784260359798431 ) ) ;
#2877 = CARTESIAN_POINT ( 'NONE',  ( 90.62499999999998579, 0.000000000000000000, 0.000000000000000000 ) ) ;
#2878 = EDGE_CURVE ( 'NONE', #8743, #21, #6073, .T. ) ;
#2879 = CARTESIAN_POINT ( 'NONE',  ( 5.375000000000000000, -1.328041165545665425, -3.671958834454335019 ) ) ;
#2880 = CARTESIAN_POINT ( 'NONE',  ( 79.62500000002799538, -5.000000000000000888, -4.336808689942017736E-16 ) ) ;
#2881 = CARTESIAN_POINT ( 'NONE',  ( 118.1250000000279670, -5.000000000000000888, -4.336808689942017736E-16 ) ) ;
#2882 = ORIENTED_EDGE ( 'NONE', *, *, #5370, .F. ) ;
#2883 = CARTESIAN_POINT ( 'NONE',  ( 14.35334765086500752, -4.935408751168101738, -0.06459124883189808208 ) ) ;
#2884 = ORIENTED_EDGE ( 'NONE', *, *, #3740, .T. ) ;
#2885 = CARTESIAN_POINT ( 'NONE',  ( 104.3750000000000000, 0.000000000000000000, 0.000000000000000000 ) ) ;
#2886 = DIRECTION ( 'NONE',  ( -1.000000000000000000, -0.000000000000000000, -0.000000000000000000 ) ) ;
#2887 = EDGE_CURVE ( 'NONE', #8729, #2383, #4233, .T. ) ;
#2888 = ORIENTED_EDGE ( 'NONE', *, *, #7112, .F. ) ;
#2889 = CARTESIAN_POINT ( 'NONE',  ( 90.91746587457268447, -0.008042224642539548204, 4.991957775357460214 ) ) ;
#2890 = DIRECTION ( 'NONE',  ( 0.000000000000000000, 0.000000000000000000, 1.000000000000000000 ) ) ;
#2891 = DIRECTION ( 'NONE',  ( 0.000000000000000000, 0.000000000000000000, 1.000000000000000000 ) ) ;
#2892 = CARTESIAN_POINT ( 'NONE',  ( 67.09032131224202544, -0.3138588207986937606, -4.686141179201305462 ) ) ;
#2893 = CARTESIAN_POINT ( 'NONE',  ( 38.37499999999999289, 0.000000000000000000, 3.904737509655565653 ) ) ;
#2894 = VERTEX_POINT ( 'NONE', #7217 ) ;
#2895 = CARTESIAN_POINT ( 'NONE',  ( 109.6026342793602026, -4.040089233413074687, -0.9599107665869244244 ) ) ;
#2896 = CARTESIAN_POINT ( 'NONE',  ( 45.61759796945996470, -0.1278684794971710614, 4.872131520502827939 ) ) ;
#2897 = ORIENTED_EDGE ( 'NONE', *, *, #682, .F. ) ;
#2898 = ORIENTED_EDGE ( 'NONE', *, *, #8330, .T. ) ;
#2899 = CARTESIAN_POINT ( 'NONE',  ( 9.132402030558305128, -4.872131520497905655, 0.1278684795020972598 ) ) ;
#2900 = CARTESIAN_POINT ( 'NONE',  ( 24.62500000000000000, 0.000000000000000000, 1.000000000000000000 ) ) ;
#2901 = B_SPLINE_CURVE_WITH_KNOTS ( 'NONE', 3,
 ( #2881, #5600, #1839, #7210, #8038, #7386, #4660, #1922, #3778, #1793, #2599, #1883 ),
 .UNSPECIFIED., .F., .F.,
 ( 4, 2, 2, 2, 2, 4 ),
 ( 0.003504634718722713250, 0.003941423334001034617, 0.004378211949279355551, 0.005251789179835996552, 0.006125366410392638419, 0.006998943640949279420 ),
 .UNSPECIFIED. ) ;
#2902 = DIRECTION ( 'NONE',  ( 0.000000000000000000, 0.000000000000000000, 1.000000000000000000 ) ) ;
#2903 = AXIS2_PLACEMENT_3D ( 'NONE', #681, #2741, #7402 ) ;
#2904 = FACE_OUTER_BOUND ( 'NONE', #8286, .T. ) ;
#2905 = ORIENTED_EDGE ( 'NONE', *, *, #6574, .T. ) ;
#2906 = ORIENTED_EDGE ( 'NONE', *, *, #7235, .T. ) ;
#2907 = CARTESIAN_POINT ( 'NONE',  ( 43.99621622079727246, -1.136863993905375070, -3.863136006094624264 ) ) ;
#2908 = AXIS2_PLACEMENT_3D ( 'NONE', #689, #733, #7005 ) ;
#2909 = CARTESIAN_POINT ( 'NONE',  ( 28.71576228220553517, -0.2608011982980489307, -4.739198801701950181 ) ) ;
#2910 = EDGE_LOOP ( 'NONE', ( #7545, #968, #7100 ) ) ;
#2911 = CARTESIAN_POINT ( 'NONE',  ( 112.6249999999998010, 2.822966390599457035E-13, -5.000000000000282441 ) ) ;
#2912 = ORIENTED_EDGE ( 'NONE', *, *, #3463, .F. ) ;
#2913 = CARTESIAN_POINT ( 'NONE',  ( 10.87500000000000000, 0.000000000000000000, 0.000000000000000000 ) ) ;
#2914 = CARTESIAN_POINT ( 'NONE',  ( 17.97953806259080167, -0.1676550930109058368, -4.832344906989093580 ) ) ;
#2915 = DIRECTION ( 'NONE',  ( -1.000000000000000000, -0.000000000000000000, -0.000000000000000000 ) ) ;
#2916 = CIRCLE ( 'NONE', #2618, 1.000000000000000000 ) ;
#2917 = CARTESIAN_POINT ( 'NONE',  ( 112.9212536293830311, -4.991698401479151670, 0.008301598520848907717 ) ) ;
#2918 = ADVANCED_FACE ( 'NONE', ( #5297 ), #3516, .F. ) ;
#2919 = EDGE_CURVE ( 'NONE', #8613, #4373, #3946, .T. ) ;
#2920 = CARTESIAN_POINT ( 'NONE',  ( 57.62499999999999289, 1.224646799147353207E-16, -1.000000000000000000 ) ) ;
#2921 = DIRECTION ( 'NONE',  ( 0.000000000000000000, -1.000000000000000000, 0.000000000000000000 ) ) ;
#2922 = CARTESIAN_POINT ( 'NONE',  ( 71.64877465030180304, -4.041784260362676129, 0.9582157396373237601 ) ) ;
#2923 = CIRCLE ( 'NONE', #1906, 4.000000000000001776 ) ;
#2924 = CARTESIAN_POINT ( 'NONE',  ( 11.42277126958471634, -0.7176137099602843961, -4.282386290039718268 ) ) ;
#2925 = CARTESIAN_POINT ( 'NONE',  ( 9.659678687770487215, -4.686141179195690398, -0.3138588208043113226 ) ) ;
#2926 = ORIENTED_EDGE ( 'NONE', *, *, #3698, .T. ) ;
#2927 = CARTESIAN_POINT ( 'NONE',  ( 43.01172757693691295, -4.502552532146860464, 0.4974474678531410343 ) ) ;
#2928 = EDGE_LOOP ( 'NONE', ( #910, #2767, #2759 ) ) ;
#2929 = EDGE_CURVE ( 'NONE', #1762, #3036, #366, .T. ) ;
#2930 = CARTESIAN_POINT ( 'NONE',  ( 41.85059813401478124, -0.06404366728010843501, -4.935956332719892536 ) ) ;
#2931 = EDGE_LOOP ( 'NONE', ( #4345, #5205, #8622, #1156 ) ) ;
#2932 = DIRECTION ( 'NONE',  ( 0.000000000000000000, 0.000000000000000000, 1.000000000000000000 ) ) ;
#2933 = AXIS2_PLACEMENT_3D ( 'NONE', #4862, #2935, #1594 ) ;
#2934 = CARTESIAN_POINT ( 'NONE',  ( 84.39940186600671268, -4.935956332723948847, -0.06404366727605215193 ) ) ;
#2935 = DIRECTION ( 'NONE',  ( -0.000000000000000000, 1.000000000000000000, 1.224646799147353207E-16 ) ) ;
#2936 = DIRECTION ( 'NONE',  ( -1.000000000000000000, -0.000000000000000000, -0.000000000000000000 ) ) ;
#2937 = CARTESIAN_POINT ( 'NONE',  ( 108.8984262372302823, -4.567820679632011327, 0.4321793203679889506 ) ) ;
#2938 = CIRCLE ( 'NONE', #5642, 1.000000000000000000 ) ;
#2939 = TOROIDAL_SURFACE ( 'NONE', #7081, 1.000000000000000000, 3.999999999999997335 ) ;
#2940 = AXIS2_PLACEMENT_3D ( 'NONE', #7475, #5299, #2738 ) ;
#2941 = ADVANCED_FACE ( 'NONE', ( #8636 ), #80, .T. ) ;
#2942 = EDGE_LOOP ( 'NONE', ( #6526, #776, #3046 ) ) ;
#2943 = CARTESIAN_POINT ( 'NONE',  ( 108.1324020305398363, -4.872131520502868796, -0.1278684794971295391 ) ) ;
#2944 = CARTESIAN_POINT ( 'NONE',  ( 100.2161636276444483, -4.748219996440587565, 0.2517800035594122132 ) ) ;
#2945 = ORIENTED_EDGE ( 'NONE', *, *, #4463, .T. ) ;
#2946 = CARTESIAN_POINT ( 'NONE',  ( 116.5903213122420112, -0.3138588207986883205, -4.686141179201312568 ) ) ;
#2947 = DIRECTION ( 'NONE',  ( 0.000000000000000000, 0.000000000000000000, 1.000000000000000000 ) ) ;
#2948 = CARTESIAN_POINT ( 'NONE',  ( 87.87500000000000000, -3.671958834454344345, 1.328041165545655877 ) ) ;
#2949 = CARTESIAN_POINT ( 'NONE',  ( 112.9174658745726560, -0.008042224642539338303, -4.991957775357460214 ) ) ;
#2950 = VERTEX_POINT ( 'NONE', #7841 ) ;
#2951 = EDGE_CURVE ( 'NONE', #3932, #8743, #4941, .T. ) ;
#2952 = CARTESIAN_POINT ( 'NONE',  ( 52.12500000000000000, 0.000000000000000000, 0.000000000000000000 ) ) ;
#2953 = CARTESIAN_POINT ( 'NONE',  ( 91.21113448347814767, -4.959369330381671048, -0.04063066961832864643 ) ) ;
#2954 = CARTESIAN_POINT ( 'NONE',  ( 27.92277126958470745, -0.7176137099602827307, -4.282386290039718268 ) ) ;
#2955 = CARTESIAN_POINT ( 'NONE',  ( 93.37499999999998579, 0.000000000000000000, 3.904737509655557659 ) ) ;
#2956 = VERTEX_POINT ( 'NONE', #3200 ) ;
#2957 = DIRECTION ( 'NONE',  ( 0.000000000000000000, 0.000000000000000000, 1.000000000000000000 ) ) ;
#2958 = CIRCLE ( 'NONE', #7934, 4.000000000000000000 ) ;
#2959 = DIRECTION ( 'NONE',  ( -1.000000000000000000, -0.000000000000000000, -0.000000000000000000 ) ) ;
#2960 = CARTESIAN_POINT ( 'NONE',  ( 62.54368978649834077, -4.960065625086352625, -0.03993437491364754122 ) ) ;
#2961 = DIRECTION ( 'NONE',  ( 0.000000000000000000, 0.000000000000000000, 1.000000000000000000 ) ) ;
#2962 = AXIS2_PLACEMENT_3D ( 'NONE', #6916, #1992, #6773 ) ;
#2963 = CARTESIAN_POINT ( 'NONE',  ( 38.37499999999999289, 0.000000000000000000, 0.000000000000000000 ) ) ;
#2964 = CARTESIAN_POINT ( 'NONE',  ( 123.6249999999999858, 0.000000000000000000, -5.000000000000000000 ) ) ;
#2965 = AXIS2_PLACEMENT_3D ( 'NONE', #5635, #3640, #4355 ) ;
#2966 = CARTESIAN_POINT ( 'NONE',  ( 12.89665234915597836, -0.06459124882792127709, -4.935408751172080777 ) ) ;
#2967 = PRODUCT_RELATED_PRODUCT_CATEGORY ( 'detail', '', ( #4382 ) ) ;
#2968 = CARTESIAN_POINT ( 'NONE',  ( 9.270461937426183852, -4.832344906983784050, -0.1676550930162167274 ) ) ;
#2969 = AXIS2_PLACEMENT_3D ( 'NONE', #6389, #4389, #338 ) ;
#2970 = CARTESIAN_POINT ( 'NONE',  ( 35.62500000000000000, 0.000000000000000000, 0.000000000000000000 ) ) ;
#2971 = EDGE_CURVE ( 'NONE', #3040, #981, #167, .T. ) ;
#2972 = TOROIDAL_SURFACE ( 'NONE', #2103, 1.000000000000000000, 1.375000000000001332 ) ;
#2973 = AXIS2_PLACEMENT_3D ( 'NONE', #4225, #6992, #1533 ) ;
#2974 = CIRCLE ( 'NONE', #6681, 1.000000000000000000 ) ;
#2975 = CARTESIAN_POINT ( 'NONE',  ( 18.11759796945997181, -0.1278684794971733651, 4.872131520502825275 ) ) ;
#2976 = AXIS2_PLACEMENT_3D ( 'NONE', #8756, #2645, #5371 ) ;
#2977 = ORIENTED_EDGE ( 'NONE', *, *, #4171, .F. ) ;
#2978 = DIRECTION ( 'NONE',  ( -0.000000000000000000, 1.000000000000000000, 1.224646799147353207E-16 ) ) ;
#2979 = DIRECTION ( 'NONE',  ( -0.000000000000000000, 1.000000000000000000, 1.224646799147353207E-16 ) ) ;
#2980 = ORIENTED_EDGE ( 'NONE', *, *, #5101, .F. ) ;
#2981 = CARTESIAN_POINT ( 'NONE',  ( 72.75000000000001421, 0.000000000000000000, 1.000000000000000000 ) ) ;
#2982 = AXIS2_PLACEMENT_3D ( 'NONE', #1228, #7277, #3841 ) ;
#2983 = CARTESIAN_POINT ( 'NONE',  ( 88.73827242307173435, -0.4974474678478646439, 4.502552532152135356 ) ) ;
#2984 = CARTESIAN_POINT ( 'NONE',  ( 48.00000000000000000, 0.000000000000000000, 0.000000000000000000 ) ) ;
#2985 = CARTESIAN_POINT ( 'NONE',  ( 0.000000000000000000, 0.000000000000000000, 0.000000000000000000 ) ) ;
#2986 = EDGE_CURVE ( 'NONE', #528, #5841, #5198, .T. ) ;
#2987 = DIRECTION ( 'NONE',  ( 0.000000000000000000, 0.000000000000000000, 1.000000000000000000 ) ) ;
#2988 = DIRECTION ( 'NONE',  ( 0.000000000000000000, 0.000000000000000000, 1.000000000000000000 ) ) ;
#2989 = B_SPLINE_CURVE_WITH_KNOTS ( 'NONE', 3,
 ( #7063, #846, #7773, #3006, #5760, #213, #3634, #1648, #7023, #1572, #7155, #2229, #2953, #929, #4348, #4967 ),
 .UNSPECIFIED., .F., .F.,
 ( 4, 2, 2, 2, 2, 2, 2, 4 ),
 ( 4.818711198682416421E-07, 0.0008765200830205603600, 0.001314539188970919193, 0.001752558294921278135, 0.002190577400871637076, 0.002628596506821995801, 0.003066615612772354959, 0.003504634718722713684 ),
 .UNSPECIFIED. ) ;
#2990 = ORIENTED_EDGE ( 'NONE', *, *, #1436, .T. ) ;
#2991 = CARTESIAN_POINT ( 'NONE',  ( 109.8749999999999858, -3.671958834454344345, -1.328041165545655877 ) ) ;
#2992 = CARTESIAN_POINT ( 'NONE',  ( 59.51876480693203320, -0.4915337874217309277, -4.508466212578269072 ) ) ;
#2993 = VERTEX_POINT ( 'NONE', #3245 ) ;
#2994 = ORIENTED_EDGE ( 'NONE', *, *, #7679, .F. ) ;
#2995 = CARTESIAN_POINT ( 'NONE',  ( 81.15967868777052274, -4.686141179195659312, -0.3138588208043388561 ) ) ;
#2996 = B_SPLINE_CURVE_WITH_KNOTS ( 'NONE', 3,
 ( #6007, #1757, #1179, #423, #3832, #6677, #4503, #1139, #3783, #7352, #1221, #7219 ),
 .UNSPECIFIED., .F., .F.,
 ( 4, 2, 2, 2, 2, 4 ),
 ( 0.003504634718750195173, 0.003941423334025081354, 0.004378211949299968403, 0.005251789179849741633, 0.006125366410399514863, 0.006998943640949288093 ),
 .UNSPECIFIED. ) ;
#2997 = AXIS2_PLACEMENT_3D ( 'NONE', #6491, #449, #3907 ) ;
#2998 = CARTESIAN_POINT ( 'NONE',  ( 52.12500000000000000, 0.000000000000000000, 1.000000000000000000 ) ) ;
#2999 = FACE_OUTER_BOUND ( 'NONE', #7694, .T. ) ;
#3000 = EDGE_CURVE ( 'NONE', #4160, #3391, #3178, .T. ) ;
#3001 = DIRECTION ( 'NONE',  ( 0.000000000000000000, -1.224646799147353207E-16, 1.000000000000000000 ) ) ;
#3002 = VERTEX_POINT ( 'NONE', #2108 ) ;
#3003 = ORIENTED_EDGE ( 'NONE', *, *, #1407, .T. ) ;
#3004 = AXIS2_PLACEMENT_3D ( 'NONE', #3745, #795, #8557 ) ;
#3005 = ORIENTED_EDGE ( 'NONE', *, *, #148, .T. ) ;
#3006 = CARTESIAN_POINT ( 'NONE',  ( 92.82722873042055767, -4.282386290035390175, -0.7176137099646094919 ) ) ;
#3007 = CARTESIAN_POINT ( 'NONE',  ( 96.27184353044839327, 6.345970840829211041E-15, -5.000000000000006217 ) ) ;
#3008 = CARTESIAN_POINT ( 'NONE',  ( 121.4259639027861368, -4.284940244090469363, 0.7150597559095319689 ) ) ;
#3009 = EDGE_LOOP ( 'NONE', ( #6159, #1229, #5609, #3980 ) ) ;
#3010 = EDGE_CURVE ( 'NONE', #4545, #7864, #1345, .T. ) ;
#3011 = CARTESIAN_POINT ( 'NONE',  ( 69.77046193742627622, -4.832344906983753852, -0.1676550930162466757 ) ) ;
#3012 = ORIENTED_EDGE ( 'NONE', *, *, #4064, .F. ) ;
#3013 = CARTESIAN_POINT ( 'NONE',  ( 90.62500000002798117, -5.000000000000000888, -4.336808689942017736E-16 ) ) ;
#3014 = DIRECTION ( 'NONE',  ( -1.000000000000000000, -0.000000000000000000, -0.000000000000000000 ) ) ;
#3015 = CARTESIAN_POINT ( 'NONE',  ( 54.01172757693692006, -4.502552532146860464, 0.4974474678531410343 ) ) ;
#3016 = CARTESIAN_POINT ( 'NONE',  ( 103.7311995511640106, -0.6335913640930986857, 4.366408635906902980 ) ) ;
#3017 = CARTESIAN_POINT ( 'NONE',  ( 21.60122534970068742, -0.9582157396401941307, -4.041784260359805536 ) ) ;
#3018 = CARTESIAN_POINT ( 'NONE',  ( 96.12499999999998579, 0.000000000000000000, 0.000000000000000000 ) ) ;
#3019 = B_SPLINE_CURVE_WITH_KNOTS ( 'NONE', 3,
 ( #5599, #8312, #2199, #7519, #6324, #1399, #186, #4135, #6856, #5510, #8220, #3777, #7166, #7873, #6459, #3873 ),
 .UNSPECIFIED., .F., .F.,
 ( 4, 2, 2, 2, 2, 2, 2, 4 ),
 ( 4.818711198530449181E-07, 0.0008765200830205977650, 0.001314539188970971018, 0.001752558294921344054, 0.002190577400871717307, 0.002628596506822090343, 0.003066615612772463379, 0.003504634718722836849 ),
 .UNSPECIFIED. ) ;
#3020 = EDGE_CURVE ( 'NONE', #5796, #7183, #1219, .T. ) ;
#3021 = DIRECTION ( 'NONE',  ( -1.000000000000000000, -0.000000000000000000, -0.000000000000000000 ) ) ;
#3022 = CARTESIAN_POINT ( 'NONE',  ( 61.23123519307652174, -4.508466212583698507, 0.4915337874163028808 ) ) ;
#3023 = DIRECTION ( 'NONE',  ( -1.000000000000000000, -0.000000000000000000, -0.000000000000000000 ) ) ;
#3024 = CARTESIAN_POINT ( 'NONE',  ( 87.23119955116401059, -0.6335913640930893598, -4.366408635906911861 ) ) ;
#3025 = CARTESIAN_POINT ( 'NONE',  ( 110.7312351930765288, -4.508466212583694066, 0.4915337874163072107 ) ) ;
#3026 = ORIENTED_EDGE ( 'NONE', *, *, #724, .T. ) ;
#3027 = CARTESIAN_POINT ( 'NONE',  ( 28.74999999999999645, 0.000000000000000000, 1.000000000000000000 ) ) ;
#3028 = FACE_OUTER_BOUND ( 'NONE', #5143, .T. ) ;
#3029 = CARTESIAN_POINT ( 'NONE',  ( 82.37499999999998579, -3.671958834454344345, -1.328041165545655877 ) ) ;
#3030 = CARTESIAN_POINT ( 'NONE',  ( 79.62500000000000000, 0.000000000000000000, 0.000000000000000000 ) ) ;
#3031 = CARTESIAN_POINT ( 'NONE',  ( 39.75000000000000000, 0.000000000000000000, 0.000000000000000000 ) ) ;
#3032 = DIRECTION ( 'NONE',  ( -1.000000000000000000, -0.000000000000000000, -0.000000000000000000 ) ) ;
#3033 = FACE_OUTER_BOUND ( 'NONE', #1429, .T. ) ;
#3034 = CARTESIAN_POINT ( 'NONE',  ( 107.8533476508438582, -4.935408751172111863, 0.06459124882788709610 ) ) ;
#3035 = EDGE_CURVE ( 'NONE', #5680, #6918, #7652, .T. ) ;
#3036 = VERTEX_POINT ( 'NONE', #1394 ) ;
#3037 = ADVANCED_FACE ( 'NONE', ( #8219 ), #4654, .T. ) ;
#3038 = CARTESIAN_POINT ( 'NONE',  ( 0.000000000000000000, 0.000000000000000000, 0.000000000000000000 ) ) ;
#3039 = CARTESIAN_POINT ( 'NONE',  ( 15.00000000000000000, 0.000000000000000000, 1.000000000000000000 ) ) ;
#3040 = VERTEX_POINT ( 'NONE', #6797 ) ;
#3041 = CARTESIAN_POINT ( 'NONE',  ( 80.77046193742626201, -4.832344906983756516, -0.1676550930162439557 ) ) ;
#3042 = CARTESIAN_POINT ( 'NONE',  ( 0.000000000000000000, 0.000000000000000000, 0.000000000000000000 ) ) ;
#3043 = DIRECTION ( 'NONE',  ( -1.000000000000000000, -0.000000000000000000, -0.000000000000000000 ) ) ;
#3044 = CARTESIAN_POINT ( 'NONE',  ( 105.0188004488359326, -4.366408635906856794, 0.6335913640931424284 ) ) ;
#3045 = ORIENTED_EDGE ( 'NONE', *, *, #2714, .T. ) ;
#3046 = ORIENTED_EDGE ( 'NONE', *, *, #8553, .F. ) ;
#3047 = ORIENTED_EDGE ( 'NONE', *, *, #5370, .T. ) ;
#3048 = EDGE_CURVE ( 'NONE', #6275, #5632, #1233, .T. ) ;
#3049 = CARTESIAN_POINT ( 'NONE',  ( 57.62499999999978684, 2.873490942237762426E-13, -5.000000000000286882 ) ) ;
#3050 = CARTESIAN_POINT ( 'NONE',  ( 27.49621622079729022, -1.136863993905374404, -3.863136006094626040 ) ) ;
#3051 = CARTESIAN_POINT ( 'NONE',  ( 5.496216220797294660, -1.136863993905377956, 3.863136006094622488 ) ) ;
#3052 = EDGE_LOOP ( 'NONE', ( #6926, #2349, #1415 ) ) ;
#3053 = CARTESIAN_POINT ( 'NONE',  ( 35.47815646957786129, -5.000000000001020517, -1.019540630204176807E-12 ) ) ;
#3054 = DIRECTION ( 'NONE',  ( -1.000000000000000000, -0.000000000000000000, -0.000000000000000000 ) ) ;
#3055 = AXIS2_PLACEMENT_3D ( 'NONE', #2920, #3685, #4360 ) ;
#3056 = ADVANCED_FACE ( 'NONE', ( #4748 ), #3419, .F. ) ;
#3057 = CARTESIAN_POINT ( 'NONE',  ( 91.35334765086507502, -4.935408751168083974, 0.06459124883191601219 ) ) ;
#3058 = FACE_OUTER_BOUND ( 'NONE', #3935, .T. ) ;
#3059 = CARTESIAN_POINT ( 'NONE',  ( 112.6250000000000000, 0.000000000000000000, 0.000000000000000000 ) ) ;
#3060 = CARTESIAN_POINT ( 'NONE',  ( 80.99999999999998579, 1.224646799147353207E-16, -1.000000000000000000 ) ) ;
#3061 = DIRECTION ( 'NONE',  ( 0.000000000000000000, 0.000000000000000000, 1.000000000000000000 ) ) ;
#3062 = TOROIDAL_SURFACE ( 'NONE', #3488, 1.000000000000000000, 1.375000000000008216 ) ;
#3063 = DIRECTION ( 'NONE',  ( 0.000000000000000000, -1.000000000000000000, 0.000000000000000000 ) ) ;
#3064 = CARTESIAN_POINT ( 'NONE',  ( 16.37499999999999645, 0.000000000000000000, 0.000000000000000000 ) ) ;
#3065 = AXIS2_PLACEMENT_3D ( 'NONE', #8321, #6331, #8366 ) ;
#3066 = EDGE_CURVE ( 'NONE', #981, #7596, #1662, .T. ) ;
#3067 = CARTESIAN_POINT ( 'NONE',  ( 18.39665234915597836, -0.06459124882792140199, 4.935408751172079889 ) ) ;
#3068 = CARTESIAN_POINT ( 'NONE',  ( 120.3272287304205577, -4.282386290035390175, -0.7176137099646094919 ) ) ;
#3069 = CARTESIAN_POINT ( 'NONE',  ( 71.49621622079726535, -1.136863993905387948, -3.863136006094610941 ) ) ;
#3070 = CARTESIAN_POINT ( 'NONE',  ( 88.52374954628648140, -0.6401341107417557463, 4.359865889258244920 ) ) ;
#3071 = CARTESIAN_POINT ( 'NONE',  ( 78.61759796945997891, -0.1278684794971783889, 4.872131520502821722 ) ) ;
#3072 = CYLINDRICAL_SURFACE ( 'NONE', #3580, 1.000000000000000000 ) ;
#3073 = CARTESIAN_POINT ( 'NONE',  ( 112.6250000000000000, 0.000000000000000000, 0.000000000000000000 ) ) ;
#3074 = PERSON_AND_ORGANIZATION_ROLE ( 'classification_officer' ) ;
#3075 = ORIENTED_EDGE ( 'NONE', *, *, #1935, .F. ) ;
#3076 = AXIS2_PLACEMENT_3D ( 'NONE', #1234, #5346, #8101 ) ;
#3077 = CARTESIAN_POINT ( 'NONE',  ( 101.6250000000000000, 0.000000000000000000, 1.000000000000000000 ) ) ;
#3078 = ORIENTED_EDGE ( 'NONE', *, *, #5647, .T. ) ;
#3079 = FACE_OUTER_BOUND ( 'NONE', #711, .T. ) ;
#3080 = CARTESIAN_POINT ( 'NONE',  ( 29.97774279211274617, -7.846913223363822564E-15, 4.999999999999992895 ) ) ;
#3081 = AXIS2_PLACEMENT_3D ( 'NONE', #4192, #7008, #2801 ) ;
#3082 = AXIS2_PLACEMENT_3D ( 'NONE', #6687, #1099, #7887 ) ;
#3083 = CARTESIAN_POINT ( 'NONE',  ( 72.75000000000001421, 1.224646799147353207E-16, -1.000000000000000000 ) ) ;
#3084 = ADVANCED_FACE ( 'NONE', ( #6006 ), #49, .T. ) ;
#3085 = CIRCLE ( 'NONE', #8051, 3.904737509655557215 ) ;
#3086 = ORIENTED_EDGE ( 'NONE', *, *, #8474, .T. ) ;
#3087 = ORIENTED_EDGE ( 'NONE', *, *, #505, .T. ) ;
#3088 = ORIENTED_EDGE ( 'NONE', *, *, #8373, .T. ) ;
#3089 = CYLINDRICAL_SURFACE ( 'NONE', #3966, 1.000000000000000000 ) ;
#3090 = TOROIDAL_SURFACE ( 'NONE', #4653, 1.000000000000000000, 4.000000000000000000 ) ;
#3091 = CIRCLE ( 'NONE', #1650, 1.374999999999999556 ) ;
#3092 = CARTESIAN_POINT ( 'NONE',  ( 29.39665234915599612, -0.06459124882791882072, -4.935408751172081665 ) ) ;
#3093 = CARTESIAN_POINT ( 'NONE',  ( 6.715762282205542277, -0.2608011982980511512, 4.739198801701948405 ) ) ;
#3094 = CARTESIAN_POINT ( 'NONE',  ( 33.51880044884220666, -4.366408635911658287, 0.6335913640883422682 ) ) ;
#3095 = CARTESIAN_POINT ( 'NONE',  ( 87.87500000000000000, -3.671958834454344345, 1.328041165545655877 ) ) ;
#3096 = EDGE_CURVE ( 'NONE', #4067, #4163, #7673, .T. ) ;
#3097 = CARTESIAN_POINT ( 'NONE',  ( 94.71576228220551741, -0.2608011982980544263, 4.739198801701945740 ) ) ;
#3098 = CARTESIAN_POINT ( 'NONE',  ( 91.63240203055839572, -4.872131520497874568, 0.1278684795021269582 ) ) ;
#3099 = CARTESIAN_POINT ( 'NONE',  ( 109.2311995511639822, -0.6335913640930904700, 4.366408635906909197 ) ) ;
#3100 = CARTESIAN_POINT ( 'NONE',  ( 60.92277126958470745, -0.7176137099602833969, 4.282386290039717380 ) ) ;
#3101 = DIRECTION ( 'NONE',  ( 0.000000000000000000, 0.000000000000000000, 1.000000000000000000 ) ) ;
#3102 = CARTESIAN_POINT ( 'NONE',  ( 85.27184353044840748, 5.459233224172372473E-15, 5.000000000000007105 ) ) ;
#3103 = B_SPLINE_CURVE_WITH_KNOTS ( 'NONE', 3,
 ( #6585, #458, #5258, #4591, #1041, #3960, #8685, #1933, #2570, #8720, #5298, #2605 ),
 .UNSPECIFIED., .F., .F.,
 ( 4, 2, 2, 2, 2, 4 ),
 ( 0.003504634718750433264, 0.003941423334025288654, 0.004378211949300143610, 0.005251789179849853523, 0.006125366410399563435, 0.006998943640949273348 ),
 .UNSPECIFIED. ) ;
#3104 = CARTESIAN_POINT ( 'NONE',  ( 90.33253412545242611, -4.991957775359346705, -0.008042224640653706028 ) ) ;
#3105 = CARTESIAN_POINT ( 'NONE',  ( 30.12500000000000000, -5.000000000000000888, -4.336808689942017736E-16 ) ) ;
#3106 = EDGE_CURVE ( 'NONE', #2220, #7699, #5641, .T. ) ;
#3107 = CIRCLE ( 'NONE', #4255, 1.000000000000000000 ) ;
#3108 = CARTESIAN_POINT ( 'NONE',  ( 17.97953806259080878, -0.1676550930109055038, 4.832344906989095357 ) ) ;
#3109 = AXIS2_PLACEMENT_3D ( 'NONE', #1034, #7956, #7999 ) ;
#3110 = ORIENTED_EDGE ( 'NONE', *, *, #6590, .F. ) ;
#3111 = CARTESIAN_POINT ( 'NONE',  ( 119.2704619374262762, -4.832344906983753852, -0.1676550930162466757 ) ) ;
#3112 = AXIS2_PLACEMENT_3D ( 'NONE', #8684, #7463, #660 ) ;
#3113 = DIRECTION ( 'NONE',  ( 0.000000000000000000, 0.000000000000000000, 1.000000000000000000 ) ) ;
#3114 = CARTESIAN_POINT ( 'NONE',  ( 77.52374954628649562, -0.6401341107417677367, 4.359865889258232485 ) ) ;
#3115 = CARTESIAN_POINT ( 'NONE',  ( 74.12500000002798117, -5.000000000000000888, -4.336808689942017736E-16 ) ) ;
#3116 = ADVANCED_FACE ( 'NONE', ( #5026 ), #1816, .T. ) ;
#3117 = AXIS2_PLACEMENT_3D ( 'NONE', #4071, #2770, #6932 ) ;
#3118 = PERSON_AND_ORGANIZATION_ROLE ( 'creator' ) ;
#3119 = AXIS2_PLACEMENT_3D ( 'NONE', #4266, #137, #6276 ) ;
#3120 = AXIS2_PLACEMENT_3D ( 'NONE', #6427, #8507, #193 ) ;
#3121 = TOROIDAL_SURFACE ( 'NONE', #1685, 1.000000000000000000, 3.999999999999997335 ) ;
#3122 = ORIENTED_EDGE ( 'NONE', *, *, #774, .T. ) ;
#3123 = DIRECTION ( 'NONE',  ( -1.000000000000000000, -0.000000000000000000, -0.000000000000000000 ) ) ;
#3124 = ORIENTED_EDGE ( 'NONE', *, *, #4577, .T. ) ;
#3125 = AXIS2_PLACEMENT_3D ( 'NONE', #6887, #6127, #3497 ) ;
#3126 = LINE ( 'NONE', #5844, #492 ) ;
#3127 = ORIENTED_EDGE ( 'NONE', *, *, #6645, .T. ) ;
#3128 = DIRECTION ( 'NONE',  ( -1.000000000000000000, -0.000000000000000000, -0.000000000000000000 ) ) ;
#3129 = CARTESIAN_POINT ( 'NONE',  ( 24.03886551654430548, -0.04063066961492747819, 4.959369330385072772 ) ) ;
#3130 = CARTESIAN_POINT ( 'NONE',  ( 52.27225720791380326, -4.999999999998976818, -1.023799617742085393E-12 ) ) ;
#3131 = CARTESIAN_POINT ( 'NONE',  ( 104.6487746502993019, -4.041784260359772674, 0.9582157396402267713 ) ) ;
#3132 = ORIENTED_EDGE ( 'NONE', *, *, #5922, .F. ) ;
#3133 = CARTESIAN_POINT ( 'NONE',  ( 45.21576228220555294, -0.2608011982980500409, -4.739198801701951069 ) ) ;
#3134 = TOROIDAL_SURFACE ( 'NONE', #692, 1.000000000000000000, 3.999999999999996447 ) ;
#3135 = DIRECTION ( 'NONE',  ( -1.000000000000000000, -0.000000000000000000, -0.000000000000000000 ) ) ;
#3136 = CARTESIAN_POINT ( 'NONE',  ( 57.62499999999999289, 0.000000000000000000, 0.000000000000000000 ) ) ;
#3137 = ORIENTED_EDGE ( 'NONE', *, *, #5722, .F. ) ;
#3138 = DIRECTION ( 'NONE',  ( 0.000000000000000000, 0.000000000000000000, -1.000000000000000000 ) ) ;
#3139 = CARTESIAN_POINT ( 'NONE',  ( 89.89940186600668426, -4.935956332723949735, 0.06404366727605166620 ) ) ;
#3140 = EDGE_LOOP ( 'NONE', ( #2359, #2424, #7039, #1597 ) ) ;
#3141 = AXIS2_PLACEMENT_3D ( 'NONE', #3297, #7398, #1091 ) ;
#3142 = CARTESIAN_POINT ( 'NONE',  ( 115.4960011628835304, -3.862796825715747673, -1.137203174284253882 ) ) ;
#3143 = CARTESIAN_POINT ( 'NONE',  ( 21.60263427936257230, -4.040089233410280478, -0.9599107665897197439 ) ) ;
#3144 = EDGE_CURVE ( 'NONE', #32, #8415, #4363, .T. ) ;
#3145 = CARTESIAN_POINT ( 'NONE',  ( 53.13240203055824651, -4.872131520497915425, 0.1278684795020852694 ) ) ;
#3146 = ADVANCED_FACE ( 'NONE', ( #4932 ), #3134, .T. ) ;
#3147 = CARTESIAN_POINT ( 'NONE',  ( 97.53383637236984782, -0.2517800035653071089, 4.748219996434693613 ) ) ;
#3148 = AXIS2_PLACEMENT_3D ( 'NONE', #1210, #4499, #6494 ) ;
#3149 = EDGE_LOOP ( 'NONE', ( #4329, #6348, #3344 ) ) ;
#3150 = CARTESIAN_POINT ( 'NONE',  ( 118.1249999999997726, 2.821161565220927584E-13, 5.000000000000282441 ) ) ;
#3151 = CARTESIAN_POINT ( 'NONE',  ( 62.97815646957801050, -5.000000000001028511, -1.027852882152938073E-12 ) ) ;
#3152 = CARTESIAN_POINT ( 'NONE',  ( 35.62499999999978684, 2.834739505433365550E-13, 5.000000000000283329 ) ) ;
#3153 = CARTESIAN_POINT ( 'NONE',  ( 118.1249999999997726, 2.821161565220927584E-13, 5.000000000000282441 ) ) ;
#3154 = ADVANCED_FACE ( 'NONE', ( #4984 ), #2273, .T. ) ;
#3155 = ORIENTED_EDGE ( 'NONE', *, *, #2018, .T. ) ;
#3156 = DIRECTION ( 'NONE',  ( -1.000000000000000000, -0.000000000000000000, -0.000000000000000000 ) ) ;
#3157 = B_SPLINE_CURVE_WITH_KNOTS ( 'NONE', 3,
 ( #7293, #1702, #3228, #6651, #2411, #521, #5187, #1740, #3278, #8617, #5148, #5990, #4444, #8535, #8703, #5900 ),
 .UNSPECIFIED., .F., .F.,
 ( 4, 2, 2, 2, 2, 2, 2, 4 ),
 ( 4.818711198520267845E-07, 0.0008765200830206076313, 0.001314539188970985980, 0.001752558294921364437, 0.002190577400871742894, 0.002628596506822121134, 0.003066615612772499808, 0.003504634718722878482 ),
 .UNSPECIFIED. ) ;
#3158 = CARTESIAN_POINT ( 'NONE',  ( 107.1250000000000000, 0.000000000000000000, 0.000000000000000000 ) ) ;
#3159 = CARTESIAN_POINT ( 'NONE',  ( 13.47815646957795721, -5.000000000001023182, -1.023894485432181914E-12 ) ) ;
#3160 = CARTESIAN_POINT ( 'NONE',  ( 0.000000000000000000, 1.224646799147353207E-16, -1.000000000000000000 ) ) ;
#3161 = CARTESIAN_POINT ( 'NONE',  ( 49.49600116288350193, -3.862796825715725912, -1.137203174284275198 ) ) ;
#3162 = APPLICATION_PROTOCOL_DEFINITION ( 'international standard', 'config_control_design', 1994, #8492 ) ;
#3163 = ORIENTED_EDGE ( 'NONE', *, *, #6829, .F. ) ;
#3164 = EDGE_CURVE ( 'NONE', #4346, #383, #4744, .T. ) ;
#3165 = CYLINDRICAL_SURFACE ( 'NONE', #3843, 1.000000000000000000 ) ;
#3166 = EDGE_LOOP ( 'NONE', ( #6256, #4392, #5044, #4657 ) ) ;
#3167 = CARTESIAN_POINT ( 'NONE',  ( 6.750000000000000000, 0.000000000000000000, 1.000000000000000000 ) ) ;
#3168 = ORIENTED_EDGE ( 'NONE', *, *, #2971, .F. ) ;
#3169 = CARTESIAN_POINT ( 'NONE',  ( 57.62499999999999289, 0.000000000000000000, 1.000000000000000000 ) ) ;
#3170 = CARTESIAN_POINT ( 'NONE',  ( 101.6250000000000000, 0.000000000000000000, 1.000000000000000000 ) ) ;
#3171 = DIRECTION ( 'NONE',  ( -1.000000000000000000, -0.000000000000000000, -0.000000000000000000 ) ) ;
#3172 = CARTESIAN_POINT ( 'NONE',  ( 74.85334765086511766, -4.935408751168083974, 0.06459124883191601219 ) ) ;
#3173 = ORIENTED_EDGE ( 'NONE', *, *, #1342, .T. ) ;
#3174 = ORIENTED_EDGE ( 'NONE', *, *, #1571, .F. ) ;
#3175 = EDGE_LOOP ( 'NONE', ( #6982, #4771, #5952, #6021, #1557, #4856, #5306, #5264, #7586, #3850, #7054, #2320, #14, #4356, #5571, #7457, #3520, #3047, #6398, #8116, #6872, #261, #4200, #3920, #6538, #6004, #5719, #8817, #438, #6437, #6146, #386, #824, #3086, #5162, #7371, #3633, #8339, #7724, #5283, #5388, #1364, #6547, #2631, #5088, #6500, #3350, #5469, #7298, #4612, #3805, #2658, #6292, #1378, #6733, #4527, #8602, #1725, #381, #1741, #332, #3380, #6746, #4125, #352, #2005, #3728, #2310, #3254, #973, #1239, #5738, #395, #2945, #4437, #5629, #4642, #7022, #823, #3267, #1918, #6763, #3926, #3751, #1406, #4010, #4588, #8835, #5041, #392, #508, #4620, #7660, #3132 ) ) ;
#3176 = EDGE_CURVE ( 'NONE', #5151, #4422, #4337, .T. ) ;
#3177 = CARTESIAN_POINT ( 'NONE',  ( 68.62500000002798117, -5.000000000000000888, -4.336808689942017736E-16 ) ) ;
#3178 = B_SPLINE_CURVE_WITH_KNOTS ( 'NONE', 3,
 ( #5962, #8683, #3326, #2782, #8806, #7472, #7432, #6754, #621, #2736, #4796, #3461 ),
 .UNSPECIFIED., .F., .F.,
 ( 4, 2, 2, 2, 2, 4 ),
 ( 0.003504634718750182162, 0.003941423334025068344, 0.004378211949299954525, 0.005251789179849728623, 0.006125366410399500985, 0.006998943640949275083 ),
 .UNSPECIFIED. ) ;
#3179 = CARTESIAN_POINT ( 'NONE',  ( 35.03886551654433390, -0.04063066961492661083, -4.959369330385073660 ) ) ;
#3180 = CARTESIAN_POINT ( 'NONE',  ( 10.87500000000000000, -1.328041165545663649, 3.671958834454336795 ) ) ;
#3181 = ORIENTED_EDGE ( 'NONE', *, *, #1580, .F. ) ;
#3182 = CARTESIAN_POINT ( 'NONE',  ( 46.62500000000000000, 0.000000000000000000, 0.000000000000000000 ) ) ;
#3183 = CARTESIAN_POINT ( 'NONE',  ( 90.04368978649834787, -4.960065625086349961, 0.03993437491365041392 ) ) ;
#3184 = ORIENTED_EDGE ( 'NONE', *, *, #5014, .F. ) ;
#3185 = CARTESIAN_POINT ( 'NONE',  ( 50.23123519307646490, -4.508466212583658539, 0.4915337874163433485 ) ) ;
#3186 = CARTESIAN_POINT ( 'NONE',  ( 82.92277126958472877, -0.7176137099602881708, 4.282386290039712051 ) ) ;
#3187 = ORIENTED_EDGE ( 'NONE', *, *, #4276, .F. ) ;
#3188 = CARTESIAN_POINT ( 'NONE',  ( 69.99999999999998579, 0.000000000000000000, 0.000000000000000000 ) ) ;
#3189 = ORIENTED_EDGE ( 'NONE', *, *, #656, .T. ) ;
#3190 = CARTESIAN_POINT ( 'NONE',  ( 40.39665234915597125, -0.06459124882792177669, 4.935408751172078112 ) ) ;
#3191 = CARTESIAN_POINT ( 'NONE',  ( 24.62499999999979394, 2.855542628414076572E-13, -5.000000000000285105 ) ) ;
#3192 = DIRECTION ( 'NONE',  ( -0.000000000000000000, 1.000000000000000000, 1.224646799147353207E-16 ) ) ;
#3193 = B_SPLINE_CURVE_WITH_KNOTS ( 'NONE', 3,
 ( #1295, #7599, #8156, #2684, #5494, #1427, #8119, #2866, #4837, #752, #1333, #6075 ),
 .UNSPECIFIED., .F., .F.,
 ( 4, 2, 2, 2, 2, 4 ),
 ( 0.003504634718722824272, 0.003941423334001133497, 0.004378211949279440553, 0.005251789179836053797, 0.006125366410392667910, 0.006998943640949282022 ),
 .UNSPECIFIED. ) ;
#3194 = CIRCLE ( 'NONE', #8023, 3.904737509655562544 ) ;
#3195 = EDGE_CURVE ( 'NONE', #554, #4209, #6415, .T. ) ;
#3196 = ADVANCED_FACE ( 'NONE', ( #858 ), #4571, .T. ) ;
#3197 = CARTESIAN_POINT ( 'NONE',  ( 71.64877465030180304, -4.041784260362676129, -0.9582157396373237601 ) ) ;
#3198 = VERTEX_POINT ( 'NONE', #97 ) ;
#3199 = TOROIDAL_SURFACE ( 'NONE', #5465, 1.000000000000000000, 3.999999999999997335 ) ;
#3200 = CARTESIAN_POINT ( 'NONE',  ( 30.12500000000000000, -5.000000000000000888, -4.336808689942017736E-16 ) ) ;
#3201 = CARTESIAN_POINT ( 'NONE',  ( 27.49600116288254625, -3.862796825714222226, 1.137203174285777996 ) ) ;
#3202 = CARTESIAN_POINT ( 'NONE',  ( 31.50000000000000000, 0.000000000000000000, 0.000000000000000000 ) ) ;
#3203 = CARTESIAN_POINT ( 'NONE',  ( 87.32722873042055767, -4.282386290035407050, -0.7176137099645947259 ) ) ;
#3204 = CARTESIAN_POINT ( 'NONE',  ( 58.21113448347799135, -4.959369330381701246, 0.04063066961829941287 ) ) ;
#3205 = ORIENTED_EDGE ( 'NONE', *, *, #29, .T. ) ;
#3206 = DIRECTION ( 'NONE',  ( -1.000000000000000000, -0.000000000000000000, -0.000000000000000000 ) ) ;
#3207 = APPROVAL_DATE_TIME ( #5170, #2416 ) ;
#3208 = EDGE_CURVE ( 'NONE', #919, #6463, #7275, .T. ) ;
#3209 = AXIS2_PLACEMENT_3D ( 'NONE', #3607, #1585, #2111 ) ;
#3210 = ORIENTED_EDGE ( 'NONE', *, *, #7264, .T. ) ;
#3211 = FACE_OUTER_BOUND ( 'NONE', #4787, .T. ) ;
#3212 = ORIENTED_EDGE ( 'NONE', *, *, #2780, .T. ) ;
#3213 = B_SPLINE_CURVE_WITH_KNOTS ( 'NONE', 3,
 ( #6510, #5656, #8374, #4378, #4467, #7092, #378, #4998, #961, #1595, #293, #7047 ),
 .UNSPECIFIED., .F., .F.,
 ( 4, 2, 2, 2, 2, 4 ),
 ( 0.003504634718722713250, 0.003941423334001037219, 0.004378211949279360755, 0.005251789179836008695, 0.006125366410392656634, 0.006998943640949304573 ),
 .UNSPECIFIED. ) ;
#3214 = CYLINDRICAL_SURFACE ( 'NONE', #1785, 1.000000000000000000 ) ;
#3215 = ORIENTED_EDGE ( 'NONE', *, *, #4387, .F. ) ;
#3216 = CARTESIAN_POINT ( 'NONE',  ( 42.27178058431636032, -0.1593231317801532543, 4.840676868219847329 ) ) ;
#3217 = CARTESIAN_POINT ( 'NONE',  ( 27.37500000000000000, -1.328041165545663649, 3.671958834454336351 ) ) ;
#3218 = CARTESIAN_POINT ( 'NONE',  ( 115.3749999999999858, -3.671958834454344345, -1.328041165545655877 ) ) ;
#3219 = CARTESIAN_POINT ( 'NONE',  ( 74.12500000000000000, 1.224646799147353207E-16, -1.000000000000000000 ) ) ;
#3220 = EDGE_CURVE ( 'NONE', #3972, #1329, #2077, .T. ) ;
#3221 = ORIENTED_EDGE ( 'NONE', *, *, #6951, .T. ) ;
#3222 = CARTESIAN_POINT ( 'NONE',  ( 115.6487746503017746, -4.041784260362697445, -0.9582157396373037761 ) ) ;
#3223 = ORIENTED_EDGE ( 'NONE', *, *, #3284, .T. ) ;
#3224 = CARTESIAN_POINT ( 'NONE',  ( 67.21616362764447672, -4.748219996440588453, -0.2517800035594113806 ) ) ;
#3225 = FACE_OUTER_BOUND ( 'NONE', #1458, .T. ) ;
#3226 = AXIS2_PLACEMENT_3D ( 'NONE', #128, #165, #8433 ) ;
#3227 = AXIS2_PLACEMENT_3D ( 'NONE', #7146, #7052, #6969 ) ;
#3228 = CARTESIAN_POINT ( 'NONE',  ( 38.10263427936256164, -4.040089233410288472, 0.9599107665897111952 ) ) ;
#3229 = ORIENTED_EDGE ( 'NONE', *, *, #7991, .T. ) ;
#3230 = AXIS2_PLACEMENT_3D ( 'NONE', #6017, #3301, #2752 ) ;
#3231 = CARTESIAN_POINT ( 'NONE',  ( 4.788203352913346755, -4.288723716504676986, 0.7112762834953232360 ) ) ;
#3232 = CARTESIAN_POINT ( 'NONE',  ( 56.89665234915597125, -0.06459124882791900113, 4.935408751172081665 ) ) ;
#3233 = ADVANCED_FACE ( 'NONE', ( #3773 ), #8673, .F. ) ;
#3234 = ORIENTED_EDGE ( 'NONE', *, *, #8115, .F. ) ;
#3235 = AXIS2_PLACEMENT_3D ( 'NONE', #5594, #3555, #7122 ) ;
#3236 = CIRCLE ( 'NONE', #1072, 3.904737509655562544 ) ;
#3237 = DIRECTION ( 'NONE',  ( -1.000000000000000000, -0.000000000000000000, -0.000000000000000000 ) ) ;
#3238 = CARTESIAN_POINT ( 'NONE',  ( 0.000000000000000000, 0.000000000000000000, 0.000000000000000000 ) ) ;
#3239 = CARTESIAN_POINT ( 'NONE',  ( 85.12499999999980105, 2.822932509281566863E-13, 5.000000000000282441 ) ) ;
#3240 = CARTESIAN_POINT ( 'NONE',  ( 26.00000000000000355, 0.000000000000000000, 0.000000000000000000 ) ) ;
#3241 = CARTESIAN_POINT ( 'NONE',  ( 65.01876480693205451, -0.4915337874217338698, 4.508466212578267296 ) ) ;
#3242 = DIRECTION ( 'NONE',  ( 0.000000000000000000, -1.000000000000000000, 0.000000000000000000 ) ) ;
#3243 = CARTESIAN_POINT ( 'NONE',  ( 23.25000000000000000, 0.000000000000000000, 1.000000000000000000 ) ) ;
#3244 = ORIENTED_EDGE ( 'NONE', *, *, #6922, .T. ) ;
#3245 = CARTESIAN_POINT ( 'NONE',  ( 82.37499999999998579, -3.671958834454344345, -1.328041165545655877 ) ) ;
#3246 = EDGE_CURVE ( 'NONE', #6984, #7864, #6404, .T. ) ;
#3247 = CARTESIAN_POINT ( 'NONE',  ( 21.23119955116402124, -0.6335913640930935786, 4.366408635906905644 ) ) ;
#3248 = FACE_OUTER_BOUND ( 'NONE', #2369, .T. ) ;
#3249 = CARTESIAN_POINT ( 'NONE',  ( 57.62500000002779643, -5.000000000000000888, -4.336808689942017736E-16 ) ) ;
#3250 = TOROIDAL_SURFACE ( 'NONE', #8516, 1.000000000000000000, 3.999999999999999112 ) ;
#3251 =( NAMED_UNIT ( * ) PLANE_ANGLE_UNIT ( ) SI_UNIT ( $, .RADIAN. ) );
#3252 = DIRECTION ( 'NONE',  ( -1.000000000000000000, -0.000000000000000000, -0.000000000000000000 ) ) ;
#3253 = CIRCLE ( 'NONE', #7816, 1.375000000000008216 ) ;
#3254 = ORIENTED_EDGE ( 'NONE', *, *, #1349, .T. ) ;
#3255 = TOROIDAL_SURFACE ( 'NONE', #8223, 1.000000000000000000, 3.999999999999997335 ) ;
#3256 = EDGE_CURVE ( 'NONE', #554, #935, #3417, .T. ) ;
#3257 = CARTESIAN_POINT ( 'NONE',  ( 105.5903213122420112, -0.3138588207986951484, -4.686141179201305462 ) ) ;
#3258 = ORIENTED_EDGE ( 'NONE', *, *, #4121, .F. ) ;
#3259 = EDGE_CURVE ( 'NONE', #4093, #2168, #5408, .T. ) ;
#3260 = ORIENTED_EDGE ( 'NONE', *, *, #2489, .T. ) ;
#3261 = CARTESIAN_POINT ( 'NONE',  ( 15.15967868777050498, -4.686141179195682405, 0.3138588208043178729 ) ) ;
#3262 = FACE_OUTER_BOUND ( 'NONE', #4944, .T. ) ;
#3263 = CIRCLE ( 'NONE', #5250, 3.999999999999999112 ) ;
#3264 = CARTESIAN_POINT ( 'NONE',  ( 0.000000000000000000, 1.224646799147353207E-16, -1.000000000000000000 ) ) ;
#3265 = CARTESIAN_POINT ( 'NONE',  ( 27.25399883711745019, -1.137203174285764229, 3.862796825714235993 ) ) ;
#3266 = VECTOR ( 'NONE', #4859, 1000.000000000000000 ) ;
#3267 = ORIENTED_EDGE ( 'NONE', *, *, #3000, .T. ) ;
#3268 = AXIS2_PLACEMENT_3D ( 'NONE', #7727, #6304, #6441 ) ;
#3269 = AXIS2_PLACEMENT_3D ( 'NONE', #7870, #3818, #6457 ) ;
#3270 = AXIS2_PLACEMENT_3D ( 'NONE', #3451, #3406, #36 ) ;
#3271 = B_SPLINE_CURVE_WITH_KNOTS ( 'NONE', 3,
 ( #176, #8263, #2151, #852, #2192, #6316, #2286, #5179, #514, #1152, #7892, #8608, #5850, #8402, #3130, #5890 ),
 .UNSPECIFIED., .F., .F.,
 ( 4, 2, 2, 2, 2, 2, 2, 4 ),
 ( 4.818711198530449181E-07, 0.0008765200830206114260, 0.001314539188970989883, 0.001752558294921368340, 0.002190577400871746364, 0.002628596506822125038, 0.003066615612772503278, 0.003504634718722881952 ),
 .UNSPECIFIED. ) ;
#3272 = VERTEX_POINT ( 'NONE', #4454 ) ;
#3273 = CARTESIAN_POINT ( 'NONE',  ( 68.33253412545245453, -4.991957775359347593, -0.008042224640653525616 ) ) ;
#3274 = CARTESIAN_POINT ( 'NONE',  ( 111.8994018660066985, -4.935956332723948847, -0.06404366727605215193 ) ) ;
#3275 = TOROIDAL_SURFACE ( 'NONE', #3404, 1.000000000000000000, 4.000000000000001776 ) ;
#3276 = ADVANCED_FACE ( 'NONE', ( #2560 ), #6839, .F. ) ;
#3277 = DIRECTION ( 'NONE',  ( 0.000000000000000000, 0.000000000000000000, -1.000000000000000000 ) ) ;
#3278 = CARTESIAN_POINT ( 'NONE',  ( 37.03423771780833107, -4.739198801696361762, 0.2608011983036376824 ) ) ;
#3279 = DIRECTION ( 'NONE',  ( 0.000000000000000000, 0.000000000000000000, 1.000000000000000000 ) ) ;
#3280 = DIRECTION ( 'NONE',  ( 0.000000000000000000, 0.000000000000000000, 1.000000000000000000 ) ) ;
#3281 = ORIENTED_EDGE ( 'NONE', *, *, #7130, .F. ) ;
#3282 = CARTESIAN_POINT ( 'NONE',  ( 0.000000000000000000, 0.000000000000000000, 1.000000000000000000 ) ) ;
#3283 = CARTESIAN_POINT ( 'NONE',  ( 31.50000000000000000, 0.000000000000000000, 0.000000000000000000 ) ) ;
#3284 = EDGE_CURVE ( 'NONE', #5930, #7561, #668, .T. ) ;
#3285 = ORIENTED_EDGE ( 'NONE', *, *, #5769, .T. ) ;
#3286 = CARTESIAN_POINT ( 'NONE',  ( 98.87499999999998579, -3.671958834454324805, -1.328041165545675195 ) ) ;
#3287 = CARTESIAN_POINT ( 'NONE',  ( 31.13240203053986122, -4.872131520502873236, -0.1278684794971265415 ) ) ;
#3288 = CARTESIAN_POINT ( 'NONE',  ( 16.64877465030177817, -4.041784260362671688, 0.9582157396373283120 ) ) ;
#3289 = CIRCLE ( 'NONE', #6132, 3.904737509655564320 ) ;
#3290 = CARTESIAN_POINT ( 'NONE',  ( 73.83253412545244032, -4.991957775359345817, -0.008042224640654653187 ) ) ;
#3291 = CIRCLE ( 'NONE', #3869, 3.904737509655562544 ) ;
#3292 = VERTEX_POINT ( 'NONE', #2422 ) ;
#3293 = DIRECTION ( 'NONE',  ( -1.000000000000000000, -0.000000000000000000, -0.000000000000000000 ) ) ;
#3294 = CARTESIAN_POINT ( 'NONE',  ( 94.01880044884222798, -4.366408635911685820, 0.6335913640883145126 ) ) ;
#3295 = DIRECTION ( 'NONE',  ( 0.000000000000000000, 0.000000000000000000, 1.000000000000000000 ) ) ;
#3296 = CARTESIAN_POINT ( 'NONE',  ( 63.42125362938303113, -4.991698401479152558, -0.008301598520846848600 ) ) ;
#3297 = CARTESIAN_POINT ( 'NONE',  ( 101.6250000000000000, 0.000000000000000000, 0.000000000000000000 ) ) ;
#3298 = CARTESIAN_POINT ( 'NONE',  ( 107.1249999999997868, 2.819526785428872190E-13, 5.000000000000282441 ) ) ;
#3299 = ORIENTED_EDGE ( 'NONE', *, *, #4849, .T. ) ;
#3300 = DIRECTION ( 'NONE',  ( -1.000000000000000000, -0.000000000000000000, -0.000000000000000000 ) ) ;
#3301 = DIRECTION ( 'NONE',  ( 0.000000000000000000, -1.000000000000000000, 0.000000000000000000 ) ) ;
#3302 = DIRECTION ( 'NONE',  ( -0.000000000000000000, 1.000000000000000000, 1.224646799147353207E-16 ) ) ;
#3303 = FACE_OUTER_BOUND ( 'NONE', #6240, .T. ) ;
#3304 = EDGE_CURVE ( 'NONE', #1607, #7061, #5678, .T. ) ;
#3305 = ADVANCED_FACE ( 'NONE', ( #1170 ), #6552, .T. ) ;
#3306 = ORIENTED_EDGE ( 'NONE', *, *, #5051, .F. ) ;
#3307 = VERTEX_POINT ( 'NONE', #3239 ) ;
#3308 = CARTESIAN_POINT ( 'NONE',  ( 103.5117275769369058, -4.502552532146813391, 0.4974474678531853877 ) ) ;
#3309 = CARTESIAN_POINT ( 'NONE',  ( 32.87500000000000000, -1.328041165545665425, -3.671958834454334575 ) ) ;
#3310 = DIRECTION ( 'NONE',  ( 0.000000000000000000, -1.000000000000000000, 0.000000000000000000 ) ) ;
#3311 = CARTESIAN_POINT ( 'NONE',  ( 87.87500000000000000, -3.671958834454344345, 1.328041165545655877 ) ) ;
#3312 = CARTESIAN_POINT ( 'NONE',  ( 104.4962162207972654, -1.136863993905388392, 3.863136006094611385 ) ) ;
#3313 = FACE_OUTER_BOUND ( 'NONE', #8395, .T. ) ;
#3314 = ORIENTED_EDGE ( 'NONE', *, *, #5218, .F. ) ;
#3315 = EDGE_CURVE ( 'NONE', #2087, #1717, #394, .T. ) ;
#3316 = CARTESIAN_POINT ( 'NONE',  ( 25.35334765086501818, -4.935408751168100849, -0.06459124883190002497 ) ) ;
#3317 = DIRECTION ( 'NONE',  ( -1.000000000000000000, -0.000000000000000000, -0.000000000000000000 ) ) ;
#3318 = CARTESIAN_POINT ( 'NONE',  ( 94.02374954628649562, -0.6401341107417667375, -4.359865889258233373 ) ) ;
#3319 = EDGE_LOOP ( 'NONE', ( #845, #4260, #7696, #708 ) ) ;
#3320 = CARTESIAN_POINT ( 'NONE',  ( 71.25378377920365836, -3.863136006093112584, 1.136863993906888082 ) ) ;
#3321 = CARTESIAN_POINT ( 'NONE',  ( 30.85334765084383690, -4.935408751172117192, -0.06459124882788311317 ) ) ;
#3322 = CARTESIAN_POINT ( 'NONE',  ( 10.87500000000000000, -1.328041165545663871, -3.671958834454336351 ) ) ;
#3323 = ADVANCED_FACE ( 'NONE', ( #7257 ), #6098, .T. ) ;
#3324 = DIRECTION ( 'NONE',  ( 0.000000000000000000, 0.000000000000000000, 1.000000000000000000 ) ) ;
#3325 = CARTESIAN_POINT ( 'NONE',  ( 42.27046193742614122, -4.832344906983798261, -0.1676550930162034880 ) ) ;
#3326 = CARTESIAN_POINT ( 'NONE',  ( 90.91746587457268447, -0.008042224642539931578, -4.991957775357460214 ) ) ;
#3327 = CARTESIAN_POINT ( 'NONE',  ( 123.3287483383676317, -4.999999999999998224, -1.566587435946827885E-15 ) ) ;
#3328 = TOROIDAL_SURFACE ( 'NONE', #7332, 1.000000000000000000, 4.000000000000000000 ) ;
#3329 = DIRECTION ( 'NONE',  ( 0.000000000000000000, 0.000000000000000000, 1.000000000000000000 ) ) ;
#3330 = CARTESIAN_POINT ( 'NONE',  ( 82.10122534970066965, -0.9582157396401881355, -4.041784260359812642 ) ) ;
#3331 = EDGE_CURVE ( 'NONE', #1282, #6915, #8478, .T. ) ;
#3332 = CIRCLE ( 'NONE', #5048, 3.904737509655565653 ) ;
#3333 = DIRECTION ( 'NONE',  ( -1.000000000000000000, -0.000000000000000000, -0.000000000000000000 ) ) ;
#3334 = CARTESIAN_POINT ( 'NONE',  ( 38.92277126958471456, -0.7176137099602841740, -4.282386290039715604 ) ) ;
#3335 = DIRECTION ( 'NONE',  ( -1.000000000000000000, -0.000000000000000000, -0.000000000000000000 ) ) ;
#3336 = VERTEX_POINT ( 'NONE', #4582 ) ;
#3337 = VERTEX_POINT ( 'NONE', #3060 ) ;
#3338 = DIRECTION ( 'NONE',  ( 0.000000000000000000, 0.000000000000000000, 1.000000000000000000 ) ) ;
#3339 = CARTESIAN_POINT ( 'NONE',  ( 35.92125362938286770, -4.991698401479167657, -0.008301598520832410497 ) ) ;
#3340 = DIRECTION ( 'NONE',  ( 0.000000000000000000, 0.000000000000000000, 1.000000000000000000 ) ) ;
#3341 = CARTESIAN_POINT ( 'NONE',  ( 81.03383637236984782, -0.2517800035653028345, 4.748219996434696277 ) ) ;
#3342 = AXIS2_PLACEMENT_3D ( 'NONE', #8351, #7604, #4127 ) ;
#3343 = DIRECTION ( 'NONE',  ( 0.000000000000000000, 0.000000000000000000, 1.000000000000000000 ) ) ;
#3344 = ORIENTED_EDGE ( 'NONE', *, *, #1789, .T. ) ;
#3345 = CARTESIAN_POINT ( 'NONE',  ( 0.000000000000000000, 0.000000000000000000, 1.000000000000000000 ) ) ;
#3347 = CARTESIAN_POINT ( 'NONE',  ( 32.87500000000000000, -1.328041165545665425, 3.671958834454334575 ) ) ;
#3346 = AXIS2_PLACEMENT_3D ( 'NONE', #1008, #7846, #1723 ) ;
#3348 = CARTESIAN_POINT ( 'NONE',  ( 50.97953806259081233, -0.1676550930109052817, 4.832344906989094468 ) ) ;
#3349 = CARTESIAN_POINT ( 'NONE',  ( 34.89940186600652083, -4.935956332723922202, -0.06404366727607935239 ) ) ;
#3350 = ORIENTED_EDGE ( 'NONE', *, *, #5821, .F. ) ;
#3351 = EDGE_CURVE ( 'NONE', #1982, #4067, #5385, .T. ) ;
#3352 = CARTESIAN_POINT ( 'NONE',  ( 106.1175979694599647, -0.1278684794971783889, 4.872131520502821722 ) ) ;
#3353 = DIRECTION ( 'NONE',  ( 0.000000000000000000, 0.000000000000000000, 1.000000000000000000 ) ) ;
#3354 = ORIENTED_EDGE ( 'NONE', *, *, #6751, .F. ) ;
#3355 = CARTESIAN_POINT ( 'NONE',  ( 60.37500000000000000, 0.000000000000000000, 0.000000000000000000 ) ) ;
#3356 = DIRECTION ( 'NONE',  ( 0.000000000000000000, 0.000000000000000000, 1.000000000000000000 ) ) ;
#3357 = CARTESIAN_POINT ( 'NONE',  ( 93.64736572063975473, -0.9599107665869607287, -4.040089233413039160 ) ) ;
#3358 = CIRCLE ( 'NONE', #3230, 1.374999999999994227 ) ;
#3359 = ORIENTED_EDGE ( 'NONE', *, *, #8204, .T. ) ;
#3360 = EDGE_CURVE ( 'NONE', #6079, #3899, #6989, .T. ) ;
#3361 = CARTESIAN_POINT ( 'NONE',  ( 69.77046193742626201, -4.832344906983752075, 0.1676550930162465924 ) ) ;
#3362 = CARTESIAN_POINT ( 'NONE',  ( 22.73827242307173790, -0.4974474678478686407, -4.502552532152132692 ) ) ;
#3363 = DIRECTION ( 'NONE',  ( 0.000000000000000000, 0.000000000000000000, -1.000000000000000000 ) ) ;
#3364 = AXIS2_PLACEMENT_3D ( 'NONE', #5584, #2863, #2316 ) ;
#3365 = CIRCLE ( 'NONE', #4648, 1.000000000000000000 ) ;
#3366 = AXIS2_PLACEMENT_3D ( 'NONE', #5336, #2698, #2652 ) ;
#3367 = FACE_OUTER_BOUND ( 'NONE', #3552, .T. ) ;
#3368 = CARTESIAN_POINT ( 'NONE',  ( 107.4174658745726703, -0.008042224642539366058, -4.991957775357460214 ) ) ;
#3369 = DIRECTION ( 'NONE',  ( -1.000000000000000000, -0.000000000000000000, -0.000000000000000000 ) ) ;
#3370 = EDGE_CURVE ( 'NONE', #8682, #7426, #8820, .T. ) ;
#3371 = CARTESIAN_POINT ( 'NONE',  ( 121.8543401061886300, -4.569376863670167488, -0.4306231363298317349 ) ) ;
#3372 = FACE_OUTER_BOUND ( 'NONE', #7935, .T. ) ;
#3373 = DIRECTION ( 'NONE',  ( -1.000000000000000000, -0.000000000000000000, -0.000000000000000000 ) ) ;
#3374 = CARTESIAN_POINT ( 'NONE',  ( 115.3749999999999858, -3.671958834454344345, 1.328041165545655877 ) ) ;
#3375 = CARTESIAN_POINT ( 'NONE',  ( 31.53423771779433693, -4.739198801702004360, 0.2608011982979971388 ) ) ;
#3376 = VERTEX_POINT ( 'NONE', #79 ) ;
#3377 = CARTESIAN_POINT ( 'NONE',  ( 11.51880044884222976, -4.366408635911676939, -0.6335913640883241715 ) ) ;
#3378 = ORIENTED_EDGE ( 'NONE', *, *, #2201, .F. ) ;
#3379 = EDGE_CURVE ( 'NONE', #2047, #2864, #8102, .T. ) ;
#3380 = ORIENTED_EDGE ( 'NONE', *, *, #3652, .T. ) ;
#3381 = CARTESIAN_POINT ( 'NONE',  ( 88.52374954628648140, -0.6401341107417557463, -4.359865889258245808 ) ) ;
#3382 = VECTOR ( 'NONE', #3853, 1000.000000000000000 ) ;
#3383 = CARTESIAN_POINT ( 'NONE',  ( 68.62499999999998579, 0.000000000000000000, 0.000000000000000000 ) ) ;
#3384 = DIRECTION ( 'NONE',  ( -0.000000000000000000, 1.000000000000000000, 1.224646799147353207E-16 ) ) ;
#3385 = CIRCLE ( 'NONE', #5670, 3.904737509655568761 ) ;
#3386 = CIRCLE ( 'NONE', #239, 3.904737509655562544 ) ;
#3387 = ORIENTED_EDGE ( 'NONE', *, *, #4697, .F. ) ;
#3388 = ORIENTED_EDGE ( 'NONE', *, *, #3010, .F. ) ;
#3389 = CARTESIAN_POINT ( 'NONE',  ( 107.1250000000000000, 1.224646799147353207E-16, -1.000000000000000000 ) ) ;
#3390 = CARTESIAN_POINT ( 'NONE',  ( 64.13240203055839572, -4.872131520497879009, 0.1278684795021211851 ) ) ;
#3391 = VERTEX_POINT ( 'NONE', #7592 ) ;
#3392 = AXIS2_PLACEMENT_3D ( 'NONE', #2776, #4788, #1965 ) ;
#3393 = EDGE_CURVE ( 'NONE', #1031, #2775, #1863, .T. ) ;
#3394 = DIRECTION ( 'NONE',  ( -1.000000000000000000, -0.000000000000000000, -0.000000000000000000 ) ) ;
#3395 = B_SPLINE_CURVE_WITH_KNOTS ( 'NONE', 3,
 ( #5808, #3007, #4310, #2322, #5056, #887, #8531, #2410, #6353, #7774, #5147, #216 ),
 .UNSPECIFIED., .F., .F.,
 ( 4, 2, 2, 2, 2, 4 ),
 ( 0.003504634718750216857, 0.003941423334025103906, 0.004378211949299990087, 0.005251789179849764184, 0.006125366410399537415, 0.006998943640949311512 ),
 .UNSPECIFIED. ) ;
#3396 = CARTESIAN_POINT ( 'NONE',  ( 41.12500000002778933, -5.000000000000000888, -4.336808689942017736E-16 ) ) ;
#3397 = CARTESIAN_POINT ( 'NONE',  ( 34.47821941570027349, -4.840676868225190610, -0.1593231317748086406 ) ) ;
#3398 = AXIS2_PLACEMENT_3D ( 'NONE', #8248, #125, #6120 ) ;
#3399 = CARTESIAN_POINT ( 'NONE',  ( 82.37499999999998579, -3.671958834454344345, 1.328041165545655877 ) ) ;
#3400 = DIRECTION ( 'NONE',  ( -1.000000000000000000, -0.000000000000000000, -0.000000000000000000 ) ) ;
#3401 = ORIENTED_EDGE ( 'NONE', *, *, #4643, .F. ) ;
#3402 = CIRCLE ( 'NONE', #4267, 3.904737509655563876 ) ;
#3403 = AXIS2_PLACEMENT_3D ( 'NONE', #6223, #3553, #5019 ) ;
#3404 = AXIS2_PLACEMENT_3D ( 'NONE', #2760, #1463, #8291 ) ;
#3405 = DIRECTION ( 'NONE',  ( 0.000000000000000000, 0.000000000000000000, -1.000000000000000000 ) ) ;
#3406 = DIRECTION ( 'NONE',  ( -1.000000000000000000, -0.000000000000000000, -0.000000000000000000 ) ) ;
#3407 = AXIS2_PLACEMENT_3D ( 'NONE', #5974, #8012, #7361 ) ;
#3408 = CARTESIAN_POINT ( 'NONE',  ( 13.62500000000000000, 0.000000000000000000, 1.000000000000000000 ) ) ;
#3409 = ORIENTED_EDGE ( 'NONE', *, *, #3889, .F. ) ;
#3410 = CARTESIAN_POINT ( 'NONE',  ( 68.92125362938305955, -4.991698401479152558, 0.008301598520847820045 ) ) ;
#3411 = CARTESIAN_POINT ( 'NONE',  ( 98.99621622079730798, -1.136863993905387282, 3.863136006094611830 ) ) ;
#3412 = DIRECTION ( 'NONE',  ( 0.000000000000000000, -1.224646799147353207E-16, 1.000000000000000000 ) ) ;
#3413 = B_SPLINE_CURVE_WITH_KNOTS ( 'NONE', 3,
 ( #3374, #8813, #4755, #6683, #11, #4803, #3468, #6186, #2792, #4448, #275, #3732, #3602, #2917, #4221, #8444 ),
 .UNSPECIFIED., .F., .F.,
 ( 4, 2, 2, 2, 2, 2, 2, 4 ),
 ( 4.818711198676053086E-07, 0.0008765200830205893082, 0.001314539188970937841, 0.001752558294921286374, 0.002190577400871635775, 0.002628596506821983658, 0.003066615612772332407, 0.003504634718722680724 ),
 .UNSPECIFIED. ) ;
#3414 = EDGE_CURVE ( 'NONE', #7561, #5930, #6536, .T. ) ;
#3415 = EDGE_CURVE ( 'NONE', #1548, #4956, #3854, .T. ) ;
#3416 = CARTESIAN_POINT ( 'NONE',  ( 21.87500000000000000, -1.328041165545665425, -3.671958834454335019 ) ) ;
#3417 = CIRCLE ( 'NONE', #1837, 1.000000000000000000 ) ;
#3418 = CARTESIAN_POINT ( 'NONE',  ( 109.6012253497006697, -0.9582157396401881355, -4.041784260359812642 ) ) ;
#3419 = CYLINDRICAL_SURFACE ( 'NONE', #7950, 1.000000000000000000 ) ;
#3420 = CARTESIAN_POINT ( 'NONE',  ( 121.5251613215527158, -4.360868809976705229, -0.6391311900232947707 ) ) ;
#3421 = DIRECTION ( 'NONE',  ( -1.000000000000000000, -0.000000000000000000, -0.000000000000000000 ) ) ;
#3422 = FACE_OUTER_BOUND ( 'NONE', #3140, .T. ) ;
#3423 = TOROIDAL_SURFACE ( 'NONE', #1268, 1.000000000000000000, 3.999999999999999112 ) ;
#3424 = ADVANCED_FACE ( 'NONE', ( #4619 ), #3950, .F. ) ;
#3425 = DIRECTION ( 'NONE',  ( -1.000000000000000000, -0.000000000000000000, -0.000000000000000000 ) ) ;
#3426 = DIRECTION ( 'NONE',  ( -0.000000000000000000, 1.000000000000000000, 1.224646799147353207E-16 ) ) ;
#3427 = CARTESIAN_POINT ( 'NONE',  ( 0.000000000000000000, 0.000000000000000000, 0.000000000000000000 ) ) ;
#3428 = DIRECTION ( 'NONE',  ( 0.000000000000000000, 0.000000000000000000, 1.000000000000000000 ) ) ;
#3429 = ORIENTED_EDGE ( 'NONE', *, *, #5596, .T. ) ;
#3430 = ORIENTED_EDGE ( 'NONE', *, *, #405, .T. ) ;
#3431 = CARTESIAN_POINT ( 'NONE',  ( 87.99621622079726535, -1.136863993905368853, -3.863136006094630925 ) ) ;
#3432 = CARTESIAN_POINT ( 'NONE',  ( 109.9962162207972796, -1.136863993905379955, 3.863136006094618935 ) ) ;
#3433 = DIRECTION ( 'NONE',  ( 0.000000000000000000, 0.000000000000000000, 1.000000000000000000 ) ) ;
#3434 = FACE_OUTER_BOUND ( 'NONE', #1125, .T. ) ;
#3435 = CARTESIAN_POINT ( 'NONE',  ( 95.54368978649830524, -4.960065625086348184, -0.03993437491365268988 ) ) ;
#3436 = ADVANCED_FACE ( 'NONE', ( #8149 ), #4989, .T. ) ;
#3437 = ORIENTED_EDGE ( 'NONE', *, *, #1074, .F. ) ;
#3438 = VERTEX_POINT ( 'NONE', #2860 ) ;
#3439 = DIRECTION ( 'NONE',  ( 0.000000000000000000, 0.000000000000000000, 1.000000000000000000 ) ) ;
#3440 = CARTESIAN_POINT ( 'NONE',  ( 63.12500000002798117, -5.000000000000000888, -4.336808689942017736E-16 ) ) ;
#3441 = VERTEX_POINT ( 'NONE', #646 ) ;
#3442 = CARTESIAN_POINT ( 'NONE',  ( 30.12499999999979039, 2.863123587767663280E-13, 5.000000000000285993 ) ) ;
#3443 = DIRECTION ( 'NONE',  ( -1.000000000000000000, -0.000000000000000000, -0.000000000000000000 ) ) ;
#3444 = CARTESIAN_POINT ( 'NONE',  ( 117.8287463706422784, -0.008301598518918535188, 4.991698401481082570 ) ) ;
#3445 = CARTESIAN_POINT ( 'NONE',  ( 18.83253412545231953, -4.991957775359338711, -0.008042224640661524426 ) ) ;
#3446 = CARTESIAN_POINT ( 'NONE',  ( 123.6249999999999858, 0.000000000000000000, 0.000000000000000000 ) ) ;
#3447 = ORIENTED_EDGE ( 'NONE', *, *, #3912, .F. ) ;
#3448 = EDGE_CURVE ( 'NONE', #7407, #211, #8379, .T. ) ;
#3449 = ORIENTED_EDGE ( 'NONE', *, *, #9, .T. ) ;
#3450 = CARTESIAN_POINT ( 'NONE',  ( 27.25378377920365480, -3.863136006093128128, -1.136863993906871206 ) ) ;
#3451 = CARTESIAN_POINT ( 'NONE',  ( 48.00000000000000000, 0.000000000000000000, 0.000000000000000000 ) ) ;
#3452 = EDGE_LOOP ( 'NONE', ( #974, #5052, #7804, #1293, #7134, #5947 ) ) ;
#3453 = DIRECTION ( 'NONE',  ( 0.000000000000000000, 0.000000000000000000, -1.000000000000000000 ) ) ;
#3454 = ORIENTED_EDGE ( 'NONE', *, *, #8752, .T. ) ;
#3455 = CARTESIAN_POINT ( 'NONE',  ( 53.27178058431636032, -0.1593231317801528935, 4.840676868219846440 ) ) ;
#3456 = DIRECTION ( 'NONE',  ( 0.000000000000000000, 0.000000000000000000, 1.000000000000000000 ) ) ;
#3457 = FACE_OUTER_BOUND ( 'NONE', #2679, .T. ) ;
#3458 = FACE_OUTER_BOUND ( 'NONE', #1414, .T. ) ;
#3459 = FACE_OUTER_BOUND ( 'NONE', #3658, .T. ) ;
#3460 = CARTESIAN_POINT ( 'NONE',  ( 43.60263427936256875, -4.040089233410290248, -0.9599107665897105290 ) ) ;
#3461 = CARTESIAN_POINT ( 'NONE',  ( 93.37499999999998579, -1.328041165545675195, -3.671958834454324805 ) ) ;
#3462 = DIRECTION ( 'NONE',  ( 0.000000000000000000, 0.000000000000000000, 1.000000000000000000 ) ) ;
#3463 = EDGE_CURVE ( 'NONE', #8322, #347, #5072, .T. ) ;
#3464 = CARTESIAN_POINT ( 'NONE',  ( 8.272257207913867205, -4.999999999998974154, -1.025576692865424915E-12 ) ) ;
#3465 = DIRECTION ( 'NONE',  ( 0.000000000000000000, 0.000000000000000000, 1.000000000000000000 ) ) ;
#3466 = EDGE_CURVE ( 'NONE', #5012, #2748, #248, .T. ) ;
#3467 = CARTESIAN_POINT ( 'NONE',  ( 24.33253412545236571, -4.991957775359342264, 0.008042224640657050574 ) ) ;
#3468 = CARTESIAN_POINT ( 'NONE',  ( 114.3984262372402441, -4.567820679626467317, 0.4321793203735330158 ) ) ;
#3469 = DIRECTION ( 'NONE',  ( 0.000000000000000000, 0.000000000000000000, 1.000000000000000000 ) ) ;
#3470 = EDGE_LOOP ( 'NONE', ( #6339, #1276, #4150 ) ) ;
#3471 = DIRECTION ( 'NONE',  ( 0.000000000000000000, 0.000000000000000000, 1.000000000000000000 ) ) ;
#3472 = ORIENTED_EDGE ( 'NONE', *, *, #8289, .T. ) ;
#3473 = ORIENTED_EDGE ( 'NONE', *, *, #6655, .T. ) ;
#3474 = CARTESIAN_POINT ( 'NONE',  ( 15.51876480693205096, -0.4915337874217331482, 4.508466212578265520 ) ) ;
#3475 = CARTESIAN_POINT ( 'NONE',  ( 109.8749999999999858, -1.328041165545655877, 3.671958834454344345 ) ) ;
#3476 = CARTESIAN_POINT ( 'NONE',  ( 8.125000000000000000, 1.224646799147353207E-16, -1.000000000000000000 ) ) ;
#3477 = EDGE_CURVE ( 'NONE', #4054, #8318, #1390, .T. ) ;
#3478 = CARTESIAN_POINT ( 'NONE',  ( 119.6596786877705370, -4.686141179195655759, 0.3138588208043440742 ) ) ;
#3479 = FACE_OUTER_BOUND ( 'NONE', #7597, .T. ) ;
#3480 = AXIS2_PLACEMENT_3D ( 'NONE', #652, #2768, #7553 ) ;
#3481 = ORIENTED_EDGE ( 'NONE', *, *, #5466, .F. ) ;
#3482 = ORIENTED_EDGE ( 'NONE', *, *, #7775, .F. ) ;
#3483 = CARTESIAN_POINT ( 'NONE',  ( 96.12499999999998579, 0.000000000000000000, 1.000000000000000000 ) ) ;
#3484 = DIRECTION ( 'NONE',  ( 0.000000000000000000, 0.000000000000000000, 1.000000000000000000 ) ) ;
#3485 = VERTEX_POINT ( 'NONE', #7548 ) ;
#3486 = CARTESIAN_POINT ( 'NONE',  ( 9.659678687770485439, -4.686141179195687734, 0.3138588208043124883 ) ) ;
#3487 = CARTESIAN_POINT ( 'NONE',  ( 86.50000000000000000, 0.000000000000000000, 0.000000000000000000 ) ) ;
#3488 = AXIS2_PLACEMENT_3D ( 'NONE', #760, #3502, #663 ) ;
#3489 = CARTESIAN_POINT ( 'NONE',  ( 116.0237495462864814, -0.6401341107417557463, 4.359865889258244920 ) ) ;
#3490 = EDGE_CURVE ( 'NONE', #4956, #4268, #2542, .T. ) ;
#3491 = CARTESIAN_POINT ( 'NONE',  ( 58.63240203055824651, -4.872131520497916313, -0.1278684795020846032 ) ) ;
#3492 = DIRECTION ( 'NONE',  ( 0.000000000000000000, 0.000000000000000000, 1.000000000000000000 ) ) ;
#3493 = ORIENTED_EDGE ( 'NONE', *, *, #8361, .T. ) ;
#3494 = VECTOR ( 'NONE', #1713, 1000.000000000000000 ) ;
#3495 = ORIENTED_EDGE ( 'NONE', *, *, #6780, .F. ) ;
#3496 = CARTESIAN_POINT ( 'NONE',  ( 101.6250000000000000, 0.000000000000000000, 0.000000000000000000 ) ) ;
#3497 = DIRECTION ( 'NONE',  ( 0.000000000000000000, 0.000000000000000000, 1.000000000000000000 ) ) ;
#3498 = CARTESIAN_POINT ( 'NONE',  ( 38.37499999999999289, 0.000000000000000000, 0.000000000000000000 ) ) ;
#3499 = ORIENTED_EDGE ( 'NONE', *, *, #6165, .F. ) ;
#3500 = EDGE_CURVE ( 'NONE', #1717, #2087, #3696, .T. ) ;
#3501 = DIRECTION ( 'NONE',  ( 0.000000000000000000, -1.000000000000000000, 0.000000000000000000 ) ) ;
#3502 = DIRECTION ( 'NONE',  ( -1.000000000000000000, -0.000000000000000000, -0.000000000000000000 ) ) ;
#3503 = DIRECTION ( 'NONE',  ( 0.000000000000000000, -1.000000000000000000, 0.000000000000000000 ) ) ;
#3504 = CARTESIAN_POINT ( 'NONE',  ( 93.37499999999998579, -3.671958834454324805, 1.328041165545675195 ) ) ;
#3505 = CARTESIAN_POINT ( 'NONE',  ( 65.87499999999998579, -1.328041165545668534, -3.671958834454331466 ) ) ;
#3506 = DIRECTION ( 'NONE',  ( 0.000000000000000000, 0.000000000000000000, 1.000000000000000000 ) ) ;
#3507 = CARTESIAN_POINT ( 'NONE',  ( 37.51876480693205451, -0.4915337874217333147, -4.508466212578267296 ) ) ;
#3508 = AXIS2_PLACEMENT_3D ( 'NONE', #1192, #4477, #5273 ) ;
#3509 = AXIS2_PLACEMENT_3D ( 'NONE', #685, #8097, #1355 ) ;
#3510 = CARTESIAN_POINT ( 'NONE',  ( 111.8994018660066985, -4.935956332723948847, 0.06404366727605205478 ) ) ;
#3511 = LINE ( 'NONE', #5561, #1786 ) ;
#3512 = AXIS2_PLACEMENT_3D ( 'NONE', #2488, #7282, #6596 ) ;
#3513 = B_SPLINE_CURVE_WITH_KNOTS ( 'NONE', 3,
 ( #8537, #6485, #3764, #3231, #406, #7903, #1742, #7199, #354, #8484, #8619, #2413, #2367, #2502 ),
 .UNSPECIFIED., .F., .F.,
 ( 4, 2, 2, 2, 2, 2, 4 ),
 ( 4.583718812323735779E-07, 0.0009012731755029527352, 0.001351680577313812276, 0.001802087979124671708, 0.002252495380935531141, 0.002702902782746389055, 0.003603717586368104450 ),
 .UNSPECIFIED. ) ;
#3514 = CARTESIAN_POINT ( 'NONE',  ( 15.51172757693693782, -4.502552532146839148, -0.4974474678531607408 ) ) ;
#3515 = AXIS2_PLACEMENT_3D ( 'NONE', #8796, #6131, #6083 ) ;
#3516 = TOROIDAL_SURFACE ( 'NONE', #4381, 1.000000000000000000, 1.375000000000001332 ) ;
#3517 = CARTESIAN_POINT ( 'NONE',  ( 110.1487746503018172, -4.041784260362685011, 0.9582157396373149894 ) ) ;
#3518 = ADVANCED_FACE ( 'NONE', ( #1639 ), #3978, .T. ) ;
#3519 = CARTESIAN_POINT ( 'NONE',  ( 108.5338363723698478, -0.2517800035653028345, 4.748219996434696277 ) ) ;
#3520 = ORIENTED_EDGE ( 'NONE', *, *, #8801, .T. ) ;
#3521 = CARTESIAN_POINT ( 'NONE',  ( 12.21616362764441632, -4.748219996440572466, -0.2517800035594289221 ) ) ;
#3522 = EDGE_LOOP ( 'NONE', ( #5904, #7818, #7849 ) ) ;
#3523 = ORIENTED_EDGE ( 'NONE', *, *, #3106, .F. ) ;
#3524 = DIRECTION ( 'NONE',  ( 0.000000000000000000, 0.000000000000000000, 1.000000000000000000 ) ) ;
#3525 = DIRECTION ( 'NONE',  ( 0.000000000000000000, 0.000000000000000000, 1.000000000000000000 ) ) ;
#3526 = CARTESIAN_POINT ( 'NONE',  ( 10.60122534970068209, -0.9582157396401925764, -4.041784260359809089 ) ) ;
#3527 = CARTESIAN_POINT ( 'NONE',  ( 108.5342377177942979, -4.739198801701999031, 0.2608011982979998034 ) ) ;
#3528 = CARTESIAN_POINT ( 'NONE',  ( 24.91746587457269513, -0.008042224642536959997, -4.991957775357462879 ) ) ;
#3529 = ADVANCED_FACE ( 'NONE', ( #6440 ), #3121, .T. ) ;
#3530 = ORIENTED_EDGE ( 'NONE', *, *, #1383, .F. ) ;
#3531 = EDGE_CURVE ( 'NONE', #4599, #2796, #8092, .T. ) ;
#3532 = DIRECTION ( 'NONE',  ( -0.000000000000000000, 1.000000000000000000, 1.224646799147353207E-16 ) ) ;
#3533 = CARTESIAN_POINT ( 'NONE',  ( 5.081399495796014243, -4.045279225846909910, -0.9547207741530910896 ) ) ;
#3534 = ORIENTED_EDGE ( 'NONE', *, *, #1580, .T. ) ;
#3535 = ORIENTED_EDGE ( 'NONE', *, *, #4123, .F. ) ;
#3536 = CARTESIAN_POINT ( 'NONE',  ( 15.73119955116402124, -0.6335913640930929125, -4.366408635906909197 ) ) ;
#3537 = DIRECTION ( 'NONE',  ( 0.000000000000000000, 0.000000000000000000, 1.000000000000000000 ) ) ;
#3538 = CARTESIAN_POINT ( 'NONE',  ( 87.01172757693696269, -4.502552532146823161, 0.4974474678531770055 ) ) ;
#3539 = LINE ( 'NONE', #1005, #1418 ) ;
#3540 = CARTESIAN_POINT ( 'NONE',  ( 35.32874637064227841, -0.008301598518915940042, 4.991698401481083458 ) ) ;
#3541 = ORIENTED_EDGE ( 'NONE', *, *, #5218, .T. ) ;
#3542 = CIRCLE ( 'NONE', #7666, 3.904737509655563876 ) ;
#3543 = ORIENTED_EDGE ( 'NONE', *, *, #2147, .T. ) ;
#3544 = VERTEX_POINT ( 'NONE', #5800 ) ;
#3545 = ADVANCED_FACE ( 'NONE', ( #3079 ), #7394, .T. ) ;
#3546 = TOROIDAL_SURFACE ( 'NONE', #245, 1.000000000000000000, 3.999999999999999112 ) ;
#3547 = DIRECTION ( 'NONE',  ( 0.000000000000000000, -1.224646799147353207E-16, 1.000000000000000000 ) ) ;
#3548 = DIRECTION ( 'NONE',  ( -1.000000000000000000, -0.000000000000000000, -0.000000000000000000 ) ) ;
#3549 = VERTEX_POINT ( 'NONE', #3716 ) ;
#3550 = AXIS2_PLACEMENT_3D ( 'NONE', #3688, #225, #6230 ) ;
#3551 = CARTESIAN_POINT ( 'NONE',  ( 122.2204032727459264, -4.740996707076422290, 0.2590032929235778769 ) ) ;
#3552 = EDGE_LOOP ( 'NONE', ( #5228, #477, #6393 ) ) ;
#3553 = DIRECTION ( 'NONE',  ( -1.000000000000000000, -0.000000000000000000, -0.000000000000000000 ) ) ;
#3554 = DIRECTION ( 'NONE',  ( -1.000000000000000000, -0.000000000000000000, -0.000000000000000000 ) ) ;
#3555 = DIRECTION ( 'NONE',  ( -1.000000000000000000, -0.000000000000000000, -0.000000000000000000 ) ) ;
#3556 = CIRCLE ( 'NONE', #3975, 3.999999999999997335 ) ;
#3557 = AXIS2_PLACEMENT_3D ( 'NONE', #1769, #8730, #5270 ) ;
#3558 = TOROIDAL_SURFACE ( 'NONE', #8534, 1.000000000000000000, 4.000000000000001776 ) ;
#3559 = B_SPLINE_CURVE_WITH_KNOTS ( 'NONE', 3,
 ( #7628, #4244, #3528, #6338, #1413, #4149, #6961, #873, #6870, #830, #66, #5523 ),
 .UNSPECIFIED., .F., .F.,
 ( 4, 2, 2, 2, 2, 4 ),
 ( 0.003504634718750201244, 0.003941423334025086558, 0.004378211949299971872, 0.005251789179849742500, 0.006125366410399512261, 0.006998943640949282889 ),
 .UNSPECIFIED. ) ;
#3560 = EDGE_CURVE ( 'NONE', #5243, #4422, #533, .T. ) ;
#3561 = CARTESIAN_POINT ( 'NONE',  ( 92.82722873042057188, -4.282386290035391063, 0.7176137099646090478 ) ) ;
#3562 = TOROIDAL_SURFACE ( 'NONE', #8382, 1.000000000000000000, 4.000000000000000000 ) ;
#3563 = DIRECTION ( 'NONE',  ( 0.000000000000000000, -1.000000000000000000, 0.000000000000000000 ) ) ;
#3564 = CARTESIAN_POINT ( 'NONE',  ( 74.12500000002798117, -5.000000000000000888, -4.336808689942017736E-16 ) ) ;
#3565 = AXIS2_PLACEMENT_3D ( 'NONE', #4625, #8003, #2470 ) ;
#3566 = CARTESIAN_POINT ( 'NONE',  ( 101.6250000000279812, -5.000000000000000888, -4.336808689942017736E-16 ) ) ;
#3567 = B_SPLINE_CURVE_WITH_KNOTS ( 'NONE', 3,
 ( #272, #1613, #4928, #1478, #4402, #4357, #2370, #6409, #3730, #8304, #6278, #139 ),
 .UNSPECIFIED., .F., .F.,
 ( 4, 2, 2, 2, 2, 4 ),
 ( 0.003504634718722881952, 0.003941423334001180334, 0.004378211949279478717, 0.005251789179836074614, 0.006125366410392671379, 0.006998943640949267277 ),
 .UNSPECIFIED. ) ;
#3568 = CARTESIAN_POINT ( 'NONE',  ( 10.32722873042055589, -4.282386290035422149, -0.7176137099645785167 ) ) ;
#3569 = DIRECTION ( 'NONE',  ( 0.000000000000000000, -1.224646799147353207E-16, 1.000000000000000000 ) ) ;
#3570 = CARTESIAN_POINT ( 'NONE',  ( 14.63240203055832467, -4.872131520497896773, -0.1278684795021040876 ) ) ;
#3571 = VERTEX_POINT ( 'NONE', #2402 ) ;
#3572 = DIRECTION ( 'NONE',  ( 0.000000000000000000, 0.000000000000000000, 1.000000000000000000 ) ) ;
#3573 = DIRECTION ( 'NONE',  ( 0.000000000000000000, -1.224646799147353207E-16, 1.000000000000000000 ) ) ;
#3574 = EDGE_LOOP ( 'NONE', ( #174, #8368, #5806 ) ) ;
#3575 = DIRECTION ( 'NONE',  ( 0.000000000000000000, 0.000000000000000000, 1.000000000000000000 ) ) ;
#3576 = CARTESIAN_POINT ( 'NONE',  ( 63.12499999999998579, 0.000000000000000000, 1.000000000000000000 ) ) ;
#3577 = DIRECTION ( 'NONE',  ( -1.000000000000000000, -0.000000000000000000, -0.000000000000000000 ) ) ;
#3578 = CARTESIAN_POINT ( 'NONE',  ( 79.04368978649829103, -4.960065625086347296, -0.03993437491365357805 ) ) ;
#3579 = CARTESIAN_POINT ( 'NONE',  ( 69.20631021352424739, -0.03993437491703781539, -4.960065625082960672 ) ) ;
#3580 = AXIS2_PLACEMENT_3D ( 'NONE', #2985, #8463, #241 ) ;
#3581 = ORIENTED_EDGE ( 'NONE', *, *, #8510, .F. ) ;
#3582 = DIRECTION ( 'NONE',  ( 0.000000000000000000, 0.000000000000000000, 1.000000000000000000 ) ) ;
#3583 = CARTESIAN_POINT ( 'NONE',  ( 44.14736572063977604, -0.9599107665869506256, 4.040089233413050707 ) ) ;
#3584 = AXIS2_PLACEMENT_3D ( 'NONE', #1434, #5416, #576 ) ;
#3585 = CARTESIAN_POINT ( 'NONE',  ( 82.37499999999998579, -3.671958834454344345, -1.328041165545655877 ) ) ;
#3586 = DIRECTION ( 'NONE',  ( 0.000000000000000000, 0.000000000000000000, 1.000000000000000000 ) ) ;
#3587 = FACE_OUTER_BOUND ( 'NONE', #4945, .T. ) ;
#3588 = ADVANCED_FACE ( 'NONE', ( #8335 ), #6475, .F. ) ;
#3589 = FACE_OUTER_BOUND ( 'NONE', #5097, .T. ) ;
#3590 = ADVANCED_FACE ( 'NONE', ( #8471 ), #821, .T. ) ;
#3591 = EDGE_LOOP ( 'NONE', ( #1957, #4399, #3534, #5430 ) ) ;
#3592 = ORIENTED_EDGE ( 'NONE', *, *, #93, .T. ) ;
#3593 = DIRECTION ( 'NONE',  ( -1.000000000000000000, -0.000000000000000000, -0.000000000000000000 ) ) ;
#3594 = CARTESIAN_POINT ( 'NONE',  ( 96.12499999999978684, 2.819348912645851850E-13, -5.000000000000282441 ) ) ;
#3595 = ORIENTED_EDGE ( 'NONE', *, *, #5944, .F. ) ;
#3596 = CARTESIAN_POINT ( 'NONE',  ( 6.351573762769646692, -0.4321793203680420192, 4.567820679631958036 ) ) ;
#3597 = ORIENTED_EDGE ( 'NONE', *, *, #1286, .F. ) ;
#3598 = CARTESIAN_POINT ( 'NONE',  ( 71.37500000000000000, -3.671958834454324805, -1.328041165545675195 ) ) ;
#3599 = CARTESIAN_POINT ( 'NONE',  ( 68.62499999999998579, 0.000000000000000000, 0.000000000000000000 ) ) ;
#3600 = CARTESIAN_POINT ( 'NONE',  ( 71.37500000000000000, 4.781924292710285690E-16, -3.904737509655557659 ) ) ;
#3601 = ADVANCED_FACE ( 'NONE', ( #206 ), #7811, .F. ) ;
#3602 = CARTESIAN_POINT ( 'NONE',  ( 113.2111344834781193, -4.959369330381671048, 0.04063066961832845908 ) ) ;
#3603 = CYLINDRICAL_SURFACE ( 'NONE', #2028, 1.000000000000000000 ) ;
#3604 = CARTESIAN_POINT ( 'NONE',  ( 0.000000000000000000, 0.000000000000000000, 1.000000000000000000 ) ) ;
#3605 = CARTESIAN_POINT ( 'NONE',  ( 96.12499999999978684, 2.818544231345960265E-13, 5.000000000000282441 ) ) ;
#3606 = CARTESIAN_POINT ( 'NONE',  ( 38.10122534970068386, -0.9582157396401898009, -4.041784260359809977 ) ) ;
#3607 = CARTESIAN_POINT ( 'NONE',  ( 13.62500000000000000, 0.000000000000000000, 0.000000000000000000 ) ) ;
#3608 = DIRECTION ( 'NONE',  ( -1.000000000000000000, -0.000000000000000000, -0.000000000000000000 ) ) ;
#3609 = EDGE_CURVE ( 'NONE', #7407, #4438, #4433, .T. ) ;
#3610 = CYLINDRICAL_SURFACE ( 'NONE', #2683, 1.000000000000000000 ) ;
#3611 = DIRECTION ( 'NONE',  ( 0.000000000000000000, 0.000000000000000000, 1.000000000000000000 ) ) ;
#3612 = EDGE_LOOP ( 'NONE', ( #5470, #8611, #4962, #61 ) ) ;
#3613 = CARTESIAN_POINT ( 'NONE',  ( 114.7311995511640106, -0.6335913640930893598, 4.366408635906911861 ) ) ;
#3614 = FACE_OUTER_BOUND ( 'NONE', #2130, .T. ) ;
#3615 = CARTESIAN_POINT ( 'NONE',  ( 84.54368978649833366, -4.960065625086346408, -0.03993437491365127434 ) ) ;
#3616 = CARTESIAN_POINT ( 'NONE',  ( 48.00000000000000000, 0.000000000000000000, 1.000000000000000000 ) ) ;
#3617 = CARTESIAN_POINT ( 'NONE',  ( 30.12500000000000000, 1.224646799147353207E-16, -1.000000000000000000 ) ) ;
#3618 = ADVANCED_FACE ( 'NONE', ( #7682 ), #1564, .T. ) ;
#3619 = CARTESIAN_POINT ( 'NONE',  ( 46.62500000000000000, 1.224646799147353207E-16, -1.000000000000000000 ) ) ;
#3620 = CARTESIAN_POINT ( 'NONE',  ( 78.21616362764447672, -4.748219996440587565, -0.2517800035594121022 ) ) ;
#3621 = CARTESIAN_POINT ( 'NONE',  ( 70.03383637236984782, -0.2517800035653070534, -4.748219996434693613 ) ) ;
#3622 = ORIENTED_EDGE ( 'NONE', *, *, #2060, .T. ) ;
#3623 = CARTESIAN_POINT ( 'NONE',  ( 8.417465874572689799, -0.008042224642536793464, 4.991957775357461990 ) ) ;
#3624 = CARTESIAN_POINT ( 'NONE',  ( 46.47774279211275683, -7.907476079092495572E-15, 4.999999999999992895 ) ) ;
#3625 = CARTESIAN_POINT ( 'NONE',  ( 80.35334765086506081, -4.935408751168084862, -0.06459124883191545707 ) ) ;
#3626 = DIRECTION ( 'NONE',  ( 0.000000000000000000, 0.000000000000000000, 1.000000000000000000 ) ) ;
#3627 = CARTESIAN_POINT ( 'NONE',  ( 35.62500000000000000, 0.000000000000000000, 1.000000000000000000 ) ) ;
#3628 = AXIS2_PLACEMENT_3D ( 'NONE', #7021, #4190, #5473 ) ;
#3629 = CARTESIAN_POINT ( 'NONE',  ( 13.62500000000000000, 1.224646799147353207E-16, -1.000000000000000000 ) ) ;
#3630 = ORIENTED_EDGE ( 'NONE', *, *, #244, .F. ) ;
#3631 = ORIENTED_EDGE ( 'NONE', *, *, #6912, .T. ) ;
#3632 = ORIENTED_EDGE ( 'NONE', *, *, #3531, .T. ) ;
#3633 = ORIENTED_EDGE ( 'NONE', *, *, #772, .T. ) ;
#3634 = CARTESIAN_POINT ( 'NONE',  ( 92.39842623724025827, -4.567820679626460212, -0.4321793203735402322 ) ) ;
#3635 = AXIS2_PLACEMENT_3D ( 'NONE', #4750, #5603, #8316 ) ;
#3636 = CARTESIAN_POINT ( 'NONE',  ( 28.35157376276964314, -0.4321793203680389661, -4.567820679631959813 ) ) ;
#3637 = EDGE_CURVE ( 'NONE', #2383, #4067, #8231, .T. ) ;
#3638 = DIRECTION ( 'NONE',  ( 0.000000000000000000, 0.000000000000000000, -1.000000000000000000 ) ) ;
#3639 = ORIENTED_EDGE ( 'NONE', *, *, #4716, .F. ) ;
#3640 = DIRECTION ( 'NONE',  ( -1.000000000000000000, -0.000000000000000000, -0.000000000000000000 ) ) ;
#3641 = CARTESIAN_POINT ( 'NONE',  ( 96.85334765086508924, -4.935408751168083974, 0.06459124883191601219 ) ) ;
#3642 = DIRECTION ( 'NONE',  ( -1.000000000000000000, -0.000000000000000000, -0.000000000000000000 ) ) ;
#3643 = CIRCLE ( 'NONE', #905, 4.000000000000001776 ) ;
#3644 = CARTESIAN_POINT ( 'NONE',  ( 92.03423771780842344, -4.739198801696314689, 0.2608011983036852000 ) ) ;
#3645 = ADVANCED_FACE ( 'NONE', ( #6184 ), #2832, .F. ) ;
#3646 = CARTESIAN_POINT ( 'NONE',  ( 0.000000000000000000, 0.000000000000000000, 0.000000000000000000 ) ) ;
#3647 = DIRECTION ( 'NONE',  ( -1.000000000000000000, -0.000000000000000000, -0.000000000000000000 ) ) ;
#3648 = DIRECTION ( 'NONE',  ( -1.000000000000000000, -0.000000000000000000, -0.000000000000000000 ) ) ;
#3649 = CARTESIAN_POINT ( 'NONE',  ( 90.62499999999998579, 0.000000000000000000, 0.000000000000000000 ) ) ;
#3650 = CARTESIAN_POINT ( 'NONE',  ( 18.82874637064228551, -0.008301598518916658218, 4.991698401481084346 ) ) ;
#3651 = DIRECTION ( 'NONE',  ( -1.000000000000000000, -0.000000000000000000, -0.000000000000000000 ) ) ;
#3652 = EDGE_CURVE ( 'NONE', #4478, #5149, #2144, .T. ) ;
#3653 = EDGE_LOOP ( 'NONE', ( #4521, #6444, #5234 ) ) ;
#3654 = VECTOR ( 'NONE', #20, 1000.000000000000000 ) ;
#3655 = DIRECTION ( 'NONE',  ( -1.000000000000000000, -0.000000000000000000, -0.000000000000000000 ) ) ;
#3656 = AXIS2_PLACEMENT_3D ( 'NONE', #3170, #3892, #4563 ) ;
#3657 = VERTEX_POINT ( 'NONE', #7616 ) ;
#3658 = EDGE_LOOP ( 'NONE', ( #4470, #2134, #2667 ) ) ;
#3659 = CARTESIAN_POINT ( 'NONE',  ( 75.53383637236983361, -0.2517800035653070534, -4.748219996434693613 ) ) ;
#3660 = CARTESIAN_POINT ( 'NONE',  ( 21.87500000000000000, -1.328041165545665425, 3.671958834454335019 ) ) ;
#3661 = CARTESIAN_POINT ( 'NONE',  ( 52.12500000000000000, 0.000000000000000000, 0.000000000000000000 ) ) ;
#3662 = CARTESIAN_POINT ( 'NONE',  ( 67.47953806259079101, -0.1676550930109082793, -4.832344906989090916 ) ) ;
#3663 = TOROIDAL_SURFACE ( 'NONE', #1502, 1.000000000000000000, 3.999999999999997335 ) ;
#3664 = VECTOR ( 'NONE', #3655, 1000.000000000000000 ) ;
#3665 = CIRCLE ( 'NONE', #2940, 1.000000000000000000 ) ;
#3666 = ORIENTED_EDGE ( 'NONE', *, *, #6360, .T. ) ;
#3667 = ADVANCED_FACE ( 'NONE', ( #6808 ), #3610, .F. ) ;
#3668 = CARTESIAN_POINT ( 'NONE',  ( 10.01876480693204741, -0.4915337874217321490, 4.508466212578269072 ) ) ;
#3669 = CARTESIAN_POINT ( 'NONE',  ( 43.87500000000000000, -1.328041165545660540, 3.671958834454339460 ) ) ;
#3670 = VERTEX_POINT ( 'NONE', #2061 ) ;
#3671 = EDGE_LOOP ( 'NONE', ( #1646, #2396, #4739, #2555 ) ) ;
#3672 = CARTESIAN_POINT ( 'NONE',  ( 80.21113448347811925, -4.959369330381670160, -0.04063066961832854235 ) ) ;
#3673 = DIRECTION ( 'NONE',  ( -1.000000000000000000, -0.000000000000000000, -0.000000000000000000 ) ) ;
#3674 = CARTESIAN_POINT ( 'NONE',  ( 47.21113448347798425, -4.959369330381701246, 0.04063066961829840673 ) ) ;
#3675 = ORIENTED_EDGE ( 'NONE', *, *, #4086, .F. ) ;
#3676 = EDGE_LOOP ( 'NONE', ( #4186, #3078, #4386, #7267, #62, #5843 ) ) ;
#3677 = CARTESIAN_POINT ( 'NONE',  ( 55.73827242307172014, -0.4974474678478675860, -4.502552532152132692 ) ) ;
#3678 = CARTESIAN_POINT ( 'NONE',  ( 29.53886551654431258, -0.04063066961492583368, -4.959369330385075436 ) ) ;
#3679 = CARTESIAN_POINT ( 'NONE',  ( 122.0948660872095246, -4.688202580618360038, 0.3117974193816407946 ) ) ;
#3680 = ORIENTED_EDGE ( 'NONE', *, *, #5362, .F. ) ;
#3681 = CARTESIAN_POINT ( 'NONE',  ( 71.37500000000000000, 0.000000000000000000, 0.000000000000000000 ) ) ;
#3682 = CIRCLE ( 'NONE', #8792, 3.904737509655557215 ) ;
#3683 = FACE_OUTER_BOUND ( 'NONE', #661, .T. ) ;
#3684 = CIRCLE ( 'NONE', #5384, 1.375000000000001332 ) ;
#3685 = DIRECTION ( 'NONE',  ( -0.000000000000000000, 1.000000000000000000, 1.224646799147353207E-16 ) ) ;
#3686 = CIRCLE ( 'NONE', #2962, 4.000000000000015987 ) ;
#3687 = CARTESIAN_POINT ( 'NONE',  ( 52.27225720791378905, -4.999999999998976818, 1.023750842761544449E-12 ) ) ;
#3688 = CARTESIAN_POINT ( 'NONE',  ( 79.62500000000000000, 1.224646799147353207E-16, -1.000000000000000000 ) ) ;
#3689 = CARTESIAN_POINT ( 'NONE',  ( 79.62500000000000000, 0.000000000000000000, 0.000000000000000000 ) ) ;
#3690 = CIRCLE ( 'NONE', #8664, 3.904737509655563876 ) ;
#3691 = CARTESIAN_POINT ( 'NONE',  ( 7.117597969459972695, -0.1278684794971732541, -4.872131520502827051 ) ) ;
#3692 = CARTESIAN_POINT ( 'NONE',  ( 80.99999999999998579, 0.000000000000000000, 0.000000000000000000 ) ) ;
#3693 = AXIS2_PLACEMENT_3D ( 'NONE', #2272, #3128, #8388 ) ;
#3694 = CARTESIAN_POINT ( 'NONE',  ( 82.37499999999998579, 0.000000000000000000, 0.000000000000000000 ) ) ;
#3695 = AXIS2_PLACEMENT_3D ( 'NONE', #5094, #1810, #7856 ) ;
#3696 = CIRCLE ( 'NONE', #4828, 1.000000000000000000 ) ;
#3697 = EDGE_CURVE ( 'NONE', #3957, #5983, #1402, .T. ) ;
#3698 = EDGE_CURVE ( 'NONE', #1654, #4087, #7993, .T. ) ;
#3699 = AXIS2_PLACEMENT_3D ( 'NONE', #3238, #7255, #8670 ) ;
#3700 = CARTESIAN_POINT ( 'NONE',  ( 87.87500000000000000, -1.328041165545655877, -3.671958834454344345 ) ) ;
#3701 = EDGE_LOOP ( 'NONE', ( #3499, #7664, #6670 ) ) ;
#3702 = CARTESIAN_POINT ( 'NONE',  ( 114.5187648069320119, -0.4915337874217320380, 4.508466212578267296 ) ) ;
#3703 = EDGE_LOOP ( 'NONE', ( #2728, #335, #3472, #1625 ) ) ;
#3704 = CARTESIAN_POINT ( 'NONE',  ( 85.12500000002799538, -5.000000000000000888, -4.336808689942017736E-16 ) ) ;
#3705 = AXIS2_PLACEMENT_3D ( 'NONE', #4804, #1404, #4673 ) ;
#3706 = DIRECTION ( 'NONE',  ( 0.000000000000000000, 0.000000000000000000, 1.000000000000000000 ) ) ;
#3707 = CARTESIAN_POINT ( 'NONE',  ( 60.37500000000000000, -3.671958834454334575, -1.328041165545665647 ) ) ;
#3708 = CYLINDRICAL_SURFACE ( 'NONE', #6477, 1.000000000000000000 ) ;
#3709 = CARTESIAN_POINT ( 'NONE',  ( 68.03886551654427706, -0.04063066961492940027, -4.959369330385070995 ) ) ;
#3710 = EDGE_CURVE ( 'NONE', #2796, #2451, #7685, .T. ) ;
#3711 = ORIENTED_EDGE ( 'NONE', *, *, #5302, .F. ) ;
#3712 = DIRECTION ( 'NONE',  ( 0.000000000000000000, 0.000000000000000000, 1.000000000000000000 ) ) ;
#3713 = DIRECTION ( 'NONE',  ( 0.000000000000000000, 0.000000000000000000, 1.000000000000000000 ) ) ;
#3714 = ORIENTED_EDGE ( 'NONE', *, *, #6686, .T. ) ;
#3715 = CARTESIAN_POINT ( 'NONE',  ( 115.3749999999999858, -1.328041165545655877, -3.671958834454344345 ) ) ;
#3716 = CARTESIAN_POINT ( 'NONE',  ( 34.24999999999999289, 1.224646799147353207E-16, -1.000000000000000000 ) ) ;
#3717 = DIRECTION ( 'NONE',  ( -1.000000000000000000, -0.000000000000000000, -0.000000000000000000 ) ) ;
#3718 = CARTESIAN_POINT ( 'NONE',  ( 34.21576228220553872, -0.2608011982980507071, 4.739198801701948405 ) ) ;
#3719 = EDGE_CURVE ( 'NONE', #2406, #3376, #4396, .T. ) ;
#3720 = ORIENTED_EDGE ( 'NONE', *, *, #5125, .F. ) ;
#3721 = ORIENTED_EDGE ( 'NONE', *, *, #7982, .T. ) ;
#3722 = TOROIDAL_SURFACE ( 'NONE', #6284, 1.000000000000000000, 3.999999999999999112 ) ;
#3723 = ORIENTED_EDGE ( 'NONE', *, *, #8307, .T. ) ;
#3724 = CARTESIAN_POINT ( 'NONE',  ( 57.03886551654432679, -0.04063066961492553530, -4.959369330385076324 ) ) ;
#3725 = B_SPLINE_CURVE_WITH_KNOTS ( 'NONE', 3,
 ( #7075, #6413, #3357, #8709, #3318, #7996, #2685, #6613, #6077, #5998, #7907, #2595, #5288, #7381, #8790, #486 ),
 .UNSPECIFIED., .F., .F.,
 ( 4, 2, 2, 2, 2, 2, 2, 4 ),
 ( 4.818711198686234422E-07, 0.0008765200830274556690, 0.001314539188981249255, 0.001752558294935042732, 0.002190577400888836426, 0.002628596506842629903, 0.003066615612796423380, 0.003504634718750216857 ),
 .UNSPECIFIED. ) ;
#3726 = CARTESIAN_POINT ( 'NONE',  ( 103.0342377178084377, -4.739198801696314689, -0.2608011983036852000 ) ) ;
#3727 = CARTESIAN_POINT ( 'NONE',  ( 5.375000000000000000, -1.328041165545665425, 3.671958834454335019 ) ) ;
#3728 = ORIENTED_EDGE ( 'NONE', *, *, #1175, .T. ) ;
#3729 = CARTESIAN_POINT ( 'NONE',  ( 65.87499999999998579, 0.000000000000000000, 0.000000000000000000 ) ) ;
#3730 = CARTESIAN_POINT ( 'NONE',  ( 39.01880044884221377, -4.366408635911658287, -0.6335913640883422682 ) ) ;
#3731 = ADVANCED_FACE ( 'NONE', ( #680 ), #3558, .T. ) ;
#3732 = CARTESIAN_POINT ( 'NONE',  ( 113.3533476508650892, -4.935408751168086638, 0.06459124883191552646 ) ) ;
#3733 = CARTESIAN_POINT ( 'NONE',  ( 54.75399883711743598, -1.137203174285764451, -3.862796825714235993 ) ) ;
#3734 = CARTESIAN_POINT ( 'NONE',  ( 62.82874637064225709, -0.008301598518915490749, 4.991698401481084346 ) ) ;
#3735 = CARTESIAN_POINT ( 'NONE',  ( 5.375000000000000000, -3.671958834454335019, 1.328041165545665425 ) ) ;
#3736 = DIRECTION ( 'NONE',  ( 0.000000000000000000, 0.000000000000000000, 1.000000000000000000 ) ) ;
#3737 = CARTESIAN_POINT ( 'NONE',  ( 30.12500000000000000, 1.224646799147353207E-16, -1.000000000000000000 ) ) ;
#3738 = CARTESIAN_POINT ( 'NONE',  ( 63.12499999999998579, 0.000000000000000000, 0.000000000000000000 ) ) ;
#3739 = CARTESIAN_POINT ( 'NONE',  ( 17.35157376276965024, -0.4321793203680406870, 4.567820679631958924 ) ) ;
#3740 = EDGE_CURVE ( 'NONE', #5230, #8098, #4282, .T. ) ;
#3741 = DIRECTION ( 'NONE',  ( 0.000000000000000000, -1.224646799147353207E-16, 1.000000000000000000 ) ) ;
#3742 = ADVANCED_FACE ( 'NONE', ( #5780 ), #8590, .F. ) ;
#3743 = CARTESIAN_POINT ( 'NONE',  ( 82.49600116288353036, -3.862796825715736571, -1.137203174284263651 ) ) ;
#3744 = CARTESIAN_POINT ( 'NONE',  ( 63.12499999999998579, 0.000000000000000000, 0.000000000000000000 ) ) ;
#3745 = CARTESIAN_POINT ( 'NONE',  ( 120.8749999999999858, 0.000000000000000000, 0.000000000000000000 ) ) ;
#3746 = APPLICATION_PROTOCOL_DEFINITION ( 'international standard', 'config_control_design', 1994, #6964 ) ;
#3747 = ORIENTED_EDGE ( 'NONE', *, *, #5113, .F. ) ;
#3748 = CARTESIAN_POINT ( 'NONE',  ( 107.4212536293574942, -4.991698401481101222, -0.008301598518901416937 ) ) ;
#3749 = CARTESIAN_POINT ( 'NONE',  ( 98.87499999999998579, 0.000000000000000000, 3.904737509655557659 ) ) ;
#3750 = EDGE_CURVE ( 'NONE', #4916, #4054, #1288, .T. ) ;
#3751 = ORIENTED_EDGE ( 'NONE', *, *, #6342, .T. ) ;
#3752 = DIRECTION ( 'NONE',  ( -1.000000000000000000, -0.000000000000000000, -0.000000000000000000 ) ) ;
#3753 = DIRECTION ( 'NONE',  ( -1.000000000000000000, -0.000000000000000000, -0.000000000000000000 ) ) ;
#3754 = CARTESIAN_POINT ( 'NONE',  ( 93.37499999999998579, -1.328041165545675195, 3.671958834454324805 ) ) ;
#3755 = CARTESIAN_POINT ( 'NONE',  ( 104.3750000000000000, 0.000000000000000000, 0.000000000000000000 ) ) ;
#3756 = VERTEX_POINT ( 'NONE', #4988 ) ;
#3757 = ORIENTED_EDGE ( 'NONE', *, *, #7798, .F. ) ;
#3758 = ORIENTED_EDGE ( 'NONE', *, *, #2816, .F. ) ;
#3759 = DIRECTION ( 'NONE',  ( 0.000000000000000000, -1.000000000000000000, 0.000000000000000000 ) ) ;
#3760 = FACE_OUTER_BOUND ( 'NONE', #614, .T. ) ;
#3761 = ADVANCED_FACE ( 'NONE', ( #1716 ), #108, .T. ) ;
#3762 = CARTESIAN_POINT ( 'NONE',  ( 7.396652349155973916, -0.06459124882792101341, 4.935408751172080777 ) ) ;
#3763 = VERTEX_POINT ( 'NONE', #7037 ) ;
#3764 = CARTESIAN_POINT ( 'NONE',  ( 5.081399495796012467, -4.045279225846909021, 0.9547207741530907565 ) ) ;
#3765 = ORIENTED_EDGE ( 'NONE', *, *, #1469, .T. ) ;
#3766 = CARTESIAN_POINT ( 'NONE',  ( 88.73123519307652884, -4.508466212583701171, 0.4915337874162993281 ) ) ;
#3767 = AXIS2_PLACEMENT_3D ( 'NONE', #4846, #6942, #763 ) ;
#3768 = CARTESIAN_POINT ( 'NONE',  ( 94.35157376276964669, -0.4321793203680487916, 4.567820679631951819 ) ) ;
#3769 = DIRECTION ( 'NONE',  ( -1.000000000000000000, -0.000000000000000000, -0.000000000000000000 ) ) ;
#3770 = CARTESIAN_POINT ( 'NONE',  ( 52.85059813401475992, -0.06404366728010842114, -4.935956332719892536 ) ) ;
#3771 = EDGE_CURVE ( 'NONE', #7068, #8434, #860, .T. ) ;
#3772 = DIRECTION ( 'NONE',  ( 0.000000000000000000, -1.224646799147353207E-16, 1.000000000000000000 ) ) ;
#3773 = FACE_OUTER_BOUND ( 'NONE', #4472, .T. ) ;
#3774 = B_SPLINE_CURVE_WITH_KNOTS ( 'NONE', 3,
 ( #2823, #1337, #6626, #5549, #4786, #1178, #2148, #1474, #1845, #8259, #2048, #6172, #4879, #4590, #2519, #6221 ),
 .UNSPECIFIED., .F., .F.,
 ( 4, 2, 2, 2, 2, 2, 2, 4 ),
 ( 4.818711198696414699E-07, 0.0008765200830274564280, 0.001314539188981249688, 0.001752558294935043165, 0.002190577400888836426, 0.002628596506842629469, 0.003066615612796422946, 0.003504634718750216423 ),
 .UNSPECIFIED. ) ;
#3775 = DIRECTION ( 'NONE',  ( 0.000000000000000000, 0.000000000000000000, 1.000000000000000000 ) ) ;
#3776 = AXIS2_PLACEMENT_3D ( 'NONE', #8586, #5871, #367 ) ;
#3777 = CARTESIAN_POINT ( 'NONE',  ( 19.85334765086497555, -4.935408751168109731, 0.06459124883189104604 ) ) ;
#3778 = CARTESIAN_POINT ( 'NONE',  ( 116.0188004488422280, -4.366408635911694702, 0.6335913640883061859 ) ) ;
#3779 = AXIS2_PLACEMENT_3D ( 'NONE', #235, #2979, #3573 ) ;
#3780 = CARTESIAN_POINT ( 'NONE',  ( 18.97774279211275328, -9.940566910739655204E-15, 4.999999999999990230 ) ) ;
#3781 = ORIENTED_EDGE ( 'NONE', *, *, #4439, .T. ) ;
#3782 = DIRECTION ( 'NONE',  ( 0.000000000000000000, 0.000000000000000000, 1.000000000000000000 ) ) ;
#3783 = CARTESIAN_POINT ( 'NONE',  ( 48.73119955116401769, -0.6335913640930935786, -4.366408635906906532 ) ) ;
#3784 = CARTESIAN_POINT ( 'NONE',  ( 79.47774279211274973, -1.286643046879280480E-14, 4.999999999999986677 ) ) ;
#3785 = CARTESIAN_POINT ( 'NONE',  ( 0.000000000000000000, 0.000000000000000000, 0.000000000000000000 ) ) ;
#3786 = DIRECTION ( 'NONE',  ( 0.000000000000000000, 0.000000000000000000, 1.000000000000000000 ) ) ;
#3787 = CALENDAR_DATE ( 2026, 16, 2 ) ;
#3788 = EDGE_CURVE ( 'NONE', #3272, #6765, #6620, .T. ) ;
#3789 = ORIENTED_EDGE ( 'NONE', *, *, #5845, .T. ) ;
#3790 = CIRCLE ( 'NONE', #2500, 1.000000000000000000 ) ;
#3791 = CARTESIAN_POINT ( 'NONE',  ( 90.62499999999998579, 1.224646799147353207E-16, -1.000000000000000000 ) ) ;
#3792 = VERTEX_POINT ( 'NONE', #6498 ) ;
#3793 = CARTESIAN_POINT ( 'NONE',  ( 106.5388655165443339, -0.04063066961493040641, -4.959369330385070107 ) ) ;
#3794 = ORIENTED_EDGE ( 'NONE', *, *, #7030, .F. ) ;
#3795 = CARTESIAN_POINT ( 'NONE',  ( 49.37500000000000000, -3.671958834454334575, 1.328041165545665647 ) ) ;
#3796 = CARTESIAN_POINT ( 'NONE',  ( 22.42277126958471811, -0.7176137099602855063, 4.282386290039713828 ) ) ;
#3797 = CIRCLE ( 'NONE', #5223, 4.999999999999999112 ) ;
#3798 = AXIS2_PLACEMENT_3D ( 'NONE', #6875, #2177, #3484 ) ;
#3799 = CARTESIAN_POINT ( 'NONE',  ( 109.8749999999999858, -3.671958834454344345, -1.328041165545655877 ) ) ;
#3800 = CARTESIAN_POINT ( 'NONE',  ( 25.21113448347808017, -4.959369330381686147, 0.04063066961831510171 ) ) ;
#3801 = AXIS2_PLACEMENT_3D ( 'NONE', #959, #376, #3706 ) ;
#3802 = EDGE_CURVE ( 'NONE', #3885, #6426, #5827, .T. ) ;
#3803 = EDGE_CURVE ( 'NONE', #6784, #7561, #5361, .T. ) ;
#3804 = EDGE_LOOP ( 'NONE', ( #404, #8515, #6553, #8705 ) ) ;
#3805 = ORIENTED_EDGE ( 'NONE', *, *, #4767, .T. ) ;
#3806 = EDGE_LOOP ( 'NONE', ( #2824, #2858, #2814 ) ) ;
#3807 = CARTESIAN_POINT ( 'NONE',  ( 10.87500000000000000, 0.000000000000000000, 0.000000000000000000 ) ) ;
#3808 = TOROIDAL_SURFACE ( 'NONE', #7223, 1.000000000000000000, 3.999999999999997335 ) ;
#3809 = CARTESIAN_POINT ( 'NONE',  ( 27.37500000000000000, -1.328041165545663649, -3.671958834454336351 ) ) ;
#3810 = CARTESIAN_POINT ( 'NONE',  ( 11.52374954628649917, -0.6401341107417616305, 4.359865889258239591 ) ) ;
#3811 = ORIENTED_EDGE ( 'NONE', *, *, #6431, .T. ) ;
#3812 = FACE_OUTER_BOUND ( 'NONE', #1426, .T. ) ;
#3813 = DIRECTION ( 'NONE',  ( -1.000000000000000000, -0.000000000000000000, -0.000000000000000000 ) ) ;
#3814 = EDGE_CURVE ( 'NONE', #6863, #635, #1085, .T. ) ;
#3815 = FACE_OUTER_BOUND ( 'NONE', #1878, .T. ) ;
#3816 = CARTESIAN_POINT ( 'NONE',  ( 52.27184353044837195, 8.472341175792729199E-15, -5.000000000000007105 ) ) ;
#3817 = CIRCLE ( 'NONE', #1668, 1.375000000000001332 ) ;
#3818 = DIRECTION ( 'NONE',  ( -1.000000000000000000, -0.000000000000000000, -0.000000000000000000 ) ) ;
#3819 = CARTESIAN_POINT ( 'NONE',  ( 39.02374954628649562, -0.6401341107417616305, 4.359865889258239591 ) ) ;
#3820 = CARTESIAN_POINT ( 'NONE',  ( 90.04368978649834787, -4.960065625086349961, -0.03993437491365044861 ) ) ;
#3821 = CARTESIAN_POINT ( 'NONE',  ( 0.000000000000000000, 0.000000000000000000, 0.000000000000000000 ) ) ;
#3822 = EDGE_CURVE ( 'NONE', #3036, #7647, #4835, .T. ) ;
#3823 = CIRCLE ( 'NONE', #1674, 1.375000000000001332 ) ;
#3824 = TOROIDAL_SURFACE ( 'NONE', #8217, 1.000000000000000000, 1.374999999999994227 ) ;
#3825 = CARTESIAN_POINT ( 'NONE',  ( 85.27184353044840748, 5.461139048303694649E-15, -5.000000000000007105 ) ) ;
#3826 = CIRCLE ( 'NONE', #5960, 3.999999999999996447 ) ;
#3827 = ORIENTED_EDGE ( 'NONE', *, *, #6965, .F. ) ;
#3828 = B_SPLINE_CURVE_WITH_KNOTS ( 'NONE', 3,
 ( #6143, #6860, #632, #12, #5467, #7575, #2742, #58, #3375, #6096, #587, #8767, #2793, #8814, #8174, #728 ),
 .UNSPECIFIED., .F., .F.,
 ( 4, 2, 2, 2, 2, 2, 2, 4 ),
 ( 4.818711198515178236E-07, 0.0008765200830274900382, 0.001314539188981316475, 0.001752558294935143129, 0.002190577400888969999, 0.002628596506842796002, 0.003066615612796622873, 0.003504634718750448876 ),
 .UNSPECIFIED. ) ;
#3829 = CARTESIAN_POINT ( 'NONE',  ( 79.62500000000000000, 0.000000000000000000, 1.000000000000000000 ) ) ;
#3830 = AXIS2_PLACEMENT_3D ( 'NONE', #7786, #1663, #96 ) ;
#3831 = AXIS2_PLACEMENT_3D ( 'NONE', #316, #363, #1710 ) ;
#3832 = CARTESIAN_POINT ( 'NONE',  ( 47.35059813401476703, -0.06404366728010563170, -4.935956332719894313 ) ) ;
#3833 = CARTESIAN_POINT ( 'NONE',  ( 85.85334765086506081, -4.935408751168084862, -0.06459124883191545707 ) ) ;
#3834 = CARTESIAN_POINT ( 'NONE',  ( 59.51172757693689874, -4.502552532146859576, 0.4974474678531417005 ) ) ;
#3835 = CARTESIAN_POINT ( 'NONE',  ( 118.1250000000279670, -5.000000000000000888, -4.336808689942017736E-16 ) ) ;
#3836 = TOROIDAL_SURFACE ( 'NONE', #6818, 1.000000000000000000, 4.000000000000000000 ) ;
#3837 = CIRCLE ( 'NONE', #817, 1.000000000000000000 ) ;
#3838 = EDGE_CURVE ( 'NONE', #5680, #265, #1794, .T. ) ;
#3839 = AXIS2_PLACEMENT_3D ( 'NONE', #5847, #3300, #6639 ) ;
#3840 = ORIENTED_EDGE ( 'NONE', *, *, #1445, .T. ) ;
#3841 = DIRECTION ( 'NONE',  ( 0.000000000000000000, 0.000000000000000000, 1.000000000000000000 ) ) ;
#3842 = EDGE_LOOP ( 'NONE', ( #7191, #6388, #5994, #8781 ) ) ;
#3843 = AXIS2_PLACEMENT_3D ( 'NONE', #1051, #8601, #428 ) ;
#3844 = FACE_OUTER_BOUND ( 'NONE', #2928, .T. ) ;
#3845 = ORIENTED_EDGE ( 'NONE', *, *, #157, .F. ) ;
#3846 = CARTESIAN_POINT ( 'NONE',  ( 43.75399883711745730, -1.137203174285764451, 3.862796825714235549 ) ) ;
#3847 = CARTESIAN_POINT ( 'NONE',  ( 21.87500000000000000, -1.328041165545665425, 3.671958834454335019 ) ) ;
#3848 = CARTESIAN_POINT ( 'NONE',  ( 97.13240203055840993, -4.872131520497874568, 0.1278684795021269582 ) ) ;
#3849 = CARTESIAN_POINT ( 'NONE',  ( 107.1250000000000000, -5.000000000000000888, -4.336808689942017736E-16 ) ) ;
#3850 = ORIENTED_EDGE ( 'NONE', *, *, #2971, .T. ) ;
#3851 = ORIENTED_EDGE ( 'NONE', *, *, #2951, .T. ) ;
#3852 = ORIENTED_EDGE ( 'NONE', *, *, #4938, .T. ) ;
#3853 = DIRECTION ( 'NONE',  ( -1.000000000000000000, -0.000000000000000000, -0.000000000000000000 ) ) ;
#3854 = CIRCLE ( 'NONE', #1563, 1.000000000000000000 ) ;
#3855 = CARTESIAN_POINT ( 'NONE',  ( 34.61759796945997891, -0.1278684794971733096, -4.872131520502827051 ) ) ;
#3856 = ORIENTED_EDGE ( 'NONE', *, *, #1050, .F. ) ;
#3857 = EDGE_CURVE ( 'NONE', #5861, #1600, #5770, .T. ) ;
#3858 = DIRECTION ( 'NONE',  ( -1.000000000000000000, -0.000000000000000000, -0.000000000000000000 ) ) ;
#3859 = EDGE_LOOP ( 'NONE', ( #7763, #4306, #3359, #3863 ) ) ;
#3860 = EDGE_CURVE ( 'NONE', #5978, #7851, #120, .T. ) ;
#3861 = DIRECTION ( 'NONE',  ( 0.000000000000000000, 0.000000000000000000, 1.000000000000000000 ) ) ;
#3862 = CARTESIAN_POINT ( 'NONE',  ( 55.85157376276963959, -0.4321793203680395212, 4.567820679631960701 ) ) ;
#3863 = ORIENTED_EDGE ( 'NONE', *, *, #7152, .T. ) ;
#3864 = B_SPLINE_CURVE_WITH_KNOTS ( 'NONE', 3,
 ( #4931, #1582, #8308, #7654, #5640, #6282, #2196, #2290, #3016, #2835, #5557, #764 ),
 .UNSPECIFIED., .F., .F.,
 ( 4, 2, 2, 2, 2, 4 ),
 ( 0.003504634718750216423, 0.003941423334025103038, 0.004378211949299989220, 0.005251789179849763317, 0.006125366410399537415, 0.006998943640949311512 ),
 .UNSPECIFIED. ) ;
#3865 = VECTOR ( 'NONE', #6234, 1000.000000000000000 ) ;
#3866 = LINE ( 'NONE', #3282, #5950 ) ;
#3867 = DIRECTION ( 'NONE',  ( -1.000000000000000000, -0.000000000000000000, -0.000000000000000000 ) ) ;
#3868 = DIRECTION ( 'NONE',  ( -1.000000000000000000, -0.000000000000000000, -0.000000000000000000 ) ) ;
#3869 = AXIS2_PLACEMENT_3D ( 'NONE', #2099, #2052, #5368 ) ;
#3870 = ORIENTED_EDGE ( 'NONE', *, *, #2100, .F. ) ;
#3871 = ADVANCED_FACE ( 'NONE', ( #3367 ), #258, .T. ) ;
#3872 = CARTESIAN_POINT ( 'NONE',  ( 39.59032131224201123, -0.3138588207986882095, 4.686141179201311679 ) ) ;
#3873 = CARTESIAN_POINT ( 'NONE',  ( 19.12500000002784262, -5.000000000000000888, -4.336808689942017736E-16 ) ) ;
#3874 = CARTESIAN_POINT ( 'NONE',  ( 35.62500000000000000, 0.000000000000000000, 1.000000000000000000 ) ) ;
#3875 = B_SPLINE_CURVE_WITH_KNOTS ( 'NONE', 3,
 ( #3715, #5750, #6518, #2350, #5092, #7681, #1692, #2946, #4432, #7148, #387, #1013, #8519, #2401, #7855, #1730 ),
 .UNSPECIFIED., .F., .F.,
 ( 4, 2, 2, 2, 2, 2, 2, 4 ),
 ( 4.818711198656964140E-07, 0.0008765200830274448270, 0.001314539188981234509, 0.001752558294935024083, 0.002190577400888813440, 0.002628596506842603014, 0.003066615612796392588, 0.003504634718750182162 ),
 .UNSPECIFIED. ) ;
#3876 = DIRECTION ( 'NONE',  ( 0.000000000000000000, 0.000000000000000000, 1.000000000000000000 ) ) ;
#3877 = VERTEX_POINT ( 'NONE', #8039 ) ;
#3878 = B_SPLINE_CURVE_WITH_KNOTS ( 'NONE', 3,
 ( #4281, #4457, #5734, #2295, #6996, #2927, #8360, #4987, #8452, #7707, #5029, #903, #2379, #1621, #2335, #5120 ),
 .UNSPECIFIED., .F., .F.,
 ( 4, 2, 2, 2, 2, 2, 2, 4 ),
 ( 4.818711198520267845E-07, 0.0008765200830206076313, 0.001314539188970985980, 0.001752558294921364437, 0.002190577400871742894, 0.002628596506822121134, 0.003066615612772499808, 0.003504634718722878482 ),
 .UNSPECIFIED. ) ;
#3879 = CARTESIAN_POINT ( 'NONE',  ( 97.53423771780845186, -4.739198801696314689, -0.2608011983036852000 ) ) ;
#3880 = EDGE_CURVE ( 'NONE', #1078, #8013, #5687, .T. ) ;
#3881 = DIRECTION ( 'NONE',  ( -1.000000000000000000, -0.000000000000000000, -0.000000000000000000 ) ) ;
#3882 = CARTESIAN_POINT ( 'NONE',  ( 85.12500000002799538, -5.000000000000000888, -4.336808689942017736E-16 ) ) ;
#3883 = CARTESIAN_POINT ( 'NONE',  ( 59.15967868777046590, -4.686141179195701945, 0.3138588208042994432 ) ) ;
#3884 = SHAPE_DEFINITION_REPRESENTATION ( #2293, #263 ) ;
#3885 = VERTEX_POINT ( 'NONE', #5330 ) ;
#3886 = CARTESIAN_POINT ( 'NONE',  ( 100.2157622822055458, -0.2608011982980546484, -4.739198801701945740 ) ) ;
#3887 = ORIENTED_EDGE ( 'NONE', *, *, #2929, .F. ) ;
#3888 = DIRECTION ( 'NONE',  ( -1.000000000000000000, -0.000000000000000000, -0.000000000000000000 ) ) ;
#3889 = EDGE_CURVE ( 'NONE', #4865, #4757, #2516, .T. ) ;
#3890 = EDGE_LOOP ( 'NONE', ( #6264, #4817, #3581 ) ) ;
#3891 = CARTESIAN_POINT ( 'NONE',  ( 67.61759796945996470, -0.1278684794971774452, 4.872131520502823498 ) ) ;
#3892 = DIRECTION ( 'NONE',  ( 0.000000000000000000, -1.000000000000000000, 0.000000000000000000 ) ) ;
#3893 = DIRECTION ( 'NONE',  ( -1.000000000000000000, -0.000000000000000000, -0.000000000000000000 ) ) ;
#3894 = CARTESIAN_POINT ( 'NONE',  ( 43.87500000000000000, -3.671958834454339460, 1.328041165545660540 ) ) ;
#3895 = EDGE_LOOP ( 'NONE', ( #5137, #8077, #5276 ) ) ;
#3896 = ORIENTED_EDGE ( 'NONE', *, *, #5084, .F. ) ;
#3897 = CARTESIAN_POINT ( 'NONE',  ( 45.47953806259079812, -0.1676550930109043380, -4.832344906989096245 ) ) ;
#3898 = CARTESIAN_POINT ( 'NONE',  ( 10.99621622079729555, -1.136863993905376402, 3.863136006094623376 ) ) ;
#3899 = VERTEX_POINT ( 'NONE', #3243 ) ;
#3900 = FACE_OUTER_BOUND ( 'NONE', #7099, .T. ) ;
#3901 = B_SPLINE_CURVE_WITH_KNOTS ( 'NONE', 3,
 ( #6277, #7563, #4269, #5636, #8162, #8213, #2098, #4844, #4882, #2914, #6987, #1385, #1577, #6892, #2874, #7511 ),
 .UNSPECIFIED., .F., .F.,
 ( 4, 2, 2, 2, 2, 2, 2, 4 ),
 ( 4.818711198655691473E-07, 0.0008765200830274562111, 0.001314539188981247520, 0.001752558294935039045, 0.002190577400888830354, 0.002628596506842621663, 0.003066615612796412971, 0.003504634718750204714 ),
 .UNSPECIFIED. ) ;
#3902 = CARTESIAN_POINT ( 'NONE',  ( 44.51880044884219956, -4.366408635911659175, 0.6335913640883413800 ) ) ;
#3903 = ORIENTED_EDGE ( 'NONE', *, *, #8437, .T. ) ;
#3904 = ADVANCED_FACE ( 'NONE', ( #7266 ), #1928, .F. ) ;
#3905 = CARTESIAN_POINT ( 'NONE',  ( 12.25000000000000000, 0.000000000000000000, 1.000000000000000000 ) ) ;
#3906 = CARTESIAN_POINT ( 'NONE',  ( 84.11759796945996470, -0.1278684794971786109, 4.872131520502821722 ) ) ;
#3907 = DIRECTION ( 'NONE',  ( 0.000000000000000000, 0.000000000000000000, 1.000000000000000000 ) ) ;
#3908 = ORIENTED_EDGE ( 'NONE', *, *, #8837, .F. ) ;
#3909 = CARTESIAN_POINT ( 'NONE',  ( 38.92277126958472167, -0.7176137099602846181, 4.282386290039716492 ) ) ;
#3910 = CARTESIAN_POINT ( 'NONE',  ( 64.27178058431637453, -0.1593231317801526714, 4.840676868219847329 ) ) ;
#3911 = CARTESIAN_POINT ( 'NONE',  ( 17.23123519307649332, -4.508466212583668309, 0.4915337874163325793 ) ) ;
#3912 = EDGE_CURVE ( 'NONE', #5151, #5243, #2016, .T. ) ;
#3913 = CARTESIAN_POINT ( 'NONE',  ( 0.000000000000000000, 1.224646799147353207E-16, -1.000000000000000000 ) ) ;
#3914 = VERTEX_POINT ( 'NONE', #3999 ) ;
#3915 = AXIS2_PLACEMENT_3D ( 'NONE', #3619, #8558, #7007 ) ;
#3916 = CARTESIAN_POINT ( 'NONE',  ( 119.5342377178084234, -4.739198801696314689, -0.2608011983036852000 ) ) ;
#3917 = CARTESIAN_POINT ( 'NONE',  ( 19.85059813401477413, -0.06404366728010771337, 4.935956332719892536 ) ) ;
#3918 = DIRECTION ( 'NONE',  ( 0.000000000000000000, 0.000000000000000000, 1.000000000000000000 ) ) ;
#3919 = CARTESIAN_POINT ( 'NONE',  ( 46.62500000000000000, 0.000000000000000000, 1.000000000000000000 ) ) ;
#3920 = ORIENTED_EDGE ( 'NONE', *, *, #5445, .T. ) ;
#3921 = TOROIDAL_SURFACE ( 'NONE', #1196, 1.000000000000000000, 3.999999999999999112 ) ;
#3922 = EDGE_CURVE ( 'NONE', #3670, #7060, #3982, .T. ) ;
#3923 = CARTESIAN_POINT ( 'NONE',  ( 101.3287463706423068, -0.008301598518917907218, -4.991698401481082570 ) ) ;
#3924 = EDGE_LOOP ( 'NONE', ( #7689, #3493, #7364, #3306 ) ) ;
#3925 = DIRECTION ( 'NONE',  ( -1.000000000000000000, -0.000000000000000000, -0.000000000000000000 ) ) ;
#3926 = ORIENTED_EDGE ( 'NONE', *, *, #1659, .T. ) ;
#3927 = CARTESIAN_POINT ( 'NONE',  ( 41.70631021352428291, -0.03993437491703612924, 4.960065625082964225 ) ) ;
#3928 = CARTESIAN_POINT ( 'NONE',  ( 27.92277126958470745, -0.7176137099602823977, 4.282386290039715604 ) ) ;
#3929 = CARTESIAN_POINT ( 'NONE',  ( 115.1026342793625901, -4.040089233410274261, -0.9599107665897267383 ) ) ;
#3930 = CARTESIAN_POINT ( 'NONE',  ( 36.35059813401476703, -0.06404366728010837950, 4.935956332719892536 ) ) ;
#3931 = EDGE_CURVE ( 'NONE', #5091, #7020, #6682, .T. ) ;
#3932 = VERTEX_POINT ( 'NONE', #8086 ) ;
#3933 = CARTESIAN_POINT ( 'NONE',  ( 68.47815646957799629, -5.000000000001026734, 1.024876937771878495E-12 ) ) ;
#3934 = CARTESIAN_POINT ( 'NONE',  ( 112.3325341254524830, -4.991957775359345817, -0.008042224640654418999 ) ) ;
#3935 = EDGE_LOOP ( 'NONE', ( #4733, #6834, #4561 ) ) ;
#3936 = CARTESIAN_POINT ( 'NONE',  ( 118.1249999999999858, 0.000000000000000000, 0.000000000000000000 ) ) ;
#3937 = AXIS2_PLACEMENT_3D ( 'NONE', #2619, #561, #3343 ) ;
#3938 = AXIS2_PLACEMENT_3D ( 'NONE', #2118, #589, #6054 ) ;
#3939 = LINE ( 'NONE', #7497, #816 ) ;
#3940 = VERTEX_POINT ( 'NONE', #1968 ) ;
#3941 = AXIS2_PLACEMENT_3D ( 'NONE', #2578, #4097, #3340 ) ;
#3942 = CARTESIAN_POINT ( 'NONE',  ( 104.6473657206397689, -0.9599107665869619499, 4.040089233413037384 ) ) ;
#3943 = CARTESIAN_POINT ( 'NONE',  ( 57.62499999999978684, 2.871737586104897556E-13, 5.000000000000286882 ) ) ;
#3944 = EDGE_LOOP ( 'NONE', ( #8205, #5804, #5543, #6072 ) ) ;
#3945 = AXIS2_PLACEMENT_3D ( 'NONE', #761, #7467, #2778 ) ;
#3946 = CIRCLE ( 'NONE', #498, 3.904737509655568761 ) ;
#3947 = CARTESIAN_POINT ( 'NONE',  ( 94.02374954628649562, -0.6401341107417659604, 4.359865889258234262 ) ) ;
#3948 = CARTESIAN_POINT ( 'NONE',  ( 20.65967868777048011, -4.686141179195690398, -0.3138588208043096572 ) ) ;
#3949 = CARTESIAN_POINT ( 'NONE',  ( 4.785093130367743086, -0.7089385799077767558, 4.291061420092223244 ) ) ;
#3950 = CYLINDRICAL_SURFACE ( 'NONE', #3398, 1.000000000000000000 ) ;
#3951 = VERTEX_POINT ( 'NONE', #4707 ) ;
#3952 = CARTESIAN_POINT ( 'NONE',  ( 10.87500000000000000, -3.671958834454336351, -1.328041165545663649 ) ) ;
#3953 = CARTESIAN_POINT ( 'NONE',  ( 30.27225720788700514, -5.000000000000000888, 1.633832440481627706E-15 ) ) ;
#3954 = DIRECTION ( 'NONE',  ( 0.000000000000000000, -1.000000000000000000, 0.000000000000000000 ) ) ;
#3955 = B_SPLINE_CURVE_WITH_KNOTS ( 'NONE', 3,
 ( #7667, #1551, #2262, #7843, #3070, #2983, #290, #5702, #1042, #6506, #8419, #375, #5835, #5165, #1089, #4996 ),
 .UNSPECIFIED., .F., .F.,
 ( 4, 2, 2, 2, 2, 2, 2, 4 ),
 ( 4.818711198665872809E-07, 0.0008765200830274456944, 0.001314539188981235377, 0.001752558294935024951, 0.002190577400888814308, 0.002628596506842603882, 0.003066615612796393456, 0.003504634718750183030 ),
 .UNSPECIFIED. ) ;
#3956 = CARTESIAN_POINT ( 'NONE',  ( 54.87499999999999289, -3.671958834454339460, 1.328041165545660540 ) ) ;
#3957 = VERTEX_POINT ( 'NONE', #1746 ) ;
#3958 = B_SPLINE_CURVE_WITH_KNOTS ( 'NONE', 3,
 ( #3566, #1130, #1079, #6616, #6540, #4537, #488, #4621, #7165, #4496, #8585, #3286 ),
 .UNSPECIFIED., .F., .F.,
 ( 4, 2, 2, 2, 2, 4 ),
 ( 0.003504634718722713684, 0.003941423334001038087, 0.004378211949279363358, 0.005251789179836012164, 0.006125366410392660971, 0.006998943640949310645 ),
 .UNSPECIFIED. ) ;
#3959 = CARTESIAN_POINT ( 'NONE',  ( 98.75378377920364414, -3.863136006093112140, -1.136863993906888304 ) ) ;
#3960 = CARTESIAN_POINT ( 'NONE',  ( 105.9782194156834834, -4.840676868219794038, -0.1593231317802043800 ) ) ;
#3961 = EDGE_CURVE ( 'NONE', #8098, #6890, #2549, .T. ) ;
#3962 = LINE ( 'NONE', #6233, #4520 ) ;
#3963 = CARTESIAN_POINT ( 'NONE',  ( 82.37499999999998579, -1.328041165545655877, -3.671958834454344345 ) ) ;
#3964 = EDGE_CURVE ( 'NONE', #7969, #5484, #6417, .T. ) ;
#3965 = CARTESIAN_POINT ( 'NONE',  ( 116.0188004488422564, -4.366408635911700031, -0.6335913640883005238 ) ) ;
#3966 = AXIS2_PLACEMENT_3D ( 'NONE', #6352, #5630, #6400 ) ;
#3967 = AXIS2_PLACEMENT_3D ( 'NONE', #8442, #851, #2191 ) ;
#3968 = CARTESIAN_POINT ( 'NONE',  ( 40.82874637064228551, -0.008301598518915612179, -4.991698401481082570 ) ) ;
#3969 = CIRCLE ( 'NONE', #6252, 3.904737509655565653 ) ;
#3970 = ORIENTED_EDGE ( 'NONE', *, *, #3220, .T. ) ;
#3971 = CARTESIAN_POINT ( 'NONE',  ( 4.000000000000000000, 0.000000000000000000, 0.000000000000000000 ) ) ;
#3972 = VERTEX_POINT ( 'NONE', #8546 ) ;
#3973 = CARTESIAN_POINT ( 'NONE',  ( 67.47953806259079101, -0.1676550930109081683, 4.832344906989090916 ) ) ;
#3974 = EDGE_CURVE ( 'NONE', #704, #3877, #5263, .T. ) ;
#3975 = AXIS2_PLACEMENT_3D ( 'NONE', #4926, #7736, #4400 ) ;
#3976 = CARTESIAN_POINT ( 'NONE',  ( 82.25399883711745019, -1.137203174285757346, 3.862796825714243987 ) ) ;
#3977 = CIRCLE ( 'NONE', #820, 3.999999999999997335 ) ;
#3978 = TOROIDAL_SURFACE ( 'NONE', #1119, 1.000000000000000000, 4.000000000000001776 ) ;
#3979 = AXIS2_PLACEMENT_3D ( 'NONE', #1377, #710, #6272 ) ;
#3980 = ORIENTED_EDGE ( 'NONE', *, *, #7427, .T. ) ;
#3981 = DIRECTION ( 'NONE',  ( -0.000000000000000000, 1.000000000000000000, 1.224646799147353207E-16 ) ) ;
#3982 = CIRCLE ( 'NONE', #6823, 4.000000000000000000 ) ;
#3983 = CARTESIAN_POINT ( 'NONE',  ( 61.97953806259078391, -0.1676550930109051152, 4.832344906989093580 ) ) ;
#3984 = CARTESIAN_POINT ( 'NONE',  ( 118.1249999999997726, 2.821161565220927584E-13, 5.000000000000282441 ) ) ;
#3985 = EDGE_LOOP ( 'NONE', ( #7094, #6825, #7287 ) ) ;
#3986 = EDGE_CURVE ( 'NONE', #2339, #4055, #1695, .T. ) ;
#3987 = CARTESIAN_POINT ( 'NONE',  ( 105.3515737627696467, -0.4321793203680497908, 4.567820679631950931 ) ) ;
#3988 = DIRECTION ( 'NONE',  ( 0.000000000000000000, -1.000000000000000000, 0.000000000000000000 ) ) ;
#3989 = ORIENTED_EDGE ( 'NONE', *, *, #6937, .T. ) ;
#3990 = CARTESIAN_POINT ( 'NONE',  ( 27.37500000000000000, -3.671958834454336351, -1.328041165545663871 ) ) ;
#3991 = CARTESIAN_POINT ( 'NONE',  ( 19.27225720791384944, -4.999999999998974154, -1.025872942638730540E-12 ) ) ;
#3992 = CARTESIAN_POINT ( 'NONE',  ( 61.74999999999999289, 1.224646799147353207E-16, -1.000000000000000000 ) ) ;
#3993 = ORIENTED_EDGE ( 'NONE', *, *, #2656, .T. ) ;
#3994 = EDGE_CURVE ( 'NONE', #8682, #7901, #540, .T. ) ;
#3995 = CARTESIAN_POINT ( 'NONE',  ( 57.77184353044837906, 1.096134749129949074E-14, 5.000000000000012434 ) ) ;
#3996 = DIRECTION ( 'NONE',  ( 0.000000000000000000, 0.000000000000000000, 1.000000000000000000 ) ) ;
#3997 = CARTESIAN_POINT ( 'NONE',  ( 100.2500000000000000, 0.000000000000000000, 0.000000000000000000 ) ) ;
#3998 = TOROIDAL_SURFACE ( 'NONE', #989, 1.000000000000000000, 3.999999999999996447 ) ;
#3999 = CARTESIAN_POINT ( 'NONE',  ( 8.124999999999790390, 2.845937283064018932E-13, -5.000000000000284217 ) ) ;
#4000 = AXIS2_PLACEMENT_3D ( 'NONE', #2827, #4790, #8214 ) ;
#4001 = CARTESIAN_POINT ( 'NONE',  ( 107.8505981340147883, -0.06404366728010907339, -4.935956332719892536 ) ) ;
#4002 = CARTESIAN_POINT ( 'NONE',  ( 94.97821941570039428, -4.840676868225227025, 0.1593231317747715869 ) ) ;
#4003 = CARTESIAN_POINT ( 'NONE',  ( 36.77178058431635321, -0.1593231317801528379, -4.840676868219846440 ) ) ;
#4004 = DIRECTION ( 'NONE',  ( 0.000000000000000000, -1.224646799147353207E-16, 1.000000000000000000 ) ) ;
#4005 = FACE_OUTER_BOUND ( 'NONE', #7971, .T. ) ;
#4006 = EDGE_LOOP ( 'NONE', ( #2089, #695, #1505 ) ) ;
#4007 = ADVANCED_FACE ( 'NONE', ( #6650 ), #4119, .T. ) ;
#4008 = DIRECTION ( 'NONE',  ( -1.000000000000000000, 0.000000000000000000, -0.000000000000000000 ) ) ;
#4009 = DIRECTION ( 'NONE',  ( 0.000000000000000000, 0.000000000000000000, 1.000000000000000000 ) ) ;
#4010 = ORIENTED_EDGE ( 'NONE', *, *, #6871, .T. ) ;
#4011 = ORIENTED_EDGE ( 'NONE', *, *, #1525, .T. ) ;
#4012 = CARTESIAN_POINT ( 'NONE',  ( 16.25378377920365480, -3.863136006093128572, 1.136863993906871650 ) ) ;
#4013 = CARTESIAN_POINT ( 'NONE',  ( 37.39842623724020854, -4.567820679626509062, -0.4321793203734921596 ) ) ;
#4014 = CARTESIAN_POINT ( 'NONE',  ( 101.6249999999997868, 2.818544231345960265E-13, 5.000000000000282441 ) ) ;
#4015 = DIRECTION ( 'NONE',  ( -1.000000000000000000, -0.000000000000000000, -0.000000000000000000 ) ) ;
#4016 = DIRECTION ( 'NONE',  ( 0.000000000000000000, -1.224646799147353207E-16, 1.000000000000000000 ) ) ;
#4017 = VERTEX_POINT ( 'NONE', #5402 ) ;
#4018 = ADVANCED_FACE ( 'NONE', ( #4646 ), #5544, .F. ) ;
#4019 = DIRECTION ( 'NONE',  ( 0.000000000000000000, 0.000000000000000000, 1.000000000000000000 ) ) ;
#4020 = CARTESIAN_POINT ( 'NONE',  ( 24.62500000000000000, 0.000000000000000000, 0.000000000000000000 ) ) ;
#4021 = CARTESIAN_POINT ( 'NONE',  ( 50.59032131224200413, -0.3138588207986880430, 4.686141179201312568 ) ) ;
#4022 = CARTESIAN_POINT ( 'NONE',  ( 35.33253412545226979, -4.991957775359334271, -0.008042224640665977461 ) ) ;
#4023 = CARTESIAN_POINT ( 'NONE',  ( 106.3966523491559428, -0.06459124882792550981, 4.935408751172074560 ) ) ;
#4024 = CARTESIAN_POINT ( 'NONE',  ( 79.62500000002799538, -5.000000000000000888, -4.336808689942017736E-16 ) ) ;
#4025 = ORIENTED_EDGE ( 'NONE', *, *, #3531, .F. ) ;
#4026 = B_SPLINE_CURVE_WITH_KNOTS ( 'NONE', 3,
 ( #4598, #5268, #7974, #4471, #7227, #6637, #509, #3257, #1230, #1896, #7363, #1053, #3793, #6516, #385, #8565 ),
 .UNSPECIFIED., .F., .F.,
 ( 4, 2, 2, 2, 2, 2, 2, 4 ),
 ( 4.818711198696414699E-07, 0.0008765200830274564280, 0.001314539188981249688, 0.001752558294935043165, 0.002190577400888836426, 0.002628596506842629469, 0.003066615612796422946, 0.003504634718750216423 ),
 .UNSPECIFIED. ) ;
#4027 = ADVANCED_FACE ( 'NONE', ( #5989 ), #1198, .F. ) ;
#4028 = CYLINDRICAL_SURFACE ( 'NONE', #5518, 1.000000000000000000 ) ;
#4029 = LINE ( 'NONE', #8750, #8672 ) ;
#4030 = ORIENTED_EDGE ( 'NONE', *, *, #7095, .F. ) ;
#4031 = DIRECTION ( 'NONE',  ( 0.000000000000000000, 0.000000000000000000, 1.000000000000000000 ) ) ;
#4032 = CARTESIAN_POINT ( 'NONE',  ( 31.65967868775787508, -4.686141179201367635, -0.3138588207986341971 ) ) ;
#4033 = CARTESIAN_POINT ( 'NONE',  ( 123.6249999999999858, 1.224646799147353207E-16, -1.000000000000000000 ) ) ;
#4034 = EDGE_CURVE ( 'NONE', #836, #3951, #1395, .T. ) ;
#4035 = CARTESIAN_POINT ( 'NONE',  ( 54.99600116288350193, -3.862796825715729021, 1.137203174284271867 ) ) ;
#4036 = FACE_OUTER_BOUND ( 'NONE', #4254, .T. ) ;
#4037 = DIRECTION ( 'NONE',  ( -1.000000000000000000, -0.000000000000000000, -0.000000000000000000 ) ) ;
#4038 = DIRECTION ( 'NONE',  ( -1.000000000000000000, -0.000000000000000000, -0.000000000000000000 ) ) ;
#4039 = TOROIDAL_SURFACE ( 'NONE', #895, 1.000000000000000000, 4.000000000000001776 ) ;
#4040 = DIRECTION ( 'NONE',  ( -1.000000000000000000, -0.000000000000000000, -0.000000000000000000 ) ) ;
#4041 = CARTESIAN_POINT ( 'NONE',  ( 82.49621622079727956, -1.136863993905380177, -3.863136006094618935 ) ) ;
#4042 = EDGE_CURVE ( 'NONE', #1982, #2383, #6520, .T. ) ;
#4043 = AXIS2_PLACEMENT_3D ( 'NONE', #2641, #5742, #1679 ) ;
#4044 = DIRECTION ( 'NONE',  ( 0.000000000000000000, 0.000000000000000000, 1.000000000000000000 ) ) ;
#4045 = CARTESIAN_POINT ( 'NONE',  ( 40.97774279211274973, -1.005512811685583088E-14, -4.999999999999989342 ) ) ;
#4046 = CARTESIAN_POINT ( 'NONE',  ( 96.12499999999998579, 0.000000000000000000, 0.000000000000000000 ) ) ;
#4047 = ORIENTED_EDGE ( 'NONE', *, *, #4602, .F. ) ;
#4048 = EDGE_LOOP ( 'NONE', ( #8295, #2898, #8564 ) ) ;
#4049 = CARTESIAN_POINT ( 'NONE',  ( 16.37500000000000000, -1.328041165545662539, 3.671958834454338128 ) ) ;
#4050 = FACE_OUTER_BOUND ( 'NONE', #495, .T. ) ;
#4051 = CARTESIAN_POINT ( 'NONE',  ( 118.4174658745726703, -0.008042224642539931578, -4.991957775357460214 ) ) ;
#4052 = TOROIDAL_SURFACE ( 'NONE', #6345, 0.6790153017205606822, 4.320984698279439762 ) ;
#4053 = CARTESIAN_POINT ( 'NONE',  ( 93.64877465030178882, -4.041784260362676129, -0.9582157396373237601 ) ) ;
#4054 = VERTEX_POINT ( 'NONE', #4775 ) ;
#4055 = VERTEX_POINT ( 'NONE', #3442 ) ;
#4056 = CARTESIAN_POINT ( 'NONE',  ( 98.87499999999998579, -1.328041165545675195, 3.671958834454324805 ) ) ;
#4058 = CARTESIAN_POINT ( 'NONE',  ( 57.91746587457270579, -0.008042224642534800266, -4.991957775357466431 ) ) ;
#4057 = LOCAL_TIME ( 3, 33, 10.00000000000000000, #8597 ) ;
#4059 = ORIENTED_EDGE ( 'NONE', *, *, #7449, .T. ) ;
#4060 = CARTESIAN_POINT ( 'NONE',  ( 14.20631021352427936, -0.03993437491703474146, -4.960065625082964225 ) ) ;
#4061 = CARTESIAN_POINT ( 'NONE',  ( 4.000000000000000000, 0.000000000000000000, 0.9999999999999997780 ) ) ;
#4062 = ORIENTED_EDGE ( 'NONE', *, *, #6871, .F. ) ;
#4063 = CARTESIAN_POINT ( 'NONE',  ( 82.49600116288353036, -3.862796825715736571, 1.137203174284263651 ) ) ;
#4064 = EDGE_CURVE ( 'NONE', #7647, #1129, #1259, .T. ) ;
#4065 = CARTESIAN_POINT ( 'NONE',  ( 0.000000000000000000, 0.000000000000000000, 0.000000000000000000 ) ) ;
#4066 = ADVANCED_FACE ( 'NONE', ( #6877 ), #3275, .T. ) ;
#4067 = VERTEX_POINT ( 'NONE', #4911 ) ;
#4068 = B_SPLINE_CURVE_WITH_KNOTS ( 'NONE', 3,
 ( #6609, #1705, #2503, #4576, #7297, #481, #8662, #7990, #1872, #7159, #4611, #6704 ),
 .UNSPECIFIED., .F., .F.,
 ( 4, 2, 2, 2, 2, 4 ),
 ( 0.003504634718750216857, 0.003941423334025103906, 0.004378211949299990087, 0.005251789179849764184, 0.006125366410399537415, 0.006998943640949311512 ),
 .UNSPECIFIED. ) ;
#4069 = CARTESIAN_POINT ( 'NONE',  ( 24.62500000002790301, -5.000000000000000888, -4.336808689942017736E-16 ) ) ;
#4070 = CARTESIAN_POINT ( 'NONE',  ( 51.53886551654431258, -0.04063066961492661083, -4.959369330385073660 ) ) ;
#4071 = CARTESIAN_POINT ( 'NONE',  ( 19.12500000000000000, 0.000000000000000000, 0.000000000000000000 ) ) ;
#4072 = AXIS2_PLACEMENT_3D ( 'NONE', #3744, #5787, #8594 ) ;
#4073 = CARTESIAN_POINT ( 'NONE',  ( 28.01880044883592191, -4.366408635906866564, 0.6335913640931342128 ) ) ;
#4074 = ORIENTED_EDGE ( 'NONE', *, *, #6699, .F. ) ;
#4075 = CARTESIAN_POINT ( 'NONE',  ( 54.23119955116401769, -0.6335913640930941337, 4.366408635906906532 ) ) ;
#4076 = CARTESIAN_POINT ( 'NONE',  ( 30.12500000000000000, -5.000000000000000888, -4.336808689942017736E-16 ) ) ;
#4077 = ADVANCED_FACE ( 'NONE', ( #4154 ), #1118, .T. ) ;
#4078 = TOROIDAL_SURFACE ( 'NONE', #7215, 1.000000000000000000, 1.375000000000000000 ) ;
#4079 = AXIS2_PLACEMENT_3D ( 'NONE', #1311, #4091, #3428 ) ;
#4080 = AXIS2_PLACEMENT_3D ( 'NONE', #8008, #677, #4004 ) ;
#4081 = CARTESIAN_POINT ( 'NONE',  ( 24.47815646957797142, -5.000000000001024070, 1.024397623002851372E-12 ) ) ;
#4082 = CARTESIAN_POINT ( 'NONE',  ( 43.22625045371989216, -4.359865889253508264, -0.6401341107464911806 ) ) ;
#4083 = CARTESIAN_POINT ( 'NONE',  ( 0.000000000000000000, 1.224646799147353207E-16, -1.000000000000000000 ) ) ;
#4084 = CARTESIAN_POINT ( 'NONE',  ( 4.000000000000000000, 2.143131898507868051E-16, -0.9999999999999997780 ) ) ;
#4085 = DIRECTION ( 'NONE',  ( -1.000000000000000000, -0.000000000000000000, -0.000000000000000000 ) ) ;
#4086 = EDGE_CURVE ( 'NONE', #6426, #4163, #4110, .T. ) ;
#4087 = VERTEX_POINT ( 'NONE', #7493 ) ;
#4088 = CARTESIAN_POINT ( 'NONE',  ( 41.27184353044837195, 8.315110684958649698E-15, -5.000000000000007105 ) ) ;
#4089 = CARTESIAN_POINT ( 'NONE',  ( 105.7500000000000000, 0.000000000000000000, 0.000000000000000000 ) ) ;
#4090 = ORIENTED_EDGE ( 'NONE', *, *, #2364, .T. ) ;
#4091 = DIRECTION ( 'NONE',  ( -1.000000000000000000, -0.000000000000000000, -0.000000000000000000 ) ) ;
#4092 = ORIENTED_EDGE ( 'NONE', *, *, #7066, .F. ) ;
#4093 = VERTEX_POINT ( 'NONE', #26 ) ;
#4094 = CARTESIAN_POINT ( 'NONE',  ( 14.35059813401477768, -0.06404366728010663090, 4.935956332719894313 ) ) ;
#4095 = CIRCLE ( 'NONE', #5241, 1.375000000000001332 ) ;
#4096 = CARTESIAN_POINT ( 'NONE',  ( 43.87500000000000000, 4.781924292710294564E-16, -3.904737509655566097 ) ) ;
#4097 = DIRECTION ( 'NONE',  ( -1.000000000000000000, -0.000000000000000000, -0.000000000000000000 ) ) ;
#4098 = ADVANCED_FACE ( 'NONE', ( #5486 ), #7947, .T. ) ;
#4099 = CARTESIAN_POINT ( 'NONE',  ( 113.3533476508650750, -4.935408751168084862, -0.06459124883191545707 ) ) ;
#4100 = CARTESIAN_POINT ( 'NONE',  ( 16.37500000000000000, -1.328041165545662539, -3.671958834454338128 ) ) ;
#4101 = AXIS2_PLACEMENT_3D ( 'NONE', #173, #6935, #1653 ) ;
#4102 = CIRCLE ( 'NONE', #4816, 1.374999999999994227 ) ;
#4103 = ORIENTED_EDGE ( 'NONE', *, *, #2633, .F. ) ;
#4104 = DIRECTION ( 'NONE',  ( -1.000000000000000000, -0.000000000000000000, -0.000000000000000000 ) ) ;
#4105 = CARTESIAN_POINT ( 'NONE',  ( 65.60263427936256164, -4.040089233410260938, 0.9599107665897401720 ) ) ;
#4106 = AXIS2_PLACEMENT_3D ( 'NONE', #6799, #4, #1971 ) ;
#4107 = DIRECTION ( 'NONE',  ( -1.000000000000000000, -0.000000000000000000, -0.000000000000000000 ) ) ;
#4108 = CARTESIAN_POINT ( 'NONE',  ( 38.37499999999999289, -3.671958834454339460, 1.328041165545660540 ) ) ;
#4110 = CIRCLE ( 'NONE', #2829, 3.999999999999999112 ) ;
#4109 = CARTESIAN_POINT ( 'NONE',  ( 67.25000000000000000, 1.224646799147353207E-16, -1.000000000000000000 ) ) ;
#4111 = ORIENTED_EDGE ( 'NONE', *, *, #3096, .F. ) ;
#4112 = AXIS2_PLACEMENT_3D ( 'NONE', #8568, #7931, #1015 ) ;
#4113 = AXIS2_PLACEMENT_3D ( 'NONE', #2604, #4666, #7393 ) ;
#4114 = CARTESIAN_POINT ( 'NONE',  ( 113.9999999999999858, 1.224646799147353207E-16, -1.000000000000000000 ) ) ;
#4115 = CARTESIAN_POINT ( 'NONE',  ( 33.42277126958472167, -0.7176137099602842850, 4.282386290039717380 ) ) ;
#4116 = ORIENTED_EDGE ( 'NONE', *, *, #6031, .F. ) ;
#4117 = TOROIDAL_SURFACE ( 'NONE', #8236, 1.000000000000000000, 1.374999999999994227 ) ;
#4118 = B_SPLINE_CURVE_WITH_KNOTS ( 'NONE', 3,
 ( #736, #5522, #595, #7540, #1412, #8103, #8062, #3478, #7445, #4682, #1316, #1361, #7367, #2026, #2127, #1596 ),
 .UNSPECIFIED., .F., .F.,
 ( 4, 2, 2, 2, 2, 2, 2, 4 ),
 ( 4.818711198681143754E-07, 0.0008765200830205597095, 0.001314539188970918543, 0.001752558294921277484, 0.002190577400871636642, 0.002628596506821994933, 0.003066615612772354092, 0.003504634718722713250 ),
 .UNSPECIFIED. ) ;
#4119 = TOROIDAL_SURFACE ( 'NONE', #2109, 1.000000000000000000, 3.999999999999996447 ) ;
#4120 = CARTESIAN_POINT ( 'NONE',  ( 68.62500000002798117, -5.000000000000000888, -4.336808689942017736E-16 ) ) ;
#4121 = EDGE_CURVE ( 'NONE', #4288, #1282, #7795, .T. ) ;
#4122 = ORIENTED_EDGE ( 'NONE', *, *, #6031, .T. ) ;
#4123 = EDGE_CURVE ( 'NONE', #2950, #1912, #5395, .T. ) ;
#4124 = CARTESIAN_POINT ( 'NONE',  ( 19.27184353044838616, 8.418025188050047189E-15, 5.000000000000007105 ) ) ;
#4125 = ORIENTED_EDGE ( 'NONE', *, *, #4586, .T. ) ;
#4126 = CARTESIAN_POINT ( 'NONE',  ( 60.10122534970066965, -0.9582157396401950189, 4.041784260359805536 ) ) ;
#4127 = DIRECTION ( 'NONE',  ( 0.000000000000000000, -1.224646799147353207E-16, 1.000000000000000000 ) ) ;
#4128 = CARTESIAN_POINT ( 'NONE',  ( 26.00000000000000355, 0.000000000000000000, 1.000000000000000000 ) ) ;
#4129 = CARTESIAN_POINT ( 'NONE',  ( 121.7380246301067643, -0.4975987110858278162, 4.502401288914171573 ) ) ;
#4130 = DIRECTION ( 'NONE',  ( 0.000000000000000000, 0.000000000000000000, -1.000000000000000000 ) ) ;
#4131 = EDGE_CURVE ( 'NONE', #6933, #6695, #1824, .T. ) ;
#4132 = CARTESIAN_POINT ( 'NONE',  ( 41.71113448347799135, -4.959369330381699470, -0.04063066961830186230 ) ) ;
#4133 = CARTESIAN_POINT ( 'NONE',  ( 93.49600116288350193, -3.862796825715729021, 1.137203174284272089 ) ) ;
#4134 = CARTESIAN_POINT ( 'NONE',  ( 77.14877465030180304, -4.041784260362680570, 0.9582157396373196523 ) ) ;
#4135 = CARTESIAN_POINT ( 'NONE',  ( 20.65967868777047656, -4.686141179195690398, 0.3138588208043097683 ) ) ;
#4136 = AXIS2_PLACEMENT_3D ( 'NONE', #2083, #7334, #1201 ) ;
#4137 = CARTESIAN_POINT ( 'NONE',  ( 107.1250000000000000, 0.000000000000000000, 0.000000000000000000 ) ) ;
#4138 = CARTESIAN_POINT ( 'NONE',  ( 2.500000000000000000, 0.000000000000000000, 2.500000000000000000 ) ) ;
#4139 = EDGE_CURVE ( 'NONE', #2993, #6406, #4176, .T. ) ;
#4140 = CARTESIAN_POINT ( 'NONE',  ( 38.37499999999999289, -1.328041165545660540, -3.671958834454339460 ) ) ;
#4141 = EDGE_LOOP ( 'NONE', ( #2808, #7665, #882, #3281 ) ) ;
#4142 = FACE_OUTER_BOUND ( 'NONE', #5351, .T. ) ;
#4143 = ORIENTED_EDGE ( 'NONE', *, *, #6674, .T. ) ;
#4144 = ORIENTED_EDGE ( 'NONE', *, *, #2803, .T. ) ;
#4145 = CARTESIAN_POINT ( 'NONE',  ( 14.20631021352427936, -0.03993437491703474146, 4.960065625082964225 ) ) ;
#4146 = CARTESIAN_POINT ( 'NONE',  ( 63.12499999999977973, 2.853433197910877531E-13, -5.000000000000285105 ) ) ;
#4147 = CYLINDRICAL_SURFACE ( 'NONE', #6329, 1.000000000000000000 ) ;
#4148 = CARTESIAN_POINT ( 'NONE',  ( 105.7500000000000000, 0.000000000000000000, 0.000000000000000000 ) ) ;
#4149 = CARTESIAN_POINT ( 'NONE',  ( 25.77178058431637098, -0.1593231317801513391, -4.840676868219849993 ) ) ;
#4150 = ORIENTED_EDGE ( 'NONE', *, *, #789, .T. ) ;
#4151 = EDGE_CURVE ( 'NONE', #5632, #3951, #2393, .T. ) ;
#4152 = CARTESIAN_POINT ( 'NONE',  ( 62.11759796945996470, -0.1278684794971722549, -4.872131520502827939 ) ) ;
#4153 = CARTESIAN_POINT ( 'NONE',  ( 35.62499999999978684, 2.837560127215673901E-13, -5.000000000000283329 ) ) ;
#4154 = FACE_OUTER_BOUND ( 'NONE', #7489, .T. ) ;
#4155 = DIRECTION ( 'NONE',  ( 0.000000000000000000, 0.000000000000000000, 1.000000000000000000 ) ) ;
#4156 = CARTESIAN_POINT ( 'NONE',  ( 35.62500000002778933, -5.000000000000000888, -4.336808689942017736E-16 ) ) ;
#4157 = CARTESIAN_POINT ( 'NONE',  ( 112.6250000000000000, 1.224646799147353207E-16, -1.000000000000000000 ) ) ;
#4158 = DIRECTION ( 'NONE',  ( 0.000000000000000000, 0.000000000000000000, -1.000000000000000000 ) ) ;
#4159 = ORIENTED_EDGE ( 'NONE', *, *, #446, .F. ) ;
#4160 = VERTEX_POINT ( 'NONE', #4302 ) ;
#4161 = B_SPLINE_CURVE_WITH_KNOTS ( 'NONE', 3,
 ( #2879, #5775, #7743, #4365, #4889, #4279, #6945, #4411, #7079, #945, #3691, #6416, #995, #280, #4226, #813 ),
 .UNSPECIFIED., .F., .F.,
 ( 4, 2, 2, 2, 2, 2, 2, 4 ),
 ( 4.818711198559467471E-07, 0.0008765200830274422249, 0.001314539188981235594, 0.001752558294935028637, 0.002190577400888821680, 0.002628596506842615158, 0.003066615612796408201, 0.003504634718750198209 ),
 .UNSPECIFIED. ) ;
#4162 = DIRECTION ( 'NONE',  ( 0.000000000000000000, 0.000000000000000000, 1.000000000000000000 ) ) ;
#4163 = VERTEX_POINT ( 'NONE', #5139 ) ;
#4164 = DIRECTION ( 'NONE',  ( 0.000000000000000000, 0.000000000000000000, 1.000000000000000000 ) ) ;
#4165 = DIRECTION ( 'NONE',  ( 0.000000000000000000, 0.000000000000000000, 1.000000000000000000 ) ) ;
#4166 = VERTEX_POINT ( 'NONE', #3795 ) ;
#4167 = CARTESIAN_POINT ( 'NONE',  ( 19.70631021352427226, -0.03993437491703649700, 4.960065625082964225 ) ) ;
#4168 = ORIENTED_EDGE ( 'NONE', *, *, #8306, .F. ) ;
#4169 = DIRECTION ( 'NONE',  ( -1.000000000000000000, -0.000000000000000000, -0.000000000000000000 ) ) ;
#4170 = FACE_OUTER_BOUND ( 'NONE', #15, .T. ) ;
#4171 = EDGE_CURVE ( 'NONE', #7426, #6680, #400, .T. ) ;
#4172 = DIRECTION ( 'NONE',  ( 0.000000000000000000, -1.224646799147353207E-16, 1.000000000000000000 ) ) ;
#4173 = CARTESIAN_POINT ( 'NONE',  ( 108.5338363723698620, -0.2517800035653031121, -4.748219996434698054 ) ) ;
#4174 = CARTESIAN_POINT ( 'NONE',  ( 71.37500000000000000, -1.328041165545675195, 3.671958834454324805 ) ) ;
#4175 = CARTESIAN_POINT ( 'NONE',  ( 36.35059813401476703, -0.06404366728010842114, -4.935956332719892536 ) ) ;
#4176 = B_SPLINE_CURVE_WITH_KNOTS ( 'NONE', 3,
 ( #3585, #6302, #6775, #6119, #8830, #2718, #5713, #2995, #1056, #3041, #6474, #3625, #3672, #7055, #8334, #8431 ),
 .UNSPECIFIED., .F., .F.,
 ( 4, 2, 2, 2, 2, 2, 2, 4 ),
 ( 4.818711198674780419E-07, 0.0008765200830205889830, 0.001314539188970937408, 0.001752558294921285941, 0.002190577400871634040, 0.002628596506821982790, 0.003066615612772331540, 0.003504634718722679856 ),
 .UNSPECIFIED. ) ;
#4177 = CARTESIAN_POINT ( 'NONE',  ( 112.4781564695780389, -5.000000000001025846, -1.023795382577353161E-12 ) ) ;
#4178 = CARTESIAN_POINT ( 'NONE',  ( 0.000000000000000000, 1.224646799147353207E-16, -1.000000000000000000 ) ) ;
#4179 = CARTESIAN_POINT ( 'NONE',  ( 82.64736572063975473, -0.9599107665869561767, -4.040089233413043601 ) ) ;
#4180 = EDGE_CURVE ( 'NONE', #2950, #4726, #5799, .T. ) ;
#4181 = EDGE_CURVE ( 'NONE', #7147, #755, #8532, .T. ) ;
#4182 = DIRECTION ( 'NONE',  ( 0.000000000000000000, 0.000000000000000000, -1.000000000000000000 ) ) ;
#4183 = CARTESIAN_POINT ( 'NONE',  ( 0.000000000000000000, 0.000000000000000000, 1.000000000000000000 ) ) ;
#4184 = CARTESIAN_POINT ( 'NONE',  ( 107.4174658745726703, -0.008042224642539331364, 4.991957775357460214 ) ) ;
#4185 = CARTESIAN_POINT ( 'NONE',  ( 123.6249999999999858, 0.000000000000000000, 0.000000000000000000 ) ) ;
#4186 = ORIENTED_EDGE ( 'NONE', *, *, #231, .T. ) ;
#4187 = EDGE_LOOP ( 'NONE', ( #6705, #987, #1764, #7179 ) ) ;
#4188 = DIRECTION ( 'NONE',  ( 0.000000000000000000, 0.000000000000000000, -1.000000000000000000 ) ) ;
#4189 = CARTESIAN_POINT ( 'NONE',  ( 64.27178058431637453, -0.1593231317801525326, -4.840676868219847329 ) ) ;
#4190 = DIRECTION ( 'NONE',  ( -1.000000000000000000, -0.000000000000000000, -0.000000000000000000 ) ) ;
#4191 = CARTESIAN_POINT ( 'NONE',  ( 109.7537837792026920, -3.863136006094643360, 1.136863993905356418 ) ) ;
#4192 = CARTESIAN_POINT ( 'NONE',  ( 101.6250000000000000, 0.000000000000000000, 0.000000000000000000 ) ) ;
#4193 = ADVANCED_FACE ( 'NONE', ( #1638 ), #5534, .T. ) ;
#4194 = AXIS2_PLACEMENT_3D ( 'NONE', #312, #5024, #2961 ) ;
#4195 = VERTEX_POINT ( 'NONE', #8470 ) ;
#4196 = DIRECTION ( 'NONE',  ( 0.000000000000000000, 0.000000000000000000, 1.000000000000000000 ) ) ;
#4197 = CARTESIAN_POINT ( 'NONE',  ( 32.23119955116401769, -0.6335913640930939117, 4.366408635906906532 ) ) ;
#4198 = ORIENTED_EDGE ( 'NONE', *, *, #1194, .F. ) ;
#4199 = B_SPLINE_CURVE_WITH_KNOTS ( 'NONE', 3,
 ( #7601, #7312, #712, #8120, #6584, #7508, #457, #1381, #4073, #2774, #3201, #2004 ),
 .UNSPECIFIED., .F., .F.,
 ( 4, 2, 2, 2, 2, 4 ),
 ( 0.003504634718750448876, 0.003941423334025299062, 0.004378211949300149682, 0.005251789179849860462, 0.006125366410399570374, 0.006998943640949281154 ),
 .UNSPECIFIED. ) ;
#4200 = ORIENTED_EDGE ( 'NONE', *, *, #6190, .T. ) ;
#4201 = CARTESIAN_POINT ( 'NONE',  ( 8.272257207913868982, -4.999999999998975042, 1.025667960665498029E-12 ) ) ;
#4202 = CARTESIAN_POINT ( 'NONE',  ( 30.12499999999979039, 2.861759535918290366E-13, -5.000000000000285993 ) ) ;
#4203 = VECTOR ( 'NONE', #221, 1000.000000000000000 ) ;
#4204 = CARTESIAN_POINT ( 'NONE',  ( 85.71113448347813346, -4.959369330381671048, 0.04063066961832845908 ) ) ;
#4205 = DIRECTION ( 'NONE',  ( 0.000000000000000000, 0.000000000000000000, 1.000000000000000000 ) ) ;
#4206 = ADVANCED_FACE ( 'NONE', ( #5008 ), #7725, .F. ) ;
#4207 = EDGE_LOOP ( 'NONE', ( #4308, #6061, #7639, #4875, #6885, #955 ) ) ;
#4208 = AXIS2_PLACEMENT_3D ( 'NONE', #2210, #5611, #3525 ) ;
#4209 = VERTEX_POINT ( 'NONE', #7101 ) ;
#4210 = LOCAL_TIME ( 3, 33, 10.00000000000000000, #5790 ) ;
#4211 = ORIENTED_EDGE ( 'NONE', *, *, #4781, .F. ) ;
#4212 = CARTESIAN_POINT ( 'NONE',  ( 101.6249999999997868, 2.819348912645851850E-13, -5.000000000000282441 ) ) ;
#4213 = FACE_OUTER_BOUND ( 'NONE', #168, .T. ) ;
#4214 = B_SPLINE_CURVE_WITH_KNOTS ( 'NONE', 3,
 ( #7719, #4191, #962, #6247, #294, #5706, #2937, #780, #3527, #4243, #6960, #3034, #5743, #2212, #5657, #4950 ),
 .UNSPECIFIED., .F., .F.,
 ( 4, 2, 2, 2, 2, 2, 2, 4 ),
 ( 4.818711198676053086E-07, 0.0008765200830274907972, 0.001314539188981314307, 0.001752558294935138358, 0.002190577400888962193, 0.002628596506842786028, 0.003066615612796610296, 0.003504634718750434131 ),
 .UNSPECIFIED. ) ;
#4215 = CARTESIAN_POINT ( 'NONE',  ( 37.00000000000000000, 1.224646799147353207E-16, -1.000000000000000000 ) ) ;
#4216 = ORIENTED_EDGE ( 'NONE', *, *, #7030, .T. ) ;
#4217 = CARTESIAN_POINT ( 'NONE',  ( 111.2500000000000000, 0.000000000000000000, 0.000000000000000000 ) ) ;
#4218 = CARTESIAN_POINT ( 'NONE',  ( 99.14736572063975473, -0.9599107665869606176, 4.040089233413039160 ) ) ;
#4219 = DIRECTION ( 'NONE',  ( 0.000000000000000000, 0.000000000000000000, 1.000000000000000000 ) ) ;
#4220 = ADVANCED_FACE ( 'NONE', ( #975 ), #7262, .T. ) ;
#4221 = CARTESIAN_POINT ( 'NONE',  ( 112.7722572079139667, -4.999999999998964384, 1.034287579694991371E-12 ) ) ;
#4222 = TOROIDAL_SURFACE ( 'NONE', #4372, 1.000000000000000000, 4.000000000000000000 ) ;
#4223 = CARTESIAN_POINT ( 'NONE',  ( 24.04368978649825905, -4.960065625086341967, -0.03993437491365967734 ) ) ;
#4224 = FACE_OUTER_BOUND ( 'NONE', #8192, .T. ) ;
#4225 = CARTESIAN_POINT ( 'NONE',  ( 63.12499999999998579, 1.224646799147353207E-16, -1.000000000000000000 ) ) ;
#4226 = CARTESIAN_POINT ( 'NONE',  ( 7.977742792112747949, -9.359996411475715486E-15, -4.999999999999991118 ) ) ;
#4227 = TOROIDAL_SURFACE ( 'NONE', #7643, 1.000000000000000000, 3.999999999999997335 ) ;
#4228 = CARTESIAN_POINT ( 'NONE',  ( 80.35334765086507502, -4.935408751168086638, 0.06459124883191552646 ) ) ;
#4229 = CARTESIAN_POINT ( 'NONE',  ( 122.2499999999999858, 1.224646799147353207E-16, -1.000000000000000000 ) ) ;
#4230 = VECTOR ( 'NONE', #8045, 1000.000000000000000 ) ;
#4231 = DIRECTION ( 'NONE',  ( 0.000000000000000000, 0.000000000000000000, 1.000000000000000000 ) ) ;
#4232 = CIRCLE ( 'NONE', #365, 3.904737509655562544 ) ;
#4233 = CIRCLE ( 'NONE', #793, 3.999999999999999112 ) ;
#4234 = ORIENTED_EDGE ( 'NONE', *, *, #5882, .F. ) ;
#4235 = EDGE_CURVE ( 'NONE', #7020, #8254, #3875, .T. ) ;
#4236 = DIRECTION ( 'NONE',  ( -1.000000000000000000, -0.000000000000000000, -0.000000000000000000 ) ) ;
#4237 = EDGE_CURVE ( 'NONE', #3198, #6275, #223, .T. ) ;
#4238 = ORIENTED_EDGE ( 'NONE', *, *, #2744, .F. ) ;
#4239 = ORIENTED_EDGE ( 'NONE', *, *, #5554, .F. ) ;
#4240 = CARTESIAN_POINT ( 'NONE',  ( 0.000000000000000000, 1.224646799147353207E-16, -1.000000000000000000 ) ) ;
#4241 = CARTESIAN_POINT ( 'NONE',  ( 65.87499999999998579, -3.671958834454331466, -1.328041165545668756 ) ) ;
#4242 = DIRECTION ( 'NONE',  ( 0.000000000000000000, 0.000000000000000000, 1.000000000000000000 ) ) ;
#4243 = CARTESIAN_POINT ( 'NONE',  ( 108.2704619374090669, -4.832344906989143318, 0.1676550930108581250 ) ) ;
#4244 = CARTESIAN_POINT ( 'NONE',  ( 24.77184353044837906, 9.361408133054524192E-15, -5.000000000000008882 ) ) ;
#4245 = ORIENTED_EDGE ( 'NONE', *, *, #8476, .F. ) ;
#4246 = CARTESIAN_POINT ( 'NONE',  ( 86.50000000000000000, 0.000000000000000000, 1.000000000000000000 ) ) ;
#4247 = DIRECTION ( 'NONE',  ( 0.000000000000000000, 0.000000000000000000, 1.000000000000000000 ) ) ;
#4248 = EDGE_CURVE ( 'NONE', #7576, #7192, #1961, .T. ) ;
#4249 = VERTEX_POINT ( 'NONE', #4600 ) ;
#4250 = CARTESIAN_POINT ( 'NONE',  ( 8.125000000027860381, -5.000000000000000888, -4.336808689942017736E-16 ) ) ;
#4251 = CARTESIAN_POINT ( 'NONE',  ( 31.27178058431637098, -0.1593231317801504510, -4.840676868219849993 ) ) ;
#4252 = CARTESIAN_POINT ( 'NONE',  ( 0.000000000000000000, 1.224646799147353207E-16, -1.000000000000000000 ) ) ;
#4253 = CARTESIAN_POINT ( 'NONE',  ( 34.61759796945997891, -0.1278684794971736705, 4.872131520502827051 ) ) ;
#4254 = EDGE_LOOP ( 'NONE', ( #8485, #8722, #5106 ) ) ;
#4255 = AXIS2_PLACEMENT_3D ( 'NONE', #1875, #534, #2632 ) ;
#4256 = VERTEX_POINT ( 'NONE', #4678 ) ;
#4257 = TOROIDAL_SURFACE ( 'NONE', #4106, 1.000000000000000000, 4.000000000000001776 ) ;
#4258 = CARTESIAN_POINT ( 'NONE',  ( 44.85157376276964669, -0.4321793203680398543, -4.567820679631961589 ) ) ;
#4259 = CARTESIAN_POINT ( 'NONE',  ( 118.1249999999999858, 0.000000000000000000, 0.000000000000000000 ) ) ;
#4260 = ORIENTED_EDGE ( 'NONE', *, *, #8258, .T. ) ;
#4261 = ADVANCED_FACE ( 'NONE', ( #1149 ), #531, .F. ) ;
#4262 = CIRCLE ( 'NONE', #6811, 3.999999999999999112 ) ;
#4263 = AXIS2_PLACEMENT_3D ( 'NONE', #5774, #5116, #4535 ) ;
#4264 = CARTESIAN_POINT ( 'NONE',  ( 123.3287483383676317, -4.999999999999998224, 1.703806773402024540E-15 ) ) ;
#4265 = ORIENTED_EDGE ( 'NONE', *, *, #5668, .T. ) ;
#4266 = CARTESIAN_POINT ( 'NONE',  ( 27.37500000000000000, 0.000000000000000000, 0.000000000000000000 ) ) ;
#4267 = AXIS2_PLACEMENT_3D ( 'NONE', #8481, #2230, #8397 ) ;
#4268 = VERTEX_POINT ( 'NONE', #557 ) ;
#4269 = CARTESIAN_POINT ( 'NONE',  ( 16.64736572063977604, -0.9599107665869519579, -4.040089233413048930 ) ) ;
#4270 = CARTESIAN_POINT ( 'NONE',  ( 63.12500000002798117, -5.000000000000000888, -4.336808689942017736E-16 ) ) ;
#4271 = AXIS2_PLACEMENT_3D ( 'NONE', #3182, #6608, #5945 ) ;
#4272 = AXIS2_PLACEMENT_3D ( 'NONE', #825, #7799, #3575 ) ;
#4273 = VECTOR ( 'NONE', #8389, 1000.000000000000000 ) ;
#4274 = FACE_OUTER_BOUND ( 'NONE', #3676, .T. ) ;
#4275 = AXIS2_PLACEMENT_3D ( 'NONE', #6011, #7528, #8725 ) ;
#4276 = EDGE_CURVE ( 'NONE', #8211, #5012, #5450, .T. ) ;
#4277 = CARTESIAN_POINT ( 'NONE',  ( 75.27178058431637453, -0.1593231317801557245, 4.840676868219844664 ) ) ;
#4278 = CARTESIAN_POINT ( 'NONE',  ( 0.000000000000000000, 0.000000000000000000, 1.000000000000000000 ) ) ;
#4279 = CARTESIAN_POINT ( 'NONE',  ( 6.238272423071736128, -0.4974474678478690848, -4.502552532152130027 ) ) ;
#4280 = CARTESIAN_POINT ( 'NONE',  ( 81.82722873042058609, -4.282386290035405274, 0.7176137099645942818 ) ) ;
#4281 = CARTESIAN_POINT ( 'NONE',  ( 43.87500000000000000, -3.671958834454339460, 1.328041165545660540 ) ) ;
#4282 = LINE ( 'NONE', #417, #7824 ) ;
#4283 = AXIS2_PLACEMENT_3D ( 'NONE', #411, #2463, #5196 ) ;
#4284 = DIRECTION ( 'NONE',  ( -1.000000000000000000, -0.000000000000000000, -0.000000000000000000 ) ) ;
#4285 = ORIENTED_EDGE ( 'NONE', *, *, #3331, .T. ) ;
#4286 = FACE_OUTER_BOUND ( 'NONE', #8246, .T. ) ;
#4287 = EDGE_LOOP ( 'NONE', ( #4841, #2259, #3757 ) ) ;
#4288 = VERTEX_POINT ( 'NONE', #467 ) ;
#4289 = CARTESIAN_POINT ( 'NONE',  ( 76.23119955116398216, -0.6335913640930985746, -4.366408635906902980 ) ) ;
#4290 = CARTESIAN_POINT ( 'NONE',  ( 63.41746587457268447, -0.008042224642536045798, -4.991957775357463767 ) ) ;
#4291 = DIRECTION ( 'NONE',  ( 0.000000000000000000, 0.000000000000000000, 1.000000000000000000 ) ) ;
#4292 = DIRECTION ( 'NONE',  ( -1.000000000000000000, -0.000000000000000000, -0.000000000000000000 ) ) ;
#4293 = CARTESIAN_POINT ( 'NONE',  ( 69.77178058431637453, -0.1593231317801559743, -4.840676868219844664 ) ) ;
#4294 = AXIS2_PLACEMENT_3D ( 'NONE', #4505, #4085, #7476 ) ;
#4295 = ADVANCED_FACE ( 'NONE', ( #1277 ), #6673, .F. ) ;
#4296 = ORIENTED_EDGE ( 'NONE', *, *, #2862, .T. ) ;
#4297 = CARTESIAN_POINT ( 'NONE',  ( 109.0117275769281946, -4.502552532152180653, -0.4974474678478197909 ) ) ;
#4298 = FACE_OUTER_BOUND ( 'NONE', #1518, .T. ) ;
#4299 = ORIENTED_EDGE ( 'NONE', *, *, #6229, .T. ) ;
#4300 = CIRCLE ( 'NONE', #5564, 3.904737509655562544 ) ;
#4301 = ORIENTED_EDGE ( 'NONE', *, *, #3560, .T. ) ;
#4302 = CARTESIAN_POINT ( 'NONE',  ( 90.62499999999977263, 2.819534933157905838E-13, -5.000000000000282441 ) ) ;
#4303 = CARTESIAN_POINT ( 'NONE',  ( 0.000000000000000000, 0.000000000000000000, 0.000000000000000000 ) ) ;
#4304 = CARTESIAN_POINT ( 'NONE',  ( 47.77046193742612701, -4.832344906983800037, 0.1676550930162006015 ) ) ;
#4305 = CARTESIAN_POINT ( 'NONE',  ( 5.375000000000000000, -1.328041165545665425, 3.671958834454335019 ) ) ;
#4306 = ORIENTED_EDGE ( 'NONE', *, *, #5111, .F. ) ;
#4307 = EDGE_CURVE ( 'NONE', #7886, #3376, #6946, .T. ) ;
#4308 = ORIENTED_EDGE ( 'NONE', *, *, #7143, .T. ) ;
#4309 = FACE_OUTER_BOUND ( 'NONE', #5628, .T. ) ;
#4310 = CARTESIAN_POINT ( 'NONE',  ( 96.41746587457267026, -0.008042224642539529122, -4.991957775357460214 ) ) ;
#4311 = ORIENTED_EDGE ( 'NONE', *, *, #6421, .F. ) ;
#4312 = DIRECTION ( 'NONE',  ( 0.000000000000000000, 0.000000000000000000, 1.000000000000000000 ) ) ;
#4313 = EDGE_LOOP ( 'NONE', ( #6842, #2298, #5605, #8536, #3887, #1898 ) ) ;
#4314 = FACE_OUTER_BOUND ( 'NONE', #2204, .T. ) ;
#4315 = FACE_OUTER_BOUND ( 'NONE', #397, .T. ) ;
#4316 = EDGE_CURVE ( 'NONE', #3549, #1062, #8377, .T. ) ;
#4317 = CARTESIAN_POINT ( 'NONE',  ( 92.39842623724025827, -4.567820679626460212, 0.4321793203735401767 ) ) ;
#4318 = CARTESIAN_POINT ( 'NONE',  ( 0.000000000000000000, 0.000000000000000000, 0.000000000000000000 ) ) ;
#4319 = CARTESIAN_POINT ( 'NONE',  ( 122.0899636717130363, -0.3140197199590910038, -4.685980280040910273 ) ) ;
#4320 = CARTESIAN_POINT ( 'NONE',  ( 11.52374954628649917, -0.6401341107417615195, -4.359865889258239591 ) ) ;
#4321 = CARTESIAN_POINT ( 'NONE',  ( 10.01172757693692361, -4.502552532146846254, -0.4974474678531555782 ) ) ;
#4322 = EDGE_LOOP ( 'NONE', ( #2574, #2317, #8469, #7144, #1256, #1826 ) ) ;
#4323 = LINE ( 'NONE', #282, #1842 ) ;
#4324 = EDGE_CURVE ( 'NONE', #4530, #6451, #5254, .T. ) ;
#4325 = DIRECTION ( 'NONE',  ( 0.000000000000000000, 0.000000000000000000, 1.000000000000000000 ) ) ;
#4326 = LINE ( 'NONE', #4183, #2333 ) ;
#4327 = VERTEX_POINT ( 'NONE', #5345 ) ;
#4328 = CARTESIAN_POINT ( 'NONE',  ( 112.9174658745726560, -0.008042224642539314017, 4.991957775357460214 ) ) ;
#4329 = ORIENTED_EDGE ( 'NONE', *, *, #8474, .F. ) ;
#4330 = CARTESIAN_POINT ( 'NONE',  ( 92.03383637236983361, -0.2517800035653064428, 4.748219996434693613 ) ) ;
#4331 = DIRECTION ( 'NONE',  ( 0.000000000000000000, -1.224646799147353207E-16, 1.000000000000000000 ) ) ;
#4332 = DIRECTION ( 'NONE',  ( -1.000000000000000000, -0.000000000000000000, -0.000000000000000000 ) ) ;
#4333 = DIRECTION ( 'NONE',  ( -1.000000000000000000, -0.000000000000000000, -0.000000000000000000 ) ) ;
#4334 = ADVANCED_FACE ( 'NONE', ( #2446 ), #6402, .T. ) ;
#4335 = ORIENTED_EDGE ( 'NONE', *, *, #8188, .T. ) ;
#4336 = CARTESIAN_POINT ( 'NONE',  ( 8.706310213524274033, -0.03993437491703480391, 4.960065625082965113 ) ) ;
#4337 = B_SPLINE_CURVE_WITH_KNOTS ( 'NONE', 3,
 ( #3564, #6896, #144, #898, #6231, #5731, #2157, #5067, #5691, #2922, #8268, #4888 ),
 .UNSPECIFIED., .F., .F.,
 ( 4, 2, 2, 2, 2, 4 ),
 ( 0.003504634718722713250, 0.003941423334001038087, 0.004378211949279362490, 0.005251789179836011297, 0.006125366410392660971, 0.006998943640949309777 ),
 .UNSPECIFIED. ) ;
#4338 = DIRECTION ( 'NONE',  ( -1.000000000000000000, -0.000000000000000000, -0.000000000000000000 ) ) ;
#4339 = ORIENTED_EDGE ( 'NONE', *, *, #3035, .F. ) ;
#4340 = ORIENTED_EDGE ( 'NONE', *, *, #1670, .F. ) ;
#4341 = DIRECTION ( 'NONE',  ( -1.000000000000000000, -0.000000000000000000, -0.000000000000000000 ) ) ;
#4342 = DIRECTION ( 'NONE',  ( 0.000000000000000000, 0.000000000000000000, 1.000000000000000000 ) ) ;
#4343 = CARTESIAN_POINT ( 'NONE',  ( 82.37499999999998579, 0.000000000000000000, 0.000000000000000000 ) ) ;
#4344 = AXIS2_PLACEMENT_3D ( 'NONE', #1308, #3426, #8227 ) ;
#4345 = ORIENTED_EDGE ( 'NONE', *, *, #8083, .F. ) ;
#4346 = VERTEX_POINT ( 'NONE', #8180 ) ;
#4347 = VERTEX_POINT ( 'NONE', #8100 ) ;
#4348 = CARTESIAN_POINT ( 'NONE',  ( 90.77225720791400931, -4.999999999998968825, -1.033198507083057943E-12 ) ) ;
#4349 = TOROIDAL_SURFACE ( 'NONE', #1326, 1.000000000000000000, 3.999999999999997335 ) ;
#4350 = CARTESIAN_POINT ( 'NONE',  ( 102.2111344834781335, -4.959369330381671048, -0.04063066961832864643 ) ) ;
#4351 = EDGE_CURVE ( 'NONE', #1078, #299, #1543, .T. ) ;
#4352 = CARTESIAN_POINT ( 'NONE',  ( 111.8966523491559855, -0.06459124882792598166, -4.935408751172074560 ) ) ;
#4353 = ORIENTED_EDGE ( 'NONE', *, *, #639, .T. ) ;
#4354 = ADVANCED_FACE ( 'NONE', ( #688 ), #7822, .T. ) ;
#4355 = DIRECTION ( 'NONE',  ( 0.000000000000000000, 0.000000000000000000, 1.000000000000000000 ) ) ;
#4356 = ORIENTED_EDGE ( 'NONE', *, *, #8010, .T. ) ;
#4357 = CARTESIAN_POINT ( 'NONE',  ( 39.97821941570028059, -4.840676868225191498, -0.1593231317748086961 ) ) ;
#4358 = B_SPLINE_CURVE_WITH_KNOTS ( 'NONE', 3,
 ( #4525, #5856, #3934, #6697, #3274, #7330, #8616, #1777, #6604, #476, #1949, #6649 ),
 .UNSPECIFIED., .F., .F.,
 ( 4, 2, 2, 2, 2, 4 ),
 ( 0.003504634718722679856, 0.003941423334001001658, 0.004378211949279324326, 0.005251789179835968796, 0.006125366410392612398, 0.006998943640949256868 ),
 .UNSPECIFIED. ) ;
#4359 = CIRCLE ( 'NONE', #1761, 3.904737509655562544 ) ;
#4360 = DIRECTION ( 'NONE',  ( 0.000000000000000000, -1.224646799147353454E-16, 1.000000000000000000 ) ) ;
#4361 = CARTESIAN_POINT ( 'NONE',  ( 54.23119955116401769, -0.6335913640930908031, -4.366408635906910085 ) ) ;
#4362 = CARTESIAN_POINT ( 'NONE',  ( 74.12499999999978684, 2.818544231345960265E-13, 5.000000000000282441 ) ) ;
#4363 = LINE ( 'NONE', #4278, #8085 ) ;
#4364 = EDGE_CURVE ( 'NONE', #8434, #4160, #6499, .T. ) ;
#4365 = CARTESIAN_POINT ( 'NONE',  ( 5.922771269584716336, -0.7176137099602851732, -4.282386290039716492 ) ) ;
#4366 = DIRECTION ( 'NONE',  ( 0.000000000000000000, 0.000000000000000000, 1.000000000000000000 ) ) ;
#4367 = DIRECTION ( 'NONE',  ( -1.000000000000000000, -0.000000000000000000, -0.000000000000000000 ) ) ;
#4368 = CARTESIAN_POINT ( 'NONE',  ( 85.85059813401477413, -0.06404366728010883747, -4.935956332719892536 ) ) ;
#4369 = ORIENTED_EDGE ( 'NONE', *, *, #6086, .T. ) ;
#4370 = B_SPLINE_CURVE_WITH_KNOTS ( 'NONE', 3,
 ( #3298, #1270, #4184, #7203, #7163, #5867, #3519, #5065, #3099, #2844, #5195, #1447 ),
 .UNSPECIFIED., .F., .F.,
 ( 4, 2, 2, 2, 2, 4 ),
 ( 0.003504634718750217724, 0.003941423334025100436, 0.004378211949299983148, 0.005251789179849748572, 0.006125366410399513128, 0.006998943640949279420 ),
 .UNSPECIFIED. ) ;
#4371 = CIRCLE ( 'NONE', #2215, 1.000000000000000000 ) ;
#4372 = AXIS2_PLACEMENT_3D ( 'NONE', #17, #5980, #5308 ) ;
#4373 = VERTEX_POINT ( 'NONE', #2749 ) ;
#4374 = EDGE_CURVE ( 'NONE', #7060, #3272, #8732, .T. ) ;
#4375 = CARTESIAN_POINT ( 'NONE',  ( 84.97815646957802471, -5.000000000001025846, 1.024296614323890893E-12 ) ) ;
#4376 = CARTESIAN_POINT ( 'NONE',  ( 78.47953806259079101, -0.1676550930109091120, 4.832344906989090028 ) ) ;
#4377 = CARTESIAN_POINT ( 'NONE',  ( 13.62500000000000000, 0.000000000000000000, 0.000000000000000000 ) ) ;
#4378 = CARTESIAN_POINT ( 'NONE',  ( 68.04368978649831945, -4.960065625086348184, 0.03993437491365267600 ) ) ;
#4379 = CARTESIAN_POINT ( 'NONE',  ( 67.89665234915597125, -0.06459124882792470490, -4.935408751172075448 ) ) ;
#4380 = TOROIDAL_SURFACE ( 'NONE', #497, 1.000000000000000000, 1.375000000000001332 ) ;
#4381 = AXIS2_PLACEMENT_3D ( 'NONE', #7268, #4627, #3782 ) ;
#4382 = PRODUCT ( '2.5mm_part1', '2.5mm_part1', '', ( #426 ) ) ;
#4383 = ORIENTED_EDGE ( 'NONE', *, *, #7250, .T. ) ;
#4384 = DIRECTION ( 'NONE',  ( -1.000000000000000000, -0.000000000000000000, -0.000000000000000000 ) ) ;
#4385 = CARTESIAN_POINT ( 'NONE',  ( 44.52374954628650272, -0.6401341107417605203, 4.359865889258240479 ) ) ;
#4386 = ORIENTED_EDGE ( 'NONE', *, *, #6858, .T. ) ;
#4387 = EDGE_CURVE ( 'NONE', #2796, #5091, #964, .T. ) ;
#4388 = ORIENTED_EDGE ( 'NONE', *, *, #1274, .F. ) ;
#4389 = DIRECTION ( 'NONE',  ( -1.000000000000000000, -0.000000000000000000, -0.000000000000000000 ) ) ;
#4390 = CARTESIAN_POINT ( 'NONE',  ( 49.25378377920365836, -3.863136006093133901, 1.136863993906865655 ) ) ;
#4391 = CARTESIAN_POINT ( 'NONE',  ( 91.99999999999998579, 0.000000000000000000, 0.000000000000000000 ) ) ;
#4392 = ORIENTED_EDGE ( 'NONE', *, *, #2044, .T. ) ;
#4393 = ORIENTED_EDGE ( 'NONE', *, *, #7131, .F. ) ;
#4394 = ORIENTED_EDGE ( 'NONE', *, *, #7989, .F. ) ;
#4395 = DIRECTION ( 'NONE',  ( 0.000000000000000000, 0.000000000000000000, 1.000000000000000000 ) ) ;
#4396 = B_SPLINE_CURVE_WITH_KNOTS ( 'NONE', 3,
 ( #818, #149, #2252, #4893, #6326, #3514, #2842, #1489, #6949, #7478, #3570, #2883, #5602, #8315, #2203, #7658 ),
 .UNSPECIFIED., .F., .F.,
 ( 4, 2, 2, 2, 2, 2, 2, 4 ),
 ( 4.818711198495826710E-07, 0.0008765200830205836704, 0.001314539188970953237, 0.001752558294921319117, 0.002190577400871685215, 0.002628596506822050878, 0.003066615612772416975, 0.003504634718722782639 ),
 .UNSPECIFIED. ) ;
#4397 = CARTESIAN_POINT ( 'NONE',  ( 28.23827242307172725, -0.4974474678478659762, -4.502552532152131803 ) ) ;
#4398 = CARTESIAN_POINT ( 'NONE',  ( 110.4227712695847288, -0.7176137099602881708, -4.282386290039712051 ) ) ;
#4399 = ORIENTED_EDGE ( 'NONE', *, *, #3490, .T. ) ;
#4400 = DIRECTION ( 'NONE',  ( 0.000000000000000000, -1.224646799147353207E-16, 1.000000000000000000 ) ) ;
#4401 = CIRCLE ( 'NONE', #8076, 3.999999999999999112 ) ;
#4402 = CARTESIAN_POINT ( 'NONE',  ( 40.39940186600653504, -4.935956332723922202, -0.06404366727607932464 ) ) ;
#4403 = ADVANCED_FACE ( 'NONE', ( #4761 ), #5517, .F. ) ;
#4404 = EDGE_CURVE ( 'NONE', #3441, #4631, #2121, .T. ) ;
#4405 = CIRCLE ( 'NONE', #6091, 3.999999999999997335 ) ;
#4406 = CARTESIAN_POINT ( 'NONE',  ( 4.332674704963229040, -0.4247552261638196103, -4.575244773836181444 ) ) ;
#4407 = AXIS2_PLACEMENT_3D ( 'NONE', #6254, #1365, #6116 ) ;
#4408 = CARTESIAN_POINT ( 'NONE',  ( 61.35157376276963248, -0.4321793203680413531, 4.567820679631958924 ) ) ;
#4409 = DIRECTION ( 'NONE',  ( -1.000000000000000000, -0.000000000000000000, -0.000000000000000000 ) ) ;
#4410 = CIRCLE ( 'NONE', #2673, 1.000000000000000000 ) ;
#4411 = CARTESIAN_POINT ( 'NONE',  ( 6.590321312242013896, -0.3138588207986879874, -4.686141179201312568 ) ) ;
#4412 = DIRECTION ( 'NONE',  ( 0.000000000000000000, -1.224646799147353454E-16, 1.000000000000000000 ) ) ;
#4413 = AXIS2_PLACEMENT_3D ( 'NONE', #6767, #777, #3524 ) ;
#4414 = CARTESIAN_POINT ( 'NONE',  ( 80.99999999999998579, 0.000000000000000000, 0.000000000000000000 ) ) ;
#4415 = AXIS2_PLACEMENT_3D ( 'NONE', #8522, #8606, #7150 ) ;
#4416 = VECTOR ( 'NONE', #3548, 1000.000000000000000 ) ;
#4417 = ADVANCED_FACE ( 'NONE', ( #7580 ), #6110, .T. ) ;
#4418 = CARTESIAN_POINT ( 'NONE',  ( 87.60122534970066965, -0.9582157396401876914, -4.041784260359812642 ) ) ;
#4419 = AXIS2_PLACEMENT_3D ( 'NONE', #992, #5314, #1951 ) ;
#4420 = ORIENTED_EDGE ( 'NONE', *, *, #563, .T. ) ;
#4421 = DIRECTION ( 'NONE',  ( 0.000000000000000000, 0.000000000000000000, 1.000000000000000000 ) ) ;
#4422 = VERTEX_POINT ( 'NONE', #1451 ) ;
#4423 = DIRECTION ( 'NONE',  ( 0.000000000000000000, 0.000000000000000000, 1.000000000000000000 ) ) ;
#4424 = CARTESIAN_POINT ( 'NONE',  ( 87.60263427936259006, -4.040089233410274261, -0.9599107665897267383 ) ) ;
#4425 = CARTESIAN_POINT ( 'NONE',  ( 57.77225720791379615, -4.999999999998979483, -1.021516440432764052E-12 ) ) ;
#4426 = PERSON_AND_ORGANIZATION ( #4635, #6914 ) ;
#4427 = EDGE_CURVE ( 'NONE', #1862, #1645, #2682, .T. ) ;
#4428 = VERTEX_POINT ( 'NONE', #8773 ) ;
#4429 = LINE ( 'NONE', #250, #8370 ) ;
#4430 = DIRECTION ( 'NONE',  ( -1.000000000000000000, -0.000000000000000000, -0.000000000000000000 ) ) ;
#4431 = ORIENTED_EDGE ( 'NONE', *, *, #1914, .T. ) ;
#4432 = CARTESIAN_POINT ( 'NONE',  ( 116.7157622822055458, -0.2608011982980492083, -4.739198801701950181 ) ) ;
#4433 = LINE ( 'NONE', #7149, #4273 ) ;
#4434 = CARTESIAN_POINT ( 'NONE',  ( 29.39665234915598191, -0.06459124882791852928, 4.935408751172079889 ) ) ;
#4435 = TOROIDAL_SURFACE ( 'NONE', #550, 1.000000000000000000, 3.999999999999996447 ) ;
#4436 = CARTESIAN_POINT ( 'NONE',  ( 27.10263427936258296, -4.040089233410275149, 0.9599107665897240738 ) ) ;
#4437 = ORIENTED_EDGE ( 'NONE', *, *, #7066, .T. ) ;
#4438 = VERTEX_POINT ( 'NONE', #6242 ) ;
#4439 = EDGE_CURVE ( 'NONE', #7714, #8254, #3977, .T. ) ;
#4440 = ORIENTED_EDGE ( 'NONE', *, *, #5159, .T. ) ;
#4441 = CIRCLE ( 'NONE', #7847, 3.904737509655568761 ) ;
#4442 = DIRECTION ( 'NONE',  ( -1.000000000000000000, -0.000000000000000000, -0.000000000000000000 ) ) ;
#4443 = CARTESIAN_POINT ( 'NONE',  ( 29.82874637064226775, -0.008301598518914191441, -4.991698401481084346 ) ) ;
#4444 = CARTESIAN_POINT ( 'NONE',  ( 36.21113448347798425, -4.959369330381698582, 0.04063066961830182067 ) ) ;
#4445 = VERTEX_POINT ( 'NONE', #2260 ) ;
#4446 = CARTESIAN_POINT ( 'NONE',  ( 34.89940186600652083, -4.935956332723922202, 0.06404366727607921361 ) ) ;
#4447 = CARTESIAN_POINT ( 'NONE',  ( 55.42277126958469324, -0.7176137099602825087, 4.282386290039714716 ) ) ;
#4448 = CARTESIAN_POINT ( 'NONE',  ( 113.7704619374262478, -4.832344906983755628, 0.1676550930162439002 ) ) ;
#4449 = B_SPLINE_CURVE_WITH_KNOTS ( 'NONE', 3,
 ( #4156, #6701, #4022, #6737, #3349, #3397, #1422, #5488, #5355, #81, #5403, #1370 ),
 .UNSPECIFIED., .F., .F.,
 ( 4, 2, 2, 2, 2, 4 ),
 ( 0.003504634718722881952, 0.003941423334001180334, 0.004378211949279477849, 0.005251789179836072879, 0.006125366410392668777, 0.006998943640949264675 ),
 .UNSPECIFIED. ) ;
#4450 = DIRECTION ( 'NONE',  ( 0.000000000000000000, 0.000000000000000000, -1.000000000000000000 ) ) ;
#4451 = CARTESIAN_POINT ( 'NONE',  ( 43.87500000000000000, 0.000000000000000000, 0.000000000000000000 ) ) ;
#4452 = ORIENTED_EDGE ( 'NONE', *, *, #2489, .F. ) ;
#4453 = CARTESIAN_POINT ( 'NONE',  ( 51.53886551654431258, -0.04063066961492687451, 4.959369330385073660 ) ) ;
#4454 = CARTESIAN_POINT ( 'NONE',  ( 16.37500000000000000, -1.328041165545662539, 3.671958834454338128 ) ) ;
#4455 = CARTESIAN_POINT ( 'NONE',  ( 41.12499999999979394, 2.835874531650637844E-13, 5.000000000000283329 ) ) ;
#4456 = CARTESIAN_POINT ( 'NONE',  ( 57.62499999999978684, 2.873490942237762426E-13, -5.000000000000286882 ) ) ;
#4457 = CARTESIAN_POINT ( 'NONE',  ( 43.75378377920364414, -3.863136006093138786, 1.136863993906862325 ) ) ;
#4458 = EDGE_CURVE ( 'NONE', #4468, #2087, #6333, .T. ) ;
#4459 = CARTESIAN_POINT ( 'NONE',  ( 85.70631021352427581, -0.03993437491703633047, -4.960065625082964225 ) ) ;
#4460 = ORIENTED_EDGE ( 'NONE', *, *, #5003, .F. ) ;
#4461 = DIRECTION ( 'NONE',  ( 0.000000000000000000, 0.000000000000000000, -1.000000000000000000 ) ) ;
#4462 = CARTESIAN_POINT ( 'NONE',  ( 76.75399883711746440, -1.137203174285774887, -3.862796825714226667 ) ) ;
#4463 = EDGE_CURVE ( 'NONE', #1471, #1129, #318, .T. ) ;
#4464 = LINE ( 'NONE', #1004, #69 ) ;
#4465 = CARTESIAN_POINT ( 'NONE',  ( 19.12500000000000000, 0.000000000000000000, 0.000000000000000000 ) ) ;
#4466 = ADVANCED_FACE ( 'NONE', ( #7842 ), #1251, .F. ) ;
#4467 = CARTESIAN_POINT ( 'NONE',  ( 67.89940186600668426, -4.935956332723948847, 0.06404366727605143028 ) ) ;
#4468 = VERTEX_POINT ( 'NONE', #2981 ) ;
#4469 = CARTESIAN_POINT ( 'NONE',  ( 10.87500000000000000, -1.328041165545663649, 3.671958834454336795 ) ) ;
#4470 = ORIENTED_EDGE ( 'NONE', *, *, #5274, .F. ) ;
#4471 = CARTESIAN_POINT ( 'NONE',  ( 104.9227712695847288, -0.7176137099602932778, -4.282386290039707610 ) ) ;
#4472 = EDGE_LOOP ( 'NONE', ( #4311, #5896, #1946, #3482 ) ) ;
#4473 = DIRECTION ( 'NONE',  ( 0.000000000000000000, 0.000000000000000000, 1.000000000000000000 ) ) ;
#4474 = CARTESIAN_POINT ( 'NONE',  ( 23.89665234915597480, -0.06459124882792061095, 4.935408751172079889 ) ) ;
#4475 = EDGE_CURVE ( 'NONE', #6156, #7576, #8079, .T. ) ;
#4476 = FACE_OUTER_BOUND ( 'NONE', #270, .T. ) ;
#4477 = DIRECTION ( 'NONE',  ( -0.000000000000000000, 1.000000000000000000, 1.224646799147353207E-16 ) ) ;
#4478 = VERTEX_POINT ( 'NONE', #5035 ) ;
#4479 = ORIENTED_EDGE ( 'NONE', *, *, #1264, .T. ) ;
#4480 = CARTESIAN_POINT ( 'NONE',  ( 102.2111344834781477, -4.959369330381671048, 0.04063066961832866031 ) ) ;
#4481 = CARTESIAN_POINT ( 'NONE',  ( 8.125000000000000000, 0.000000000000000000, 0.000000000000000000 ) ) ;
#4482 = B_SPLINE_CURVE_WITH_KNOTS ( 'NONE', 3,
 ( #2328, #1915, #1832, #7339, #5238, #4580, #5287, #3185, #7951, #8030, #8749, #8581 ),
 .UNSPECIFIED., .F., .F.,
 ( 4, 2, 2, 2, 2, 4 ),
 ( 0.003504634718722878482, 0.003941423334001176865, 0.004378211949279474380, 0.005251789179836069410, 0.006125366410392665308, 0.006998943640949261205 ),
 .UNSPECIFIED. ) ;
#4483 = AXIS2_PLACEMENT_3D ( 'NONE', #2693, #5595, #5556 ) ;
#4484 = FACE_OUTER_BOUND ( 'NONE', #7585, .T. ) ;
#4485 = VERTEX_POINT ( 'NONE', #5701 ) ;
#4486 = EDGE_CURVE ( 'NONE', #1607, #1762, #6975, .T. ) ;
#4487 = CARTESIAN_POINT ( 'NONE',  ( 21.87500000000000000, 0.000000000000000000, 0.000000000000000000 ) ) ;
#4488 = CARTESIAN_POINT ( 'NONE',  ( 0.000000000000000000, 0.000000000000000000, 0.000000000000000000 ) ) ;
#4489 = TOROIDAL_SURFACE ( 'NONE', #901, 1.000000000000000000, 1.374999999999994227 ) ;
#4490 = CARTESIAN_POINT ( 'NONE',  ( 63.12499999999998579, 1.224646799147353207E-16, -1.000000000000000000 ) ) ;
#4491 = CARTESIAN_POINT ( 'NONE',  ( 4.785093130367743086, -0.7089385799077767558, -4.291061420092223244 ) ) ;
#4492 = CARTESIAN_POINT ( 'NONE',  ( 53.53383637236985493, -0.2517800035653031121, -4.748219996434697165 ) ) ;
#4493 = CARTESIAN_POINT ( 'NONE',  ( 60.49621622079730088, -1.136863993905374626, 3.863136006094625152 ) ) ;
#4494 = DIRECTION ( 'NONE',  ( -1.000000000000000000, -0.000000000000000000, -0.000000000000000000 ) ) ;
#4495 = ORIENTED_EDGE ( 'NONE', *, *, #571, .F. ) ;
#4496 = CARTESIAN_POINT ( 'NONE',  ( 99.14877465030180304, -4.041784260362676129, -0.9582157396373237601 ) ) ;
#4497 = AXIS2_PLACEMENT_3D ( 'NONE', #7128, #2334, #8451 ) ;
#4498 = DIRECTION ( 'NONE',  ( -1.000000000000000000, -0.000000000000000000, -0.000000000000000000 ) ) ;
#4499 = DIRECTION ( 'NONE',  ( -1.000000000000000000, -0.000000000000000000, -0.000000000000000000 ) ) ;
#4500 = CARTESIAN_POINT ( 'NONE',  ( 86.53383637236986203, -0.2517800035653036117, -4.748219996434697165 ) ) ;
#4501 = ORIENTED_EDGE ( 'NONE', *, *, #654, .T. ) ;
#4502 = CARTESIAN_POINT ( 'NONE',  ( 118.1250000000279670, -5.000000000000000888, -4.336808689942017736E-16 ) ) ;
#4503 = CARTESIAN_POINT ( 'NONE',  ( 48.03383637236985493, -0.2517800035652996704, -4.748219996434700718 ) ) ;
#4504 = DIRECTION ( 'NONE',  ( 0.000000000000000000, -1.000000000000000000, 0.000000000000000000 ) ) ;
#4505 = CARTESIAN_POINT ( 'NONE',  ( 0.000000000000000000, 0.000000000000000000, 0.000000000000000000 ) ) ;
#4506 = DIRECTION ( 'NONE',  ( 0.000000000000000000, 0.000000000000000000, 1.000000000000000000 ) ) ;
#4507 = EDGE_CURVE ( 'NONE', #4017, #2993, #2126, .T. ) ;
#4508 = ORIENTED_EDGE ( 'NONE', *, *, #3609, .T. ) ;
#4509 = ADVANCED_FACE ( 'NONE', ( #5739 ), #8091, .T. ) ;
#4510 = AXIS2_PLACEMENT_3D ( 'NONE', #5432, #1315, #1278 ) ;
#4511 = FACE_OUTER_BOUND ( 'NONE', #3319, .T. ) ;
#4512 = ORIENTED_EDGE ( 'NONE', *, *, #4507, .F. ) ;
#4513 = LINE ( 'NONE', #6013, #1924 ) ;
#4514 = VERTEX_POINT ( 'NONE', #1002 ) ;
#4515 = CARTESIAN_POINT ( 'NONE',  ( 68.47774279211276394, -1.210240675036942747E-14, 4.999999999999988454 ) ) ;
#4516 = CARTESIAN_POINT ( 'NONE',  ( 21.99621622079728667, -1.136863993905378845, 3.863136006094621155 ) ) ;
#4517 = AXIS2_PLACEMENT_3D ( 'NONE', #6248, #1456, #7584 ) ;
#4518 = TOROIDAL_SURFACE ( 'NONE', #3082, 1.000000000000000000, 3.999999999999999112 ) ;
#4519 = CARTESIAN_POINT ( 'NONE',  ( 25.35334765086501818, -4.935408751168101738, 0.06459124883189937272 ) ) ;
#4520 = VECTOR ( 'NONE', #814, 1000.000000000000000 ) ;
#4521 = ORIENTED_EDGE ( 'NONE', *, *, #5014, .T. ) ;
#4522 = EDGE_LOOP ( 'NONE', ( #4512, #2041, #6876 ) ) ;
#4523 = EDGE_CURVE ( 'NONE', #7936, #1471, #8183, .T. ) ;
#4524 = DIRECTION ( 'NONE',  ( 0.000000000000000000, -1.224646799147353207E-16, 1.000000000000000000 ) ) ;
#4525 = CARTESIAN_POINT ( 'NONE',  ( 112.6250000000279954, -5.000000000000000888, -4.336808689942017736E-16 ) ) ;
#4526 = CARTESIAN_POINT ( 'NONE',  ( 11.85157376276964847, -0.4321793203680419637, 4.567820679631958924 ) ) ;
#4527 = ORIENTED_EDGE ( 'NONE', *, *, #6829, .T. ) ;
#4528 = CARTESIAN_POINT ( 'NONE',  ( 32.99600116288350193, -3.862796825715725912, 1.137203174284274976 ) ) ;
#4529 = CARTESIAN_POINT ( 'NONE',  ( 46.33253412545226269, -4.991957775359336935, 0.008042224640663980795 ) ) ;
#4530 = VERTEX_POINT ( 'NONE', #2520 ) ;
#4531 = ADVANCED_FACE ( 'NONE', ( #7966 ), #7684, .T. ) ;
#4532 = DIRECTION ( 'NONE',  ( -1.000000000000000000, -0.000000000000000000, -0.000000000000000000 ) ) ;
#4533 = CYLINDRICAL_SURFACE ( 'NONE', #970, 1.000000000000000000 ) ;
#4534 = AXIS2_PLACEMENT_3D ( 'NONE', #1240, #5146, #7240 ) ;
#4535 = DIRECTION ( 'NONE',  ( 0.000000000000000000, 0.000000000000000000, 1.000000000000000000 ) ) ;
#4536 = ORIENTED_EDGE ( 'NONE', *, *, #2616, .F. ) ;
#4537 = CARTESIAN_POINT ( 'NONE',  ( 100.4782194157003801, -4.840676868225227025, -0.1593231317747715869 ) ) ;
#4538 = DIRECTION ( 'NONE',  ( 0.000000000000000000, 0.000000000000000000, 1.000000000000000000 ) ) ;
#4539 = CARTESIAN_POINT ( 'NONE',  ( 89.25000000000000000, 1.224646799147353207E-16, -1.000000000000000000 ) ) ;
#4540 = AXIS2_PLACEMENT_3D ( 'NONE', #7863, #7157, #2498 ) ;
#4541 = AXIS2_PLACEMENT_3D ( 'NONE', #202, #4384, #6968 ) ;
#4542 = EDGE_CURVE ( 'NONE', #5448, #3544, #4977, .T. ) ;
#4543 = CARTESIAN_POINT ( 'NONE',  ( 56.47821941570028059, -4.840676868225195939, 0.1593231317748039222 ) ) ;
#4544 = AXIS2_PLACEMENT_3D ( 'NONE', #5454, #4169, #4031 ) ;
#4545 = VERTEX_POINT ( 'NONE', #1846 ) ;
#4546 = CARTESIAN_POINT ( 'NONE',  ( 120.8749999999999858, -3.671958834454324805, -1.328041165545675195 ) ) ;
#4547 = TOROIDAL_SURFACE ( 'NONE', #666, 1.000000000000000000, 1.375000000000001332 ) ;
#4548 = TOROIDAL_SURFACE ( 'NONE', #966, 1.000000000000000000, 3.999999999999996447 ) ;
#4549 = AXIS2_PLACEMENT_3D ( 'NONE', #2877, #2197, #3506 ) ;
#4550 = CARTESIAN_POINT ( 'NONE',  ( 72.23827242307174856, -0.4974474678478734146, -4.502552532152127363 ) ) ;
#4551 = CARTESIAN_POINT ( 'NONE',  ( 13.62500000002789236, -5.000000000000000888, -4.336808689942017736E-16 ) ) ;
#4552 = DIRECTION ( 'NONE',  ( -1.000000000000000000, -0.000000000000000000, -0.000000000000000000 ) ) ;
#4553 = CARTESIAN_POINT ( 'NONE',  ( 80.77178058431638874, -0.1593231317801525049, -4.840676868219847329 ) ) ;
#4554 = AXIS2_PLACEMENT_3D ( 'NONE', #5411, #8840, #6981 ) ;
#4555 = TOROIDAL_SURFACE ( 'NONE', #5392, 1.000000000000000000, 4.000000000000001776 ) ;
#4556 = AXIS2_PLACEMENT_3D ( 'NONE', #5471, #6147, #3338 ) ;
#4557 = VERTEX_POINT ( 'NONE', #8593 ) ;
#4558 = ORIENTED_EDGE ( 'NONE', *, *, #273, .F. ) ;
#4559 = AXIS2_PLACEMENT_3D ( 'NONE', #2373, #6537, #7125 ) ;
#4560 = CARTESIAN_POINT ( 'NONE',  ( 90.62499999999998579, 0.000000000000000000, 0.000000000000000000 ) ) ;
#4561 = ORIENTED_EDGE ( 'NONE', *, *, #6020, .F. ) ;
#4562 = CARTESIAN_POINT ( 'NONE',  ( 35.62500000000000000, 0.000000000000000000, 0.000000000000000000 ) ) ;
#4563 = DIRECTION ( 'NONE',  ( 0.000000000000000000, 0.000000000000000000, -1.000000000000000000 ) ) ;
#4564 = CARTESIAN_POINT ( 'NONE',  ( 32.87500000000000000, 0.000000000000000000, 0.000000000000000000 ) ) ;
#4565 = CC_DESIGN_PERSON_AND_ORGANIZATION_ASSIGNMENT ( #5923, #3074, ( #5204 ) ) ;
#4566 = CARTESIAN_POINT ( 'NONE',  ( 104.3750000000000000, -3.671958834454324805, 1.328041165545675195 ) ) ;
#4567 = ADVANCED_FACE ( 'NONE', ( #7269 ), #4547, .F. ) ;
#4568 = ORIENTED_EDGE ( 'NONE', *, *, #1756, .F. ) ;
#4569 = ORIENTED_EDGE ( 'NONE', *, *, #3750, .T. ) ;
#4570 = ORIENTED_EDGE ( 'NONE', *, *, #8533, .F. ) ;
#4571 = TOROIDAL_SURFACE ( 'NONE', #4549, 1.000000000000000000, 3.999999999999997335 ) ;
#4572 = DIRECTION ( 'NONE',  ( -1.000000000000000000, -0.000000000000000000, -0.000000000000000000 ) ) ;
#4573 = DIRECTION ( 'NONE',  ( 0.000000000000000000, 0.000000000000000000, 1.000000000000000000 ) ) ;
#4574 = ORIENTED_EDGE ( 'NONE', *, *, #1320, .F. ) ;
#4575 = CARTESIAN_POINT ( 'NONE',  ( 35.62500000000000000, 1.224646799147353207E-16, -1.000000000000000000 ) ) ;
#4576 = CARTESIAN_POINT ( 'NONE',  ( 102.2063102135242190, -0.03993437491703781539, -4.960065625082960672 ) ) ;
#4577 = EDGE_CURVE ( 'NONE', #3951, #6275, #1814, .T. ) ;
#4578 = ORIENTED_EDGE ( 'NONE', *, *, #654, .F. ) ;
#4579 = AXIS2_PLACEMENT_3D ( 'NONE', #6460, #8502, #6325 ) ;
#4580 = CARTESIAN_POINT ( 'NONE',  ( 50.97821941570026638, -4.840676868225190610, 0.1593231317748085851 ) ) ;
#4581 = CYLINDRICAL_SURFACE ( 'NONE', #3699, 1.000000000000000000 ) ;
#4582 = CARTESIAN_POINT ( 'NONE',  ( 97.49999999999998579, 1.224646799147353207E-16, -1.000000000000000000 ) ) ;
#4583 = CARTESIAN_POINT ( 'NONE',  ( 85.85059813401477413, -0.06404366728010880971, 4.935956332719892536 ) ) ;
#4584 = CARTESIAN_POINT ( 'NONE',  ( 22.52374954628649917, -0.6401341107417616305, -4.359865889258239591 ) ) ;
#4585 = CARTESIAN_POINT ( 'NONE',  ( 18.97815646957791458, -5.000000000001020517, -1.021438831038973290E-12 ) ) ;
#4586 = EDGE_CURVE ( 'NONE', #5527, #6908, #2996, .T. ) ;
#4587 = CARTESIAN_POINT ( 'NONE',  ( 0.000000000000000000, 0.000000000000000000, 0.000000000000000000 ) ) ;
#4588 = ORIENTED_EDGE ( 'NONE', *, *, #7173, .T. ) ;
#4589 = CARTESIAN_POINT ( 'NONE',  ( 96.42125362938305955, -4.991698401479152558, -0.008301598520847809637 ) ) ;
#4590 = CARTESIAN_POINT ( 'NONE',  ( 79.32874637064229262, -0.008301598518918831826, -4.991698401481080793 ) ) ;
#4591 = CARTESIAN_POINT ( 'NONE',  ( 106.5436897864755110, -4.960065625082930474, -0.03993437491706876286 ) ) ;
#4592 = CARTESIAN_POINT ( 'NONE',  ( 82.37499999999998579, -1.328041165545655877, -3.671958834454344345 ) ) ;
#4593 = CARTESIAN_POINT ( 'NONE',  ( 112.6250000000000000, 0.000000000000000000, 0.000000000000000000 ) ) ;
#4594 = ADVANCED_FACE ( 'NONE', ( #6627 ), #8082, .F. ) ;
#4595 =( LENGTH_UNIT ( ) NAMED_UNIT ( * ) SI_UNIT ( .MILLI., .METRE. ) );
#4596 = CARTESIAN_POINT ( 'NONE',  ( 54.87499999999999289, -3.671958834454339460, 1.328041165545660540 ) ) ;
#4597 = ORIENTED_EDGE ( 'NONE', *, *, #483, .T. ) ;
#4598 = CARTESIAN_POINT ( 'NONE',  ( 104.3750000000000000, -1.328041165545675195, -3.671958834454324805 ) ) ;
#4599 = VERTEX_POINT ( 'NONE', #5834 ) ;
#4600 = CARTESIAN_POINT ( 'NONE',  ( 19.12500000002784262, -5.000000000000000888, -4.336808689942017736E-16 ) ) ;
#4601 = CARTESIAN_POINT ( 'NONE',  ( 28.35157376276964669, -0.4321793203680390771, 4.567820679631960701 ) ) ;
#4602 = EDGE_CURVE ( 'NONE', #2707, #5978, #3103, .T. ) ;
#4603 = CARTESIAN_POINT ( 'NONE',  ( 119.4999999999999858, 1.224646799147353207E-16, -1.000000000000000000 ) ) ;
#4604 = CARTESIAN_POINT ( 'NONE',  ( 105.2312351930678602, -4.508466212578214005, 0.4915337874217861613 ) ) ;
#4605 = ORIENTED_EDGE ( 'NONE', *, *, #4374, .F. ) ;
#4606 = ORIENTED_EDGE ( 'NONE', *, *, #2608, .T. ) ;
#4607 = FACE_OUTER_BOUND ( 'NONE', #8041, .T. ) ;
#4608 = DIRECTION ( 'NONE',  ( -1.000000000000000000, -0.000000000000000000, -0.000000000000000000 ) ) ;
#4609 = CARTESIAN_POINT ( 'NONE',  ( 13.32874637064227841, -0.008301598518915827285, 4.991698401481084346 ) ) ;
#4610 = DIRECTION ( 'NONE',  ( 0.000000000000000000, 0.000000000000000000, 1.000000000000000000 ) ) ;
#4611 = CARTESIAN_POINT ( 'NONE',  ( 104.2539988371174502, -1.137203174285774887, -3.862796825714226667 ) ) ;
#4612 = ORIENTED_EDGE ( 'NONE', *, *, #7890, .T. ) ;
#4613 = B_SPLINE_CURVE_WITH_KNOTS ( 'NONE', 3,
 ( #3707, #960, #6509, #6430, #8421, #5788, #2303, #7801, #8509, #1044, #3491, #5037, #7754, #1678, #4425, #7176 ),
 .UNSPECIFIED., .F., .F.,
 ( 4, 2, 2, 2, 2, 2, 2, 4 ),
 ( 4.818711198520267845E-07, 0.0008765200830206109923, 0.001314539188970990534, 0.001752558294921370075, 0.002190577400871749399, 0.002628596506822128941, 0.003066615612772508482, 0.003504634718722888023 ),
 .UNSPECIFIED. ) ;
#4614 = CARTESIAN_POINT ( 'NONE',  ( 93.49621622079726535, -1.136863993905387282, 3.863136006094611830 ) ) ;
#4615 = CARTESIAN_POINT ( 'NONE',  ( 63.12499999999977973, 2.853433197910877531E-13, -5.000000000000285105 ) ) ;
#4616 = EDGE_CURVE ( 'NONE', #32, #2637, #6534, .T. ) ;
#4617 = CARTESIAN_POINT ( 'NONE',  ( 4.453842755958632438, -0.4907550695741034752, 4.509244930425898801 ) ) ;
#4618 = ADVANCED_FACE ( 'NONE', ( #1397 ), #7524, .T. ) ;
#4619 = FACE_OUTER_BOUND ( 'NONE', #5846, .T. ) ;
#4620 = ORIENTED_EDGE ( 'NONE', *, *, #6115, .F. ) ;
#4621 = CARTESIAN_POINT ( 'NONE',  ( 99.73123519307651463, -4.508466212583692290, -0.4915337874163090981 ) ) ;
#4622 = CARTESIAN_POINT ( 'NONE',  ( 64.53383637236983361, -0.2517800035653021684, 4.748219996434698054 ) ) ;
#4623 = CARTESIAN_POINT ( 'NONE',  ( 17.71616362764439145, -4.748219996440561808, 0.2517800035594393582 ) ) ;
#4624 = AXIS2_PLACEMENT_3D ( 'NONE', #6074, #5409, #4834 ) ;
#4625 = CARTESIAN_POINT ( 'NONE',  ( 96.12499999999998579, 0.000000000000000000, 0.000000000000000000 ) ) ;
#4626 = ADVANCED_FACE ( 'NONE', ( #8170 ), #4257, .T. ) ;
#4627 = DIRECTION ( 'NONE',  ( -1.000000000000000000, -0.000000000000000000, -0.000000000000000000 ) ) ;
#4628 = CIRCLE ( 'NONE', #1047, 3.904737509655564320 ) ;
#4629 = DIRECTION ( 'NONE',  ( 0.000000000000000000, 0.000000000000000000, 1.000000000000000000 ) ) ;
#4630 = CARTESIAN_POINT ( 'NONE',  ( 57.77225720791379615, -4.999999999998979483, 1.021481288565452999E-12 ) ) ;
#4631 = VERTEX_POINT ( 'NONE', #4084 ) ;
#4632 = EDGE_CURVE ( 'NONE', #2451, #8682, #3826, .T. ) ;
#4633 = CARTESIAN_POINT ( 'NONE',  ( 13.62500000000000000, 0.000000000000000000, 0.000000000000000000 ) ) ;
#4634 = ORIENTED_EDGE ( 'NONE', *, *, #7130, .T. ) ;
#4635 = PERSON ( 'UNSPECIFIED', 'UNSPECIFIED', 'UNSPECIFIED', ('UNSPECIFIED'), ('UNSPECIFIED'), ('UNSPECIFIED') ) ;
#4636 = DIRECTION ( 'NONE',  ( -1.000000000000000000, -0.000000000000000000, -0.000000000000000000 ) ) ;
#4637 = ORIENTED_EDGE ( 'NONE', *, *, #1349, .F. ) ;
#4638 = DIRECTION ( 'NONE',  ( -1.000000000000000000, -0.000000000000000000, -0.000000000000000000 ) ) ;
#4639 = FACE_OUTER_BOUND ( 'NONE', #5659, .T. ) ;
#4640 = CARTESIAN_POINT ( 'NONE',  ( 120.7539988371174644, -1.137203174285775109, -3.862796825714226223 ) ) ;
#4641 = CARTESIAN_POINT ( 'NONE',  ( 38.25399883711744309, -1.137203174285764229, 3.862796825714235993 ) ) ;
#4642 = ORIENTED_EDGE ( 'NONE', *, *, #5722, .T. ) ;
#4643 = EDGE_CURVE ( 'NONE', #6205, #7181, #2537, .T. ) ;
#4644 = CARTESIAN_POINT ( 'NONE',  ( 35.62500000000000000, 0.000000000000000000, 1.000000000000000000 ) ) ;
#4645 = FACE_OUTER_BOUND ( 'NONE', #3806, .T. ) ;
#4646 = FACE_OUTER_BOUND ( 'NONE', #1697, .T. ) ;
#4647 = AXIS2_PLACEMENT_3D ( 'NONE', #3219, #3384, #6153 ) ;
#4648 = AXIS2_PLACEMENT_3D ( 'NONE', #4805, #13, #8177 ) ;
#4649 = CIRCLE ( 'NONE', #4785, 3.904737509655557215 ) ;
#4650 = CARTESIAN_POINT ( 'NONE',  ( 105.7157622822055316, -0.2608011982980553700, 4.739198801701945740 ) ) ;
#4651 = CARTESIAN_POINT ( 'NONE',  ( 48.03423771780833107, -4.739198801696363539, -0.2608011983036364612 ) ) ;
#4652 = ORIENTED_EDGE ( 'NONE', *, *, #1661, .T. ) ;
#4653 = AXIS2_PLACEMENT_3D ( 'NONE', #311, #6988, #853 ) ;
#4654 = TOROIDAL_SURFACE ( 'NONE', #6227, 1.000000000000000000, 3.999999999999999112 ) ;
#4655 = DIRECTION ( 'NONE',  ( 0.000000000000000000, 0.000000000000000000, 1.000000000000000000 ) ) ;
#4656 = DIRECTION ( 'NONE',  ( 0.000000000000000000, 0.000000000000000000, 1.000000000000000000 ) ) ;
#4657 = ORIENTED_EDGE ( 'NONE', *, *, #965, .F. ) ;
#4658 = CARTESIAN_POINT ( 'NONE',  ( 70.03423771780843765, -4.739198801696314689, 0.2608011983036852000 ) ) ;
#4659 = FACE_OUTER_BOUND ( 'NONE', #1018, .T. ) ;
#4660 = CARTESIAN_POINT ( 'NONE',  ( 116.7161636276444625, -4.748219996440593782, 0.2517800035594067176 ) ) ;
#4661 = EDGE_CURVE ( 'NONE', #8233, #8627, #389, .T. ) ;
#4662 = CARTESIAN_POINT ( 'NONE',  ( 73.54368978649831945, -4.960065625086348184, -0.03993437491365268988 ) ) ;
#4663 = DIRECTION ( 'NONE',  ( 0.000000000000000000, -1.000000000000000000, 0.000000000000000000 ) ) ;
#4664 = VERTEX_POINT ( 'NONE', #765 ) ;
#4665 = CARTESIAN_POINT ( 'NONE',  ( 27.37500000000000000, -3.671958834454336351, -1.328041165545663871 ) ) ;
#4666 = DIRECTION ( 'NONE',  ( -1.000000000000000000, -0.000000000000000000, -0.000000000000000000 ) ) ;
#4667 = CARTESIAN_POINT ( 'NONE',  ( 112.6250000000000000, 0.000000000000000000, 1.000000000000000000 ) ) ;
#4668 = CARTESIAN_POINT ( 'NONE',  ( 8.125000000000000000, 0.000000000000000000, 0.000000000000000000 ) ) ;
#4669 = DIRECTION ( 'NONE',  ( -1.000000000000000000, -0.000000000000000000, -0.000000000000000000 ) ) ;
#4670 = AXIS2_PLACEMENT_3D ( 'NONE', #7254, #3237, #4655 ) ;
#4671 = EDGE_CURVE ( 'NONE', #1094, #528, #2238, .T. ) ;
#4672 = CIRCLE ( 'NONE', #812, 3.904737509655562988 ) ;
#4673 = DIRECTION ( 'NONE',  ( 0.000000000000000000, 0.000000000000000000, 1.000000000000000000 ) ) ;
#4674 = TOROIDAL_SURFACE ( 'NONE', #6803, 1.000000000000000000, 3.999999999999996447 ) ;
#4675 = CARTESIAN_POINT ( 'NONE',  ( 73.39665234915597125, -0.06459124882792478817, 4.935408751172075448 ) ) ;
#4676 = ORIENTED_EDGE ( 'NONE', *, *, #8698, .F. ) ;
#4677 = EDGE_LOOP ( 'NONE', ( #6376, #5814, #3174 ) ) ;
#4678 = CARTESIAN_POINT ( 'NONE',  ( 98.87499999999998579, -3.671958834454324805, 1.328041165545675195 ) ) ;
#4679 = B_SPLINE_CURVE_WITH_KNOTS ( 'NONE', 3,
 ( #3598, #175, #892, #805, #90, #2825, #2873, #4881, #7069, #3011, #5592, #8302, #5765, #480, #5150, #5902 ),
 .UNSPECIFIED., .F., .F.,
 ( 4, 2, 2, 2, 2, 2, 2, 4 ),
 ( 4.818711198682416421E-07, 0.0008765200830205603600, 0.001314539188970919193, 0.001752558294921278135, 0.002190577400871637076, 0.002628596506821995801, 0.003066615612772354959, 0.003504634718722713684 ),
 .UNSPECIFIED. ) ;
#4680 = CARTESIAN_POINT ( 'NONE',  ( 0.000000000000000000, 0.000000000000000000, 0.000000000000000000 ) ) ;
#4681 = CIRCLE ( 'NONE', #8088, 3.999999999999999112 ) ;
#4682 = CARTESIAN_POINT ( 'NONE',  ( 119.2704619374262336, -4.832344906983752075, 0.1676550930162465924 ) ) ;
#4683 = CARTESIAN_POINT ( 'NONE',  ( 96.12500000002798117, -5.000000000000000888, -4.336808689942017736E-16 ) ) ;
#4684 = ADVANCED_FACE ( 'NONE', ( #1346 ), #98, .T. ) ;
#4685 = AXIS2_PLACEMENT_3D ( 'NONE', #7169, #283, #1037 ) ;
#4686 = CARTESIAN_POINT ( 'NONE',  ( 20.53383637236985493, -0.2517800035653026680, -4.748219996434697165 ) ) ;
#4687 = AXIS2_PLACEMENT_3D ( 'NONE', #3283, #5323, #5949 ) ;
#4688 = EDGE_LOOP ( 'NONE', ( #3622, #7244 ) ) ;
#4689 = ORIENTED_EDGE ( 'NONE', *, *, #6029, .T. ) ;
#4690 = DIRECTION ( 'NONE',  ( 0.000000000000000000, -1.000000000000000000, 0.000000000000000000 ) ) ;
#4691 = CARTESIAN_POINT ( 'NONE',  ( 79.62500000000000000, 1.224646799147353207E-16, -1.000000000000000000 ) ) ;
#4692 = CARTESIAN_POINT ( 'NONE',  ( 63.12499999999977973, 2.851934276330579378E-13, 5.000000000000285105 ) ) ;
#4693 = DIRECTION ( 'NONE',  ( 0.000000000000000000, 0.000000000000000000, -1.000000000000000000 ) ) ;
#4694 = CARTESIAN_POINT ( 'NONE',  ( 17.71616362764439145, -4.748219996440561808, -0.2517800035594393027 ) ) ;
#4695 = B_SPLINE_CURVE_WITH_KNOTS ( 'NONE', 3,
 ( #8491, #1581, #7867, #1658, #2372, #6362, #4980, #4406, #7031, #7124, #4491, #7740, #1707, #6489 ),
 .UNSPECIFIED., .F., .F.,
 ( 4, 2, 2, 2, 2, 2, 4 ),
 ( 1.970548284644934111E-07, 0.0009008928392885434287, 0.001351240731518582117, 0.001801588623748619829, 0.002251936515978657759, 0.002702284408208695688, 0.003602980192668768945 ),
 .UNSPECIFIED. ) ;
#4696 = CARTESIAN_POINT ( 'NONE',  ( 68.62499999999998579, 0.000000000000000000, 1.000000000000000000 ) ) ;
#4697 = EDGE_CURVE ( 'NONE', #6406, #8726, #952, .T. ) ;
#4698 = ORIENTED_EDGE ( 'NONE', *, *, #1435, .T. ) ;
#4699 = CARTESIAN_POINT ( 'NONE',  ( 95.39665234915595704, -0.06459124882792478817, 4.935408751172075448 ) ) ;
#4700 = DIRECTION ( 'NONE',  ( 0.000000000000000000, 0.000000000000000000, 1.000000000000000000 ) ) ;
#4701 = CARTESIAN_POINT ( 'NONE',  ( 3.101686143148198571, -0.03157968873786753949, 4.968420311262133460 ) ) ;
#4702 = ORIENTED_EDGE ( 'NONE', *, *, #2477, .F. ) ;
#4703 = CARTESIAN_POINT ( 'NONE',  ( 59.51876480693203320, -0.4915337874217309277, 4.508466212578269072 ) ) ;
#4704 = B_SPLINE_CURVE_WITH_KNOTS ( 'NONE', 3,
 ( #8240, #4747, #3460, #719, #4082, #2735, #6178, #5507, #7568, #3325, #48, #7471, #4132, #5458, #5421, #1344 ),
 .UNSPECIFIED., .F., .F.,
 ( 4, 2, 2, 2, 2, 2, 2, 4 ),
 ( 4.818711198530449181E-07, 0.0008765200830206114260, 0.001314539188970989883, 0.001752558294921368340, 0.002190577400871746364, 0.002628596506822125038, 0.003066615612772503278, 0.003504634718722881952 ),
 .UNSPECIFIED. ) ;
#4705 = CARTESIAN_POINT ( 'NONE',  ( 22.85157376276965024, -0.4321793203680419637, -4.567820679631958924 ) ) ;
#4706 = TOROIDAL_SURFACE ( 'NONE', #2567, 1.000000000000000000, 1.374999999999999556 ) ;
#4707 = CARTESIAN_POINT ( 'NONE',  ( 71.37500000000000000, 0.000000000000000000, 3.904737509655557659 ) ) ;
#4708 = AXIS2_PLACEMENT_3D ( 'NONE', #4414, #6286, #7129 ) ;
#4709 = DIRECTION ( 'NONE',  ( 0.000000000000000000, -1.224646799147353207E-16, 1.000000000000000000 ) ) ;
#4710 = CARTESIAN_POINT ( 'NONE',  ( 95.83253412545244032, -4.991957775359345817, 0.008042224640654491857 ) ) ;
#4711 = DIRECTION ( 'NONE',  ( 0.000000000000000000, 0.000000000000000000, -1.000000000000000000 ) ) ;
#4712 = CARTESIAN_POINT ( 'NONE',  ( 64.53423771780845186, -4.739198801696318242, -0.2608011983036821468 ) ) ;
#4713 = CARTESIAN_POINT ( 'NONE',  ( 84.53886551654431969, -0.04063066961493053825, -4.959369330385070107 ) ) ;
#4714 = DIRECTION ( 'NONE',  ( -0.000000000000000000, 1.000000000000000000, 1.224646799147353207E-16 ) ) ;
#4715 = CARTESIAN_POINT ( 'NONE',  ( 68.62499999999998579, 1.224646799147353207E-16, -1.000000000000000000 ) ) ;
#4716 = EDGE_CURVE ( 'NONE', #7640, #8726, #5380, .T. ) ;
#4717 = CARTESIAN_POINT ( 'NONE',  ( 11.73123519307650042, -4.508466212583678079, -0.4915337874163232534 ) ) ;
#4718 = EDGE_CURVE ( 'NONE', #4327, #5909, #8520, .T. ) ;
#4719 = ORIENTED_EDGE ( 'NONE', *, *, #4181, .T. ) ;
#4720 = ORIENTED_EDGE ( 'NONE', *, *, #6967, .T. ) ;
#4721 = CARTESIAN_POINT ( 'NONE',  ( 90.32874637064226420, -0.008301598518918091099, -4.991698401481082570 ) ) ;
#4722 = CARTESIAN_POINT ( 'NONE',  ( 85.12500000000000000, 0.000000000000000000, 0.000000000000000000 ) ) ;
#4723 = CARTESIAN_POINT ( 'NONE',  ( 119.2717805843163461, -0.1593231317801552527, -4.840676868219844664 ) ) ;
#4724 = CARTESIAN_POINT ( 'NONE',  ( 54.87499999999999289, -1.328041165545660540, -3.671958834454339460 ) ) ;
#4725 = ORIENTED_EDGE ( 'NONE', *, *, #1006, .F. ) ;
#4726 = VERTEX_POINT ( 'NONE', #859 ) ;
#4727 = CARTESIAN_POINT ( 'NONE',  ( 32.60122534970069097, -0.9582157396401951299, 4.041784260359805536 ) ) ;
#4728 = ADVANCED_FACE ( 'NONE', ( #6458 ), #7671, .F. ) ;
#4729 = CARTESIAN_POINT ( 'NONE',  ( 13.62499999999979039, 2.854305633574743335E-13, -5.000000000000285105 ) ) ;
#4730 = CARTESIAN_POINT ( 'NONE',  ( 116.3515737627696325, -0.4321793203680409090, 4.567820679631960701 ) ) ;
#4731 = CARTESIAN_POINT ( 'NONE',  ( 83.01880044884225640, -4.366408635911691150, 0.6335913640883091835 ) ) ;
#4732 = CARTESIAN_POINT ( 'NONE',  ( 60.37500000000000000, 4.781924292710295550E-16, -3.904737509655562544 ) ) ;
#4733 = ORIENTED_EDGE ( 'NONE', *, *, #5493, .F. ) ;
#4734 = DIRECTION ( 'NONE',  ( -1.000000000000000000, -0.000000000000000000, -0.000000000000000000 ) ) ;
#4735 = CARTESIAN_POINT ( 'NONE',  ( 103.8272287304205435, -4.282386290035390175, -0.7176137099646094919 ) ) ;
#4736 = ADVANCED_FACE ( 'NONE', ( #2198 ), #963, .T. ) ;
#4737 = B_SPLINE_CURVE_WITH_KNOTS ( 'NONE', 3,
 ( #6913, #1632, #6295, #7048, #7669, #2850, #7756, #2892, #913, #3662, #5613, #4379, #3709, #6381, #829, #7626 ),
 .UNSPECIFIED., .F., .F.,
 ( 4, 2, 2, 2, 2, 2, 2, 4 ),
 ( 4.818711198738411652E-07, 0.0008765200830274595721, 0.001314539188981252507, 0.001752558294935045334, 0.002190577400888838160, 0.002628596506842631204, 0.003066615612796423813, 0.003504634718750216857 ),
 .UNSPECIFIED. ) ;
#4738 = CARTESIAN_POINT ( 'NONE',  ( 19.12499999999979039, 2.846928307476403400E-13, 5.000000000000284217 ) ) ;
#4739 = ORIENTED_EDGE ( 'NONE', *, *, #6621, .T. ) ;
#4740 = DIRECTION ( 'NONE',  ( -1.000000000000000000, -0.000000000000000000, -0.000000000000000000 ) ) ;
#4741 = DIRECTION ( 'NONE',  ( -1.000000000000000000, -0.000000000000000000, -0.000000000000000000 ) ) ;
#4742 = B_SPLINE_CURVE_WITH_KNOTS ( 'NONE', 3,
 ( #3847, #4516, #5222, #3796, #1190, #6640, #6519, #1859, #1150, #388, #6558, #4474, #3129, #1770, #2403, #5848 ),
 .UNSPECIFIED., .F., .F.,
 ( 4, 2, 2, 2, 2, 2, 2, 4 ),
 ( 4.818711198560992131E-07, 0.0008765200830274476459, 0.001314539188981239930, 0.001752558294935032540, 0.002190577400888824716, 0.002628596506842616892, 0.003066615612796409068, 0.003504634718750201244 ),
 .UNSPECIFIED. ) ;
#4743 = CARTESIAN_POINT ( 'NONE',  ( 123.3279352953670127, 2.825513682496511817E-15, 5.000000000000003553 ) ) ;
#4744 = B_SPLINE_CURVE_WITH_KNOTS ( 'NONE', 3,
 ( #8449, #2242, #6364, #6944, #5558, #1583, #1483, #4319, #2331, #8309, #226, #7078, #7655, #2964 ),
 .UNSPECIFIED., .F., .F.,
 ( 4, 2, 2, 2, 2, 2, 4 ),
 ( 4.818711198493018795E-07, 0.0008763243365552669936, 0.001314245569272989118, 0.001752166801990711134, 0.002190088034708432933, 0.002628009267426155166, 0.003503851732861638230 ),
 .UNSPECIFIED. ) ;
#4745 = CARTESIAN_POINT ( 'NONE',  ( 91.99999999999998579, 1.224646799147353207E-16, -1.000000000000000000 ) ) ;
#4746 = EDGE_CURVE ( 'NONE', #6191, #7647, #6249, .T. ) ;
#4747 = CARTESIAN_POINT ( 'NONE',  ( 43.75378377920364414, -3.863136006093137453, -1.136863993906862103 ) ) ;
#4748 = FACE_OUTER_BOUND ( 'NONE', #25, .T. ) ;
#4749 = DIRECTION ( 'NONE',  ( 0.000000000000000000, 0.000000000000000000, 1.000000000000000000 ) ) ;
#4750 = CARTESIAN_POINT ( 'NONE',  ( 103.0000000000000000, 0.000000000000000000, 0.000000000000000000 ) ) ;
#4751 = CIRCLE ( 'NONE', #4624, 4.000000000000000000 ) ;
#4752 = DIRECTION ( 'NONE',  ( 0.000000000000000000, 0.000000000000000000, 1.000000000000000000 ) ) ;
#4753 = CARTESIAN_POINT ( 'NONE',  ( 85.12500000000000000, 0.000000000000000000, 0.000000000000000000 ) ) ;
#4754 = AXIS2_PLACEMENT_3D ( 'NONE', #8414, #2297, #5032 ) ;
#4755 = CARTESIAN_POINT ( 'NONE',  ( 115.1026342793625616, -4.040089233410273373, 0.9599107665897265163 ) ) ;
#4756 = CARTESIAN_POINT ( 'NONE',  ( 98.87499999999998579, 4.781924292710285690E-16, -3.904737509655557659 ) ) ;
#4757 = VERTEX_POINT ( 'NONE', #317 ) ;
#4758 = CARTESIAN_POINT ( 'NONE',  ( 73.11759796945997891, -0.1278684794971776395, 4.872131520502823498 ) ) ;
#4759 = ORIENTED_EDGE ( 'NONE', *, *, #1870, .F. ) ;
#4760 = EDGE_LOOP ( 'NONE', ( #6309, #8299, #6689, #5941 ) ) ;
#4761 = FACE_OUTER_BOUND ( 'NONE', #8772, .T. ) ;
#4762 = DIRECTION ( 'NONE',  ( 0.000000000000000000, 0.000000000000000000, 1.000000000000000000 ) ) ;
#4763 = B_SPLINE_CURVE_WITH_KNOTS ( 'NONE', 3,
 ( #6466, #326, #1090, #1677, #3114, #1043, #7270, #1758, #424, #4376, #3071, #1799, #6586, #7090, #3784, #1140 ),
 .UNSPECIFIED., .F., .F.,
 ( 4, 2, 2, 2, 2, 2, 2, 4 ),
 ( 4.818711198695142032E-07, 0.0008765200830274565364, 0.001314539188981250122, 0.001752558294935043599, 0.002190577400888837293, 0.002628596506842630770, 0.003066615612796424247, 0.003504634718750217724 ),
 .UNSPECIFIED. ) ;
#4764 = CARTESIAN_POINT ( 'NONE',  ( 76.87500000000000000, 4.781924292710292592E-16, -3.904737509655557659 ) ) ;
#4765 = CARTESIAN_POINT ( 'NONE',  ( 112.9212536293830169, -4.991698401479151670, -0.008301598520848999657 ) ) ;
#4766 = AXIS2_PLACEMENT_3D ( 'NONE', #3383, #4015, #6059 ) ;
#4767 = EDGE_CURVE ( 'NONE', #6015, #6933, #7458, .T. ) ;
#4768 = CARTESIAN_POINT ( 'NONE',  ( 20.27178058431636742, -0.1593231317801519775, -4.840676868219848217 ) ) ;
#4769 = ADVANCED_FACE ( 'NONE', ( #2292 ), #7387, .T. ) ;
#4770 = EDGE_LOOP ( 'NONE', ( #1891, #4479, #2249, #8106, #7442, #2494 ) ) ;
#4771 = ORIENTED_EDGE ( 'NONE', *, *, #2986, .T. ) ;
#4772 = DIRECTION ( 'NONE',  ( -1.000000000000000000, -0.000000000000000000, -0.000000000000000000 ) ) ;
#4773 = CARTESIAN_POINT ( 'NONE',  ( 96.12499999999998579, 0.000000000000000000, 1.000000000000000000 ) ) ;
#4774 = ORIENTED_EDGE ( 'NONE', *, *, #7196, .F. ) ;
#4775 = CARTESIAN_POINT ( 'NONE',  ( 120.8749999999999858, -1.328041165545675195, 3.671958834454324805 ) ) ;
#4776 = CARTESIAN_POINT ( 'NONE',  ( 30.85059813401478124, -0.06404366728010507659, -4.935956332719896089 ) ) ;
#4777 = DIRECTION ( 'NONE',  ( 0.000000000000000000, 0.000000000000000000, 1.000000000000000000 ) ) ;
#4778 = CARTESIAN_POINT ( 'NONE',  ( 18.54368978649820932, -4.960065625086332197, -0.03993437491366717829 ) ) ;
#4779 = CARTESIAN_POINT ( 'NONE',  ( 32.87500000000000000, -1.328041165545665425, 3.671958834454334575 ) ) ;
#4780 = EDGE_LOOP ( 'NONE', ( #1060, #8154, #926, #4111, #2765, #6099 ) ) ;
#4781 = EDGE_CURVE ( 'NONE', #755, #7147, #4410, .T. ) ;
#4782 = CARTESIAN_POINT ( 'NONE',  ( 49.92277126958471456, -0.7176137099602841740, -4.282386290039717380 ) ) ;
#4783 = TOROIDAL_SURFACE ( 'NONE', #4517, 1.000000000000000000, 3.999999999999996447 ) ;
#4784 = FACE_OUTER_BOUND ( 'NONE', #3703, .T. ) ;
#4785 = AXIS2_PLACEMENT_3D ( 'NONE', #4997, #7625, #4291 ) ;
#4786 = CARTESIAN_POINT ( 'NONE',  ( 77.52374954628649562, -0.6401341107417679588, -4.359865889258232485 ) ) ;
#4787 = EDGE_LOOP ( 'NONE', ( #6685, #5452, #4296, #3523 ) ) ;
#4788 = DIRECTION ( 'NONE',  ( -1.000000000000000000, -0.000000000000000000, -0.000000000000000000 ) ) ;
#4789 = CARTESIAN_POINT ( 'NONE',  ( 99.52374954628648140, -0.6401341107417659604, 4.359865889258234262 ) ) ;
#4790 = DIRECTION ( 'NONE',  ( -1.000000000000000000, -0.000000000000000000, -0.000000000000000000 ) ) ;
#4791 = CIRCLE ( 'NONE', #8197, 1.000000000000000000 ) ;
#4792 = AXIS2_PLACEMENT_3D ( 'NONE', #5375, #4040, #4752 ) ;
#4793 = ADVANCED_FACE ( 'NONE', ( #5068 ), #3546, .T. ) ;
#4794 = CARTESIAN_POINT ( 'NONE',  ( 23.89940186600661676, -4.935956332723939077, -0.06404366727606168597 ) ) ;
#4795 = CARTESIAN_POINT ( 'NONE',  ( 74.12500000000000000, 0.000000000000000000, 0.000000000000000000 ) ) ;
#4796 = CARTESIAN_POINT ( 'NONE',  ( 93.25399883711745019, -1.137203174285775109, -3.862796825714226223 ) ) ;
#4797 = DIRECTION ( 'NONE',  ( 0.000000000000000000, 0.000000000000000000, 1.000000000000000000 ) ) ;
#4798 = CARTESIAN_POINT ( 'NONE',  ( 79.77225720791399510, -4.999999999998964384, 1.034287579694991371E-12 ) ) ;
#4799 = LINE ( 'NONE', #1974, #1136 ) ;
#4800 = EDGE_LOOP ( 'NONE', ( #2621, #8350, #7003, #730 ) ) ;
#4801 = EDGE_CURVE ( 'NONE', #798, #3914, #4161, .T. ) ;
#4802 = CARTESIAN_POINT ( 'NONE',  ( 112.6250000000000000, 0.000000000000000000, 1.000000000000000000 ) ) ;
#4803 = CARTESIAN_POINT ( 'NONE',  ( 114.5117275769369769, -4.502552532146823161, 0.4974474678531770055 ) ) ;
#4804 = CARTESIAN_POINT ( 'NONE',  ( 79.62500000000000000, 0.000000000000000000, 0.000000000000000000 ) ) ;
#4805 = CARTESIAN_POINT ( 'NONE',  ( 23.25000000000000000, 0.000000000000000000, 0.000000000000000000 ) ) ;
#4806 = ORIENTED_EDGE ( 'NONE', *, *, #3490, .F. ) ;
#4807 = EDGE_LOOP ( 'NONE', ( #8393, #7761, #2456, #2271 ) ) ;
#4808 = CARTESIAN_POINT ( 'NONE',  ( 89.89665234915595704, -0.06459124882792310895, -4.935408751172076336 ) ) ;
#4809 = AXIS2_PLACEMENT_3D ( 'NONE', #7995, #5907, #5194 ) ;
#4810 = DIRECTION ( 'NONE',  ( 0.000000000000000000, 0.000000000000000000, 1.000000000000000000 ) ) ;
#4811 = CARTESIAN_POINT ( 'NONE',  ( 37.51172757693689874, -4.502552532146859576, -0.4974474678531404792 ) ) ;
#4812 = DIRECTION ( 'NONE',  ( 0.000000000000000000, 0.000000000000000000, 1.000000000000000000 ) ) ;
#4813 = CARTESIAN_POINT ( 'NONE',  ( 79.62500000000000000, 0.000000000000000000, 0.000000000000000000 ) ) ;
#4814 = DIRECTION ( 'NONE',  ( 0.000000000000000000, 0.000000000000000000, 1.000000000000000000 ) ) ;
#4815 = TOROIDAL_SURFACE ( 'NONE', #1379, 1.000000000000000000, 3.999999999999997335 ) ;
#4816 = AXIS2_PLACEMENT_3D ( 'NONE', #8826, #6874, #740 ) ;
#4817 = ORIENTED_EDGE ( 'NONE', *, *, #5972, .T. ) ;
#4818 = EDGE_LOOP ( 'NONE', ( #841, #1796, #6826, #3409 ) ) ;
#4819 = DIRECTION ( 'NONE',  ( 0.000000000000000000, 0.000000000000000000, -1.000000000000000000 ) ) ;
#4820 = CIRCLE ( 'NONE', #1541, 3.904737509655557215 ) ;
#4821 = ORIENTED_EDGE ( 'NONE', *, *, #1167, .F. ) ;
#4822 = CARTESIAN_POINT ( 'NONE',  ( 76.87500000000000000, 0.000000000000000000, 0.000000000000000000 ) ) ;
#4823 = CARTESIAN_POINT ( 'NONE',  ( 31.53383637236985138, -0.2517800035653018909, -4.748219996434698054 ) ) ;
#4825 = AXIS2_PLACEMENT_3D ( 'NONE', #1368, #4107, #7591 ) ;
#4824 = CARTESIAN_POINT ( 'NONE',  ( 63.12499999999998579, 0.000000000000000000, 0.000000000000000000 ) ) ;
#4826 = EDGE_CURVE ( 'NONE', #2030, #3040, #3958, .T. ) ;
#4827 = TOROIDAL_SURFACE ( 'NONE', #5535, 1.000000000000000000, 4.000000000000000000 ) ;
#4828 = AXIS2_PLACEMENT_3D ( 'NONE', #2314, #7014, #3626 ) ;
#4829 = DIRECTION ( 'NONE',  ( 0.000000000000000000, 0.000000000000000000, 1.000000000000000000 ) ) ;
#4830 = DIRECTION ( 'NONE',  ( -1.000000000000000000, -0.000000000000000000, -0.000000000000000000 ) ) ;
#4831 = VERTEX_POINT ( 'NONE', #3952 ) ;
#4832 = AXIS2_PLACEMENT_3D ( 'NONE', #5908, #1876, #4656 ) ;
#4833 = ORIENTED_EDGE ( 'NONE', *, *, #3814, .F. ) ;
#4834 = DIRECTION ( 'NONE',  ( 0.000000000000000000, -1.224646799147353207E-16, 1.000000000000000000 ) ) ;
#4835 = CIRCLE ( 'NONE', #7401, 3.904737509655557215 ) ;
#4836 = ORIENTED_EDGE ( 'NONE', *, *, #6133, .T. ) ;
#4837 = CARTESIAN_POINT ( 'NONE',  ( 6.018800448842219986, -4.366408635911668945, -0.6335913640883304998 ) ) ;
#4838 = LINE ( 'NONE', #2867, #4416 ) ;
#4839 = EDGE_CURVE ( 'NONE', #1727, #8028, #7111, .T. ) ;
#4840 = DIRECTION ( 'NONE',  ( 0.000000000000000000, -1.000000000000000000, 0.000000000000000000 ) ) ;
#4841 = ORIENTED_EDGE ( 'NONE', *, *, #6313, .T. ) ;
#4842 = ADVANCED_FACE ( 'NONE', ( #5291 ), #8523, .F. ) ;
#4843 = CARTESIAN_POINT ( 'NONE',  ( 52.41746587457270579, -0.008042224642538188181, 4.991957775357462879 ) ) ;
#4844 = CARTESIAN_POINT ( 'NONE',  ( 17.59032131224201478, -0.3138588207986882095, -4.686141179201313456 ) ) ;
#4845 = CARTESIAN_POINT ( 'NONE',  ( 59.00000000000000000, 0.000000000000000000, 0.000000000000000000 ) ) ;
#4846 = CARTESIAN_POINT ( 'NONE',  ( 57.62499999999999289, 1.224646799147353207E-16, -1.000000000000000000 ) ) ;
#4847 = CARTESIAN_POINT ( 'NONE',  ( 108.2717805843163887, -0.1593231317801525049, -4.840676868219847329 ) ) ;
#4848 = DIRECTION ( 'NONE',  ( 0.000000000000000000, 0.000000000000000000, 1.000000000000000000 ) ) ;
#4849 = EDGE_CURVE ( 'NONE', #4478, #8828, #3263, .T. ) ;
#4850 = CARTESIAN_POINT ( 'NONE',  ( 122.2204032727459264, -4.740996707076422290, -0.2590032929235777104 ) ) ;
#4851 = CARTESIAN_POINT ( 'NONE',  ( 82.25378377920365836, -3.863136006093129904, 1.136863993906870984 ) ) ;
#4852 = DIRECTION ( 'NONE',  ( 0.000000000000000000, 0.000000000000000000, 1.000000000000000000 ) ) ;
#4853 = CARTESIAN_POINT ( 'NONE',  ( 43.23119955116401769, -0.6335913640930923574, -4.366408635906908309 ) ) ;
#4854 = DIRECTION ( 'NONE',  ( -0.000000000000000000, 1.000000000000000000, 1.224646799147353207E-16 ) ) ;
#4855 = DIRECTION ( 'NONE',  ( 0.000000000000000000, -1.224646799147353454E-16, 1.000000000000000000 ) ) ;
#4856 = ORIENTED_EDGE ( 'NONE', *, *, #1513, .T. ) ;
#4857 = EDGE_CURVE ( 'NONE', #704, #6079, #1811, .T. ) ;
#4858 = ORIENTED_EDGE ( 'NONE', *, *, #2546, .F. ) ;
#4859 = DIRECTION ( 'NONE',  ( -1.000000000000000000, -0.000000000000000000, -0.000000000000000000 ) ) ;
#4860 = CARTESIAN_POINT ( 'NONE',  ( 111.2157622822055316, -0.2608011982980542598, 4.739198801701945740 ) ) ;
#4861 = CARTESIAN_POINT ( 'NONE',  ( 35.62500000002778933, -5.000000000000000888, -4.336808689942017736E-16 ) ) ;
#4862 = CARTESIAN_POINT ( 'NONE',  ( 118.1249999999999858, 1.224646799147353207E-16, -1.000000000000000000 ) ) ;
#4863 = LINE ( 'NONE', #118, #2487 ) ;
#4864 = DIRECTION ( 'NONE',  ( 0.000000000000000000, 0.000000000000000000, 1.000000000000000000 ) ) ;
#4865 = VERTEX_POINT ( 'NONE', #7343 ) ;
#4866 = CARTESIAN_POINT ( 'NONE',  ( 61.59032131224200413, -0.3138588207986875434, -4.686141179201313456 ) ) ;
#4867 = DIRECTION ( 'NONE',  ( -1.000000000000000000, -0.000000000000000000, -0.000000000000000000 ) ) ;
#4868 = ORIENTED_EDGE ( 'NONE', *, *, #5882, .T. ) ;
#4869 = CARTESIAN_POINT ( 'NONE',  ( 15.03383637236985315, -0.2517800035653021129, -4.748219996434698054 ) ) ;
#4870 = CARTESIAN_POINT ( 'NONE',  ( 67.25000000000000000, 0.000000000000000000, 0.000000000000000000 ) ) ;
#4871 = CARTESIAN_POINT ( 'NONE',  ( 86.89842623724024406, -4.567820679626467317, 0.4321793203735330158 ) ) ;
#4872 = DIRECTION ( 'NONE',  ( 0.000000000000000000, 0.000000000000000000, 1.000000000000000000 ) ) ;
#4873 = CARTESIAN_POINT ( 'NONE',  ( 114.0338363723698620, -0.2517800035653036117, -4.748219996434697165 ) ) ;
#4874 = ORIENTED_EDGE ( 'NONE', *, *, #8040, .T. ) ;
#4875 = ORIENTED_EDGE ( 'NONE', *, *, #5181, .F. ) ;
#4876 = CARTESIAN_POINT ( 'NONE',  ( 19.12500000000000000, 1.224646799147353207E-16, -1.000000000000000000 ) ) ;
#4877 = DIRECTION ( 'NONE',  ( 0.000000000000000000, 0.000000000000000000, 1.000000000000000000 ) ) ;
#4878 = ORIENTED_EDGE ( 'NONE', *, *, #8010, .F. ) ;
#4879 = CARTESIAN_POINT ( 'NONE',  ( 79.03886551654429127, -0.04063066961493040641, -4.959369330385070107 ) ) ;
#4880 = ORIENTED_EDGE ( 'NONE', *, *, #7213, .T. ) ;
#4881 = CARTESIAN_POINT ( 'NONE',  ( 70.15967868777055116, -4.686141179195657536, -0.3138588208043440742 ) ) ;
#4882 = CARTESIAN_POINT ( 'NONE',  ( 17.71576228220553872, -0.2608011982980512622, -4.739198801701948405 ) ) ;
#4883 = CARTESIAN_POINT ( 'NONE',  ( 16.37499999999999645, -3.671958834454337683, 1.328041165545662539 ) ) ;
#4884 = CC_DESIGN_PERSON_AND_ORGANIZATION_ASSIGNMENT ( #1046, #5131, ( #4382 ) ) ;
#4885 = EDGE_CURVE ( 'NONE', #7249, #4087, #4672, .T. ) ;
#4886 = CARTESIAN_POINT ( 'NONE',  ( 121.8512912688045731, -0.4323357082839946464, 4.567664291716005742 ) ) ;
#4887 = LINE ( 'NONE', #3604, #8222 ) ;
#4888 = CARTESIAN_POINT ( 'NONE',  ( 71.37500000000000000, -3.671958834454324805, 1.328041165545675195 ) ) ;
#4889 = CARTESIAN_POINT ( 'NONE',  ( 6.023749546286494727, -0.6401341107417620746, -4.359865889258236926 ) ) ;
#4890 = CARTESIAN_POINT ( 'NONE',  ( 41.12499999999979394, 2.835874531650637844E-13, 5.000000000000283329 ) ) ;
#4891 = CARTESIAN_POINT ( 'NONE',  ( 82.92277126958472877, -0.7176137099602881708, -4.282386290039712051 ) ) ;
#4892 = EDGE_CURVE ( 'NONE', #3292, #473, #6492, .T. ) ;
#4893 = CARTESIAN_POINT ( 'NONE',  ( 15.82722873042056300, -4.282386290035417709, -0.7176137099645828465 ) ) ;
#4894 = DIRECTION ( 'NONE',  ( 0.000000000000000000, 0.000000000000000000, 1.000000000000000000 ) ) ;
#4895 = ORIENTED_EDGE ( 'NONE', *, *, #8278, .T. ) ;
#4896 = CARTESIAN_POINT ( 'NONE',  ( 2.500000000000000000, 0.000000000000000000, 0.000000000000000000 ) ) ;
#4897 = ORIENTED_EDGE ( 'NONE', *, *, #3994, .F. ) ;
#4898 = ORIENTED_EDGE ( 'NONE', *, *, #8289, .F. ) ;
#4899 = DIRECTION ( 'NONE',  ( -1.000000000000000000, -0.000000000000000000, -0.000000000000000000 ) ) ;
#4900 = CARTESIAN_POINT ( 'NONE',  ( 112.3287463706422784, -0.008301598518919066014, 4.991698401481080793 ) ) ;
#4901 = DIRECTION ( 'NONE',  ( -1.000000000000000000, -0.000000000000000000, -0.000000000000000000 ) ) ;
#4902 = CARTESIAN_POINT ( 'NONE',  ( 76.99600116288350193, -3.862796825715727689, -1.137203174284272977 ) ) ;
#4903 = CARTESIAN_POINT ( 'NONE',  ( 71.10122534970065544, -0.9582157396402011251, -4.041784260359799319 ) ) ;
#4904 = AXIS2_PLACEMENT_3D ( 'NONE', #3355, #6125, #4162 ) ;
#4905 = EDGE_CURVE ( 'NONE', #3307, #5796, #2345, .T. ) ;
#4906 = ORIENTED_EDGE ( 'NONE', *, *, #4938, .F. ) ;
#4907 = CARTESIAN_POINT ( 'NONE',  ( 49.25399883711745730, -1.137203174285768004, 3.862796825714232440 ) ) ;
#4908 = CARTESIAN_POINT ( 'NONE',  ( 5.375000000000000000, -3.671958834454335019, -1.328041165545665425 ) ) ;
#4909 = EDGE_LOOP ( 'NONE', ( #1611, #3535, #6235, #5219 ) ) ;
#4910 = ORIENTED_EDGE ( 'NONE', *, *, #7338, .T. ) ;
#4911 = CARTESIAN_POINT ( 'NONE',  ( 49.37500000000000000, 0.000000000000000000, 3.904737509655562544 ) ) ;
#4912 = CARTESIAN_POINT ( 'NONE',  ( 30.27184353044837906, 1.124340946273517591E-14, -5.000000000000012434 ) ) ;
#4913 = AXIS2_PLACEMENT_3D ( 'NONE', #1901, #5021, #8695 ) ;
#4914 = CARTESIAN_POINT ( 'NONE',  ( 48.72625045371991348, -4.359865889253507376, 0.6401341107464924018 ) ) ;
#4915 = CARTESIAN_POINT ( 'NONE',  ( 34.09032131224201123, -0.3138588207986880430, 4.686141179201312568 ) ) ;
#4916 = VERTEX_POINT ( 'NONE', #3150 ) ;
#4917 = EDGE_CURVE ( 'NONE', #445, #8211, #1913, .T. ) ;
#4918 = ORIENTED_EDGE ( 'NONE', *, *, #4523, .F. ) ;
#4919 = LOCAL_TIME ( 3, 33, 10.00000000000000000, #7317 ) ;
#4920 = EDGE_LOOP ( 'NONE', ( #6114, #4122, #890 ) ) ;
#4921 = DIRECTION ( 'NONE',  ( 0.000000000000000000, -1.224646799147353207E-16, 1.000000000000000000 ) ) ;
#4922 = CARTESIAN_POINT ( 'NONE',  ( 104.1026342793625616, -4.040089233410254721, -0.9599107665897453900 ) ) ;
#4923 = EDGE_LOOP ( 'NONE', ( #2668, #8277, #1475, #1869, #5586, #3075 ) ) ;
#4924 = CARTESIAN_POINT ( 'NONE',  ( 112.3287463706422784, -0.008301598518919062544, -4.991698401481080793 ) ) ;
#4925 = ORIENTED_EDGE ( 'NONE', *, *, #3208, .T. ) ;
#4926 = CARTESIAN_POINT ( 'NONE',  ( 90.62499999999998579, 1.224646799147353207E-16, -1.000000000000000000 ) ) ;
#4927 = FACE_OUTER_BOUND ( 'NONE', #7490, .T. ) ;
#4928 = CARTESIAN_POINT ( 'NONE',  ( 40.83253412545227690, -4.991957775359334271, -0.008042224640665836949 ) ) ;
#4929 = AXIS2_PLACEMENT_3D ( 'NONE', #870, #117, #2849 ) ;
#4930 = CARTESIAN_POINT ( 'NONE',  ( 122.2153642080977534, -0.2609614760798325550, 4.739038523920167556 ) ) ;
#4931 = CARTESIAN_POINT ( 'NONE',  ( 101.6249999999997868, 2.818544231345960265E-13, 5.000000000000282441 ) ) ;
#4932 = FACE_OUTER_BOUND ( 'NONE', #3653, .T. ) ;
#4933 = DIRECTION ( 'NONE',  ( -1.000000000000000000, -0.000000000000000000, -0.000000000000000000 ) ) ;
#4934 = AXIS2_PLACEMENT_3D ( 'NONE', #596, #1943, #6644 ) ;
#4935 = CIRCLE ( 'NONE', #5077, 3.999999999999999112 ) ;
#4936 = CARTESIAN_POINT ( 'NONE',  ( 10.22625045371991881, -4.359865889253494053, -0.6401341107465055025 ) ) ;
#4937 = DIRECTION ( 'NONE',  ( -1.000000000000000000, -0.000000000000000000, -0.000000000000000000 ) ) ;
#4938 = EDGE_CURVE ( 'NONE', #6290, #5484, #1950, .T. ) ;
#4939 = TOROIDAL_SURFACE ( 'NONE', #933, 1.000000000000000000, 4.000000000000001776 ) ;
#4940 = CARTESIAN_POINT ( 'NONE',  ( 41.70631021352428291, -0.03993437491703665659, -4.960065625082964225 ) ) ;
#4941 = CIRCLE ( 'NONE', #6512, 3.999999999999996447 ) ;
#4942 = ORIENTED_EDGE ( 'NONE', *, *, #4542, .F. ) ;
#4943 = DIRECTION ( 'NONE',  ( -0.000000000000000000, 0.7071067811865475727, 0.7071067811865475727 ) ) ;
#4944 = EDGE_LOOP ( 'NONE', ( #4878, #3088, #348 ) ) ;
#4945 = EDGE_LOOP ( 'NONE', ( #5858, #7413, #1187 ) ) ;
#4946 = CARTESIAN_POINT ( 'NONE',  ( 76.87500000000000000, -1.328041165545675195, -3.671958834454324805 ) ) ;
#4947 = DIRECTION ( 'NONE',  ( 0.000000000000000000, 0.000000000000000000, -1.000000000000000000 ) ) ;
#4948 = CARTESIAN_POINT ( 'NONE',  ( 52.12500000000000000, 0.000000000000000000, 0.000000000000000000 ) ) ;
#4949 = EDGE_CURVE ( 'NONE', #6451, #7969, #7356, .T. ) ;
#4950 = CARTESIAN_POINT ( 'NONE',  ( 107.1250000000000000, -5.000000000000000888, -4.336808689942017736E-16 ) ) ;
#4951 = CARTESIAN_POINT ( 'NONE',  ( 68.77184353044836485, 6.345970840829211041E-15, -5.000000000000006217 ) ) ;
#4952 = ORIENTED_EDGE ( 'NONE', *, *, #4324, .F. ) ;
#4953 = CARTESIAN_POINT ( 'NONE',  ( 9.271780584316365648, -0.1593231317801513114, 4.840676868219849105 ) ) ;
#4954 = AXIS2_PLACEMENT_3D ( 'NONE', #1700, #3759, #349 ) ;
#4955 = CARTESIAN_POINT ( 'NONE',  ( 98.99600116288351614, -3.862796825715729021, 1.137203174284272089 ) ) ;
#4956 = VERTEX_POINT ( 'NONE', #6747 ) ;
#4957 = CARTESIAN_POINT ( 'NONE',  ( 65.87499999999998579, -1.328041165545668756, 3.671958834454331022 ) ) ;
#4958 = DIRECTION ( 'NONE',  ( 0.000000000000000000, 0.000000000000000000, 1.000000000000000000 ) ) ;
#4959 = DIRECTION ( 'NONE',  ( -1.000000000000000000, -0.000000000000000000, -0.000000000000000000 ) ) ;
#4960 = ADVANCED_FACE ( 'NONE', ( #41 ), #1681, .T. ) ;
#4961 = CARTESIAN_POINT ( 'NONE',  ( 35.62499999999978684, 2.834739505433365550E-13, 5.000000000000283329 ) ) ;
#4962 = ORIENTED_EDGE ( 'NONE', *, *, #2474, .T. ) ;
#4963 = AXIS2_PLACEMENT_3D ( 'NONE', #3498, #7825, #5017 ) ;
#4964 = AXIS2_PLACEMENT_3D ( 'NONE', #3483, #4690, #6201 ) ;
#4965 = VERTEX_POINT ( 'NONE', #7510 ) ;
#4966 = AXIS2_PLACEMENT_3D ( 'NONE', #2007, #8753, #5326 ) ;
#4967 = CARTESIAN_POINT ( 'NONE',  ( 90.62500000002798117, -5.000000000000000888, -4.336808689942017736E-16 ) ) ;
#4968 = CARTESIAN_POINT ( 'NONE',  ( 43.87500000000000000, 0.000000000000000000, 0.000000000000000000 ) ) ;
#4969 = CIRCLE ( 'NONE', #5677, 1.000000000000000000 ) ;
#4970 = CARTESIAN_POINT ( 'NONE',  ( 122.4822048687072140, -4.833123071218327738, 0.1668769287816722069 ) ) ;
#4971 = EDGE_LOOP ( 'NONE', ( #4388, #3429, #7992, #5975 ) ) ;
#4972 = EDGE_CURVE ( 'NONE', #3792, #2499, #6665, .T. ) ;
#4973 = DIRECTION ( 'NONE',  ( -1.000000000000000000, -0.000000000000000000, -0.000000000000000000 ) ) ;
#4974 = AXIS2_PLACEMENT_3D ( 'NONE', #4691, #519, #1241 ) ;
#4975 = CARTESIAN_POINT ( 'NONE',  ( 28.74999999999999645, 1.224646799147353207E-16, -1.000000000000000000 ) ) ;
#4976 = AXIS2_PLACEMENT_3D ( 'NONE', #6569, #7942, #8660 ) ;
#4977 = CIRCLE ( 'NONE', #2253, 1.000000000000000000 ) ;
#4978 = AXIS2_PLACEMENT_3D ( 'NONE', #1693, #7056, #2947 ) ;
#4979 = DIRECTION ( 'NONE',  ( 0.000000000000000000, 0.000000000000000000, 1.000000000000000000 ) ) ;
#4980 = CARTESIAN_POINT ( 'NONE',  ( 4.081559566792507532, -0.3071356251192455256, -4.692864374880755918 ) ) ;
#4981 = AXIS2_PLACEMENT_3D ( 'NONE', #6052, #6723, #3469 ) ;
#4982 = B_SPLINE_CURVE_WITH_KNOTS ( 'NONE', 3,
 ( #7451, #1324, #4058, #2717, #6774, #8145, #8468, #2992, #1011, #972, #7760, #8517 ),
 .UNSPECIFIED., .F., .F.,
 ( 4, 2, 2, 2, 2, 4 ),
 ( 0.003504634718750195173, 0.003941423334025081354, 0.004378211949299968403, 0.005251789179849741633, 0.006125366410399514863, 0.006998943640949288093 ),
 .UNSPECIFIED. ) ;
#4983 = DIRECTION ( 'NONE',  ( 0.000000000000000000, 0.000000000000000000, -1.000000000000000000 ) ) ;
#4984 = FACE_OUTER_BOUND ( 'NONE', #7975, .T. ) ;
#4985 = CARTESIAN_POINT ( 'NONE',  ( 12.21576228220554405, -0.2608011982980502075, -4.739198801701948405 ) ) ;
#4986 = CARTESIAN_POINT ( 'NONE',  ( 118.1249999999997726, 2.819534933157905838E-13, -5.000000000000282441 ) ) ;
#4987 = CARTESIAN_POINT ( 'NONE',  ( 42.65967868777045169, -4.686141179195702833, 0.3138588208042963901 ) ) ;
#4988 = CARTESIAN_POINT ( 'NONE',  ( 111.2500000000000000, 1.224646799147353207E-16, -1.000000000000000000 ) ) ;
#4989 = TOROIDAL_SURFACE ( 'NONE', #1131, 1.000000000000000000, 3.999999999999996447 ) ;
#4990 = CARTESIAN_POINT ( 'NONE',  ( 101.6250000000000000, 0.000000000000000000, 0.000000000000000000 ) ) ;
#4991 = ORIENTED_EDGE ( 'NONE', *, *, #7798, .T. ) ;
#4992 = CARTESIAN_POINT ( 'NONE',  ( 24.62500000000000000, 1.224646799147353207E-16, -1.000000000000000000 ) ) ;
#4993 = ORIENTED_EDGE ( 'NONE', *, *, #2418, .F. ) ;
#4994 = ORIENTED_EDGE ( 'NONE', *, *, #6229, .F. ) ;
#4995 = CARTESIAN_POINT ( 'NONE',  ( 118.1249999999999858, 1.224646799147353207E-16, -1.000000000000000000 ) ) ;
#4996 = CARTESIAN_POINT ( 'NONE',  ( 90.62499999999977263, 2.821161565220927584E-13, 5.000000000000282441 ) ) ;
#4997 = CARTESIAN_POINT ( 'NONE',  ( 93.37499999999998579, 0.000000000000000000, 0.000000000000000000 ) ) ;
#4998 = CARTESIAN_POINT ( 'NONE',  ( 66.73123519307654306, -4.508466212583692290, 0.4915337874163077658 ) ) ;
#4999 = CARTESIAN_POINT ( 'NONE',  ( 76.87500000000000000, -3.671958834454324805, -1.328041165545675195 ) ) ;
#5000 = VECTOR ( 'NONE', #5463, 1000.000000000000000 ) ;
#5001 = ADVANCED_FACE ( 'NONE', ( #6791 ), #2243, .T. ) ;
#5002 = ORIENTED_EDGE ( 'NONE', *, *, #4151, .T. ) ;
#5003 = EDGE_CURVE ( 'NONE', #5547, #8743, #1387, .T. ) ;
#5004 = CARTESIAN_POINT ( 'NONE',  ( 46.62499999999979394, 2.871737586104897556E-13, 5.000000000000286882 ) ) ;
#5005 = CARTESIAN_POINT ( 'NONE',  ( 45.21576228220553872, -0.2608011982980500965, 4.739198801701950181 ) ) ;
#5006 = AXIS2_PLACEMENT_3D ( 'NONE', #6579, #3242, #5956 ) ;
#5007 = ORIENTED_EDGE ( 'NONE', *, *, #3415, .F. ) ;
#5008 = FACE_OUTER_BOUND ( 'NONE', #7214, .T. ) ;
#5009 = DIRECTION ( 'NONE',  ( -1.000000000000000000, -0.000000000000000000, -0.000000000000000000 ) ) ;
#5010 = CARTESIAN_POINT ( 'NONE',  ( 87.60263427936257585, -4.040089233410273373, 0.9599107665897265163 ) ) ;
#5011 = CARTESIAN_POINT ( 'NONE',  ( 122.2499999999999858, 0.000000000000000000, 0.000000000000000000 ) ) ;
#5012 = VERTEX_POINT ( 'NONE', #1299 ) ;
#5013 = ORIENTED_EDGE ( 'NONE', *, *, #1935, .T. ) ;
#5014 = EDGE_CURVE ( 'NONE', #1165, #1607, #8376, .T. ) ;
#5015 = FACE_OUTER_BOUND ( 'NONE', #6113, .T. ) ;
#5016 = DIRECTION ( 'NONE',  ( -1.000000000000000000, -0.000000000000000000, -0.000000000000000000 ) ) ;
#5017 = DIRECTION ( 'NONE',  ( 0.000000000000000000, 0.000000000000000000, 1.000000000000000000 ) ) ;
#5018 = EDGE_LOOP ( 'NONE', ( #2117, #8243, #8301 ) ) ;
#5019 = DIRECTION ( 'NONE',  ( 0.000000000000000000, 0.000000000000000000, 1.000000000000000000 ) ) ;
#5020 = EDGE_LOOP ( 'NONE', ( #6568, #2990, #4501, #5515, #1207, #4103 ) ) ;
#5021 = DIRECTION ( 'NONE',  ( -1.000000000000000000, -0.000000000000000000, -0.000000000000000000 ) ) ;
#5022 = CARTESIAN_POINT ( 'NONE',  ( 61.71616362764445540, -4.748219996440592894, -0.2517800035594073838 ) ) ;
#5023 = EDGE_CURVE ( 'NONE', #2383, #7012, #5221, .T. ) ;
#5024 = DIRECTION ( 'NONE',  ( -1.000000000000000000, -0.000000000000000000, -0.000000000000000000 ) ) ;
#5025 = FACE_OUTER_BOUND ( 'NONE', #4322, .T. ) ;
#5026 = FACE_OUTER_BOUND ( 'NONE', #7448, .T. ) ;
#5027 = CARTESIAN_POINT ( 'NONE',  ( 41.12500000000000000, 0.000000000000000000, 0.000000000000000000 ) ) ;
#5028 = CARTESIAN_POINT ( 'NONE',  ( 88.14877465030180304, -4.041784260362697445, -0.9582157396373037761 ) ) ;
#5029 = CARTESIAN_POINT ( 'NONE',  ( 42.13240203055824651, -4.872131520497915425, 0.1278684795020852694 ) ) ;
#5030 = EDGE_CURVE ( 'NONE', #4422, #1067, #8405, .T. ) ;
#5031 = CARTESIAN_POINT ( 'NONE',  ( 0.000000000000000000, 0.000000000000000000, 0.000000000000000000 ) ) ;
#5032 = DIRECTION ( 'NONE',  ( 0.000000000000000000, 0.000000000000000000, 1.000000000000000000 ) ) ;
#5033 = EDGE_LOOP ( 'NONE', ( #8399, #4092, #3012 ) ) ;
#5034 = FACE_OUTER_BOUND ( 'NONE', #8647, .T. ) ;
#5035 = CARTESIAN_POINT ( 'NONE',  ( 41.12499999999979394, 2.836086289887451419E-13, -5.000000000000283329 ) ) ;
#5036 = DIRECTION ( 'NONE',  ( 0.000000000000000000, 0.000000000000000000, 1.000000000000000000 ) ) ;
#5037 = CARTESIAN_POINT ( 'NONE',  ( 58.35334765086491871, -4.935408751168118613, -0.06459124883188217814 ) ) ;
#5038 = DIRECTION ( 'NONE',  ( 0.000000000000000000, 0.000000000000000000, 1.000000000000000000 ) ) ;
#5039 = FACE_OUTER_BOUND ( 'NONE', #5724, .T. ) ;
#5040 = B_SPLINE_CURVE_WITH_KNOTS ( 'NONE', 3,
 ( #1466, #6629, #1890, #6721, #6550, #7221, #1934, #6587, #7355, #7968, #3161, #2607 ),
 .UNSPECIFIED., .F., .F.,
 ( 4, 2, 2, 2, 2, 4 ),
 ( 0.003504634718722881952, 0.003941423334001180334, 0.004378211949279477849, 0.005251789179836072879, 0.006125366410392668777, 0.006998943640949264675 ),
 .UNSPECIFIED. ) ;
#5041 = ORIENTED_EDGE ( 'NONE', *, *, #4235, .T. ) ;
#5042 = CARTESIAN_POINT ( 'NONE',  ( 46.91746587457269868, -0.008042224642534663223, 4.991957775357466431 ) ) ;
#5043 = DIRECTION ( 'NONE',  ( 0.000000000000000000, 0.000000000000000000, -1.000000000000000000 ) ) ;
#5044 = ORIENTED_EDGE ( 'NONE', *, *, #8065, .T. ) ;
#5045 = CARTESIAN_POINT ( 'NONE',  ( 0.000000000000000000, 0.000000000000000000, 1.000000000000000000 ) ) ;
#5046 = DIRECTION ( 'NONE',  ( -1.000000000000000000, -0.000000000000000000, -0.000000000000000000 ) ) ;
#5047 = CARTESIAN_POINT ( 'NONE',  ( 48.39842623724020854, -4.567820679626507285, 0.4321793203734922151 ) ) ;
#5048 = AXIS2_PLACEMENT_3D ( 'NONE', #2017, #55, #4044 ) ;
#5049 = ADVANCED_FACE ( 'NONE', ( #2729 ), #665, .T. ) ;
#5050 = DIRECTION ( 'NONE',  ( -1.000000000000000000, -0.000000000000000000, -0.000000000000000000 ) ) ;
#5051 = EDGE_CURVE ( 'NONE', #8098, #4468, #5674, .T. ) ;
#5052 = ORIENTED_EDGE ( 'NONE', *, *, #2590, .T. ) ;
#5053 = VERTEX_POINT ( 'NONE', #936 ) ;
#5054 = CARTESIAN_POINT ( 'NONE',  ( 56.89665234915597836, -0.06459124882791905664, -4.935408751172080777 ) ) ;
#5055 = CIRCLE ( 'NONE', #2908, 1.000000000000000000 ) ;
#5056 = CARTESIAN_POINT ( 'NONE',  ( 96.85059813401474571, -0.06404366728011018361, -4.935956332719889872 ) ) ;
#5057 = CARTESIAN_POINT ( 'NONE',  ( 53.50000000000000000, 1.224646799147353207E-16, -1.000000000000000000 ) ) ;
#5058 = EDGE_LOOP ( 'NONE', ( #5697, #1408, #6884, #8479 ) ) ;
#5059 = CARTESIAN_POINT ( 'NONE',  ( 115.3749999999999858, 4.781924292710300481E-16, -3.904737509655568761 ) ) ;
#5060 = DIRECTION ( 'NONE',  ( -0.000000000000000000, 1.000000000000000000, 1.224646799147353207E-16 ) ) ;
#5061 = EDGE_CURVE ( 'NONE', #150, #4557, #7813, .T. ) ;
#5062 = CIRCLE ( 'NONE', #5333, 1.000000000000000000 ) ;
#5063 = CARTESIAN_POINT ( 'NONE',  ( 92.15967868777050853, -4.686141179195655759, 0.3138588208043440742 ) ) ;
#5064 = B_SPLINE_CURVE_WITH_KNOTS ( 'NONE', 3,
 ( #5415, #2514, #2008, #6000, #5245, #3910, #4622, #3241, #5955, #8675, #8000, #1882 ),
 .UNSPECIFIED., .F., .F.,
 ( 4, 2, 2, 2, 2, 4 ),
 ( 0.003504634718750162213, 0.003941423334025048394, 0.004378211949299933708, 0.005251789179849706071, 0.006125366410399478434, 0.006998943640949250797 ),
 .UNSPECIFIED. ) ;
#5065 = CARTESIAN_POINT ( 'NONE',  ( 109.0187648069320119, -0.4915337874217304281, 4.508466212578270849 ) ) ;
#5066 = CARTESIAN_POINT ( 'NONE',  ( 115.3749999999999858, -1.328041165545655877, -3.671958834454344345 ) ) ;
#5067 = CARTESIAN_POINT ( 'NONE',  ( 72.23123519307654306, -4.508466212583692290, 0.4915337874163090981 ) ) ;
#5068 = FACE_OUTER_BOUND ( 'NONE', #1691, .T. ) ;
#5069 = CARTESIAN_POINT ( 'NONE',  ( 62.54368978649832655, -4.960065625086351737, 0.03993437491364757591 ) ) ;
#5070 = DIRECTION ( 'NONE',  ( -1.000000000000000000, -0.000000000000000000, -0.000000000000000000 ) ) ;
#5071 = ADVANCED_FACE ( 'NONE', ( #2284 ), #1576, .F. ) ;
#5072 = B_SPLINE_CURVE_WITH_KNOTS ( 'NONE', 3,
 ( #3396, #8831, #6259, #702, #8292, #2719, #5443, #1421, #1369, #2037, #2180, #4108 ),
 .UNSPECIFIED., .F., .F.,
 ( 4, 2, 2, 2, 2, 4 ),
 ( 0.003504634718722878482, 0.003941423334001176865, 0.004378211949279475247, 0.005251789179836071145, 0.006125366410392667910, 0.006998943640949263807 ),
 .UNSPECIFIED. ) ;
#5073 = CARTESIAN_POINT ( 'NONE',  ( 120.8749999999999858, -1.328041165545675195, 3.671958834454324805 ) ) ;
#5074 = CARTESIAN_POINT ( 'NONE',  ( 0.000000000000000000, 0.000000000000000000, 0.000000000000000000 ) ) ;
#5075 = ORIENTED_EDGE ( 'NONE', *, *, #4885, .F. ) ;
#5076 = CIRCLE ( 'NONE', #3226, 3.904737509655557215 ) ;
#5077 = AXIS2_PLACEMENT_3D ( 'NONE', #7320, #5341, #6555 ) ;
#5078 = FACE_OUTER_BOUND ( 'NONE', #7233, .T. ) ;
#5079 = CIRCLE ( 'NONE', #2357, 1.000000000000000000 ) ;
#5080 = CARTESIAN_POINT ( 'NONE',  ( 104.3750000000000000, -1.328041165545675195, -3.671958834454324805 ) ) ;
#5081 = CARTESIAN_POINT ( 'NONE',  ( 71.37500000000000000, -1.328041165545675195, -3.671958834454324805 ) ) ;
#5082 = CARTESIAN_POINT ( 'NONE',  ( 9.500000000000000000, 0.000000000000000000, 0.000000000000000000 ) ) ;
#5083 = CARTESIAN_POINT ( 'NONE',  ( 112.6250000000279954, -5.000000000000000888, -4.336808689942017736E-16 ) ) ;
#5084 = EDGE_CURVE ( 'NONE', #4831, #4288, #3690, .T. ) ;
#5085 = APPROVAL_ROLE ( '' ) ;
#5086 = CIRCLE ( 'NONE', #6226, 1.375000000000008216 ) ;
#5087 = VECTOR ( 'NONE', #3369, 1000.000000000000000 ) ;
#5088 = ORIENTED_EDGE ( 'NONE', *, *, #8824, .T. ) ;
#5089 = DIRECTION ( 'NONE',  ( -1.000000000000000000, -0.000000000000000000, -0.000000000000000000 ) ) ;
#5090 = CARTESIAN_POINT ( 'NONE',  ( 44.73827242307171304, -0.4974474678478674750, 4.502552532152133580 ) ) ;
#5091 = VERTEX_POINT ( 'NONE', #5059 ) ;
#5092 = CARTESIAN_POINT ( 'NONE',  ( 116.0237495462864814, -0.6401341107417557463, -4.359865889258245808 ) ) ;
#5093 = CARTESIAN_POINT ( 'NONE',  ( 115.3749999999999858, 0.000000000000000000, 0.000000000000000000 ) ) ;
#5094 = CARTESIAN_POINT ( 'NONE',  ( 57.62499999999999289, 0.000000000000000000, 1.000000000000000000 ) ) ;
#5095 = CARTESIAN_POINT ( 'NONE',  ( 74.71113448347814767, -4.959369330381671048, 0.04063066961832866031 ) ) ;
#5096 = ORIENTED_EDGE ( 'NONE', *, *, #5833, .T. ) ;
#5097 = EDGE_LOOP ( 'NONE', ( #1737, #1313, #3205, #2452 ) ) ;
#5098 = ORIENTED_EDGE ( 'NONE', *, *, #5668, .F. ) ;
#5099 = DIRECTION ( 'NONE',  ( -1.000000000000000000, -0.000000000000000000, -0.000000000000000000 ) ) ;
#5100 = DIRECTION ( 'NONE',  ( 0.000000000000000000, 0.000000000000000000, 1.000000000000000000 ) ) ;
#5101 = EDGE_CURVE ( 'NONE', #3951, #6222, #4820, .T. ) ;
#5102 = CARTESIAN_POINT ( 'NONE',  ( 6.023749546286498280, -0.6401341107417626297, 4.359865889258240479 ) ) ;
#5103 = ORIENTED_EDGE ( 'NONE', *, *, #369, .F. ) ;
#5104 = CARTESIAN_POINT ( 'NONE',  ( 79.62500000000000000, 0.000000000000000000, 0.000000000000000000 ) ) ;
#5105 = TOROIDAL_SURFACE ( 'NONE', #2524, 1.000000000000000000, 3.999999999999997335 ) ;
#5106 = ORIENTED_EDGE ( 'NONE', *, *, #8812, .T. ) ;
#5107 = CARTESIAN_POINT ( 'NONE',  ( 54.87499999999999289, -1.328041165545660540, 3.671958834454339460 ) ) ;
#5108 = AXIS2_PLACEMENT_3D ( 'NONE', #2697, #676, #2110 ) ;
#5109 = AXIS2_PLACEMENT_3D ( 'NONE', #3408, #8160, #3453 ) ;
#5110 = FACE_OUTER_BOUND ( 'NONE', #4807, .T. ) ;
#5111 = EDGE_CURVE ( 'NONE', #3899, #3877, #103, .T. ) ;
#5112 = DIRECTION ( 'NONE',  ( 0.000000000000000000, 0.000000000000000000, 1.000000000000000000 ) ) ;
#5113 = EDGE_CURVE ( 'NONE', #1062, #3549, #2251, .T. ) ;
#5114 = B_SPLINE_CURVE_WITH_KNOTS ( 'NONE', 3,
 ( #2629, #2677, #3445, #4778, #8026, #8201, #4694, #648, #5318, #604, #6163, #2721 ),
 .UNSPECIFIED., .F., .F.,
 ( 4, 2, 2, 2, 2, 4 ),
 ( 0.003504634718722838150, 0.003941423334001142170, 0.004378211949279446624, 0.005251789179836056400, 0.006125366410392665308, 0.006998943640949275083 ),
 .UNSPECIFIED. ) ;
#5115 = CARTESIAN_POINT ( 'NONE',  ( 74.12500000000000000, 0.000000000000000000, 1.000000000000000000 ) ) ;
#5116 = DIRECTION ( 'NONE',  ( -1.000000000000000000, -0.000000000000000000, -0.000000000000000000 ) ) ;
#5117 = CARTESIAN_POINT ( 'NONE',  ( 39.23827242307174146, -0.4974474678478686407, 4.502552532152132692 ) ) ;
#5118 = CARTESIAN_POINT ( 'NONE',  ( 90.62500000002798117, -5.000000000000000888, -4.336808689942017736E-16 ) ) ;
#5119 = AXIS2_PLACEMENT_3D ( 'NONE', #3169, #8567, #5888 ) ;
#5120 = CARTESIAN_POINT ( 'NONE',  ( 41.12500000002778933, -5.000000000000000888, -4.336808689942017736E-16 ) ) ;
#5121 = AXIS2_PLACEMENT_3D ( 'NONE', #4137, #6859, #4231 ) ;
#5122 = CIRCLE ( 'NONE', #3979, 1.000000000000000000 ) ;
#5123 = CARTESIAN_POINT ( 'NONE',  ( 18.53886551654431258, -0.04063066961492828311, 4.959369330385072772 ) ) ;
#5124 = AXIS2_PLACEMENT_3D ( 'NONE', #3936, #7374, #7834 ) ;
#5125 = EDGE_CURVE ( 'NONE', #1592, #5591, #1958, .T. ) ;
#5126 = VERTEX_POINT ( 'NONE', #7027 ) ;
#5127 = CARTESIAN_POINT ( 'NONE',  ( 96.71113448347813346, -4.959369330381671048, -0.04063066961832864643 ) ) ;
#5128 = CARTESIAN_POINT ( 'NONE',  ( 76.60122534970066965, -0.9582157396402011251, -4.041784260359799319 ) ) ;
#5129 = DIRECTION ( 'NONE',  ( 0.000000000000000000, 0.000000000000000000, 1.000000000000000000 ) ) ;
#5130 = FACE_OUTER_BOUND ( 'NONE', #1561, .T. ) ;
#5131 = PERSON_AND_ORGANIZATION_ROLE ( 'design_owner' ) ;
#5132 = EDGE_LOOP ( 'NONE', ( #8234, #4211, #5350, #6970 ) ) ;
#5133 = EDGE_CURVE ( 'NONE', #4160, #5943, #3556, .T. ) ;
#5134 = DIRECTION ( 'NONE',  ( -1.000000000000000000, -0.000000000000000000, -0.000000000000000000 ) ) ;
#5135 = ORIENTED_EDGE ( 'NONE', *, *, #4857, .T. ) ;
#5136 = CARTESIAN_POINT ( 'NONE',  ( 46.32874637064229262, -0.008301598518914071745, 4.991698401481087011 ) ) ;
#5137 = ORIENTED_EDGE ( 'NONE', *, *, #1661, .F. ) ;
#5138 = ORIENTED_EDGE ( 'NONE', *, *, #6076, .F. ) ;
#5139 = CARTESIAN_POINT ( 'NONE',  ( 49.37500000000000000, 4.781924292710293578E-16, -3.904737509655562544 ) ) ;
#5140 = CARTESIAN_POINT ( 'NONE',  ( 29.82874637064227485, -0.008301598518914071745, 4.991698401481086123 ) ) ;
#5141 = AXIS2_PLACEMENT_3D ( 'NONE', #6090, #7520, #1400 ) ;
#5142 = DIRECTION ( 'NONE',  ( 0.000000000000000000, 0.000000000000000000, 1.000000000000000000 ) ) ;
#5143 = EDGE_LOOP ( 'NONE', ( #5869, #3137, #5429 ) ) ;
#5144 = CIRCLE ( 'NONE', #7142, 4.000000000000015987 ) ;
#5145 = VERTEX_POINT ( 'NONE', #7120 ) ;
#5146 = DIRECTION ( 'NONE',  ( -1.000000000000000000, -0.000000000000000000, -0.000000000000000000 ) ) ;
#5147 = CARTESIAN_POINT ( 'NONE',  ( 98.75399883711746440, -1.137203174285774887, -3.862796825714226667 ) ) ;
#5148 = CARTESIAN_POINT ( 'NONE',  ( 36.63240203055824651, -4.872131520497915425, 0.1278684795020852694 ) ) ;
#5149 = VERTEX_POINT ( 'NONE', #1526 ) ;
#5150 = CARTESIAN_POINT ( 'NONE',  ( 68.77225720791403774, -4.999999999998968825, -1.033198507083057943E-12 ) ) ;
#5151 = VERTEX_POINT ( 'NONE', #7695 ) ;
#5152 = CARTESIAN_POINT ( 'NONE',  ( 43.99600116288348772, -3.862796825715729021, 1.137203174284272311 ) ) ;
#5153 = CARTESIAN_POINT ( 'NONE',  ( 54.22625045371990637, -4.359865889253509152, 0.6401341107464916247 ) ) ;
#5154 = CARTESIAN_POINT ( 'NONE',  ( 107.1250000000000000, 0.000000000000000000, 1.000000000000000000 ) ) ;
#5155 = CARTESIAN_POINT ( 'NONE',  ( 98.01876480693205451, -0.4915337874217388658, 4.508466212578261967 ) ) ;
#5156 = DIRECTION ( 'NONE',  ( 0.000000000000000000, 0.7071067811865474617, -0.7071067811865474617 ) ) ;
#5157 = CARTESIAN_POINT ( 'NONE',  ( 62.83253412545244743, -4.991957775359348481, 0.008042224640650729242 ) ) ;
#5158 = CARTESIAN_POINT ( 'NONE',  ( 28.23123519306786733, -4.508466212578220222, -0.4915337874217806102 ) ) ;
#5159 = EDGE_CURVE ( 'NONE', #8013, #264, #6971, .T. ) ;
#5160 = EDGE_CURVE ( 'NONE', #8211, #6814, #4681, .T. ) ;
#5161 = CARTESIAN_POINT ( 'NONE',  ( 16.37500000000000000, -1.328041165545662539, 3.671958834454338128 ) ) ;
#5162 = ORIENTED_EDGE ( 'NONE', *, *, #5944, .T. ) ;
#5163 = CARTESIAN_POINT ( 'NONE',  ( 98.60263427936257585, -4.040089233410254721, -0.9599107665897453900 ) ) ;
#5164 = CARTESIAN_POINT ( 'NONE',  ( 73.11759796945997891, -0.1278684794971776117, -4.872131520502822610 ) ) ;
#5165 = CARTESIAN_POINT ( 'NONE',  ( 90.32874637064226420, -0.008301598518918535188, 4.991698401481082570 ) ) ;
#5166 = CARTESIAN_POINT ( 'NONE',  ( 13.33253412545236216, -4.991957775359342264, 0.008042224640657869364 ) ) ;
#5167 = CARTESIAN_POINT ( 'NONE',  ( 87.22625045371992769, -4.359865889253476290, -0.6401341107465228220 ) ) ;
#5168 = CARTESIAN_POINT ( 'NONE',  ( 57.92125362938285349, -4.991698401479169434, 0.008301598520829423303 ) ) ;
#5169 = DIRECTION ( 'NONE',  ( 0.000000000000000000, 0.000000000000000000, 1.000000000000000000 ) ) ;
#5170 = DATE_AND_TIME ( #3787, #4919 ) ;
#5171 = EDGE_CURVE ( 'NONE', #3571, #3756, #3837, .T. ) ;
#5172 = VERTEX_POINT ( 'NONE', #6985 ) ;
#5173 = FACE_OUTER_BOUND ( 'NONE', #5342, .T. ) ;
#5174 = EDGE_LOOP ( 'NONE', ( #482, #5516, #4698, #1449 ) ) ;
#5175 = DIRECTION ( 'NONE',  ( 0.000000000000000000, 0.000000000000000000, 1.000000000000000000 ) ) ;
#5176 = ORIENTED_EDGE ( 'NONE', *, *, #4542, .T. ) ;
#5177 = CARTESIAN_POINT ( 'NONE',  ( 15.72625045371992769, -4.359865889253489613, 0.6401341107465100544 ) ) ;
#5178 = CYLINDRICAL_SURFACE ( 'NONE', #6403, 1.000000000000000000 ) ;
#5179 = CARTESIAN_POINT ( 'NONE',  ( 53.65967868777045169, -4.686141179195703721, -0.3138588208042960015 ) ) ;
#5180 = DIRECTION ( 'NONE',  ( -1.000000000000000000, -0.000000000000000000, -0.000000000000000000 ) ) ;
#5181 = EDGE_CURVE ( 'NONE', #2339, #4347, #8529, .T. ) ;
#5182 = ORIENTED_EDGE ( 'NONE', *, *, #2450, .F. ) ;
#5183 = ORIENTED_EDGE ( 'NONE', *, *, #5275, .F. ) ;
#5184 = DIRECTION ( 'NONE',  ( -0.000000000000000000, 1.000000000000000000, 1.224646799147353207E-16 ) ) ;
#5185 = FACE_OUTER_BOUND ( 'NONE', #2868, .T. ) ;
#5186 = TOROIDAL_SURFACE ( 'NONE', #4483, 1.000000000000000000, 3.999999999999996447 ) ;
#5187 = CARTESIAN_POINT ( 'NONE',  ( 37.39842623724021564, -4.567820679626508173, 0.4321793203734928812 ) ) ;
#5188 = ORIENTED_EDGE ( 'NONE', *, *, #8033, .T. ) ;
#5189 = CARTESIAN_POINT ( 'NONE',  ( 32.87500000000000000, -3.671958834454334575, 1.328041165545665647 ) ) ;
#5190 = FACE_OUTER_BOUND ( 'NONE', #1964, .T. ) ;
#5191 = EDGE_CURVE ( 'NONE', #5243, #1067, #4679, .T. ) ;
#5192 = EDGE_LOOP ( 'NONE', ( #2706, #8604, #7043 ) ) ;
#5193 = TOROIDAL_SURFACE ( 'NONE', #4043, 1.000000000000000000, 3.999999999999999112 ) ;
#5194 = DIRECTION ( 'NONE',  ( 0.000000000000000000, 0.000000000000000000, 1.000000000000000000 ) ) ;
#5195 = CARTESIAN_POINT ( 'NONE',  ( 109.7539988371174644, -1.137203174285757346, 3.862796825714243987 ) ) ;
#5196 = DIRECTION ( 'NONE',  ( 0.000000000000000000, 0.000000000000000000, 1.000000000000000000 ) ) ;
#5197 = CARTESIAN_POINT ( 'NONE',  ( 85.12499999999980105, 2.822932509281566863E-13, 5.000000000000282441 ) ) ;
#5198 = B_SPLINE_CURVE_WITH_KNOTS ( 'NONE', 3,
 ( #4546, #456, #6503, #3068, #5784, #7172, #8506, #1177, #3916, #3111, #1040, #6625, #372, #499, #2384, #4502 ),
 .UNSPECIFIED., .F., .F.,
 ( 4, 2, 2, 2, 2, 2, 2, 4 ),
 ( 4.818711198682416421E-07, 0.0008765200830205603600, 0.001314539188970919193, 0.001752558294921278135, 0.002190577400871637076, 0.002628596506821995801, 0.003066615612772354959, 0.003504634718722713684 ),
 .UNSPECIFIED. ) ;
#5199 = AXIS2_PLACEMENT_3D ( 'NONE', #7911, #4498, #8501 ) ;
#5200 = DIRECTION ( 'NONE',  ( -1.000000000000000000, -0.000000000000000000, -0.000000000000000000 ) ) ;
#5201 = CARTESIAN_POINT ( 'NONE',  ( 27.64877465029930548, -4.041784260359782444, -0.9582157396402183336 ) ) ;
#5202 = CIRCLE ( 'NONE', #3779, 1.374999999999999556 ) ;
#5203 = CARTESIAN_POINT ( 'NONE',  ( 13.62500000000000000, 0.000000000000000000, 1.000000000000000000 ) ) ;
#5204 = SECURITY_CLASSIFICATION ( '', '', #2478 ) ;
#5205 = ORIENTED_EDGE ( 'NONE', *, *, #8671, .F. ) ;
#5206 = CARTESIAN_POINT ( 'NONE',  ( 96.12500000002798117, -5.000000000000000888, -4.336808689942017736E-16 ) ) ;
#5207 = ADVANCED_FACE ( 'NONE', ( #3900 ), #7680, .F. ) ;
#5208 = CARTESIAN_POINT ( 'NONE',  ( 72.02374954628649562, -0.6401341107417667375, -4.359865889258233373 ) ) ;
#5209 = DIRECTION ( 'NONE',  ( 0.000000000000000000, 0.7071067811865474617, -0.7071067811865474617 ) ) ;
#5210 = FACE_OUTER_BOUND ( 'NONE', #337, .T. ) ;
#5211 = APPROVAL_ROLE ( '' ) ;
#5212 = B_SPLINE_CURVE_WITH_KNOTS ( 'NONE', 3,
 ( #1657, #6453, #5555, #2368, #1163, #4768, #4686, #985, #6150, #3017, #1343, #3416 ),
 .UNSPECIFIED., .F., .F.,
 ( 4, 2, 2, 2, 2, 4 ),
 ( 0.003504634718750204714, 0.003941423334025090028, 0.004378211949299975342, 0.005251789179849745970, 0.006125366410399515731, 0.006998943640949286359 ),
 .UNSPECIFIED. ) ;
#5213 = ORIENTED_EDGE ( 'NONE', *, *, #5972, .F. ) ;
#5214 = TOROIDAL_SURFACE ( 'NONE', #5349, 1.000000000000000000, 3.999999999999999112 ) ;
#5215 = CARTESIAN_POINT ( 'NONE',  ( 100.4795380625908052, -0.1676550930109083903, -4.832344906989090028 ) ) ;
#5216 = ORIENTED_EDGE ( 'NONE', *, *, #5984, .F. ) ;
#5217 = DIRECTION ( 'NONE',  ( 0.000000000000000000, 0.000000000000000000, 1.000000000000000000 ) ) ;
#5218 = EDGE_CURVE ( 'NONE', #6915, #5781, #3513, .T. ) ;
#5219 = ORIENTED_EDGE ( 'NONE', *, *, #6002, .T. ) ;
#5220 = CARTESIAN_POINT ( 'NONE',  ( 41.12499999999979394, 2.835874531650637844E-13, 5.000000000000283329 ) ) ;
#5221 = B_SPLINE_CURVE_WITH_KNOTS ( 'NONE', 3,
 ( #6891, #2097, #4843, #6174, #2050, #3455, #6712, #8843, #4075, #5999, #6845, #662 ),
 .UNSPECIFIED., .F., .F.,
 ( 4, 2, 2, 2, 2, 4 ),
 ( 0.003504634718750187800, 0.003941423334025071813, 0.004378211949299955393, 0.005251789179849723418, 0.006125366410399490577, 0.006998943640949258603 ),
 .UNSPECIFIED. ) ;
#5222 = CARTESIAN_POINT ( 'NONE',  ( 22.14736572063977960, -0.9599107665869537342, 4.040089233413045378 ) ) ;
#5223 = AXIS2_PLACEMENT_3D ( 'NONE', #3446, #1328, #569 ) ;
#5224 = CIRCLE ( 'NONE', #1352, 1.000000000000000000 ) ;
#5225 = LINE ( 'NONE', #3264, #4203 ) ;
#5226 = CARTESIAN_POINT ( 'NONE',  ( 74.27225720791400931, -4.999999999998967048, 1.033198930599532176E-12 ) ) ;
#5227 = VECTOR ( 'NONE', #861, 1000.000000000000000 ) ;
#5228 = ORIENTED_EDGE ( 'NONE', *, *, #6742, .F. ) ;
#5229 = EDGE_LOOP ( 'NONE', ( #2285, #2613, #2661 ) ) ;
#5230 = VERTEX_POINT ( 'NONE', #2552 ) ;
#5231 = FACE_OUTER_BOUND ( 'NONE', #6554, .T. ) ;
#5232 = CARTESIAN_POINT ( 'NONE',  ( 33.73827242307172014, -0.4974474678478679190, -4.502552532152132692 ) ) ;
#5233 = EDGE_CURVE ( 'NONE', #6275, #6290, #398, .T. ) ;
#5234 = ORIENTED_EDGE ( 'NONE', *, *, #8706, .T. ) ;
#5235 = CARTESIAN_POINT ( 'NONE',  ( 68.62499999999998579, 0.000000000000000000, 1.000000000000000000 ) ) ;
#5236 = FACE_OUTER_BOUND ( 'NONE', #3804, .T. ) ;
#5237 = ORIENTED_EDGE ( 'NONE', *, *, #998, .T. ) ;
#5238 = CARTESIAN_POINT ( 'NONE',  ( 51.39940186600654215, -4.935956332723922202, 0.06404366727607921361 ) ) ;
#5239 = CARTESIAN_POINT ( 'NONE',  ( 2.500000000000002220, 0.000000000000000000, 5.000000000000000000 ) ) ;
#5240 = EDGE_CURVE ( 'NONE', #4956, #1548, #8386, .T. ) ;
#5241 = AXIS2_PLACEMENT_3D ( 'NONE', #4644, #6696, #1323 ) ;
#5242 = CARTESIAN_POINT ( 'NONE',  ( 5.496001162883501934, -3.862796825715729021, 1.137203174284271645 ) ) ;
#5243 = VERTEX_POINT ( 'NONE', #5812 ) ;
#5244 = DIRECTION ( 'NONE',  ( -1.000000000000000000, -0.000000000000000000, -0.000000000000000000 ) ) ;
#5245 = CARTESIAN_POINT ( 'NONE',  ( 63.85059813401476703, -0.06404366728010695009, 4.935956332719892536 ) ) ;
#5246 = CARTESIAN_POINT ( 'NONE',  ( 19.12500000002784262, -5.000000000000000888, -4.336808689942017736E-16 ) ) ;
#5247 = AXIS2_PLACEMENT_3D ( 'NONE', #3136, #8658, #1066 ) ;
#5248 = CIRCLE ( 'NONE', #659, 1.000000000000000000 ) ;
#5249 = CARTESIAN_POINT ( 'NONE',  ( 76.87500000000000000, 0.000000000000000000, 0.000000000000000000 ) ) ;
#5250 = AXIS2_PLACEMENT_3D ( 'NONE', #5954, #364, #538 ) ;
#5251 = ADVANCED_FACE ( 'NONE', ( #5281 ), #4555, .T. ) ;
#5252 = EDGE_LOOP ( 'NONE', ( #917, #2568, #6241, #2583, #4558, #5885 ) ) ;
#5253 = CARTESIAN_POINT ( 'NONE',  ( 79.62500000000000000, 0.000000000000000000, 0.000000000000000000 ) ) ;
#5254 = CIRCLE ( 'NONE', #5119, 4.000000000000001776 ) ;
#5255 = AXIS2_PLACEMENT_3D ( 'NONE', #3627, #257, #7187 ) ;
#5256 = AXIS2_PLACEMENT_3D ( 'NONE', #1747, #4494, #6575 ) ;
#5257 = CARTESIAN_POINT ( 'NONE',  ( 45.89940186600652794, -4.935956332723924866, -0.06404366727607752052 ) ) ;
#5258 = CARTESIAN_POINT ( 'NONE',  ( 106.8325341254270882, -4.991957775357442451, -0.008042224642557499123 ) ) ;
#5259 = CARTESIAN_POINT ( 'NONE',  ( 85.71113448347813346, -4.959369330381670160, -0.04063066961832854235 ) ) ;
#5260 = DIRECTION ( 'NONE',  ( -1.000000000000000000, -0.000000000000000000, -0.000000000000000000 ) ) ;
#5261 = CIRCLE ( 'NONE', #6104, 3.904737509655562988 ) ;
#5262 = DATE_AND_TIME ( #506, #4210 ) ;
#5263 = CIRCLE ( 'NONE', #2837, 1.375000000000001332 ) ;
#5264 = ORIENTED_EDGE ( 'NONE', *, *, #2100, .T. ) ;
#5265 = DIRECTION ( 'NONE',  ( -0.000000000000000000, 1.000000000000000000, 1.224646799147353207E-16 ) ) ;
#5266 = ORIENTED_EDGE ( 'NONE', *, *, #231, .F. ) ;
#5267 = AXIS2_PLACEMENT_3D ( 'NONE', #3791, #5265, #7972 ) ;
#5268 = CARTESIAN_POINT ( 'NONE',  ( 104.4962162207972654, -1.136863993905388615, -3.863136006094610941 ) ) ;
#5269 = ORIENTED_EDGE ( 'NONE', *, *, #3994, .T. ) ;
#5270 = DIRECTION ( 'NONE',  ( 0.000000000000000000, 0.000000000000000000, 1.000000000000000000 ) ) ;
#5271 = CARTESIAN_POINT ( 'NONE',  ( 28.23827242307173080, -0.4974474678478661982, 4.502552532152134468 ) ) ;
#5272 = CARTESIAN_POINT ( 'NONE',  ( 98.01172757693696269, -4.502552532146813391, 0.4974474678531853877 ) ) ;
#5273 = DIRECTION ( 'NONE',  ( 0.000000000000000000, -1.224646799147353207E-16, 1.000000000000000000 ) ) ;
#5274 = EDGE_CURVE ( 'NONE', #4327, #4347, #8804, .T. ) ;
#5275 = EDGE_CURVE ( 'NONE', #5145, #7062, #1115, .T. ) ;
#5276 = ORIENTED_EDGE ( 'NONE', *, *, #3000, .F. ) ;
#5277 = DIRECTION ( 'NONE',  ( -1.000000000000000000, -0.000000000000000000, -0.000000000000000000 ) ) ;
#5278 = DIRECTION ( 'NONE',  ( 0.000000000000000000, -1.224646799147353207E-16, 1.000000000000000000 ) ) ;
#5279 = ORIENTED_EDGE ( 'NONE', *, *, #73, .F. ) ;
#5280 = ORIENTED_EDGE ( 'NONE', *, *, #6572, .F. ) ;
#5281 = FACE_OUTER_BOUND ( 'NONE', #1193, .T. ) ;
#5282 = CARTESIAN_POINT ( 'NONE',  ( 41.12500000000000000, 0.000000000000000000, 0.000000000000000000 ) ) ;
#5283 = ORIENTED_EDGE ( 'NONE', *, *, #3719, .T. ) ;
#5284 = CIRCLE ( 'NONE', #3004, 3.904737509655557215 ) ;
#5285 = EDGE_CURVE ( 'NONE', #7809, #6438, #672, .T. ) ;
#5286 = DIRECTION ( 'NONE',  ( 0.000000000000000000, -1.224646799147353207E-16, 1.000000000000000000 ) ) ;
#5287 = CARTESIAN_POINT ( 'NONE',  ( 50.71616362764437014, -4.748219996440549373, 0.2517800035594505714 ) ) ;
#5288 = CARTESIAN_POINT ( 'NONE',  ( 95.53886551654427706, -0.04063066961492946272, -4.959369330385070107 ) ) ;
#5289 = CARTESIAN_POINT ( 'NONE',  ( 7.978156469577921683, -5.000000000001022293, -1.022714780294893487E-12 ) ) ;
#5290 = ORIENTED_EDGE ( 'NONE', *, *, #7879, .T. ) ;
#5291 = FACE_OUTER_BOUND ( 'NONE', #925, .T. ) ;
#5292 = CARTESIAN_POINT ( 'NONE',  ( 23.09032131224201478, -0.3138588207986877654, -4.686141179201311679 ) ) ;
#5293 = CARTESIAN_POINT ( 'NONE',  ( 27.49600116288254270, -3.862796825714222226, -1.137203174285777774 ) ) ;
#5294 = ADVANCED_FACE ( 'NONE', ( #3812 ), #2828, .T. ) ;
#5295 = CARTESIAN_POINT ( 'NONE',  ( 0.000000000000000000, 1.224646799147353207E-16, -1.000000000000000000 ) ) ;
#5296 = ORIENTED_EDGE ( 'NONE', *, *, #1959, .T. ) ;
#5297 = FACE_OUTER_BOUND ( 'NONE', #536, .T. ) ;
#5298 = CARTESIAN_POINT ( 'NONE',  ( 104.4960011628825640, -3.862796825714211568, -1.137203174285788432 ) ) ;
#5299 = DIRECTION ( 'NONE',  ( -1.000000000000000000, -0.000000000000000000, -0.000000000000000000 ) ) ;
#5300 = FACE_OUTER_BOUND ( 'NONE', #5621, .T. ) ;
#5301 = ORIENTED_EDGE ( 'NONE', *, *, #3860, .F. ) ;
#5302 = EDGE_CURVE ( 'NONE', #7729, #7181, #1477, .T. ) ;
#5303 = CARTESIAN_POINT ( 'NONE',  ( 98.99621622079730798, -1.136863993905387948, -3.863136006094610941 ) ) ;
#5304 = VERTEX_POINT ( 'NONE', #1781 ) ;
#5305 = CARTESIAN_POINT ( 'NONE',  ( 56.89940186600652794, -4.935956332723924866, -0.06404366727607543885 ) ) ;
#5306 = ORIENTED_EDGE ( 'NONE', *, *, #4602, .T. ) ;
#5307 = CARTESIAN_POINT ( 'NONE',  ( 13.92125362938295829, -4.991698401479159664, 0.008301598520839042344 ) ) ;
#5308 = DIRECTION ( 'NONE',  ( 0.000000000000000000, 0.000000000000000000, 1.000000000000000000 ) ) ;
#5309 = DIRECTION ( 'NONE',  ( 0.000000000000000000, 0.000000000000000000, 1.000000000000000000 ) ) ;
#5310 = CARTESIAN_POINT ( 'NONE',  ( 24.77184353044837906, 9.361408133054524192E-15, 5.000000000000008882 ) ) ;
#5311 = ORIENTED_EDGE ( 'NONE', *, *, #6220, .T. ) ;
#5312 = CARTESIAN_POINT ( 'NONE',  ( 65.87499999999998579, -3.671958834454331466, -1.328041165545668756 ) ) ;
#5313 = DIRECTION ( 'NONE',  ( 0.000000000000000000, 0.000000000000000000, 1.000000000000000000 ) ) ;
#5314 = DIRECTION ( 'NONE',  ( -1.000000000000000000, -0.000000000000000000, -0.000000000000000000 ) ) ;
#5315 = ADVANCED_FACE ( 'NONE', ( #7246 ), #1246, .F. ) ;
#5316 = CARTESIAN_POINT ( 'NONE',  ( 7.977742792112742620, -9.318844727454986134E-15, 4.999999999999988454 ) ) ;
#5317 = EDGE_CURVE ( 'NONE', #4249, #2406, #5114, .T. ) ;
#5318 = CARTESIAN_POINT ( 'NONE',  ( 17.01880044884221732, -4.366408635911666281, -0.6335913640883331643 ) ) ;
#5319 = CARTESIAN_POINT ( 'NONE',  ( 48.51172757693691295, -4.502552532146860464, -0.4974474678531402572 ) ) ;
#5320 = VERTEX_POINT ( 'NONE', #2764 ) ;
#5321 = CARTESIAN_POINT ( 'NONE',  ( 24.77225720791391694, -4.999999999998972378, -1.027051588984831466E-12 ) ) ;
#5322 = CARTESIAN_POINT ( 'NONE',  ( 46.62500000000000000, 0.000000000000000000, 0.000000000000000000 ) ) ;
#5323 = DIRECTION ( 'NONE',  ( -1.000000000000000000, -0.000000000000000000, -0.000000000000000000 ) ) ;
#5324 = EDGE_LOOP ( 'NONE', ( #4833, #875, #7633, #5290 ) ) ;
#5325 = ADVANCED_FACE ( 'NONE', ( #30 ), #1250, .T. ) ;
#5326 = DIRECTION ( 'NONE',  ( 0.000000000000000000, 0.000000000000000000, 1.000000000000000000 ) ) ;
#5327 = DIRECTION ( 'NONE',  ( 0.000000000000000000, 0.000000000000000000, 1.000000000000000000 ) ) ;
#5328 = FACE_OUTER_BOUND ( 'NONE', #7711, .T. ) ;
#5329 = CIRCLE ( 'NONE', #8157, 1.374999999999997780 ) ;
#5330 = CARTESIAN_POINT ( 'NONE',  ( 54.87499999999999289, 4.781924292710294564E-16, -3.904737509655566097 ) ) ;
#5331 = ORIENTED_EDGE ( 'NONE', *, *, #3164, .F. ) ;
#5332 = CARTESIAN_POINT ( 'NONE',  ( 68.91746587457268447, -0.008042224642539775453, 4.991957775357460214 ) ) ;
#5333 = AXIS2_PLACEMENT_3D ( 'NONE', #1340, #6618, #7306 ) ;
#5334 = EDGE_CURVE ( 'NONE', #4428, #6863, #8552, .T. ) ;
#5335 = CARTESIAN_POINT ( 'NONE',  ( 45.25000000000000000, 0.000000000000000000, 0.000000000000000000 ) ) ;
#5336 = CARTESIAN_POINT ( 'NONE',  ( 113.9999999999999858, 0.000000000000000000, 0.000000000000000000 ) ) ;
#5337 = FACE_OUTER_BOUND ( 'NONE', #5399, .T. ) ;
#5338 = CIRCLE ( 'NONE', #1481, 3.904737509655565653 ) ;
#5339 = LOCAL_TIME ( 3, 33, 10.00000000000000000, #379 ) ;
#5340 = CARTESIAN_POINT ( 'NONE',  ( 39.02374954628648851, -0.6401341107417612974, -4.359865889258238703 ) ) ;
#5341 = DIRECTION ( 'NONE',  ( -0.000000000000000000, 1.000000000000000000, 1.224646799147353207E-16 ) ) ;
#5342 = EDGE_LOOP ( 'NONE', ( #6772, #432, #3714 ) ) ;
#5343 = EDGE_CURVE ( 'NONE', #254, #7901, #418, .T. ) ;
#5344 = ORIENTED_EDGE ( 'NONE', *, *, #7304, .T. ) ;
#5345 = CARTESIAN_POINT ( 'NONE',  ( 35.62499999999978684, 2.837560127215673901E-13, -5.000000000000283329 ) ) ;
#5346 = DIRECTION ( 'NONE',  ( -1.000000000000000000, -0.000000000000000000, -0.000000000000000000 ) ) ;
#5347 = CARTESIAN_POINT ( 'NONE',  ( 118.2718435304483791, 6.384510839929286439E-15, -5.000000000000006217 ) ) ;
#5348 = CARTESIAN_POINT ( 'NONE',  ( 27.37500000000000000, -1.328041165545663649, 3.671958834454336351 ) ) ;
#5349 = AXIS2_PLACEMENT_3D ( 'NONE', #4948, #4901, #4242 ) ;
#5350 = ORIENTED_EDGE ( 'NONE', *, *, #1319, .T. ) ;
#5351 = EDGE_LOOP ( 'NONE', ( #2407, #8203, #5280 ) ) ;
#5352 = CARTESIAN_POINT ( 'NONE',  ( 42.50000000000000000, 0.000000000000000000, 0.000000000000000000 ) ) ;
#5353 = DIRECTION ( 'NONE',  ( 0.000000000000000000, 0.000000000000000000, 1.000000000000000000 ) ) ;
#5354 = AXIS2_PLACEMENT_3D ( 'NONE', #6019, #1236, #4814 ) ;
#5355 = CARTESIAN_POINT ( 'NONE',  ( 33.51880044884220666, -4.366408635911658287, -0.6335913640883421571 ) ) ;
#5356 = AXIS2_PLACEMENT_3D ( 'NONE', #3031, #7220, #2475 ) ;
#5357 = CARTESIAN_POINT ( 'NONE',  ( 105.9795380625907910, -0.1676550930109091120, 4.832344906989090028 ) ) ;
#5358 = CARTESIAN_POINT ( 'NONE',  ( 46.77225720791379615, -4.999999999998979483, -1.021273130218665254E-12 ) ) ;
#5359 = VERTEX_POINT ( 'NONE', #4114 ) ;
#5360 = AXIS2_PLACEMENT_3D ( 'NONE', #5502, #2640, #8081 ) ;
#5361 = CIRCLE ( 'NONE', #675, 1.374999999999994227 ) ;
#5362 = EDGE_CURVE ( 'NONE', #4530, #6463, #279, .T. ) ;
#5363 = FACE_OUTER_BOUND ( 'NONE', #4522, .T. ) ;
#5364 = DIRECTION ( 'NONE',  ( -1.000000000000000000, -0.000000000000000000, -0.000000000000000000 ) ) ;
#5365 = ORIENTED_EDGE ( 'NONE', *, *, #1272, .T. ) ;
#5366 = CARTESIAN_POINT ( 'NONE',  ( 69.21113448347813346, -4.959369330381671048, 0.04063066961832866031 ) ) ;
#5367 = CARTESIAN_POINT ( 'NONE',  ( 32.22625045371345465, -4.359865889258283111, -0.6401341107417174436 ) ) ;
#5368 = DIRECTION ( 'NONE',  ( 0.000000000000000000, 0.000000000000000000, 1.000000000000000000 ) ) ;
#5369 = EDGE_CURVE ( 'NONE', #4017, #634, #6806, .T. ) ;
#5370 = EDGE_CURVE ( 'NONE', #7640, #5151, #6950, .T. ) ;
#5371 = DIRECTION ( 'NONE',  ( 0.000000000000000000, 0.000000000000000000, 1.000000000000000000 ) ) ;
#5372 = CARTESIAN_POINT ( 'NONE',  ( 85.12500000000000000, 1.224646799147353207E-16, -1.000000000000000000 ) ) ;
#5373 = DIRECTION ( 'NONE',  ( 0.000000000000000000, 0.000000000000000000, 1.000000000000000000 ) ) ;
#5374 = CARTESIAN_POINT ( 'NONE',  ( 120.9959900004485860, -3.862779220790882651, -1.137220779209116905 ) ) ;
#5375 = CARTESIAN_POINT ( 'NONE',  ( 74.12500000000000000, 0.000000000000000000, 0.000000000000000000 ) ) ;
#5376 = DIRECTION ( 'NONE',  ( -1.000000000000000000, -0.000000000000000000, -0.000000000000000000 ) ) ;
#5377 = ORIENTED_EDGE ( 'NONE', *, *, #1025, .T. ) ;
#5378 = CIRCLE ( 'NONE', #7806, 3.999999999999999112 ) ;
#5379 = ADVANCED_FACE ( 'NONE', ( #7140 ), #4706, .F. ) ;
#5380 = CIRCLE ( 'NONE', #2101, 3.904737509655557215 ) ;
#5381 = AXIS2_PLACEMENT_3D ( 'NONE', #5472, #6866, #1359 ) ;
#5382 = DIRECTION ( 'NONE',  ( 0.000000000000000000, -1.224646799147353207E-16, 1.000000000000000000 ) ) ;
#5383 = DIRECTION ( 'NONE',  ( 0.000000000000000000, 0.000000000000000000, 1.000000000000000000 ) ) ;
#5384 = AXIS2_PLACEMENT_3D ( 'NONE', #8805, #8757, #2649 ) ;
#5385 = CIRCLE ( 'NONE', #2248, 3.904737509655562544 ) ;
#5386 = CARTESIAN_POINT ( 'NONE',  ( 73.97774279211274973, -1.210240675036942905E-14, 4.999999999999988454 ) ) ;
#5387 = ORIENTED_EDGE ( 'NONE', *, *, #5893, .F. ) ;
#5388 = ORIENTED_EDGE ( 'NONE', *, *, #2616, .T. ) ;
#5389 = CARTESIAN_POINT ( 'NONE',  ( 15.03383637236985315, -0.2517800035653021129, 4.748219996434698054 ) ) ;
#5390 = TOROIDAL_SURFACE ( 'NONE', #2397, 1.000000000000000000, 4.000000000000000000 ) ;
#5391 = FACE_OUTER_BOUND ( 'NONE', #1895, .T. ) ;
#5392 = AXIS2_PLACEMENT_3D ( 'NONE', #1827, #1069, #4610 ) ;
#5393 = DIRECTION ( 'NONE',  ( 0.000000000000000000, 0.000000000000000000, 1.000000000000000000 ) ) ;
#5394 = CARTESIAN_POINT ( 'NONE',  ( 94.01880044884222798, -4.366408635911685820, -0.6335913640883145126 ) ) ;
#5395 = CIRCLE ( 'NONE', #6261, 1.000000000000000000 ) ;
#5396 = AXIS2_PLACEMENT_3D ( 'NONE', #2998, #1350, #6289 ) ;
#5397 = EDGE_CURVE ( 'NONE', #7714, #4346, #5284, .T. ) ;
#5398 = TOROIDAL_SURFACE ( 'NONE', #3705, 1.000000000000000000, 1.374999999999994227 ) ;
#5399 = EDGE_LOOP ( 'NONE', ( #6470, #3811, #8505, #8483 ) ) ;
#5400 = DIRECTION ( 'NONE',  ( 0.000000000000000000, 0.000000000000000000, 1.000000000000000000 ) ) ;
#5401 = CARTESIAN_POINT ( 'NONE',  ( 30.85059813401478124, -0.06404366728010561782, 4.935956332719896089 ) ) ;
#5402 = CARTESIAN_POINT ( 'NONE',  ( 85.12500000002799538, -5.000000000000000888, -4.336808689942017736E-16 ) ) ;
#5403 = CARTESIAN_POINT ( 'NONE',  ( 32.99600116288350193, -3.862796825715725912, -1.137203174284275198 ) ) ;
#5404 = DIRECTION ( 'NONE',  ( 0.000000000000000000, 0.000000000000000000, 1.000000000000000000 ) ) ;
#5405 = FACE_OUTER_BOUND ( 'NONE', #1864, .T. ) ;
#5406 = ORIENTED_EDGE ( 'NONE', *, *, #4475, .F. ) ;
#5407 = EDGE_CURVE ( 'NONE', #1912, #2950, #7416, .T. ) ;
#5408 = CIRCLE ( 'NONE', #3831, 4.320984698279439762 ) ;
#5409 = DIRECTION ( 'NONE',  ( -0.000000000000000000, 1.000000000000000000, 1.224646799147353207E-16 ) ) ;
#5410 = FACE_OUTER_BOUND ( 'NONE', #7154, .T. ) ;
#5411 = CARTESIAN_POINT ( 'NONE',  ( 112.6250000000000000, 1.224646799147353207E-16, -1.000000000000000000 ) ) ;
#5412 = CARTESIAN_POINT ( 'NONE',  ( 46.33253412545225558, -4.991957775359336047, -0.008042224640663907936 ) ) ;
#5413 = ORIENTED_EDGE ( 'NONE', *, *, #86, .T. ) ;
#5414 = CARTESIAN_POINT ( 'NONE',  ( 57.91746587457270579, -0.008042224642534663223, 4.991957775357466431 ) ) ;
#5415 = CARTESIAN_POINT ( 'NONE',  ( 63.12499999999977973, 2.851934276330579378E-13, 5.000000000000285105 ) ) ;
#5416 = DIRECTION ( 'NONE',  ( -1.000000000000000000, -0.000000000000000000, -0.000000000000000000 ) ) ;
#5417 = TOROIDAL_SURFACE ( 'NONE', #3141, 1.000000000000000000, 1.374999999999994227 ) ;
#5418 = B_SPLINE_CURVE_WITH_KNOTS ( 'NONE', 3,
 ( #448, #6659, #535, #3186, #612, #8625, #2509, #1833, #7300, #1168, #3906, #754, #2726, #5497, #8158, #170 ),
 .UNSPECIFIED., .F., .F.,
 ( 4, 2, 2, 2, 2, 2, 2, 4 ),
 ( 4.818711199183383470E-07, 0.0008765200830275014223, 0.001314539188981292839, 0.001752558294935084365, 0.002190577400888875891, 0.002628596506842667633, 0.003066615612796459375, 0.003504634718750250684 ),
 .UNSPECIFIED. ) ;
#5419 = CARTESIAN_POINT ( 'NONE',  ( 23.21616362764441988, -4.748219996440572466, -0.2517800035594274233 ) ) ;
#5420 = AXIS2_PLACEMENT_3D ( 'NONE', #3874, #3954, #5913 ) ;
#5421 = CARTESIAN_POINT ( 'NONE',  ( 41.27225720791379615, -4.999999999998976818, -1.023799617742085393E-12 ) ) ;
#5422 = CARTESIAN_POINT ( 'NONE',  ( 87.87500000000000000, 0.000000000000000000, 0.000000000000000000 ) ) ;
#5423 = CARTESIAN_POINT ( 'NONE',  ( 79.47815646957802471, -5.000000000001023182, -1.023794429665287500E-12 ) ) ;
#5424 = EDGE_CURVE ( 'NONE', #8627, #4514, #3539, .T. ) ;
#5425 = DIRECTION ( 'NONE',  ( -1.000000000000000000, -0.000000000000000000, -0.000000000000000000 ) ) ;
#5426 = ADVANCED_FACE ( 'NONE', ( #6923 ), #3072, .F. ) ;
#5427 = DIRECTION ( 'NONE',  ( -1.000000000000000000, -0.000000000000000000, -0.000000000000000000 ) ) ;
#5428 = CARTESIAN_POINT ( 'NONE',  ( 72.02374954628649562, -0.6401341107417659604, 4.359865889258234262 ) ) ;
#5429 = ORIENTED_EDGE ( 'NONE', *, *, #5833, .F. ) ;
#5430 = ORIENTED_EDGE ( 'NONE', *, *, #7692, .F. ) ;
#5431 = CARTESIAN_POINT ( 'NONE',  ( 15.73119955116402124, -0.6335913640930929125, 4.366408635906909197 ) ) ;
#5432 = CARTESIAN_POINT ( 'NONE',  ( 74.12500000000000000, 0.000000000000000000, 0.000000000000000000 ) ) ;
#5433 = ADVANCED_FACE ( 'NONE', ( #7091 ), #8255, .T. ) ;
#5434 = CARTESIAN_POINT ( 'NONE',  ( 120.6012253497006554, -0.9582157396402022353, -4.041784260359796654 ) ) ;
#5435 = CARTESIAN_POINT ( 'NONE',  ( 95.83253412545244032, -4.991957775359345817, -0.008042224640654653187 ) ) ;
#5436 = ORIENTED_EDGE ( 'NONE', *, *, #3144, .T. ) ;
#5437 = ORIENTED_EDGE ( 'NONE', *, *, #86, .F. ) ;
#5438 = CARTESIAN_POINT ( 'NONE',  ( 61.71576228220553872, -0.2608011982980502630, -4.739198801701948405 ) ) ;
#5439 = B_SPLINE_CURVE_WITH_KNOTS ( 'NONE', 3,
 ( #4362, #2156, #1532, #277, #897, #4277, #8355, #5597, #8267, #2876, #2241, #6991 ),
 .UNSPECIFIED., .F., .F.,
 ( 4, 2, 2, 2, 2, 4 ),
 ( 0.003504634718750216423, 0.003941423334025103038, 0.004378211949299989220, 0.005251789179849763317, 0.006125366410399537415, 0.006998943640949311512 ),
 .UNSPECIFIED. ) ;
#5440 = CARTESIAN_POINT ( 'NONE',  ( 64.27046193742626201, -4.832344906983756516, 0.1676550930162438446 ) ) ;
#5441 = VERTEX_POINT ( 'NONE', #5083 ) ;
#5442 = CARTESIAN_POINT ( 'NONE',  ( 10.60263427936257763, -4.040089233410278702, 0.9599107665897204100 ) ) ;
#5443 = CARTESIAN_POINT ( 'NONE',  ( 39.71616362764436303, -4.748219996440549373, 0.2517800035594510710 ) ) ;
#5444 = CARTESIAN_POINT ( 'NONE',  ( 117.5388655165442913, -0.04063066961492974721, 4.959369330385070995 ) ) ;
#5445 = EDGE_CURVE ( 'NONE', #5126, #5861, #4613, .T. ) ;
#5446 = CARTESIAN_POINT ( 'NONE',  ( 76.60263427936257585, -4.040089233410254721, -0.9599107665897453900 ) ) ;
#5447 = CARTESIAN_POINT ( 'NONE',  ( 47.21113448347798425, -4.959369330381701246, -0.04063066961829844836 ) ) ;
#5448 = VERTEX_POINT ( 'NONE', #327 ) ;
#5449 = DIRECTION ( 'NONE',  ( 0.000000000000000000, -1.000000000000000000, 0.000000000000000000 ) ) ;
#5450 = B_SPLINE_CURVE_WITH_KNOTS ( 'NONE', 3,
 ( #5220, #8058, #7976, #3927, #6595, #3216, #7930, #1101, #7229, #6727, #3846, #6557 ),
 .UNSPECIFIED., .F., .F.,
 ( 4, 2, 2, 2, 2, 4 ),
 ( 0.003504634718750224663, 0.003941423334025109110, 0.004378211949299992689, 0.005251789179849761582, 0.006125366410399530476, 0.006998943640949298502 ),
 .UNSPECIFIED. ) ;
#5451 = CARTESIAN_POINT ( 'NONE',  ( 46.47815646957785418, -5.000000000001022293, 1.021501723235306922E-12 ) ) ;
#5452 = ORIENTED_EDGE ( 'NONE', *, *, #8083, .T. ) ;
#5453 = ADVANCED_FACE ( 'NONE', ( #5130 ), #1721, .F. ) ;
#5454 = CARTESIAN_POINT ( 'NONE',  ( 82.37499999999998579, 0.000000000000000000, 0.000000000000000000 ) ) ;
#5455 = CARTESIAN_POINT ( 'NONE',  ( 101.6249999999997868, 2.818544231345960265E-13, 5.000000000000282441 ) ) ;
#5456 = CARTESIAN_POINT ( 'NONE',  ( 123.6249999999999858, 0.000000000000000000, 0.9999999999999831246 ) ) ;
#5457 = CARTESIAN_POINT ( 'NONE',  ( 83.75000000000000000, 0.000000000000000000, 1.000000000000000000 ) ) ;
#5458 = CARTESIAN_POINT ( 'NONE',  ( 41.42125362938286059, -4.991698401479167657, -0.008301598520832410497 ) ) ;
#5459 = CARTESIAN_POINT ( 'NONE',  ( 70.73119955116399638, -0.6335913640930986857, 4.366408635906902980 ) ) ;
#5460 = CARTESIAN_POINT ( 'NONE',  ( 46.62500000000000000, 0.000000000000000000, 0.000000000000000000 ) ) ;
#5461 = AXIS2_PLACEMENT_3D ( 'NONE', #7566, #718, #8266 ) ;
#5462 = CARTESIAN_POINT ( 'NONE',  ( 0.000000000000000000, 1.224646799147353207E-16, -1.000000000000000000 ) ) ;
#5463 = DIRECTION ( 'NONE',  ( -1.000000000000000000, -0.000000000000000000, -0.000000000000000000 ) ) ;
#5464 = CARTESIAN_POINT ( 'NONE',  ( 22.14877465030178882, -4.041784260362676129, 0.9582157396373237601 ) ) ;
#5465 = AXIS2_PLACEMENT_3D ( 'NONE', #5838, #328, #5169 ) ;
#5466 = EDGE_CURVE ( 'NONE', #5091, #642, #5849, .T. ) ;
#5467 = CARTESIAN_POINT ( 'NONE',  ( 32.22625045371345465, -4.359865889258284000, 0.6401341107417179987 ) ) ;
#5468 = CARTESIAN_POINT ( 'NONE',  ( 71.49621622079726535, -1.136863993905387282, 3.863136006094611830 ) ) ;
#5469 = ORIENTED_EDGE ( 'NONE', *, *, #855, .T. ) ;
#5470 = ORIENTED_EDGE ( 'NONE', *, *, #4404, .F. ) ;
#5471 = CARTESIAN_POINT ( 'NONE',  ( 13.62500000000000000, 0.000000000000000000, 0.000000000000000000 ) ) ;
#5472 = CARTESIAN_POINT ( 'NONE',  ( 63.12499999999998579, 0.000000000000000000, 1.000000000000000000 ) ) ;
#5473 = DIRECTION ( 'NONE',  ( 0.000000000000000000, 0.000000000000000000, 1.000000000000000000 ) ) ;
#5474 = CARTESIAN_POINT ( 'NONE',  ( 150.0000000000000000, -2.500000000000000000, 2.500000000000000000 ) ) ;
#5475 = AXIS2_PLACEMENT_3D ( 'NONE', #2751, #7979, #194 ) ;
#5476 = CARTESIAN_POINT ( 'NONE',  ( 112.6250000000279954, -5.000000000000000888, -4.336808689942017736E-16 ) ) ;
#5477 = AXIS2_PLACEMENT_3D ( 'NONE', #3692, #5200, #4538 ) ;
#5478 = CARTESIAN_POINT ( 'NONE',  ( 37.03383637236984782, -0.2517800035653026680, 4.748219996434697165 ) ) ;
#5479 = B_SPLINE_CURVE_WITH_KNOTS ( 'NONE', 3,
 ( #2579, #7231, #1771, #8018, #1812, #5272, #7857, #2448, #1104, #7028, #3848, #3641, #7980, #6561, #390, #1732 ),
 .UNSPECIFIED., .F., .F.,
 ( 4, 2, 2, 2, 2, 2, 2, 4 ),
 ( 4.818711198681143754E-07, 0.0008765200830205597095, 0.001314539188970918543, 0.001752558294921277484, 0.002190577400871636642, 0.002628596506821994933, 0.003066615612772354092, 0.003504634718722713250 ),
 .UNSPECIFIED. ) ;
#5480 = ORIENTED_EDGE ( 'NONE', *, *, #3961, .F. ) ;
#5481 = EDGE_CURVE ( 'NONE', #6861, #5745, #7840, .T. ) ;
#5482 = DIRECTION ( 'NONE',  ( 0.000000000000000000, 0.000000000000000000, 1.000000000000000000 ) ) ;
#5483 = FACE_OUTER_BOUND ( 'NONE', #5669, .T. ) ;
#5484 = VERTEX_POINT ( 'NONE', #2812 ) ;
#5485 = ORIENTED_EDGE ( 'NONE', *, *, #607, .F. ) ;
#5486 = FACE_OUTER_BOUND ( 'NONE', #848, .T. ) ;
#5487 = DIRECTION ( 'NONE',  ( 0.000000000000000000, 0.000000000000000000, 1.000000000000000000 ) ) ;
#5488 = CARTESIAN_POINT ( 'NONE',  ( 33.73123519307646490, -4.508466212583658539, -0.4915337874163436815 ) ) ;
#5489 = DIRECTION ( 'NONE',  ( -1.000000000000000000, -0.000000000000000000, -0.000000000000000000 ) ) ;
#5490 = CARTESIAN_POINT ( 'NONE',  ( 0.000000000000000000, 1.224646799147353207E-16, -1.000000000000000000 ) ) ;
#5491 = EDGE_LOOP ( 'NONE', ( #1114, #1374, #5183 ) ) ;
#5492 = EDGE_LOOP ( 'NONE', ( #6301, #4637, #4234 ) ) ;
#5493 = EDGE_CURVE ( 'NONE', #8736, #850, #5040, .T. ) ;
#5494 = CARTESIAN_POINT ( 'NONE',  ( 7.399401866006583894, -4.935956332723932860, -0.06404366727606752852 ) ) ;
#5495 = TOROIDAL_SURFACE ( 'NONE', #1071, 1.000000000000000000, 3.999999999999997335 ) ;
#5496 = TOROIDAL_SURFACE ( 'NONE', #2216, 0.9999999999999831246, 4.000000000000015987 ) ;
#5497 = CARTESIAN_POINT ( 'NONE',  ( 84.82874637064230683, -0.008301598518919066014, 4.991698401481080793 ) ) ;
#5498 = AXIS2_PLACEMENT_3D ( 'NONE', #5521, #8238, #7582 ) ;
#5499 = CARTESIAN_POINT ( 'NONE',  ( 21.01876480693204030, -0.4915337874217340919, 4.508466212578267296 ) ) ;
#5500 = ORIENTED_EDGE ( 'NONE', *, *, #1558, .T. ) ;
#5501 = DIRECTION ( 'NONE',  ( 0.000000000000000000, -1.224646799147353207E-16, 1.000000000000000000 ) ) ;
#5502 = CARTESIAN_POINT ( 'NONE',  ( 2.500000000000000000, 0.000000000000000000, 0.000000000000000000 ) ) ;
#5503 = CIRCLE ( 'NONE', #2790, 1.374999999999994227 ) ;
#5504 = AXIS2_PLACEMENT_3D ( 'NONE', #3829, #8554, #1138 ) ;
#5505 = ADVANCED_FACE ( 'NONE', ( #4005 ), #3998, .T. ) ;
#5506 = CARTESIAN_POINT ( 'NONE',  ( 21.99600116288348772, -3.862796825715728133, -1.137203174284270757 ) ) ;
#5507 = CARTESIAN_POINT ( 'NONE',  ( 42.65967868777045879, -4.686141179195703721, -0.3138588208042960015 ) ) ;
#5508 = CARTESIAN_POINT ( 'NONE',  ( 94.75000000000000000, 0.000000000000000000, 0.000000000000000000 ) ) ;
#5509 = DIRECTION ( 'NONE',  ( 0.000000000000000000, -1.000000000000000000, 0.000000000000000000 ) ) ;
#5510 = CARTESIAN_POINT ( 'NONE',  ( 20.27046193742617675, -4.832344906983785826, 0.1676550930162143405 ) ) ;
#5511 = DIRECTION ( 'NONE',  ( -1.000000000000000000, -0.000000000000000000, -0.000000000000000000 ) ) ;
#5512 = CARTESIAN_POINT ( 'NONE',  ( 23.21616362764441988, -4.748219996440574242, 0.2517800035594264796 ) ) ;
#5513 = CARTESIAN_POINT ( 'NONE',  ( 39.59032131224201123, -0.3138588207986880430, -4.686141179201311679 ) ) ;
#5514 = CARTESIAN_POINT ( 'NONE',  ( 67.25000000000000000, 0.000000000000000000, 0.000000000000000000 ) ) ;
#5515 = ORIENTED_EDGE ( 'NONE', *, *, #8135, .F. ) ;
#5516 = ORIENTED_EDGE ( 'NONE', *, *, #5873, .F. ) ;
#5517 = CYLINDRICAL_SURFACE ( 'NONE', #2102, 1.000000000000000000 ) ;
#5518 = AXIS2_PLACEMENT_3D ( 'NONE', #6743, #4734, #3356 ) ;
#5519 = DIRECTION ( 'NONE',  ( -1.000000000000000000, -0.000000000000000000, -0.000000000000000000 ) ) ;
#5520 = CARTESIAN_POINT ( 'NONE',  ( 36.63240203055824651, -4.872131520497913648, -0.1278684795020858522 ) ) ;
#5521 = CARTESIAN_POINT ( 'NONE',  ( 52.12500000000000000, 0.000000000000000000, 0.000000000000000000 ) ) ;
#5522 = CARTESIAN_POINT ( 'NONE',  ( 120.7537837792036441, -3.863136006093112584, 1.136863993906888082 ) ) ;
#5523 = CARTESIAN_POINT ( 'NONE',  ( 27.37500000000000000, -1.328041165545663649, -3.671958834454336351 ) ) ;
#5524 = CIRCLE ( 'NONE', #4540, 3.904737509655564320 ) ;
#5525 = AXIS2_PLACEMENT_3D ( 'NONE', #6734, #8066, #3439 ) ;
#5526 = ORIENTED_EDGE ( 'NONE', *, *, #7909, .T. ) ;
#5527 = VERTEX_POINT ( 'NONE', #1849 ) ;
#5528 = CARTESIAN_POINT ( 'NONE',  ( 60.92277126958468614, -0.7176137099602829528, -4.282386290039716492 ) ) ;
#5529 = CARTESIAN_POINT ( 'NONE',  ( 65.87499999999998579, -3.671958834454331466, 1.328041165545668756 ) ) ;
#5530 = AXIS2_PLACEMENT_3D ( 'NONE', #8357, #6365, #227 ) ;
#5531 = CARTESIAN_POINT ( 'NONE',  ( 8.711134483478037538, -4.959369330381689700, 0.04063066961830980733 ) ) ;
#5532 = CARTESIAN_POINT ( 'NONE',  ( 32.87500000000000000, -1.328041165545665425, -3.671958834454334575 ) ) ;
#5534 = TOROIDAL_SURFACE ( 'NONE', #3693, 1.000000000000000000, 3.999999999999997335 ) ;
#5533 = DIRECTION ( 'NONE',  ( 0.000000000000000000, 0.000000000000000000, 1.000000000000000000 ) ) ;
#5535 = AXIS2_PLACEMENT_3D ( 'NONE', #4824, #8069, #4777 ) ;
#5536 = AXIS2_PLACEMENT_3D ( 'NONE', #301, #7726, #4342 ) ;
#5537 = DIRECTION ( 'NONE',  ( 0.000000000000000000, -1.224646799147353207E-16, 1.000000000000000000 ) ) ;
#5538 = ADVANCED_FACE ( 'NONE', ( #5210 ), #5417, .F. ) ;
#5539 = DIRECTION ( 'NONE',  ( 0.000000000000000000, 0.000000000000000000, 1.000000000000000000 ) ) ;
#5540 = EDGE_CURVE ( 'NONE', #1791, #5861, #5891, .T. ) ;
#5541 = ORIENTED_EDGE ( 'NONE', *, *, #3964, .T. ) ;
#5542 = AXIS2_PLACEMENT_3D ( 'NONE', #7557, #2820, #7506 ) ;
#5543 = ORIENTED_EDGE ( 'NONE', *, *, #3500, .T. ) ;
#5544 = TOROIDAL_SURFACE ( 'NONE', #5124, 1.000000000000000000, 1.374999999999994227 ) ;
#5545 = ORIENTED_EDGE ( 'NONE', *, *, #5996, .T. ) ;
#5546 = CARTESIAN_POINT ( 'NONE',  ( 46.62500000000000000, 1.224646799147353207E-16, -1.000000000000000000 ) ) ;
#5547 = VERTEX_POINT ( 'NONE', #1267 ) ;
#5548 = B_SPLINE_CURVE_WITH_KNOTS ( 'NONE', 3,
 ( #4551, #3159, #5166, #5878, #1847, #7314, #5967, #8007, #7353, #545, #5, #6046 ),
 .UNSPECIFIED., .F., .F.,
 ( 4, 2, 2, 2, 2, 4 ),
 ( 0.003504634718722782639, 0.003941423334001093598, 0.004378211949279404124, 0.005251789179836026042, 0.006125366410392647093, 0.006998943640949269011 ),
 .UNSPECIFIED. ) ;
#5549 = CARTESIAN_POINT ( 'NONE',  ( 77.42277126958474298, -0.7176137099602932778, -4.282386290039707610 ) ) ;
#5550 = ORIENTED_EDGE ( 'NONE', *, *, #4949, .T. ) ;
#5551 = DIRECTION ( 'NONE',  ( -1.000000000000000000, -0.000000000000000000, -0.000000000000000000 ) ) ;
#5552 = CARTESIAN_POINT ( 'NONE',  ( 100.2157622822055458, -0.2608011982980544263, 4.739198801701945740 ) ) ;
#5553 = DIRECTION ( 'NONE',  ( -0.000000000000000000, 1.000000000000000000, 1.224646799147353207E-16 ) ) ;
#5554 = EDGE_CURVE ( 'NONE', #6191, #8179, #7064, .T. ) ;
#5555 = CARTESIAN_POINT ( 'NONE',  ( 19.41746587457268802, -0.008042224642537282656, -4.991957775357462879 ) ) ;
#5556 = DIRECTION ( 'NONE',  ( 0.000000000000000000, 0.000000000000000000, 1.000000000000000000 ) ) ;
#5557 = CARTESIAN_POINT ( 'NONE',  ( 104.2539988371174928, -1.137203174285774887, 3.862796825714226667 ) ) ;
#5558 = CARTESIAN_POINT ( 'NONE',  ( 121.5235659487770619, -0.6402698276730424132, -4.359730172326957920 ) ) ;
#5559 = TOROIDAL_SURFACE ( 'NONE', #8694, 1.000000000000000000, 4.000000000000001776 ) ;
#5560 = CARTESIAN_POINT ( 'NONE',  ( 78.47821941570039428, -4.840676868225227025, 0.1593231317747719200 ) ) ;
#5561 = CARTESIAN_POINT ( 'NONE',  ( 0.000000000000000000, 0.000000000000000000, 1.000000000000000000 ) ) ;
#5562 = LINE ( 'NONE', #53, #5000 ) ;
#5563 = ADVANCED_FACE ( 'NONE', ( #5300 ), #7978, .T. ) ;
#5564 = AXIS2_PLACEMENT_3D ( 'NONE', #2515, #541, #490 ) ;
#5565 = CARTESIAN_POINT ( 'NONE',  ( 23.47821941570033744, -4.840676868225213703, 0.1593231317747858811 ) ) ;
#5566 = CARTESIAN_POINT ( 'NONE',  ( 109.9960011628835304, -3.862796825715736571, 1.137203174284263651 ) ) ;
#5567 = DIRECTION ( 'NONE',  ( 0.000000000000000000, 0.000000000000000000, 1.000000000000000000 ) ) ;
#5568 = CARTESIAN_POINT ( 'NONE',  ( 54.87499999999999289, -3.671958834454339460, 1.328041165545660540 ) ) ;
#5569 = ORIENTED_EDGE ( 'NONE', *, *, #6382, .T. ) ;
#5570 = DIRECTION ( 'NONE',  ( -1.000000000000000000, -0.000000000000000000, -0.000000000000000000 ) ) ;
#5571 = ORIENTED_EDGE ( 'NONE', *, *, #4507, .T. ) ;
#5572 = DIRECTION ( 'NONE',  ( 0.000000000000000000, 0.000000000000000000, 1.000000000000000000 ) ) ;
#5573 = CARTESIAN_POINT ( 'NONE',  ( 110.8515737627696325, -0.4321793203680438511, 4.567820679631957148 ) ) ;
#5574 = CARTESIAN_POINT ( 'NONE',  ( 35.77225720791378905, -4.999999999998976818, -1.023799617742085393E-12 ) ) ;
#5575 = ADVANCED_FACE ( 'NONE', ( #6679 ), #5988, .T. ) ;
#5576 = CARTESIAN_POINT ( 'NONE',  ( 78.89940186600668426, -4.935956332723948847, -0.06404366727605204090 ) ) ;
#5577 = DIRECTION ( 'NONE',  ( -1.000000000000000000, -0.000000000000000000, -0.000000000000000000 ) ) ;
#5578 = ORIENTED_EDGE ( 'NONE', *, *, #7131, .T. ) ;
#5579 = CARTESIAN_POINT ( 'NONE',  ( 63.71113448347813346, -4.959369330381671936, 0.04063066961832770274 ) ) ;
#5580 = EDGE_LOOP ( 'NONE', ( #6652, #6171, #7303, #3530 ) ) ;
#5581 = ORIENTED_EDGE ( 'NONE', *, *, #7925, .T. ) ;
#5582 = CARTESIAN_POINT ( 'NONE',  ( 16.25399883711744309, -1.137203174285765117, -3.862796825714235105 ) ) ;
#5583 = DIRECTION ( 'NONE',  ( -1.000000000000000000, -0.000000000000000000, -0.000000000000000000 ) ) ;
#5584 = CARTESIAN_POINT ( 'NONE',  ( 35.62500000000000000, 0.000000000000000000, 0.000000000000000000 ) ) ;
#5585 = ORIENTED_EDGE ( 'NONE', *, *, #8744, .F. ) ;
#5586 = ORIENTED_EDGE ( 'NONE', *, *, #8189, .F. ) ;
#5587 = CARTESIAN_POINT ( 'NONE',  ( 96.12499999999998579, 0.000000000000000000, 0.000000000000000000 ) ) ;
#5588 = CARTESIAN_POINT ( 'NONE',  ( 69.99999999999998579, 0.000000000000000000, 1.000000000000000000 ) ) ;
#5589 = ORIENTED_EDGE ( 'NONE', *, *, #4885, .T. ) ;
#5590 = ADVANCED_FACE ( 'NONE', ( #5337 ), #1759, .F. ) ;
#5591 = VERTEX_POINT ( 'NONE', #2840 ) ;
#5592 = CARTESIAN_POINT ( 'NONE',  ( 69.63240203055840993, -4.872131520497873680, -0.1278684795021268750 ) ) ;
#5593 = CARTESIAN_POINT ( 'NONE',  ( 100.6175979694599789, -0.1278684794971776395, 4.872131520502823498 ) ) ;
#5594 = CARTESIAN_POINT ( 'NONE',  ( 2.500000000000000444, 0.000000000000000000, 0.000000000000000000 ) ) ;
#5595 = DIRECTION ( 'NONE',  ( -1.000000000000000000, -0.000000000000000000, -0.000000000000000000 ) ) ;
#5596 = EDGE_CURVE ( 'NONE', #3438, #210, #4799, .T. ) ;
#5597 = CARTESIAN_POINT ( 'NONE',  ( 76.01876480693205451, -0.4915337874217388658, 4.508466212578261967 ) ) ;
#5598 = CARTESIAN_POINT ( 'NONE',  ( 38.25399883711744309, -1.137203174285764451, -3.862796825714235993 ) ) ;
#5599 = CARTESIAN_POINT ( 'NONE',  ( 21.87500000000000000, -3.671958834454335019, 1.328041165545665203 ) ) ;
#5600 = CARTESIAN_POINT ( 'NONE',  ( 117.9781564695780105, -5.000000000001025846, -1.024882655244272866E-12 ) ) ;
#5601 = B_SPLINE_CURVE_WITH_KNOTS ( 'NONE', 3,
 ( #2948, #5625, #5010, #2137, #6974, #3538, #4871, #5666, #5715, #8432, #126, #1465, #4204, #8336, #164, #6260 ),
 .UNSPECIFIED., .F., .F.,
 ( 4, 2, 2, 2, 2, 2, 2, 4 ),
 ( 4.818711198676053086E-07, 0.0008765200830205893082, 0.001314539188970937841, 0.001752558294921286374, 0.002190577400871635775, 0.002628596506821983658, 0.003066615612772332407, 0.003504634718722680724 ),
 .UNSPECIFIED. ) ;
#5602 = CARTESIAN_POINT ( 'NONE',  ( 14.21113448347806418, -4.959369330381686147, -0.04063066961831405394 ) ) ;
#5603 = DIRECTION ( 'NONE',  ( -1.000000000000000000, -0.000000000000000000, -0.000000000000000000 ) ) ;
#5604 = ADVANCED_FACE ( 'NONE', ( #2739 ), #4435, .T. ) ;
#5605 = ORIENTED_EDGE ( 'NONE', *, *, #4746, .T. ) ;
#5606 = TOROIDAL_SURFACE ( 'NONE', #6040, 1.000000000000000000, 4.000000000000001776 ) ;
#5607 = CARTESIAN_POINT ( 'NONE',  ( 90.62499999999998579, 0.000000000000000000, 0.000000000000000000 ) ) ;
#5608 = CARTESIAN_POINT ( 'NONE',  ( 45.25000000000000000, 0.000000000000000000, 1.000000000000000000 ) ) ;
#5609 = ORIENTED_EDGE ( 'NONE', *, *, #9, .F. ) ;
#5610 = CARTESIAN_POINT ( 'NONE',  ( 74.70631021352423318, -0.03993437491703781539, -4.960065625082960672 ) ) ;
#5611 = DIRECTION ( 'NONE',  ( -1.000000000000000000, -0.000000000000000000, -0.000000000000000000 ) ) ;
#5612 = CARTESIAN_POINT ( 'NONE',  ( 90.62499999999998579, 0.000000000000000000, 1.000000000000000000 ) ) ;
#5613 = CARTESIAN_POINT ( 'NONE',  ( 67.61759796945996470, -0.1278684794971775007, -4.872131520502823498 ) ) ;
#5614 = DIRECTION ( 'NONE',  ( 0.000000000000000000, 0.000000000000000000, 1.000000000000000000 ) ) ;
#5615 = AXIS2_PLACEMENT_3D ( 'NONE', #6958, #827, #2890 ) ;
#5616 = VERTEX_POINT ( 'NONE', #7572 ) ;
#5617 = EDGE_CURVE ( 'NONE', #5591, #7447, #419, .T. ) ;
#5618 = CARTESIAN_POINT ( 'NONE',  ( 8.271843530448382609, 9.308045057377506426E-15, 5.000000000000009770 ) ) ;
#5619 = CARTESIAN_POINT ( 'NONE',  ( 100.8994018660066843, -4.935956332723948847, 0.06404366727605186049 ) ) ;
#5620 = ORIENTED_EDGE ( 'NONE', *, *, #3788, .F. ) ;
#5621 = EDGE_LOOP ( 'NONE', ( #3234, #585, #1431 ) ) ;
#5622 = CARTESIAN_POINT ( 'NONE',  ( 8.853347650864984431, -4.935408751168105290, 0.06459124883189244770 ) ) ;
#5623 = DIRECTION ( 'NONE',  ( 0.000000000000000000, -1.000000000000000000, 0.000000000000000000 ) ) ;
#5624 = AXIS2_PLACEMENT_3D ( 'NONE', #893, #3171, #6357 ) ;
#5625 = CARTESIAN_POINT ( 'NONE',  ( 87.75378377920365836, -3.863136006093129904, 1.136863993906870984 ) ) ;
#5626 = DIRECTION ( 'NONE',  ( 0.000000000000000000, 0.000000000000000000, 1.000000000000000000 ) ) ;
#5627 = EDGE_LOOP ( 'NONE', ( #2888, #6387, #7228, #1947 ) ) ;
#5628 = EDGE_LOOP ( 'NONE', ( #7482, #3592, #3851, #4460, #4116, #4897 ) ) ;
#5629 = ORIENTED_EDGE ( 'NONE', *, *, #5554, .T. ) ;
#5630 = DIRECTION ( 'NONE',  ( -1.000000000000000000, -0.000000000000000000, -0.000000000000000000 ) ) ;
#5631 = CARTESIAN_POINT ( 'NONE',  ( 30.12499999999979039, 2.861759535918290366E-13, -5.000000000000285993 ) ) ;
#5632 = VERTEX_POINT ( 'NONE', #1487 ) ;
#5633 = DIRECTION ( 'NONE',  ( -1.000000000000000000, -0.000000000000000000, -0.000000000000000000 ) ) ;
#5634 = ORIENTED_EDGE ( 'NONE', *, *, #4042, .F. ) ;
#5635 = CARTESIAN_POINT ( 'NONE',  ( 65.87499999999998579, 0.000000000000000000, 0.000000000000000000 ) ) ;
#5636 = CARTESIAN_POINT ( 'NONE',  ( 16.92277126958471456, -0.7176137099602841740, -4.282386290039714716 ) ) ;
#5637 = DIRECTION ( 'NONE',  ( 0.000000000000000000, 0.000000000000000000, 1.000000000000000000 ) ) ;
#5638 = CIRCLE ( 'NONE', #6925, 3.999999999999996447 ) ;
#5639 = CARTESIAN_POINT ( 'NONE',  ( 52.12500000000000000, 0.000000000000000000, 0.000000000000000000 ) ) ;
#5640 = CARTESIAN_POINT ( 'NONE',  ( 102.3505981340147741, -0.06404366728011004484, 4.935956332719890760 ) ) ;
#5641 = LINE ( 'NONE', #6283, #6124 ) ;
#5642 = AXIS2_PLACEMENT_3D ( 'NONE', #5011, #259, #4205 ) ;
#5643 = AXIS2_PLACEMENT_3D ( 'NONE', #1690, #916, #4247 ) ;
#5644 = CARTESIAN_POINT ( 'NONE',  ( 8.421253629382933426, -4.991698401479163216, -0.008301598520836579037 ) ) ;
#5645 = CARTESIAN_POINT ( 'NONE',  ( 35.62500000000000000, 0.000000000000000000, 0.000000000000000000 ) ) ;
#5646 = AXIS2_PLACEMENT_3D ( 'NONE', #2786, #3648, #8171 ) ;
#5647 = EDGE_CURVE ( 'NONE', #5943, #7068, #132, .T. ) ;
#5648 = EDGE_CURVE ( 'NONE', #3549, #5448, #101, .T. ) ;
#5649 = ORIENTED_EDGE ( 'NONE', *, *, #8269, .T. ) ;
#5650 = DIRECTION ( 'NONE',  ( -1.000000000000000000, -0.000000000000000000, -0.000000000000000000 ) ) ;
#5651 = CARTESIAN_POINT ( 'NONE',  ( 8.125000000000000000, 0.000000000000000000, 0.000000000000000000 ) ) ;
#5652 = CARTESIAN_POINT ( 'NONE',  ( 83.97821941570038007, -4.840676868225227025, -0.1593231317747716147 ) ) ;
#5654 = B_SPLINE_CURVE_WITH_KNOTS ( 'NONE', 3,
 ( #4146, #7537, #4290, #8181, #2798, #4189, #1452, #6910, #2071, #5653, #2848, #8371 ),
 .UNSPECIFIED., .F., .F.,
 ( 4, 2, 2, 2, 2, 4 ),
 ( 0.003504634718750162213, 0.003941423334025047527, 0.004378211949299933708, 0.005251789179849706071, 0.006125366410399477567, 0.006998943640949249929 ),
 .UNSPECIFIED. ) ;
#5653 = CARTESIAN_POINT ( 'NONE',  ( 65.60122534970069808, -0.9582157396401979055, -4.041784260359801095 ) ) ;
#5655 = CARTESIAN_POINT ( 'NONE',  ( 50.75000000000000000, 0.000000000000000000, 0.000000000000000000 ) ) ;
#5656 = CARTESIAN_POINT ( 'NONE',  ( 68.47815646957801050, -5.000000000001025846, -1.024877890683944157E-12 ) ) ;
#5657 = CARTESIAN_POINT ( 'NONE',  ( 107.2722572078870229, -4.999999999999996447, 3.770990681176145110E-15 ) ) ;
#5658 = EDGE_CURVE ( 'NONE', #6600, #1717, #5562, .T. ) ;
#5659 = EDGE_LOOP ( 'NONE', ( #2021, #7019, #5794, #1698 ) ) ;
#5660 = CARTESIAN_POINT ( 'NONE',  ( 108.6596786877578324, -4.686141179201364970, -0.3138588207986351408 ) ) ;
#5661 = AXIS2_PLACEMENT_3D ( 'NONE', #267, #4442, #4395 ) ;
#5662 = DIRECTION ( 'NONE',  ( -1.000000000000000000, -0.000000000000000000, -0.000000000000000000 ) ) ;
#5663 = ORIENTED_EDGE ( 'NONE', *, *, #8487, .T. ) ;
#5664 = CARTESIAN_POINT ( 'NONE',  ( 66.42277126958471456, -0.7176137099602905023, 4.282386290039709387 ) ) ;
#5665 = CARTESIAN_POINT ( 'NONE',  ( 30.12500000000000000, 0.000000000000000000, 0.000000000000000000 ) ) ;
#5666 = CARTESIAN_POINT ( 'NONE',  ( 86.65967868777053695, -4.686141179195661088, 0.3138588208043389671 ) ) ;
#5667 = CYLINDRICAL_SURFACE ( 'NONE', #2354, 1.000000000000000000 ) ;
#5668 = EDGE_CURVE ( 'NONE', #39, #8415, #6559, .T. ) ;
#5669 = EDGE_LOOP ( 'NONE', ( #249, #8034, #3723, #3173 ) ) ;
#5670 = AXIS2_PLACEMENT_3D ( 'NONE', #2870, #5633, #6354 ) ;
#5671 = CIRCLE ( 'NONE', #4541, 3.904737509655562544 ) ;
#5672 = VERTEX_POINT ( 'NONE', #4229 ) ;
#5673 = EDGE_LOOP ( 'NONE', ( #4394, #7331, #5581, #6203 ) ) ;
#5674 = CIRCLE ( 'NONE', #6807, 1.374999999999994227 ) ;
#5675 = CARTESIAN_POINT ( 'NONE',  ( 82.37499999999998579, -1.328041165545655877, 3.671958834454344345 ) ) ;
#5676 = AXIS2_PLACEMENT_3D ( 'NONE', #255, #3752, #4473 ) ;
#5677 = AXIS2_PLACEMENT_3D ( 'NONE', #2447, #1102, #1057 ) ;
#5678 = CIRCLE ( 'NONE', #414, 3.904737509655568761 ) ;
#5679 = DIRECTION ( 'NONE',  ( -1.000000000000000000, -0.000000000000000000, -0.000000000000000000 ) ) ;
#5680 = VERTEX_POINT ( 'NONE', #2059 ) ;
#5681 = CARTESIAN_POINT ( 'NONE',  ( 74.12500000000000000, 0.000000000000000000, 1.000000000000000000 ) ) ;
#5682 = TOROIDAL_SURFACE ( 'NONE', #7676, 1.000000000000000000, 3.999999999999997335 ) ;
#5683 = DIRECTION ( 'NONE',  ( 0.000000000000000000, 0.000000000000000000, 1.000000000000000000 ) ) ;
#5684 = DIRECTION ( 'NONE',  ( -1.000000000000000000, -0.000000000000000000, -0.000000000000000000 ) ) ;
#5685 = AXIS2_PLACEMENT_3D ( 'NONE', #4487, #1162, #6530 ) ;
#5686 = ADVANCED_FACE ( 'NONE', ( #3422 ), #1569, .F. ) ;
#5687 = CIRCLE ( 'NONE', #5971, 3.904737509655563876 ) ;
#5688 = DIRECTION ( 'NONE',  ( -1.000000000000000000, -0.000000000000000000, -0.000000000000000000 ) ) ;
#5689 = AXIS2_PLACEMENT_3D ( 'NONE', #1894, #3123, #1763 ) ;
#5690 = DIRECTION ( 'NONE',  ( -1.000000000000000000, -0.000000000000000000, -0.000000000000000000 ) ) ;
#5691 = CARTESIAN_POINT ( 'NONE',  ( 72.01880044884224219, -4.366408635911685820, 0.6335913640883145126 ) ) ;
#5692 = CARTESIAN_POINT ( 'NONE',  ( 37.00000000000000000, 0.000000000000000000, 0.000000000000000000 ) ) ;
#5693 = CARTESIAN_POINT ( 'NONE',  ( 88.73123519307652884, -4.508466212583701171, -0.4915337874162994392 ) ) ;
#5694 = DIRECTION ( 'NONE',  ( -1.000000000000000000, -0.000000000000000000, -0.000000000000000000 ) ) ;
#5695 = DIRECTION ( 'NONE',  ( -1.000000000000000000, -0.000000000000000000, -0.000000000000000000 ) ) ;
#5696 = DIRECTION ( 'NONE',  ( -1.000000000000000000, -0.000000000000000000, -0.000000000000000000 ) ) ;
#5697 = ORIENTED_EDGE ( 'NONE', *, *, #774, .F. ) ;
#5698 = EDGE_CURVE ( 'NONE', #5230, #5053, #7704, .T. ) ;
#5699 = ADVANCED_FACE ( 'NONE', ( #2787 ), #5559, .T. ) ;
#5700 = ORIENTED_EDGE ( 'NONE', *, *, #5864, .T. ) ;
#5701 = CARTESIAN_POINT ( 'NONE',  ( 32.87500000000000000, -1.328041165545665425, 3.671958834454334575 ) ) ;
#5702 = CARTESIAN_POINT ( 'NONE',  ( 89.09032131224199702, -0.3138588207986882650, 4.686141179201312568 ) ) ;
#5703 = CARTESIAN_POINT ( 'NONE',  ( 9.533836372369853152, -0.2517800035653016688, -4.748219996434698054 ) ) ;
#5704 = DIRECTION ( 'NONE',  ( -1.000000000000000000, -0.000000000000000000, -0.000000000000000000 ) ) ;
#5705 = CARTESIAN_POINT ( 'NONE',  ( 0.000000000000000000, 1.224646799147353207E-16, -1.000000000000000000 ) ) ;
#5706 = CARTESIAN_POINT ( 'NONE',  ( 109.0117275769281946, -4.502552532152180653, 0.4974474678478200684 ) ) ;
#5707 = AXIS2_PLACEMENT_3D ( 'NONE', #1141, #8009, #547 ) ;
#5708 = ORIENTED_EDGE ( 'NONE', *, *, #7838, .F. ) ;
#5709 = DIRECTION ( 'NONE',  ( 0.000000000000000000, 0.7071067811865474617, 0.7071067811865474617 ) ) ;
#5710 = CARTESIAN_POINT ( 'NONE',  ( 44.85157376276964669, -0.4321793203680395212, 4.567820679631960701 ) ) ;
#5711 = ADVANCED_FACE ( 'NONE', ( #6183 ), #7133, .F. ) ;
#5712 = ORIENTED_EDGE ( 'NONE', *, *, #7808, .F. ) ;
#5713 = CARTESIAN_POINT ( 'NONE',  ( 81.39842623724024406, -4.567820679626466429, -0.4321793203735330158 ) ) ;
#5714 = DIRECTION ( 'NONE',  ( 0.000000000000000000, 0.000000000000000000, 1.000000000000000000 ) ) ;
#5715 = CARTESIAN_POINT ( 'NONE',  ( 86.53423771780845186, -4.739198801696320018, 0.2608011983036805925 ) ) ;
#5716 = CARTESIAN_POINT ( 'NONE',  ( 33.73827242307173435, -0.4974474678478674750, 4.502552532152131803 ) ) ;
#5717 = ORIENTED_EDGE ( 'NONE', *, *, #4324, .T. ) ;
#5718 = ORIENTED_EDGE ( 'NONE', *, *, #2929, .T. ) ;
#5719 = ORIENTED_EDGE ( 'NONE', *, *, #5493, .T. ) ;
#5720 = CARTESIAN_POINT ( 'NONE',  ( 55.14736572063977604, -0.9599107665869500705, -4.040089233413050707 ) ) ;
#5721 = CARTESIAN_POINT ( 'NONE',  ( 30.12500000000000000, 0.000000000000000000, 0.000000000000000000 ) ) ;
#5722 = EDGE_CURVE ( 'NONE', #8179, #7068, #2371, .T. ) ;
#5723 = CARTESIAN_POINT ( 'NONE',  ( 120.9959900004485860, -3.862779220790883095, 1.137220779209116461 ) ) ;
#5724 = EDGE_LOOP ( 'NONE', ( #2174, #2804, #953 ) ) ;
#5725 = DIRECTION ( 'NONE',  ( 0.000000000000000000, 0.000000000000000000, 1.000000000000000000 ) ) ;
#5726 = CARTESIAN_POINT ( 'NONE',  ( 90.47815646957803892, -5.000000000001025846, -1.024882655244272866E-12 ) ) ;
#5727 = CARTESIAN_POINT ( 'NONE',  ( 107.1250000000000000, 0.000000000000000000, 0.000000000000000000 ) ) ;
#5728 = CARTESIAN_POINT ( 'NONE',  ( 53.27046193742614122, -4.832344906983798261, 0.1676550930162027664 ) ) ;
#5729 = EDGE_CURVE ( 'NONE', #1981, #6695, #3289, .T. ) ;
#5730 = FACE_OUTER_BOUND ( 'NONE', #6571, .T. ) ;
#5731 = CARTESIAN_POINT ( 'NONE',  ( 72.97821941570038007, -4.840676868225227025, 0.1593231317747715869 ) ) ;
#5732 = DIRECTION ( 'NONE',  ( 0.000000000000000000, 0.000000000000000000, 1.000000000000000000 ) ) ;
#5733 = FACE_OUTER_BOUND ( 'NONE', #4207, .T. ) ;
#5734 = CARTESIAN_POINT ( 'NONE',  ( 43.60263427936256875, -4.040089233410288472, 0.9599107665897111952 ) ) ;
#5735 = CARTESIAN_POINT ( 'NONE',  ( 17.02374954628649562, -0.6401341107417604093, 4.359865889258240479 ) ) ;
#5736 = ORIENTED_EDGE ( 'NONE', *, *, #5397, .T. ) ;
#5737 = CARTESIAN_POINT ( 'NONE',  ( 119.4999999999999858, 0.000000000000000000, 0.000000000000000000 ) ) ;
#5738 = ORIENTED_EDGE ( 'NONE', *, *, #6760, .T. ) ;
#5739 = FACE_OUTER_BOUND ( 'NONE', #5758, .T. ) ;
#5740 = CARTESIAN_POINT ( 'NONE',  ( 21.87500000000000000, 4.781924292710292592E-16, -3.904737509655563432 ) ) ;
#5741 = CARTESIAN_POINT ( 'NONE',  ( 74.85334765086510345, -4.935408751168083086, -0.06459124883191602606 ) ) ;
#5742 = DIRECTION ( 'NONE',  ( -1.000000000000000000, -0.000000000000000000, -0.000000000000000000 ) ) ;
#5743 = CARTESIAN_POINT ( 'NONE',  ( 107.7111344834554956, -4.959369330385100305, 0.04063066961490011814 ) ) ;
#5744 = ADVANCED_FACE ( 'NONE', ( #1586 ), #2278, .F. ) ;
#5745 = VERTEX_POINT ( 'NONE', #7083 ) ;
#5746 = CARTESIAN_POINT ( 'NONE',  ( 49.37500000000000000, -1.328041165545665647, 3.671958834454334575 ) ) ;
#5747 = CARTESIAN_POINT ( 'NONE',  ( 120.8749999999999858, 0.000000000000000000, 0.000000000000000000 ) ) ;
#5748 = ORIENTED_EDGE ( 'NONE', *, *, #2714, .F. ) ;
#5749 = ORIENTED_EDGE ( 'NONE', *, *, #5698, .F. ) ;
#5750 = CARTESIAN_POINT ( 'NONE',  ( 115.4962162207972511, -1.136863993905368853, -3.863136006094630925 ) ) ;
#5751 = DIRECTION ( 'NONE',  ( -1.000000000000000000, -0.000000000000000000, -0.000000000000000000 ) ) ;
#5752 = DIRECTION ( 'NONE',  ( 0.000000000000000000, -1.000000000000000000, 0.000000000000000000 ) ) ;
#5753 = AXIS2_PLACEMENT_3D ( 'NONE', #1391, #6794, #4172 ) ;
#5754 = CARTESIAN_POINT ( 'NONE',  ( 76.87500000000000000, -3.671958834454324805, 1.328041165545675195 ) ) ;
#5755 = ORIENTED_EDGE ( 'NONE', *, *, #5191, .F. ) ;
#5756 = ADVANCED_FACE ( 'NONE', ( #5777 ), #3423, .T. ) ;
#5757 = EDGE_CURVE ( 'NONE', #7674, #5359, #7565, .T. ) ;
#5758 = EDGE_LOOP ( 'NONE', ( #1113, #5331, #8260 ) ) ;
#5759 = ORIENTED_EDGE ( 'NONE', *, *, #571, .T. ) ;
#5760 = CARTESIAN_POINT ( 'NONE',  ( 92.72625045371994190, -4.359865889253467408, -0.6401341107465334801 ) ) ;
#5762 = DIRECTION ( 'NONE',  ( -1.000000000000000000, -0.000000000000000000, -0.000000000000000000 ) ) ;
#5761 = CIRCLE ( 'NONE', #6905, 1.374999999999999556 ) ;
#5763 = CARTESIAN_POINT ( 'NONE',  ( 111.0903213122420112, -0.3138588207986898748, -4.686141179201310791 ) ) ;
#5764 = ORIENTED_EDGE ( 'NONE', *, *, #965, .T. ) ;
#5765 = CARTESIAN_POINT ( 'NONE',  ( 69.21113448347813346, -4.959369330381671048, -0.04063066961832864643 ) ) ;
#5766 = EDGE_LOOP ( 'NONE', ( #3595, #5895, #885 ) ) ;
#5767 = TOROIDAL_SURFACE ( 'NONE', #3065, 1.000000000000000000, 3.999999999999997335 ) ;
#5768 = CARTESIAN_POINT ( 'NONE',  ( 60.49600116288350193, -3.862796825715740567, -1.137203174284260321 ) ) ;
#5769 = EDGE_CURVE ( 'NONE', #771, #4268, #8408, .T. ) ;
#5770 = B_SPLINE_CURVE_WITH_KNOTS ( 'NONE', 3,
 ( #7962, #6003, #6752, #1841, #6623, #4543, #494, #5914, #1216, #7349, #4035, #3956 ),
 .UNSPECIFIED., .F., .F.,
 ( 4, 2, 2, 2, 2, 4 ),
 ( 0.003504634718722886722, 0.003941423334001185538, 0.004378211949279484788, 0.005251789179836083288, 0.006125366410392681787, 0.006998943640949280287 ),
 .UNSPECIFIED. ) ;
#5771 = CARTESIAN_POINT ( 'NONE',  ( 41.12500000000000000, 1.224646799147353207E-16, -1.000000000000000000 ) ) ;
#5772 = CARTESIAN_POINT ( 'NONE',  ( 52.41746587457270579, -0.008042224642537627866, -4.991957775357462879 ) ) ;
#5773 = CARTESIAN_POINT ( 'NONE',  ( 24.62500000000000000, 1.224646799147353207E-16, -1.000000000000000000 ) ) ;
#5774 = CARTESIAN_POINT ( 'NONE',  ( 125.0000000000000000, 0.000000000000000000, 0.000000000000000000 ) ) ;
#5775 = CARTESIAN_POINT ( 'NONE',  ( 5.496216220797295549, -1.136863993905377956, -3.863136006094623820 ) ) ;
#5776 = DIRECTION ( 'NONE',  ( 0.000000000000000000, 0.000000000000000000, -1.000000000000000000 ) ) ;
#5777 = FACE_OUTER_BOUND ( 'NONE', #6010, .T. ) ;
#5778 = TOROIDAL_SURFACE ( 'NONE', #4510, 1.000000000000000000, 1.374999999999994227 ) ;
#5779 = EDGE_CURVE ( 'NONE', #3756, #6589, #4323, .T. ) ;
#5780 = FACE_OUTER_BOUND ( 'NONE', #1338, .T. ) ;
#5781 = VERTEX_POINT ( 'NONE', #947 ) ;
#5782 = TOROIDAL_SURFACE ( 'NONE', #7915, 0.9999999999999831246, 4.000000000000015987 ) ;
#5783 = AXIS2_PLACEMENT_3D ( 'NONE', #3077, #252, #5043 ) ;
#5784 = CARTESIAN_POINT ( 'NONE',  ( 120.2262504537199419, -4.359865889253467408, -0.6401341107465334801 ) ) ;
#5785 = TOROIDAL_SURFACE ( 'NONE', #3941, 1.000000000000000000, 3.999999999999997335 ) ;
#5786 = CARTESIAN_POINT ( 'NONE',  ( 74.27184353044837906, 6.345970840829211041E-15, -5.000000000000006217 ) ) ;
#5787 = DIRECTION ( 'NONE',  ( -1.000000000000000000, -0.000000000000000000, -0.000000000000000000 ) ) ;
#5788 = CARTESIAN_POINT ( 'NONE',  ( 59.51172757693689874, -4.502552532146859576, -0.4974474678531413674 ) ) ;
#5789 = FACE_OUTER_BOUND ( 'NONE', #4800, .T. ) ;
#5790 = COORDINATED_UNIVERSAL_TIME_OFFSET ( 3, 30, .AHEAD. ) ;
#5791 = ADVANCED_FACE ( 'NONE', ( #1537 ), #3722, .T. ) ;
#5792 = AXIS2_PLACEMENT_3D ( 'NONE', #8486, #5060, #894 ) ;
#5793 = AXIS2_PLACEMENT_3D ( 'NONE', #4896, #822, #3572 ) ;
#5794 = ORIENTED_EDGE ( 'NONE', *, *, #6979, .T. ) ;
#5795 = FACE_OUTER_BOUND ( 'NONE', #8253, .T. ) ;
#5796 = VERTEX_POINT ( 'NONE', #7035 ) ;
#5797 = CARTESIAN_POINT ( 'NONE',  ( 101.0436897864983052, -4.960065625086348184, 0.03993437491365254416 ) ) ;
#5798 = ORIENTED_EDGE ( 'NONE', *, *, #3315, .F. ) ;
#5799 = LINE ( 'NONE', #5045, #7527 ) ;
#5800 = CARTESIAN_POINT ( 'NONE',  ( 31.50000000000000000, 0.000000000000000000, 1.000000000000000000 ) ) ;
#5801 = CARTESIAN_POINT ( 'NONE',  ( 30.12499999999979039, 2.863123587767663280E-13, 5.000000000000285993 ) ) ;
#5802 = CARTESIAN_POINT ( 'NONE',  ( 25.63240203055832467, -4.872131520497894996, 0.1278684795021054477 ) ) ;
#5803 = ORIENTED_EDGE ( 'NONE', *, *, #2878, .T. ) ;
#5804 = ORIENTED_EDGE ( 'NONE', *, *, #5658, .T. ) ;
#5805 = ORIENTED_EDGE ( 'NONE', *, *, #2633, .T. ) ;
#5806 = ORIENTED_EDGE ( 'NONE', *, *, #3351, .F. ) ;
#5807 = CARTESIAN_POINT ( 'NONE',  ( 44.14736572063976894, -0.9599107665869500705, -4.040089233413050707 ) ) ;
#5808 = CARTESIAN_POINT ( 'NONE',  ( 96.12499999999978684, 2.819348912645851850E-13, -5.000000000000282441 ) ) ;
#5809 = EDGE_CURVE ( 'NONE', #6656, #8322, #3878, .T. ) ;
#5810 = CARTESIAN_POINT ( 'NONE',  ( 6.979538062590804337, -0.1676550930109056703, 4.832344906989094468 ) ) ;
#5811 = ADVANCED_FACE ( 'NONE', ( #6369 ), #2415, .T. ) ;
#5812 = CARTESIAN_POINT ( 'NONE',  ( 71.37500000000000000, -3.671958834454324805, -1.328041165545675195 ) ) ;
#5813 = TOROIDAL_SURFACE ( 'NONE', #4670, 1.000000000000000000, 4.000000000000000000 ) ;
#5814 = ORIENTED_EDGE ( 'NONE', *, *, #7521, .T. ) ;
#5815 = CARTESIAN_POINT ( 'NONE',  ( 44.73123519307647911, -4.508466212583659427, 0.4915337874163416276 ) ) ;
#5816 = AXIS2_PLACEMENT_3D ( 'NONE', #7610, #3021, #5732 ) ;
#5817 = CIRCLE ( 'NONE', #102, 1.000000000000000000 ) ;
#5818 = FACE_OUTER_BOUND ( 'NONE', #756, .T. ) ;
#5819 = CARTESIAN_POINT ( 'NONE',  ( 62.39665234915597836, -0.06459124882792091626, 4.935408751172079000 ) ) ;
#5820 = CARTESIAN_POINT ( 'NONE',  ( 7.832534125452332852, -4.991957775359338711, 0.008042224640660062054 ) ) ;
#5821 = EDGE_CURVE ( 'NONE', #2499, #473, #6420, .T. ) ;
#5822 = AXIS2_PLACEMENT_3D ( 'NONE', #7648, #6314, #4312 ) ;
#5823 = CARTESIAN_POINT ( 'NONE',  ( 38.37499999999999289, -1.328041165545660540, 3.671958834454339460 ) ) ;
#5824 = CARTESIAN_POINT ( 'NONE',  ( 88.51880044884225640, -4.366408635911700031, -0.6335913640883005238 ) ) ;
#5825 = AXIS2_PLACEMENT_3D ( 'NONE', #6293, #1675, #4423 ) ;
#5826 = CARTESIAN_POINT ( 'NONE',  ( 29.54368978647550747, -4.960065625082934027, -0.03993437491706403053 ) ) ;
#5827 = CIRCLE ( 'NONE', #401, 3.999999999999999112 ) ;
#5828 = CIRCLE ( 'NONE', #5970, 4.000000000000001776 ) ;
#5829 = DIRECTION ( 'NONE',  ( -0.000000000000000000, 1.000000000000000000, 1.224646799147353207E-16 ) ) ;
#5830 = B_SPLINE_CURVE_WITH_KNOTS ( 'NONE', 3,
 ( #3669, #7011, #3583, #6386, #4385, #5090, #5710, #6472, #5005, #2398, #2896, #877, #1635, #5136, #3624, #8384 ),
 .UNSPECIFIED., .F., .F.,
 ( 4, 2, 2, 2, 2, 2, 2, 4 ),
 ( 4.818711198555901463E-07, 0.0008765200830274415744, 0.001314539188981233859, 0.001752558294935026469, 0.002190577400888819078, 0.002628596506842610821, 0.003066615612796403430, 0.003504634718750195607 ),
 .UNSPECIFIED. ) ;
#5831 = ORIENTED_EDGE ( 'NONE', *, *, #8002, .F. ) ;
#5832 = DIRECTION ( 'NONE',  ( -0.000000000000000000, 1.000000000000000000, 1.224646799147353207E-16 ) ) ;
#5833 = EDGE_CURVE ( 'NONE', #7061, #8179, #4441, .T. ) ;
#5834 = CARTESIAN_POINT ( 'NONE',  ( 115.3749999999999858, -1.328041165545655655, 3.671958834454344345 ) ) ;
#5835 = CARTESIAN_POINT ( 'NONE',  ( 90.03886551654429127, -0.04063066961492974721, 4.959369330385070995 ) ) ;
#5836 = CARTESIAN_POINT ( 'NONE',  ( 53.50000000000000000, 0.000000000000000000, 0.000000000000000000 ) ) ;
#5837 = CARTESIAN_POINT ( 'NONE',  ( 61.74999999999999289, 0.000000000000000000, 0.000000000000000000 ) ) ;
#5838 = CARTESIAN_POINT ( 'NONE',  ( 96.12499999999998579, 0.000000000000000000, 0.000000000000000000 ) ) ;
#5839 = PERSON_AND_ORGANIZATION_ROLE ( 'design_supplier' ) ;
#5840 = MANIFOLD_SOLID_BREP ( 'Cut-Extrude1', #1766 ) ;
#5841 = VERTEX_POINT ( 'NONE', #1667 ) ;
#5842 = CARTESIAN_POINT ( 'NONE',  ( 99.52374954628648140, -0.6401341107417667375, -4.359865889258233373 ) ) ;
#5843 = ORIENTED_EDGE ( 'NONE', *, *, #7731, .F. ) ;
#5844 = CARTESIAN_POINT ( 'NONE',  ( 0.000000000000000000, 0.000000000000000000, 1.000000000000000000 ) ) ;
#5845 = EDGE_CURVE ( 'NONE', #3337, #713, #8836, .T. ) ;
#5846 = EDGE_LOOP ( 'NONE', ( #1939, #906, #599, #1953 ) ) ;
#5847 = CARTESIAN_POINT ( 'NONE',  ( 19.12500000000000000, 0.000000000000000000, 0.000000000000000000 ) ) ;
#5848 = CARTESIAN_POINT ( 'NONE',  ( 24.62499999999979394, 2.855508749164137931E-13, 5.000000000000285105 ) ) ;
#5849 = CIRCLE ( 'NONE', #1706, 3.999999999999996447 ) ;
#5850 = CARTESIAN_POINT ( 'NONE',  ( 52.71113448347799846, -4.959369330381699470, -0.04063066961830186230 ) ) ;
#5851 = CARTESIAN_POINT ( 'NONE',  ( 76.75378377920365836, -3.863136006093112584, 1.136863993906888082 ) ) ;
#5852 = ORIENTED_EDGE ( 'NONE', *, *, #5873, .T. ) ;
#5853 = AXIS2_PLACEMENT_3D ( 'NONE', #1301, #5553, #8264 ) ;
#5854 = ORIENTED_EDGE ( 'NONE', *, *, #738, .T. ) ;
#5855 = CARTESIAN_POINT ( 'NONE',  ( 101.6250000000279812, -5.000000000000000888, -4.336808689942017736E-16 ) ) ;
#5856 = CARTESIAN_POINT ( 'NONE',  ( 112.4781564695780389, -5.000000000001025846, 1.024296614323890893E-12 ) ) ;
#5857 = FACE_OUTER_BOUND ( 'NONE', #7170, .T. ) ;
#5858 = ORIENTED_EDGE ( 'NONE', *, *, #5285, .T. ) ;
#5859 = CARTESIAN_POINT ( 'NONE',  ( 34.21616362764436303, -4.748219996440549373, 0.2517800035594505714 ) ) ;
#5860 = CARTESIAN_POINT ( 'NONE',  ( 55.52374954628648851, -0.6401341107417605203, 4.359865889258240479 ) ) ;
#5861 = VERTEX_POINT ( 'NONE', #997 ) ;
#5862 = APPROVAL ( #6630, 'UNSPECIFIED' ) ;
#5863 = CARTESIAN_POINT ( 'NONE',  ( 115.3749999999999858, -3.671958834454344345, -1.328041165545655877 ) ) ;
#5864 = EDGE_CURVE ( 'NONE', #5841, #7579, #2901, .T. ) ;
#5865 = CARTESIAN_POINT ( 'NONE',  ( 125.0000000000000000, 0.000000000000000000, 0.000000000000000000 ) ) ;
#5866 = B_SPLINE_CURVE_WITH_KNOTS ( 'NONE', 3,
 ( #1442, #4177, #6855, #1398, #3510, #7434, #8455, #3025, #6904, #3517, #5566, #2162 ),
 .UNSPECIFIED., .F., .F.,
 ( 4, 2, 2, 2, 2, 4 ),
 ( 0.003504634718722680724, 0.003941423334001003392, 0.004378211949279325194, 0.005251789179835970531, 0.006125366410392615001, 0.006998943640949259470 ),
 .UNSPECIFIED. ) ;
#5867 = CARTESIAN_POINT ( 'NONE',  ( 108.2717805843163603, -0.1593231317801523939, 4.840676868219848217 ) ) ;
#5868 = CARTESIAN_POINT ( 'NONE',  ( 82.37499999999998579, 0.000000000000000000, 0.000000000000000000 ) ) ;
#5869 = ORIENTED_EDGE ( 'NONE', *, *, #6858, .F. ) ;
#5870 = DIRECTION ( 'NONE',  ( 0.000000000000000000, 0.000000000000000000, 1.000000000000000000 ) ) ;
#5871 = DIRECTION ( 'NONE',  ( -0.000000000000000000, 1.000000000000000000, 1.224646799147353207E-16 ) ) ;
#5872 = CARTESIAN_POINT ( 'NONE',  ( 29.83253412542708105, -4.991957775357446891, -0.008042224642552183930 ) ) ;
#5873 = EDGE_CURVE ( 'NONE', #935, #554, #2711, .T. ) ;
#5874 = CARTESIAN_POINT ( 'NONE',  ( 119.5338363723698194, -0.2517800035653064428, 4.748219996434693613 ) ) ;
#5875 = ORIENTED_EDGE ( 'NONE', *, *, #5809, .F. ) ;
#5876 = CARTESIAN_POINT ( 'NONE',  ( 98.22625045371995611, -4.359865889253467408, -0.6401341107465334801 ) ) ;
#5877 = CARTESIAN_POINT ( 'NONE',  ( 63.12499999999998579, 0.000000000000000000, 0.000000000000000000 ) ) ;
#5878 = CARTESIAN_POINT ( 'NONE',  ( 13.04368978649824484, -4.960065625086339303, 0.03993437491366091940 ) ) ;
#5879 = CARTESIAN_POINT ( 'NONE',  ( 120.8749999999999858, -3.671958834454324805, 1.328041165545675195 ) ) ;
#5880 = CARTESIAN_POINT ( 'NONE',  ( 116.9782194157003659, -4.840676868225229690, -0.1593231317747707265 ) ) ;
#5881 = APPROVAL_STATUS ( 'not_yet_approved' ) ;
#5882 = EDGE_CURVE ( 'NONE', #6463, #982, #4300, .T. ) ;
#5883 = VERTEX_POINT ( 'NONE', #3152 ) ;
#5884 = CARTESIAN_POINT ( 'NONE',  ( 99.14736572063975473, -0.9599107665869607287, -4.040089233413039160 ) ) ;
#5885 = ORIENTED_EDGE ( 'NONE', *, *, #3922, .F. ) ;
#5886 = CARTESIAN_POINT ( 'NONE',  ( 56.21616362764436303, -4.748219996440552038, -0.2517800035594474073 ) ) ;
#5887 = ORIENTED_EDGE ( 'NONE', *, *, #314, .F. ) ;
#5888 = DIRECTION ( 'NONE',  ( 0.000000000000000000, 0.000000000000000000, -1.000000000000000000 ) ) ;
#5889 = CARTESIAN_POINT ( 'NONE',  ( 115.3749999999999858, -3.671958834454344345, 1.328041165545655877 ) ) ;
#5890 = CARTESIAN_POINT ( 'NONE',  ( 52.12500000002778933, -5.000000000000000888, -4.336808689942017736E-16 ) ) ;
#5891 = B_SPLINE_CURVE_WITH_KNOTS ( 'NONE', 3,
 ( #7316, #504, #460, #8642, #7921, #3834, #1223, #3883, #425, #8595, #2572, #6009, #3204, #5168, #4630, #3249 ),
 .UNSPECIFIED., .F., .F.,
 ( 4, 2, 2, 2, 2, 2, 2, 4 ),
 ( 4.818711198515178236E-07, 0.0008765200830206102333, 0.001314539188970989666, 0.001752558294921368991, 0.002190577400871748532, 0.002628596506822128073, 0.003066615612772507181, 0.003504634718722886722 ),
 .UNSPECIFIED. ) ;
#5892 = CARTESIAN_POINT ( 'NONE',  ( 26.15967868777051564, -4.686141179195682405, 0.3138588208043200378 ) ) ;
#5893 = EDGE_CURVE ( 'NONE', #265, #5930, #8117, .T. ) ;
#5894 = EDGE_LOOP ( 'NONE', ( #8643, #5589, #4895 ) ) ;
#5895 = ORIENTED_EDGE ( 'NONE', *, *, #7085, .T. ) ;
#5896 = ORIENTED_EDGE ( 'NONE', *, *, #3010, .T. ) ;
#5897 = CARTESIAN_POINT ( 'NONE',  ( 103.7262504537199703, -4.359865889253468296, 0.6401341107465335911 ) ) ;
#5898 = CARTESIAN_POINT ( 'NONE',  ( 24.62500000000000000, 0.000000000000000000, 0.000000000000000000 ) ) ;
#5899 = AXIS2_PLACEMENT_3D ( 'NONE', #1, #2105, #2779 ) ;
#5900 = CARTESIAN_POINT ( 'NONE',  ( 35.62500000002778933, -5.000000000000000888, -4.336808689942017736E-16 ) ) ;
#5901 = ORIENTED_EDGE ( 'NONE', *, *, #3256, .F. ) ;
#5902 = CARTESIAN_POINT ( 'NONE',  ( 68.62500000002798117, -5.000000000000000888, -4.336808689942017736E-16 ) ) ;
#5903 = CARTESIAN_POINT ( 'NONE',  ( 46.04368978649816313, -4.960065625086328644, 0.03993437491367264613 ) ) ;
#5904 = ORIENTED_EDGE ( 'NONE', *, *, #446, .T. ) ;
#5905 = EDGE_CURVE ( 'NONE', #8415, #5172, #7708, .T. ) ;
#5906 = TOROIDAL_SURFACE ( 'NONE', #2036, 1.000000000000000000, 3.999999999999999112 ) ;
#5907 = DIRECTION ( 'NONE',  ( -1.000000000000000000, -0.000000000000000000, -0.000000000000000000 ) ) ;
#5908 = CARTESIAN_POINT ( 'NONE',  ( 0.000000000000000000, 0.000000000000000000, 0.000000000000000000 ) ) ;
#5909 = VERTEX_POINT ( 'NONE', #452 ) ;
#5910 = CARTESIAN_POINT ( 'NONE',  ( 40.53886551654431969, -0.04063066961492790841, 4.959369330385072772 ) ) ;
#5911 = AXIS2_PLACEMENT_3D ( 'NONE', #7261, #3063, #5776 ) ;
#5912 = CARTESIAN_POINT ( 'NONE',  ( 22.42277126958471811, -0.7176137099602855063, -4.282386290039713828 ) ) ;
#5913 = DIRECTION ( 'NONE',  ( 0.000000000000000000, 0.000000000000000000, -1.000000000000000000 ) ) ;
#5914 = CARTESIAN_POINT ( 'NONE',  ( 55.73123519307645779, -4.508466212583659427, 0.4915337874163405174 ) ) ;
#5915 = DIRECTION ( 'NONE',  ( 0.000000000000000000, 0.000000000000000000, 1.000000000000000000 ) ) ;
#5916 = B_SPLINE_CURVE_WITH_KNOTS ( 'NONE', 3,
 ( #3727, #3051, #6983, #6274, #5102, #135, #3596, #6311, #3093, #5810, #2587, #3762, #478, #6529, #5316, #7986 ),
 .UNSPECIFIED., .F., .F.,
 ( 4, 2, 2, 2, 2, 2, 2, 4 ),
 ( 4.818711198555649470E-07, 0.0008765200830274416828, 0.001314539188981234726, 0.001752558294935027770, 0.002190577400888820813, 0.002628596506842613856, 0.003066615612796406900, 0.003504634718750197775 ),
 .UNSPECIFIED. ) ;
#5917 = CARTESIAN_POINT ( 'NONE',  ( 44.51880044884219956, -4.366408635911659175, -0.6335913640883413800 ) ) ;
#5918 = DIRECTION ( 'NONE',  ( 0.000000000000000000, -1.000000000000000000, 0.000000000000000000 ) ) ;
#5919 = ADVANCED_FACE ( 'NONE', ( #1082 ), #8587, .F. ) ;
#5920 = DIRECTION ( 'NONE',  ( -1.000000000000000000, -0.000000000000000000, -0.000000000000000000 ) ) ;
#5921 = CARTESIAN_POINT ( 'NONE',  ( 79.91746587457267026, -0.008042224642539366058, -4.991957775357460214 ) ) ;
#5922 = EDGE_CURVE ( 'NONE', #1094, #8737, #7874, .T. ) ;
#5923 = PERSON_AND_ORGANIZATION ( #4635, #6914 ) ;
#5924 = AXIS2_PLACEMENT_3D ( 'NONE', #4065, #8153, #2040 ) ;
#5925 = ORIENTED_EDGE ( 'NONE', *, *, #998, .F. ) ;
#5926 = CIRCLE ( 'NONE', #7913, 1.000000000000000000 ) ;
#5927 = CARTESIAN_POINT ( 'NONE',  ( 100.8966523491559713, -0.06459124882792474653, -4.935408751172075448 ) ) ;
#5928 = EDGE_LOOP ( 'NONE', ( #5103, #4074, #8566, #1086 ) ) ;
#5929 = CARTESIAN_POINT ( 'NONE',  ( 54.99600116288349483, -3.862796825715729021, -1.137203174284271201 ) ) ;
#5930 = VERTEX_POINT ( 'NONE', #4539 ) ;
#5931 = CARTESIAN_POINT ( 'NONE',  ( 16.10263427936258651, -4.040089233410278702, 0.9599107665897226305 ) ) ;
#5932 = FACE_OUTER_BOUND ( 'NONE', #3859, .T. ) ;
#5933 = ADVANCED_FACE ( 'NONE', ( #5328 ), #2135, .T. ) ;
#5934 = AXIS2_PLACEMENT_3D ( 'NONE', #4488, #2414, #3280 ) ;
#5935 = TOROIDAL_SURFACE ( 'NONE', #6642, 1.000000000000000000, 3.999999999999997335 ) ;
#5936 = CARTESIAN_POINT ( 'NONE',  ( 114.8272287304205861, -4.282386290035407050, -0.7176137099645947259 ) ) ;
#5937 = CARTESIAN_POINT ( 'NONE',  ( 115.3749999999999858, -1.328041165545655877, -3.671958834454344345 ) ) ;
#5938 = EDGE_LOOP ( 'NONE', ( #6873, #2254, #4265, #2266 ) ) ;
#5939 = ORIENTED_EDGE ( 'NONE', *, *, #412, .F. ) ;
#5940 = CARTESIAN_POINT ( 'NONE',  ( 66.73123519307654306, -4.508466212583692290, -0.4915337874163076548 ) ) ;
#5941 = ORIENTED_EDGE ( 'NONE', *, *, #5334, .T. ) ;
#5942 = CARTESIAN_POINT ( 'NONE',  ( 24.62500000000000000, 0.000000000000000000, 0.000000000000000000 ) ) ;
#5943 = VERTEX_POINT ( 'NONE', #8677 ) ;
#5944 = EDGE_CURVE ( 'NONE', #2956, #6861, #1520, .T. ) ;
#5945 = DIRECTION ( 'NONE',  ( 0.000000000000000000, 0.000000000000000000, 1.000000000000000000 ) ) ;
#5946 = CARTESIAN_POINT ( 'NONE',  ( 57.47774279211274262, -7.907476079092495572E-15, 4.999999999999992895 ) ) ;
#5947 = ORIENTED_EDGE ( 'NONE', *, *, #8340, .F. ) ;
#5948 = CARTESIAN_POINT ( 'NONE',  ( 21.01172757693692716, -4.502552532146846254, -0.4974474678531529692 ) ) ;
#5949 = DIRECTION ( 'NONE',  ( 0.000000000000000000, 0.000000000000000000, 1.000000000000000000 ) ) ;
#5950 = VECTOR ( 'NONE', #4532, 1000.000000000000000 ) ;
#5951 = DIRECTION ( 'NONE',  ( 0.000000000000000000, 0.000000000000000000, 1.000000000000000000 ) ) ;
#5952 = ORIENTED_EDGE ( 'NONE', *, *, #412, .T. ) ;
#5953 = EDGE_CURVE ( 'NONE', #6814, #5883, #6706, .T. ) ;
#5954 = CARTESIAN_POINT ( 'NONE',  ( 41.12500000000000000, 1.224646799147353207E-16, -1.000000000000000000 ) ) ;
#5955 = CARTESIAN_POINT ( 'NONE',  ( 65.23119955116401059, -0.6335913640930962432, 4.366408635906903868 ) ) ;
#5956 = DIRECTION ( 'NONE',  ( 0.000000000000000000, 0.000000000000000000, -1.000000000000000000 ) ) ;
#5957 = TOROIDAL_SURFACE ( 'NONE', #7105, 1.000000000000000000, 3.999999999999996447 ) ;
#5958 = CIRCLE ( 'NONE', #526, 1.000000000000000000 ) ;
#5959 = DIRECTION ( 'NONE',  ( -1.000000000000000000, -0.000000000000000000, -0.000000000000000000 ) ) ;
#5960 = AXIS2_PLACEMENT_3D ( 'NONE', #4667, #5509, #2056 ) ;
#5961 = ORIENTED_EDGE ( 'NONE', *, *, #1272, .F. ) ;
#5962 = CARTESIAN_POINT ( 'NONE',  ( 90.62499999999977263, 2.819534933157905838E-13, -5.000000000000282441 ) ) ;
#5963 = AXIS2_PLACEMENT_3D ( 'NONE', #2797, #112, #2023 ) ;
#5964 = TOROIDAL_SURFACE ( 'NONE', #1389, 1.000000000000000000, 1.375000000000001332 ) ;
#5965 = AXIS2_PLACEMENT_3D ( 'NONE', #811, #278, #6321 ) ;
#5966 = CARTESIAN_POINT ( 'NONE',  ( 21.75399883711744664, -1.137203174285765783, 3.862796825714234217 ) ) ;
#5967 = CARTESIAN_POINT ( 'NONE',  ( 12.21616362764441632, -4.748219996440572466, 0.2517800035594289221 ) ) ;
#5968 = CARTESIAN_POINT ( 'NONE',  ( 46.62500000000000000, 0.000000000000000000, 0.000000000000000000 ) ) ;
#5969 = CARTESIAN_POINT ( 'NONE',  ( 80.35059813401477413, -0.06404366728010907339, -4.935956332719892536 ) ) ;
#5970 = AXIS2_PLACEMENT_3D ( 'NONE', #1254, #6709, #7952 ) ;
#5971 = AXIS2_PLACEMENT_3D ( 'NONE', #2566, #7914, #3324 ) ;
#5972 = EDGE_CURVE ( 'NONE', #4249, #7886, #2153, .T. ) ;
#5973 = ADVANCED_FACE ( 'NONE', ( #3457 ), #6288, .T. ) ;
#5974 = CARTESIAN_POINT ( 'NONE',  ( 17.75000000000000000, 0.000000000000000000, 0.000000000000000000 ) ) ;
#5975 = ORIENTED_EDGE ( 'NONE', *, *, #8307, .F. ) ;
#5976 = AXIS2_PLACEMENT_3D ( 'NONE', #4089, #6684, #2116 ) ;
#5977 = DIRECTION ( 'NONE',  ( 0.000000000000000000, 0.000000000000000000, 1.000000000000000000 ) ) ;
#5978 = VERTEX_POINT ( 'NONE', #716 ) ;
#5979 = CARTESIAN_POINT ( 'NONE',  ( 15.03423771780839147, -4.739198801696343111, 0.2608011983036581660 ) ) ;
#5980 = DIRECTION ( 'NONE',  ( -1.000000000000000000, -0.000000000000000000, -0.000000000000000000 ) ) ;
#5981 = DIRECTION ( 'NONE',  ( 0.000000000000000000, 0.000000000000000000, 1.000000000000000000 ) ) ;
#5982 = CARTESIAN_POINT ( 'NONE',  ( 52.12500000000000000, 1.224646799147353207E-16, -1.000000000000000000 ) ) ;
#5983 = VERTEX_POINT ( 'NONE', #7429 ) ;
#5984 = EDGE_CURVE ( 'NONE', #3336, #1012, #559, .T. ) ;
#5985 = CARTESIAN_POINT ( 'NONE',  ( 104.2537837792036584, -3.863136006093112584, 1.136863993906888082 ) ) ;
#5986 = B_SPLINE_CURVE_WITH_KNOTS ( 'NONE', 3,
 ( #6346, #2225, #2949, #1643, #7104, #923, #4873, #7595, #796, #2182, #342, #5937 ),
 .UNSPECIFIED., .F., .F.,
 ( 4, 2, 2, 2, 2, 4 ),
 ( 0.003504634718750251551, 0.003941423334025134263, 0.004378211949300016975, 0.005251789179849782399, 0.006125366410399546956, 0.006998943640949312379 ),
 .UNSPECIFIED. ) ;
#5987 = CARTESIAN_POINT ( 'NONE',  ( 46.62500000000000000, 0.000000000000000000, 0.000000000000000000 ) ) ;
#5988 = TOROIDAL_SURFACE ( 'NONE', #6993, 1.000000000000000000, 3.999999999999999112 ) ;
#5989 = FACE_OUTER_BOUND ( 'NONE', #1637, .T. ) ;
#5990 = CARTESIAN_POINT ( 'NONE',  ( 36.35334765086494002, -4.935408751168116837, 0.06459124883188327448 ) ) ;
#5991 = EDGE_LOOP ( 'NONE', ( #8070, #6027, #8780 ) ) ;
#5992 = CARTESIAN_POINT ( 'NONE',  ( 84.97815646957802471, -5.000000000001025846, -1.023795382577353161E-12 ) ) ;
#5993 = CARTESIAN_POINT ( 'NONE',  ( 65.87499999999998579, 0.000000000000000000, 3.904737509655561212 ) ) ;
#5994 = ORIENTED_EDGE ( 'NONE', *, *, #1744, .T. ) ;
#5995 = AXIS2_PLACEMENT_3D ( 'NONE', #3785, #7550, #4872 ) ;
#5996 = EDGE_CURVE ( 'NONE', #4757, #8318, #5144, .T. ) ;
#5997 = DIRECTION ( 'NONE',  ( 0.000000000000000000, 0.000000000000000000, 1.000000000000000000 ) ) ;
#5998 = CARTESIAN_POINT ( 'NONE',  ( 94.97953806259079101, -0.1676550930109083903, -4.832344906989090028 ) ) ;
#5999 = CARTESIAN_POINT ( 'NONE',  ( 54.60122534970066965, -0.9582157396401932425, 4.041784260359808201 ) ) ;
#6000 = CARTESIAN_POINT ( 'NONE',  ( 63.70631021352425449, -0.03993437491703331205, 4.960065625082967777 ) ) ;
#6001 = DIRECTION ( 'NONE',  ( 0.000000000000000000, -1.224646799147353207E-16, 1.000000000000000000 ) ) ;
#6002 = EDGE_CURVE ( 'NONE', #4726, #5320, #6564, .T. ) ;
#6003 = CARTESIAN_POINT ( 'NONE',  ( 57.47815646957786129, -5.000000000001022293, -1.022313604315250169E-12 ) ) ;
#6004 = ORIENTED_EDGE ( 'NONE', *, *, #8589, .T. ) ;
#6005 = CARTESIAN_POINT ( 'NONE',  ( 0.000000000000000000, 1.224646799147353207E-16, -1.000000000000000000 ) ) ;
#6006 = FACE_OUTER_BOUND ( 'NONE', #4818, .T. ) ;
#6007 = CARTESIAN_POINT ( 'NONE',  ( 46.62499999999979394, 2.873490942237762426E-13, -5.000000000000286882 ) ) ;
#6008 = CARTESIAN_POINT ( 'NONE',  ( 63.12500000002798117, -5.000000000000000888, -4.336808689942017736E-16 ) ) ;
#6009 = CARTESIAN_POINT ( 'NONE',  ( 58.35334765086491871, -4.935408751168118613, 0.06459124883188210875 ) ) ;
#6010 = EDGE_LOOP ( 'NONE', ( #8788, #516, #2906 ) ) ;
#6011 = CARTESIAN_POINT ( 'NONE',  ( 101.6250000000000000, 0.000000000000000000, 0.000000000000000000 ) ) ;
#6012 = ORIENTED_EDGE ( 'NONE', *, *, #4439, .F. ) ;
#6013 = CARTESIAN_POINT ( 'NONE',  ( 0.000000000000000000, 0.000000000000000000, 1.000000000000000000 ) ) ;
#6014 = ORIENTED_EDGE ( 'NONE', *, *, #3986, .F. ) ;
#6015 = VERTEX_POINT ( 'NONE', #3322 ) ;
#6016 = CARTESIAN_POINT ( 'NONE',  ( 14.21113448347806241, -4.959369330381686147, 0.04063066961831404006 ) ) ;
#6017 = CARTESIAN_POINT ( 'NONE',  ( 85.12500000000000000, 0.000000000000000000, 1.000000000000000000 ) ) ;
#6018 = CARTESIAN_POINT ( 'NONE',  ( 80.35059813401477413, -0.06404366728010897625, 4.935956332719892536 ) ) ;
#6019 = CARTESIAN_POINT ( 'NONE',  ( 28.74999999999999645, 0.000000000000000000, 0.000000000000000000 ) ) ;
#6020 = EDGE_CURVE ( 'NONE', #850, #4166, #3291, .T. ) ;
#6021 = ORIENTED_EDGE ( 'NONE', *, *, #8697, .T. ) ;
#6022 = EDGE_LOOP ( 'NONE', ( #2700, #3631, #804, #2096 ) ) ;
#6023 = CARTESIAN_POINT ( 'NONE',  ( 102.7704619374262620, -4.832344906983752075, 0.1676550930162465924 ) ) ;
#6024 = CARTESIAN_POINT ( 'NONE',  ( 32.99621622079728667, -1.136863993905377956, -3.863136006094622488 ) ) ;
#6025 = CARTESIAN_POINT ( 'NONE',  ( 49.92277126958472167, -0.7176137099602842850, 4.282386290039717380 ) ) ;
#6026 = DIRECTION ( 'NONE',  ( -1.000000000000000000, -0.000000000000000000, -0.000000000000000000 ) ) ;
#6027 = ORIENTED_EDGE ( 'NONE', *, *, #5953, .T. ) ;
#6028 = DIRECTION ( 'NONE',  ( -1.000000000000000000, -0.000000000000000000, -0.000000000000000000 ) ) ;
#6029 = EDGE_CURVE ( 'NONE', #4347, #1031, #8265, .T. ) ;
#6030 = DIRECTION ( 'NONE',  ( -1.000000000000000000, -0.000000000000000000, -0.000000000000000000 ) ) ;
#6031 = EDGE_CURVE ( 'NONE', #7901, #5547, #1279, .T. ) ;
#6032 = ORIENTED_EDGE ( 'NONE', *, *, #422, .F. ) ;
#6033 = CARTESIAN_POINT ( 'NONE',  ( 76.87500000000000000, -1.328041165545675195, 3.671958834454324805 ) ) ;
#6034 = FACE_OUTER_BOUND ( 'NONE', #4770, .T. ) ;
#6035 = FACE_OUTER_BOUND ( 'NONE', #6173, .T. ) ;
#6036 = ORIENTED_EDGE ( 'NONE', *, *, #1914, .F. ) ;
#6037 = CARTESIAN_POINT ( 'NONE',  ( 70.15967868777053695, -4.686141179195655759, 0.3138588208043440742 ) ) ;
#6038 = CARTESIAN_POINT ( 'NONE',  ( 107.1250000000000000, 0.000000000000000000, 1.000000000000000000 ) ) ;
#6039 = ADVANCED_FACE ( 'NONE', ( #7512 ), #7423, .T. ) ;
#6040 = AXIS2_PLACEMENT_3D ( 'NONE', #6105, #2709, #8139 ) ;
#6041 = DIRECTION ( 'NONE',  ( 0.000000000000000000, 0.000000000000000000, -1.000000000000000000 ) ) ;
#6042 = DIRECTION ( 'NONE',  ( 0.000000000000000000, -1.000000000000000000, 0.000000000000000000 ) ) ;
#6043 = DIRECTION ( 'NONE',  ( -1.000000000000000000, -0.000000000000000000, -0.000000000000000000 ) ) ;
#6044 = TOROIDAL_SURFACE ( 'NONE', #7057, 1.000000000000000000, 4.000000000000001776 ) ;
#6045 = CARTESIAN_POINT ( 'NONE',  ( 79.62500000002799538, -5.000000000000000888, -4.336808689942017736E-16 ) ) ;
#6046 = CARTESIAN_POINT ( 'NONE',  ( 10.87500000000000000, -3.671958834454336795, 1.328041165545663649 ) ) ;
#6047 = CARTESIAN_POINT ( 'NONE',  ( 64.13240203055839572, -4.872131520497879009, -0.1278684795021211296 ) ) ;
#6048 = CARTESIAN_POINT ( 'NONE',  ( 81.51876480693204030, -0.4915337874217318159, -4.508466212578269072 ) ) ;
#6049 = ADVANCED_FACE ( 'NONE', ( #4170 ), #43, .F. ) ;
#6050 = ORIENTED_EDGE ( 'NONE', *, *, #1469, .F. ) ;
#6051 = CARTESIAN_POINT ( 'NONE',  ( 116.7161636276444625, -4.748219996440593782, -0.2517800035594067731 ) ) ;
#6052 = CARTESIAN_POINT ( 'NONE',  ( 0.000000000000000000, 0.000000000000000000, 0.000000000000000000 ) ) ;
#6053 = EDGE_LOOP ( 'NONE', ( #4942, #5526, #7895, #2412 ) ) ;
#6054 = DIRECTION ( 'NONE',  ( 0.000000000000000000, 0.000000000000000000, -1.000000000000000000 ) ) ;
#6055 = ORIENTED_EDGE ( 'NONE', *, *, #3331, .F. ) ;
#6056 = ORIENTED_EDGE ( 'NONE', *, *, #7923, .F. ) ;
#6057 = CARTESIAN_POINT ( 'NONE',  ( 118.1249999999999858, 0.000000000000000000, 0.000000000000000000 ) ) ;
#6058 = DIRECTION ( 'NONE',  ( -1.000000000000000000, -0.000000000000000000, -0.000000000000000000 ) ) ;
#6059 = DIRECTION ( 'NONE',  ( 0.000000000000000000, 0.000000000000000000, 1.000000000000000000 ) ) ;
#6060 = CARTESIAN_POINT ( 'NONE',  ( 94.97821941570039428, -4.840676868225227025, -0.1593231317747715869 ) ) ;
#6061 = ORIENTED_EDGE ( 'NONE', *, *, #6590, .T. ) ;
#6062 = CARTESIAN_POINT ( 'NONE',  ( 74.12499999999978684, 2.819348912645851850E-13, -5.000000000000282441 ) ) ;
#6063 = CARTESIAN_POINT ( 'NONE',  ( 2.500000000000002220, -5.000000000000000888, -4.336808689942017736E-16 ) ) ;
#6064 = ORIENTED_EDGE ( 'NONE', *, *, #5905, .T. ) ;
#6065 = CARTESIAN_POINT ( 'NONE',  ( 51.11759796945997181, -0.1278684794971736705, 4.872131520502827051 ) ) ;
#6066 = VECTOR ( 'NONE', #3400, 1000.000000000000000 ) ;
#6067 = CIRCLE ( 'NONE', #5643, 3.904737509655562988 ) ;
#6068 = ORIENTED_EDGE ( 'NONE', *, *, #2326, .F. ) ;
#6069 = CIRCLE ( 'NONE', #5356, 1.000000000000000000 ) ;
#6070 = CARTESIAN_POINT ( 'NONE',  ( 106.8287463706422784, -0.008301598518918745090, 4.991698401481080793 ) ) ;
#6071 = CARTESIAN_POINT ( 'NONE',  ( 47.63240203055825361, -4.872131520497917201, -0.1278684795020831322 ) ) ;
#6072 = ORIENTED_EDGE ( 'NONE', *, *, #4458, .F. ) ;
#6073 = CIRCLE ( 'NONE', #8061, 3.904737509655557215 ) ;
#6074 = CARTESIAN_POINT ( 'NONE',  ( 24.62500000000000000, 1.224646799147353207E-16, -1.000000000000000000 ) ) ;
#6075 = CARTESIAN_POINT ( 'NONE',  ( 5.375000000000000000, -3.671958834454335019, -1.328041165545665425 ) ) ;
#6076 = EDGE_CURVE ( 'NONE', #7864, #5672, #5086, .T. ) ;
#6077 = CARTESIAN_POINT ( 'NONE',  ( 94.71576228220551741, -0.2608011982980546484, -4.739198801701945740 ) ) ;
#6078 = EDGE_CURVE ( 'NONE', #299, #6438, #2062, .T. ) ;
#6079 = VERTEX_POINT ( 'NONE', #4128 ) ;
#6080 = ORIENTED_EDGE ( 'NONE', *, *, #1457, .T. ) ;
#6081 = CARTESIAN_POINT ( 'NONE',  ( 58.77178058431636742, -0.1593231317801506453, 4.840676868219849993 ) ) ;
#6082 = CARTESIAN_POINT ( 'NONE',  ( 32.01172757692817328, -4.502552532152178877, -0.4974474678478192358 ) ) ;
#6083 = DIRECTION ( 'NONE',  ( 0.000000000000000000, 0.000000000000000000, 1.000000000000000000 ) ) ;
#6084 = CARTESIAN_POINT ( 'NONE',  ( 0.000000000000000000, -1.734723475976807094E-15, 4.999999999999999112 ) ) ;
#6085 = TOROIDAL_SURFACE ( 'NONE', #6531, 1.000000000000000000, 3.999999999999996447 ) ;
#6086 = EDGE_CURVE ( 'NONE', #1645, #1862, #2647, .T. ) ;
#6087 = CARTESIAN_POINT ( 'NONE',  ( 75.50000000000000000, 1.224646799147353207E-16, -1.000000000000000000 ) ) ;
#6088 = CARTESIAN_POINT ( 'NONE',  ( 35.62500000000000000, 0.000000000000000000, 0.000000000000000000 ) ) ;
#6089 = CARTESIAN_POINT ( 'NONE',  ( 90.62500000002798117, -5.000000000000000888, -4.336808689942017736E-16 ) ) ;
#6090 = CARTESIAN_POINT ( 'NONE',  ( 78.25000000000000000, 0.000000000000000000, 0.000000000000000000 ) ) ;
#6091 = AXIS2_PLACEMENT_3D ( 'NONE', #810, #3563, #143 ) ;
#6092 = AXIS2_PLACEMENT_3D ( 'NONE', #23, #1459, #4196 ) ;
#6093 = AXIS2_PLACEMENT_3D ( 'NONE', #7474, #2737, #4711 ) ;
#6094 = DIRECTION ( 'NONE',  ( -1.000000000000000000, -0.000000000000000000, -0.000000000000000000 ) ) ;
#6095 = ADVANCED_FACE ( 'NONE', ( #6714 ), #8163, .F. ) ;
#6096 = CARTESIAN_POINT ( 'NONE',  ( 31.27046193740903846, -4.832344906989147759, 0.1676550930108541004 ) ) ;
#6097 = CIRCLE ( 'NONE', #7116, 3.904737509655568761 ) ;
#6098 = TOROIDAL_SURFACE ( 'NONE', #3269, 1.000000000000000000, 3.999999999999997335 ) ;
#6099 = ORIENTED_EDGE ( 'NONE', *, *, #2887, .F. ) ;
#6100 = CARTESIAN_POINT ( 'NONE',  ( 45.25000000000000000, 1.224646799147353207E-16, -1.000000000000000000 ) ) ;
#6101 = EDGE_LOOP ( 'NONE', ( #455, #7053, #3003, #166 ) ) ;
#6102 = ORIENTED_EDGE ( 'NONE', *, *, #8278, .F. ) ;
#6103 = CARTESIAN_POINT ( 'NONE',  ( 88.14736572063976894, -0.9599107665869465178, -4.040089233413053371 ) ) ;
#6104 = AXIS2_PLACEMENT_3D ( 'NONE', #2145, #1473, #1428 ) ;
#6105 = CARTESIAN_POINT ( 'NONE',  ( 46.62500000000000000, 0.000000000000000000, 0.000000000000000000 ) ) ;
#6106 = DIRECTION ( 'NONE',  ( -1.000000000000000000, -0.000000000000000000, -0.000000000000000000 ) ) ;
#6107 = AXIS2_PLACEMENT_3D ( 'NONE', #3729, #7296, #2457 ) ;
#6108 = CARTESIAN_POINT ( 'NONE',  ( 113.6324020305583957, -4.872131520497876345, -0.1278684795021238496 ) ) ;
#6109 = CARTESIAN_POINT ( 'NONE',  ( 25.20631021352427581, -0.03993437491703504677, 4.960065625082965113 ) ) ;
#6110 = TOROIDAL_SURFACE ( 'NONE', #8228, 1.000000000000000000, 3.999999999999997335 ) ;
#6111 = AXIS2_PLACEMENT_3D ( 'NONE', #6390, #2351, #1014 ) ;
#6112 = AXIS2_PLACEMENT_3D ( 'NONE', #6906, #8582, #1660 ) ;
#6113 = EDGE_LOOP ( 'NONE', ( #3026, #5545, #6702 ) ) ;
#6114 = ORIENTED_EDGE ( 'NONE', *, *, #5343, .T. ) ;
#6115 = EDGE_CURVE ( 'NONE', #2228, #383, #1967, .T. ) ;
#6116 = DIRECTION ( 'NONE',  ( 0.000000000000000000, 0.000000000000000000, -1.000000000000000000 ) ) ;
#6117 = CARTESIAN_POINT ( 'NONE',  ( 31.53383637236985138, -0.2517800035652997259, 4.748219996434700718 ) ) ;
#6118 = ORIENTED_EDGE ( 'NONE', *, *, #4697, .T. ) ;
#6119 = CARTESIAN_POINT ( 'NONE',  ( 81.82722873042057188, -4.282386290035407050, -0.7176137099645947259 ) ) ;
#6120 = DIRECTION ( 'NONE',  ( 0.000000000000000000, 0.000000000000000000, 1.000000000000000000 ) ) ;
#6121 = CARTESIAN_POINT ( 'NONE',  ( 76.87500000000000000, -3.671958834454324805, -1.328041165545675195 ) ) ;
#6122 = CARTESIAN_POINT ( 'NONE',  ( 48.82722873042055767, -4.282386290035433696, -0.7176137099645661932 ) ) ;
#6123 = ORIENTED_EDGE ( 'NONE', *, *, #4616, .T. ) ;
#6124 = VECTOR ( 'NONE', #944, 1000.000000000000000 ) ;
#6125 = DIRECTION ( 'NONE',  ( -1.000000000000000000, -0.000000000000000000, -0.000000000000000000 ) ) ;
#6126 = CARTESIAN_POINT ( 'NONE',  ( 30.12499999999979039, 2.861759535918290366E-13, -5.000000000000285993 ) ) ;
#6127 = DIRECTION ( 'NONE',  ( -1.000000000000000000, -0.000000000000000000, -0.000000000000000000 ) ) ;
#6128 = CARTESIAN_POINT ( 'NONE',  ( 45.21616362764436303, -4.748219996440552038, -0.2517800035594490171 ) ) ;
#6129 = CARTESIAN_POINT ( 'NONE',  ( 68.62500000002798117, -5.000000000000000888, -4.336808689942017736E-16 ) ) ;
#6130 = CARTESIAN_POINT ( 'NONE',  ( 100.0903213122420397, -0.3138588207986941492, 4.686141179201305462 ) ) ;
#6131 = DIRECTION ( 'NONE',  ( -1.000000000000000000, -0.000000000000000000, -0.000000000000000000 ) ) ;
#6132 = AXIS2_PLACEMENT_3D ( 'NONE', #3064, #3023, #1036 ) ;
#6133 = EDGE_CURVE ( 'NONE', #6479, #6656, #6511, .T. ) ;
#6134 = B_SPLINE_CURVE_WITH_KNOTS ( 'NONE', 3,
 ( #6947, #100, #2245, #3568, #4936, #4321, #7571, #2925, #7706, #2968, #7612, #8359, #7657, #5644, #3464, #2839 ),
 .UNSPECIFIED., .F., .F.,
 ( 4, 2, 2, 2, 2, 2, 2, 4 ),
 ( 4.818711198570668423E-07, 0.0008765200830206001503, 0.001314539188970970801, 0.001752558294921341669, 0.002190577400871712103, 0.002628596506822082970, 0.003066615612772453404, 0.003504634718722824272 ),
 .UNSPECIFIED. ) ;
#6135 = DIRECTION ( 'NONE',  ( 0.000000000000000000, 0.000000000000000000, 1.000000000000000000 ) ) ;
#6136 = CARTESIAN_POINT ( 'NONE',  ( 94.71616362764446251, -4.748219996440587565, 0.2517800035594122132 ) ) ;
#6137 = CARTESIAN_POINT ( 'NONE',  ( 79.33253412545244032, -4.991957775359344041, 0.008042224640655447690 ) ) ;
#6138 = DIRECTION ( 'NONE',  ( 0.000000000000000000, 0.000000000000000000, 1.000000000000000000 ) ) ;
#6139 = DIRECTION ( 'NONE',  ( 0.000000000000000000, 0.000000000000000000, 1.000000000000000000 ) ) ;
#6140 = ADVANCED_FACE ( 'NONE', ( #2691 ), #7789, .T. ) ;
#6141 = DIRECTION ( 'NONE',  ( 0.000000000000000000, 0.000000000000000000, 1.000000000000000000 ) ) ;
#6142 = CARTESIAN_POINT ( 'NONE',  ( 48.00000000000000000, 1.224646799147353207E-16, -1.000000000000000000 ) ) ;
#6143 = CARTESIAN_POINT ( 'NONE',  ( 32.87500000000000000, -3.671958834454334575, 1.328041165545665647 ) ) ;
#6144 = CARTESIAN_POINT ( 'NONE',  ( 107.1250000000000000, -5.000000000000000888, -4.336808689942017736E-16 ) ) ;
#6145 = ORIENTED_EDGE ( 'NONE', *, *, #8166, .F. ) ;
#6146 = ORIENTED_EDGE ( 'NONE', *, *, #6165, .T. ) ;
#6147 = DIRECTION ( 'NONE',  ( -1.000000000000000000, -0.000000000000000000, -0.000000000000000000 ) ) ;
#6148 = CARTESIAN_POINT ( 'NONE',  ( 110.4227712695847288, -0.7176137099602881708, 4.282386290039712051 ) ) ;
#6149 = CARTESIAN_POINT ( 'NONE',  ( 38.25378377920364414, -3.863136006093137453, -1.136863993906862103 ) ) ;
#6150 = CARTESIAN_POINT ( 'NONE',  ( 21.23119955116402124, -0.6335913640930935786, -4.366408635906908309 ) ) ;
#6151 = CARTESIAN_POINT ( 'NONE',  ( 52.12500000000000000, 0.000000000000000000, 0.000000000000000000 ) ) ;
#6152 = CARTESIAN_POINT ( 'NONE',  ( 104.3750000000000000, 4.781924292710292592E-16, -3.904737509655557659 ) ) ;
#6153 = DIRECTION ( 'NONE',  ( 0.000000000000000000, -1.224646799147353207E-16, 1.000000000000000000 ) ) ;
#6154 = ADVANCED_FACE ( 'NONE', ( #6793 ), #7651, .T. ) ;
#6155 = ORIENTED_EDGE ( 'NONE', *, *, #5159, .F. ) ;
#6156 = VERTEX_POINT ( 'NONE', #8403 ) ;
#6157 = CARTESIAN_POINT ( 'NONE',  ( 62.82874637064225709, -0.008301598518915397074, -4.991698401481084346 ) ) ;
#6158 = CARTESIAN_POINT ( 'NONE',  ( 4.788203352913347643, -4.288723716504676986, -0.7112762834953232360 ) ) ;
#6159 = ORIENTED_EDGE ( 'NONE', *, *, #5821, .T. ) ;
#6160 = DIRECTION ( 'NONE',  ( 0.000000000000000000, 0.000000000000000000, 1.000000000000000000 ) ) ;
#6161 = CARTESIAN_POINT ( 'NONE',  ( 120.8749999999999858, 0.000000000000000000, 0.000000000000000000 ) ) ;
#6162 = CARTESIAN_POINT ( 'NONE',  ( 116.2382724230717770, -0.4974474678478646439, 4.502552532152135356 ) ) ;
#6163 = CARTESIAN_POINT ( 'NONE',  ( 16.49600116288350193, -3.862796825715728577, -1.137203174284272533 ) ) ;
#6164 = DIRECTION ( 'NONE',  ( 0.000000000000000000, -1.224646799147353207E-16, 1.000000000000000000 ) ) ;
#6165 = EDGE_CURVE ( 'NONE', #8322, #4965, #3567, .T. ) ;
#6166 = ORIENTED_EDGE ( 'NONE', *, *, #2600, .F. ) ;
#6167 = ORIENTED_EDGE ( 'NONE', *, *, #8801, .F. ) ;
#6168 = CARTESIAN_POINT ( 'NONE',  ( 0.000000000000000000, 0.000000000000000000, -5.000000000000000000 ) ) ;
#6169 = DIRECTION ( 'NONE',  ( -1.000000000000000000, -0.000000000000000000, -0.000000000000000000 ) ) ;
#6170 = DIRECTION ( 'NONE',  ( -1.000000000000000000, -0.000000000000000000, -0.000000000000000000 ) ) ;
#6171 = ORIENTED_EDGE ( 'NONE', *, *, #2270, .T. ) ;
#6172 = CARTESIAN_POINT ( 'NONE',  ( 78.89665234915595704, -0.06459124882792584288, -4.935408751172074560 ) ) ;
#6173 = EDGE_LOOP ( 'NONE', ( #159, #8751, #1356, #758 ) ) ;
#6174 = CARTESIAN_POINT ( 'NONE',  ( 52.70631021352429002, -0.03993437491703670517, 4.960065625082964225 ) ) ;
#6175 = CARTESIAN_POINT ( 'NONE',  ( 93.37499999999998579, 0.000000000000000000, 0.000000000000000000 ) ) ;
#6176 = ADVANCED_FACE ( 'NONE', ( #7605 ), #7365, .T. ) ;
#6177 = CARTESIAN_POINT ( 'NONE',  ( 22.51880044884222087, -4.366408635911676939, -0.6335913640883239495 ) ) ;
#6178 = CARTESIAN_POINT ( 'NONE',  ( 42.89842623724019433, -4.567820679626509062, -0.4321793203734921596 ) ) ;
#6179 = CARTESIAN_POINT ( 'NONE',  ( 93.37499999999998579, -3.671958834454324805, 1.328041165545675195 ) ) ;
#6180 = CARTESIAN_POINT ( 'NONE',  ( 35.62499999999978684, 2.837560127215673901E-13, -5.000000000000283329 ) ) ;
#6181 = AXIS2_PLACEMENT_3D ( 'NONE', #7437, #2655, #5382 ) ;
#6182 = DIRECTION ( 'NONE',  ( -1.000000000000000000, -0.000000000000000000, -0.000000000000000000 ) ) ;
#6183 = FACE_OUTER_BOUND ( 'NONE', #295, .T. ) ;
#6184 = FACE_OUTER_BOUND ( 'NONE', #3842, .T. ) ;
#6185 = AXIS2_PLACEMENT_3D ( 'NONE', #6854, #5696, #5567 ) ;
#6186 = CARTESIAN_POINT ( 'NONE',  ( 114.1596786877705796, -4.686141179195661088, 0.3138588208043389671 ) ) ;
#6187 = CARTESIAN_POINT ( 'NONE',  ( 5.375000000000000000, 0.000000000000000000, 0.000000000000000000 ) ) ;
#6188 = EDGE_CURVE ( 'NONE', #8342, #7207, #4791, .T. ) ;
#6189 = CARTESIAN_POINT ( 'NONE',  ( 71.64736572063974052, -0.9599107665869606176, 4.040089233413039160 ) ) ;
#6190 = EDGE_CURVE ( 'NONE', #3763, #5126, #7171, .T. ) ;
#6191 = VERTEX_POINT ( 'NONE', #7071 ) ;
#6192 = EDGE_LOOP ( 'NONE', ( #6610, #1938, #4634, #5852 ) ) ;
#6193 = CARTESIAN_POINT ( 'NONE',  ( 88.73827242307173435, -0.4974474678478646439, -4.502552532152135356 ) ) ;
#6194 = CARTESIAN_POINT ( 'NONE',  ( 107.1250000000000000, 1.224646799147353207E-16, -1.000000000000000000 ) ) ;
#6195 = FACE_OUTER_BOUND ( 'NONE', #5673, .T. ) ;
#6196 = CARTESIAN_POINT ( 'NONE',  ( 113.7704619374262762, -4.832344906983756516, -0.1676550930162439557 ) ) ;
#6197 = CIRCLE ( 'NONE', #5911, 3.999999999999999112 ) ;
#6198 = FACE_OUTER_BOUND ( 'NONE', #2534, .T. ) ;
#6199 = EDGE_LOOP ( 'NONE', ( #5437, #3845 ) ) ;
#6200 = ORIENTED_EDGE ( 'NONE', *, *, #1248, .F. ) ;
#6201 = DIRECTION ( 'NONE',  ( 0.000000000000000000, 0.000000000000000000, -1.000000000000000000 ) ) ;
#6202 = CARTESIAN_POINT ( 'NONE',  ( 0.000000000000000000, 0.000000000000000000, 0.000000000000000000 ) ) ;
#6203 = ORIENTED_EDGE ( 'NONE', *, *, #1396, .F. ) ;
#6204 = ADVANCED_FACE ( 'NONE', ( #4315 ), #3090, .T. ) ;
#6205 = VERTEX_POINT ( 'NONE', #177 ) ;
#6206 = CARTESIAN_POINT ( 'NONE',  ( 9.534237717808377255, -4.739198801696348440, 0.2608011983036526704 ) ) ;
#6207 = CARTESIAN_POINT ( 'NONE',  ( 32.75399883711744309, -1.137203174285768004, -3.862796825714231996 ) ) ;
#6208 = DIRECTION ( 'NONE',  ( 0.000000000000000000, 0.000000000000000000, 1.000000000000000000 ) ) ;
#6209 = DIRECTION ( 'NONE',  ( 0.000000000000000000, 0.000000000000000000, 1.000000000000000000 ) ) ;
#6210 = CARTESIAN_POINT ( 'NONE',  ( 21.87500000000000000, 0.000000000000000000, 3.904737509655563432 ) ) ;
#6211 = ORIENTED_EDGE ( 'NONE', *, *, #5729, .T. ) ;
#6212 = EDGE_LOOP ( 'NONE', ( #1275, #5803, #8364 ) ) ;
#6213 = ORIENTED_EDGE ( 'NONE', *, *, #380, .F. ) ;
#6214 = CARTESIAN_POINT ( 'NONE',  ( 74.12500000000000000, 1.224646799147353207E-16, -1.000000000000000000 ) ) ;
#6215 = CIRCLE ( 'NONE', #8344, 1.000000000000000000 ) ;
#6216 = AXIS2_PLACEMENT_3D ( 'NONE', #6202, #4867, #2078 ) ;
#6217 = CARTESIAN_POINT ( 'NONE',  ( 2.500000000000000000, 3.061616997868383141E-16, -2.500000000000000000 ) ) ;
#6218 = ORIENTED_EDGE ( 'NONE', *, *, #5362, .T. ) ;
#6219 = CIRCLE ( 'NONE', #8190, 1.000000000000000000 ) ;
#6220 = EDGE_CURVE ( 'NONE', #3792, #798, #4232, .T. ) ;
#6221 = CARTESIAN_POINT ( 'NONE',  ( 79.62499999999978684, 2.818747515117398234E-13, -5.000000000000282441 ) ) ;
#6222 = VERTEX_POINT ( 'NONE', #3600 ) ;
#6223 = CARTESIAN_POINT ( 'NONE',  ( 32.87500000000000000, 0.000000000000000000, 0.000000000000000000 ) ) ;
#6224 = CARTESIAN_POINT ( 'NONE',  ( 98.87499999999998579, -1.328041165545675195, 3.671958834454324805 ) ) ;
#6225 = DIRECTION ( 'NONE',  ( -1.000000000000000000, -0.000000000000000000, -0.000000000000000000 ) ) ;
#6226 = AXIS2_PLACEMENT_3D ( 'NONE', #4033, #8755, #3412 ) ;
#6227 = AXIS2_PLACEMENT_3D ( 'NONE', #6088, #4037, #4848 ) ;
#6228 = CARTESIAN_POINT ( 'NONE',  ( 93.10263427936256164, -4.040089233410256497, 0.9599107665897450570 ) ) ;
#6229 = EDGE_CURVE ( 'NONE', #1062, #3544, #8443, .T. ) ;
#6230 = DIRECTION ( 'NONE',  ( 0.000000000000000000, -1.224646799147353207E-16, 1.000000000000000000 ) ) ;
#6231 = CARTESIAN_POINT ( 'NONE',  ( 73.39940186600668426, -4.935956332723948847, 0.06404366727605186049 ) ) ;
#6232 = CARTESIAN_POINT ( 'NONE',  ( 77.51880044884225640, -4.366408635911688485, 0.6335913640883120701 ) ) ;
#6233 = CARTESIAN_POINT ( 'NONE',  ( 0.000000000000000000, 0.000000000000000000, 1.000000000000000000 ) ) ;
#6234 = DIRECTION ( 'NONE',  ( -1.000000000000000000, -0.000000000000000000, -0.000000000000000000 ) ) ;
#6235 = ORIENTED_EDGE ( 'NONE', *, *, #4180, .T. ) ;
#6236 = DIRECTION ( 'NONE',  ( 0.000000000000000000, -1.000000000000000000, 0.000000000000000000 ) ) ;
#6237 = CARTESIAN_POINT ( 'NONE',  ( 53.27178058431636032, -0.1593231317801528379, -4.840676868219846440 ) ) ;
#6238 = ORIENTED_EDGE ( 'NONE', *, *, #4139, .F. ) ;
#6239 = CARTESIAN_POINT ( 'NONE',  ( 13.33253412545236216, -4.991957775359342264, -0.008042224640657591808 ) ) ;
#6240 = EDGE_LOOP ( 'NONE', ( #3666, #1570, #4452, #2190 ) ) ;
#6241 = ORIENTED_EDGE ( 'NONE', *, *, #577, .T. ) ;
#6242 = CARTESIAN_POINT ( 'NONE',  ( 64.49999999999998579, 1.224646799147353207E-16, -1.000000000000000000 ) ) ;
#6243 = CIRCLE ( 'NONE', #4954, 1.500000000000000000 ) ;
#6244 = DIRECTION ( 'NONE',  ( -1.000000000000000000, -0.000000000000000000, -0.000000000000000000 ) ) ;
#6245 = DIRECTION ( 'NONE',  ( -1.000000000000000000, -0.000000000000000000, -0.000000000000000000 ) ) ;
#6246 = DIRECTION ( 'NONE',  ( 0.000000000000000000, -1.000000000000000000, 0.000000000000000000 ) ) ;
#6247 = CARTESIAN_POINT ( 'NONE',  ( 109.3272287304152286, -4.282386290039756460, 0.7176137099602448721 ) ) ;
#6248 = CARTESIAN_POINT ( 'NONE',  ( 107.1250000000000000, 0.000000000000000000, 0.000000000000000000 ) ) ;
#6249 = CIRCLE ( 'NONE', #529, 3.999999999999996447 ) ;
#6250 = CC_DESIGN_PERSON_AND_ORGANIZATION_ASSIGNMENT ( #2391, #5839, ( #198 ) ) ;
#6251 = ADVANCED_FACE ( 'NONE', ( #3683 ), #78, .T. ) ;
#6252 = AXIS2_PLACEMENT_3D ( 'NONE', #1120, #6483, #4573 ) ;
#6253 = ORIENTED_EDGE ( 'NONE', *, *, #1048, .F. ) ;
#6254 = CARTESIAN_POINT ( 'NONE',  ( 52.12500000000000000, 0.000000000000000000, 1.000000000000000000 ) ) ;
#6255 = CARTESIAN_POINT ( 'NONE',  ( 5.243967115284440261, -3.866513064861816229, -1.133486935138184881 ) ) ;
#6256 = ORIENTED_EDGE ( 'NONE', *, *, #141, .F. ) ;
#6257 = AXIS2_PLACEMENT_3D ( 'NONE', #705, #6739, #5404 ) ;
#6258 = CARTESIAN_POINT ( 'NONE',  ( 16.10122534970068031, -0.9582157396401931315, -4.041784260359807313 ) ) ;
#6259 = CARTESIAN_POINT ( 'NONE',  ( 40.83253412545227690, -4.991957775359334271, 0.008042224640665732865 ) ) ;
#6261 = AXIS2_PLACEMENT_3D ( 'NONE', #6972, #3394, #2136 ) ;
#6260 = CARTESIAN_POINT ( 'NONE',  ( 85.12500000002799538, -5.000000000000000888, -4.336808689942017736E-16 ) ) ;
#6262 = VECTOR ( 'NONE', #6903, 1000.000000000000000 ) ;
#6263 = DIRECTION ( 'NONE',  ( 0.000000000000000000, 0.000000000000000000, 1.000000000000000000 ) ) ;
#6264 = ORIENTED_EDGE ( 'NONE', *, *, #5317, .F. ) ;
#6265 = TOROIDAL_SURFACE ( 'NONE', #826, 1.000000000000000000, 4.000000000000001776 ) ;
#6266 = EDGE_CURVE ( 'NONE', #8663, #4445, #791, .T. ) ;
#6267 = B_SPLINE_CURVE_WITH_KNOTS ( 'NONE', 3,
 ( #773, #5468, #6189, #8769, #5428, #6764, #8055, #8134, #2020, #1937, #4758, #4675, #60, #2794, #5386, #7480 ),
 .UNSPECIFIED., .F., .F.,
 ( 4, 2, 2, 2, 2, 2, 2, 4 ),
 ( 4.818711198681143754E-07, 0.0008765200830274551269, 0.001314539188981248821, 0.001752558294935042298, 0.002190577400888835992, 0.002628596506842629469, 0.003066615612796422946, 0.003504634718750216423 ),
 .UNSPECIFIED. ) ;
#6268 = ORIENTED_EDGE ( 'NONE', *, *, #5540, .F. ) ;
#6269 = AXIS2_PLACEMENT_3D ( 'NONE', #2421, #2627, #3277 ) ;
#6270 = ORIENTED_EDGE ( 'NONE', *, *, #5757, .T. ) ;
#6271 = CARTESIAN_POINT ( 'NONE',  ( 50.71576228220554583, -0.2608011982980509846, -4.739198801701948405 ) ) ;
#6272 = DIRECTION ( 'NONE',  ( 0.000000000000000000, 0.000000000000000000, 1.000000000000000000 ) ) ;
#6273 = ORIENTED_EDGE ( 'NONE', *, *, #2060, .F. ) ;
#6274 = CARTESIAN_POINT ( 'NONE',  ( 5.922771269584716336, -0.7176137099602851732, 4.282386290039714716 ) ) ;
#6275 = VERTEX_POINT ( 'NONE', #222 ) ;
#6276 = DIRECTION ( 'NONE',  ( 0.000000000000000000, 0.000000000000000000, 1.000000000000000000 ) ) ;
#6277 = CARTESIAN_POINT ( 'NONE',  ( 16.37500000000000000, -1.328041165545662539, -3.671958834454338128 ) ) ;
#6278 = CARTESIAN_POINT ( 'NONE',  ( 38.49600116288348772, -3.862796825715721916, -1.137203174284276308 ) ) ;
#6279 = EDGE_CURVE ( 'NONE', #8073, #7322, #7899, .T. ) ;
#6280 = CARTESIAN_POINT ( 'NONE',  ( 92.72625045371995611, -4.359865889253468296, 0.6401341107465335911 ) ) ;
#6281 = DESIGN_CONTEXT ( 'detailed design', #8492, 'design' ) ;
#6282 = CARTESIAN_POINT ( 'NONE',  ( 102.7717805843163745, -0.1593231317801557245, 4.840676868219844664 ) ) ;
#6283 = CARTESIAN_POINT ( 'NONE',  ( 0.000000000000000000, 0.000000000000000000, 1.000000000000000000 ) ) ;
#6284 = AXIS2_PLACEMENT_3D ( 'NONE', #5645, #5694, #7791 ) ;
#6285 = CARTESIAN_POINT ( 'NONE',  ( 81.51172757693696269, -4.502552532146823161, 0.4974474678531770055 ) ) ;
#6286 = DIRECTION ( 'NONE',  ( -1.000000000000000000, -0.000000000000000000, -0.000000000000000000 ) ) ;
#6287 = ADVANCED_FACE ( 'NONE', ( #5236 ), #1202, .F. ) ;
#6288 = TOROIDAL_SURFACE ( 'NONE', #4000, 1.000000000000000000, 3.999999999999996447 ) ;
#6289 = DIRECTION ( 'NONE',  ( 0.000000000000000000, 0.000000000000000000, -1.000000000000000000 ) ) ;
#6290 = VERTEX_POINT ( 'NONE', #5993 ) ;
#6291 = ORIENTED_EDGE ( 'NONE', *, *, #4718, .F. ) ;
#6292 = ORIENTED_EDGE ( 'NONE', *, *, #8533, .T. ) ;
#6293 = CARTESIAN_POINT ( 'NONE',  ( 2.500000000000000000, 0.000000000000000000, 0.000000000000000000 ) ) ;
#6294 = CARTESIAN_POINT ( 'NONE',  ( 0.000000000000000000, 0.000000000000000000, 0.000000000000000000 ) ) ;
#6295 = CARTESIAN_POINT ( 'NONE',  ( 66.14736572063974052, -0.9599107665869591743, -4.040089233413040049 ) ) ;
#6296 = CARTESIAN_POINT ( 'NONE',  ( 71.37500000000000000, -1.328041165545675195, -3.671958834454324805 ) ) ;
#6297 = EDGE_LOOP ( 'NONE', ( #4910, #657, #4925, #3680, #1055, #4906 ) ) ;
#6298 = CARTESIAN_POINT ( 'NONE',  ( 109.2262504537134049, -4.359865889258284000, -0.6401341107417160003 ) ) ;
#6299 = CARTESIAN_POINT ( 'NONE',  ( 2.500000000000002220, 0.000000000000000000, -5.000000000000000000 ) ) ;
#6300 = ORIENTED_EDGE ( 'NONE', *, *, #8503, .F. ) ;
#6301 = ORIENTED_EDGE ( 'NONE', *, *, #3208, .F. ) ;
#6302 = CARTESIAN_POINT ( 'NONE',  ( 82.25378377920365836, -3.863136006093129016, -1.136863993906871206 ) ) ;
#6303 = DIRECTION ( 'NONE',  ( 0.000000000000000000, 0.000000000000000000, 1.000000000000000000 ) ) ;
#6304 = DIRECTION ( 'NONE',  ( -1.000000000000000000, -0.000000000000000000, -0.000000000000000000 ) ) ;
#6305 = DIRECTION ( 'NONE',  ( 0.000000000000000000, 0.000000000000000000, 1.000000000000000000 ) ) ;
#6306 = ORIENTED_EDGE ( 'NONE', *, *, #7539, .T. ) ;
#6307 = CARTESIAN_POINT ( 'NONE',  ( 54.87499999999999289, -1.328041165545660540, -3.671958834454339460 ) ) ;
#6308 = DIRECTION ( 'NONE',  ( -1.000000000000000000, -0.000000000000000000, -0.000000000000000000 ) ) ;
#6309 = ORIENTED_EDGE ( 'NONE', *, *, #6731, .F. ) ;
#6310 = ADVANCED_FACE ( 'NONE', ( #5190 ), #930, .T. ) ;
#6311 = CARTESIAN_POINT ( 'NONE',  ( 6.590321312242014784, -0.3138588207986879319, 4.686141179201312568 ) ) ;
#6312 = EDGE_LOOP ( 'NONE', ( #2654, #3852, #5663 ) ) ;
#6313 = EDGE_CURVE ( 'NONE', #7012, #6451, #1615, .T. ) ;
#6314 = DIRECTION ( 'NONE',  ( -1.000000000000000000, -0.000000000000000000, -0.000000000000000000 ) ) ;
#6315 = ORIENTED_EDGE ( 'NONE', *, *, #6442, .F. ) ;
#6316 = CARTESIAN_POINT ( 'NONE',  ( 54.01172757693687743, -4.502552532146859576, -0.4974474678531404792 ) ) ;
#6317 = DIRECTION ( 'NONE',  ( 0.000000000000000000, 0.000000000000000000, 1.000000000000000000 ) ) ;
#6318 = B_SPLINE_CURVE_WITH_KNOTS ( 'NONE', 3,
 ( #3849, #1696, #6523, #7893, #391, #1733, #7326, #4604, #3044, #3131, #7981, #4566 ),
 .UNSPECIFIED., .F., .F.,
 ( 4, 2, 2, 2, 2, 4 ),
 ( 0.003504634718750434131, 0.003941423334025289521, 0.004378211949300144477, 0.005251789179849854390, 0.006125366410399565170, 0.006998943640949275083 ),
 .UNSPECIFIED. ) ;
#6319 = CARTESIAN_POINT ( 'NONE',  ( 41.12500000000000000, 0.000000000000000000, 0.000000000000000000 ) ) ;
#6320 = DIRECTION ( 'NONE',  ( -1.000000000000000000, -0.000000000000000000, -0.000000000000000000 ) ) ;
#6321 = DIRECTION ( 'NONE',  ( 0.000000000000000000, 0.000000000000000000, 1.000000000000000000 ) ) ;
#6322 = EDGE_CURVE ( 'NONE', #6966, #6656, #2466, .T. ) ;
#6323 = DIRECTION ( 'NONE',  ( -0.000000000000000000, 1.000000000000000000, 1.224646799147353207E-16 ) ) ;
#6324 = CARTESIAN_POINT ( 'NONE',  ( 21.22625045371991703, -4.359865889253496718, 0.6401341107465033931 ) ) ;
#6325 = DIRECTION ( 'NONE',  ( 0.000000000000000000, 0.000000000000000000, 1.000000000000000000 ) ) ;
#6326 = CARTESIAN_POINT ( 'NONE',  ( 15.72625045371992769, -4.359865889253489613, -0.6401341107465099434 ) ) ;
#6327 = DIRECTION ( 'NONE',  ( -1.000000000000000000, -0.000000000000000000, -0.000000000000000000 ) ) ;
#6328 = ORIENTED_EDGE ( 'NONE', *, *, #7925, .F. ) ;
#6329 = AXIS2_PLACEMENT_3D ( 'NONE', #1360, #6245, #6867 ) ;
#6330 = FACE_OUTER_BOUND ( 'NONE', #3175, .T. ) ;
#6331 = DIRECTION ( 'NONE',  ( -1.000000000000000000, -0.000000000000000000, -0.000000000000000000 ) ) ;
#6332 = ADVANCED_FACE ( 'NONE', ( #7944 ), #4380, .F. ) ;
#6333 = LINE ( 'NONE', #8418, #106 ) ;
#6334 = CARTESIAN_POINT ( 'NONE',  ( 110.1473657206397689, -0.9599107665869561767, 4.040089233413043601 ) ) ;
#6335 = DIRECTION ( 'NONE',  ( 0.000000000000000000, -1.224646799147353207E-16, 1.000000000000000000 ) ) ;
#6336 = CARTESIAN_POINT ( 'NONE',  ( 38.37499999999999289, -3.671958834454339460, 1.328041165545660540 ) ) ;
#6337 = CARTESIAN_POINT ( 'NONE',  ( 77.51880044884225640, -4.366408635911688485, -0.6335913640883116260 ) ) ;
#6338 = CARTESIAN_POINT ( 'NONE',  ( 25.20631021352427581, -0.03993437491703504677, -4.960065625082965113 ) ) ;
#6339 = ORIENTED_EDGE ( 'NONE', *, *, #1142, .F. ) ;
#6340 = CARTESIAN_POINT ( 'NONE',  ( 10.75399883711744486, -1.137203174285764673, 3.862796825714235549 ) ) ;
#6341 = ORIENTED_EDGE ( 'NONE', *, *, #3414, .F. ) ;
#6342 = EDGE_CURVE ( 'NONE', #1038, #21, #4068, .T. ) ;
#6343 = CARTESIAN_POINT ( 'NONE',  ( 71.37500000000000000, 0.000000000000000000, 0.000000000000000000 ) ) ;
#6344 = DIRECTION ( 'NONE',  ( 0.000000000000000000, 0.000000000000000000, 1.000000000000000000 ) ) ;
#6345 = AXIS2_PLACEMENT_3D ( 'NONE', #470, #1191, #7325 ) ;
#6346 = CARTESIAN_POINT ( 'NONE',  ( 112.6249999999998010, 2.822966390599457035E-13, -5.000000000000282441 ) ) ;
#6347 = ORIENTED_EDGE ( 'NONE', *, *, #5864, .F. ) ;
#6348 = ORIENTED_EDGE ( 'NONE', *, *, #4643, .T. ) ;
#6349 = TOROIDAL_SURFACE ( 'NONE', #5475, 1.000000000000000000, 3.999999999999996447 ) ;
#6350 = CC_DESIGN_APPROVAL ( #56, ( #5204 ) ) ;
#6351 = ORIENTED_EDGE ( 'NONE', *, *, #180, .F. ) ;
#6352 = CARTESIAN_POINT ( 'NONE',  ( 0.000000000000000000, 0.000000000000000000, 0.000000000000000000 ) ) ;
#6353 = CARTESIAN_POINT ( 'NONE',  ( 98.23119955116399638, -0.6335913640930985746, -4.366408635906902980 ) ) ;
#6354 = DIRECTION ( 'NONE',  ( 0.000000000000000000, 0.000000000000000000, 1.000000000000000000 ) ) ;
#6355 = ORIENTED_EDGE ( 'NONE', *, *, #8269, .F. ) ;
#6356 = DIRECTION ( 'NONE',  ( 0.000000000000000000, 0.000000000000000000, 1.000000000000000000 ) ) ;
#6357 = DIRECTION ( 'NONE',  ( 0.000000000000000000, 0.000000000000000000, 1.000000000000000000 ) ) ;
#6358 = DIRECTION ( 'NONE',  ( 0.000000000000000000, 0.000000000000000000, 1.000000000000000000 ) ) ;
#6359 = EDGE_CURVE ( 'NONE', #2087, #211, #5503, .T. ) ;
#6360 = EDGE_CURVE ( 'NONE', #4757, #383, #3797, .T. ) ;
#6361 = AXIS2_PLACEMENT_3D ( 'NONE', #3476, #7668, #4331 ) ;
#6362 = CARTESIAN_POINT ( 'NONE',  ( 3.950767519260592664, -0.2549259710288356295, -4.745074028971164815 ) ) ;
#6363 = DIRECTION ( 'NONE',  ( 0.000000000000000000, 0.000000000000000000, 1.000000000000000000 ) ) ;
#6364 = CARTESIAN_POINT ( 'NONE',  ( 121.1472983861615944, -0.9599899463623273732, -4.040010053637671739 ) ) ;
#6365 = DIRECTION ( 'NONE',  ( -1.000000000000000000, -0.000000000000000000, -0.000000000000000000 ) ) ;
#6366 = AXIS2_PLACEMENT_3D ( 'NONE', #3629, #2276, #3001 ) ;
#6367 = TOROIDAL_SURFACE ( 'NONE', #2506, 1.000000000000000000, 3.999999999999999112 ) ;
#6368 = CARTESIAN_POINT ( 'NONE',  ( 80.63240203055839572, -4.872131520497875456, 0.1278684795021238774 ) ) ;
#6369 = FACE_OUTER_BOUND ( 'NONE', #5229, .T. ) ;
#6370 = TOROIDAL_SURFACE ( 'NONE', #4792, 1.000000000000000000, 3.999999999999997335 ) ;
#6371 = ADVANCED_FACE ( 'NONE', ( #3313 ), #3663, .T. ) ;
#6372 = CARTESIAN_POINT ( 'NONE',  ( 19.12499999999979039, 2.846928307476403400E-13, 5.000000000000284217 ) ) ;
#6373 = CARTESIAN_POINT ( 'NONE',  ( 104.3750000000000000, -1.328041165545675195, 3.671958834454324805 ) ) ;
#6374 = ORIENTED_EDGE ( 'NONE', *, *, #7556, .F. ) ;
#6375 = FACE_OUTER_BOUND ( 'NONE', #1808, .T. ) ;
#6376 = ORIENTED_EDGE ( 'NONE', *, *, #6471, .T. ) ;
#6377 = ORIENTED_EDGE ( 'NONE', *, *, #5051, .T. ) ;
#6378 = DIRECTION ( 'NONE',  ( 0.000000000000000000, -1.224646799147353207E-16, 1.000000000000000000 ) ) ;
#6379 = CARTESIAN_POINT ( 'NONE',  ( 8.124999999999790390, 2.845937283064018932E-13, -5.000000000000284217 ) ) ;
#6380 = CARTESIAN_POINT ( 'NONE',  ( 75.53423771780843765, -4.739198801696314689, -0.2608011983036852000 ) ) ;
#6381 = CARTESIAN_POINT ( 'NONE',  ( 68.32874637064227841, -0.008301598518917888136, -4.991698401481082570 ) ) ;
#6382 = EDGE_CURVE ( 'NONE', #136, #4478, #2784, .T. ) ;
#6383 = ORIENTED_EDGE ( 'NONE', *, *, #8314, .F. ) ;
#6384 = CARTESIAN_POINT ( 'NONE',  ( 10.87500000000000000, -1.328041165545663649, 3.671958834454336795 ) ) ;
#6385 = TOROIDAL_SURFACE ( 'NONE', #2815, 1.000000000000000000, 3.999999999999997335 ) ;
#6386 = CARTESIAN_POINT ( 'NONE',  ( 44.42277126958469324, -0.7176137099602825087, 4.282386290039714716 ) ) ;
#6387 = ORIENTED_EDGE ( 'NONE', *, *, #5757, .F. ) ;
#6388 = ORIENTED_EDGE ( 'NONE', *, *, #1320, .T. ) ;
#6389 = CARTESIAN_POINT ( 'NONE',  ( 109.8749999999999858, 0.000000000000000000, 0.000000000000000000 ) ) ;
#6390 = CARTESIAN_POINT ( 'NONE',  ( 19.12500000000000000, 0.000000000000000000, 0.000000000000000000 ) ) ;
#6391 = CARTESIAN_POINT ( 'NONE',  ( 46.62500000002778222, -5.000000000000000888, -4.336808689942017736E-16 ) ) ;
#6392 = CARTESIAN_POINT ( 'NONE',  ( 34.47953806259079812, -0.1676550930109052817, 4.832344906989094468 ) ) ;
#6393 = ORIENTED_EDGE ( 'NONE', *, *, #7881, .F. ) ;
#6394 = AXIS2_PLACEMENT_3D ( 'NONE', #2695, #673, #1393 ) ;
#6395 = CIRCLE ( 'NONE', #2822, 1.374999999999994227 ) ;
#6396 = ORIENTED_EDGE ( 'NONE', *, *, #7234, .F. ) ;
#6397 = ADVANCED_FACE ( 'NONE', ( #8834 ), #5495, .T. ) ;
#6398 = ORIENTED_EDGE ( 'NONE', *, *, #3912, .T. ) ;
#6399 = EDGE_LOOP ( 'NONE', ( #2235, #2131, #6598 ) ) ;
#6400 = DIRECTION ( 'NONE',  ( 0.000000000000000000, 0.000000000000000000, 1.000000000000000000 ) ) ;
#6401 = CARTESIAN_POINT ( 'NONE',  ( 2.500000000000002220, 0.000000000000000000, 5.000000000000000000 ) ) ;
#6402 = TOROIDAL_SURFACE ( 'NONE', #4556, 1.000000000000000000, 4.000000000000000000 ) ;
#6403 = AXIS2_PLACEMENT_3D ( 'NONE', #1731, #3043, #7889 ) ;
#6404 = CIRCLE ( 'NONE', #4263, 1.000000000000000000 ) ;
#6405 = DIRECTION ( 'NONE',  ( 0.000000000000000000, 0.000000000000000000, 1.000000000000000000 ) ) ;
#6406 = VERTEX_POINT ( 'NONE', #4024 ) ;
#6407 = DIRECTION ( 'NONE',  ( 0.000000000000000000, 0.000000000000000000, -1.000000000000000000 ) ) ;
#6408 = CIRCLE ( 'NONE', #4974, 1.374999999999994227 ) ;
#6409 = CARTESIAN_POINT ( 'NONE',  ( 39.23123519307647200, -4.508466212583657651, -0.4915337874163439036 ) ) ;
#6410 = AXIS2_PLACEMENT_3D ( 'NONE', #4587, #1135, #542 ) ;
#6411 = FACE_OUTER_BOUND ( 'NONE', #4920, .T. ) ;
#6412 = CIRCLE ( 'NONE', #3407, 1.000000000000000000 ) ;
#6413 = CARTESIAN_POINT ( 'NONE',  ( 93.49621622079726535, -1.136863993905387948, -3.863136006094610941 ) ) ;
#6414 = CARTESIAN_POINT ( 'NONE',  ( 13.62499999999979039, 2.854271752256853163E-13, 5.000000000000285105 ) ) ;
#6415 = LINE ( 'NONE', #1617, #7117 ) ;
#6416 = CARTESIAN_POINT ( 'NONE',  ( 7.396652349155973027, -0.06459124882792104116, -4.935408751172078112 ) ) ;
#6417 = B_SPLINE_CURVE_WITH_KNOTS ( 'NONE', 3,
 ( #8740, #4493, #8111, #3100, #8784, #2586, #4408, #8022, #7205, #3983, #2674, #5819, #8495, #3734, #1908, #4692 ),
 .UNSPECIFIED., .F., .F.,
 ( 4, 2, 2, 2, 2, 2, 2, 4 ),
 ( 4.818711198300327270E-07, 0.0008765200830274123009, 0.001314539188981203935, 0.001752558294934995677, 0.002190577400888787420, 0.002628596506842578728, 0.003066615612796370471, 0.003504634718750162213 ),
 .UNSPECIFIED. ) ;
#6418 = CC_DESIGN_DATE_AND_TIME_ASSIGNMENT ( #5262, #1680, ( #5204 ) ) ;
#6419 = CARTESIAN_POINT ( 'NONE',  ( 42.50000000000000000, 0.000000000000000000, 1.000000000000000000 ) ) ;
#6420 = LINE ( 'NONE', #7745, #2857 ) ;
#6421 = EDGE_CURVE ( 'NONE', #4545, #4664, #4371, .T. ) ;
#6422 = CARTESIAN_POINT ( 'NONE',  ( 118.2718435304483791, 6.550317539354315731E-15, 5.000000000000006217 ) ) ;
#6423 = CARTESIAN_POINT ( 'NONE',  ( 67.25000000000000000, 0.000000000000000000, 1.000000000000000000 ) ) ;
#6424 = ORIENTED_EDGE ( 'NONE', *, *, #6359, .T. ) ;
#6425 = CARTESIAN_POINT ( 'NONE',  ( 115.2539988371174218, -1.137203174285758012, 3.862796825714241766 ) ) ;
#6426 = VERTEX_POINT ( 'NONE', #6881 ) ;
#6427 = CARTESIAN_POINT ( 'NONE',  ( 79.62500000000000000, 0.000000000000000000, 1.000000000000000000 ) ) ;
#6428 = ADVANCED_FACE ( 'NONE', ( #5405 ), #922, .F. ) ;
#6429 = LINE ( 'NONE', #3160, #7645 ) ;
#6430 = CARTESIAN_POINT ( 'NONE',  ( 59.82722873042054346, -4.282386290035431919, -0.7176137099645683026 ) ) ;
#6431 = EDGE_CURVE ( 'NONE', #1862, #3336, #2591, .T. ) ;
#6432 = CARTESIAN_POINT ( 'NONE',  ( 77.73123519307652884, -4.508466212583692290, -0.4915337874163088761 ) ) ;
#6433 = AXIS2_PLACEMENT_3D ( 'NONE', #2112, #6758, #8172 ) ;
#6434 = EDGE_LOOP ( 'NONE', ( #5541, #1647, #2277 ) ) ;
#6435 = CARTESIAN_POINT ( 'NONE',  ( 83.75000000000000000, 0.000000000000000000, 0.000000000000000000 ) ) ;
#6436 = CARTESIAN_POINT ( 'NONE',  ( 99.51880044884224219, -4.366408635911685820, 0.6335913640883145126 ) ) ;
#6437 = ORIENTED_EDGE ( 'NONE', *, *, #6849, .T. ) ;
#6438 = VERTEX_POINT ( 'NONE', #6210 ) ;
#6439 = CARTESIAN_POINT ( 'NONE',  ( 101.6250000000000000, 0.000000000000000000, 0.000000000000000000 ) ) ;
#6440 = FACE_OUTER_BOUND ( 'NONE', #8436, .T. ) ;
#6441 = DIRECTION ( 'NONE',  ( 0.000000000000000000, 0.000000000000000000, 1.000000000000000000 ) ) ;
#6442 = EDGE_CURVE ( 'NONE', #850, #6966, #8319, .T. ) ;
#6443 = CARTESIAN_POINT ( 'NONE',  ( 26.39842623724025472, -4.567820679626485081, 0.4321793203735162514 ) ) ;
#6444 = ORIENTED_EDGE ( 'NONE', *, *, #4486, .T. ) ;
#6445 = EDGE_LOOP ( 'NONE', ( #7768, #2994, #6517, #8004 ) ) ;
#6446 = CARTESIAN_POINT ( 'NONE',  ( 57.32874637064225709, -0.008301598518914170624, -4.991698401481087011 ) ) ;
#6447 = CARTESIAN_POINT ( 'NONE',  ( 101.6250000000279812, -5.000000000000000888, -4.336808689942017736E-16 ) ) ;
#6448 = CARTESIAN_POINT ( 'NONE',  ( 123.6249999999999858, 0.000000000000000000, 1.000000000000000000 ) ) ;
#6449 = ORIENTED_EDGE ( 'NONE', *, *, #8250, .F. ) ;
#6450 = EDGE_CURVE ( 'NONE', #7350, #4631, #1923, .T. ) ;
#6451 = VERTEX_POINT ( 'NONE', #7421 ) ;
#6452 = CARTESIAN_POINT ( 'NONE',  ( 60.64877465030179593, -4.041784260362689452, -0.9582157396373112146 ) ) ;
#6453 = CARTESIAN_POINT ( 'NONE',  ( 19.27184353044837550, 8.501881449828222923E-15, -5.000000000000008882 ) ) ;
#6454 = DIRECTION ( 'NONE',  ( 0.000000000000000000, 0.000000000000000000, 1.000000000000000000 ) ) ;
#6455 = FACE_OUTER_BOUND ( 'NONE', #3591, .T. ) ;
#6456 = CARTESIAN_POINT ( 'NONE',  ( 51.39665234915597836, -0.06459124882792187383, 4.935408751172077224 ) ) ;
#6457 = DIRECTION ( 'NONE',  ( 0.000000000000000000, 0.000000000000000000, 1.000000000000000000 ) ) ;
#6458 = FACE_OUTER_BOUND ( 'NONE', #6789, .T. ) ;
#6459 = CARTESIAN_POINT ( 'NONE',  ( 19.27225720791384944, -4.999999999998974154, 1.025676642753204356E-12 ) ) ;
#6460 = CARTESIAN_POINT ( 'NONE',  ( 83.75000000000000000, 0.000000000000000000, 0.000000000000000000 ) ) ;
#6461 = B_SPLINE_CURVE_WITH_KNOTS ( 'NONE', 3,
 ( #6224, #3411, #4218, #7649, #4789, #1433, #91, #6130, #5552, #6939, #5593, #8303, #8844, #2730, #6846, #5455 ),
 .UNSPECIFIED., .F., .F.,
 ( 4, 2, 2, 2, 2, 2, 2, 4 ),
 ( 4.818711198681143754E-07, 0.0008765200830274551269, 0.001314539188981248821, 0.001752558294935042298, 0.002190577400888835992, 0.002628596506842629469, 0.003066615612796422946, 0.003504634718750216423 ),
 .UNSPECIFIED. ) ;
#6462 = CARTESIAN_POINT ( 'NONE',  ( 120.2311995511639822, -0.6335913640930997959, 4.366408635906901203 ) ) ;
#6463 = VERTEX_POINT ( 'NONE', #4732 ) ;
#6464 = CARTESIAN_POINT ( 'NONE',  ( 43.87500000000000000, 0.000000000000000000, 3.904737509655566097 ) ) ;
#6465 = CARTESIAN_POINT ( 'NONE',  ( 71.64736572063974052, -0.9599107665869607287, -4.040089233413039160 ) ) ;
#6466 = CARTESIAN_POINT ( 'NONE',  ( 76.87500000000000000, -1.328041165545675195, 3.671958834454324805 ) ) ;
#6467 = DIRECTION ( 'NONE',  ( 0.000000000000000000, 0.000000000000000000, 1.000000000000000000 ) ) ;
#6468 = CALENDAR_DATE ( 2026, 16, 2 ) ;
#6469 = ADVANCED_FACE ( 'NONE', ( #1292 ), #7456, .F. ) ;
#6470 = ORIENTED_EDGE ( 'NONE', *, *, #4427, .F. ) ;
#6471 = EDGE_CURVE ( 'NONE', #4485, #5883, #2352, .T. ) ;
#6472 = CARTESIAN_POINT ( 'NONE',  ( 45.09032131224199702, -0.3138588207986854894, 4.686141179201314344 ) ) ;
#6473 = ORIENTED_EDGE ( 'NONE', *, *, #2125, .F. ) ;
#6474 = CARTESIAN_POINT ( 'NONE',  ( 80.63240203055838151, -4.872131520497876345, -0.1278684795021238496 ) ) ;
#6475 = CYLINDRICAL_SURFACE ( 'NONE', #1544, 1.000000000000000000 ) ;
#6476 = DIRECTION ( 'NONE',  ( 0.000000000000000000, 0.000000000000000000, -1.000000000000000000 ) ) ;
#6477 = AXIS2_PLACEMENT_3D ( 'NONE', #2390, #7718, #1631 ) ;
#6478 = DIRECTION ( 'NONE',  ( -1.000000000000000000, -0.000000000000000000, -0.000000000000000000 ) ) ;
#6479 = VERTEX_POINT ( 'NONE', #83 ) ;
#6480 = ORIENTED_EDGE ( 'NONE', *, *, #7902, .T. ) ;
#6481 = ADVANCED_FACE ( 'NONE', ( #2813 ), #628, .T. ) ;
#6482 = CIRCLE ( 'NONE', #3342, 4.000000000000000000 ) ;
#6483 = DIRECTION ( 'NONE',  ( -1.000000000000000000, -0.000000000000000000, -0.000000000000000000 ) ) ;
#6484 = ORIENTED_EDGE ( 'NONE', *, *, #2590, .F. ) ;
#6485 = CARTESIAN_POINT ( 'NONE',  ( 5.243967115284439373, -3.866513064861815785, 1.133486935138184215 ) ) ;
#6486 = CARTESIAN_POINT ( 'NONE',  ( 87.99600116288351614, -3.862796825715746785, 1.137203174284253882 ) ) ;
#6487 = APPROVAL_PERSON_ORGANIZATION ( #7273, #2416, #5211 ) ;
#6488 = EDGE_CURVE ( 'NONE', #1981, #6933, #6776, .T. ) ;
#6489 = CARTESIAN_POINT ( 'NONE',  ( 5.375000000000000000, -1.328041165545665425, -3.671958834454335019 ) ) ;
#6490 = DIRECTION ( 'NONE',  ( 0.000000000000000000, 0.000000000000000000, -1.000000000000000000 ) ) ;
#6491 = CARTESIAN_POINT ( 'NONE',  ( 107.1250000000000000, 0.000000000000000000, 0.000000000000000000 ) ) ;
#6492 = LINE ( 'NONE', #8628, #6962 ) ;
#6493 = CARTESIAN_POINT ( 'NONE',  ( 53.50000000000000000, 0.000000000000000000, 1.000000000000000000 ) ) ;
#6494 = DIRECTION ( 'NONE',  ( 0.000000000000000000, 0.000000000000000000, 1.000000000000000000 ) ) ;
#6495 = B_SPLINE_CURVE_WITH_KNOTS ( 'NONE', 3,
 ( #8244, #8193, #7546, #5528, #7588, #786, #8108, #4866, #5438, #1416, #4152, #7491, #6827, #6157, #643, #2032 ),
 .UNSPECIFIED., .F., .F.,
 ( 4, 2, 2, 2, 2, 2, 2, 4 ),
 ( 4.818711198305418997E-07, 0.0008765200830274123009, 0.001314539188981203935, 0.001752558294934995460, 0.002190577400888786986, 0.002628596506842578728, 0.003066615612796370471, 0.003504634718750162213 ),
 .UNSPECIFIED. ) ;
#6496 = CIRCLE ( 'NONE', #8632, 3.904737509655565653 ) ;
#6497 = EDGE_CURVE ( 'NONE', #5672, #2220, #2938, .T. ) ;
#6498 = CARTESIAN_POINT ( 'NONE',  ( 5.375000000000000000, 4.781924292710292592E-16, -3.904737509655562544 ) ) ;
#6499 = B_SPLINE_CURVE_WITH_KNOTS ( 'NONE', 3,
 ( #636, #3431, #6103, #6956, #3381, #6193, #2662, #8280, #7443, #1496, #63, #4808, #1983, #4721, #8818, #2708 ),
 .UNSPECIFIED., .F., .F.,
 ( 4, 2, 2, 2, 2, 2, 2, 4 ),
 ( 4.818711198656964140E-07, 0.0008765200830274448270, 0.001314539188981234509, 0.001752558294935024083, 0.002190577400888813440, 0.002628596506842603014, 0.003066615612796392588, 0.003504634718750182162 ),
 .UNSPECIFIED. ) ;
#6500 = ORIENTED_EDGE ( 'NONE', *, *, #4892, .T. ) ;
#6501 = TOROIDAL_SURFACE ( 'NONE', #7494, 1.000000000000000000, 3.999999999999997335 ) ;
#6502 = TOROIDAL_SURFACE ( 'NONE', #3227, 1.000000000000000000, 3.999999999999996447 ) ;
#6503 = CARTESIAN_POINT ( 'NONE',  ( 120.6026342793625616, -4.040089233410254721, -0.9599107665897453900 ) ) ;
#6504 = CIRCLE ( 'NONE', #8347, 3.904737509655557215 ) ;
#6505 = DIRECTION ( 'NONE',  ( -1.000000000000000000, -0.000000000000000000, -0.000000000000000000 ) ) ;
#6506 = CARTESIAN_POINT ( 'NONE',  ( 89.47953806259080523, -0.1676550930109048376, 4.832344906989094468 ) ) ;
#6507 = DIRECTION ( 'NONE',  ( -1.000000000000000000, -0.000000000000000000, -0.000000000000000000 ) ) ;
#6508 = CARTESIAN_POINT ( 'NONE',  ( 8.125000000000000000, 0.000000000000000000, 1.000000000000000000 ) ) ;
#6509 = CARTESIAN_POINT ( 'NONE',  ( 60.10263427936254033, -4.040089233410284031, -0.9599107665897137487 ) ) ;
#6510 = CARTESIAN_POINT ( 'NONE',  ( 68.62500000002798117, -5.000000000000000888, -4.336808689942017736E-16 ) ) ;
#6511 = CIRCLE ( 'NONE', #3515, 3.904737509655565653 ) ;
#6512 = AXIS2_PLACEMENT_3D ( 'NONE', #2432, #5832, #2569 ) ;
#6513 = ORIENTED_EDGE ( 'NONE', *, *, #1795, .T. ) ;
#6514 = FACE_OUTER_BOUND ( 'NONE', #6101, .T. ) ;
#6515 = ORIENTED_EDGE ( 'NONE', *, *, #874, .F. ) ;
#6516 = CARTESIAN_POINT ( 'NONE',  ( 106.8287463706422784, -0.008301598518918831826, -4.991698401481080793 ) ) ;
#6517 = ORIENTED_EDGE ( 'NONE', *, *, #5424, .T. ) ;
#6518 = CARTESIAN_POINT ( 'NONE',  ( 115.6473657206397263, -0.9599107665869465178, -4.040089233413053371 ) ) ;
#6519 = CARTESIAN_POINT ( 'NONE',  ( 22.85157376276965024, -0.4321793203680419637, 4.567820679631958924 ) ) ;
#6520 = B_SPLINE_CURVE_WITH_KNOTS ( 'NONE', 3,
 ( #2374, #520, #8702, #6025, #1709, #8068, #1287, #4021, #6736, #3348, #6065, #6456, #4453, #315, #7164, #7634 ),
 .UNSPECIFIED., .F., .F.,
 ( 4, 2, 2, 2, 2, 2, 2, 4 ),
 ( 4.818711198444658508E-07, 0.0008765200830274302987, 0.001314539188981223234, 0.001752558294935016277, 0.002190577400888809104, 0.002628596506842601713, 0.003066615612796394757, 0.003504634718750187800 ),
 .UNSPECIFIED. ) ;
#6521 = CARTESIAN_POINT ( 'NONE',  ( 115.2537837792036441, -3.863136006093129016, -1.136863993906871206 ) ) ;
#6522 = CC_DESIGN_DATE_AND_TIME_ASSIGNMENT ( #329, #2439, ( #7438 ) ) ;
#6523 = CARTESIAN_POINT ( 'NONE',  ( 106.8325341254270882, -4.991957775357442451, 0.008042224642557400244 ) ) ;
#6524 = ADVANCED_FACE ( 'NONE', ( #1605 ), #4078, .F. ) ;
#6525 = ORIENTED_EDGE ( 'NONE', *, *, #2701, .T. ) ;
#6526 = ORIENTED_EDGE ( 'NONE', *, *, #3379, .F. ) ;
#6527 = DIRECTION ( 'NONE',  ( 0.000000000000000000, 0.000000000000000000, 1.000000000000000000 ) ) ;
#6528 = CARTESIAN_POINT ( 'NONE',  ( 103.1596786877705796, -4.686141179195657536, -0.3138588208043440742 ) ) ;
#6529 = CARTESIAN_POINT ( 'NONE',  ( 7.828746370642276631, -0.008301598518915685038, 4.991698401481084346 ) ) ;
#6530 = DIRECTION ( 'NONE',  ( 0.000000000000000000, 0.000000000000000000, 1.000000000000000000 ) ) ;
#6531 = AXIS2_PLACEMENT_3D ( 'NONE', #2361, #3593, #2409 ) ;
#6532 = CARTESIAN_POINT ( 'NONE',  ( 88.14877465030176040, -4.041784260362690340, 0.9582157396373106595 ) ) ;
#6533 = EDGE_CURVE ( 'NONE', #2637, #32, #1784, .T. ) ;
#6534 = CIRCLE ( 'NONE', #2382, 1.000000000000000000 ) ;
#6535 = CIRCLE ( 'NONE', #2821, 1.374999999999994227 ) ;
#6536 = CIRCLE ( 'NONE', #8799, 1.000000000000000000 ) ;
#6537 = DIRECTION ( 'NONE',  ( -1.000000000000000000, -0.000000000000000000, -0.000000000000000000 ) ) ;
#6538 = ORIENTED_EDGE ( 'NONE', *, *, #2557, .T. ) ;
#6539 = AXIS2_PLACEMENT_3D ( 'NONE', #4575, #7988, #1871 ) ;
#6540 = CARTESIAN_POINT ( 'NONE',  ( 100.8994018660066843, -4.935956332723948847, -0.06404366727605186049 ) ) ;
#6541 = CARTESIAN_POINT ( 'NONE',  ( 6.750000000000000000, 0.000000000000000000, 0.000000000000000000 ) ) ;
#6542 = AXIS2_PLACEMENT_3D ( 'NONE', #6343, #2312, #7810 ) ;
#6543 = ADVANCED_FACE ( 'NONE', ( #2904 ), #1211, .T. ) ;
#6544 = AXIS2_PLACEMENT_3D ( 'NONE', #4303, #3673, #256 ) ;
#6545 = CIRCLE ( 'NONE', #407, 3.904737509655562544 ) ;
#6546 = CARTESIAN_POINT ( 'NONE',  ( 17.59032131224201834, -0.3138588207986869882, 4.686141179201313456 ) ) ;
#6547 = ORIENTED_EDGE ( 'NONE', *, *, #1074, .T. ) ;
#6548 = DIRECTION ( 'NONE',  ( 0.000000000000000000, 0.000000000000000000, -1.000000000000000000 ) ) ;
#6549 = DIRECTION ( 'NONE',  ( -1.000000000000000000, -0.000000000000000000, -0.000000000000000000 ) ) ;
#6550 = CARTESIAN_POINT ( 'NONE',  ( 51.39940186600654215, -4.935956332723922202, -0.06404366727607935239 ) ) ;
#6551 = ADVANCED_FACE ( 'NONE', ( #208 ), #6501, .T. ) ;
#6552 = TOROIDAL_SURFACE ( 'NONE', #2997, 1.000000000000000000, 3.999999999999996447 ) ;
#6553 = ORIENTED_EDGE ( 'NONE', *, *, #244, .T. ) ;
#6554 = EDGE_LOOP ( 'NONE', ( #7441, #4431, #1886, #5961 ) ) ;
#6555 = DIRECTION ( 'NONE',  ( 0.000000000000000000, -1.224646799147353207E-16, 1.000000000000000000 ) ) ;
#6556 = EDGE_LOOP ( 'NONE', ( #591, #4836, #7224 ) ) ;
#6557 = CARTESIAN_POINT ( 'NONE',  ( 43.87500000000000000, -1.328041165545660540, 3.671958834454339460 ) ) ;
#6558 = CARTESIAN_POINT ( 'NONE',  ( 23.61759796945997891, -0.1278684794971726713, 4.872131520502827939 ) ) ;
#6559 = CIRCLE ( 'NONE', #6698, 1.000000000000000000 ) ;
#6560 = ADVANCED_FACE ( 'NONE', ( #3589 ), #5667, .F. ) ;
#6561 = CARTESIAN_POINT ( 'NONE',  ( 96.42125362938301691, -4.991698401479152558, 0.008301598520847820045 ) ) ;
#6562 = CARTESIAN_POINT ( 'NONE',  ( 26.82722873042056122, -4.282386290035415044, 0.7176137099645847339 ) ) ;
#6563 = VERTEX_POINT ( 'NONE', #4305 ) ;
#6564 = CIRCLE ( 'NONE', #1986, 1.000000000000000000 ) ;
#6565 = CARTESIAN_POINT ( 'NONE',  ( 101.9212536293830169, -4.991698401479152558, 0.008301598520847820045 ) ) ;
#6566 = DIRECTION ( 'NONE',  ( 0.000000000000000000, 0.000000000000000000, 1.000000000000000000 ) ) ;
#6567 = CARTESIAN_POINT ( 'NONE',  ( 12.61759796945997358, -0.1278684794971733096, 4.872131520502827939 ) ) ;
#6568 = ORIENTED_EDGE ( 'NONE', *, *, #5003, .T. ) ;
#6569 = CARTESIAN_POINT ( 'NONE',  ( 86.50000000000000000, 0.000000000000000000, 0.000000000000000000 ) ) ;
#6570 = CARTESIAN_POINT ( 'NONE',  ( 56.47953806259079101, -0.1676550930109045323, 4.832344906989095357 ) ) ;
#6571 = EDGE_LOOP ( 'NONE', ( #2517, #1283, #570, #3630 ) ) ;
#6572 = EDGE_CURVE ( 'NONE', #528, #8056, #5076, .T. ) ;
#6573 = CARTESIAN_POINT ( 'NONE',  ( 3.678545946137535161, -0.1639194438105646967, 4.836080556189436663 ) ) ;
#6574 = EDGE_CURVE ( 'NONE', #265, #6784, #6215, .T. ) ;
#6575 = DIRECTION ( 'NONE',  ( 0.000000000000000000, 0.000000000000000000, 1.000000000000000000 ) ) ;
#6576 = ORIENTED_EDGE ( 'NONE', *, *, #8188, .F. ) ;
#6577 = CARTESIAN_POINT ( 'NONE',  ( 87.01876480693204030, -0.4915337874217320380, 4.508466212578267296 ) ) ;
#6578 = CARTESIAN_POINT ( 'NONE',  ( 38.37499999999999289, 0.000000000000000000, 0.000000000000000000 ) ) ;
#6579 = CARTESIAN_POINT ( 'NONE',  ( 41.12500000000000000, 0.000000000000000000, 1.000000000000000000 ) ) ;
#6580 = DIRECTION ( 'NONE',  ( -1.000000000000000000, -0.000000000000000000, -0.000000000000000000 ) ) ;
#6581 = EDGE_CURVE ( 'NONE', #642, #7020, #5986, .T. ) ;
#6582 = EDGE_LOOP ( 'NONE', ( #749, #2582, #7042, #7419 ) ) ;
#6583 = CARTESIAN_POINT ( 'NONE',  ( 97.27046193742627622, -4.832344906983753852, -0.1676550930162466757 ) ) ;
#6584 = CARTESIAN_POINT ( 'NONE',  ( 29.39940186598502336, -4.935956332719857897, 0.06404366728014222743 ) ) ;
#6585 = CARTESIAN_POINT ( 'NONE',  ( 107.1250000000000000, -5.000000000000000888, -4.336808689942017736E-16 ) ) ;
#6586 = CARTESIAN_POINT ( 'NONE',  ( 79.03886551654429127, -0.04063066961493030926, 4.959369330385070107 ) ) ;
#6587 = CARTESIAN_POINT ( 'NONE',  ( 50.23123519307646490, -4.508466212583658539, -0.4915337874163436815 ) ) ;
#6588 = APPROVAL_DATE_TIME ( #7222, #5862 ) ;
#6589 = VERTEX_POINT ( 'NONE', #8651 ) ;
#6590 = EDGE_CURVE ( 'NONE', #8828, #4327, #8634, .T. ) ;
#6591 = FACE_OUTER_BOUND ( 'NONE', #6607, .T. ) ;
#6592 = ORIENTED_EDGE ( 'NONE', *, *, #4351, .F. ) ;
#6593 = CARTESIAN_POINT ( 'NONE',  ( 55.14877465030176751, -4.041784260362668135, -0.9582157396373329750 ) ) ;
#6594 = VERTEX_POINT ( 'NONE', #7232 ) ;
#6595 = CARTESIAN_POINT ( 'NONE',  ( 41.85059813401478124, -0.06404366728010833787, 4.935956332719892536 ) ) ;
#6596 = DIRECTION ( 'NONE',  ( 0.000000000000000000, 0.000000000000000000, 1.000000000000000000 ) ) ;
#6597 = CARTESIAN_POINT ( 'NONE',  ( 24.62500000002790301, -5.000000000000000888, -4.336808689942017736E-16 ) ) ;
#6598 = ORIENTED_EDGE ( 'NONE', *, *, #3652, .F. ) ;
#6599 = B_SPLINE_CURVE_WITH_KNOTS ( 'NONE', 3,
 ( #169, #2907, #5807, #8530, #7641, #1519, #4258, #8343, #3133, #3897, #2453, #7861, #1905, #1865, #564, #7193 ),
 .UNSPECIFIED., .F., .F.,
 ( 4, 2, 2, 2, 2, 2, 2, 4 ),
 ( 4.818711198559719464E-07, 0.0008765200830274418996, 0.001314539188981234076, 0.001752558294935026469, 0.002190577400888818211, 0.002628596506842610821, 0.003066615612796402997, 0.003504634718750195173 ),
 .UNSPECIFIED. ) ;
#6600 = VERTEX_POINT ( 'NONE', #3083 ) ;
#6601 = ORIENTED_EDGE ( 'NONE', *, *, #6979, .F. ) ;
#6602 = EDGE_CURVE ( 'NONE', #5745, #1654, #7168, .T. ) ;
#6603 = CARTESIAN_POINT ( 'NONE',  ( 104.1026342793625759, -4.040089233410256497, 0.9599107665897450570 ) ) ;
#6604 = CARTESIAN_POINT ( 'NONE',  ( 110.5188004488422564, -4.366408635911691150, -0.6335913640883091835 ) ) ;
#6605 = TOROIDAL_SURFACE ( 'NONE', #8599, 1.000000000000000000, 4.000000000000001776 ) ;
#6606 = CARTESIAN_POINT ( 'NONE',  ( 13.03886551654430725, -0.04063066961492745738, 4.959369330385072772 ) ) ;
#6607 = EDGE_LOOP ( 'NONE', ( #3388, #6273, #2185, #510 ) ) ;
#6608 = DIRECTION ( 'NONE',  ( -1.000000000000000000, -0.000000000000000000, -0.000000000000000000 ) ) ;
#6609 = CARTESIAN_POINT ( 'NONE',  ( 101.6249999999997868, 2.819348912645851850E-13, -5.000000000000282441 ) ) ;
#6610 = ORIENTED_EDGE ( 'NONE', *, *, #6, .F. ) ;
#6611 = AXIS2_PLACEMENT_3D ( 'NONE', #3073, #871, #3786 ) ;
#6612 = DIRECTION ( 'NONE',  ( -1.000000000000000000, -0.000000000000000000, -0.000000000000000000 ) ) ;
#6613 = CARTESIAN_POINT ( 'NONE',  ( 94.59032131224198281, -0.3138588207986942047, -4.686141179201305462 ) ) ;
#6614 = CARTESIAN_POINT ( 'NONE',  ( 6.231235193076493317, -4.508466212583670973, 0.4915337874163299148 ) ) ;
#6615 = TOROIDAL_SURFACE ( 'NONE', #4208, 1.000000000000000000, 4.000000000000000000 ) ;
#6616 = CARTESIAN_POINT ( 'NONE',  ( 101.0436897864983052, -4.960065625086348184, -0.03993437491365268988 ) ) ;
#6617 = CIRCLE ( 'NONE', #2769, 4.000000000000000000 ) ;
#6618 = DIRECTION ( 'NONE',  ( -1.000000000000000000, -0.000000000000000000, -0.000000000000000000 ) ) ;
#6619 = CARTESIAN_POINT ( 'NONE',  ( 29.39940186598502336, -4.935956332719857897, -0.06404366728014246335 ) ) ;
#6620 = B_SPLINE_CURVE_WITH_KNOTS ( 'NONE', 3,
 ( #5161, #904, #7132, #321, #5735, #999, #3739, #6546, #2381, #3108, #2975, #3067, #5123, #3650, #3780, #6372 ),
 .UNSPECIFIED., .F., .F.,
 ( 4, 2, 2, 2, 2, 2, 2, 4 ),
 ( 4.818711198650600805E-07, 0.0008765200830274531753, 0.001314539188981244701, 0.001752558294935036443, 0.002190577400888827752, 0.002628596506842619494, 0.003066615612796411237, 0.003504634718750202979 ),
 .UNSPECIFIED. ) ;
#6621 = EDGE_CURVE ( 'NONE', #5983, #4514, #8186, .T. ) ;
#6622 = EDGE_CURVE ( 'NONE', #1727, #2047, #2642, .T. ) ;
#6623 = CARTESIAN_POINT ( 'NONE',  ( 56.89940186600652794, -4.935956332723925755, 0.06404366727607531395 ) ) ;
#6624 = ORIENTED_EDGE ( 'NONE', *, *, #2656, .F. ) ;
#6625 = CARTESIAN_POINT ( 'NONE',  ( 118.8533476508650608, -4.935408751168083086, -0.06459124883191602606 ) ) ;
#6626 = CARTESIAN_POINT ( 'NONE',  ( 77.14736572063976894, -0.9599107665869622830, -4.040089233413037384 ) ) ;
#6627 = FACE_OUTER_BOUND ( 'NONE', #8110, .T. ) ;
#6628 = DIRECTION ( 'NONE',  ( 0.000000000000000000, -1.000000000000000000, 0.000000000000000000 ) ) ;
#6629 = CARTESIAN_POINT ( 'NONE',  ( 51.97815646957787550, -5.000000000001020517, 1.019487267128499786E-12 ) ) ;
#6630 = APPROVAL_STATUS ( 'not_yet_approved' ) ;
#6631 = EDGE_CURVE ( 'NONE', #2707, #7851, #6318, .T. ) ;
#6632 = AXIS2_PLACEMENT_3D ( 'NONE', #5982, #2580, #4016 ) ;
#6633 = CIRCLE ( 'NONE', #6931, 3.999999999999997335 ) ;
#6634 = TOROIDAL_SURFACE ( 'NONE', #4072, 1.000000000000000000, 4.000000000000000000 ) ;
#6635 = CARTESIAN_POINT ( 'NONE',  ( 0.000000000000000000, 0.000000000000000000, 1.000000000000000000 ) ) ;
#6636 = ORIENTED_EDGE ( 'NONE', *, *, #7112, .T. ) ;
#6637 = CARTESIAN_POINT ( 'NONE',  ( 105.2382724230717486, -0.4974474678478745249, -4.502552532152126474 ) ) ;
#6638 = ORIENTED_EDGE ( 'NONE', *, *, #5343, .F. ) ;
#6639 = DIRECTION ( 'NONE',  ( 0.000000000000000000, 0.000000000000000000, 1.000000000000000000 ) ) ;
#6640 = CARTESIAN_POINT ( 'NONE',  ( 22.73827242307173790, -0.4974474678478686407, 4.502552532152132692 ) ) ;
#6641 = AXIS2_PLACEMENT_3D ( 'NONE', #664, #2731, #5637 ) ;
#6642 = AXIS2_PLACEMENT_3D ( 'NONE', #8416, #5650, #8320 ) ;
#6643 = CARTESIAN_POINT ( 'NONE',  ( 114.1596786877705227, -4.686141179195659312, -0.3138588208043388561 ) ) ;
#6644 = DIRECTION ( 'NONE',  ( 0.000000000000000000, 0.000000000000000000, 1.000000000000000000 ) ) ;
#6645 = EDGE_CURVE ( 'NONE', #8726, #5151, #1083, .T. ) ;
#6646 = VERTEX_POINT ( 'NONE', #7285 ) ;
#6647 = ORIENTED_EDGE ( 'NONE', *, *, #3889, .T. ) ;
#6648 = DIRECTION ( 'NONE',  ( -1.000000000000000000, -0.000000000000000000, -0.000000000000000000 ) ) ;
#6649 = CARTESIAN_POINT ( 'NONE',  ( 109.8749999999999858, -3.671958834454344345, -1.328041165545655877 ) ) ;
#6650 = FACE_OUTER_BOUND ( 'NONE', #7871, .T. ) ;
#6651 = CARTESIAN_POINT ( 'NONE',  ( 37.82722873042054346, -4.282386290035432808, 0.7176137099645666373 ) ) ;
#6652 = ORIENTED_EDGE ( 'NONE', *, *, #5845, .F. ) ;
#6653 = CARTESIAN_POINT ( 'NONE',  ( 96.12499999999998579, 0.000000000000000000, 0.000000000000000000 ) ) ;
#6654 = CARTESIAN_POINT ( 'NONE',  ( 56.21576228220553872, -0.2608011982980500965, 4.739198801701950181 ) ) ;
#6655 = EDGE_CURVE ( 'NONE', #254, #5547, #357, .T. ) ;
#6656 = VERTEX_POINT ( 'NONE', #3894 ) ;
#6657 = CARTESIAN_POINT ( 'NONE',  ( 94.23827242307174856, -0.4974474678478726930, 4.502552532152127363 ) ) ;
#6658 = CARTESIAN_POINT ( 'NONE',  ( 60.37500000000000000, -1.328041165545665647, -3.671958834454334575 ) ) ;
#6659 = CARTESIAN_POINT ( 'NONE',  ( 82.49621622079727956, -1.136863993905379955, 3.863136006094618935 ) ) ;
#6660 = AXIS2_PLACEMENT_3D ( 'NONE', #5865, #3317, #4700 ) ;
#6661 = ORIENTED_EDGE ( 'NONE', *, *, #863, .F. ) ;
#6662 = CARTESIAN_POINT ( 'NONE',  ( 21.87500000000000000, 0.000000000000000000, 0.000000000000000000 ) ) ;
#6663 = CARTESIAN_POINT ( 'NONE',  ( 31.89842623723026449, -4.567820679632011327, -0.4321793203679898387 ) ) ;
#6664 = CARTESIAN_POINT ( 'NONE',  ( 18.83253412545231953, -4.991957775359338711, 0.008042224640661651061 ) ) ;
#6665 = CIRCLE ( 'NONE', #1103, 4.320984698279439762 ) ;
#6666 = TOROIDAL_SURFACE ( 'NONE', #3830, 1.000000000000000000, 3.999999999999997335 ) ;
#6667 = CIRCLE ( 'NONE', #1806, 3.999999999999997335 ) ;
#6668 = DIRECTION ( 'NONE',  ( 0.000000000000000000, 0.000000000000000000, 1.000000000000000000 ) ) ;
#6669 = AXIS2_PLACEMENT_3D ( 'NONE', #3158, #2473, #8640 ) ;
#6670 = ORIENTED_EDGE ( 'NONE', *, *, #8409, .F. ) ;
#6671 = CC_DESIGN_PERSON_AND_ORGANIZATION_ASSIGNMENT ( #4426, #3118, ( #198 ) ) ;
#6672 = CARTESIAN_POINT ( 'NONE',  ( 98.32722873042057188, -4.282386290035390175, -0.7176137099646094919 ) ) ;
#6673 = TOROIDAL_SURFACE ( 'NONE', #3839, 1.000000000000000000, 1.374999999999999556 ) ;
#6674 = EDGE_CURVE ( 'NONE', #7647, #1471, #491, .T. ) ;
#6675 = TOROIDAL_SURFACE ( 'NONE', #1815, 1.000000000000000000, 3.999999999999996447 ) ;
#6676 = AXIS2_PLACEMENT_3D ( 'NONE', #920, #8521, #7102 ) ;
#6677 = CARTESIAN_POINT ( 'NONE',  ( 47.77178058431636742, -0.1593231317801505065, -4.840676868219849993 ) ) ;
#6678 = DIRECTION ( 'NONE',  ( -1.000000000000000000, -0.000000000000000000, -0.000000000000000000 ) ) ;
#6679 = FACE_OUTER_BOUND ( 'NONE', #8466, .T. ) ;
#6680 = VERTEX_POINT ( 'NONE', #1281 ) ;
#6681 = AXIS2_PLACEMENT_3D ( 'NONE', #7733, #5762, #2280 ) ;
#6682 = CIRCLE ( 'NONE', #2976, 3.904737509655568761 ) ;
#6683 = CARTESIAN_POINT ( 'NONE',  ( 114.8272287304205719, -4.282386290035405274, 0.7176137099645942818 ) ) ;
#6684 = DIRECTION ( 'NONE',  ( -1.000000000000000000, -0.000000000000000000, -0.000000000000000000 ) ) ;
#6685 = ORIENTED_EDGE ( 'NONE', *, *, #6497, .F. ) ;
#6686 = EDGE_CURVE ( 'NONE', #299, #7286, #1183, .T. ) ;
#6687 = CARTESIAN_POINT ( 'NONE',  ( 35.62500000000000000, 0.000000000000000000, 0.000000000000000000 ) ) ;
#6688 = EDGE_CURVE ( 'NONE', #5883, #445, #1500, .T. ) ;
#6689 = ORIENTED_EDGE ( 'NONE', *, *, #1396, .T. ) ;
#6690 = CARTESIAN_POINT ( 'NONE',  ( 68.03886551654427706, -0.04063066961492947660, 4.959369330385070995 ) ) ;
#6691 = CYLINDRICAL_SURFACE ( 'NONE', #7073, 1.000000000000000000 ) ;
#6692 = CARTESIAN_POINT ( 'NONE',  ( 54.87499999999999289, 0.000000000000000000, 3.904737509655566097 ) ) ;
#6693 = DIRECTION ( 'NONE',  ( -1.000000000000000000, -0.000000000000000000, -0.000000000000000000 ) ) ;
#6694 = VERTEX_POINT ( 'NONE', #4724 ) ;
#6695 = VERTEX_POINT ( 'NONE', #4100 ) ;
#6696 = DIRECTION ( 'NONE',  ( 0.000000000000000000, -1.000000000000000000, 0.000000000000000000 ) ) ;
#6697 = CARTESIAN_POINT ( 'NONE',  ( 112.0436897864983194, -4.960065625086346408, -0.03993437491365127434 ) ) ;
#6698 = AXIS2_PLACEMENT_3D ( 'NONE', #6802, #6901, #678 ) ;
#6699 = EDGE_CURVE ( 'NONE', #2847, #8571, #782, .T. ) ;
#6700 = DIRECTION ( 'NONE',  ( 0.000000000000000000, -1.000000000000000000, 0.000000000000000000 ) ) ;
#6701 = CARTESIAN_POINT ( 'NONE',  ( 35.47815646957786129, -5.000000000001020517, 1.019487267128499786E-12 ) ) ;
#6702 = ORIENTED_EDGE ( 'NONE', *, *, #3477, .F. ) ;
#6703 = CARTESIAN_POINT ( 'NONE',  ( 105.2382724230717486, -0.4974474678478743028, 4.502552532152126474 ) ) ;
#6704 = CARTESIAN_POINT ( 'NONE',  ( 104.3750000000000000, -1.328041165545675195, -3.671958834454324805 ) ) ;
#6705 = ORIENTED_EDGE ( 'NONE', *, *, #2780, .F. ) ;
#6706 = CIRCLE ( 'NONE', #5420, 3.999999999999999112 ) ;
#6707 = CARTESIAN_POINT ( 'NONE',  ( 26.03423771780840212, -4.739198801696340446, -0.2608011983036606085 ) ) ;
#6708 = CARTESIAN_POINT ( 'NONE',  ( 19.12500000002784262, -5.000000000000000888, -4.336808689942017736E-16 ) ) ;
#6709 = DIRECTION ( 'NONE',  ( 0.000000000000000000, -1.000000000000000000, 0.000000000000000000 ) ) ;
#6710 = ADVANCED_FACE ( 'NONE', ( #7446 ), #7642, .T. ) ;
#6711 = ORIENTED_EDGE ( 'NONE', *, *, #141, .T. ) ;
#6712 = CARTESIAN_POINT ( 'NONE',  ( 53.53383637236985493, -0.2517800035653026680, 4.748219996434697165 ) ) ;
#6713 = FACE_OUTER_BOUND ( 'NONE', #4760, .T. ) ;
#6714 = FACE_OUTER_BOUND ( 'NONE', #6199, .T. ) ;
#6715 = CARTESIAN_POINT ( 'NONE',  ( 72.71616362764447672, -4.748219996440587565, -0.2517800035594122132 ) ) ;
#6716 = ADVANCED_FACE ( 'NONE', ( #3303 ), #5782, .T. ) ;
#6717 = DIRECTION ( 'NONE',  ( 0.000000000000000000, 0.000000000000000000, 1.000000000000000000 ) ) ;
#6718 = CARTESIAN_POINT ( 'NONE',  ( 49.37500000000000000, 0.000000000000000000, 0.000000000000000000 ) ) ;
#6719 = CARTESIAN_POINT ( 'NONE',  ( 37.73119955116401059, -0.6335913640930908031, -4.366408635906910085 ) ) ;
#6720 = DIRECTION ( 'NONE',  ( 0.000000000000000000, 0.000000000000000000, 1.000000000000000000 ) ) ;
#6721 = CARTESIAN_POINT ( 'NONE',  ( 51.54368978649817024, -4.960065625086326868, -0.03993437491367422126 ) ) ;
#6722 = CARTESIAN_POINT ( 'NONE',  ( 39.75000000000000000, 0.000000000000000000, 0.000000000000000000 ) ) ;
#6723 = DIRECTION ( 'NONE',  ( -1.000000000000000000, -0.000000000000000000, -0.000000000000000000 ) ) ;
#6724 = CARTESIAN_POINT ( 'NONE',  ( 13.04368978649824484, -4.960065625086339303, -0.03993437491366060715 ) ) ;
#6725 = ORIENTED_EDGE ( 'NONE', *, *, #1887, .T. ) ;
#6726 = ORIENTED_EDGE ( 'NONE', *, *, #7321, .F. ) ;
#6727 = CARTESIAN_POINT ( 'NONE',  ( 43.60122534970067676, -0.9582157396401915772, 4.041784260359809089 ) ) ;
#6728 = DIRECTION ( 'NONE',  ( 0.000000000000000000, -0.7071067811865475727, 0.7071067811865475727 ) ) ;
#6729 = CARTESIAN_POINT ( 'NONE',  ( 80.20631021352427581, -0.03993437491703633047, 4.960065625082964225 ) ) ;
#6730 = CARTESIAN_POINT ( 'NONE',  ( 35.62499999999978684, 2.834739505433365550E-13, 5.000000000000283329 ) ) ;
#6731 = EDGE_CURVE ( 'NONE', #7207, #6863, #1641, .T. ) ;
#6732 = EDGE_CURVE ( 'NONE', #3198, #6290, #7780, .T. ) ;
#6733 = ORIENTED_EDGE ( 'NONE', *, *, #8476, .T. ) ;
#6734 = CARTESIAN_POINT ( 'NONE',  ( 30.12500000000000000, 0.000000000000000000, 0.000000000000000000 ) ) ;
#6735 = CARTESIAN_POINT ( 'NONE',  ( 30.27184353044837906, 1.077267090229859534E-14, 5.000000000000011546 ) ) ;
#6736 = CARTESIAN_POINT ( 'NONE',  ( 50.71576228220554583, -0.2608011982980507071, 4.739198801701948405 ) ) ;
#6737 = CARTESIAN_POINT ( 'NONE',  ( 35.04368978649817024, -4.960065625086326868, -0.03993437491367422126 ) ) ;
#6738 = EDGE_LOOP ( 'NONE', ( #4383, #7185, #7002 ) ) ;
#6739 = DIRECTION ( 'NONE',  ( -1.000000000000000000, -0.000000000000000000, -0.000000000000000000 ) ) ;
#6740 = CARTESIAN_POINT ( 'NONE',  ( 49.37500000000000000, -3.671958834454334575, -1.328041165545665647 ) ) ;
#6741 = ORIENTED_EDGE ( 'NONE', *, *, #180, .T. ) ;
#6742 = EDGE_CURVE ( 'NONE', #981, #72, #1920, .T. ) ;
#6743 = CARTESIAN_POINT ( 'NONE',  ( 0.000000000000000000, 0.000000000000000000, 0.000000000000000000 ) ) ;
#6744 = VECTOR ( 'NONE', #2936, 1000.000000000000000 ) ;
#6745 = FACE_OUTER_BOUND ( 'NONE', #4971, .T. ) ;
#6746 = ORIENTED_EDGE ( 'NONE', *, *, #1213, .T. ) ;
#6747 = CARTESIAN_POINT ( 'NONE',  ( 86.50000000000000000, 1.224646799147353207E-16, -1.000000000000000000 ) ) ;
#6748 = CARTESIAN_POINT ( 'NONE',  ( 23.61759796945997891, -0.1278684794971726713, -4.872131520502827939 ) ) ;
#6749 = CARTESIAN_POINT ( 'NONE',  ( 150.0000000000000000, 0.000000000000000000, -5.000000000000000000 ) ) ;
#6750 = AXIS2_PLACEMENT_3D ( 'NONE', #3576, #8324, #4947 ) ;
#6751 = EDGE_CURVE ( 'NONE', #2637, #39, #2027, .T. ) ;
#6752 = CARTESIAN_POINT ( 'NONE',  ( 57.33253412545228400, -4.991957775359337823, 0.008042224640662527096 ) ) ;
#6753 = CARTESIAN_POINT ( 'NONE',  ( 90.62499999999998579, 0.000000000000000000, 1.000000000000000000 ) ) ;
#6754 = CARTESIAN_POINT ( 'NONE',  ( 92.51876480693201188, -0.4915337874217381997, -4.508466212578261967 ) ) ;
#6755 = AXIS2_PLACEMENT_3D ( 'NONE', #3599, #2236, #7697 ) ;
#6756 = CARTESIAN_POINT ( 'NONE',  ( 78.89940186600668426, -4.935956332723948847, 0.06404366727605195764 ) ) ;
#6757 = DIRECTION ( 'NONE',  ( 0.000000000000000000, 0.000000000000000000, 1.000000000000000000 ) ) ;
#6758 = DIRECTION ( 'NONE',  ( 0.000000000000000000, -1.000000000000000000, 0.000000000000000000 ) ) ;
#6759 = AXIS2_PLACEMENT_3D ( 'NONE', #5651, #2341, #7751 ) ;
#6760 = EDGE_CURVE ( 'NONE', #6646, #7936, #7161, .T. ) ;
#6761 = DIRECTION ( 'NONE',  ( 0.000000000000000000, -1.224646799147353207E-16, 1.000000000000000000 ) ) ;
#6762 = FACE_OUTER_BOUND ( 'NONE', #6022, .T. ) ;
#6763 = ORIENTED_EDGE ( 'NONE', *, *, #2201, .T. ) ;
#6764 = CARTESIAN_POINT ( 'NONE',  ( 72.23827242307174856, -0.4974474678478726930, 4.502552532152127363 ) ) ;
#6765 = VERTEX_POINT ( 'NONE', #119 ) ;
#6766 = EDGE_LOOP ( 'NONE', ( #5755, #4301, #2029 ) ) ;
#6767 = CARTESIAN_POINT ( 'NONE',  ( 100.2500000000000000, 0.000000000000000000, 0.000000000000000000 ) ) ;
#6768 = CARTESIAN_POINT ( 'NONE',  ( 35.62500000002778933, -5.000000000000000888, -4.336808689942017736E-16 ) ) ;
#6769 = CARTESIAN_POINT ( 'NONE',  ( 81.51876480693199767, -0.4915337874217304281, 4.508466212578270849 ) ) ;
#6770 = CARTESIAN_POINT ( 'NONE',  ( 93.49600116288350193, -3.862796825715729021, -1.137203174284272089 ) ) ;
#6771 = CIRCLE ( 'NONE', #1215, 1.000000000000000000 ) ;
#6772 = ORIENTED_EDGE ( 'NONE', *, *, #2155, .T. ) ;
#6773 = DIRECTION ( 'NONE',  ( 0.000000000000000000, -1.224646799147352961E-16, 1.000000000000000000 ) ) ;
#6774 = CARTESIAN_POINT ( 'NONE',  ( 58.35059813401475992, -0.06404366728010563170, -4.935956332719894313 ) ) ;
#6775 = CARTESIAN_POINT ( 'NONE',  ( 82.10263427936257585, -4.040089233410274261, -0.9599107665897267383 ) ) ;
#6776 = CIRCLE ( 'NONE', #6366, 4.000000000000000000 ) ;
#6777 = CARTESIAN_POINT ( 'NONE',  ( 112.6250000000000000, 0.000000000000000000, 0.000000000000000000 ) ) ;
#6778 = AXIS2_PLACEMENT_3D ( 'NONE', #6813, #2705, #4855 ) ;
#6779 = CARTESIAN_POINT ( 'NONE',  ( 116.9795380625907768, -0.1676550930109048376, 4.832344906989094468 ) ) ;
#6780 = EDGE_CURVE ( 'NONE', #5320, #4726, #6930, .T. ) ;
#6781 = AXIS2_PLACEMENT_3D ( 'NONE', #3919, #6628, #503 ) ;
#6782 = CARTESIAN_POINT ( 'NONE',  ( 83.71616362764447672, -4.748219996440589341, 0.2517800035594118246 ) ) ;
#6783 = DIRECTION ( 'NONE',  ( -0.000000000000000000, 1.000000000000000000, 1.224646799147353207E-16 ) ) ;
#6784 = VERTEX_POINT ( 'NONE', #737 ) ;
#6785 = CARTESIAN_POINT ( 'NONE',  ( 25.21113448347808017, -4.959369330381686147, -0.04063066961831506702 ) ) ;
#6786 = CARTESIAN_POINT ( 'NONE',  ( 51.39665234915597836, -0.06459124882792148525, -4.935408751172077224 ) ) ;
#6787 = CARTESIAN_POINT ( 'NONE',  ( 101.6250000000279812, -5.000000000000000888, -4.336808689942017736E-16 ) ) ;
#6788 = CARTESIAN_POINT ( 'NONE',  ( 20.53383637236985138, -0.2517800035653030011, 4.748219996434697165 ) ) ;
#6789 = EDGE_LOOP ( 'NONE', ( #5138, #420, #1049, #884 ) ) ;
#6790 = ADVANCED_FACE ( 'NONE', ( #3479 ), #4783, .T. ) ;
#6791 = FACE_OUTER_BOUND ( 'NONE', #2576, .T. ) ;
#6792 = DIRECTION ( 'NONE',  ( -1.000000000000000000, -0.000000000000000000, -0.000000000000000000 ) ) ;
#6793 = FACE_OUTER_BOUND ( 'NONE', #8296, .T. ) ;
#6794 = DIRECTION ( 'NONE',  ( -0.000000000000000000, 1.000000000000000000, 1.224646799147353207E-16 ) ) ;
#6795 = AXIS2_PLACEMENT_3D ( 'NONE', #6980, #5099, #7820 ) ;
#6796 = CARTESIAN_POINT ( 'NONE',  ( 107.7063102135242616, -0.03993437491703637210, -4.960065625082964225 ) ) ;
#6797 = CARTESIAN_POINT ( 'NONE',  ( 98.87499999999998579, -3.671958834454324805, -1.328041165545675195 ) ) ;
#6798 = ADVANCED_FACE ( 'NONE', ( #6198 ), #67, .T. ) ;
#6799 = CARTESIAN_POINT ( 'NONE',  ( 57.62499999999999289, 0.000000000000000000, 0.000000000000000000 ) ) ;
#6800 = B_SPLINE_CURVE_WITH_KNOTS ( 'NONE', 3,
 ( #8839, #87, #800, #4782, #2819, #8256, #2186, #8207, #6271, #7505, #2725, #6786, #4070, #133, #709, #2092 ),
 .UNSPECIFIED., .F., .F.,
 ( 4, 2, 2, 2, 2, 2, 2, 4 ),
 ( 4.818711198449749176E-07, 0.0008765200830274306239, 0.001314539188981223451, 0.001752558294935016277, 0.002190577400888809537, 0.002628596506842602147, 0.003066615612796394757, 0.003504634718750187800 ),
 .UNSPECIFIED. ) ;
#6801 = CARTESIAN_POINT ( 'NONE',  ( 64.65967868777055116, -4.686141179195659312, -0.3138588208043407435 ) ) ;
#6802 = CARTESIAN_POINT ( 'NONE',  ( 42.50000000000000000, 0.000000000000000000, 0.000000000000000000 ) ) ;
#6803 = AXIS2_PLACEMENT_3D ( 'NONE', #8576, #3858, #351 ) ;
#6804 = ORIENTED_EDGE ( 'NONE', *, *, #1237, .F. ) ;
#6805 = TOROIDAL_SURFACE ( 'NONE', #5525, 1.000000000000000000, 4.000000000000001776 ) ;
#6806 = B_SPLINE_CURVE_WITH_KNOTS ( 'NONE', 3,
 ( #8745, #5992, #8704, #8071, #1955, #8113, #6782, #1998, #4731, #7455, #4063, #3399 ),
 .UNSPECIFIED., .F., .F.,
 ( 4, 2, 2, 2, 2, 4 ),
 ( 0.003504634718722680724, 0.003941423334001003392, 0.004378211949279325194, 0.005251789179835970531, 0.006125366410392615001, 0.006998943640949259470 ),
 .UNSPECIFIED. ) ;
#6807 = AXIS2_PLACEMENT_3D ( 'NONE', #5681, #8262, #6407 ) ;
#6808 = FACE_OUTER_BOUND ( 'NONE', #192, .T. ) ;
#6809 = AXIS2_PLACEMENT_3D ( 'NONE', #1798, #5918, #6548 ) ;
#6810 = CARTESIAN_POINT ( 'NONE',  ( 38.49621622079730088, -1.136863993905377290, -3.863136006094622488 ) ) ;
#6811 = AXIS2_PLACEMENT_3D ( 'NONE', #8832, #8785, #4693 ) ;
#6812 = AXIS2_PLACEMENT_3D ( 'NONE', #8198, #5583, #6303 ) ;
#6813 = CARTESIAN_POINT ( 'NONE',  ( 46.62500000000000000, 1.224646799147353207E-16, -1.000000000000000000 ) ) ;
#6814 = VERTEX_POINT ( 'NONE', #2893 ) ;
#6815 = ADVANCED_FACE ( 'NONE', ( #2213 ), #1245, .T. ) ;
#6816 = ORIENTED_EDGE ( 'NONE', *, *, #671, .T. ) ;
#6817 = CARTESIAN_POINT ( 'NONE',  ( 79.62500000000000000, 0.000000000000000000, 0.000000000000000000 ) ) ;
#6818 = AXIS2_PLACEMENT_3D ( 'NONE', #4481, #7114, #5100 ) ;
#6819 = DIRECTION ( 'NONE',  ( 0.000000000000000000, -1.224646799147353207E-16, 1.000000000000000000 ) ) ;
#6820 = DIRECTION ( 'NONE',  ( -1.000000000000000000, -0.000000000000000000, -0.000000000000000000 ) ) ;
#6821 = CARTESIAN_POINT ( 'NONE',  ( 118.1249999999997726, 2.819534933157905838E-13, -5.000000000000282441 ) ) ;
#6822 = CARTESIAN_POINT ( 'NONE',  ( 94.23123519307652884, -4.508466212583692290, -0.4915337874163090981 ) ) ;
#6823 = AXIS2_PLACEMENT_3D ( 'NONE', #5203, #578, #6041 ) ;
#6824 = TOROIDAL_SURFACE ( 'NONE', #2982, 1.000000000000000000, 1.374999999999994227 ) ;
#6825 = ORIENTED_EDGE ( 'NONE', *, *, #7321, .T. ) ;
#6826 = ORIENTED_EDGE ( 'NONE', *, *, #6360, .F. ) ;
#6827 = CARTESIAN_POINT ( 'NONE',  ( 62.53886551654429127, -0.04063066961492675655, -4.959369330385072772 ) ) ;
#6828 = CARTESIAN_POINT ( 'NONE',  ( 64.53423771780845186, -4.739198801696318242, 0.2608011983036822024 ) ) ;
#6829 = EDGE_CURVE ( 'NONE', #2141, #264, #3559, .T. ) ;
#6830 = EDGE_LOOP ( 'NONE', ( #4676, #1425, #5279 ) ) ;
#6831 = DIRECTION ( 'NONE',  ( -1.000000000000000000, -0.000000000000000000, -0.000000000000000000 ) ) ;
#6832 = CARTESIAN_POINT ( 'NONE',  ( 43.87500000000000000, 0.000000000000000000, 0.000000000000000000 ) ) ;
#6833 = FACE_OUTER_BOUND ( 'NONE', #6434, .T. ) ;
#6834 = ORIENTED_EDGE ( 'NONE', *, *, #909, .T. ) ;
#6835 = CARTESIAN_POINT ( 'NONE',  ( 105.5903213122420112, -0.3138588207986950929, 4.686141179201304574 ) ) ;
#6836 = DIRECTION ( 'NONE',  ( 0.000000000000000000, 0.000000000000000000, 1.000000000000000000 ) ) ;
#6837 = EDGE_LOOP ( 'NONE', ( #3260, #3781, #608, #3215, #7963, #7498 ) ) ;
#6838 = ORIENTED_EDGE ( 'NONE', *, *, #842, .F. ) ;
#6839 = TOROIDAL_SURFACE ( 'NONE', #5256, 1.000000000000000000, 1.375000000000001332 ) ;
#6840 = FACE_OUTER_BOUND ( 'NONE', #2431, .T. ) ;
#6841 = CARTESIAN_POINT ( 'NONE',  ( 8.125000000000000000, 0.000000000000000000, 0.000000000000000000 ) ) ;
#6842 = ORIENTED_EDGE ( 'NONE', *, *, #3304, .T. ) ;
#6843 = CARTESIAN_POINT ( 'NONE',  ( 43.99600116288348062, -3.862796825715728577, -1.137203174284272089 ) ) ;
#6844 = ORIENTED_EDGE ( 'NONE', *, *, #7909, .F. ) ;
#6845 = CARTESIAN_POINT ( 'NONE',  ( 54.75399883711743598, -1.137203174285764229, 3.862796825714235993 ) ) ;
#6846 = CARTESIAN_POINT ( 'NONE',  ( 101.4777427921127781, -1.210240675036942905E-14, 4.999999999999988454 ) ) ;
#6847 = CARTESIAN_POINT ( 'NONE',  ( 16.49600116288350193, -3.862796825715730353, 1.137203174284271645 ) ) ;
#6848 = AXIS2_PLACEMENT_3D ( 'NONE', #2200, #4937, #2246 ) ;
#6849 = EDGE_CURVE ( 'NONE', #6479, #8322, #4704, .T. ) ;
#6850 = ADVANCED_FACE ( 'NONE', ( #8218 ), #1096, .T. ) ;
#6851 = CARTESIAN_POINT ( 'NONE',  ( 22.73123519307650398, -4.508466212583677191, -0.4915337874163229759 ) ) ;
#6852 = CARTESIAN_POINT ( 'NONE',  ( 94.75000000000000000, 0.000000000000000000, 1.000000000000000000 ) ) ;
#6853 = CARTESIAN_POINT ( 'NONE',  ( 76.99600116288350193, -3.862796825715727689, 1.137203174284272977 ) ) ;
#6854 = CARTESIAN_POINT ( 'NONE',  ( 13.62500000000000000, 0.000000000000000000, 0.000000000000000000 ) ) ;
#6855 = CARTESIAN_POINT ( 'NONE',  ( 112.3325341254524830, -4.991957775359345817, 0.008042224640654483184 ) ) ;
#6856 = CARTESIAN_POINT ( 'NONE',  ( 20.53423771780837370, -4.739198801696351104, 0.2608011983036505610 ) ) ;
#6857 = CARTESIAN_POINT ( 'NONE',  ( 57.62499999999999289, 0.000000000000000000, 0.000000000000000000 ) ) ;
#6858 = EDGE_CURVE ( 'NONE', #7068, #7061, #7245, .T. ) ;
#6859 = DIRECTION ( 'NONE',  ( -1.000000000000000000, -0.000000000000000000, -0.000000000000000000 ) ) ;
#6860 = CARTESIAN_POINT ( 'NONE',  ( 32.75378377920270623, -3.863136006094636254, 1.136863993905362413 ) ) ;
#6861 = VERTEX_POINT ( 'NONE', #4665 ) ;
#6862 = CARTESIAN_POINT ( 'NONE',  ( 0.000000000000000000, 0.000000000000000000, 0.000000000000000000 ) ) ;
#6863 = VERTEX_POINT ( 'NONE', #1303 ) ;
#6864 = ORIENTED_EDGE ( 'NONE', *, *, #6431, .F. ) ;
#6865 = DIRECTION ( 'NONE',  ( 0.000000000000000000, 0.000000000000000000, 1.000000000000000000 ) ) ;
#6866 = DIRECTION ( 'NONE',  ( 0.000000000000000000, -1.000000000000000000, 0.000000000000000000 ) ) ;
#6867 = DIRECTION ( 'NONE',  ( 0.000000000000000000, 0.000000000000000000, 1.000000000000000000 ) ) ;
#6868 = CARTESIAN_POINT ( 'NONE',  ( 71.37500000000000000, -1.328041165545675195, -3.671958834454324805 ) ) ;
#6869 = CARTESIAN_POINT ( 'NONE',  ( 118.7063102135242474, -0.03993437491703821784, -4.960065625082963336 ) ) ;
#6870 = CARTESIAN_POINT ( 'NONE',  ( 26.73119955116402124, -0.6335913640930922464, -4.366408635906907421 ) ) ;
#6871 = EDGE_CURVE ( 'NONE', #3932, #6680, #2671, .T. ) ;
#6872 = ORIENTED_EDGE ( 'NONE', *, *, #1297, .T. ) ;
#6873 = ORIENTED_EDGE ( 'NONE', *, *, #6533, .F. ) ;
#6874 = DIRECTION ( 'NONE',  ( 0.000000000000000000, -1.000000000000000000, 0.000000000000000000 ) ) ;
#6875 = CARTESIAN_POINT ( 'NONE',  ( 109.8749999999999858, 0.000000000000000000, 0.000000000000000000 ) ) ;
#6876 = ORIENTED_EDGE ( 'NONE', *, *, #7449, .F. ) ;
#6877 = FACE_OUTER_BOUND ( 'NONE', #3149, .T. ) ;
#6878 = CARTESIAN_POINT ( 'NONE',  ( 32.60122534970068386, -0.9582157396401946858, -4.041784260359804648 ) ) ;
#6879 = FACE_OUTER_BOUND ( 'NONE', #5058, .T. ) ;
#6880 = DIRECTION ( 'NONE',  ( -0.000000000000000000, 1.000000000000000000, 1.224646799147353207E-16 ) ) ;
#6881 = CARTESIAN_POINT ( 'NONE',  ( 52.12499999999978684, 2.837560127215673901E-13, -5.000000000000283329 ) ) ;
#6882 = ORIENTED_EDGE ( 'NONE', *, *, #6967, .F. ) ;
#6883 = EDGE_CURVE ( 'NONE', #6918, #5680, #5817, .T. ) ;
#6884 = ORIENTED_EDGE ( 'NONE', *, *, #1167, .T. ) ;
#6885 = ORIENTED_EDGE ( 'NONE', *, *, #7521, .F. ) ;
#6886 = CARTESIAN_POINT ( 'NONE',  ( 97.49999999999998579, 0.000000000000000000, 1.000000000000000000 ) ) ;
#6887 = CARTESIAN_POINT ( 'NONE',  ( 0.000000000000000000, 0.000000000000000000, 0.000000000000000000 ) ) ;
#6888 = ORIENTED_EDGE ( 'NONE', *, *, #1867, .F. ) ;
#6889 = DIRECTION ( 'NONE',  ( 0.000000000000000000, 0.000000000000000000, -1.000000000000000000 ) ) ;
#6890 = VERTEX_POINT ( 'NONE', #6087 ) ;
#6891 = CARTESIAN_POINT ( 'NONE',  ( 52.12499999999978684, 2.834739505433365550E-13, 5.000000000000283329 ) ) ;
#6892 = CARTESIAN_POINT ( 'NONE',  ( 18.82874637064227485, -0.008301598518916677300, -4.991698401481082570 ) ) ;
#6893 = CARTESIAN_POINT ( 'NONE',  ( 0.000000000000000000, 0.000000000000000000, 0.000000000000000000 ) ) ;
#6894 = CARTESIAN_POINT ( 'NONE',  ( 22.14877465030177817, -4.041784260362676129, -0.9582157396373252034 ) ) ;
#6895 = CARTESIAN_POINT ( 'NONE',  ( 82.37499999999998579, 4.781924292710299495E-16, -3.904737509655568761 ) ) ;
#6896 = CARTESIAN_POINT ( 'NONE',  ( 73.97815646957803892, -5.000000000001025846, -1.024879796508075479E-12 ) ) ;
#6897 = CARTESIAN_POINT ( 'NONE',  ( 37.03383637236984782, -0.2517800035653031121, -4.748219996434697165 ) ) ;
#6898 = AXIS2_PLACEMENT_3D ( 'NONE', #3030, #6507, #2435 ) ;
#6899 = ADVANCED_FACE ( 'NONE', ( #4036 ), #2530, .T. ) ;
#6900 = FACE_OUTER_BOUND ( 'NONE', #5252, .T. ) ;
#6901 = DIRECTION ( 'NONE',  ( -1.000000000000000000, -0.000000000000000000, -0.000000000000000000 ) ) ;
#6902 = ADVANCED_FACE ( 'NONE', ( #2011 ), #4815, .T. ) ;
#6903 = DIRECTION ( 'NONE',  ( -1.000000000000000000, -0.000000000000000000, -0.000000000000000000 ) ) ;
#6904 = CARTESIAN_POINT ( 'NONE',  ( 110.5188004488422564, -4.366408635911691150, 0.6335913640883091835 ) ) ;
#6905 = AXIS2_PLACEMENT_3D ( 'NONE', #806, #2777, #5501 ) ;
#6906 = CARTESIAN_POINT ( 'NONE',  ( 46.62500000000000000, 0.000000000000000000, 0.000000000000000000 ) ) ;
#6907 = ORIENTED_EDGE ( 'NONE', *, *, #3035, .T. ) ;
#6908 = VERTEX_POINT ( 'NONE', #7516 ) ;
#6909 = DIRECTION ( 'NONE',  ( -1.000000000000000000, -0.000000000000000000, -0.000000000000000000 ) ) ;
#6910 = CARTESIAN_POINT ( 'NONE',  ( 65.01876480693205451, -0.4915337874217339809, -4.508466212578267296 ) ) ;
#6911 = CARTESIAN_POINT ( 'NONE',  ( 75.50000000000000000, 0.000000000000000000, 0.000000000000000000 ) ) ;
#6912 = EDGE_CURVE ( 'NONE', #3657, #7207, #2603, .T. ) ;
#6913 = CARTESIAN_POINT ( 'NONE',  ( 65.87499999999998579, -1.328041165545668534, -3.671958834454331466 ) ) ;
#6914 = ORGANIZATION ( 'UNSPECIFIED', 'UNSPECIFIED', '' ) ;
#6915 = VERTEX_POINT ( 'NONE', #1931 ) ;
#6916 = CARTESIAN_POINT ( 'NONE',  ( 123.6249999999999858, 1.224646799147332500E-16, -0.9999999999999831246 ) ) ;
#6917 = CARTESIAN_POINT ( 'NONE',  ( 65.75378377920364414, -3.863136006093118358, 1.136863993906882531 ) ) ;
#6918 = VERTEX_POINT ( 'NONE', #6852 ) ;
#6919 = CARTESIAN_POINT ( 'NONE',  ( 13.91746587457268802, -0.008042224642536762239, -4.991957775357462879 ) ) ;
#6920 = CARTESIAN_POINT ( 'NONE',  ( 32.23119955116401769, -0.6335913640930939117, -4.366408635906907421 ) ) ;
#6921 = CARTESIAN_POINT ( 'NONE',  ( 8.124999999999790390, 2.855127582269921965E-13, 5.000000000000285105 ) ) ;
#6922 = EDGE_CURVE ( 'NONE', #6156, #7183, #7522, .T. ) ;
#6923 = FACE_OUTER_BOUND ( 'NONE', #6445, .T. ) ;
#6924 = DIRECTION ( 'NONE',  ( 0.000000000000000000, 0.000000000000000000, 1.000000000000000000 ) ) ;
#6925 = AXIS2_PLACEMENT_3D ( 'NONE', #8140, #2025, #1411 ) ;
#6926 = ORIENTED_EDGE ( 'NONE', *, *, #8543, .F. ) ;
#6927 = ORIENTED_EDGE ( 'NONE', *, *, #7018, .F. ) ;
#6928 = ORIENTED_EDGE ( 'NONE', *, *, #2376, .F. ) ;
#6929 = DIRECTION ( 'NONE',  ( 0.000000000000000000, -1.224646799147353207E-16, 1.000000000000000000 ) ) ;
#6930 = CIRCLE ( 'NONE', #8631, 1.000000000000000000 ) ;
#6931 = AXIS2_PLACEMENT_3D ( 'NONE', #4773, #698, #4819 ) ;
#6932 = DIRECTION ( 'NONE',  ( 0.000000000000000000, 0.000000000000000000, 1.000000000000000000 ) ) ;
#6933 = VERTEX_POINT ( 'NONE', #2781 ) ;
#6934 = AXIS2_PLACEMENT_3D ( 'NONE', #1973, #1266, #6757 ) ;
#6935 = DIRECTION ( 'NONE',  ( -1.000000000000000000, -0.000000000000000000, -0.000000000000000000 ) ) ;
#6936 = ORIENTED_EDGE ( 'NONE', *, *, #4237, .F. ) ;
#6937 = EDGE_CURVE ( 'NONE', #3544, #2847, #3684, .T. ) ;
#6938 = CARTESIAN_POINT ( 'NONE',  ( 34.24999999999999289, 0.000000000000000000, 0.000000000000000000 ) ) ;
#6939 = CARTESIAN_POINT ( 'NONE',  ( 100.4795380625908052, -0.1676550930109080573, 4.832344906989091804 ) ) ;
#6940 = DIRECTION ( 'NONE',  ( -1.000000000000000000, -0.000000000000000000, -0.000000000000000000 ) ) ;
#6941 = TOROIDAL_SURFACE ( 'NONE', #2223, 1.000000000000000000, 4.000000000000001776 ) ;
#6942 = DIRECTION ( 'NONE',  ( -0.000000000000000000, 1.000000000000000000, 1.224646799147353207E-16 ) ) ;
#6943 = CYLINDRICAL_SURFACE ( 'NONE', #956, 1.000000000000000000 ) ;
#6944 = CARTESIAN_POINT ( 'NONE',  ( 121.4226203301355440, -0.7177365438799137021, -4.282263456120087852 ) ) ;
#6945 = CARTESIAN_POINT ( 'NONE',  ( 6.351573762769645803, -0.4321793203680420192, -4.567820679631958036 ) ) ;
#6946 = B_SPLINE_CURVE_WITH_KNOTS ( 'NONE', 3,
 ( #511, #4012, #5931, #8648, #5177, #2535, #433, #3261, #5979, #592, #8692, #2577, #6016, #5307, #8016, #2614 ),
 .UNSPECIFIED., .F., .F.,
 ( 4, 2, 2, 2, 2, 2, 2, 4 ),
 ( 4.818711198499644711E-07, 0.0008765200830205838872, 0.001314539188970953454, 0.001752558294921319334, 0.002190577400871685215, 0.002628596506822050878, 0.003066615612772416975, 0.003504634718722782639 ),
 .UNSPECIFIED. ) ;
#6947 = CARTESIAN_POINT ( 'NONE',  ( 10.87500000000000000, -3.671958834454336351, -1.328041165545663649 ) ) ;
#6948 = CARTESIAN_POINT ( 'NONE',  ( 83.23827242307173435, -0.4974474678478693068, -4.502552532152130027 ) ) ;
#6949 = CARTESIAN_POINT ( 'NONE',  ( 15.03423771780839147, -4.739198801696341334, -0.2608011983036581660 ) ) ;
#6950 = B_SPLINE_CURVE_WITH_KNOTS ( 'NONE', 3,
 ( #6121, #8833, #5446, #8152, #2039, #7500, #1372, #377, #6380, #82, #1423, #5741, #2389, #7845, #8251, #3115 ),
 .UNSPECIFIED., .F., .F.,
 ( 4, 2, 2, 2, 2, 2, 2, 4 ),
 ( 4.818711198682416421E-07, 0.0008765200830205603600, 0.001314539188970919193, 0.001752558294921278135, 0.002190577400871637076, 0.002628596506821995801, 0.003066615612772354959, 0.003504634718722713684 ),
 .UNSPECIFIED. ) ;
#6951 = EDGE_CURVE ( 'NONE', #7713, #254, #3864, .T. ) ;
#6952 = ORIENTED_EDGE ( 'NONE', *, *, #3560, .F. ) ;
#6953 = PLANE ( 'NONE',  #2643 ) ;
#6954 = LINE ( 'NONE', #152, #1336 ) ;
#6955 = ORIENTED_EDGE ( 'NONE', *, *, #1063, .T. ) ;
#6956 = CARTESIAN_POINT ( 'NONE',  ( 88.42277126958471456, -0.7176137099602811764, -4.282386290039720045 ) ) ;
#6957 = AXIS2_PLACEMENT_3D ( 'NONE', #5546, #34, #6929 ) ;
#6958 = CARTESIAN_POINT ( 'NONE',  ( 2.500000000000000000, 0.000000000000000000, 0.000000000000000000 ) ) ;
#6959 = CARTESIAN_POINT ( 'NONE',  ( 125.0000000000000000, 1.224646799147353207E-16, -1.000000000000000000 ) ) ;
#6960 = CARTESIAN_POINT ( 'NONE',  ( 108.1324020305398363, -4.872131520502868796, 0.1278684794971295668 ) ) ;
#6961 = CARTESIAN_POINT ( 'NONE',  ( 26.03383637236985848, -0.2517800035653022239, -4.748219996434698054 ) ) ;
#6962 = VECTOR ( 'NONE', #5156, 1000.000000000000114 ) ;
#6963 = CIRCLE ( 'NONE', #5109, 1.374999999999999556 ) ;
#6964 = APPLICATION_CONTEXT ( 'configuration controlled 3d designs of mechanical parts and assemblies' ) ;
#6965 = EDGE_CURVE ( 'NONE', #836, #479, #5439, .T. ) ;
#6966 = VERTEX_POINT ( 'NONE', #857 ) ;
#6967 = EDGE_CURVE ( 'NONE', #211, #6594, #4887, .T. ) ;
#6968 = DIRECTION ( 'NONE',  ( 0.000000000000000000, 0.000000000000000000, 1.000000000000000000 ) ) ;
#6969 = DIRECTION ( 'NONE',  ( 0.000000000000000000, 0.000000000000000000, 1.000000000000000000 ) ) ;
#6970 = ORIENTED_EDGE ( 'NONE', *, *, #5113, .T. ) ;
#6971 = CIRCLE ( 'NONE', #3119, 3.904737509655563876 ) ;
#6972 = CARTESIAN_POINT ( 'NONE',  ( 61.74999999999999289, 0.000000000000000000, 0.000000000000000000 ) ) ;
#6973 = DIRECTION ( 'NONE',  ( -0.000000000000000000, 1.000000000000000000, 1.224646799147353207E-16 ) ) ;
#6975 = CIRCLE ( 'NONE', #3120, 3.999999999999996447 ) ;
#6974 = CARTESIAN_POINT ( 'NONE',  ( 87.22625045371992769, -4.359865889253476290, 0.6401341107465227109 ) ) ;
#6976 = CARTESIAN_POINT ( 'NONE',  ( 8.125000000000000000, 0.000000000000000000, 0.000000000000000000 ) ) ;
#6977 = ORIENTED_EDGE ( 'NONE', *, *, #2803, .F. ) ;
#6978 = ORIENTED_EDGE ( 'NONE', *, *, #4826, .F. ) ;
#6979 = EDGE_CURVE ( 'NONE', #7699, #2894, #6535, .T. ) ;
#6980 = CARTESIAN_POINT ( 'NONE',  ( 16.37499999999999645, 0.000000000000000000, 0.000000000000000000 ) ) ;
#6981 = DIRECTION ( 'NONE',  ( 0.000000000000000000, -1.224646799147353207E-16, 1.000000000000000000 ) ) ;
#6982 = ORIENTED_EDGE ( 'NONE', *, *, #4671, .T. ) ;
#6983 = CARTESIAN_POINT ( 'NONE',  ( 5.647365720639773379, -0.9599107665869531791, 4.040089233413046266 ) ) ;
#6984 = VERTEX_POINT ( 'NONE', #7703 ) ;
#6985 = CARTESIAN_POINT ( 'NONE',  ( 39.75000000000000000, 0.000000000000000000, 1.000000000000000000 ) ) ;
#6986 = ORIENTED_EDGE ( 'NONE', *, *, #8637, .F. ) ;
#6987 = CARTESIAN_POINT ( 'NONE',  ( 18.11759796945997891, -0.1278684794971733929, -4.872131520502827939 ) ) ;
#6988 = DIRECTION ( 'NONE',  ( -1.000000000000000000, -0.000000000000000000, -0.000000000000000000 ) ) ;
#6989 = CIRCLE ( 'NONE', #1539, 1.375000000000001332 ) ;
#6990 = ADVANCED_FACE ( 'NONE', ( #5730 ), #7741, .F. ) ;
#6991 = CARTESIAN_POINT ( 'NONE',  ( 76.87500000000000000, -1.328041165545675195, 3.671958834454324805 ) ) ;
#6992 = DIRECTION ( 'NONE',  ( -0.000000000000000000, 1.000000000000000000, 1.224646799147353207E-16 ) ) ;
#6993 = AXIS2_PLACEMENT_3D ( 'NONE', #8046, #4669, #2522 ) ;
#6994 = CARTESIAN_POINT ( 'NONE',  ( 79.62500000000000000, 1.224646799147353207E-16, -1.000000000000000000 ) ) ;
#6995 = CARTESIAN_POINT ( 'NONE',  ( 80.77046193742624780, -4.832344906983755628, 0.1676550930162439002 ) ) ;
#6996 = CARTESIAN_POINT ( 'NONE',  ( 43.22625045371989927, -4.359865889253509152, 0.6401341107464916247 ) ) ;
#6997 = AXIS2_PLACEMENT_3D ( 'NONE', #3649, #147, #229 ) ;
#6998 = EDGE_CURVE ( 'NONE', #8318, #4916, #8659, .T. ) ;
#6999 = CARTESIAN_POINT ( 'NONE',  ( 57.62499999999999289, 0.000000000000000000, 0.000000000000000000 ) ) ;
#7000 = CARTESIAN_POINT ( 'NONE',  ( 112.6249999999998010, 2.822932509281566863E-13, 5.000000000000282441 ) ) ;
#7001 = B_SPLINE_CURVE_WITH_KNOTS ( 'NONE', 3,
 ( #1952, #2675, #1996, #8024, #3489, #6162, #4730, #2720, #7453, #6779, #647, #7418, #5444, #3444, #2811, #3984 ),
 .UNSPECIFIED., .F., .F.,
 ( 4, 2, 2, 2, 2, 2, 2, 4 ),
 ( 4.818711198665872809E-07, 0.0008765200830274456944, 0.001314539188981235377, 0.001752558294935024951, 0.002190577400888814308, 0.002628596506842603882, 0.003066615612796393456, 0.003504634718750183030 ),
 .UNSPECIFIED. ) ;
#7002 = ORIENTED_EDGE ( 'NONE', *, *, #4374, .T. ) ;
#7003 = ORIENTED_EDGE ( 'NONE', *, *, #7311, .T. ) ;
#7004 = CARTESIAN_POINT ( 'NONE',  ( 90.77184353044839327, 6.550317539354315731E-15, 5.000000000000006217 ) ) ;
#7005 = DIRECTION ( 'NONE',  ( 0.000000000000000000, 0.000000000000000000, 1.000000000000000000 ) ) ;
#7006 = CARTESIAN_POINT ( 'NONE',  ( 9.271780584316367424, -0.1593231317801513947, -4.840676868219850881 ) ) ;
#7007 = DIRECTION ( 'NONE',  ( 0.000000000000000000, -1.224646799147353454E-16, 1.000000000000000000 ) ) ;
#7008 = DIRECTION ( 'NONE',  ( -1.000000000000000000, -0.000000000000000000, -0.000000000000000000 ) ) ;
#7009 = ORIENTED_EDGE ( 'NONE', *, *, #6020, .T. ) ;
#7010 = CARTESIAN_POINT ( 'NONE',  ( 47.20631021352427581, -0.03993437491703282632, 4.960065625082966889 ) ) ;
#7011 = CARTESIAN_POINT ( 'NONE',  ( 43.99621622079727956, -1.136863993905375514, 3.863136006094625596 ) ) ;
#7012 = VERTEX_POINT ( 'NONE', #943 ) ;
#7013 = CARTESIAN_POINT ( 'NONE',  ( 66.14736572063974052, -0.9599107665869588413, 4.040089233413040049 ) ) ;
#7014 = DIRECTION ( 'NONE',  ( -1.000000000000000000, -0.000000000000000000, -0.000000000000000000 ) ) ;
#7015 = CARTESIAN_POINT ( 'NONE',  ( 47.63240203055825361, -4.872131520497917201, 0.1278684795020831044 ) ) ;
#7016 = ADVANCED_FACE ( 'NONE', ( #4224 ), #6943, .F. ) ;
#7017 = DIRECTION ( 'NONE',  ( -1.000000000000000000, -0.000000000000000000, -0.000000000000000000 ) ) ;
#7018 = EDGE_CURVE ( 'NONE', #7061, #6191, #8798, .T. ) ;
#7019 = ORIENTED_EDGE ( 'NONE', *, *, #8445, .F. ) ;
#7020 = VERTEX_POINT ( 'NONE', #5066 ) ;
#7021 = CARTESIAN_POINT ( 'NONE',  ( 0.000000000000000000, 0.000000000000000000, 0.000000000000000000 ) ) ;
#7022 = ORIENTED_EDGE ( 'NONE', *, *, #3771, .T. ) ;
#7023 = CARTESIAN_POINT ( 'NONE',  ( 92.03423771780842344, -4.739198801696314689, -0.2608011983036852000 ) ) ;
#7024 = CARTESIAN_POINT ( 'NONE',  ( 101.9212536293830738, -4.991698401479152558, -0.008301598520847809637 ) ) ;
#7025 = CARTESIAN_POINT ( 'NONE',  ( 121.7389075807365231, -4.502910482877267917, 0.4970895171227315834 ) ) ;
#7026 = EDGE_LOOP ( 'NONE', ( #3908, #2492, #1524 ) ) ;
#7027 = CARTESIAN_POINT ( 'NONE',  ( 60.37500000000000000, -3.671958834454334575, -1.328041165545665647 ) ) ;
#7028 = CARTESIAN_POINT ( 'NONE',  ( 97.27046193742624780, -4.832344906983752075, 0.1676550930162465924 ) ) ;
#7029 = CARTESIAN_POINT ( 'NONE',  ( 53.50000000000000000, 0.000000000000000000, 0.000000000000000000 ) ) ;
#7030 = EDGE_CURVE ( 'NONE', #8828, #5909, #393, .T. ) ;
#7031 = CARTESIAN_POINT ( 'NONE',  ( 4.453842755958632438, -0.4907550695741034752, -4.509244930425898801 ) ) ;
#7032 = CARTESIAN_POINT ( 'NONE',  ( 118.1249999999999858, 0.000000000000000000, 1.000000000000000000 ) ) ;
#7033 = DIRECTION ( 'NONE',  ( -1.000000000000000000, -0.000000000000000000, -0.000000000000000000 ) ) ;
#7034 = CARTESIAN_POINT ( 'NONE',  ( 12.09032131224201656, -0.3138588207986880430, -4.686141179201312568 ) ) ;
#7035 = CARTESIAN_POINT ( 'NONE',  ( 87.87500000000000000, -1.328041165545655655, 3.671958834454344345 ) ) ;
#7036 = EDGE_CURVE ( 'NONE', #4916, #2796, #4405, .T. ) ;
#7037 = CARTESIAN_POINT ( 'NONE',  ( 63.12500000002798117, -5.000000000000000888, -4.336808689942017736E-16 ) ) ;
#7038 = CARTESIAN_POINT ( 'NONE',  ( 87.87500000000000000, 0.000000000000000000, 0.000000000000000000 ) ) ;
#7039 = ORIENTED_EDGE ( 'NONE', *, *, #129, .T. ) ;
#7040 = CIRCLE ( 'NONE', #3767, 1.375000000000001332 ) ;
#7041 = CARTESIAN_POINT ( 'NONE',  ( 113.7717805843163603, -0.1593231317801521441, 4.840676868219847329 ) ) ;
#7042 = ORIENTED_EDGE ( 'NONE', *, *, #3448, .T. ) ;
#7043 = ORIENTED_EDGE ( 'NONE', *, *, #1944, .T. ) ;
#7044 = CARTESIAN_POINT ( 'NONE',  ( 93.10122534970069808, -0.9582157396402026794, 4.041784260359796654 ) ) ;
#7045 = DIRECTION ( 'NONE',  ( 0.000000000000000000, 0.000000000000000000, 1.000000000000000000 ) ) ;
#7046 = ADVANCED_FACE ( 'NONE', ( #5025 ), #6666, .T. ) ;
#7047 = CARTESIAN_POINT ( 'NONE',  ( 65.87499999999998579, -3.671958834454331466, 1.328041165545668756 ) ) ;
#7048 = CARTESIAN_POINT ( 'NONE',  ( 66.42277126958471456, -0.7176137099602910574, -4.282386290039709387 ) ) ;
#7049 = CIRCLE ( 'NONE', #44, 3.904737509655565653 ) ;
#7050 = ORIENTED_EDGE ( 'NONE', *, *, #1831, .F. ) ;
#7051 = CARTESIAN_POINT ( 'NONE',  ( 8.850598134014772356, -0.06404366728010654763, 4.935956332719894313 ) ) ;
#7052 = DIRECTION ( 'NONE',  ( -1.000000000000000000, -0.000000000000000000, -0.000000000000000000 ) ) ;
#7053 = ORIENTED_EDGE ( 'NONE', *, *, #671, .F. ) ;
#7054 = ORIENTED_EDGE ( 'NONE', *, *, #6742, .T. ) ;
#7055 = CARTESIAN_POINT ( 'NONE',  ( 79.92125362938301691, -4.991698401479151670, -0.008301598520848999657 ) ) ;
#7056 = DIRECTION ( 'NONE',  ( -1.000000000000000000, -0.000000000000000000, -0.000000000000000000 ) ) ;
#7057 = AXIS2_PLACEMENT_3D ( 'NONE', #435, #2490, #5309 ) ;
#7058 = CARTESIAN_POINT ( 'NONE',  ( 48.82722873042055767, -4.282386290035432808, 0.7176137099645666373 ) ) ;
#7059 = DIRECTION ( 'NONE',  ( -1.000000000000000000, -0.000000000000000000, -0.000000000000000000 ) ) ;
#7060 = VERTEX_POINT ( 'NONE', #6414 ) ;
#7061 = VERTEX_POINT ( 'NONE', #6895 ) ;
#7062 = VERTEX_POINT ( 'NONE', #3505 ) ;
#7063 = CARTESIAN_POINT ( 'NONE',  ( 93.37499999999998579, -3.671958834454324805, -1.328041165545675195 ) ) ;
#7064 = B_SPLINE_CURVE_WITH_KNOTS ( 'NONE', 3,
 ( #2476, #1800, #5921, #1181, #5969, #4553, #584, #6048, #7271, #3330, #8687, #3963 ),
 .UNSPECIFIED., .F., .F.,
 ( 4, 2, 2, 2, 2, 4 ),
 ( 0.003504634718750216423, 0.003941423334025098701, 0.004378211949299981413, 0.005251789179849745970, 0.006125366410399511394, 0.006998943640949275950 ),
 .UNSPECIFIED. ) ;
#7065 = DIRECTION ( 'NONE',  ( 0.000000000000000000, 0.000000000000000000, 1.000000000000000000 ) ) ;
#7066 = EDGE_CURVE ( 'NONE', #1129, #6191, #3774, .T. ) ;
#7067 = CARTESIAN_POINT ( 'NONE',  ( 79.62500000000000000, 0.000000000000000000, 0.000000000000000000 ) ) ;
#7068 = VERTEX_POINT ( 'NONE', #89 ) ;
#7069 = CARTESIAN_POINT ( 'NONE',  ( 70.03423771780843765, -4.739198801696314689, -0.2608011983036852000 ) ) ;
#7070 = ORIENTED_EDGE ( 'NONE', *, *, #6760, .F. ) ;
#7071 = CARTESIAN_POINT ( 'NONE',  ( 79.62499999999978684, 2.818747515117398234E-13, -5.000000000000282441 ) ) ;
#7072 = AXIS2_PLACEMENT_3D ( 'NONE', #3755, #6478, #8524 ) ;
#7073 = AXIS2_PLACEMENT_3D ( 'NONE', #4680, #8775, #2663 ) ;
#7074 = CARTESIAN_POINT ( 'NONE',  ( 5.375000000000000000, -1.328041165545665425, -3.671958834454335019 ) ) ;
#7075 = CARTESIAN_POINT ( 'NONE',  ( 93.37499999999998579, -1.328041165545675195, -3.671958834454324805 ) ) ;
#7076 = EDGE_CURVE ( 'NONE', #6966, #6479, #2479, .T. ) ;
#7077 = DIRECTION ( 'NONE',  ( 0.000000000000000000, 0.000000000000000000, -1.000000000000000000 ) ) ;
#7078 = CARTESIAN_POINT ( 'NONE',  ( 123.0355415424375707, -0.03305267957215556052, -4.966947320427843593 ) ) ;
#7079 = CARTESIAN_POINT ( 'NONE',  ( 6.715762282205543166, -0.2608011982980506516, -4.739198801701948405 ) ) ;
#7080 = AXIS2_PLACEMENT_3D ( 'NONE', #527, #355, #1027 ) ;
#7081 = AXIS2_PLACEMENT_3D ( 'NONE', #4046, #1273, #4009 ) ;
#7082 = CARTESIAN_POINT ( 'NONE',  ( 63.12500000002798117, -5.000000000000000888, -4.336808689942017736E-16 ) ) ;
#7083 = CARTESIAN_POINT ( 'NONE',  ( 27.37500000000000000, -3.671958834454336795, 1.328041165545663649 ) ) ;
#7084 = CARTESIAN_POINT ( 'NONE',  ( 87.01876480693204030, -0.4915337874217322600, -4.508466212578268184 ) ) ;
#7085 = EDGE_CURVE ( 'NONE', #2956, #5745, #4199, .T. ) ;
#7086 = VERTEX_POINT ( 'NONE', #1430 ) ;
#7087 = LINE ( 'NONE', #1001, #3664 ) ;
#7088 = ORIENTED_EDGE ( 'NONE', *, *, #7574, .T. ) ;
#7089 = CARTESIAN_POINT ( 'NONE',  ( 83.01880044884225640, -4.366408635911691150, -0.6335913640883091835 ) ) ;
#7090 = CARTESIAN_POINT ( 'NONE',  ( 79.32874637064229262, -0.008301598518918745090, 4.991698401481080793 ) ) ;
#7091 = FACE_OUTER_BOUND ( 'NONE', #5894, .T. ) ;
#7092 = CARTESIAN_POINT ( 'NONE',  ( 67.47821941570038007, -4.840676868225227025, 0.1593231317747709763 ) ) ;
#7093 = CARTESIAN_POINT ( 'NONE',  ( 79.62500000002799538, -5.000000000000000888, -4.336808689942017736E-16 ) ) ;
#7094 = ORIENTED_EDGE ( 'NONE', *, *, #3466, .T. ) ;
#7095 = EDGE_CURVE ( 'NONE', #6765, #7809, #7289, .T. ) ;
#7096 = CARTESIAN_POINT ( 'NONE',  ( 85.12500000000000000, 0.000000000000000000, 1.000000000000000000 ) ) ;
#7097 = CIRCLE ( 'NONE', #2666, 3.999999999999997335 ) ;
#7098 = CARTESIAN_POINT ( 'NONE',  ( 56.24999999999999289, 0.000000000000000000, 0.000000000000000000 ) ) ;
#7099 = EDGE_LOOP ( 'NONE', ( #768, #5377, #1783, #4393 ) ) ;
#7100 = ORIENTED_EDGE ( 'NONE', *, *, #4905, .T. ) ;
#7101 = CARTESIAN_POINT ( 'NONE',  ( 9.500000000000000000, 1.224646799147353207E-16, -1.000000000000000000 ) ) ;
#7102 = DIRECTION ( 'NONE',  ( 0.000000000000000000, 0.000000000000000000, 1.000000000000000000 ) ) ;
#7103 = DIRECTION ( 'NONE',  ( 0.000000000000000000, 0.000000000000000000, 1.000000000000000000 ) ) ;
#7104 = CARTESIAN_POINT ( 'NONE',  ( 113.3505981340147883, -0.06404366728010883747, -4.935956332719892536 ) ) ;
#7105 = AXIS2_PLACEMENT_3D ( 'NONE', #7067, #5679, #6405 ) ;
#7106 = AXIS2_PLACEMENT_3D ( 'NONE', #2623, #2756, #5482 ) ;
#7107 = ORIENTED_EDGE ( 'NONE', *, *, #2364, .F. ) ;
#7108 = ORIENTED_EDGE ( 'NONE', *, *, #2528, .T. ) ;
#7109 = FACE_OUTER_BOUND ( 'NONE', #8768, .T. ) ;
#7110 = ORIENTED_EDGE ( 'NONE', *, *, #2399, .T. ) ;
#7111 = CIRCLE ( 'NONE', #1671, 3.904737509655557215 ) ;
#7112 = EDGE_CURVE ( 'NONE', #5359, #3756, #7941, .T. ) ;
#7113 = CARTESIAN_POINT ( 'NONE',  ( 54.99621622079727246, -1.136863993905375070, -3.863136006094624264 ) ) ;
#7114 = DIRECTION ( 'NONE',  ( -1.000000000000000000, -0.000000000000000000, -0.000000000000000000 ) ) ;
#7115 = AXIS2_PLACEMENT_3D ( 'NONE', #1899, #4638, #1232 ) ;
#7116 = AXIS2_PLACEMENT_3D ( 'NONE', #4343, #1512, #5533 ) ;
#7117 = VECTOR ( 'NONE', #7033, 1000.000000000000000 ) ;
#7118 = CARTESIAN_POINT ( 'NONE',  ( 110.5237495462865098, -0.6401341107417615195, -4.359865889258237814 ) ) ;
#7119 = ORIENTED_EDGE ( 'NONE', *, *, #7501, .F. ) ;
#7120 = CARTESIAN_POINT ( 'NONE',  ( 65.87499999999998579, 4.781924292710288648E-16, -3.904737509655561212 ) ) ;
#7121 = CIRCLE ( 'NONE', #7953, 3.904737509655565653 ) ;
#7122 = DIRECTION ( 'NONE',  ( 0.000000000000000000, 0.000000000000000000, 1.000000000000000000 ) ) ;
#7123 = AXIS2_PLACEMENT_3D ( 'NONE', #7126, #566, #1243 ) ;
#7124 = CARTESIAN_POINT ( 'NONE',  ( 4.679924016395770714, -0.6328726800982308331, -4.367127319901767279 ) ) ;
#7125 = DIRECTION ( 'NONE',  ( 0.000000000000000000, 0.000000000000000000, 1.000000000000000000 ) ) ;
#7126 = CARTESIAN_POINT ( 'NONE',  ( 0.000000000000000000, 0.000000000000000000, 0.000000000000000000 ) ) ;
#7127 = CARTESIAN_POINT ( 'NONE',  ( 6.716163627644402112, -4.748219996440564472, 0.2517800035594356389 ) ) ;
#7128 = CARTESIAN_POINT ( 'NONE',  ( 132.6250000000000000, 0.000000000000000000, 0.000000000000000000 ) ) ;
#7129 = DIRECTION ( 'NONE',  ( 0.000000000000000000, 0.000000000000000000, 1.000000000000000000 ) ) ;
#7130 = EDGE_CURVE ( 'NONE', #2481, #935, #6963, .T. ) ;
#7131 = EDGE_CURVE ( 'NONE', #59, #32, #3823, .T. ) ;
#7132 = CARTESIAN_POINT ( 'NONE',  ( 16.64736572063977960, -0.9599107665869511807, 4.040089233413049818 ) ) ;
#7133 = TOROIDAL_SURFACE ( 'NONE', #8829, 1.000000000000000000, 1.374999999999994227 ) ;
#7134 = ORIENTED_EDGE ( 'NONE', *, *, #1063, .F. ) ;
#7135 = B_SPLINE_CURVE_WITH_KNOTS ( 'NONE', 3,
 ( #4140, #6810, #2704, #3334, #5340, #1309, #7440, #5513, #7479, #2065, #8053, #1978, #2657, #3968, #4045, #553 ),
 .UNSPECIFIED., .F., .F.,
 ( 4, 2, 2, 2, 2, 2, 2, 4 ),
 ( 4.818711198770751370E-07, 0.0008765200830274537174, 0.001314539188981248604, 0.001752558294935043599, 0.002190577400888838594, 0.002628596506842633806, 0.003066615612796429018, 0.003504634718750223796 ),
 .UNSPECIFIED. ) ;
#7136 = CARTESIAN_POINT ( 'NONE',  ( 113.3505981340147883, -0.06404366728010880971, 4.935956332719892536 ) ) ;
#7137 = ORIENTED_EDGE ( 'NONE', *, *, #6686, .F. ) ;
#7138 = CARTESIAN_POINT ( 'NONE',  ( 91.35059813401475992, -0.06404366728010946197, 4.935956332719890760 ) ) ;
#7139 = CARTESIAN_POINT ( 'NONE',  ( 27.37500000000000000, 4.781924292710293578E-16, -3.904737509655564320 ) ) ;
#7140 = FACE_OUTER_BOUND ( 'NONE', #4141, .T. ) ;
#7141 = CARTESIAN_POINT ( 'NONE',  ( 57.62499999999999289, 0.000000000000000000, 0.000000000000000000 ) ) ;
#7142 = AXIS2_PLACEMENT_3D ( 'NONE', #5456, #3503, #7564 ) ;
#7143 = EDGE_CURVE ( 'NONE', #6814, #8828, #8791, .T. ) ;
#7144 = ORIENTED_EDGE ( 'NONE', *, *, #1457, .F. ) ;
#7145 = DIRECTION ( 'NONE',  ( 0.000000000000000000, 0.000000000000000000, 1.000000000000000000 ) ) ;
#7146 = CARTESIAN_POINT ( 'NONE',  ( 79.62500000000000000, 0.000000000000000000, 0.000000000000000000 ) ) ;
#7147 = VERTEX_POINT ( 'NONE', #4215 ) ;
#7148 = CARTESIAN_POINT ( 'NONE',  ( 116.9795380625907768, -0.1676550930109050042, -4.832344906989094468 ) ) ;
#7149 = CARTESIAN_POINT ( 'NONE',  ( 0.000000000000000000, 1.224646799147353207E-16, -1.000000000000000000 ) ) ;
#7150 = DIRECTION ( 'NONE',  ( 0.000000000000000000, 0.000000000000000000, -1.000000000000000000 ) ) ;
#7151 = CARTESIAN_POINT ( 'NONE',  ( 76.32722873042057188, -4.282386290035391063, 0.7176137099646090478 ) ) ;
#7152 = EDGE_CURVE ( 'NONE', #3940, #2218, #524, .T. ) ;
#7153 = ORIENTED_EDGE ( 'NONE', *, *, #2255, .T. ) ;
#7154 = EDGE_LOOP ( 'NONE', ( #3870, #1699, #7955 ) ) ;
#7155 = CARTESIAN_POINT ( 'NONE',  ( 91.63240203055839572, -4.872131520497873680, -0.1278684795021268750 ) ) ;
#7156 = CARTESIAN_POINT ( 'NONE',  ( 29.97774279211273196, -7.383374442978911437E-15, -4.999999999999990230 ) ) ;
#7157 = DIRECTION ( 'NONE',  ( -1.000000000000000000, -0.000000000000000000, -0.000000000000000000 ) ) ;
#7158 = CARTESIAN_POINT ( 'NONE',  ( 34.47821941570027349, -4.840676868225190610, 0.1593231317748085851 ) ) ;
#7159 = CARTESIAN_POINT ( 'NONE',  ( 104.1012253497006839, -0.9582157396402011251, -4.041784260359799319 ) ) ;
#7160 = ADVANCED_FACE ( 'NONE', ( #8300 ), #8526, .T. ) ;
#7161 = B_SPLINE_CURVE_WITH_KNOTS ( 'NONE', 3,
 ( #2753, #4951, #1501, #3579, #7670, #4293, #3621, #2128, #1555, #4903, #8329, #6296 ),
 .UNSPECIFIED., .F., .F.,
 ( 4, 2, 2, 2, 2, 4 ),
 ( 0.003504634718750216857, 0.003941423334025103906, 0.004378211949299990087, 0.005251789179849764184, 0.006125366410399537415, 0.006998943640949311512 ),
 .UNSPECIFIED. ) ;
#7162 = DIRECTION ( 'NONE',  ( -0.000000000000000000, 1.000000000000000000, 1.224646799147353207E-16 ) ) ;
#7163 = CARTESIAN_POINT ( 'NONE',  ( 107.8505981340147883, -0.06404366728010897625, 4.935956332719892536 ) ) ;
#7164 = CARTESIAN_POINT ( 'NONE',  ( 51.97774279211277104, -9.863486912539498096E-15, 4.999999999999989342 ) ) ;
#7165 = CARTESIAN_POINT ( 'NONE',  ( 99.51880044884224219, -4.366408635911685820, -0.6335913640883145126 ) ) ;
#7166 = CARTESIAN_POINT ( 'NONE',  ( 19.71113448347802688, -4.959369330381692365, 0.04063066961830764934 ) ) ;
#7167 = DIRECTION ( 'NONE',  ( 0.000000000000000000, 0.000000000000000000, 1.000000000000000000 ) ) ;
#7168 = B_SPLINE_CURVE_WITH_KNOTS ( 'NONE', 3,
 ( #7858, #7814, #4436, #6562, #1153, #7190, #6443, #5892, #1106, #1059, #5802, #4519, #3800, #1772, #471, #6597 ),
 .UNSPECIFIED., .F., .F.,
 ( 4, 2, 2, 2, 2, 2, 2, 4 ),
 ( 4.818711198525359572E-07, 0.0008765200830205849714, 0.001314539188970950418, 0.001752558294921315865, 0.002190577400871680878, 0.002628596506822046541, 0.003066615612772411771, 0.003504634718722777435 ),
 .UNSPECIFIED. ) ;
#7169 = CARTESIAN_POINT ( 'NONE',  ( 74.12500000000000000, 0.000000000000000000, 0.000000000000000000 ) ) ;
#7170 = EDGE_LOOP ( 'NONE', ( #6218, #1857, #7309, #5887, #2183, #4952 ) ) ;
#7171 = B_SPLINE_CURVE_WITH_KNOTS ( 'NONE', 3,
 ( #4270, #2287, #2237, #2960, #1656, #7779, #5022, #938, #988, #6452, #5768, #1529 ),
 .UNSPECIFIED., .F., .F.,
 ( 4, 2, 2, 2, 2, 4 ),
 ( 0.003504634718722711081, 0.003941423334001034617, 0.004378211949279357286, 0.005251789179836002623, 0.006125366410392648828, 0.006998943640949294165 ),
 .UNSPECIFIED. ) ;
#7172 = CARTESIAN_POINT ( 'NONE',  ( 120.0117275769369485, -4.502552532146814279, -0.4974474678531852767 ) ) ;
#7173 = EDGE_CURVE ( 'NONE', #6680, #642, #1024, .T. ) ;
#7174 = CARTESIAN_POINT ( 'NONE',  ( 74.12499999999978684, 2.819348912645851850E-13, -5.000000000000282441 ) ) ;
#7175 = CARTESIAN_POINT ( 'NONE',  ( 10.87500000000000000, 4.781924292710293578E-16, -3.904737509655564320 ) ) ;
#7176 = CARTESIAN_POINT ( 'NONE',  ( 57.62500000002779643, -5.000000000000000888, -4.336808689942017736E-16 ) ) ;
#7177 = CARTESIAN_POINT ( 'NONE',  ( 123.6249999999999858, 0.000000000000000000, -5.000000000000000000 ) ) ;
#7178 = TOROIDAL_SURFACE ( 'NONE', #5461, 1.000000000000000000, 3.999999999999997335 ) ;
#7179 = ORIENTED_EDGE ( 'NONE', *, *, #8400, .T. ) ;
#7180 = DIRECTION ( 'NONE',  ( 0.000000000000000000, 0.000000000000000000, 1.000000000000000000 ) ) ;
#7181 = VERTEX_POINT ( 'NONE', #308 ) ;
#7182 = CARTESIAN_POINT ( 'NONE',  ( 57.33253412545228400, -4.991957775359337823, -0.008042224640662750876 ) ) ;
#7183 = VERTEX_POINT ( 'NONE', #218 ) ;
#7184 = ADVANCED_FACE ( 'NONE', ( #2282 ), #5957, .T. ) ;
#7185 = ORIENTED_EDGE ( 'NONE', *, *, #3922, .T. ) ;
#7186 = DIRECTION ( 'NONE',  ( 0.000000000000000000, 0.000000000000000000, 1.000000000000000000 ) ) ;
#7187 = DIRECTION ( 'NONE',  ( 0.000000000000000000, 0.000000000000000000, -1.000000000000000000 ) ) ;
#7188 = TOROIDAL_SURFACE ( 'NONE', #6898, 1.000000000000000000, 1.374999999999994227 ) ;
#7189 = CARTESIAN_POINT ( 'NONE',  ( 109.8749999999999858, 0.000000000000000000, 3.904737509655568761 ) ) ;
#7190 = CARTESIAN_POINT ( 'NONE',  ( 26.51172757693694138, -4.502552532146836484, 0.4974474678531628502 ) ) ;
#7191 = ORIENTED_EDGE ( 'NONE', *, *, #7614, .F. ) ;
#7192 = VERTEX_POINT ( 'NONE', #2955 ) ;
#7193 = CARTESIAN_POINT ( 'NONE',  ( 46.62499999999979394, 2.873490942237762426E-13, -5.000000000000286882 ) ) ;
#7195 = CARTESIAN_POINT ( 'NONE',  ( 103.5117275769369485, -4.502552532146814279, -0.4974474678531852767 ) ) ;
#7194 = CIRCLE ( 'NONE', #5199, 3.904737509655568761 ) ;
#7196 = EDGE_CURVE ( 'NONE', #1094, #8056, #2853, .T. ) ;
#7197 = CARTESIAN_POINT ( 'NONE',  ( 11.42277126958471634, -0.7176137099602841740, 4.282386290039718268 ) ) ;
#7198 = ORIENTED_EDGE ( 'NONE', *, *, #1407, .F. ) ;
#7199 = CARTESIAN_POINT ( 'NONE',  ( 4.086081313658573855, -4.690933072593408859, 0.3090669274065901417 ) ) ;
#7200 = CARTESIAN_POINT ( 'NONE',  ( 45.21616362764436303, -4.748219996440552038, 0.2517800035594495722 ) ) ;
#7201 = B_SPLINE_CURVE_WITH_KNOTS ( 'NONE', 3,
 ( #7683, #4390, #2861, #7058, #4914, #8293, #5047, #7636, #1565, #4304, #7015, #7766, #3674, #1640, #880, #6391 ),
 .UNSPECIFIED., .F., .F.,
 ( 4, 2, 2, 2, 2, 2, 2, 4 ),
 ( 4.818711198515178236E-07, 0.0008765200830206137028, 0.001314539188970994870, 0.001752558294921375930, 0.002190577400871757206, 0.002628596506822138482, 0.003066615612772519324, 0.003504634718722900600 ),
 .UNSPECIFIED. ) ;
#7202 = DIRECTION ( 'NONE',  ( 0.000000000000000000, 0.000000000000000000, 1.000000000000000000 ) ) ;
#7203 = CARTESIAN_POINT ( 'NONE',  ( 107.7063102135242616, -0.03993437491703633047, 4.960065625082964225 ) ) ;
#7204 = EDGE_CURVE ( 'NONE', #6984, #2220, #3253, .T. ) ;
#7205 = CARTESIAN_POINT ( 'NONE',  ( 61.71576228220553872, -0.2608011982980501520, 4.739198801701949293 ) ) ;
#7206 = CARTESIAN_POINT ( 'NONE',  ( 6.978219415700309902, -4.840676868225205709, 0.1593231317747939024 ) ) ;
#7207 = VERTEX_POINT ( 'NONE', #5057 ) ;
#7208 = CARTESIAN_POINT ( 'NONE',  ( 87.75399883711742177, -1.137203174285758012, 3.862796825714241766 ) ) ;
#7209 = CARTESIAN_POINT ( 'NONE',  ( 61.97821941570038717, -4.840676868225232354, 0.1593231317747674791 ) ) ;
#7210 = CARTESIAN_POINT ( 'NONE',  ( 117.5436897864983479, -4.960065625086349961, 0.03993437491365041392 ) ) ;
#7211 = CIRCLE ( 'NONE', #3512, 1.000000000000000000 ) ;
#7212 = DIRECTION ( 'NONE',  ( 0.000000000000000000, 0.000000000000000000, -1.000000000000000000 ) ) ;
#7213 = EDGE_CURVE ( 'NONE', #4195, #7579, #3385, .T. ) ;
#7214 = EDGE_LOOP ( 'NONE', ( #6328, #1768, #7770, #1736 ) ) ;
#7215 = AXIS2_PLACEMENT_3D ( 'NONE', #6976, #7059, #5626 ) ;
#7216 = CIRCLE ( 'NONE', #4079, 1.000000000000000000 ) ;
#7217 = CARTESIAN_POINT ( 'NONE',  ( 116.7499999999999858, 0.000000000000000000, 1.000000000000000000 ) ) ;
#7218 = CIRCLE ( 'NONE', #7499, 1.000000000000000000 ) ;
#7219 = CARTESIAN_POINT ( 'NONE',  ( 49.37500000000000000, -1.328041165545665647, -3.671958834454334575 ) ) ;
#7220 = DIRECTION ( 'NONE',  ( -1.000000000000000000, -0.000000000000000000, -0.000000000000000000 ) ) ;
#7221 = CARTESIAN_POINT ( 'NONE',  ( 50.97821941570026638, -4.840676868225190610, -0.1593231317748086406 ) ) ;
#7222 = DATE_AND_TIME ( #1182, #5339 ) ;
#7223 = AXIS2_PLACEMENT_3D ( 'NONE', #5607, #1220, #5915 ) ;
#7224 = ORIENTED_EDGE ( 'NONE', *, *, #5809, .T. ) ;
#7225 = DIRECTION ( 'NONE',  ( -1.000000000000000000, -0.000000000000000000, -0.000000000000000000 ) ) ;
#7226 = ORIENTED_EDGE ( 'NONE', *, *, #4972, .F. ) ;
#7227 = CARTESIAN_POINT ( 'NONE',  ( 105.0237495462864814, -0.6401341107417679588, -4.359865889258232485 ) ) ;
#7228 = ORIENTED_EDGE ( 'NONE', *, *, #7469, .T. ) ;
#7229 = CARTESIAN_POINT ( 'NONE',  ( 43.23119955116401769, -0.6335913640930925794, 4.366408635906907421 ) ) ;
#7230 = CARTESIAN_POINT ( 'NONE',  ( 93.37499999999998579, -3.671958834454324805, 1.328041165545675195 ) ) ;
#7231 = CARTESIAN_POINT ( 'NONE',  ( 98.75378377920370099, -3.863136006093112584, 1.136863993906888082 ) ) ;
#7232 = CARTESIAN_POINT ( 'NONE',  ( 64.49999999999998579, 0.000000000000000000, 1.000000000000000000 ) ) ;
#7233 = EDGE_LOOP ( 'NONE', ( #1161, #4597, #7721, #4198 ) ) ;
#7234 = EDGE_CURVE ( 'NONE', #6563, #7447, #5916, .T. ) ;
#7235 = EDGE_CURVE ( 'NONE', #347, #7729, #3157, .T. ) ;
#7236 = ORIENTED_EDGE ( 'NONE', *, *, #6076, .T. ) ;
#7237 = AXIS2_PLACEMENT_3D ( 'NONE', #8738, #5184, #4524 ) ;
#7238 = ORIENTED_EDGE ( 'NONE', *, *, #4949, .F. ) ;
#7239 = ORIENTED_EDGE ( 'NONE', *, *, #8543, .T. ) ;
#7240 = DIRECTION ( 'NONE',  ( 0.000000000000000000, 0.000000000000000000, 1.000000000000000000 ) ) ;
#7241 = CARTESIAN_POINT ( 'NONE',  ( 74.12500000000000000, 0.000000000000000000, 0.000000000000000000 ) ) ;
#7242 = B_SPLINE_CURVE_WITH_KNOTS ( 'NONE', 3,
 ( #6307, #7113, #5720, #8480, #1608, #3677, #983, #8438, #2321, #1020, #7690, #5054, #3724, #6446, #306, #3049 ),
 .UNSPECIFIED., .F., .F.,
 ( 4, 2, 2, 2, 2, 2, 2, 4 ),
 ( 4.818711198559719464E-07, 0.0008765200830274418996, 0.001314539188981234076, 0.001752558294935026469, 0.002190577400888818211, 0.002628596506842610821, 0.003066615612796402997, 0.003504634718750195173 ),
 .UNSPECIFIED. ) ;
#7243 = CARTESIAN_POINT ( 'NONE',  ( 12.21576228220554405, -0.2608011982980508736, 4.739198801701948405 ) ) ;
#7244 = ORIENTED_EDGE ( 'NONE', *, *, #6421, .T. ) ;
#7245 = CIRCLE ( 'NONE', #2676, 3.999999999999996447 ) ;
#7246 = FACE_OUTER_BOUND ( 'NONE', #5174, .T. ) ;
#7247 = AXIS2_PLACEMENT_3D ( 'NONE', #3038, #5089, #7145 ) ;
#7248 = CARTESIAN_POINT ( 'NONE',  ( 45.47821941570026638, -4.840676868225194163, 0.1593231317748071696 ) ) ;
#7249 = VERTEX_POINT ( 'NONE', #1825 ) ;
#7250 = EDGE_CURVE ( 'NONE', #3272, #3670, #5524, .T. ) ;
#7251 = AXIS2_PLACEMENT_3D ( 'NONE', #574, #7465, #8794 ) ;
#7252 = CIRCLE ( 'NONE', #4112, 1.000000000000000000 ) ;
#7253 = AXIS2_PLACEMENT_3D ( 'NONE', #2810, #6973, #2081 ) ;
#7254 = CARTESIAN_POINT ( 'NONE',  ( 13.62500000000000000, 0.000000000000000000, 0.000000000000000000 ) ) ;
#7255 = DIRECTION ( 'NONE',  ( -1.000000000000000000, -0.000000000000000000, -0.000000000000000000 ) ) ;
#7256 = AXIS2_PLACEMENT_3D ( 'NONE', #410, #7833, #1030 ) ;
#7257 = FACE_OUTER_BOUND ( 'NONE', #1290, .T. ) ;
#7258 = ORIENTED_EDGE ( 'NONE', *, *, #5125, .T. ) ;
#7259 = AXIS2_PLACEMENT_3D ( 'NONE', #5235, #7827, #3138 ) ;
#7260 = DIRECTION ( 'NONE',  ( -1.000000000000000000, -0.000000000000000000, -0.000000000000000000 ) ) ;
#7261 = CARTESIAN_POINT ( 'NONE',  ( 19.12500000000000000, 0.000000000000000000, 1.000000000000000000 ) ) ;
#7262 = TOROIDAL_SURFACE ( 'NONE', #8390, 1.000000000000000000, 3.999999999999997335 ) ;
#7263 = CARTESIAN_POINT ( 'NONE',  ( 27.37500000000000000, -3.671958834454336351, -1.328041165545663871 ) ) ;
#7264 = EDGE_CURVE ( 'NONE', #7086, #1600, #3969, .T. ) ;
#7265 = CIRCLE ( 'NONE', #5267, 3.999999999999997335 ) ;
#7266 = FACE_OUTER_BOUND ( 'NONE', #7288, .T. ) ;
#7267 = ORIENTED_EDGE ( 'NONE', *, *, #3304, .F. ) ;
#7268 = CARTESIAN_POINT ( 'NONE',  ( 30.12500000000000000, 0.000000000000000000, 0.000000000000000000 ) ) ;
#7269 = FACE_OUTER_BOUND ( 'NONE', #1310, .T. ) ;
#7270 = CARTESIAN_POINT ( 'NONE',  ( 77.85157376276964669, -0.4321793203680497908, 4.567820679631950931 ) ) ;
#7271 = CARTESIAN_POINT ( 'NONE',  ( 81.73119955116401059, -0.6335913640930906920, -4.366408635906910085 ) ) ;
#7272 = CARTESIAN_POINT ( 'NONE',  ( 117.8325341254524545, -4.991957775359346705, -0.008042224640653706028 ) ) ;
#7273 = PERSON_AND_ORGANIZATION ( #4635, #6914 ) ;
#7274 = ADVANCED_FACE ( 'NONE', ( #1868 ), #658, .T. ) ;
#7275 = CIRCLE ( 'NONE', #2973, 4.000000000000000000 ) ;
#7276 = ORIENTED_EDGE ( 'NONE', *, *, #5023, .T. ) ;
#7277 = DIRECTION ( 'NONE',  ( -1.000000000000000000, -0.000000000000000000, -0.000000000000000000 ) ) ;
#7278 = EDGE_LOOP ( 'NONE', ( #6484, #3155, #2897 ) ) ;
#7279 = FACE_OUTER_BOUND ( 'NONE', #3166, .T. ) ;
#7280 = EDGE_LOOP ( 'NONE', ( #4168, #6473, #6155 ) ) ;
#7281 = CARTESIAN_POINT ( 'NONE',  ( 67.21576228220551741, -0.2608011982980543153, 4.739198801701945740 ) ) ;
#7282 = DIRECTION ( 'NONE',  ( -1.000000000000000000, -0.000000000000000000, -0.000000000000000000 ) ) ;
#7283 = AXIS2_PLACEMENT_3D ( 'NONE', #3738, #320, #862 ) ;
#7284 = CARTESIAN_POINT ( 'NONE',  ( 122.2499999999999858, 0.000000000000000000, 0.000000000000000000 ) ) ;
#7285 = CARTESIAN_POINT ( 'NONE',  ( 68.62499999999978684, 2.819348912645851850E-13, -5.000000000000282441 ) ) ;
#7286 = VERTEX_POINT ( 'NONE', #7900 ) ;
#7287 = ORIENTED_EDGE ( 'NONE', *, *, #4276, .T. ) ;
#7288 = EDGE_LOOP ( 'NONE', ( #978, #5749, #2884, #7378 ) ) ;
#7289 = B_SPLINE_CURVE_WITH_KNOTS ( 'NONE', 3,
 ( #4738, #4124, #8639, #4167, #3917, #7965, #6788, #5499, #3247, #2727, #5966, #2095 ),
 .UNSPECIFIED., .F., .F.,
 ( 4, 2, 2, 2, 2, 4 ),
 ( 0.003504634718750202979, 0.003941423334025088293, 0.004378211949299973607, 0.005251789179849743368, 0.006125366410399513128, 0.006998943640949283757 ),
 .UNSPECIFIED. ) ;
#7290 = CARTESIAN_POINT ( 'NONE',  ( 68.04368978649831945, -4.960065625086349073, -0.03993437491365047637 ) ) ;
#7291 = DIRECTION ( 'NONE',  ( -0.000000000000000000, 1.000000000000000000, 1.224646799147353207E-16 ) ) ;
#7292 = ADVANCED_FACE ( 'NONE', ( #4484 ), #4674, .T. ) ;
#7293 = CARTESIAN_POINT ( 'NONE',  ( 38.37499999999999289, -3.671958834454339460, 1.328041165545660540 ) ) ;
#7294 = ORIENTED_EDGE ( 'NONE', *, *, #2270, .F. ) ;
#7295 = ADVANCED_FACE ( 'NONE', ( #5857 ), #236, .T. ) ;
#7296 = DIRECTION ( 'NONE',  ( -1.000000000000000000, -0.000000000000000000, -0.000000000000000000 ) ) ;
#7297 = CARTESIAN_POINT ( 'NONE',  ( 102.3505981340147599, -0.06404366728011018361, -4.935956332719889872 ) ) ;
#7298 = ORIENTED_EDGE ( 'NONE', *, *, #4801, .T. ) ;
#7299 = FACE_OUTER_BOUND ( 'NONE', #1108, .T. ) ;
#7300 = CARTESIAN_POINT ( 'NONE',  ( 83.71576228220554583, -0.2608011982980542598, 4.739198801701945740 ) ) ;
#7301 = EDGE_LOOP ( 'NONE', ( #7735, #7732, #7369, #928, #7888, #7558 ) ) ;
#7302 = CARTESIAN_POINT ( 'NONE',  ( 98.23119955116399638, -0.6335913640930986857, 4.366408635906902980 ) ) ;
#7303 = ORIENTED_EDGE ( 'NONE', *, *, #8598, .T. ) ;
#7304 = EDGE_CURVE ( 'NONE', #1592, #7060, #373, .T. ) ;
#7305 = CARTESIAN_POINT ( 'NONE',  ( 38.49621622079730088, -1.136863993905377956, 3.863136006094623376 ) ) ;
#7306 = DIRECTION ( 'NONE',  ( 0.000000000000000000, 0.000000000000000000, 1.000000000000000000 ) ) ;
#7307 = CARTESIAN_POINT ( 'NONE',  ( 18.54368978649820932, -4.960065625086332197, 0.03993437491366732400 ) ) ;
#7308 = CARTESIAN_POINT ( 'NONE',  ( 73.39940186600668426, -4.935956332723948847, -0.06404366727605186049 ) ) ;
#7309 = ORIENTED_EDGE ( 'NONE', *, *, #8837, .T. ) ;
#7310 = CARTESIAN_POINT ( 'NONE',  ( 96.27225720791405195, -4.999999999998968825, -1.033198507083057943E-12 ) ) ;
#7311 = EDGE_CURVE ( 'NONE', #2167, #8342, #3939, .T. ) ;
#7312 = CARTESIAN_POINT ( 'NONE',  ( 29.97815646955138291, -5.000000000000002665, -1.647761426725337523E-15 ) ) ;
#7313 = CARTESIAN_POINT ( 'NONE',  ( 73.53886551654430548, -0.04063066961492946272, -4.959369330385070107 ) ) ;
#7314 = CARTESIAN_POINT ( 'NONE',  ( 12.47821941570033388, -4.840676868225211038, 0.1593231317747876852 ) ) ;
#7315 = CARTESIAN_POINT ( 'NONE',  ( 98.87499999999998579, 0.000000000000000000, 0.000000000000000000 ) ) ;
#7316 = CARTESIAN_POINT ( 'NONE',  ( 60.37500000000000000, -3.671958834454334575, 1.328041165545665647 ) ) ;
#7317 = COORDINATED_UNIVERSAL_TIME_OFFSET ( 3, 30, .AHEAD. ) ;
#7318 = DIRECTION ( 'NONE',  ( 0.000000000000000000, 0.000000000000000000, 1.000000000000000000 ) ) ;
#7319 = ORIENTED_EDGE ( 'NONE', *, *, #6086, .F. ) ;
#7320 = CARTESIAN_POINT ( 'NONE',  ( 19.12500000000000000, 1.224646799147353207E-16, -1.000000000000000000 ) ) ;
#7321 = EDGE_CURVE ( 'NONE', #2748, #8211, #4262, .T. ) ;
#7322 = VERTEX_POINT ( 'NONE', #3311 ) ;
#7323 = CARTESIAN_POINT ( 'NONE',  ( 67.09032131224202544, -0.3138588207986942047, 4.686141179201305462 ) ) ;
#7324 = CARTESIAN_POINT ( 'NONE',  ( 74.12500000000000000, 0.000000000000000000, 1.000000000000000000 ) ) ;
#7325 = DIRECTION ( 'NONE',  ( 0.000000000000000000, 0.000000000000000000, 1.000000000000000000 ) ) ;
#7326 = CARTESIAN_POINT ( 'NONE',  ( 105.7161636276300385, -4.748219996434642098, 0.2517800035653582902 ) ) ;
#7327 = ORIENTED_EDGE ( 'NONE', *, *, #3220, .F. ) ;
#7328 = ORIENTED_EDGE ( 'NONE', *, *, #6622, .F. ) ;
#7329 = CARTESIAN_POINT ( 'NONE',  ( 68.62499999999998579, 0.000000000000000000, 0.000000000000000000 ) ) ;
#7330 = CARTESIAN_POINT ( 'NONE',  ( 111.4782194157003943, -4.840676868225227025, -0.1593231317747716147 ) ) ;
#7331 = ORIENTED_EDGE ( 'NONE', *, *, #6731, .T. ) ;
#7332 = AXIS2_PLACEMENT_3D ( 'NONE', #7970, #1851, #4506 ) ;
#7333 = CARTESIAN_POINT ( 'NONE',  ( 13.47774279211275150, -9.161508357502495112E-15, 4.999999999999992006 ) ) ;
#7334 = DIRECTION ( 'NONE',  ( -1.000000000000000000, -0.000000000000000000, -0.000000000000000000 ) ) ;
#7335 = CARTESIAN_POINT ( 'NONE',  ( 46.47815646957785418, -5.000000000001022293, -1.021846677403076640E-12 ) ) ;
#7336 = ORIENTED_EDGE ( 'NONE', *, *, #7235, .F. ) ;
#7337 = AXIS2_PLACEMENT_3D ( 'NONE', #6578, #7744, #1620 ) ;
#7338 = EDGE_CURVE ( 'NONE', #6290, #5145, #8667, .T. ) ;
#7339 = CARTESIAN_POINT ( 'NONE',  ( 51.54368978649817024, -4.960065625086326868, 0.03993437491367413800 ) ) ;
#7340 = CARTESIAN_POINT ( 'NONE',  ( 4.081559566792507532, -0.3071356251192455256, 4.692864374880755918 ) ) ;
#7341 = DIRECTION ( 'NONE',  ( 0.000000000000000000, 0.000000000000000000, 1.000000000000000000 ) ) ;
#7342 = ORIENTED_EDGE ( 'NONE', *, *, #3931, .T. ) ;
#7343 = CARTESIAN_POINT ( 'NONE',  ( 132.6250000000000000, 0.000000000000000000, 5.000000000000000000 ) ) ;
#7344 = AXIS2_PLACEMENT_3D ( 'NONE', #1258, #6792, #3996 ) ;
#7345 = CARTESIAN_POINT ( 'NONE',  ( 52.12500000000000000, 0.000000000000000000, 0.000000000000000000 ) ) ;
#7346 = DIRECTION ( 'NONE',  ( 0.000000000000000000, 0.000000000000000000, 1.000000000000000000 ) ) ;
#7347 = EDGE_CURVE ( 'NONE', #7729, #6205, #4449, .T. ) ;
#7348 = ADVANCED_FACE ( 'NONE', ( #6879 ), #5964, .F. ) ;
#7349 = CARTESIAN_POINT ( 'NONE',  ( 55.14877465030176751, -4.041784260362667247, 0.9582157396373326419 ) ) ;
#7350 = VERTEX_POINT ( 'NONE', #4061 ) ;
#7351 = CARTESIAN_POINT ( 'NONE',  ( 98.87499999999998579, -3.671958834454324805, -1.328041165545675195 ) ) ;
#7352 = CARTESIAN_POINT ( 'NONE',  ( 49.10122534970070518, -0.9582157396401950189, -4.041784260359805536 ) ) ;
#7353 = CARTESIAN_POINT ( 'NONE',  ( 11.51880044884222620, -4.366408635911674274, 0.6335913640883247266 ) ) ;
#7354 = FACE_OUTER_BOUND ( 'NONE', #797, .T. ) ;
#7355 = CARTESIAN_POINT ( 'NONE',  ( 50.01880044884220666, -4.366408635911658287, -0.6335913640883421571 ) ) ;
#7356 = B_SPLINE_CURVE_WITH_KNOTS ( 'NONE', 3,
 ( #8161, #3995, #5414, #8212, #1384, #6081, #759, #4703, #1432, #4126, #7428, #8122 ),
 .UNSPECIFIED., .F., .F.,
 ( 4, 2, 2, 2, 2, 4 ),
 ( 0.003504634718750195607, 0.003941423334025082222, 0.004378211949299969270, 0.005251789179849742500, 0.006125366410399516598, 0.006998943640949289828 ),
 .UNSPECIFIED. ) ;
#7357 = ADVANCED_FACE ( 'NONE', ( #567 ), #2541, .F. ) ;
#7358 = AXIS2_PLACEMENT_3D ( 'NONE', #881, #5050, #6305 ) ;
#7359 = CIRCLE ( 'NONE', #8050, 3.904737509655557215 ) ;
#7360 = AXIS2_PLACEMENT_3D ( 'NONE', #6294, #3577, #7045 ) ;
#7361 = DIRECTION ( 'NONE',  ( 0.000000000000000000, 0.000000000000000000, 1.000000000000000000 ) ) ;
#7362 = ORIENTED_EDGE ( 'NONE', *, *, #6488, .F. ) ;
#7363 = CARTESIAN_POINT ( 'NONE',  ( 106.1175979694599647, -0.1278684794971787775, -4.872131520502821722 ) ) ;
#7364 = ORIENTED_EDGE ( 'NONE', *, *, #7746, .T. ) ;
#7365 = TOROIDAL_SURFACE ( 'NONE', #1509, 1.000000000000000000, 4.000000000000000000 ) ;
#7366 = CIRCLE ( 'NONE', #2362, 1.000000000000000000 ) ;
#7367 = CARTESIAN_POINT ( 'NONE',  ( 118.7111344834781477, -4.959369330381671048, 0.04063066961832866031 ) ) ;
#7368 = CARTESIAN_POINT ( 'NONE',  ( 35.91746587457269868, -0.008042224642538188181, 4.991957775357462879 ) ) ;
#7369 = ORIENTED_EDGE ( 'NONE', *, *, #2053, .T. ) ;
#7370 = ADVANCED_FACE ( 'NONE', ( #6833 ), #4827, .T. ) ;
#7371 = ORIENTED_EDGE ( 'NONE', *, *, #472, .T. ) ;
#7372 = CARTESIAN_POINT ( 'NONE',  ( 103.8272287304205577, -4.282386290035391063, 0.7176137099646090478 ) ) ;
#7373 = CARTESIAN_POINT ( 'NONE',  ( 96.12499999999998579, 1.224646799147353207E-16, -1.000000000000000000 ) ) ;
#7374 = DIRECTION ( 'NONE',  ( -1.000000000000000000, -0.000000000000000000, -0.000000000000000000 ) ) ;
#7375 = CARTESIAN_POINT ( 'NONE',  ( 41.12500000000000000, 0.000000000000000000, 0.000000000000000000 ) ) ;
#7376 = CARTESIAN_POINT ( 'NONE',  ( 106.5388655165443339, -0.04063066961493030926, 4.959369330385070107 ) ) ;
#7377 = CARTESIAN_POINT ( 'NONE',  ( 47.35334765086491160, -4.935408751168119501, -0.06459124883188094302 ) ) ;
#7378 = ORIENTED_EDGE ( 'NONE', *, *, #3961, .T. ) ;
#7379 = CARTESIAN_POINT ( 'NONE',  ( 26.39842623724025472, -4.567820679626485081, -0.4321793203735164735 ) ) ;
#7380 = CARTESIAN_POINT ( 'NONE',  ( 19.71113448347802333, -4.959369330381691476, -0.04063066961830812812 ) ) ;
#7381 = CARTESIAN_POINT ( 'NONE',  ( 95.82874637064227841, -0.008301598518917907218, -4.991698401481082570 ) ) ;
#7382 = AXIS2_PLACEMENT_3D ( 'NONE', #7329, #518, #8021 ) ;
#7383 = ORIENTED_EDGE ( 'NONE', *, *, #5617, .T. ) ;
#7384 = CARTESIAN_POINT ( 'NONE',  ( 69.63240203055840993, -4.872131520497874568, 0.1278684795021269582 ) ) ;
#7385 = CARTESIAN_POINT ( 'NONE',  ( 30.71113448345549202, -4.959369330385105634, -0.04063066961489460865 ) ) ;
#7386 = CARTESIAN_POINT ( 'NONE',  ( 116.9782194157003659, -4.840676868225229690, 0.1593231317747706433 ) ) ;
#7387 = TOROIDAL_SURFACE ( 'NONE', #5530, 1.000000000000000000, 3.999999999999997335 ) ;
#7388 = AXIS2_PLACEMENT_3D ( 'NONE', #2851, #5577, #5614 ) ;
#7389 = CARTESIAN_POINT ( 'NONE',  ( 72.97821941570038007, -4.840676868225227025, -0.1593231317747715869 ) ) ;
#7390 = AXIS2_PLACEMENT_3D ( 'NONE', #6938, #7778, #1655 ) ;
#7391 = ORIENTED_EDGE ( 'NONE', *, *, #4917, .T. ) ;
#7392 = CARTESIAN_POINT ( 'NONE',  ( 109.0187648069320687, -0.4915337874217318159, -4.508466212578269072 ) ) ;
#7393 = DIRECTION ( 'NONE',  ( 0.000000000000000000, 0.000000000000000000, 1.000000000000000000 ) ) ;
#7394 = TOROIDAL_SURFACE ( 'NONE', #6676, 1.000000000000000000, 4.000000000000000000 ) ;
#7395 = CARTESIAN_POINT ( 'NONE',  ( 121.1502776777137314, -4.043148172725537393, -0.9568518272744624964 ) ) ;
#7396 = EDGE_CURVE ( 'NONE', #4599, #4916, #7001, .T. ) ;
#7397 = CARTESIAN_POINT ( 'NONE',  ( 65.75378377920364414, -3.863136006093118802, -1.136863993906882531 ) ) ;
#7398 = DIRECTION ( 'NONE',  ( -1.000000000000000000, -0.000000000000000000, -0.000000000000000000 ) ) ;
#7399 = ADVANCED_FACE ( 'NONE', ( #1909 ), #2972, .F. ) ;
#7400 = AXIS2_PLACEMENT_3D ( 'NONE', #7241, #1285, #8701 ) ;
#7401 = AXIS2_PLACEMENT_3D ( 'NONE', #5249, #6580, #3876 ) ;
#7402 = DIRECTION ( 'NONE',  ( 0.000000000000000000, 0.000000000000000000, 1.000000000000000000 ) ) ;
#7403 = CARTESIAN_POINT ( 'NONE',  ( 79.62499999999978684, 2.819526785428872190E-13, 5.000000000000282441 ) ) ;
#7404 = ORIENTED_EDGE ( 'NONE', *, *, #1887, .F. ) ;
#7405 = CARTESIAN_POINT ( 'NONE',  ( 11.14877465030178527, -4.041784260362676129, -0.9582157396373234270 ) ) ;
#7406 = EDGE_LOOP ( 'NONE', ( #3758, #4245, #7998 ) ) ;
#7407 = VERTEX_POINT ( 'NONE', #4109 ) ;
#7408 = CARTESIAN_POINT ( 'NONE',  ( 66.85157376276964669, -0.4321793203680486806, 4.567820679631951819 ) ) ;
#7409 = CARTESIAN_POINT ( 'NONE',  ( 119.4999999999999858, 0.000000000000000000, 1.000000000000000000 ) ) ;
#7410 = ADVANCED_FACE ( 'NONE', ( #1289, #28 ), #703, .F. ) ;
#7411 = CARTESIAN_POINT ( 'NONE',  ( 113.2111344834781193, -4.959369330381670160, -0.04063066961832854235 ) ) ;
#7412 = CARTESIAN_POINT ( 'NONE',  ( 95.97815646957799629, -5.000000000001025846, 1.024875031947747173E-12 ) ) ;
#7413 = ORIENTED_EDGE ( 'NONE', *, *, #8340, .T. ) ;
#7414 = DIRECTION ( 'NONE',  ( -1.000000000000000000, -0.000000000000000000, -0.000000000000000000 ) ) ;
#7415 = DIRECTION ( 'NONE',  ( 0.000000000000000000, 0.000000000000000000, 1.000000000000000000 ) ) ;
#7416 = CIRCLE ( 'NONE', #699, 1.000000000000000000 ) ;
#7417 = DIRECTION ( 'NONE',  ( 0.000000000000000000, 0.000000000000000000, -1.000000000000000000 ) ) ;
#7418 = CARTESIAN_POINT ( 'NONE',  ( 117.3966523491559713, -0.06459124882792273425, 4.935408751172076336 ) ) ;
#7419 = ORIENTED_EDGE ( 'NONE', *, *, #6359, .F. ) ;
#7420 = ADVANCED_FACE ( 'NONE', ( #2999 ), #6675, .T. ) ;
#7421 = CARTESIAN_POINT ( 'NONE',  ( 57.62499999999978684, 2.871737586104897556E-13, 5.000000000000286882 ) ) ;
#7422 = EDGE_LOOP ( 'NONE', ( #6838, #6050, #6064, #2149 ) ) ;
#7423 = TOROIDAL_SURFACE ( 'NONE', #3584, 1.000000000000000000, 3.999999999999997335 ) ;
#7424 = DIRECTION ( 'NONE',  ( 0.000000000000000000, 0.000000000000000000, 1.000000000000000000 ) ) ;
#7425 = CARTESIAN_POINT ( 'NONE',  ( 5.375000000000000000, -1.328041165545665425, 3.671958834454335019 ) ) ;
#7426 = VERTEX_POINT ( 'NONE', #921 ) ;
#7427 = EDGE_CURVE ( 'NONE', #2168, #2499, #8378, .T. ) ;
#7428 = CARTESIAN_POINT ( 'NONE',  ( 60.25399883711746440, -1.137203174285768004, 3.862796825714232440 ) ) ;
#7429 = CARTESIAN_POINT ( 'NONE',  ( 103.0000000000000000, 1.224646799147353207E-16, -1.000000000000000000 ) ) ;
#7430 = DIRECTION ( 'NONE',  ( -1.000000000000000000, -0.000000000000000000, -0.000000000000000000 ) ) ;
#7431 = CARTESIAN_POINT ( 'NONE',  ( 107.2718435304483791, 5.404070203482437741E-15, -5.000000000000007105 ) ) ;
#7432 = CARTESIAN_POINT ( 'NONE',  ( 92.03383637236983361, -0.2517800035653059987, -4.748219996434693613 ) ) ;
#7433 = CARTESIAN_POINT ( 'NONE',  ( 122.6196127906160882, -4.872698163711057795, -0.1273018362889424271 ) ) ;
#7434 = CARTESIAN_POINT ( 'NONE',  ( 111.4782194157003943, -4.840676868225227025, 0.1593231317747716425 ) ) ;
#7435 = CARTESIAN_POINT ( 'NONE',  ( 98.87499999999998579, 0.000000000000000000, 0.000000000000000000 ) ) ;
#7436 = CARTESIAN_POINT ( 'NONE',  ( 84.82874637064230683, -0.008301598518919062544, -4.991698401481080793 ) ) ;
#7437 = CARTESIAN_POINT ( 'NONE',  ( 13.62500000000000000, 1.224646799147353207E-16, -1.000000000000000000 ) ) ;
#7438 = PRODUCT_DEFINITION ( 'UNKNOWN', '', #198, #6281 ) ;
#7439 = ADVANCED_FACE ( 'NONE', ( #207 ), #4548, .T. ) ;
#7440 = CARTESIAN_POINT ( 'NONE',  ( 39.35157376276964669, -0.4321793203680423523, -4.567820679631958924 ) ) ;
#7441 = ORIENTED_EDGE ( 'NONE', *, *, #3284, .F. ) ;
#7442 = ORIENTED_EDGE ( 'NONE', *, *, #5233, .F. ) ;
#7443 = CARTESIAN_POINT ( 'NONE',  ( 89.21576228220553162, -0.2608011982980492083, -4.739198801701950181 ) ) ;
#7444 = PLANE ( 'NONE',  #1925 ) ;
#7445 = CARTESIAN_POINT ( 'NONE',  ( 119.5342377178084377, -4.739198801696314689, 0.2608011983036852000 ) ) ;
#7446 = FACE_OUTER_BOUND ( 'NONE', #3701, .T. ) ;
#7447 = VERTEX_POINT ( 'NONE', #6921 ) ;
#7448 = EDGE_LOOP ( 'NONE', ( #2400, #7088, #3970 ) ) ;
#7449 = EDGE_CURVE ( 'NONE', #2993, #634, #6097, .T. ) ;
#7450 = LINE ( 'NONE', #3345, #958 ) ;
#7451 = CARTESIAN_POINT ( 'NONE',  ( 57.62499999999978684, 2.873490942237762426E-13, -5.000000000000286882 ) ) ;
#7452 = CARTESIAN_POINT ( 'NONE',  ( 52.12500000000000000, 1.224646799147353207E-16, -1.000000000000000000 ) ) ;
#7453 = CARTESIAN_POINT ( 'NONE',  ( 116.7157622822055458, -0.2608011982980491528, 4.739198801701950181 ) ) ;
#7454 = ORIENTED_EDGE ( 'NONE', *, *, #5648, .F. ) ;
#7455 = CARTESIAN_POINT ( 'NONE',  ( 82.64877465030178882, -4.041784260362685011, 0.9582157396373149894 ) ) ;
#7456 = CYLINDRICAL_SURFACE ( 'NONE', #5924, 1.000000000000000000 ) ;
#7457 = ORIENTED_EDGE ( 'NONE', *, *, #4139, .T. ) ;
#7458 = B_SPLINE_CURVE_WITH_KNOTS ( 'NONE', 3,
 ( #7656, #1665, #8310, #2924, #4320, #7705, #1536, #7034, #4985, #2158, #8450, #2966, #145, #2244, #1618, #2332 ),
 .UNSPECIFIED., .F., .F.,
 ( 4, 2, 2, 2, 2, 2, 2, 4 ),
 ( 4.818711198596888328E-07, 0.0008765200830274451523, 0.001314539188981237979, 0.001752558294935030589, 0.002190577400888822981, 0.002628596506842616025, 0.003066615612796408635, 0.003504634718750201244 ),
 .UNSPECIFIED. ) ;
#7459 = ADVANCED_FACE ( 'NONE', ( #3587 ), #7529, .T. ) ;
#7460 = FACE_OUTER_BOUND ( 'NONE', #3944, .T. ) ;
#7461 = CIRCLE ( 'NONE', #3480, 1.500000000000000000 ) ;
#7462 = FACE_OUTER_BOUND ( 'NONE', #5627, .T. ) ;
#7463 = DIRECTION ( 'NONE',  ( -0.000000000000000000, 1.000000000000000000, 1.224646799147353207E-16 ) ) ;
#7464 = EDGE_LOOP ( 'NONE', ( #3495, #3122, #463, #4821 ) ) ;
#7465 = DIRECTION ( 'NONE',  ( -1.000000000000000000, -0.000000000000000000, -0.000000000000000000 ) ) ;
#7466 = CARTESIAN_POINT ( 'NONE',  ( 119.4999999999999858, 0.000000000000000000, 0.000000000000000000 ) ) ;
#7467 = DIRECTION ( 'NONE',  ( 0.000000000000000000, -1.000000000000000000, 0.000000000000000000 ) ) ;
#7468 = CIRCLE ( 'NONE', #3635, 1.000000000000000000 ) ;
#7469 = EDGE_CURVE ( 'NONE', #7674, #3571, #667, .T. ) ;
#7470 = CARTESIAN_POINT ( 'NONE',  ( 24.62500000002790301, -5.000000000000000888, -4.336808689942017736E-16 ) ) ;
#7471 = CARTESIAN_POINT ( 'NONE',  ( 41.85334765086494002, -4.935408751168116837, -0.06459124883188396837 ) ) ;
#7472 = CARTESIAN_POINT ( 'NONE',  ( 91.77178058431636032, -0.1593231317801552527, -4.840676868219844664 ) ) ;
#7473 = AXIS2_PLACEMENT_3D ( 'NONE', #2051, #715, #3456 ) ;
#7474 = CARTESIAN_POINT ( 'NONE',  ( 107.1250000000000000, 0.000000000000000000, 1.000000000000000000 ) ) ;
#7475 = CARTESIAN_POINT ( 'NONE',  ( 91.99999999999998579, 0.000000000000000000, 0.000000000000000000 ) ) ;
#7476 = DIRECTION ( 'NONE',  ( 0.000000000000000000, 0.000000000000000000, 1.000000000000000000 ) ) ;
#7477 = ORIENTED_EDGE ( 'NONE', *, *, #8215, .F. ) ;
#7478 = CARTESIAN_POINT ( 'NONE',  ( 14.77046193742620694, -4.832344906983778721, -0.1676550930162218345 ) ) ;
#7479 = CARTESIAN_POINT ( 'NONE',  ( 39.71576228220554583, -0.2608011982980498744, -4.739198801701948405 ) ) ;
#7480 = CARTESIAN_POINT ( 'NONE',  ( 74.12499999999978684, 2.818544231345960265E-13, 5.000000000000282441 ) ) ;
#7481 = ORIENTED_EDGE ( 'NONE', *, *, #6029, .F. ) ;
#7482 = ORIENTED_EDGE ( 'NONE', *, *, #3370, .T. ) ;
#7483 = CARTESIAN_POINT ( 'NONE',  ( 13.77184353044838261, 9.457652251686294068E-15, 5.000000000000008882 ) ) ;
#7484 = CARTESIAN_POINT ( 'NONE',  ( 93.37499999999998579, -3.671958834454324805, -1.328041165545675195 ) ) ;
#7485 = FACE_OUTER_BOUND ( 'NONE', #2551, .T. ) ;
#7486 = FACE_OUTER_BOUND ( 'NONE', #7730, .T. ) ;
#7487 = CARTESIAN_POINT ( 'NONE',  ( 0.000000000000000000, 1.224646799147353207E-16, -1.000000000000000000 ) ) ;
#7488 = AXIS2_PLACEMENT_3D ( 'NONE', #4722, #8819, #4812 ) ;
#7489 = EDGE_LOOP ( 'NONE', ( #7226, #5311, #1146 ) ) ;
#7490 = EDGE_LOOP ( 'NONE', ( #4725, #7236, #775, #204 ) ) ;
#7491 = CARTESIAN_POINT ( 'NONE',  ( 62.39665234915597836, -0.06459124882792058320, -4.935408751172080777 ) ) ;
#7492 = CARTESIAN_POINT ( 'NONE',  ( 32.87500000000000000, 0.000000000000000000, 3.904737509655562544 ) ) ;
#7493 = CARTESIAN_POINT ( 'NONE',  ( 21.87500000000000000, -3.671958834454335019, 1.328041165545665203 ) ) ;
#7494 = AXIS2_PLACEMENT_3D ( 'NONE', #840, #8337, #2139 ) ;
#7495 = CARTESIAN_POINT ( 'NONE',  ( 89.25000000000000000, 0.000000000000000000, 0.000000000000000000 ) ) ;
#7496 = TOROIDAL_SURFACE ( 'NONE', #8187, 1.000000000000000000, 1.374999999999994227 ) ;
#7497 = CARTESIAN_POINT ( 'NONE',  ( 0.000000000000000000, 0.000000000000000000, 1.000000000000000000 ) ) ;
#7498 = ORIENTED_EDGE ( 'NONE', *, *, #6998, .F. ) ;
#7499 = AXIS2_PLACEMENT_3D ( 'NONE', #5082, #4552, #7844 ) ;
#7500 = CARTESIAN_POINT ( 'NONE',  ( 76.01172757693697690, -4.502552532146814279, -0.4974474678531852767 ) ) ;
#7501 = EDGE_CURVE ( 'NONE', #7322, #4017, #5601, .T. ) ;
#7502 = CARTESIAN_POINT ( 'NONE',  ( 32.99621622079728667, -1.136863993905377512, 3.863136006094622488 ) ) ;
#7503 = EDGE_CURVE ( 'NONE', #1912, #5320, #2181, .T. ) ;
#7504 = ORIENTED_EDGE ( 'NONE', *, *, #1213, .F. ) ;
#7505 = CARTESIAN_POINT ( 'NONE',  ( 50.97953806259081233, -0.1676550930109056703, -4.832344906989094468 ) ) ;
#7506 = DIRECTION ( 'NONE',  ( 0.000000000000000000, 0.000000000000000000, 1.000000000000000000 ) ) ;
#7507 = B_SPLINE_CURVE_WITH_KNOTS ( 'NONE', 3,
 ( #6821, #5347, #4051, #6869, #19, #4723, #8239, #8777, #2800, #5434, #4640, #8141 ),
 .UNSPECIFIED., .F., .F.,
 ( 4, 2, 2, 2, 2, 4 ),
 ( 0.003504634718750182162, 0.003941423334025068344, 0.004378211949299954525, 0.005251789179849728623, 0.006125366410399500985, 0.006998943640949275083 ),
 .UNSPECIFIED. ) ;
#7508 = CARTESIAN_POINT ( 'NONE',  ( 28.97821941568347981, -4.840676868219800255, 0.1593231317801992730 ) ) ;
#7509 = ORIENTED_EDGE ( 'NONE', *, *, #1670, .T. ) ;
#7510 = CARTESIAN_POINT ( 'NONE',  ( 38.37499999999999289, -3.671958834454339904, -1.328041165545660318 ) ) ;
#7511 = CARTESIAN_POINT ( 'NONE',  ( 19.12499999999979039, 2.846496320673303707E-13, -5.000000000000284217 ) ) ;
#7512 = FACE_OUTER_BOUND ( 'NONE', #5491, .T. ) ;
#7513 = EDGE_CURVE ( 'NONE', #4166, #6966, #7201, .T. ) ;
#7514 = CARTESIAN_POINT ( 'NONE',  ( 122.6170752194650504, -0.1280093952431847482, 4.871990604756817334 ) ) ;
#7515 = TOROIDAL_SURFACE ( 'NONE', #1801, 1.000000000000000000, 3.999999999999999112 ) ;
#7516 = CARTESIAN_POINT ( 'NONE',  ( 49.37500000000000000, -1.328041165545665647, -3.671958834454334575 ) ) ;
#7517 = CARTESIAN_POINT ( 'NONE',  ( 93.64877465030178882, -4.041784260362676129, 0.9582157396373237601 ) ) ;
#7518 = CARTESIAN_POINT ( 'NONE',  ( 79.04368978649829103, -4.960065625086347296, 0.03993437491365348785 ) ) ;
#7519 = CARTESIAN_POINT ( 'NONE',  ( 21.32722873042055767, -4.282386290035422149, 0.7176137099645769624 ) ) ;
#7520 = DIRECTION ( 'NONE',  ( -1.000000000000000000, -0.000000000000000000, -0.000000000000000000 ) ) ;
#7521 = EDGE_CURVE ( 'NONE', #5883, #2339, #7949, .T. ) ;
#7522 = CIRCLE ( 'NONE', #1954, 3.999999999999997335 ) ;
#7523 = TOROIDAL_SURFACE ( 'NONE', #7943, 1.000000000000000000, 1.374999999999994227 ) ;
#7524 = TOROIDAL_SURFACE ( 'NONE', #7946, 1.000000000000000000, 4.000000000000001776 ) ;
#7525 = CARTESIAN_POINT ( 'NONE',  ( 43.01876480693204030, -0.4915337874217337588, -4.508466212578263743 ) ) ;
#7526 = CARTESIAN_POINT ( 'NONE',  ( 82.37499999999998579, -3.671958834454344345, 1.328041165545655877 ) ) ;
#7527 = VECTOR ( 'NONE', #7764, 1000.000000000000000 ) ;
#7528 = DIRECTION ( 'NONE',  ( -1.000000000000000000, -0.000000000000000000, -0.000000000000000000 ) ) ;
#7529 = TOROIDAL_SURFACE ( 'NONE', #3268, 1.000000000000000000, 3.999999999999999112 ) ;
#7530 = AXIS2_PLACEMENT_3D ( 'NONE', #1602, #879, #2222 ) ;
#7531 = ORIENTED_EDGE ( 'NONE', *, *, #6572, .T. ) ;
#7532 = CYLINDRICAL_SURFACE ( 'NONE', #1503, 1.000000000000000000 ) ;
#7533 = ORIENTED_EDGE ( 'NONE', *, *, #7469, .F. ) ;
#7534 = ORIENTED_EDGE ( 'NONE', *, *, #7234, .T. ) ;
#7535 = CARTESIAN_POINT ( 'NONE',  ( 13.91746587457268802, -0.008042224642536762239, 4.991957775357462879 ) ) ;
#7536 = CIRCLE ( 'NONE', #4687, 1.000000000000000000 ) ;
#7537 = CARTESIAN_POINT ( 'NONE',  ( 63.27184353044837195, 9.219424235271022098E-15, -5.000000000000008882 ) ) ;
#7538 = FACE_OUTER_BOUND ( 'NONE', #4780, .T. ) ;
#7539 = EDGE_CURVE ( 'NONE', #3756, #3571, #4969, .T. ) ;
#7540 = CARTESIAN_POINT ( 'NONE',  ( 120.3272287304205719, -4.282386290035391063, 0.7176137099646090478 ) ) ;
#7541 = CARTESIAN_POINT ( 'NONE',  ( 26.51876480693204741, -0.4915337874217332037, 4.508466212578265520 ) ) ;
#7542 = AXIS2_PLACEMENT_3D ( 'NONE', #5115, #3310, #6490 ) ;
#7543 = TOROIDAL_SURFACE ( 'NONE', #4275, 1.000000000000000000, 3.999999999999997335 ) ;
#7544 = ORIENTED_EDGE ( 'NONE', *, *, #8166, .T. ) ;
#7545 = ORIENTED_EDGE ( 'NONE', *, *, #3020, .T. ) ;
#7546 = CARTESIAN_POINT ( 'NONE',  ( 60.64736572063976894, -0.9599107665869499595, -4.040089233413049818 ) ) ;
#7547 = CARTESIAN_POINT ( 'NONE',  ( 64.89842623724027248, -4.567820679626462876, 0.4321793203735364575 ) ) ;
#7548 = CARTESIAN_POINT ( 'NONE',  ( 9.500000000000000000, 0.000000000000000000, 1.000000000000000000 ) ) ;
#7549 = DIRECTION ( 'NONE',  ( -1.000000000000000000, 0.000000000000000000, -0.000000000000000000 ) ) ;
#7550 = DIRECTION ( 'NONE',  ( -1.000000000000000000, -0.000000000000000000, -0.000000000000000000 ) ) ;
#7551 = DIRECTION ( 'NONE',  ( -1.000000000000000000, -0.000000000000000000, -0.000000000000000000 ) ) ;
#7552 = ORIENTED_EDGE ( 'NONE', *, *, #2163, .T. ) ;
#7553 = DIRECTION ( 'NONE',  ( 0.000000000000000000, -1.224646799147353207E-16, 1.000000000000000000 ) ) ;
#7554 = ORIENTED_EDGE ( 'NONE', *, *, #1535, .F. ) ;
#7555 = CARTESIAN_POINT ( 'NONE',  ( 27.37500000000000000, 0.000000000000000000, 3.904737509655564320 ) ) ;
#7556 = EDGE_CURVE ( 'NONE', #7809, #299, #4742, .T. ) ;
#7557 = CARTESIAN_POINT ( 'NONE',  ( 116.7499999999999858, 0.000000000000000000, 0.000000000000000000 ) ) ;
#7558 = ORIENTED_EDGE ( 'NONE', *, *, #3710, .F. ) ;
#7559 = EDGE_CURVE ( 'NONE', #2511, #3441, #7252, .T. ) ;
#7560 = CARTESIAN_POINT ( 'NONE',  ( 43.87500000000000000, -3.671958834454339904, -1.328041165545660318 ) ) ;
#7561 = VERTEX_POINT ( 'NONE', #468 ) ;
#7562 = DIRECTION ( 'NONE',  ( -0.000000000000000000, 1.000000000000000000, 1.224646799147353207E-16 ) ) ;
#7563 = CARTESIAN_POINT ( 'NONE',  ( 16.49621622079730088, -1.136863993905375958, -3.863136006094625152 ) ) ;
#7564 = DIRECTION ( 'NONE',  ( 0.000000000000000000, 0.000000000000000000, -1.000000000000000000 ) ) ;
#7565 = CIRCLE ( 'NONE', #6848, 1.000000000000000000 ) ;
#7566 = CARTESIAN_POINT ( 'NONE',  ( 101.6250000000000000, 0.000000000000000000, 0.000000000000000000 ) ) ;
#7567 = ADVANCED_FACE ( 'NONE', ( #5932 ), #5178, .F. ) ;
#7568 = CARTESIAN_POINT ( 'NONE',  ( 42.53423771780835239, -4.739198801696360874, -0.2608011983036389037 ) ) ;
#7569 = DIRECTION ( 'NONE',  ( 0.000000000000000000, 0.000000000000000000, 1.000000000000000000 ) ) ;
#7570 = CARTESIAN_POINT ( 'NONE',  ( 36.20631021352429002, -0.03993437491703615699, -4.960065625082964225 ) ) ;
#7571 = CARTESIAN_POINT ( 'NONE',  ( 9.898426237240229852, -4.567820679626493074, -0.4321793203735077582 ) ) ;
#7572 = CARTESIAN_POINT ( 'NONE',  ( 19.12499999999979039, 2.846496320673303707E-13, -5.000000000000284217 ) ) ;
#7573 = CARTESIAN_POINT ( 'NONE',  ( 43.60122534970067676, -0.9582157396401917993, -4.041784260359809089 ) ) ;
#7574 = EDGE_CURVE ( 'NONE', #2493, #3972, #8230, .T. ) ;
#7575 = CARTESIAN_POINT ( 'NONE',  ( 32.01172757692818749, -4.502552532152180653, 0.4974474678478199574 ) ) ;
#7576 = VERTEX_POINT ( 'NONE', #3754 ) ;
#7577 = DIRECTION ( 'NONE',  ( 0.000000000000000000, 0.000000000000000000, 1.000000000000000000 ) ) ;
#7578 = VERTEX_POINT ( 'NONE', #434 ) ;
#7579 = VERTEX_POINT ( 'NONE', #5889 ) ;
#7580 = FACE_OUTER_BOUND ( 'NONE', #233, .T. ) ;
#7581 = CARTESIAN_POINT ( 'NONE',  ( 111.6175979694599789, -0.1278684794971786109, 4.872131520502821722 ) ) ;
#7582 = DIRECTION ( 'NONE',  ( 0.000000000000000000, 0.000000000000000000, 1.000000000000000000 ) ) ;
#7583 = DIRECTION ( 'NONE',  ( -1.000000000000000000, -0.000000000000000000, -0.000000000000000000 ) ) ;
#7584 = DIRECTION ( 'NONE',  ( 0.000000000000000000, 0.000000000000000000, 1.000000000000000000 ) ) ;
#7585 = EDGE_LOOP ( 'NONE', ( #4047, #2232, #5301 ) ) ;
#7586 = ORIENTED_EDGE ( 'NONE', *, *, #4826, .T. ) ;
#7587 = EDGE_CURVE ( 'NONE', #6451, #8729, #247, .T. ) ;
#7588 = CARTESIAN_POINT ( 'NONE',  ( 61.02374954628648140, -0.6401341107417616305, -4.359865889258240479 ) ) ;
#7589 = CARTESIAN_POINT ( 'NONE',  ( 30.41746587457268802, -0.008042224642535700588, 4.991957775357464655 ) ) ;
#7590 = ORIENTED_EDGE ( 'NONE', *, *, #6674, .F. ) ;
#7591 = DIRECTION ( 'NONE',  ( 0.000000000000000000, 0.000000000000000000, 1.000000000000000000 ) ) ;
#7592 = CARTESIAN_POINT ( 'NONE',  ( 93.37499999999998579, -1.328041165545675195, -3.671958834454324805 ) ) ;
#7593 = DIRECTION ( 'NONE',  ( -0.000000000000000000, 0.000000000000000000, 1.000000000000000000 ) ) ;
#7594 = DIRECTION ( 'NONE',  ( -1.000000000000000000, -0.000000000000000000, -0.000000000000000000 ) ) ;
#7595 = CARTESIAN_POINT ( 'NONE',  ( 114.5187648069320261, -0.4915337874217322600, -4.508466212578268184 ) ) ;
#7596 = VERTEX_POINT ( 'NONE', #7230 ) ;
#7597 = EDGE_LOOP ( 'NONE', ( #131, #6166, #7630 ) ) ;
#7598 = ORIENTED_EDGE ( 'NONE', *, *, #3698, .F. ) ;
#7599 = CARTESIAN_POINT ( 'NONE',  ( 7.978156469577921683, -5.000000000001022293, 1.022808165677328274E-12 ) ) ;
#7600 = DIRECTION ( 'NONE',  ( -1.000000000000000000, -0.000000000000000000, -0.000000000000000000 ) ) ;
#7601 = CARTESIAN_POINT ( 'NONE',  ( 30.12500000000000000, -5.000000000000000888, -4.336808689942017736E-16 ) ) ;
#7602 = ORIENTED_EDGE ( 'NONE', *, *, #29, .F. ) ;
#7603 = DIRECTION ( 'NONE',  ( -1.000000000000000000, -0.000000000000000000, -0.000000000000000000 ) ) ;
#7604 = DIRECTION ( 'NONE',  ( -0.000000000000000000, 1.000000000000000000, 1.224646799147353207E-16 ) ) ;
#7605 = FACE_OUTER_BOUND ( 'NONE', #5492, .T. ) ;
#7606 = EDGE_CURVE ( 'NONE', #7713, #2493, #1493, .T. ) ;
#7607 = CARTESIAN_POINT ( 'NONE',  ( 123.0355415424376133, -0.03305267957215545643, 4.966947320427846257 ) ) ;
#7608 = DIRECTION ( 'NONE',  ( -1.000000000000000000, -0.000000000000000000, -0.000000000000000000 ) ) ;
#7609 = DIRECTION ( 'NONE',  ( -1.000000000000000000, -0.000000000000000000, -0.000000000000000000 ) ) ;
#7610 = CARTESIAN_POINT ( 'NONE',  ( 123.6249999999999858, 0.000000000000000000, 0.000000000000000000 ) ) ;
#7611 = CIRCLE ( 'NONE', #8741, 1.375000000000001332 ) ;
#7612 = CARTESIAN_POINT ( 'NONE',  ( 9.132402030558301576, -4.872131520497903878, -0.1278684795020972043 ) ) ;
#7613 = CARTESIAN_POINT ( 'NONE',  ( 83.02374954628650983, -0.6401341107417615195, -4.359865889258237814 ) ) ;
#7614 = EDGE_CURVE ( 'NONE', #6589, #8233, #7211, .T. ) ;
#7615 = EDGE_CURVE ( 'NONE', #3036, #836, #7637, .T. ) ;
#7616 = CARTESIAN_POINT ( 'NONE',  ( 56.24999999999999289, 1.224646799147353207E-16, -1.000000000000000000 ) ) ;
#7617 = CARTESIAN_POINT ( 'NONE',  ( 87.87500000000000000, -3.671958834454344345, -1.328041165545655877 ) ) ;
#7618 = TOROIDAL_SURFACE ( 'NONE', #7627, 1.000000000000000000, 3.999999999999997335 ) ;
#7619 = CARTESIAN_POINT ( 'NONE',  ( 52.42125362938286770, -4.991698401479166769, 0.008301598520832341108 ) ) ;
#7620 = ORIENTED_EDGE ( 'NONE', *, *, #3609, .F. ) ;
#7621 = DIRECTION ( 'NONE',  ( 0.000000000000000000, 0.000000000000000000, 1.000000000000000000 ) ) ;
#7622 = ORIENTED_EDGE ( 'NONE', *, *, #129, .F. ) ;
#7623 = ORIENTED_EDGE ( 'NONE', *, *, #2031, .F. ) ;
#7624 = CARTESIAN_POINT ( 'NONE',  ( 112.4777427921127639, -1.290920563262914696E-14, 4.999999999999986677 ) ) ;
#7625 = DIRECTION ( 'NONE',  ( -1.000000000000000000, -0.000000000000000000, -0.000000000000000000 ) ) ;
#7626 = CARTESIAN_POINT ( 'NONE',  ( 68.62499999999978684, 2.819348912645851850E-13, -5.000000000000282441 ) ) ;
#7627 = AXIS2_PLACEMENT_3D ( 'NONE', #2265, #158, #2988 ) ;
#7628 = CARTESIAN_POINT ( 'NONE',  ( 24.62499999999979394, 2.855542628414076572E-13, -5.000000000000285105 ) ) ;
#7629 = EDGE_CURVE ( 'NONE', #7286, #4055, #1335, .T. ) ;
#7630 = ORIENTED_EDGE ( 'NONE', *, *, #2878, .F. ) ;
#7631 = CARTESIAN_POINT ( 'NONE',  ( 60.37500000000000000, 0.000000000000000000, 0.000000000000000000 ) ) ;
#7632 = CARTESIAN_POINT ( 'NONE',  ( 4.336032428361278335, -4.573479442990458388, -0.4265205570095404464 ) ) ;
#7633 = ORIENTED_EDGE ( 'NONE', *, *, #2512, .T. ) ;
#7634 = CARTESIAN_POINT ( 'NONE',  ( 52.12499999999978684, 2.834739505433365550E-13, 5.000000000000283329 ) ) ;
#7635 = DIRECTION ( 'NONE',  ( 0.000000000000000000, 0.000000000000000000, 1.000000000000000000 ) ) ;
#7636 = CARTESIAN_POINT ( 'NONE',  ( 48.15967868777045879, -4.686141179195703721, 0.3138588208042950578 ) ) ;
#7637 = CIRCLE ( 'NONE', #353, 3.999999999999997335 ) ;
#7638 = ADVANCED_FACE ( 'NONE', ( #638 ), #7444, .T. ) ;
#7639 = ORIENTED_EDGE ( 'NONE', *, *, #5274, .T. ) ;
#7640 = VERTEX_POINT ( 'NONE', #2710 ) ;
#7641 = CARTESIAN_POINT ( 'NONE',  ( 44.52374954628648851, -0.6401341107417604093, -4.359865889258239591 ) ) ;
#7642 = TOROIDAL_SURFACE ( 'NONE', #4934, 1.000000000000000000, 3.999999999999999112 ) ;
#7643 = AXIS2_PLACEMENT_3D ( 'NONE', #4560, #2533, #5175 ) ;
#7644 = ORIENTED_EDGE ( 'NONE', *, *, #7304, .F. ) ;
#7645 = VECTOR ( 'NONE', #8508, 1000.000000000000000 ) ;
#7646 = CARTESIAN_POINT ( 'NONE',  ( 110.7382724230717344, -0.4974474678478693068, -4.502552532152130027 ) ) ;
#7647 = VERTEX_POINT ( 'NONE', #4764 ) ;
#7648 = CARTESIAN_POINT ( 'NONE',  ( 23.25000000000000000, 0.000000000000000000, 0.000000000000000000 ) ) ;
#7649 = CARTESIAN_POINT ( 'NONE',  ( 99.42277126958472877, -0.7176137099602918346, 4.282386290039708499 ) ) ;
#7650 = CARTESIAN_POINT ( 'NONE',  ( 63.12499999999998579, 0.000000000000000000, 0.000000000000000000 ) ) ;
#7651 = TOROIDAL_SURFACE ( 'NONE', #3235, 0.6790153017205606822, 4.320984698279439762 ) ;
#7652 = CIRCLE ( 'NONE', #8500, 1.000000000000000000 ) ;
#7653 = CARTESIAN_POINT ( 'NONE',  ( 80.99999999999998579, 0.000000000000000000, 1.000000000000000000 ) ) ;
#7654 = CARTESIAN_POINT ( 'NONE',  ( 102.2063102135242900, -0.03993437491703808601, 4.960065625082963336 ) ) ;
#7655 = CARTESIAN_POINT ( 'NONE',  ( 123.3279352953669843, 2.835866307407397141E-15, -5.000000000000004441 ) ) ;
#7656 = CARTESIAN_POINT ( 'NONE',  ( 10.87500000000000000, -1.328041165545663871, -3.671958834454336351 ) ) ;
#7657 = CARTESIAN_POINT ( 'NONE',  ( 8.711134483478037538, -4.959369330381692365, -0.04063066961830994611 ) ) ;
#7658 = CARTESIAN_POINT ( 'NONE',  ( 13.62500000002789236, -5.000000000000000888, -4.336808689942017736E-16 ) ) ;
#7659 = FACE_OUTER_BOUND ( 'NONE', #6212, .T. ) ;
#7660 = ORIENTED_EDGE ( 'NONE', *, *, #7982, .F. ) ;
#7661 = ADVANCED_FACE ( 'NONE', ( #3262 ), #8490, .T. ) ;
#7662 = CARTESIAN_POINT ( 'NONE',  ( 56.24999999999999289, 0.000000000000000000, 0.000000000000000000 ) ) ;
#7663 = ADVANCED_FACE ( 'NONE', ( #691 ), #5778, .F. ) ;
#7664 = ORIENTED_EDGE ( 'NONE', *, *, #3463, .T. ) ;
#7665 = ORIENTED_EDGE ( 'NONE', *, *, #6, .T. ) ;
#7666 = AXIS2_PLACEMENT_3D ( 'NONE', #3807, #5277, #474 ) ;
#7667 = CARTESIAN_POINT ( 'NONE',  ( 87.87500000000000000, -1.328041165545655655, 3.671958834454344345 ) ) ;
#7668 = DIRECTION ( 'NONE',  ( -0.000000000000000000, 1.000000000000000000, 1.224646799147353207E-16 ) ) ;
#7669 = CARTESIAN_POINT ( 'NONE',  ( 66.52374954628648140, -0.6401341107417656273, -4.359865889258235150 ) ) ;
#7670 = CARTESIAN_POINT ( 'NONE',  ( 69.35059813401477413, -0.06404366728011018361, -4.935956332719889872 ) ) ;
#7671 = TOROIDAL_SURFACE ( 'NONE', #5816, 1.000000000000000000, 1.375000000000008216 ) ;
#7672 = AXIS2_PLACEMENT_3D ( 'NONE', #7032, #8448, #7077 ) ;
#7673 = CIRCLE ( 'NONE', #2104, 3.904737509655562544 ) ;
#7674 = VERTEX_POINT ( 'NONE', #8693 ) ;
#7675 = FACE_OUTER_BOUND ( 'NONE', #8136, .T. ) ;
#7676 = AXIS2_PLACEMENT_3D ( 'NONE', #4259, #847, #2093 ) ;
#7677 = CARTESIAN_POINT ( 'NONE',  ( 98.87499999999998579, -3.671958834454324805, 1.328041165545675195 ) ) ;
#7678 = ORIENTED_EDGE ( 'NONE', *, *, #461, .T. ) ;
#7679 = EDGE_CURVE ( 'NONE', #8627, #3957, #6219, .T. ) ;
#7680 = TOROIDAL_SURFACE ( 'NONE', #4271, 1.000000000000000000, 1.375000000000001332 ) ;
#7681 = CARTESIAN_POINT ( 'NONE',  ( 116.2382724230717770, -0.4974474678478646439, -4.502552532152135356 ) ) ;
#7682 = FACE_OUTER_BOUND ( 'NONE', #3009, .T. ) ;
#7684 = TOROIDAL_SURFACE ( 'NONE', #8807, 1.000000000000000000, 4.000000000000000000 ) ;
#7683 = CARTESIAN_POINT ( 'NONE',  ( 49.37500000000000000, -3.671958834454334575, 1.328041165545665647 ) ) ;
#7685 = CIRCLE ( 'NONE', #2394, 3.999999999999996447 ) ;
#7686 = CARTESIAN_POINT ( 'NONE',  ( 35.47774279211274973, -9.863486912539498096E-15, 4.999999999999989342 ) ) ;
#7687 = EDGE_LOOP ( 'NONE', ( #4806, #5007, #8107, #3285 ) ) ;
#7688 = CIRCLE ( 'NONE', #2114, 3.999999999999997335 ) ;
#7689 = ORIENTED_EDGE ( 'NONE', *, *, #7961, .F. ) ;
#7690 = CARTESIAN_POINT ( 'NONE',  ( 56.61759796945996470, -0.1278684794971711447, -4.872131520502827939 ) ) ;
#7691 = FACE_OUTER_BOUND ( 'NONE', #8600, .T. ) ;
#7692 = EDGE_CURVE ( 'NONE', #1548, #771, #3358, .T. ) ;
#7693 = CARTESIAN_POINT ( 'NONE',  ( 111.4795380625907910, -0.1676550930109085291, -4.832344906989090916 ) ) ;
#7694 = EDGE_LOOP ( 'NONE', ( #5296, #8121, #3184 ) ) ;
#7695 = CARTESIAN_POINT ( 'NONE',  ( 74.12500000002798117, -5.000000000000000888, -4.336808689942017736E-16 ) ) ;
#7696 = ORIENTED_EDGE ( 'NONE', *, *, #7961, .T. ) ;
#7697 = DIRECTION ( 'NONE',  ( 0.000000000000000000, 0.000000000000000000, 1.000000000000000000 ) ) ;
#7698 = CARTESIAN_POINT ( 'NONE',  ( 5.375000000000000000, 0.000000000000000000, 0.000000000000000000 ) ) ;
#7699 = VERTEX_POINT ( 'NONE', #7409 ) ;
#7700 = AXIS2_PLACEMENT_3D ( 'NONE', #6161, #2762, #5487 ) ;
#7701 = DIRECTION ( 'NONE',  ( -1.000000000000000000, -0.000000000000000000, -0.000000000000000000 ) ) ;
#7702 = ADVANCED_FACE ( 'NONE', ( #4050 ), #6691, .F. ) ;
#7703 = CARTESIAN_POINT ( 'NONE',  ( 125.0000000000000000, 0.000000000000000000, 1.000000000000000000 ) ) ;
#7704 = CIRCLE ( 'NONE', #5141, 1.000000000000000000 ) ;
#7705 = CARTESIAN_POINT ( 'NONE',  ( 11.73827242307173258, -0.4974474678478683631, -4.502552532152132692 ) ) ;
#7706 = CARTESIAN_POINT ( 'NONE',  ( 9.534237717808373702, -4.739198801696347552, -0.2608011983036530035 ) ) ;
#7707 = CARTESIAN_POINT ( 'NONE',  ( 42.27046193742613411, -4.832344906983798261, 0.1676550930162027664 ) ) ;
#7708 = CIRCLE ( 'NONE', #5006, 1.375000000000001332 ) ;
#7709 = DIRECTION ( 'NONE',  ( 0.000000000000000000, 0.000000000000000000, 1.000000000000000000 ) ) ;
#7710 = DIRECTION ( 'NONE',  ( -1.000000000000000000, -0.000000000000000000, -0.000000000000000000 ) ) ;
#7711 = EDGE_LOOP ( 'NONE', ( #8064, #908, #4025 ) ) ;
#7712 = CARTESIAN_POINT ( 'NONE',  ( 57.62499999999999289, 0.000000000000000000, 0.000000000000000000 ) ) ;
#7713 = VERTEX_POINT ( 'NONE', #4014 ) ;
#7714 = VERTEX_POINT ( 'NONE', #594 ) ;
#7715 = CARTESIAN_POINT ( 'NONE',  ( 75.27178058431638874, -0.1593231317801559743, -4.840676868219844664 ) ) ;
#7716 = FACE_OUTER_BOUND ( 'NONE', #8429, .T. ) ;
#7717 = DIRECTION ( 'NONE',  ( -0.000000000000000000, 1.000000000000000000, 1.224646799147353207E-16 ) ) ;
#7718 = DIRECTION ( 'NONE',  ( -1.000000000000000000, -0.000000000000000000, -0.000000000000000000 ) ) ;
#7719 = CARTESIAN_POINT ( 'NONE',  ( 109.8749999999999858, -3.671958834454344345, 1.328041165545655877 ) ) ;
#7720 = ADVANCED_FACE ( 'NONE', ( #7538 ), #1917, .T. ) ;
#7721 = ORIENTED_EDGE ( 'NONE', *, *, #157, .T. ) ;
#7722 = CARTESIAN_POINT ( 'NONE',  ( 107.2722572078870229, -4.999999999999996447, -3.578290685675791782E-15 ) ) ;
#7723 = CARTESIAN_POINT ( 'NONE',  ( 99.73123519307651463, -4.508466212583692290, 0.4915337874163090981 ) ) ;
#7724 = ORIENTED_EDGE ( 'NONE', *, *, #5317, .T. ) ;
#7725 = CYLINDRICAL_SURFACE ( 'NONE', #5676, 1.000000000000000000 ) ;
#7726 = DIRECTION ( 'NONE',  ( -1.000000000000000000, -0.000000000000000000, -0.000000000000000000 ) ) ;
#7727 = CARTESIAN_POINT ( 'NONE',  ( 19.12500000000000000, 0.000000000000000000, 0.000000000000000000 ) ) ;
#7728 = CARTESIAN_POINT ( 'NONE',  ( 33.85157376276963959, -0.4321793203680422413, 4.567820679631958924 ) ) ;
#7729 = VERTEX_POINT ( 'NONE', #6768 ) ;
#7730 = EDGE_LOOP ( 'NONE', ( #6238, #4059, #5649 ) ) ;
#7731 = EDGE_CURVE ( 'NONE', #7183, #3307, #5638, .T. ) ;
#7732 = ORIENTED_EDGE ( 'NONE', *, *, #5466, .T. ) ;
#7733 = CARTESIAN_POINT ( 'NONE',  ( 64.49999999999998579, 0.000000000000000000, 0.000000000000000000 ) ) ;
#7734 = DIRECTION ( 'NONE',  ( -1.000000000000000000, -0.000000000000000000, -0.000000000000000000 ) ) ;
#7735 = ORIENTED_EDGE ( 'NONE', *, *, #4387, .T. ) ;
#7736 = DIRECTION ( 'NONE',  ( -0.000000000000000000, 1.000000000000000000, 1.224646799147353207E-16 ) ) ;
#7737 = B_SPLINE_CURVE_WITH_KNOTS ( 'NONE', 3,
 ( #1235, #8184, #1989, #6729, #6018, #65, #3341, #6769, #8821, #1942, #3976, #2712 ),
 .UNSPECIFIED., .F., .F.,
 ( 4, 2, 2, 2, 2, 4 ),
 ( 0.003504634718750217724, 0.003941423334025100436, 0.004378211949299983148, 0.005251789179849748572, 0.006125366410399513128, 0.006998943640949279420 ),
 .UNSPECIFIED. ) ;
#7738 = CARTESIAN_POINT ( 'NONE',  ( 13.62500000000000000, 0.000000000000000000, 0.000000000000000000 ) ) ;
#7739 = ADVANCED_FACE ( 'NONE', ( #4639 ), #1348, .F. ) ;
#7740 = CARTESIAN_POINT ( 'NONE',  ( 5.078062799767602442, -0.9514725588577761517, -4.048527441142224070 ) ) ;
#7741 = CYLINDRICAL_SURFACE ( 'NONE', #2239, 1.000000000000000000 ) ;
#7742 = CARTESIAN_POINT ( 'NONE',  ( 96.85059813401475992, -0.06404366728011004484, 4.935956332719890760 ) ) ;
#7743 = CARTESIAN_POINT ( 'NONE',  ( 5.647365720639773379, -0.9599107665869532902, -4.040089233413048042 ) ) ;
#7744 = DIRECTION ( 'NONE',  ( -1.000000000000000000, -0.000000000000000000, -0.000000000000000000 ) ) ;
#7745 = CARTESIAN_POINT ( 'NONE',  ( 150.0000000000000000, 0.000000000000000000, -5.000000000000000000 ) ) ;
#7746 = EDGE_CURVE ( 'NONE', #6600, #4468, #625, .T. ) ;
#7747 = CARTESIAN_POINT ( 'NONE',  ( 120.6012253497006554, -0.9582157396402026794, 4.041784260359796654 ) ) ;
#7748 = ORIENTED_EDGE ( 'NONE', *, *, #5648, .T. ) ;
#7749 = CIRCLE ( 'NONE', #3628, 5.000000000000000000 ) ;
#7750 = CARTESIAN_POINT ( 'NONE',  ( 0.000000000000000000, 0.000000000000000000, 1.000000000000000000 ) ) ;
#7751 = DIRECTION ( 'NONE',  ( 0.000000000000000000, 0.000000000000000000, 1.000000000000000000 ) ) ;
#7752 = CARTESIAN_POINT ( 'NONE',  ( 76.01876480693204030, -0.4915337874217386438, -4.508466212578261967 ) ) ;
#7753 = CARTESIAN_POINT ( 'NONE',  ( 8.850598134014777685, -0.06404366728010658927, -4.935956332719894313 ) ) ;
#7754 = CARTESIAN_POINT ( 'NONE',  ( 58.21113448347799135, -4.959369330381701246, -0.04063066961829946838 ) ) ;
#7755 = CARTESIAN_POINT ( 'NONE',  ( 24.62499999999979394, 2.855508749164137931E-13, 5.000000000000285105 ) ) ;
#7756 = CARTESIAN_POINT ( 'NONE',  ( 66.85157376276964669, -0.4321793203680482920, -4.567820679631951819 ) ) ;
#7757 = AXIS2_PLACEMENT_3D ( 'NONE', #5074, #7710, #7793 ) ;
#7758 = ORIENTED_EDGE ( 'NONE', *, *, #2418, .T. ) ;
#7759 = CARTESIAN_POINT ( 'NONE',  ( 47.35059813401476703, -0.06404366728010571497, 4.935956332719894313 ) ) ;
#7760 = CARTESIAN_POINT ( 'NONE',  ( 60.25399883711746440, -1.137203174285768448, -3.862796825714232440 ) ) ;
#7761 = ORIENTED_EDGE ( 'NONE', *, *, #7860, .F. ) ;
#7762 = AXIS2_PLACEMENT_3D ( 'NONE', #6194, #1410, #6819 ) ;
#7763 = ORIENTED_EDGE ( 'NONE', *, *, #8646, .F. ) ;
#7764 = DIRECTION ( 'NONE',  ( -1.000000000000000000, -0.000000000000000000, -0.000000000000000000 ) ) ;
#7765 = AXIS2_PLACEMENT_3D ( 'NONE', #4813, #8733, #5393 ) ;
#7766 = CARTESIAN_POINT ( 'NONE',  ( 47.35334765086491160, -4.935408751168119501, 0.06459124883188091526 ) ) ;
#7767 = CARTESIAN_POINT ( 'NONE',  ( 0.000000000000000000, 0.000000000000000000, 0.000000000000000000 ) ) ;
#7768 = ORIENTED_EDGE ( 'NONE', *, *, #3697, .F. ) ;
#7769 = ORIENTED_EDGE ( 'NONE', *, *, #1795, .F. ) ;
#7770 = ORIENTED_EDGE ( 'NONE', *, *, #1987, .T. ) ;
#7771 = DIRECTION ( 'NONE',  ( -1.000000000000000000, -0.000000000000000000, -0.000000000000000000 ) ) ;
#7772 = ORIENTED_EDGE ( 'NONE', *, *, #4151, .F. ) ;
#7773 = CARTESIAN_POINT ( 'NONE',  ( 93.10263427936254743, -4.040089233410254721, -0.9599107665897453900 ) ) ;
#7774 = CARTESIAN_POINT ( 'NONE',  ( 98.60122534970065544, -0.9582157396402011251, -4.041784260359799319 ) ) ;
#7775 = EDGE_CURVE ( 'NONE', #4664, #6984, #2615, .T. ) ;
#7776 = CARTESIAN_POINT ( 'NONE',  ( 122.6196127906160882, -4.872698163711057795, 0.1273018362889425381 ) ) ;
#7777 = ADVANCED_FACE ( 'NONE', ( #7485 ), #5785, .T. ) ;
#7778 = DIRECTION ( 'NONE',  ( -1.000000000000000000, -0.000000000000000000, -0.000000000000000000 ) ) ;
#7779 = CARTESIAN_POINT ( 'NONE',  ( 61.97821941570037296, -4.840676868225231466, -0.1593231317747674236 ) ) ;
#7780 = CIRCLE ( 'NONE', #3937, 3.904737509655560768 ) ;
#7781 = AXIS2_PLACEMENT_3D ( 'NONE', #3971, #2484, #2611 ) ;
#7782 = CARTESIAN_POINT ( 'NONE',  ( 97.49999999999998579, 0.000000000000000000, 0.000000000000000000 ) ) ;
#7783 = AXIS2_PLACEMENT_3D ( 'NONE', #6911, #5920, #8556 ) ;
#7784 = DIRECTION ( 'NONE',  ( 0.000000000000000000, -1.224646799147353207E-16, 1.000000000000000000 ) ) ;
#7785 = FACE_OUTER_BOUND ( 'NONE', #5018, .T. ) ;
#7786 = CARTESIAN_POINT ( 'NONE',  ( 96.12499999999998579, 0.000000000000000000, 0.000000000000000000 ) ) ;
#7787 = ADVANCED_FACE ( 'NONE', ( #1985 ), #4222, .T. ) ;
#7788 = DIRECTION ( 'NONE',  ( -1.000000000000000000, -0.000000000000000000, -0.000000000000000000 ) ) ;
#7789 = TOROIDAL_SURFACE ( 'NONE', #6641, 1.000000000000000000, 4.000000000000001776 ) ;
#7790 = TOROIDAL_SURFACE ( 'NONE', #5793, 1.000000000000000000, 1.500000000000000000 ) ;
#7791 = DIRECTION ( 'NONE',  ( 0.000000000000000000, 0.000000000000000000, 1.000000000000000000 ) ) ;
#7792 = B_SPLINE_CURVE_WITH_KNOTS ( 'NONE', 3,
 ( #3835, #586, #7272, #1225, #549, #5880, #6051, #8596, #3965, #3222, #3142, #5863 ),
 .UNSPECIFIED., .F., .F.,
 ( 4, 2, 2, 2, 2, 4 ),
 ( 0.003504634718722713684, 0.003941423334001034617, 0.004378211949279355551, 0.005251789179835996552, 0.006125366410392638419, 0.006998943640949279420 ),
 .UNSPECIFIED. ) ;
#7793 = DIRECTION ( 'NONE',  ( 0.000000000000000000, 0.000000000000000000, 1.000000000000000000 ) ) ;
#7794 = ORIENTED_EDGE ( 'NONE', *, *, #7513, .F. ) ;
#7795 = B_SPLINE_CURVE_WITH_KNOTS ( 'NONE', 3,
 ( #8196, #1508, #5442, #2080, #1420, #743, #8148, #3486, #6206, #1995, #2899, #5622, #5531, #8247, #4201, #4250 ),
 .UNSPECIFIED., .F., .F.,
 ( 4, 2, 2, 2, 2, 2, 2, 4 ),
 ( 4.818711198554628796E-07, 0.0008765200830205937535, 0.001314539188970965163, 0.001752558294921336465, 0.002190577400871708200, 0.002628596506822079501, 0.003066615612772450802, 0.003504634718722822537 ),
 .UNSPECIFIED. ) ;
#7796 = CARTESIAN_POINT ( 'NONE',  ( 32.87500000000000000, -1.328041165545665425, -3.671958834454334575 ) ) ;
#7797 = ORIENTED_EDGE ( 'NONE', *, *, #3857, .T. ) ;
#7798 = EDGE_CURVE ( 'NONE', #7012, #8729, #6496, .T. ) ;
#7799 = DIRECTION ( 'NONE',  ( -1.000000000000000000, -0.000000000000000000, -0.000000000000000000 ) ) ;
#7800 = CARTESIAN_POINT ( 'NONE',  ( 87.01172757693694848, -4.502552532146822273, -0.4974474678531768945 ) ) ;
#7801 = CARTESIAN_POINT ( 'NONE',  ( 59.15967868777046590, -4.686141179195701945, -0.3138588208042991656 ) ) ;
#7802 = DIRECTION ( 'NONE',  ( -1.000000000000000000, -0.000000000000000000, -0.000000000000000000 ) ) ;
#7803 = CALENDAR_DATE ( 2026, 16, 2 ) ;
#7804 = ORIENTED_EDGE ( 'NONE', *, *, #1107, .T. ) ;
#7805 = CARTESIAN_POINT ( 'NONE',  ( 48.03383637236985493, -0.2517800035652996704, 4.748219996434700718 ) ) ;
#7806 = AXIS2_PLACEMENT_3D ( 'NONE', #1376, #5449, #3405 ) ;
#7807 = CARTESIAN_POINT ( 'NONE',  ( 101.3325341254524545, -4.991957775359345817, 0.008042224640654491857 ) ) ;
#7808 = EDGE_CURVE ( 'NONE', #7192, #6156, #1780, .T. ) ;
#7809 = VERTEX_POINT ( 'NONE', #3660 ) ;
#7810 = DIRECTION ( 'NONE',  ( 0.000000000000000000, 0.000000000000000000, 1.000000000000000000 ) ) ;
#7811 = CYLINDRICAL_SURFACE ( 'NONE', #4978, 1.000000000000000000 ) ;
#7812 = CARTESIAN_POINT ( 'NONE',  ( 28.97953806259080167, -0.1676550930109033666, 4.832344906989097133 ) ) ;
#7813 = CIRCLE ( 'NONE', #2965, 3.904737509655560768 ) ;
#7814 = CARTESIAN_POINT ( 'NONE',  ( 27.25378377920365480, -3.863136006093129016, 1.136863993906870984 ) ) ;
#7815 = ORIENTED_EDGE ( 'NONE', *, *, #2862, .F. ) ;
#7816 = AXIS2_PLACEMENT_3D ( 'NONE', #6448, #8440, #3638 ) ;
#7817 = CIRCLE ( 'NONE', #4407, 1.375000000000001332 ) ;
#7818 = ORIENTED_EDGE ( 'NONE', *, *, #2336, .T. ) ;
#7819 = AXIS2_PLACEMENT_3D ( 'NONE', #5104, #310, #3861 ) ;
#7820 = DIRECTION ( 'NONE',  ( 0.000000000000000000, 0.000000000000000000, 1.000000000000000000 ) ) ;
#7821 = CARTESIAN_POINT ( 'NONE',  ( 27.64736572063976894, -0.9599107665869505146, -4.040089233413048930 ) ) ;
#7822 = TOROIDAL_SURFACE ( 'NONE', #8666, 1.000000000000000000, 3.999999999999996447 ) ;
#7823 = AXIS2_PLACEMENT_3D ( 'NONE', #2763, #7549, #7593 ) ;
#7824 = VECTOR ( 'NONE', #5695, 1000.000000000000000 ) ;
#7825 = DIRECTION ( 'NONE',  ( -1.000000000000000000, -0.000000000000000000, -0.000000000000000000 ) ) ;
#7826 = ORIENTED_EDGE ( 'NONE', *, *, #6078, .F. ) ;
#7827 = DIRECTION ( 'NONE',  ( 0.000000000000000000, -1.000000000000000000, 0.000000000000000000 ) ) ;
#7828 = AXIS2_PLACEMENT_3D ( 'NONE', #4451, #2420, #5112 ) ;
#7829 = ORIENTED_EDGE ( 'NONE', *, *, #7264, .F. ) ;
#7830 = VECTOR ( 'NONE', #2601, 1000.000000000000000 ) ;
#7831 = ADVANCED_FACE ( 'NONE', ( #1628 ), #5214, .T. ) ;
#7832 = CARTESIAN_POINT ( 'NONE',  ( 90.62500000002798117, -5.000000000000000888, -4.336808689942017736E-16 ) ) ;
#7833 = DIRECTION ( 'NONE',  ( -1.000000000000000000, -0.000000000000000000, -0.000000000000000000 ) ) ;
#7834 = DIRECTION ( 'NONE',  ( 0.000000000000000000, 0.000000000000000000, 1.000000000000000000 ) ) ;
#7835 = DIRECTION ( 'NONE',  ( 0.000000000000000000, 0.000000000000000000, 1.000000000000000000 ) ) ;
#7836 = CARTESIAN_POINT ( 'NONE',  ( 39.71576228220554583, -0.2608011982980493748, 4.739198801701948405 ) ) ;
#7837 = CARTESIAN_POINT ( 'NONE',  ( 89.21616362764446251, -4.748219996440593782, -0.2517800035594067731 ) ) ;
#7838 = EDGE_CURVE ( 'NONE', #4209, #3441, #2636, .T. ) ;
#7839 = DIRECTION ( 'NONE',  ( -1.000000000000000000, -0.000000000000000000, -0.000000000000000000 ) ) ;
#7840 = CIRCLE ( 'NONE', #994, 3.904737509655563876 ) ;
#7841 = CARTESIAN_POINT ( 'NONE',  ( 61.74999999999999289, 0.000000000000000000, 1.000000000000000000 ) ) ;
#7842 = FACE_OUTER_BOUND ( 'NONE', #742, .T. ) ;
#7843 = CARTESIAN_POINT ( 'NONE',  ( 88.42277126958471456, -0.7176137099602809544, 4.282386290039719157 ) ) ;
#7844 = DIRECTION ( 'NONE',  ( 0.000000000000000000, 0.000000000000000000, 1.000000000000000000 ) ) ;
#7845 = CARTESIAN_POINT ( 'NONE',  ( 74.42125362938305955, -4.991698401479152558, -0.008301598520847809637 ) ) ;
#7846 = DIRECTION ( 'NONE',  ( 0.000000000000000000, 0.000000000000000000, 1.000000000000000000 ) ) ;
#7847 = AXIS2_PLACEMENT_3D ( 'NONE', #3694, #5070, #7167 ) ;
#7848 = ADVANCED_FACE ( 'NONE', ( #912 ), #2172, .F. ) ;
#7849 = ORIENTED_EDGE ( 'NONE', *, *, #4248, .F. ) ;
#7850 = CARTESIAN_POINT ( 'NONE',  ( 101.6249999999997868, 2.819348912645851850E-13, -5.000000000000282441 ) ) ;
#7851 = VERTEX_POINT ( 'NONE', #8326 ) ;
#7852 = CARTESIAN_POINT ( 'NONE',  ( 99.14877465030180304, -4.041784260362676129, 0.9582157396373237601 ) ) ;
#7853 = ORIENTED_EDGE ( 'NONE', *, *, #1558, .F. ) ;
#7854 = ORIENTED_EDGE ( 'NONE', *, *, #7085, .F. ) ;
#7855 = CARTESIAN_POINT ( 'NONE',  ( 117.9777427921127497, -1.198128103891206252E-14, -4.999999999999989342 ) ) ;
#7856 = DIRECTION ( 'NONE',  ( 0.000000000000000000, 0.000000000000000000, -1.000000000000000000 ) ) ;
#7857 = CARTESIAN_POINT ( 'NONE',  ( 97.89842623724028670, -4.567820679626460212, 0.4321793203735401767 ) ) ;
#7858 = CARTESIAN_POINT ( 'NONE',  ( 27.37500000000000000, -3.671958834454336795, 1.328041165545663649 ) ) ;
#7859 = ORIENTED_EDGE ( 'NONE', *, *, #4316, .F. ) ;
#7860 = EDGE_CURVE ( 'NONE', #6079, #704, #6771, .T. ) ;
#7861 = CARTESIAN_POINT ( 'NONE',  ( 45.89665234915599257, -0.06459124882791905664, -4.935408751172080777 ) ) ;
#7862 = FACE_OUTER_BOUND ( 'NONE', #8654, .T. ) ;
#7863 = CARTESIAN_POINT ( 'NONE',  ( 16.37499999999999645, 0.000000000000000000, 0.000000000000000000 ) ) ;
#7864 = VERTEX_POINT ( 'NONE', #6959 ) ;
#7865 = CARTESIAN_POINT ( 'NONE',  ( 89.21616362764446251, -4.748219996440593782, 0.2517800035594067176 ) ) ;
#7866 = B_SPLINE_CURVE_WITH_KNOTS ( 'NONE', 3,
 ( #1145, #5303, #5884, #7885, #5842, #382, #8688, #2482, #3886, #5215, #7926, #5927, #2529, #3923, #507, #7850 ),
 .UNSPECIFIED., .F., .F.,
 ( 4, 2, 2, 2, 2, 2, 2, 4 ),
 ( 4.818711198686234422E-07, 0.0008765200830274556690, 0.001314539188981249255, 0.001752558294935042732, 0.002190577400888836426, 0.002628596506842629903, 0.003066615612796423380, 0.003504634718750216857 ),
 .UNSPECIFIED. ) ;
#7867 = CARTESIAN_POINT ( 'NONE',  ( 3.101686143148198571, -0.03157968873786753949, -4.968420311262133460 ) ) ;
#7868 = CARTESIAN_POINT ( 'NONE',  ( 52.12500000000000000, 0.000000000000000000, 0.000000000000000000 ) ) ;
#7869 = DIRECTION ( 'NONE',  ( 0.000000000000000000, 0.000000000000000000, 1.000000000000000000 ) ) ;
#7870 = CARTESIAN_POINT ( 'NONE',  ( 118.1249999999999858, 0.000000000000000000, 0.000000000000000000 ) ) ;
#7871 = EDGE_LOOP ( 'NONE', ( #3005, #1154, #7107 ) ) ;
#7872 = CARTESIAN_POINT ( 'NONE',  ( 87.87500000000000000, -1.328041165545655655, 3.671958834454344345 ) ) ;
#7873 = CARTESIAN_POINT ( 'NONE',  ( 19.42125362938292099, -4.991698401479164993, 0.008301598520835101053 ) ) ;
#7874 = LINE ( 'NONE', #7912, #8559 ) ;
#7875 = CARTESIAN_POINT ( 'NONE',  ( 90.62499999999998579, 0.000000000000000000, 1.000000000000000000 ) ) ;
#7876 = ORIENTED_EDGE ( 'NONE', *, *, #8437, .F. ) ;
#7877 = CARTESIAN_POINT ( 'NONE',  ( 109.8749999999999858, 0.000000000000000000, 0.000000000000000000 ) ) ;
#7878 = CARTESIAN_POINT ( 'NONE',  ( 73.39665234915597125, -0.06459124882792474653, -4.935408751172075448 ) ) ;
#7879 = EDGE_CURVE ( 'NONE', #59, #635, #3790, .T. ) ;
#7880 = CARTESIAN_POINT ( 'NONE',  ( 86.13240203055842414, -4.872131520497876345, -0.1278684795021238496 ) ) ;
#7881 = EDGE_CURVE ( 'NONE', #72, #7596, #4649, .T. ) ;
#7882 = PERSON_AND_ORGANIZATION_ROLE ( 'creator' ) ;
#7883 = AXIS2_PLACEMENT_3D ( 'NONE', #6722, #3206, #1892 ) ;
#7884 = ORIENTED_EDGE ( 'NONE', *, *, #148, .F. ) ;
#7885 = CARTESIAN_POINT ( 'NONE',  ( 99.42277126958472877, -0.7176137099602921676, -4.282386290039709387 ) ) ;
#7886 = VERTEX_POINT ( 'NONE', #735 ) ;
#7887 = DIRECTION ( 'NONE',  ( 0.000000000000000000, 0.000000000000000000, 1.000000000000000000 ) ) ;
#7888 = ORIENTED_EDGE ( 'NONE', *, *, #4632, .F. ) ;
#7889 = DIRECTION ( 'NONE',  ( 0.000000000000000000, 0.000000000000000000, 1.000000000000000000 ) ) ;
#7890 = EDGE_CURVE ( 'NONE', #3914, #6015, #8560, .T. ) ;
#7891 = AXIS2_PLACEMENT_3D ( 'NONE', #1885, #4663, #4130 ) ;
#7892 = CARTESIAN_POINT ( 'NONE',  ( 53.13240203055824651, -4.872131520497913648, -0.1278684795020858522 ) ) ;
#7893 = CARTESIAN_POINT ( 'NONE',  ( 106.5436897864755110, -4.960065625082930474, 0.03993437491706866571 ) ) ;
#7894 = ORIENTED_EDGE ( 'NONE', *, *, #802, .F. ) ;
#7895 = ORIENTED_EDGE ( 'NONE', *, *, #2581, .T. ) ;
#7896 = CARTESIAN_POINT ( 'NONE',  ( 103.1596786877705227, -4.686141179195655759, 0.3138588208043440742 ) ) ;
#7898 = CARTESIAN_POINT ( 'NONE',  ( 33.52374954628649562, -0.6401341107417608534, -4.359865889258239591 ) ) ;
#7897 = CIRCLE ( 'NONE', #7337, 3.904737509655565653 ) ;
#7899 = B_SPLINE_CURVE_WITH_KNOTS ( 'NONE', 3,
 ( #3013, #5726, #2325, #3183, #3139, #2458, #7865, #3766, #1164, #6532, #6486, #3095 ),
 .UNSPECIFIED., .F., .F.,
 ( 4, 2, 2, 2, 2, 4 ),
 ( 0.003504634718722713250, 0.003941423334001034617, 0.004378211949279355551, 0.005251789179835996552, 0.006125366410392638419, 0.006998943640949279420 ),
 .UNSPECIFIED. ) ;
#7900 = CARTESIAN_POINT ( 'NONE',  ( 27.37500000000000000, -1.328041165545663649, 3.671958834454336351 ) ) ;
#7901 = VERTEX_POINT ( 'NONE', #8420 ) ;
#7902 = EDGE_CURVE ( 'NONE', #5591, #8020, #8762, .T. ) ;
#7903 = CARTESIAN_POINT ( 'NONE',  ( 4.455052819054373003, -4.508555833051965500, 0.4914441669480343333 ) ) ;
#7904 = CARTESIAN_POINT ( 'NONE',  ( 57.03886551654431258, -0.04063066961492543816, 4.959369330385074548 ) ) ;
#7905 = ORIENTED_EDGE ( 'NONE', *, *, #6965, .T. ) ;
#7906 = CC_DESIGN_APPROVAL ( #2416, ( #7438 ) ) ;
#7907 = CARTESIAN_POINT ( 'NONE',  ( 95.11759796945995049, -0.1278684794971776117, -4.872131520502822610 ) ) ;
#7908 = DIRECTION ( 'NONE',  ( -1.000000000000000000, -0.000000000000000000, -0.000000000000000000 ) ) ;
#7909 = EDGE_CURVE ( 'NONE', #5448, #8571, #924, .T. ) ;
#7910 = CARTESIAN_POINT ( 'NONE',  ( 87.60122534970065544, -0.9582157396401873584, 4.041784260359812642 ) ) ;
#7911 = CARTESIAN_POINT ( 'NONE',  ( 87.87500000000000000, 0.000000000000000000, 0.000000000000000000 ) ) ;
#7912 = CARTESIAN_POINT ( 'NONE',  ( 0.000000000000000000, -4.999999999999999112, 1.734723475976807094E-15 ) ) ;
#7913 = AXIS2_PLACEMENT_3D ( 'NONE', #5655, #2302, #2263 ) ;
#7914 = DIRECTION ( 'NONE',  ( -1.000000000000000000, -0.000000000000000000, -0.000000000000000000 ) ) ;
#7915 = AXIS2_PLACEMENT_3D ( 'NONE', #1317, #6693, #515 ) ;
#7916 = CIRCLE ( 'NONE', #3938, 3.999999999999997335 ) ;
#7917 = CARTESIAN_POINT ( 'NONE',  ( 52.12500000000000000, 0.000000000000000000, 1.000000000000000000 ) ) ;
#7918 = TOROIDAL_SURFACE ( 'NONE', #359, 1.000000000000000000, 4.000000000000000000 ) ;
#7919 = CARTESIAN_POINT ( 'NONE',  ( 73.97774279211274973, -1.202109158743301463E-14, -4.999999999999988454 ) ) ;
#7920 = DIRECTION ( 'NONE',  ( 0.000000000000000000, 0.000000000000000000, -1.000000000000000000 ) ) ;
#7921 = CARTESIAN_POINT ( 'NONE',  ( 59.72625045371991348, -4.359865889253508264, 0.6401341107464932900 ) ) ;
#7922 = COORDINATED_UNIVERSAL_TIME_OFFSET ( 3, 30, .AHEAD. ) ;
#7923 = EDGE_CURVE ( 'NONE', #8254, #5091, #2206, .T. ) ;
#7924 = ORIENTED_EDGE ( 'NONE', *, *, #3477, .T. ) ;
#7925 = EDGE_CURVE ( 'NONE', #6863, #4428, #5926, .T. ) ;
#7926 = CARTESIAN_POINT ( 'NONE',  ( 100.6175979694599789, -0.1278684794971776117, -4.872131520502822610 ) ) ;
#7927 = ORIENTED_EDGE ( 'NONE', *, *, #3360, .F. ) ;
#7928 = CARTESIAN_POINT ( 'NONE',  ( 28.74999999999999645, 0.000000000000000000, 0.000000000000000000 ) ) ;
#7929 = EDGE_LOOP ( 'NONE', ( #85, #8494, #2743 ) ) ;
#7930 = CARTESIAN_POINT ( 'NONE',  ( 42.53383637236985493, -0.2517800035653015023, 4.748219996434698054 ) ) ;
#7931 = DIRECTION ( 'NONE',  ( -1.000000000000000000, -0.000000000000000000, -0.000000000000000000 ) ) ;
#7932 = CARTESIAN_POINT ( 'NONE',  ( 39.75000000000000000, 1.224646799147353207E-16, -1.000000000000000000 ) ) ;
#7933 = CARTESIAN_POINT ( 'NONE',  ( 74.12500000002798117, -5.000000000000000888, -4.336808689942017736E-16 ) ) ;
#7934 = AXIS2_PLACEMENT_3D ( 'NONE', #1738, #3981, #1116 ) ;
#7935 = EDGE_LOOP ( 'NONE', ( #6480, #7239, #1515, #274, #305, #343 ) ) ;
#7936 = VERTEX_POINT ( 'NONE', #6868 ) ;
#7937 = ADVANCED_FACE ( 'NONE', ( #6195 ), #493, .F. ) ;
#7938 = LINE ( 'NONE', #2495, #3382 ) ;
#7939 = CARTESIAN_POINT ( 'NONE',  ( 33.85157376276963959, -0.4321793203680425188, -4.567820679631958036 ) ) ;
#7940 = CARTESIAN_POINT ( 'NONE',  ( 12.47953806259080345, -0.1676550930109053650, 4.832344906989095357 ) ) ;
#7941 = CIRCLE ( 'NONE', #3112, 1.374999999999994227 ) ;
#7942 = DIRECTION ( 'NONE',  ( -1.000000000000000000, -0.000000000000000000, -0.000000000000000000 ) ) ;
#7943 = AXIS2_PLACEMENT_3D ( 'NONE', #2132, #4772, #1948 ) ;
#7944 = FACE_OUTER_BOUND ( 'NONE', #7422, .T. ) ;
#7945 = ORIENTED_EDGE ( 'NONE', *, *, #2816, .T. ) ;
#7946 = AXIS2_PLACEMENT_3D ( 'NONE', #5460, #8760, #4749 ) ;
#7947 = TOROIDAL_SURFACE ( 'NONE', #4825, 1.000000000000000000, 3.999999999999997335 ) ;
#7948 = ADVANCED_FACE ( 'NONE', ( #2799 ), #6634, .T. ) ;
#7949 = CIRCLE ( 'NONE', #5255, 3.999999999999999112 ) ;
#7950 = AXIS2_PLACEMENT_3D ( 'NONE', #8168, #6043, #674 ) ;
#7951 = CARTESIAN_POINT ( 'NONE',  ( 50.01880044884220666, -4.366408635911658287, 0.6335913640883422682 ) ) ;
#7952 = DIRECTION ( 'NONE',  ( 0.000000000000000000, 0.000000000000000000, -1.000000000000000000 ) ) ;
#7953 = AXIS2_PLACEMENT_3D ( 'NONE', #4968, #5016, #7065 ) ;
#7954 = CARTESIAN_POINT ( 'NONE',  ( 8.125000000027860381, -5.000000000000000888, -4.336808689942017736E-16 ) ) ;
#7955 = ORIENTED_EDGE ( 'NONE', *, *, #1248, .T. ) ;
#7956 = DIRECTION ( 'NONE',  ( -1.000000000000000000, -0.000000000000000000, -0.000000000000000000 ) ) ;
#7957 = CARTESIAN_POINT ( 'NONE',  ( 21.99621622079728667, -1.136863993905378845, -3.863136006094621155 ) ) ;
#7958 = AXIS2_PLACEMENT_3D ( 'NONE', #5154, #6700, #7417 ) ;
#7959 = DIRECTION ( 'NONE',  ( 1.000000000000000000, 0.000000000000000000, 0.000000000000000000 ) ) ;
#7960 = AXIS2_PLACEMENT_3D ( 'NONE', #7096, #296, #1726 ) ;
#7961 = EDGE_CURVE ( 'NONE', #6890, #8098, #2788, .T. ) ;
#7962 = CARTESIAN_POINT ( 'NONE',  ( 57.62500000002779643, -5.000000000000000888, -4.336808689942017736E-16 ) ) ;
#7963 = ORIENTED_EDGE ( 'NONE', *, *, #7036, .F. ) ;
#7964 = DIRECTION ( 'NONE',  ( 0.000000000000000000, 0.000000000000000000, 1.000000000000000000 ) ) ;
#7965 = CARTESIAN_POINT ( 'NONE',  ( 20.27178058431636742, -0.1593231317801528102, 4.840676868219847329 ) ) ;
#7966 = FACE_OUTER_BOUND ( 'NONE', #6297, .T. ) ;
#7967 = CARTESIAN_POINT ( 'NONE',  ( 86.65967868777050853, -4.686141179195659312, -0.3138588208043388561 ) ) ;
#7968 = CARTESIAN_POINT ( 'NONE',  ( 49.64877465030176751, -4.041784260362666359, -0.9582157396373344183 ) ) ;
#7969 = VERTEX_POINT ( 'NONE', #2436 ) ;
#7970 = CARTESIAN_POINT ( 'NONE',  ( 13.62500000000000000, 0.000000000000000000, 0.000000000000000000 ) ) ;
#7971 = EDGE_LOOP ( 'NONE', ( #3481, #7342, #2544 ) ) ;
#7972 = DIRECTION ( 'NONE',  ( 0.000000000000000000, -1.224646799147353207E-16, 1.000000000000000000 ) ) ;
#7973 = ORIENTED_EDGE ( 'NONE', *, *, #3931, .F. ) ;
#7974 = CARTESIAN_POINT ( 'NONE',  ( 104.6473657206397689, -0.9599107665869622830, -4.040089233413037384 ) ) ;
#7975 = EDGE_LOOP ( 'NONE', ( #3632, #517, #8460 ) ) ;
#7976 = CARTESIAN_POINT ( 'NONE',  ( 41.41746587457270579, -0.008042224642537591436, 4.991957775357462879 ) ) ;
#7977 = CARTESIAN_POINT ( 'NONE',  ( 28.59032131224200057, -0.3138588207986851564, 4.686141179201314344 ) ) ;
#7978 = TOROIDAL_SURFACE ( 'NONE', #5707, 1.000000000000000000, 4.000000000000000000 ) ;
#7979 = DIRECTION ( 'NONE',  ( -1.000000000000000000, -0.000000000000000000, -0.000000000000000000 ) ) ;
#7980 = CARTESIAN_POINT ( 'NONE',  ( 96.71113448347813346, -4.959369330381671048, 0.04063066961832866031 ) ) ;
#7981 = CARTESIAN_POINT ( 'NONE',  ( 104.4960011628825640, -3.862796825714211568, 1.137203174285788432 ) ) ;
#7982 = EDGE_CURVE ( 'NONE', #8737, #2228, #4464, .T. ) ;
#7983 = ORIENTED_EDGE ( 'NONE', *, *, #3838, .T. ) ;
#7984 = CARTESIAN_POINT ( 'NONE',  ( 104.3750000000000000, -3.671958834454324805, 1.328041165545675195 ) ) ;
#7985 = DIRECTION ( 'NONE',  ( -1.000000000000000000, -0.000000000000000000, -0.000000000000000000 ) ) ;
#7986 = CARTESIAN_POINT ( 'NONE',  ( 8.124999999999790390, 2.855127582269921965E-13, 5.000000000000285105 ) ) ;
#7987 = ORIENTED_EDGE ( 'NONE', *, *, #1959, .F. ) ;
#7988 = DIRECTION ( 'NONE',  ( -0.000000000000000000, 1.000000000000000000, 1.224646799147353207E-16 ) ) ;
#7989 = EDGE_CURVE ( 'NONE', #7207, #8342, #5079, .T. ) ;
#7990 = CARTESIAN_POINT ( 'NONE',  ( 103.5187648069320545, -0.4915337874217386438, -4.508466212578261967 ) ) ;
#7991 = EDGE_CURVE ( 'NONE', #7447, #4093, #784, .T. ) ;
#7992 = ORIENTED_EDGE ( 'NONE', *, *, #939, .T. ) ;
#7993 = B_SPLINE_CURVE_WITH_KNOTS ( 'NONE', 3,
 ( #2789, #726, #3467, #864, #769, #5565, #5512, #1446, #8226, #5464, #10, #8363 ),
 .UNSPECIFIED., .F., .F.,
 ( 4, 2, 2, 2, 2, 4 ),
 ( 0.003504634718722777435, 0.003941423334001090129, 0.004378211949279402389, 0.005251789179836026909, 0.006125366410392652297, 0.006998943640949276818 ),
 .UNSPECIFIED. ) ;
#7994 = CARTESIAN_POINT ( 'NONE',  ( 38.37499999999999289, -1.328041165545660540, 3.671958834454339460 ) ) ;
#7995 = CARTESIAN_POINT ( 'NONE',  ( 68.62499999999998579, 0.000000000000000000, 0.000000000000000000 ) ) ;
#7996 = CARTESIAN_POINT ( 'NONE',  ( 94.23827242307174856, -0.4974474678478734146, -4.502552532152127363 ) ) ;
#7997 = CARTESIAN_POINT ( 'NONE',  ( 0.000000000000000000, 0.000000000000000000, 0.000000000000000000 ) ) ;
#7998 = ORIENTED_EDGE ( 'NONE', *, *, #2018, .F. ) ;
#7999 = DIRECTION ( 'NONE',  ( 0.000000000000000000, 0.000000000000000000, 1.000000000000000000 ) ) ;
#8000 = CARTESIAN_POINT ( 'NONE',  ( 65.75399883711745019, -1.137203174285769780, 3.862796825714231996 ) ) ;
#8001 = CARTESIAN_POINT ( 'NONE',  ( 17.97821941570030546, -4.840676868225202156, 0.1593231317747982323 ) ) ;
#8002 = EDGE_CURVE ( 'NONE', #3485, #4209, #7218, .T. ) ;
#8003 = DIRECTION ( 'NONE',  ( -1.000000000000000000, -0.000000000000000000, -0.000000000000000000 ) ) ;
#8004 = ORIENTED_EDGE ( 'NONE', *, *, #201, .T. ) ;
#8005 = DIRECTION ( 'NONE',  ( -1.000000000000000000, -0.000000000000000000, -0.000000000000000000 ) ) ;
#8006 = DIRECTION ( 'NONE',  ( -1.000000000000000000, -0.000000000000000000, -0.000000000000000000 ) ) ;
#8007 = CARTESIAN_POINT ( 'NONE',  ( 11.73123519307650398, -4.508466212583677191, 0.4915337874163232534 ) ) ;
#8008 = CARTESIAN_POINT ( 'NONE',  ( 101.6250000000000000, 1.224646799147353207E-16, -1.000000000000000000 ) ) ;
#8009 = DIRECTION ( 'NONE',  ( -1.000000000000000000, -0.000000000000000000, -0.000000000000000000 ) ) ;
#8010 = EDGE_CURVE ( 'NONE', #573, #4017, #8383, .T. ) ;
#8011 = ORIENTED_EDGE ( 'NONE', *, *, #2732, .F. ) ;
#8012 = DIRECTION ( 'NONE',  ( -1.000000000000000000, -0.000000000000000000, -0.000000000000000000 ) ) ;
#8013 = VERTEX_POINT ( 'NONE', #7139 ) ;
#8014 = DIRECTION ( 'NONE',  ( -1.000000000000000000, -0.000000000000000000, -0.000000000000000000 ) ) ;
#8015 = EDGE_LOOP ( 'NONE', ( #3168, #7544, #1470 ) ) ;
#8016 = CARTESIAN_POINT ( 'NONE',  ( 13.77225720791389563, -4.999999999998973266, 1.026919122443360351E-12 ) ) ;
#8017 = CARTESIAN_POINT ( 'NONE',  ( 118.1249999999999858, 0.000000000000000000, 0.000000000000000000 ) ) ;
#8018 = CARTESIAN_POINT ( 'NONE',  ( 98.32722873042057188, -4.282386290035391063, 0.7176137099646090478 ) ) ;
#8019 = CARTESIAN_POINT ( 'NONE',  ( 24.91746587457269513, -0.008042224642536959997, 4.991957775357462879 ) ) ;
#8020 = VERTEX_POINT ( 'NONE', #7175 ) ;
#8021 = DIRECTION ( 'NONE',  ( 0.000000000000000000, 0.000000000000000000, 1.000000000000000000 ) ) ;
#8022 = CARTESIAN_POINT ( 'NONE',  ( 61.59032131224198992, -0.3138588207986873768, 4.686141179201313456 ) ) ;
#8023 = AXIS2_PLACEMENT_3D ( 'NONE', #484, #1028, #8665 ) ;
#8024 = CARTESIAN_POINT ( 'NONE',  ( 115.9227712695847146, -0.7176137099602809544, 4.282386290039719157 ) ) ;
#8025 = ORIENTED_EDGE ( 'NONE', *, *, #7513, .T. ) ;
#8026 = CARTESIAN_POINT ( 'NONE',  ( 18.39940186600657057, -4.935956332723929307, -0.06404366727607103960 ) ) ;
#8027 = CARTESIAN_POINT ( 'NONE',  ( 49.10263427936256875, -4.040089233410285807, -0.9599107665897127495 ) ) ;
#8028 = VERTEX_POINT ( 'NONE', #2388 ) ;
#8029 = CIRCLE ( 'NONE', #8748, 3.904737509655557215 ) ;
#8030 = CARTESIAN_POINT ( 'NONE',  ( 49.64877465030176751, -4.041784260362666359, 0.9582157396373345293 ) ) ;
#8031 = EDGE_CURVE ( 'NONE', #479, #1762, #4763, .T. ) ;
#8032 = CARTESIAN_POINT ( 'NONE',  ( 0.000000000000000000, 0.000000000000000000, 0.000000000000000000 ) ) ;
#8033 = EDGE_CURVE ( 'NONE', #8653, #7147, #6429, .T. ) ;
#8034 = ORIENTED_EDGE ( 'NONE', *, *, #1687, .F. ) ;
#8035 = CARTESIAN_POINT ( 'NONE',  ( 70.51172757693694848, -4.502552532146813391, 0.4974474678531853877 ) ) ;
#8036 = APPROVAL_PERSON_ORGANIZATION ( #1093, #5862, #8464 ) ;
#8037 = CARTESIAN_POINT ( 'NONE',  ( 32.75378377920270623, -3.863136006094637143, -1.136863993905362857 ) ) ;
#8038 = CARTESIAN_POINT ( 'NONE',  ( 117.3994018660066700, -4.935956332723949735, 0.06404366727605166620 ) ) ;
#8039 = CARTESIAN_POINT ( 'NONE',  ( 23.25000000000000000, 1.224646799147353207E-16, -1.000000000000000000 ) ) ;
#8040 = EDGE_CURVE ( 'NONE', #6594, #4438, #8638, .T. ) ;
#8041 = EDGE_LOOP ( 'NONE', ( #5002, #3124, #1491 ) ) ;
#8042 = CARTESIAN_POINT ( 'NONE',  ( 107.1249999999997868, 2.818747515117398234E-13, -5.000000000000282441 ) ) ;
#8043 = DIRECTION ( 'NONE',  ( -1.000000000000000000, -0.000000000000000000, -0.000000000000000000 ) ) ;
#8044 = CARTESIAN_POINT ( 'NONE',  ( 72.97953806259077680, -0.1676550930109083903, -4.832344906989090028 ) ) ;
#8045 = DIRECTION ( 'NONE',  ( -1.000000000000000000, -0.000000000000000000, -0.000000000000000000 ) ) ;
#8046 = CARTESIAN_POINT ( 'NONE',  ( 41.12500000000000000, 0.000000000000000000, 0.000000000000000000 ) ) ;
#8047 = AXIS2_PLACEMENT_3D ( 'NONE', #8017, #1900, #8731 ) ;
#8048 = B_SPLINE_CURVE_WITH_KNOTS ( 'NONE', 3,
 ( #1848, #7397, #2014, #1306, #8130, #8686, #8721, #6801, #4712, #2606, #6047, #546, #2571, #3296, #8093, #6008 ),
 .UNSPECIFIED., .F., .F.,
 ( 4, 2, 2, 2, 2, 2, 2, 4 ),
 ( 4.818711198686234422E-07, 0.0008765200830205596011, 0.001314539188970917892, 0.001752558294921276617, 0.002190577400871634908, 0.002628596506821993632, 0.003066615612772352357, 0.003504634718722711081 ),
 .UNSPECIFIED. ) ;
#8049 = AXIS2_PLACEMENT_3D ( 'NONE', #747, #6030, #3492 ) ;
#8050 = AXIS2_PLACEMENT_3D ( 'NONE', #555, #3888, #8645 ) ;
#8051 = AXIS2_PLACEMENT_3D ( 'NONE', #7435, #623, #4629 ) ;
#8052 = EDGE_CURVE ( 'NONE', #5172, #8653, #6069, .T. ) ;
#8053 = CARTESIAN_POINT ( 'NONE',  ( 40.11759796945997181, -0.1278684794971740590, -4.872131520502826163 ) ) ;
#8054 = ORIENTED_EDGE ( 'NONE', *, *, #5023, .F. ) ;
#8055 = CARTESIAN_POINT ( 'NONE',  ( 72.35157376276966090, -0.4321793203680487916, 4.567820679631951819 ) ) ;
#8056 = VERTEX_POINT ( 'NONE', #5879 ) ;
#8057 = VERTEX_POINT ( 'NONE', #5740 ) ;
#8058 = CARTESIAN_POINT ( 'NONE',  ( 41.27184353044837195, 8.297958267776750116E-15, 5.000000000000007105 ) ) ;
#8059 = DIRECTION ( 'NONE',  ( 0.000000000000000000, -0.7071067811865474617, -0.7071067811865474617 ) ) ;
#8060 = VECTOR ( 'NONE', #617, 1000.000000000000000 ) ;
#8061 = AXIS2_PLACEMENT_3D ( 'NONE', #2885, #8005, #421 ) ;
#8062 = CARTESIAN_POINT ( 'NONE',  ( 119.8984262372402867, -4.567820679626460212, 0.4321793203735401767 ) ) ;
#8063 = CARTESIAN_POINT ( 'NONE',  ( 27.10122534970069097, -0.9582157396401924654, 4.041784260359809089 ) ) ;
#8064 = ORIENTED_EDGE ( 'NONE', *, *, #7396, .T. ) ;
#8065 = EDGE_CURVE ( 'NONE', #5359, #7674, #2507, .T. ) ;
#8066 = DIRECTION ( 'NONE',  ( -1.000000000000000000, -0.000000000000000000, -0.000000000000000000 ) ) ;
#8067 = CARTESIAN_POINT ( 'NONE',  ( 33.42277126958472167, -0.7176137099602841740, -4.282386290039717380 ) ) ;
#8068 = CARTESIAN_POINT ( 'NONE',  ( 50.23827242307173435, -0.4974474678478674750, 4.502552532152131803 ) ) ;
#8069 = DIRECTION ( 'NONE',  ( -1.000000000000000000, -0.000000000000000000, -0.000000000000000000 ) ) ;
#8070 = ORIENTED_EDGE ( 'NONE', *, *, #127, .T. ) ;
#8071 = CARTESIAN_POINT ( 'NONE',  ( 84.54368978649833366, -4.960065625086346408, 0.03993437491365134373 ) ) ;
#8072 = CARTESIAN_POINT ( 'NONE',  ( 4.000000000000000000, 0.000000000000000000, 0.000000000000000000 ) ) ;
#8073 = VERTEX_POINT ( 'NONE', #6089 ) ;
#8074 = CARTESIAN_POINT ( 'NONE',  ( 20.27046193742617319, -4.832344906983786714, -0.1676550930162145070 ) ) ;
#8075 = CARTESIAN_POINT ( 'NONE',  ( 5.078062799767601554, -0.9514725588577763737, 4.048527441142224070 ) ) ;
#8076 = AXIS2_PLACEMENT_3D ( 'NONE', #4876, #8297, #4921 ) ;
#8077 = ORIENTED_EDGE ( 'NONE', *, *, #8553, .T. ) ;
#8078 = CARTESIAN_POINT ( 'NONE',  ( 68.77225720791400931, -4.999999999998967048, 1.033198930599532176E-12 ) ) ;
#8079 = B_SPLINE_CURVE_WITH_KNOTS ( 'NONE', 3,
 ( #1593, #7004, #2889, #1627, #7138, #1719, #4330, #2301, #869, #7044, #911, #2387 ),
 .UNSPECIFIED., .F., .F.,
 ( 4, 2, 2, 2, 2, 4 ),
 ( 0.003504634718750183030, 0.003941423334025069211, 0.004378211949299955393, 0.005251789179849728623, 0.006125366410399502720, 0.006998943640949275950 ),
 .UNSPECIFIED. ) ;
#8080 = CARTESIAN_POINT ( 'NONE',  ( 87.87500000000000000, -1.328041165545655877, -3.671958834454344345 ) ) ;
#8081 = DIRECTION ( 'NONE',  ( -0.000000000000000000, 0.000000000000000000, 1.000000000000000000 ) ) ;
#8082 = TOROIDAL_SURFACE ( 'NONE', #6669, 1.000000000000000000, 1.374999999999994227 ) ;
#8083 = EDGE_CURVE ( 'NONE', #5672, #8663, #583, .T. ) ;
#8084 = VECTOR ( 'NONE', #580, 1000.000000000000000 ) ;
#8085 = VECTOR ( 'NONE', #8356, 1000.000000000000000 ) ;
#8086 = CARTESIAN_POINT ( 'NONE',  ( 107.1249999999997868, 2.818747515117398234E-13, -5.000000000000282441 ) ) ;
#8087 = CIRCLE ( 'NONE', #4554, 3.999999999999996447 ) ;
#8088 = AXIS2_PLACEMENT_3D ( 'NONE', #1612, #3501, #2150 ) ;
#8089 = DIRECTION ( 'NONE',  ( -0.000000000000000000, 1.000000000000000000, 1.224646799147353207E-16 ) ) ;
#8090 = CARTESIAN_POINT ( 'NONE',  ( 70.51876480693204030, -0.4915337874217388658, 4.508466212578261967 ) ) ;
#8091 = TOROIDAL_SURFACE ( 'NONE', #4272, 0.9999999999999831246, 4.000000000000015987 ) ;
#8092 = CIRCLE ( 'NONE', #8808, 3.904737509655568761 ) ;
#8093 = CARTESIAN_POINT ( 'NONE',  ( 63.27225720791398800, -4.999999999998968825, -1.030338923853128031E-12 ) ) ;
#8094 = CARTESIAN_POINT ( 'NONE',  ( 84.39665234915595704, -0.06459124882792598166, -4.935408751172074560 ) ) ;
#8095 = TOROIDAL_SURFACE ( 'NONE', #3117, 1.000000000000000000, 3.999999999999999112 ) ;
#8096 = ADVANCED_FACE ( 'NONE', ( #7354 ), #6370, .T. ) ;
#8097 = DIRECTION ( 'NONE',  ( 0.000000000000000000, -1.000000000000000000, 0.000000000000000000 ) ) ;
#8098 = VERTEX_POINT ( 'NONE', #7 ) ;
#8099 = ORIENTED_EDGE ( 'NONE', *, *, #7606, .T. ) ;
#8100 = CARTESIAN_POINT ( 'NONE',  ( 32.87500000000000000, 4.781924292710293578E-16, -3.904737509655562544 ) ) ;
#8101 = DIRECTION ( 'NONE',  ( 0.000000000000000000, 0.000000000000000000, 1.000000000000000000 ) ) ;
#8102 = CIRCLE ( 'NONE', #7253, 3.999999999999997335 ) ;
#8103 = CARTESIAN_POINT ( 'NONE',  ( 120.0117275769369485, -4.502552532146813391, 0.4974474678531853877 ) ) ;
#8104 = CARTESIAN_POINT ( 'NONE',  ( 37.51876480693205451, -0.4915337874217329261, 4.508466212578267296 ) ) ;
#8105 = ADVANCED_FACE ( 'NONE', ( #3248 ), #4939, .T. ) ;
#8106 = ORIENTED_EDGE ( 'NONE', *, *, #7338, .F. ) ;
#8107 = ORIENTED_EDGE ( 'NONE', *, *, #7692, .T. ) ;
#8108 = CARTESIAN_POINT ( 'NONE',  ( 61.35157376276963248, -0.4321793203680414641, -4.567820679631958924 ) ) ;
#8109 = CARTESIAN_POINT ( 'NONE',  ( 31.27178058431637808, -0.1593231317801507840, 4.840676868219849993 ) ) ;
#8110 = EDGE_LOOP ( 'NONE', ( #4574, #8689, #1009, #927 ) ) ;
#8111 = CARTESIAN_POINT ( 'NONE',  ( 60.64736572063976894, -0.9599107665869499595, 4.040089233413049818 ) ) ;
#8112 = DIRECTION ( 'NONE',  ( 0.000000000000000000, 0.000000000000000000, 1.000000000000000000 ) ) ;
#8113 = CARTESIAN_POINT ( 'NONE',  ( 83.97821941570038007, -4.840676868225227025, 0.1593231317747716425 ) ) ;
#8114 = CARTESIAN_POINT ( 'NONE',  ( 47.77046193742612701, -4.832344906983800037, -0.1676550930162006015 ) ) ;
#8115 = EDGE_CURVE ( 'NONE', #150, #3763, #8048, .T. ) ;
#8116 = ORIENTED_EDGE ( 'NONE', *, *, #5191, .T. ) ;
#8117 = CIRCLE ( 'NONE', #140, 1.374999999999994227 ) ;
#8118 = CARTESIAN_POINT ( 'NONE',  ( 26.15967868777051564, -4.686141179195679740, -0.3138588208043204264 ) ) ;
#8119 = CARTESIAN_POINT ( 'NONE',  ( 6.716163627644399448, -4.748219996440562696, -0.2517800035594361940 ) ) ;
#8120 = CARTESIAN_POINT ( 'NONE',  ( 29.54368978647550747, -4.960065625082934027, 0.03993437491706443299 ) ) ;
#8121 = ORIENTED_EDGE ( 'NONE', *, *, #1587, .T. ) ;
#8122 = CARTESIAN_POINT ( 'NONE',  ( 60.37500000000000000, -1.328041165545665647, 3.671958834454334575 ) ) ;
#8123 = CARTESIAN_POINT ( 'NONE',  ( 21.87500000000000000, -1.328041165545665425, -3.671958834454335019 ) ) ;
#8124 = DIRECTION ( 'NONE',  ( 0.000000000000000000, 0.000000000000000000, 1.000000000000000000 ) ) ;
#8125 = EDGE_CURVE ( 'NONE', #6784, #265, #3665, .T. ) ;
#8126 = CARTESIAN_POINT ( 'NONE',  ( 122.0899636717130505, -0.3140197199590912813, 4.685980280040910273 ) ) ;
#8127 = DIRECTION ( 'NONE',  ( -1.000000000000000000, -0.000000000000000000, -0.000000000000000000 ) ) ;
#8128 = CARTESIAN_POINT ( 'NONE',  ( 69.77178058431634611, -0.1593231317801557245, 4.840676868219844664 ) ) ;
#8129 = CARTESIAN_POINT ( 'NONE',  ( 77.73123519307652884, -4.508466212583692290, 0.4915337874163088761 ) ) ;
#8130 = CARTESIAN_POINT ( 'NONE',  ( 65.22625045371997032, -4.359865889253472737, -0.6401341107465297053 ) ) ;
#8131 = CARTESIAN_POINT ( 'NONE',  ( 83.71576228220554583, -0.2608011982980544818, -4.739198801701945740 ) ) ;
#8132 = PLANE ( 'NONE',  #979 ) ;
#8133 = ADVANCED_FACE ( 'NONE', ( #1222 ), #1073, .F. ) ;
#8134 = CARTESIAN_POINT ( 'NONE',  ( 72.59032131224201123, -0.3138588207986941492, 4.686141179201305462 ) ) ;
#8135 = EDGE_CURVE ( 'NONE', #2493, #1727, #3085, .T. ) ;
#8136 = EDGE_LOOP ( 'NONE', ( #7620, #8011, #4720, #4874 ) ) ;
#8137 = ORIENTED_EDGE ( 'NONE', *, *, #4064, .T. ) ;
#8138 = CARTESIAN_POINT ( 'NONE',  ( 16.10122534970068031, -0.9582157396401931315, 4.041784260359807313 ) ) ;
#8139 = DIRECTION ( 'NONE',  ( 0.000000000000000000, 0.000000000000000000, 1.000000000000000000 ) ) ;
#8140 = CARTESIAN_POINT ( 'NONE',  ( 85.12500000000000000, 0.000000000000000000, 1.000000000000000000 ) ) ;
#8141 = CARTESIAN_POINT ( 'NONE',  ( 120.8749999999999858, -1.328041165545675195, -3.671958834454324805 ) ) ;
#8142 = CARTESIAN_POINT ( 'NONE',  ( 95.39940186600667005, -4.935956332723948847, -0.06404366727605186049 ) ) ;
#8143 = ORIENTED_EDGE ( 'NONE', *, *, #3986, .T. ) ;
#8144 = FACE_OUTER_BOUND ( 'NONE', #1567, .T. ) ;
#8145 = CARTESIAN_POINT ( 'NONE',  ( 58.77178058431636742, -0.1593231317801505065, -4.840676868219849993 ) ) ;
#8146 = ORIENTED_EDGE ( 'NONE', *, *, #4857, .F. ) ;
#8147 = ADVANCED_FACE ( 'NONE', ( #3372 ), #7918, .T. ) ;
#8148 = CARTESIAN_POINT ( 'NONE',  ( 9.898426237240231629, -4.567820679626491298, 0.4321793203735088684 ) ) ;
#8149 = FACE_OUTER_BOUND ( 'NONE', #1144, .T. ) ;
#8150 = DIRECTION ( 'NONE',  ( -1.000000000000000000, -0.000000000000000000, -0.000000000000000000 ) ) ;
#8151 = ORIENTED_EDGE ( 'NONE', *, *, #4307, .F. ) ;
#8152 = CARTESIAN_POINT ( 'NONE',  ( 76.32722873042057188, -4.282386290035390175, -0.7176137099646094919 ) ) ;
#8153 = DIRECTION ( 'NONE',  ( -1.000000000000000000, -0.000000000000000000, -0.000000000000000000 ) ) ;
#8154 = ORIENTED_EDGE ( 'NONE', *, *, #3802, .T. ) ;
#8155 = CARTESIAN_POINT ( 'NONE',  ( 26.72625045371992769, -4.359865889253486948, -0.6401341107465121638 ) ) ;
#8156 = CARTESIAN_POINT ( 'NONE',  ( 7.832534125452332852, -4.991957775359338711, -0.008042224640660389917 ) ) ;
#8157 = AXIS2_PLACEMENT_3D ( 'NONE', #4490, #2556, #5286 ) ;
#8158 = CARTESIAN_POINT ( 'NONE',  ( 84.97774279211276394, -1.290920563262914696E-14, 4.999999999999986677 ) ) ;
#8159 = EDGE_CURVE ( 'NONE', #5983, #1862, #1504, .T. ) ;
#8160 = DIRECTION ( 'NONE',  ( 0.000000000000000000, -1.000000000000000000, 0.000000000000000000 ) ) ;
#8161 = CARTESIAN_POINT ( 'NONE',  ( 57.62499999999978684, 2.871737586104897556E-13, 5.000000000000286882 ) ) ;
#8162 = CARTESIAN_POINT ( 'NONE',  ( 17.02374954628649562, -0.6401341107417606313, -4.359865889258240479 ) ) ;
#8163 = PLANE ( 'NONE',  #5360 ) ;
#8164 = TOROIDAL_SURFACE ( 'NONE', #469, 1.000000000000000000, 1.375000000000001332 ) ;
#8165 = DIRECTION ( 'NONE',  ( 0.000000000000000000, 0.000000000000000000, 1.000000000000000000 ) ) ;
#8166 = EDGE_CURVE ( 'NONE', #3040, #4256, #2217, .T. ) ;
#8167 = CARTESIAN_POINT ( 'NONE',  ( 94.75000000000000000, 0.000000000000000000, 0.000000000000000000 ) ) ;
#8168 = CARTESIAN_POINT ( 'NONE',  ( 0.000000000000000000, 0.000000000000000000, 0.000000000000000000 ) ) ;
#8169 = CIRCLE ( 'NONE', #7473, 1.000000000000000000 ) ;
#8170 = FACE_OUTER_BOUND ( 'NONE', #2091, .T. ) ;
#8171 = DIRECTION ( 'NONE',  ( 0.000000000000000000, 0.000000000000000000, 1.000000000000000000 ) ) ;
#8172 = DIRECTION ( 'NONE',  ( 0.000000000000000000, 0.000000000000000000, -1.000000000000000000 ) ) ;
#8173 = CARTESIAN_POINT ( 'NONE',  ( 0.000000000000000000, 0.000000000000000000, 0.000000000000000000 ) ) ;
#8174 = CARTESIAN_POINT ( 'NONE',  ( 30.27225720788700158, -5.000000000000000888, -1.644090950620596564E-15 ) ) ;
#8175 = ORIENTED_EDGE ( 'NONE', *, *, #7143, .F. ) ;
#8176 = B_SPLINE_CURVE_WITH_KNOTS ( 'NONE', 3,
 ( #7984, #5985, #6603, #7372, #5897, #3308, #399, #7896, #8655, #6023, #1776, #440, #4480, #6565, #8574, #5855 ),
 .UNSPECIFIED., .F., .F.,
 ( 4, 2, 2, 2, 2, 2, 2, 4 ),
 ( 4.818711198681143754E-07, 0.0008765200830205597095, 0.001314539188970918543, 0.001752558294921277484, 0.002190577400871636642, 0.002628596506821994933, 0.003066615612772354092, 0.003504634718722713250 ),
 .UNSPECIFIED. ) ;
#8177 = DIRECTION ( 'NONE',  ( 0.000000000000000000, 0.000000000000000000, 1.000000000000000000 ) ) ;
#8178 = EDGE_LOOP ( 'NONE', ( #8527, #6636, #6306, #7533 ) ) ;
#8179 = VERTEX_POINT ( 'NONE', #4592 ) ;
#8180 = CARTESIAN_POINT ( 'NONE',  ( 120.8749999999999858, -1.328041165545675195, -3.671958834454324805 ) ) ;
#8181 = CARTESIAN_POINT ( 'NONE',  ( 63.70631021352425449, -0.03993437491703320102, -4.960065625082967777 ) ) ;
#8182 = CARTESIAN_POINT ( 'NONE',  ( 38.10263427936256164, -4.040089233410290248, -0.9599107665897105290 ) ) ;
#8183 = B_SPLINE_CURVE_WITH_KNOTS ( 'NONE', 3,
 ( #5081, #3069, #6465, #325, #5208, #4550, #1088, #2433, #8555, #8044, #5164, #7878, #7313, #1888, #7919, #7174 ),
 .UNSPECIFIED., .F., .F.,
 ( 4, 2, 2, 2, 2, 2, 2, 4 ),
 ( 4.818711198686234422E-07, 0.0008765200830274556690, 0.001314539188981249255, 0.001752558294935042732, 0.002190577400888836426, 0.002628596506842629903, 0.003066615612796423380, 0.003504634718750216857 ),
 .UNSPECIFIED. ) ;
#8184 = CARTESIAN_POINT ( 'NONE',  ( 79.77184353044840748, 5.501196648100931109E-15, 5.000000000000007105 ) ) ;
#8185 = CARTESIAN_POINT ( 'NONE',  ( 36.20631021352429002, -0.03993437491703670517, 4.960065625082964225 ) ) ;
#8186 = CIRCLE ( 'NONE', #8488, 1.000000000000000000 ) ;
#8187 = AXIS2_PLACEMENT_3D ( 'NONE', #1147, #4636, #5217 ) ;
#8188 = EDGE_CURVE ( 'NONE', #6222, #7936, #6504, .T. ) ;
#8189 = EDGE_CURVE ( 'NONE', #3002, #2748, #2644, .T. ) ;
#8190 = AXIS2_PLACEMENT_3D ( 'NONE', #4148, #6058, #3433 ) ;
#8191 = ORIENTED_EDGE ( 'NONE', *, *, #7213, .F. ) ;
#8192 = EDGE_LOOP ( 'NONE', ( #6036, #6341, #5365, #2075 ) ) ;
#8193 = CARTESIAN_POINT ( 'NONE',  ( 60.49621622079728667, -1.136863993905374626, -3.863136006094625152 ) ) ;
#8194 = CYLINDRICAL_SURFACE ( 'NONE', #6216, 1.000000000000000000 ) ;
#8195 = ORIENTED_EDGE ( 'NONE', *, *, #6922, .F. ) ;
#8196 = CARTESIAN_POINT ( 'NONE',  ( 10.87500000000000000, -3.671958834454336795, 1.328041165545663649 ) ) ;
#8197 = AXIS2_PLACEMENT_3D ( 'NONE', #7029, #5684, #8352 ) ;
#8198 = CARTESIAN_POINT ( 'NONE',  ( 109.8749999999999858, 0.000000000000000000, 0.000000000000000000 ) ) ;
#8199 = CIRCLE ( 'NONE', #931, 1.000000000000000000 ) ;
#8200 = CARTESIAN_POINT ( 'NONE',  ( 65.87499999999998579, 0.000000000000000000, 0.000000000000000000 ) ) ;
#8201 = CARTESIAN_POINT ( 'NONE',  ( 17.97821941570030546, -4.840676868225202156, -0.1593231317747980103 ) ) ;
#8202 = CARTESIAN_POINT ( 'NONE',  ( 48.72625045371991348, -4.359865889253508264, -0.6401341107464922908 ) ) ;
#8203 = ORIENTED_EDGE ( 'NONE', *, *, #7196, .T. ) ;
#8204 = EDGE_CURVE ( 'NONE', #3899, #3940, #3962, .T. ) ;
#8205 = ORIENTED_EDGE ( 'NONE', *, *, #7746, .F. ) ;
#8206 = ORIENTED_EDGE ( 'NONE', *, *, #6078, .T. ) ;
#8207 = CARTESIAN_POINT ( 'NONE',  ( 50.59032131224200413, -0.3138588207986883760, -4.686141179201312568 ) ) ;
#8208 = CARTESIAN_POINT ( 'NONE',  ( 68.62499999999998579, 0.000000000000000000, 0.000000000000000000 ) ) ;
#8209 = ORIENTED_EDGE ( 'NONE', *, *, #2887, .T. ) ;
#8210 = CARTESIAN_POINT ( 'NONE',  ( 46.62500000000000000, 0.000000000000000000, 1.000000000000000000 ) ) ;
#8211 = VERTEX_POINT ( 'NONE', #4890 ) ;
#8212 = CARTESIAN_POINT ( 'NONE',  ( 58.20631021352426870, -0.03993437491703282632, 4.960065625082966889 ) ) ;
#8213 = CARTESIAN_POINT ( 'NONE',  ( 17.23827242307173790, -0.4974474678478680301, -4.502552532152132692 ) ) ;
#8214 = DIRECTION ( 'NONE',  ( 0.000000000000000000, 0.000000000000000000, 1.000000000000000000 ) ) ;
#8215 = EDGE_CURVE ( 'NONE', #4831, #1282, #6134, .T. ) ;
#8216 = CARTESIAN_POINT ( 'NONE',  ( 121.1472983861615944, -0.9599899463623273732, 4.040010053637671739 ) ) ;
#8217 = AXIS2_PLACEMENT_3D ( 'NONE', #5587, #6169, #4164 ) ;
#8218 = FACE_OUTER_BOUND ( 'NONE', #7406, .T. ) ;
#8219 = FACE_OUTER_BOUND ( 'NONE', #1322, .T. ) ;
#8220 = CARTESIAN_POINT ( 'NONE',  ( 20.13240203055828914, -4.872131520497904766, 0.1278684795020951781 ) ) ;
#8221 = CARTESIAN_POINT ( 'NONE',  ( 82.37499999999998579, -1.328041165545655877, -3.671958834454344345 ) ) ;
#8222 = VECTOR ( 'NONE', #6320, 1000.000000000000000 ) ;
#8223 = AXIS2_PLACEMENT_3D ( 'NONE', #8331, #1506, #3582 ) ;
#8224 = ADVANCED_FACE ( 'NONE', ( #766 ), #631, .T. ) ;
#8225 = AXIS2_PLACEMENT_3D ( 'NONE', #3240, #7260, #3775 ) ;
#8226 = CARTESIAN_POINT ( 'NONE',  ( 22.51880044884223153, -4.366408635911677827, 0.6335913640883230613 ) ) ;
#8227 = DIRECTION ( 'NONE',  ( 0.000000000000000000, -1.224646799147353207E-16, 1.000000000000000000 ) ) ;
#8228 = AXIS2_PLACEMENT_3D ( 'NONE', #6057, #6909, #5572 ) ;
#8229 = CARTESIAN_POINT ( 'NONE',  ( 69.99999999999998579, 1.224646799147353207E-16, -1.000000000000000000 ) ) ;
#8230 = CIRCLE ( 'NONE', #4415, 3.999999999999997335 ) ;
#8231 = CIRCLE ( 'NONE', #5396, 3.999999999999999112 ) ;
#8232 = DIRECTION ( 'NONE',  ( -1.000000000000000000, -0.000000000000000000, -0.000000000000000000 ) ) ;
#8233 = VERTEX_POINT ( 'NONE', #1486 ) ;
#8234 = ORIENTED_EDGE ( 'NONE', *, *, #738, .F. ) ;
#8235 = DIRECTION ( 'NONE',  ( 0.000000000000000000, 0.000000000000000000, 1.000000000000000000 ) ) ;
#8236 = AXIS2_PLACEMENT_3D ( 'NONE', #8208, #7600, #801 ) ;
#8237 = CARTESIAN_POINT ( 'NONE',  ( 38.37499999999999289, 0.000000000000000000, 0.000000000000000000 ) ) ;
#8238 = DIRECTION ( 'NONE',  ( -1.000000000000000000, -0.000000000000000000, -0.000000000000000000 ) ) ;
#8239 = CARTESIAN_POINT ( 'NONE',  ( 119.5338363723698194, -0.2517800035653059987, -4.748219996434693613 ) ) ;
#8240 = CARTESIAN_POINT ( 'NONE',  ( 43.87500000000000000, -3.671958834454339904, -1.328041165545660318 ) ) ;
#8241 = VECTOR ( 'NONE', #7430, 1000.000000000000000 ) ;
#8242 = ORIENTED_EDGE ( 'NONE', *, *, #3259, .F. ) ;
#8243 = ORIENTED_EDGE ( 'NONE', *, *, #6322, .T. ) ;
#8244 = CARTESIAN_POINT ( 'NONE',  ( 60.37500000000000000, -1.328041165545665647, -3.671958834454334575 ) ) ;
#8245 = CARTESIAN_POINT ( 'NONE',  ( 65.32722873042054346, -4.282386290035394616, 0.7176137099646044959 ) ) ;
#8246 = EDGE_LOOP ( 'NONE', ( #3675, #3856, #6986 ) ) ;
#8247 = CARTESIAN_POINT ( 'NONE',  ( 8.421253629382933426, -4.991698401479164104, 0.008301598520836409034 ) ) ;
#8248 = CARTESIAN_POINT ( 'NONE',  ( 0.000000000000000000, 0.000000000000000000, 0.000000000000000000 ) ) ;
#8249 = CARTESIAN_POINT ( 'NONE',  ( 112.6250000000000000, 0.000000000000000000, 1.000000000000000000 ) ) ;
#8250 = EDGE_CURVE ( 'NONE', #771, #713, #3511, .T. ) ;
#8251 = CARTESIAN_POINT ( 'NONE',  ( 74.27225720791403774, -4.999999999998968825, -1.033198507083057943E-12 ) ) ;
#8252 = CARTESIAN_POINT ( 'NONE',  ( 34.89665234915599257, -0.06459124882792187383, 4.935408751172077224 ) ) ;
#8253 = EDGE_LOOP ( 'NONE', ( #8633, #5237, #3087 ) ) ;
#8254 = VERTEX_POINT ( 'NONE', #4986 ) ;
#8255 = TOROIDAL_SURFACE ( 'NONE', #1976, 1.000000000000000000, 3.999999999999999112 ) ;
#8256 = CARTESIAN_POINT ( 'NONE',  ( 50.23827242307172725, -0.4974474678478679190, -4.502552532152132692 ) ) ;
#8257 = FACE_OUTER_BOUND ( 'NONE', #4909, .T. ) ;
#8258 = EDGE_CURVE ( 'NONE', #5053, #6890, #1443, .T. ) ;
#8259 = CARTESIAN_POINT ( 'NONE',  ( 78.47953806259079101, -0.1676550930109093895, -4.832344906989090916 ) ) ;
#8260 = ORIENTED_EDGE ( 'NONE', *, *, #5397, .F. ) ;
#8261 = ADVANCED_FACE ( 'NONE', ( #6900 ), #1353, .T. ) ;
#8262 = DIRECTION ( 'NONE',  ( 0.000000000000000000, -1.000000000000000000, 0.000000000000000000 ) ) ;
#8263 = CARTESIAN_POINT ( 'NONE',  ( 54.75378377920363704, -3.863136006093137453, -1.136863993906862103 ) ) ;
#8264 = DIRECTION ( 'NONE',  ( 0.000000000000000000, -1.224646799147353454E-16, 1.000000000000000000 ) ) ;
#8265 = CIRCLE ( 'NONE', #5853, 4.000000000000001776 ) ;
#8266 = DIRECTION ( 'NONE',  ( 0.000000000000000000, 0.000000000000000000, 1.000000000000000000 ) ) ;
#8267 = CARTESIAN_POINT ( 'NONE',  ( 76.23119955116399638, -0.6335913640930986857, 4.366408635906902980 ) ) ;
#8268 = CARTESIAN_POINT ( 'NONE',  ( 71.49600116288350193, -3.862796825715729021, 1.137203174284272089 ) ) ;
#8269 = EDGE_CURVE ( 'NONE', #634, #6406, #1830, .T. ) ;
#8270 = CARTESIAN_POINT ( 'NONE',  ( 78.21616362764447672, -4.748219996440587565, 0.2517800035594120467 ) ) ;
#8271 = CARTESIAN_POINT ( 'NONE',  ( 82.10263427936256164, -4.040089233410273373, 0.9599107665897265163 ) ) ;
#8272 = CARTESIAN_POINT ( 'NONE',  ( 63.12499999999998579, 0.000000000000000000, 0.000000000000000000 ) ) ;
#8273 = CARTESIAN_POINT ( 'NONE',  ( 41.41746587457270579, -0.008042224642538080628, -4.991957775357462879 ) ) ;
#8274 = CARTESIAN_POINT ( 'NONE',  ( 27.37500000000000000, -1.328041165545663649, -3.671958834454336351 ) ) ;
#8275 = CARTESIAN_POINT ( 'NONE',  ( 52.85334765086493292, -4.935408751168116837, 0.06459124883188327448 ) ) ;
#8276 = ORIENTED_EDGE ( 'NONE', *, *, #4716, .T. ) ;
#8277 = ORIENTED_EDGE ( 'NONE', *, *, #345, .T. ) ;
#8278 = EDGE_CURVE ( 'NONE', #4087, #4249, #3019, .T. ) ;
#8279 = ORIENTED_EDGE ( 'NONE', *, *, #7615, .F. ) ;
#8280 = CARTESIAN_POINT ( 'NONE',  ( 89.09032131224199702, -0.3138588207986883205, -4.686141179201312568 ) ) ;
#8281 = CARTESIAN_POINT ( 'NONE',  ( 112.0388655165443055, -0.04063066961493052437, 4.959369330385070107 ) ) ;
#8282 = DIRECTION ( 'NONE',  ( 0.000000000000000000, 0.000000000000000000, -1.000000000000000000 ) ) ;
#8283 = CARTESIAN_POINT ( 'NONE',  ( 57.62499999999999289, 1.224646799147353207E-16, -1.000000000000000000 ) ) ;
#8284 = DIRECTION ( 'NONE',  ( -1.000000000000000000, -0.000000000000000000, -0.000000000000000000 ) ) ;
#8285 = B_SPLINE_CURVE_WITH_KNOTS ( 'NONE', 3,
 ( #2991, #2219, #2895, #8467, #6298, #4297, #8381, #5660, #160, #2267, #2943, #122, #1010, #3748, #7722, #876 ),
 .UNSPECIFIED., .F., .F.,
 ( 4, 2, 2, 2, 2, 2, 2, 4 ),
 ( 4.818711198674780419E-07, 0.0008765200830274905803, 0.001314539188981314090, 0.001752558294935138141, 0.002190577400888961326, 0.002628596506842785160, 0.003066615612796609429, 0.003504634718750433264 ),
 .UNSPECIFIED. ) ;
#8286 = EDGE_LOOP ( 'NONE', ( #8539, #2602, #3401 ) ) ;
#8287 = CARTESIAN_POINT ( 'NONE',  ( 47.77178058431636742, -0.1593231317801506453, 4.840676868219849993 ) ) ;
#8288 = CARTESIAN_POINT ( 'NONE',  ( 35.32874637064227841, -0.008301598518915678099, -4.991698401481083458 ) ) ;
#8289 = EDGE_CURVE ( 'NONE', #3441, #2511, #2193, .T. ) ;
#8290 = ORIENTED_EDGE ( 'NONE', *, *, #6602, .F. ) ;
#8291 = DIRECTION ( 'NONE',  ( 0.000000000000000000, 0.000000000000000000, 1.000000000000000000 ) ) ;
#8292 = CARTESIAN_POINT ( 'NONE',  ( 40.39940186600653504, -4.935956332723922202, 0.06404366727607917198 ) ) ;
#8293 = CARTESIAN_POINT ( 'NONE',  ( 48.51172757693691295, -4.502552532146860464, 0.4974474678531404792 ) ) ;
#8294 = DIRECTION ( 'NONE',  ( -1.000000000000000000, -0.000000000000000000, -0.000000000000000000 ) ) ;
#8295 = ORIENTED_EDGE ( 'NONE', *, *, #6190, .F. ) ;
#8296 = EDGE_LOOP ( 'NONE', ( #7110, #2747, #832, #8242 ) ) ;
#8297 = DIRECTION ( 'NONE',  ( -0.000000000000000000, 1.000000000000000000, 1.224646799147353207E-16 ) ) ;
#8298 = CARTESIAN_POINT ( 'NONE',  ( 104.3750000000000000, -3.671958834454324805, -1.328041165545675195 ) ) ;
#8299 = ORIENTED_EDGE ( 'NONE', *, *, #6188, .F. ) ;
#8300 = FACE_OUTER_BOUND ( 'NONE', #6738, .T. ) ;
#8301 = ORIENTED_EDGE ( 'NONE', *, *, #6133, .F. ) ;
#8302 = CARTESIAN_POINT ( 'NONE',  ( 69.35334765086507502, -4.935408751168083086, -0.06459124883191602606 ) ) ;
#8303 = CARTESIAN_POINT ( 'NONE',  ( 100.8966523491559713, -0.06459124882792478817, 4.935408751172075448 ) ) ;
#8304 = CARTESIAN_POINT ( 'NONE',  ( 38.64877465030178882, -4.041784260362666359, -0.9582157396373348623 ) ) ;
#8305 = AXIS2_PLACEMENT_3D ( 'NONE', #2952, #7771, #1517 ) ;
#8306 = EDGE_CURVE ( 'NONE', #1031, #8013, #3643, .T. ) ;
#8307 = EDGE_CURVE ( 'NONE', #1363, #2481, #281, .T. ) ;
#8308 = CARTESIAN_POINT ( 'NONE',  ( 101.9174658745726987, -0.008042224642539775453, 4.991957775357460214 ) ) ;
#8309 = CARTESIAN_POINT ( 'NONE',  ( 122.4790520940311467, -0.1678070597022680022, -4.832192940297733053 ) ) ;
#8310 = CARTESIAN_POINT ( 'NONE',  ( 11.14736572063976894, -0.9599107665869520689, -4.040089233413046266 ) ) ;
#8311 = CIRCLE ( 'NONE', #7891, 4.000000000000000000 ) ;
#8312 = CARTESIAN_POINT ( 'NONE',  ( 21.75378377920364770, -3.863136006093129460, 1.136863993906869430 ) ) ;
#8313 = DIRECTION ( 'NONE',  ( -1.000000000000000000, -0.000000000000000000, -0.000000000000000000 ) ) ;
#8314 = EDGE_CURVE ( 'NONE', #4865, #2228, #8317, .T. ) ;
#8315 = CARTESIAN_POINT ( 'NONE',  ( 13.92125362938295829, -4.991698401479159664, -0.008301598520839052753 ) ) ;
#8316 = DIRECTION ( 'NONE',  ( 0.000000000000000000, 0.000000000000000000, 1.000000000000000000 ) ) ;
#8317 = CIRCLE ( 'NONE', #4497, 5.000000000000000000 ) ;
#8318 = VERTEX_POINT ( 'NONE', #319 ) ;
#8319 = B_SPLINE_CURVE_WITH_KNOTS ( 'NONE', 3,
 ( #6740, #8746, #8027, #6122, #8202, #5319, #2630, #1911, #4651, #8114, #6071, #7377, #5447, #706, #5358, #606 ),
 .UNSPECIFIED., .F., .F.,
 ( 4, 2, 2, 2, 2, 2, 2, 4 ),
 ( 4.818711198520267845E-07, 0.0008765200830206144617, 0.001314539188970995738, 0.001752558294921377014, 0.002190577400871758073, 0.002628596506822139349, 0.003066615612772520625, 0.003504634718722901901 ),
 .UNSPECIFIED. ) ;
#8320 = DIRECTION ( 'NONE',  ( 0.000000000000000000, 0.000000000000000000, 1.000000000000000000 ) ) ;
#8321 = CARTESIAN_POINT ( 'NONE',  ( 74.12500000000000000, 0.000000000000000000, 0.000000000000000000 ) ) ;
#8322 = VERTEX_POINT ( 'NONE', #2294 ) ;
#8323 = CARTESIAN_POINT ( 'NONE',  ( 74.85059813401477413, -0.06404366728011018361, -4.935956332719889872 ) ) ;
#8324 = DIRECTION ( 'NONE',  ( 0.000000000000000000, -1.000000000000000000, 0.000000000000000000 ) ) ;
#8325 = CARTESIAN_POINT ( 'NONE',  ( 12.25000000000000000, 1.224646799147353207E-16, -1.000000000000000000 ) ) ;
#8326 = CARTESIAN_POINT ( 'NONE',  ( 104.3750000000000000, -3.671958834454324805, 1.328041165545675195 ) ) ;
#8327 = CARTESIAN_POINT ( 'NONE',  ( 79.47815646957802471, -5.000000000001023182, 1.024295661411825232E-12 ) ) ;
#8328 = APPROVAL_PERSON_ORGANIZATION ( #1760, #56, #5085 ) ;
#8329 = CARTESIAN_POINT ( 'NONE',  ( 71.25399883711746440, -1.137203174285774887, -3.862796825714226667 ) ) ;
#8330 = EDGE_CURVE ( 'NONE', #3763, #1791, #1105, .T. ) ;
#8331 = CARTESIAN_POINT ( 'NONE',  ( 68.62499999999998579, 0.000000000000000000, 0.000000000000000000 ) ) ;
#8332 = FACE_OUTER_BOUND ( 'NONE', #8178, .T. ) ;
#8333 = ORIENTED_EDGE ( 'NONE', *, *, #4248, .T. ) ;
#8334 = CARTESIAN_POINT ( 'NONE',  ( 79.77225720791399510, -4.999999999998965272, -1.033786818522306987E-12 ) ) ;
#8335 = FACE_OUTER_BOUND ( 'NONE', #8417, .T. ) ;
#8336 = CARTESIAN_POINT ( 'NONE',  ( 85.42125362938307376, -4.991698401479151670, 0.008301598520848907717 ) ) ;
#8337 = DIRECTION ( 'NONE',  ( -1.000000000000000000, -0.000000000000000000, -0.000000000000000000 ) ) ;
#8338 = AXIS2_PLACEMENT_3D ( 'NONE', #6151, #6106, #512 ) ;
#8339 = ORIENTED_EDGE ( 'NONE', *, *, #1003, .T. ) ;
#8340 = EDGE_CURVE ( 'NONE', #6438, #6765, #6197, .T. ) ;
#8341 = EDGE_LOOP ( 'NONE', ( #7328, #8699, #3378 ) ) ;
#8342 = VERTEX_POINT ( 'NONE', #6493 ) ;
#8343 = CARTESIAN_POINT ( 'NONE',  ( 45.09032131224201123, -0.3138588207986857670, -4.686141179201316120 ) ) ;
#8344 = AXIS2_PLACEMENT_3D ( 'NONE', #4391, #7017, #5539 ) ;
#8345 = AXIS2_PLACEMENT_3D ( 'NONE', #7928, #3925, #5977 ) ;
#8346 = CARTESIAN_POINT ( 'NONE',  ( 101.7722572079140377, -4.999999999998968825, -1.033198507083057943E-12 ) ) ;
#8347 = AXIS2_PLACEMENT_3D ( 'NONE', #1889, #1180, #6720 ) ;
#8348 = CARTESIAN_POINT ( 'NONE',  ( 112.4777427921127639, -1.290920563262915012E-14, -4.999999999999986677 ) ) ;
#8349 = ORIENTED_EDGE ( 'NONE', *, *, #2732, .T. ) ;
#8350 = ORIENTED_EDGE ( 'NONE', *, *, #2758, .F. ) ;
#8351 = CARTESIAN_POINT ( 'NONE',  ( 8.125000000000000000, 1.224646799147353207E-16, -1.000000000000000000 ) ) ;
#8352 = DIRECTION ( 'NONE',  ( 0.000000000000000000, 0.000000000000000000, 1.000000000000000000 ) ) ;
#8353 = DIRECTION ( 'NONE',  ( -1.000000000000000000, -0.000000000000000000, -0.000000000000000000 ) ) ;
#8354 = CARTESIAN_POINT ( 'NONE',  ( 90.92125362938305955, -4.991698401479152558, 0.008301598520847820045 ) ) ;
#8355 = CARTESIAN_POINT ( 'NONE',  ( 75.53383637236983361, -0.2517800035653071089, 4.748219996434693613 ) ) ;
#8356 = DIRECTION ( 'NONE',  ( -1.000000000000000000, -0.000000000000000000, -0.000000000000000000 ) ) ;
#8357 = CARTESIAN_POINT ( 'NONE',  ( 90.62499999999998579, 0.000000000000000000, 0.000000000000000000 ) ) ;
#8358 = CC_DESIGN_PERSON_AND_ORGANIZATION_ASSIGNMENT ( #2525, #7882, ( #7438 ) ) ;
#8359 = CARTESIAN_POINT ( 'NONE',  ( 8.853347650864984431, -4.935408751168108843, -0.06459124883189247546 ) ) ;
#8360 = CARTESIAN_POINT ( 'NONE',  ( 42.89842623724021564, -4.567820679626508173, 0.4321793203734928812 ) ) ;
#8361 = EDGE_CURVE ( 'NONE', #6890, #6600, #188, .T. ) ;
#8362 = CIRCLE ( 'NONE', #4534, 1.000000000000000000 ) ;
#8363 = CARTESIAN_POINT ( 'NONE',  ( 21.87500000000000000, -3.671958834454335019, 1.328041165545665203 ) ) ;
#8364 = ORIENTED_EDGE ( 'NONE', *, *, #6342, .F. ) ;
#8365 = CARTESIAN_POINT ( 'NONE',  ( 19.12500000000000000, 0.000000000000000000, 1.000000000000000000 ) ) ;
#8366 = DIRECTION ( 'NONE',  ( 0.000000000000000000, 0.000000000000000000, 1.000000000000000000 ) ) ;
#8367 = AXIS2_PLACEMENT_3D ( 'NONE', #2963, #5690, #8406 ) ;
#8368 = ORIENTED_EDGE ( 'NONE', *, *, #3637, .T. ) ;
#8369 = CARTESIAN_POINT ( 'NONE',  ( 83.23123519307652884, -4.508466212583694066, -0.4915337874163073217 ) ) ;
#8370 = VECTOR ( 'NONE', #5709, 1000.000000000000114 ) ;
#8371 = CARTESIAN_POINT ( 'NONE',  ( 65.87499999999998579, -1.328041165545668534, -3.671958834454331466 ) ) ;
#8372 = CARTESIAN_POINT ( 'NONE',  ( 8.706310213524275810, -0.03993437491703472064, -4.960065625082964225 ) ) ;
#8373 = EDGE_CURVE ( 'NONE', #573, #7322, #7194, .T. ) ;
#8374 = CARTESIAN_POINT ( 'NONE',  ( 68.33253412545242611, -4.991957775359345817, 0.008042224640654647982 ) ) ;
#8375 = CARTESIAN_POINT ( 'NONE',  ( 38.37499999999999289, 4.781924292710294564E-16, -3.904737509655565653 ) ) ;
#8376 = CIRCLE ( 'NONE', #4544, 3.904737509655568761 ) ;
#8377 = CIRCLE ( 'NONE', #7115, 1.000000000000000000 ) ;
#8378 = CIRCLE ( 'NONE', #2247, 5.000000000000000000 ) ;
#8379 = CIRCLE ( 'NONE', #2694, 1.000000000000000000 ) ;
#8380 = EDGE_LOOP ( 'NONE', ( #6167, #6118, #3639 ) ) ;
#8381 = CARTESIAN_POINT ( 'NONE',  ( 108.8984262372302823, -4.567820679632011327, -0.4321793203679894502 ) ) ;
#8382 = AXIS2_PLACEMENT_3D ( 'NONE', #8575, #1907, #5353 ) ;
#8383 = B_SPLINE_CURVE_WITH_KNOTS ( 'NONE', 3,
 ( #459, #1720, #4424, #3203, #5167, #7800, #8641, #7967, #8462, #2521, #7880, #3833, #5259, #2342, #291, #3882 ),
 .UNSPECIFIED., .F., .F.,
 ( 4, 2, 2, 2, 2, 2, 2, 4 ),
 ( 4.818711198674780419E-07, 0.0008765200830205889830, 0.001314539188970937408, 0.001752558294921285941, 0.002190577400871634040, 0.002628596506821982790, 0.003066615612772331540, 0.003504634718722679856 ),
 .UNSPECIFIED. ) ;
#8384 = CARTESIAN_POINT ( 'NONE',  ( 46.62499999999979394, 2.871737586104897556E-13, 5.000000000000286882 ) ) ;
#8385 = VERTEX_POINT ( 'NONE', #4456 ) ;
#8386 = CIRCLE ( 'NONE', #4976, 1.000000000000000000 ) ;
#8387 = ORIENTED_EDGE ( 'NONE', *, *, #5445, .F. ) ;
#8388 = DIRECTION ( 'NONE',  ( 0.000000000000000000, 0.000000000000000000, 1.000000000000000000 ) ) ;
#8389 = DIRECTION ( 'NONE',  ( -1.000000000000000000, -0.000000000000000000, -0.000000000000000000 ) ) ;
#8390 = AXIS2_PLACEMENT_3D ( 'NONE', #6439, #2221, #300 ) ;
#8391 = EDGE_CURVE ( 'NONE', #8073, #573, #2434, .T. ) ;
#8392 = CARTESIAN_POINT ( 'NONE',  ( 33.52374954628650272, -0.6401341107417604093, 4.359865889258240479 ) ) ;
#8393 = ORIENTED_EDGE ( 'NONE', *, *, #3974, .F. ) ;
#8394 = TOROIDAL_SURFACE ( 'NONE', #4559, 1.000000000000000000, 3.999999999999999112 ) ;
#8395 = EDGE_LOOP ( 'NONE', ( #6080, #4652, #8441, #5266, #8195, #5712 ) ) ;
#8396 = DIRECTION ( 'NONE',  ( 0.000000000000000000, -1.000000000000000000, 0.000000000000000000 ) ) ;
#8397 = DIRECTION ( 'NONE',  ( 0.000000000000000000, 0.000000000000000000, 1.000000000000000000 ) ) ;
#8398 = CARTESIAN_POINT ( 'NONE',  ( 20.49999999999999645, 0.000000000000000000, 0.000000000000000000 ) ) ;
#8399 = ORIENTED_EDGE ( 'NONE', *, *, #4746, .F. ) ;
#8400 = EDGE_CURVE ( 'NONE', #713, #3337, #1332, .T. ) ;
#8401 = CARTESIAN_POINT ( 'NONE',  ( 10.87500000000000000, 0.000000000000000000, 0.000000000000000000 ) ) ;
#8402 = CARTESIAN_POINT ( 'NONE',  ( 52.42125362938287481, -4.991698401479167657, -0.008301598520832410497 ) ) ;
#8403 = CARTESIAN_POINT ( 'NONE',  ( 90.62499999999977263, 2.821161565220927584E-13, 5.000000000000282441 ) ) ;
#8404 = AXIS2_PLACEMENT_3D ( 'NONE', #7997, #2375, #5951 ) ;
#8405 = B_SPLINE_CURVE_WITH_KNOTS ( 'NONE', 3,
 ( #8711, #3320, #1919, #2597, #615, #8035, #2689, #6037, #4658, #3361, #7384, #2638, #5366, #3410, #8078, #6129 ),
 .UNSPECIFIED., .F., .F.,
 ( 4, 2, 2, 2, 2, 2, 2, 4 ),
 ( 4.818711198681143754E-07, 0.0008765200830205597095, 0.001314539188970918543, 0.001752558294921277484, 0.002190577400871636642, 0.002628596506821994933, 0.003066615612772354092, 0.003504634718722713250 ),
 .UNSPECIFIED. ) ;
#8406 = DIRECTION ( 'NONE',  ( 0.000000000000000000, 0.000000000000000000, 1.000000000000000000 ) ) ;
#8407 = CARTESIAN_POINT ( 'NONE',  ( 96.27184353044836485, 6.261585183459006102E-15, 5.000000000000006217 ) ) ;
#8408 = CIRCLE ( 'NONE', #4579, 1.000000000000000000 ) ;
#8409 = EDGE_CURVE ( 'NONE', #4965, #347, #7897, .T. ) ;
#8410 = DIRECTION ( 'NONE',  ( -1.000000000000000000, -0.000000000000000000, -0.000000000000000000 ) ) ;
#8411 = CARTESIAN_POINT ( 'NONE',  ( 61.01880044884224930, -4.366408635911696479, 0.6335913640883046316 ) ) ;
#8412 = DIRECTION ( 'NONE',  ( 0.000000000000000000, 0.000000000000000000, 1.000000000000000000 ) ) ;
#8413 = CARTESIAN_POINT ( 'NONE',  ( 85.41746587457268447, -0.008042224642539338303, -4.991957775357460214 ) ) ;
#8414 = CARTESIAN_POINT ( 'NONE',  ( 0.000000000000000000, 0.000000000000000000, 0.000000000000000000 ) ) ;
#8415 = VERTEX_POINT ( 'NONE', #6419 ) ;
#8416 = CARTESIAN_POINT ( 'NONE',  ( 101.6250000000000000, 0.000000000000000000, 0.000000000000000000 ) ) ;
#8417 = EDGE_LOOP ( 'NONE', ( #5748, #2443, #3903, #2408 ) ) ;
#8418 = CARTESIAN_POINT ( 'NONE',  ( 0.000000000000000000, 0.000000000000000000, 1.000000000000000000 ) ) ;
#8419 = CARTESIAN_POINT ( 'NONE',  ( 89.61759796945997891, -0.1278684794971740590, 4.872131520502826163 ) ) ;
#8420 = CARTESIAN_POINT ( 'NONE',  ( 107.1249999999997868, 2.819526785428872190E-13, 5.000000000000282441 ) ) ;
#8421 = CARTESIAN_POINT ( 'NONE',  ( 59.72625045371991348, -4.359865889253508264, -0.6401341107464931790 ) ) ;
#8422 = FACE_OUTER_BOUND ( 'NONE', #3574, .T. ) ;
#8423 = DIRECTION ( 'NONE',  ( 0.000000000000000000, 0.000000000000000000, 1.000000000000000000 ) ) ;
#8424 = ADVANCED_FACE ( 'NONE', ( #5733 ), #1624, .T. ) ;
#8425 = VERTEX_POINT ( 'NONE', #1666 ) ;
#8426 = ADVANCED_FACE ( 'NONE', ( #4659 ), #2338, .F. ) ;
#8427 = DIRECTION ( 'NONE',  ( 0.000000000000000000, 0.000000000000000000, 1.000000000000000000 ) ) ;
#8428 = CARTESIAN_POINT ( 'NONE',  ( 101.4781564695780247, -5.000000000001025846, -1.024879796508075479E-12 ) ) ;
#8429 = EDGE_LOOP ( 'NONE', ( #7362, #6211, #2227 ) ) ;
#8430 = ORIENTED_EDGE ( 'NONE', *, *, #1264, .F. ) ;
#8431 = CARTESIAN_POINT ( 'NONE',  ( 79.62500000002799538, -5.000000000000000888, -4.336808689942017736E-16 ) ) ;
#8432 = CARTESIAN_POINT ( 'NONE',  ( 86.27046193742624780, -4.832344906983755628, 0.1676550930162439002 ) ) ;
#8433 = DIRECTION ( 'NONE',  ( 0.000000000000000000, 0.000000000000000000, 1.000000000000000000 ) ) ;
#8434 = VERTEX_POINT ( 'NONE', #8080 ) ;
#8435 = ORIENTED_EDGE ( 'NONE', *, *, #8657, .T. ) ;
#8436 = EDGE_LOOP ( 'NONE', ( #6253, #4918, #6576 ) ) ;
#8437 = EDGE_CURVE ( 'NONE', #2218, #3940, #5062, .T. ) ;
#8438 = CARTESIAN_POINT ( 'NONE',  ( 56.09032131224203255, -0.3138588207986857670, -4.686141179201316120 ) ) ;
#8439 = DIRECTION ( 'NONE',  ( -1.000000000000000000, -0.000000000000000000, -0.000000000000000000 ) ) ;
#8440 = DIRECTION ( 'NONE',  ( 0.000000000000000000, -1.000000000000000000, 0.000000000000000000 ) ) ;
#8441 = ORIENTED_EDGE ( 'NONE', *, *, #5133, .T. ) ;
#8442 = CARTESIAN_POINT ( 'NONE',  ( 0.000000000000000000, 0.000000000000000000, 0.000000000000000000 ) ) ;
#8443 = LINE ( 'NONE', #1578, #8499 ) ;
#8444 = CARTESIAN_POINT ( 'NONE',  ( 112.6250000000279954, -5.000000000000000888, -4.336808689942017736E-16 ) ) ;
#8445 = EDGE_CURVE ( 'NONE', #7699, #8663, #330, .T. ) ;
#8446 = CARTESIAN_POINT ( 'NONE',  ( 74.12499999999978684, 2.818544231345960265E-13, 5.000000000000282441 ) ) ;
#8447 = CARTESIAN_POINT ( 'NONE',  ( 54.32722873042055056, -4.282386290035432808, 0.7176137099645666373 ) ) ;
#8448 = DIRECTION ( 'NONE',  ( 0.000000000000000000, -1.000000000000000000, 0.000000000000000000 ) ) ;
#8449 = CARTESIAN_POINT ( 'NONE',  ( 120.8749999999999858, -1.328041165545675195, -3.671958834454324805 ) ) ;
#8450 = CARTESIAN_POINT ( 'NONE',  ( 12.61759796945997358, -0.1278684794971733374, -4.872131520502827939 ) ) ;
#8451 = DIRECTION ( 'NONE',  ( 0.000000000000000000, 0.000000000000000000, 1.000000000000000000 ) ) ;
#8452 = CARTESIAN_POINT ( 'NONE',  ( 42.53423771780833818, -4.739198801696361762, 0.2608011983036376824 ) ) ;
#8453 = ADVANCED_FACE ( 'NONE', ( #6713 ), #1479, .F. ) ;
#8454 = CARTESIAN_POINT ( 'NONE',  ( 120.0187648069320403, -0.4915337874217384218, 4.508466212578261967 ) ) ;
#8455 = CARTESIAN_POINT ( 'NONE',  ( 111.2161636276444909, -4.748219996440589341, 0.2517800035594118246 ) ) ;
#8456 = DIRECTION ( 'NONE',  ( 0.000000000000000000, 0.000000000000000000, 1.000000000000000000 ) ) ;
#8457 = ORIENTED_EDGE ( 'NONE', *, *, #4801, .F. ) ;
#8458 = CIRCLE ( 'NONE', #6181, 4.000000000000000000 ) ;
#8459 = DIRECTION ( 'NONE',  ( -1.000000000000000000, -0.000000000000000000, -0.000000000000000000 ) ) ;
#8460 = ORIENTED_EDGE ( 'NONE', *, *, #2744, .T. ) ;
#8461 = CARTESIAN_POINT ( 'NONE',  ( 74.12499999999978684, 2.819348912645851850E-13, -5.000000000000282441 ) ) ;
#8462 = CARTESIAN_POINT ( 'NONE',  ( 86.53423771780843765, -4.739198801696318242, -0.2608011983036805370 ) ) ;
#8463 = DIRECTION ( 'NONE',  ( -1.000000000000000000, -0.000000000000000000, -0.000000000000000000 ) ) ;
#8464 = APPROVAL_ROLE ( '' ) ;
#8465 = CIRCLE ( 'NONE', #4913, 1.000000000000000000 ) ;
#8466 = EDGE_LOOP ( 'NONE', ( #7391, #2817, #2545 ) ) ;
#8467 = CARTESIAN_POINT ( 'NONE',  ( 109.3272287304152286, -4.282386290039756460, -0.7176137099602448721 ) ) ;
#8468 = CARTESIAN_POINT ( 'NONE',  ( 59.03383637236984072, -0.2517800035652996704, -4.748219996434700718 ) ) ;
#8469 = ORIENTED_EDGE ( 'NONE', *, *, #3379, .T. ) ;
#8470 = CARTESIAN_POINT ( 'NONE',  ( 115.3749999999999858, -3.671958834454344345, -1.328041165545655877 ) ) ;
#8471 = FACE_OUTER_BOUND ( 'NONE', #3452, .T. ) ;
#8472 = CC_DESIGN_SECURITY_CLASSIFICATION ( #5204, ( #198 ) ) ;
#8473 = CARTESIAN_POINT ( 'NONE',  ( 28.02374954628649917, -0.6401341107417590770, 4.359865889258241367 ) ) ;
#8474 = EDGE_CURVE ( 'NONE', #6205, #2956, #1226, .T. ) ;
#8475 = CARTESIAN_POINT ( 'NONE',  ( 75.53423771780843765, -4.739198801696314689, 0.2608011983036852000 ) ) ;
#8476 = EDGE_CURVE ( 'NONE', #5304, #2141, #8779, .T. ) ;
#8477 = ORIENTED_EDGE ( 'NONE', *, *, #8812, .F. ) ;
#8478 = B_SPLINE_CURVE_WITH_KNOTS ( 'NONE', 3,
 ( #7954, #5289, #5820, #8547, #8626, #7206, #7127, #6614, #2510, #993, #5242, #3735 ),
 .UNSPECIFIED., .F., .F.,
 ( 4, 2, 2, 2, 2, 4 ),
 ( 0.003504634718722822537, 0.003941423334001129160, 0.004378211949279436216, 0.005251789179836051195, 0.006125366410392665308, 0.006998943640949280287 ),
 .UNSPECIFIED. ) ;
#8479 = ORIENTED_EDGE ( 'NONE', *, *, #2758, .T. ) ;
#8480 = CARTESIAN_POINT ( 'NONE',  ( 55.42277126958470745, -0.7176137099602826197, -4.282386290039717380 ) ) ;
#8481 = CARTESIAN_POINT ( 'NONE',  ( 27.37500000000000000, 0.000000000000000000, 0.000000000000000000 ) ) ;
#8482 = CARTESIAN_POINT ( 'NONE',  ( 110.8515737627696325, -0.4321793203680437401, -4.567820679631957148 ) ) ;
#8483 = ORIENTED_EDGE ( 'NONE', *, *, #2608, .F. ) ;
#8484 = CARTESIAN_POINT ( 'NONE',  ( 3.680754160711026568, -4.835479548886701728, 0.1645204511132987713 ) ) ;
#8485 = ORIENTED_EDGE ( 'NONE', *, *, #1513, .F. ) ;
#8486 = CARTESIAN_POINT ( 'NONE',  ( 118.1249999999999858, 1.224646799147353207E-16, -1.000000000000000000 ) ) ;
#8487 = EDGE_CURVE ( 'NONE', #5484, #3198, #5064, .T. ) ;
#8488 = AXIS2_PLACEMENT_3D ( 'NONE', #2405, #5180, #5142 ) ;
#8489 = AXIS2_PLACEMENT_3D ( 'NONE', #5898, #2496, #565 ) ;
#8490 = TOROIDAL_SURFACE ( 'NONE', #7488, 1.000000000000000000, 3.999999999999996447 ) ;
#8491 = CARTESIAN_POINT ( 'NONE',  ( 2.500000000000002220, 0.000000000000000000, -5.000000000000000000 ) ) ;
#8492 = APPLICATION_CONTEXT ( 'configuration controlled 3d designs of mechanical parts and assemblies' ) ;
#8493 = DIRECTION ( 'NONE',  ( -1.000000000000000000, -0.000000000000000000, -0.000000000000000000 ) ) ;
#8494 = ORIENTED_EDGE ( 'NONE', *, *, #8637, .T. ) ;
#8495 = CARTESIAN_POINT ( 'NONE',  ( 62.53886551654429127, -0.04063066961492684676, 4.959369330385072772 ) ) ;
#8496 = CARTESIAN_POINT ( 'NONE',  ( 97.27178058431636032, -0.1593231317801557245, 4.840676868219844664 ) ) ;
#8497 = CARTESIAN_POINT ( 'NONE',  ( 86.53383637236984782, -0.2517800035653034452, 4.748219996434696277 ) ) ;
#8498 = B_SPLINE_CURVE_WITH_KNOTS ( 'NONE', 3,
 ( #5004, #2347, #5042, #7010, #7759, #8287, #7805, #1598, #1559, #1634, #4907, #5746 ),
 .UNSPECIFIED., .F., .F.,
 ( 4, 2, 2, 2, 2, 4 ),
 ( 0.003504634718750195607, 0.003941423334025082222, 0.004378211949299969270, 0.005251789179849742500, 0.006125366410399516598, 0.006998943640949289828 ),
 .UNSPECIFIED. ) ;
#8499 = VECTOR ( 'NONE', #2915, 1000.000000000000000 ) ;
#8500 = AXIS2_PLACEMENT_3D ( 'NONE', #5508, #1304, #7569 ) ;
#8501 = DIRECTION ( 'NONE',  ( 0.000000000000000000, 0.000000000000000000, 1.000000000000000000 ) ) ;
#8502 = DIRECTION ( 'NONE',  ( -1.000000000000000000, -0.000000000000000000, -0.000000000000000000 ) ) ;
#8503 = EDGE_CURVE ( 'NONE', #2218, #3438, #5761, .T. ) ;
#8504 = CARTESIAN_POINT ( 'NONE',  ( 118.8505981340147599, -0.06404366728010946197, 4.935956332719890760 ) ) ;
#8505 = ORIENTED_EDGE ( 'NONE', *, *, #5984, .T. ) ;
#8506 = CARTESIAN_POINT ( 'NONE',  ( 119.8984262372402867, -4.567820679626460212, -0.4321793203735402322 ) ) ;
#8507 = DIRECTION ( 'NONE',  ( 0.000000000000000000, -1.000000000000000000, 0.000000000000000000 ) ) ;
#8508 = DIRECTION ( 'NONE',  ( -1.000000000000000000, -0.000000000000000000, -0.000000000000000000 ) ) ;
#8509 = CARTESIAN_POINT ( 'NONE',  ( 59.03423771780835239, -4.739198801696361762, -0.2608011983036391257 ) ) ;
#8510 = EDGE_CURVE ( 'NONE', #2406, #7886, #4628, .T. ) ;
#8511 = DIRECTION ( 'NONE',  ( 0.000000000000000000, 0.000000000000000000, 1.000000000000000000 ) ) ;
#8512 = DATE_AND_TIME ( #7803, #340 ) ;
#8513 = EDGE_LOOP ( 'NONE', ( #2358, #4440, #3163 ) ) ;
#8514 = CYLINDRICAL_SURFACE ( 'NONE', #1550, 1.000000000000000000 ) ;
#8515 = ORIENTED_EDGE ( 'NONE', *, *, #5171, .F. ) ;
#8516 = AXIS2_PLACEMENT_3D ( 'NONE', #6319, #7701, #2558 ) ;
#8517 = CARTESIAN_POINT ( 'NONE',  ( 60.37500000000000000, -1.328041165545665647, -3.671958834454334575 ) ) ;
#8518 = ORIENTED_EDGE ( 'NONE', *, *, #3066, .F. ) ;
#8519 = CARTESIAN_POINT ( 'NONE',  ( 117.5388655165442913, -0.04063066961492931006, -4.959369330385070995 ) ) ;
#8520 = B_SPLINE_CURVE_WITH_KNOTS ( 'NONE', 3,
 ( #6180, #51, #1441, #7570, #4175, #4003, #6897, #3507, #6719, #3606, #5598, #900 ),
 .UNSPECIFIED., .F., .F.,
 ( 4, 2, 2, 2, 2, 4 ),
 ( 0.003504634718750187800, 0.003941423334025071813, 0.004378211949299955393, 0.005251789179849722551, 0.006125366410399490577, 0.006998943640949257736 ),
 .UNSPECIFIED. ) ;
#8521 = DIRECTION ( 'NONE',  ( -1.000000000000000000, -0.000000000000000000, -0.000000000000000000 ) ) ;
#8522 = CARTESIAN_POINT ( 'NONE',  ( 96.12499999999998579, 0.000000000000000000, 1.000000000000000000 ) ) ;
#8523 = TOROIDAL_SURFACE ( 'NONE', #3109, 1.000000000000000000, 1.374999999999994227 ) ;
#8524 = DIRECTION ( 'NONE',  ( 0.000000000000000000, 0.000000000000000000, 1.000000000000000000 ) ) ;
#8525 = EDGE_LOOP ( 'NONE', ( #237, #5188, #4719, #7602 ) ) ;
#8526 = TOROIDAL_SURFACE ( 'NONE', #4101, 1.000000000000000000, 4.000000000000000000 ) ;
#8527 = ORIENTED_EDGE ( 'NONE', *, *, #8065, .F. ) ;
#8528 = ORIENTED_EDGE ( 'NONE', *, *, #4616, .F. ) ;
#8529 = CIRCLE ( 'NONE', #3403, 3.904737509655562544 ) ;
#8530 = CARTESIAN_POINT ( 'NONE',  ( 44.42277126958470745, -0.7176137099602826197, -4.282386290039717380 ) ) ;
#8531 = CARTESIAN_POINT ( 'NONE',  ( 97.53383637236986203, -0.2517800035653070534, -4.748219996434693613 ) ) ;
#8532 = CIRCLE ( 'NONE', #246, 1.000000000000000000 ) ;
#8533 = EDGE_CURVE ( 'NONE', #6695, #5616, #3901, .T. ) ;
#8534 = AXIS2_PLACEMENT_3D ( 'NONE', #6999, #2296, #7709 ) ;
#8535 = CARTESIAN_POINT ( 'NONE',  ( 35.92125362938286770, -4.991698401479166769, 0.008301598520832341108 ) ) ;
#8536 = ORIENTED_EDGE ( 'NONE', *, *, #3822, .F. ) ;
#8537 = CARTESIAN_POINT ( 'NONE',  ( 5.375000000000000000, -3.671958834454335019, 1.328041165545665425 ) ) ;
#8538 = TOROIDAL_SURFACE ( 'NONE', #113, 1.000000000000000000, 4.000000000000000000 ) ;
#8539 = ORIENTED_EDGE ( 'NONE', *, *, #7347, .F. ) ;
#8540 = CARTESIAN_POINT ( 'NONE',  ( 55.73827242307174146, -0.4974474678478674750, 4.502552532152133580 ) ) ;
#8541 = CARTESIAN_POINT ( 'NONE',  ( 94.97953806259079101, -0.1676550930109080573, 4.832344906989091804 ) ) ;
#8542 = DIRECTION ( 'NONE',  ( 0.000000000000000000, -1.000000000000000000, 0.000000000000000000 ) ) ;
#8543 = EDGE_CURVE ( 'NONE', #8020, #3914, #6482, .T. ) ;
#8544 = CARTESIAN_POINT ( 'NONE',  ( 54.60263427936256875, -4.040089233410288472, 0.9599107665897111952 ) ) ;
#8545 = ADVANCED_FACE ( 'NONE', ( #4927 ), #3062, .F. ) ;
#8546 = CARTESIAN_POINT ( 'NONE',  ( 96.12499999999978684, 2.818544231345960265E-13, 5.000000000000282441 ) ) ;
#8547 = CARTESIAN_POINT ( 'NONE',  ( 7.543689786498216421, -4.960065625086335750, 0.03993437491366484682 ) ) ;
#8548 = CARTESIAN_POINT ( 'NONE',  ( 40.11759796945997891, -0.1278684794971739480, 4.872131520502827051 ) ) ;
#8549 = CARTESIAN_POINT ( 'NONE',  ( 61.71616362764444830, -4.748219996440592894, 0.2517800035594070507 ) ) ;
#8550 = CARTESIAN_POINT ( 'NONE',  ( 17.01880044884221732, -4.366408635911667169, 0.6335913640883329423 ) ) ;
#8551 = DIRECTION ( 'NONE',  ( 0.000000000000000000, -1.224646799147353207E-16, 1.000000000000000000 ) ) ;
#8552 = CIRCLE ( 'NONE', #4136, 1.000000000000000000 ) ;
#8553 = EDGE_CURVE ( 'NONE', #2864, #3391, #8029, .T. ) ;
#8554 = DIRECTION ( 'NONE',  ( 0.000000000000000000, -1.000000000000000000, 0.000000000000000000 ) ) ;
#8555 = CARTESIAN_POINT ( 'NONE',  ( 72.71576228220553162, -0.2608011982980546484, -4.739198801701945740 ) ) ;
#8556 = DIRECTION ( 'NONE',  ( 0.000000000000000000, 0.000000000000000000, 1.000000000000000000 ) ) ;
#8557 = DIRECTION ( 'NONE',  ( 0.000000000000000000, 0.000000000000000000, 1.000000000000000000 ) ) ;
#8558 = DIRECTION ( 'NONE',  ( -0.000000000000000000, 1.000000000000000000, 1.224646799147353207E-16 ) ) ;
#8559 = VECTOR ( 'NONE', #7959, 1000.000000000000000 ) ;
#8560 = B_SPLINE_CURVE_WITH_KNOTS ( 'NONE', 3,
 ( #6379, #1498, #195, #8372, #7753, #7006, #5703, #828, #156, #3526, #779, #240 ),
 .UNSPECIFIED., .F., .F.,
 ( 4, 2, 2, 2, 2, 4 ),
 ( 0.003504634718750198209, 0.003941423334025082222, 0.004378211949299965801, 0.005251789179849737296, 0.006125366410399509659, 0.006998943640949281154 ),
 .UNSPECIFIED. ) ;
#8561 = ORIENTED_EDGE ( 'NONE', *, *, #1687, .T. ) ;
#8562 = ADVANCED_FACE ( 'NONE', ( #4314 ), #2043, .T. ) ;
#8563 = DIRECTION ( 'NONE',  ( 0.000000000000000000, 0.000000000000000000, 1.000000000000000000 ) ) ;
#8564 = ORIENTED_EDGE ( 'NONE', *, *, #1556, .F. ) ;
#8565 = CARTESIAN_POINT ( 'NONE',  ( 107.1249999999997868, 2.818747515117398234E-13, -5.000000000000282441 ) ) ;
#8566 = ORIENTED_EDGE ( 'NONE', *, *, #2830, .T. ) ;
#8567 = DIRECTION ( 'NONE',  ( 0.000000000000000000, -1.000000000000000000, 0.000000000000000000 ) ) ;
#8568 = CARTESIAN_POINT ( 'NONE',  ( 6.750000000000000000, 0.000000000000000000, 0.000000000000000000 ) ) ;
#8569 = FACE_OUTER_BOUND ( 'NONE', #1424, .T. ) ;
#8570 = CARTESIAN_POINT ( 'NONE',  ( 76.22625045371995611, -4.359865889253468296, 0.6401341107465335911 ) ) ;
#8571 = VERTEX_POINT ( 'NONE', #4975 ) ;
#8572 = ORIENTED_EDGE ( 'NONE', *, *, #8510, .T. ) ;
#8573 = EDGE_CURVE ( 'NONE', #1329, #7713, #6461, .T. ) ;
#8574 = CARTESIAN_POINT ( 'NONE',  ( 101.7722572079139809, -4.999999999998967048, 1.033198930599532176E-12 ) ) ;
#8575 = CARTESIAN_POINT ( 'NONE',  ( 8.125000000000000000, 0.000000000000000000, 0.000000000000000000 ) ) ;
#8576 = CARTESIAN_POINT ( 'NONE',  ( 107.1250000000000000, 0.000000000000000000, 0.000000000000000000 ) ) ;
#8577 = ORIENTED_EDGE ( 'NONE', *, *, #6450, .F. ) ;
#8578 = CARTESIAN_POINT ( 'NONE',  ( 33.14877465030176751, -4.041784260362666359, 0.9582157396373345293 ) ) ;
#8579 = CARTESIAN_POINT ( 'NONE',  ( 56.61759796945996470, -0.1278684794971710614, 4.872131520502827939 ) ) ;
#8580 = ORIENTED_EDGE ( 'NONE', *, *, #3803, .T. ) ;
#8581 = CARTESIAN_POINT ( 'NONE',  ( 49.37500000000000000, -3.671958834454334575, 1.328041165545665647 ) ) ;
#8582 = DIRECTION ( 'NONE',  ( -1.000000000000000000, -0.000000000000000000, -0.000000000000000000 ) ) ;
#8583 = CARTESIAN_POINT ( 'NONE',  ( 98.60122534970068386, -0.9582157396402009031, 4.041784260359798431 ) ) ;
#8584 = ORIENTED_EDGE ( 'NONE', *, *, #2450, .T. ) ;
#8585 = CARTESIAN_POINT ( 'NONE',  ( 98.99600116288351614, -3.862796825715729021, -1.137203174284272089 ) ) ;
#8586 = CARTESIAN_POINT ( 'NONE',  ( 74.12500000000000000, 1.224646799147353207E-16, -1.000000000000000000 ) ) ;
#8587 = CYLINDRICAL_SURFACE ( 'NONE', #1711, 1.000000000000000000 ) ;
#8588 = EDGE_CURVE ( 'NONE', #8233, #6589, #8169, .T. ) ;
#8589 = EDGE_CURVE ( 'NONE', #7086, #8736, #3271, .T. ) ;
#8590 = CYLINDRICAL_SURFACE ( 'NONE', #1252, 1.000000000000000000 ) ;
#8591 = ORIENTED_EDGE ( 'NONE', *, *, #863, .T. ) ;
#8592 = CARTESIAN_POINT ( 'NONE',  ( 97.13240203055840993, -4.872131520497873680, -0.1278684795021268750 ) ) ;
#8593 = CARTESIAN_POINT ( 'NONE',  ( 65.87499999999998579, -3.671958834454331466, 1.328041165545668756 ) ) ;
#8594 = DIRECTION ( 'NONE',  ( 0.000000000000000000, 0.000000000000000000, 1.000000000000000000 ) ) ;
#8595 = CARTESIAN_POINT ( 'NONE',  ( 58.77046193742613411, -4.832344906983796484, 0.1676550930162032937 ) ) ;
#8596 = CARTESIAN_POINT ( 'NONE',  ( 116.2312351930765288, -4.508466212583701171, -0.4915337874162994392 ) ) ;
#8597 = COORDINATED_UNIVERSAL_TIME_OFFSET ( 3, 30, .AHEAD. ) ;
#8598 = EDGE_CURVE ( 'NONE', #5053, #5230, #8465, .T. ) ;
#8599 = AXIS2_PLACEMENT_3D ( 'NONE', #630, #6094, #1269 ) ;
#8600 = EDGE_LOOP ( 'NONE', ( #7534, #3229, #4568 ) ) ;
#8601 = DIRECTION ( 'NONE',  ( -1.000000000000000000, -0.000000000000000000, -0.000000000000000000 ) ) ;
#8602 = ORIENTED_EDGE ( 'NONE', *, *, #2125, .T. ) ;
#8603 = CARTESIAN_POINT ( 'NONE',  ( 55.51880044884219956, -4.366408635911662728, -0.6335913640883391595 ) ) ;
#8604 = ORIENTED_EDGE ( 'NONE', *, *, #3259, .T. ) ;
#8605 = DIRECTION ( 'NONE',  ( 0.000000000000000000, 0.000000000000000000, 1.000000000000000000 ) ) ;
#8606 = DIRECTION ( 'NONE',  ( 0.000000000000000000, -1.000000000000000000, 0.000000000000000000 ) ) ;
#8607 = AXIS2_PLACEMENT_3D ( 'NONE', #7038, #6327, #8456 ) ;
#8608 = CARTESIAN_POINT ( 'NONE',  ( 52.85334765086494002, -4.935408751168116837, -0.06459124883188396837 ) ) ;
#8609 = CARTESIAN_POINT ( 'NONE',  ( 76.60263427936259006, -4.040089233410256497, 0.9599107665897450570 ) ) ;
#8610 = ADVANCED_FACE ( 'NONE', ( #8569 ), #6044, .T. ) ;
#8611 = ORIENTED_EDGE ( 'NONE', *, *, #7559, .F. ) ;
#8612 = ORIENTED_EDGE ( 'NONE', *, *, #422, .T. ) ;
#8613 = VERTEX_POINT ( 'NONE', #3799 ) ;
#8614 = CARTESIAN_POINT ( 'NONE',  ( 0.000000000000000000, 0.000000000000000000, 0.000000000000000000 ) ) ;
#8616 = CARTESIAN_POINT ( 'NONE',  ( 111.2161636276444909, -4.748219996440589341, -0.2517800035594116581 ) ) ;
#8615 = AXIS2_PLACEMENT_3D ( 'NONE', #7345, #2598, #5327 ) ;
#8617 = CARTESIAN_POINT ( 'NONE',  ( 36.77046193742614122, -4.832344906983798261, 0.1676550930162027664 ) ) ;
#8618 = ORIENTED_EDGE ( 'NONE', *, *, #1435, .F. ) ;
#8619 = CARTESIAN_POINT ( 'NONE',  ( 3.538331087163100630, -4.874457784808692296, 0.1255422151913082873 ) ) ;
#8620 = CARTESIAN_POINT ( 'NONE',  ( 44.14877465030178172, -4.041784260362668135, 0.9582157396373340852 ) ) ;
#8621 = EDGE_CURVE ( 'NONE', #4256, #981, #5479, .T. ) ;
#8622 = ORIENTED_EDGE ( 'NONE', *, *, #3106, .T. ) ;
#8623 = CARTESIAN_POINT ( 'NONE',  ( 21.22625045371991703, -4.359865889253496718, -0.6401341107465038371 ) ) ;
#8624 = B_SPLINE_CURVE_WITH_KNOTS ( 'NONE', 3,
 ( #3504, #807, #6228, #3561, #6280, #142, #4317, #5063, #3644, #179, #3098, #3057, #1745, #8354, #941, #7832 ),
 .UNSPECIFIED., .F., .F.,
 ( 4, 2, 2, 2, 2, 2, 2, 4 ),
 ( 4.818711198681143754E-07, 0.0008765200830205597095, 0.001314539188970918543, 0.001752558294921277484, 0.002190577400871636642, 0.002628596506821994933, 0.003066615612772354092, 0.003504634718722713250 ),
 .UNSPECIFIED. ) ;
#8625 = CARTESIAN_POINT ( 'NONE',  ( 83.23827242307173435, -0.4974474678478695289, 4.502552532152130027 ) ) ;
#8626 = CARTESIAN_POINT ( 'NONE',  ( 7.399401866006582118, -4.935956332723932860, 0.06404366727606761178 ) ) ;
#8627 = VERTEX_POINT ( 'NONE', #1058 ) ;
#8628 = CARTESIAN_POINT ( 'NONE',  ( -0.000000000000000000, -2.500000000000000000, -2.500000000000000000 ) ) ;
#8629 = CARTESIAN_POINT ( 'NONE',  ( 24.03886551654430548, -0.04063066961492747819, -4.959369330385072772 ) ) ;
#8630 = CARTESIAN_POINT ( 'NONE',  ( 28.97821941568347981, -4.840676868219800255, -0.1593231317801994396 ) ) ;
#8631 = AXIS2_PLACEMENT_3D ( 'NONE', #781, #8284, #4864 ) ;
#8632 = AXIS2_PLACEMENT_3D ( 'NONE', #558, #6820, #2891 ) ;
#8633 = ORIENTED_EDGE ( 'NONE', *, *, #4892, .F. ) ;
#8634 = CIRCLE ( 'NONE', #3508, 3.999999999999999112 ) ;
#8635 = VECTOR ( 'NONE', #5662, 1000.000000000000000 ) ;
#8636 = FACE_OUTER_BOUND ( 'NONE', #4313, .T. ) ;
#8637 = EDGE_CURVE ( 'NONE', #4163, #6908, #610, .T. ) ;
#8638 = CIRCLE ( 'NONE', #3801, 1.000000000000000000 ) ;
#8639 = CARTESIAN_POINT ( 'NONE',  ( 19.41746587457269158, -0.008042224642538391144, 4.991957775357462879 ) ) ;
#8640 = DIRECTION ( 'NONE',  ( 0.000000000000000000, 0.000000000000000000, 1.000000000000000000 ) ) ;
#8641 = CARTESIAN_POINT ( 'NONE',  ( 86.89842623724024406, -4.567820679626466429, -0.4321793203735330158 ) ) ;
#8642 = CARTESIAN_POINT ( 'NONE',  ( 59.82722873042054346, -4.282386290035431919, 0.7176137099645686357 ) ) ;
#8643 = ORIENTED_EDGE ( 'NONE', *, *, #1003, .F. ) ;
#8644 = CARTESIAN_POINT ( 'NONE',  ( 24.62500000002790301, -5.000000000000000888, -4.336808689942017736E-16 ) ) ;
#8645 = DIRECTION ( 'NONE',  ( 0.000000000000000000, 0.000000000000000000, 1.000000000000000000 ) ) ;
#8646 = EDGE_CURVE ( 'NONE', #3877, #2218, #5225, .T. ) ;
#8647 = EDGE_LOOP ( 'NONE', ( #7258, #7383, #1382 ) ) ;
#8648 = CARTESIAN_POINT ( 'NONE',  ( 15.82722873042056300, -4.282386290035417709, 0.7176137099645829576 ) ) ;
#8649 = CARTESIAN_POINT ( 'NONE',  ( 27.49621622079728667, -1.136863993905374626, 3.863136006094624708 ) ) ;
#8650 = CARTESIAN_POINT ( 'NONE',  ( 114.7262504537199135, -4.359865889253476290, -0.6401341107465228220 ) ) ;
#8651 = CARTESIAN_POINT ( 'NONE',  ( 108.4999999999999858, 1.224646799147353207E-16, -1.000000000000000000 ) ) ;
#8652 = TOROIDAL_SURFACE ( 'NONE', #1531, 1.000000000000000000, 4.000000000000001776 ) ;
#8653 = VERTEX_POINT ( 'NONE', #7932 ) ;
#8654 = EDGE_LOOP ( 'NONE', ( #153, #8206, #1686 ) ) ;
#8655 = CARTESIAN_POINT ( 'NONE',  ( 103.0342377178084377, -4.739198801696314689, 0.2608011983036852000 ) ) ;
#8656 = FACE_OUTER_BOUND ( 'NONE', #2871, .T. ) ;
#8657 = EDGE_CURVE ( 'NONE', #4347, #2775, #4359, .T. ) ;
#8658 = DIRECTION ( 'NONE',  ( -1.000000000000000000, -0.000000000000000000, -0.000000000000000000 ) ) ;
#8659 = CIRCLE ( 'NONE', #7672, 3.999999999999997335 ) ;
#8660 = DIRECTION ( 'NONE',  ( 0.000000000000000000, 0.000000000000000000, 1.000000000000000000 ) ) ;
#8661 = CIRCLE ( 'NONE', #4964, 1.374999999999994227 ) ;
#8662 = CARTESIAN_POINT ( 'NONE',  ( 103.0338363723698478, -0.2517800035653070534, -4.748219996434693613 ) ) ;
#8663 = VERTEX_POINT ( 'NONE', #4603 ) ;
#8664 = AXIS2_PLACEMENT_3D ( 'NONE', #8401, #271, #2324 ) ;
#8665 = DIRECTION ( 'NONE',  ( 0.000000000000000000, 0.000000000000000000, 1.000000000000000000 ) ) ;
#8666 = AXIS2_PLACEMENT_3D ( 'NONE', #6817, #4899, #6865 ) ;
#8667 = CIRCLE ( 'NONE', #532, 3.904737509655560768 ) ;
#8668 = AXIS2_PLACEMENT_3D ( 'NONE', #6832, #3443, #27 ) ;
#8669 = CARTESIAN_POINT ( 'NONE',  ( 20.53423771780836304, -4.739198801696350216, -0.2608011983036504500 ) ) ;
#8670 = DIRECTION ( 'NONE',  ( 0.000000000000000000, 0.000000000000000000, 1.000000000000000000 ) ) ;
#8671 = EDGE_CURVE ( 'NONE', #2220, #5672, #2916, .T. ) ;
#8672 = VECTOR ( 'NONE', #3867, 1000.000000000000000 ) ;
#8673 = CYLINDRICAL_SURFACE ( 'NONE', #8404, 1.000000000000000000 ) ;
#8674 = CARTESIAN_POINT ( 'NONE',  ( 85.41746587457268447, -0.008042224642539314017, 4.991957775357460214 ) ) ;
#8675 = CARTESIAN_POINT ( 'NONE',  ( 65.60122534970069808, -0.9582157396401982385, 4.041784260359801095 ) ) ;
#8676 = AXIS2_PLACEMENT_3D ( 'NONE', #4822, #76, #6160 ) ;
#8677 = CARTESIAN_POINT ( 'NONE',  ( 87.87500000000000000, 4.781924292710300481E-16, -3.904737509655568761 ) ) ;
#8678 = CIRCLE ( 'NONE', #5976, 1.000000000000000000 ) ;
#8679 = B_SPLINE_CURVE_WITH_KNOTS ( 'NONE', 3,
 ( #7093, #8327, #1455, #3578, #5576, #872, #3620, #6432, #6337, #243, #4902, #4999 ),
 .UNSPECIFIED., .F., .F.,
 ( 4, 2, 2, 2, 2, 4 ),
 ( 0.003504634718722679856, 0.003941423334001004260, 0.004378211949279328663, 0.005251789179835976602, 0.006125366410392624542, 0.006998943640949273348 ),
 .UNSPECIFIED. ) ;
#8680 = CARTESIAN_POINT ( 'NONE',  ( 73.97815646957803892, -5.000000000001025846, 1.024875031947747173E-12 ) ) ;
#8681 = ADVANCED_FACE ( 'NONE', ( #4476 ), #4052, .T. ) ;
#8682 = VERTEX_POINT ( 'NONE', #7189 ) ;
#8683 = CARTESIAN_POINT ( 'NONE',  ( 90.77184353044839327, 6.384510839929286439E-15, -5.000000000000006217 ) ) ;
#8684 = CARTESIAN_POINT ( 'NONE',  ( 112.6250000000000000, 1.224646799147353207E-16, -1.000000000000000000 ) ) ;
#8685 = CARTESIAN_POINT ( 'NONE',  ( 105.7161636276300385, -4.748219996434642098, -0.2517800035653584567 ) ) ;
#8686 = CARTESIAN_POINT ( 'NONE',  ( 65.01172757693696269, -4.502552532146817832, -0.4974474678531817795 ) ) ;
#8687 = CARTESIAN_POINT ( 'NONE',  ( 82.25399883711745019, -1.137203174285757346, -3.862796825714243543 ) ) ;
#8688 = CARTESIAN_POINT ( 'NONE',  ( 99.85157376276963248, -0.4321793203680488471, -4.567820679631951819 ) ) ;
#8689 = ORIENTED_EDGE ( 'NONE', *, *, #8588, .F. ) ;
#8690 = CARTESIAN_POINT ( 'NONE',  ( 55.73123519307646490, -4.508466212583658539, -0.4915337874163402954 ) ) ;
#8691 = ORIENTED_EDGE ( 'NONE', *, *, #1944, .F. ) ;
#8692 = CARTESIAN_POINT ( 'NONE',  ( 14.63240203055832289, -4.872131520497896773, 0.1278684795021041432 ) ) ;
#8693 = CARTESIAN_POINT ( 'NONE',  ( 113.9999999999999858, 0.000000000000000000, 1.000000000000000000 ) ) ;
#8694 = AXIS2_PLACEMENT_3D ( 'NONE', #6857, #723, #3465 ) ;
#8695 = DIRECTION ( 'NONE',  ( 0.000000000000000000, 0.000000000000000000, 1.000000000000000000 ) ) ;
#8696 = CARTESIAN_POINT ( 'NONE',  ( 38.37499999999999289, -1.328041165545660540, 3.671958834454339460 ) ) ;
#8697 = EDGE_CURVE ( 'NONE', #4195, #5441, #46, .T. ) ;
#8698 = EDGE_CURVE ( 'NONE', #5145, #919, #6617, .T. ) ;
#8699 = ORIENTED_EDGE ( 'NONE', *, *, #4839, .T. ) ;
#8700 = CARTESIAN_POINT ( 'NONE',  ( 66.14877465030181725, -4.041784260362685011, -0.9582157396373158775 ) ) ;
#8701 = DIRECTION ( 'NONE',  ( 0.000000000000000000, 0.000000000000000000, 1.000000000000000000 ) ) ;
#8702 = CARTESIAN_POINT ( 'NONE',  ( 49.64736572063975473, -0.9599107665869519579, 4.040089233413046266 ) ) ;
#8703 = CARTESIAN_POINT ( 'NONE',  ( 35.77225720791379615, -4.999999999998976818, 1.023750842761544449E-12 ) ) ;
#8704 = CARTESIAN_POINT ( 'NONE',  ( 84.83253412545248295, -4.991957775359345817, 0.008042224640654483184 ) ) ;
#8705 = ORIENTED_EDGE ( 'NONE', *, *, #8588, .T. ) ;
#8706 = EDGE_CURVE ( 'NONE', #1762, #1165, #7737, .T. ) ;
#8707 = CARTESIAN_POINT ( 'NONE',  ( 24.92125362938296718, -4.991698401479161440, -0.008301598520839571435 ) ) ;
#8708 = CARTESIAN_POINT ( 'NONE',  ( 20.13240203055829625, -4.872131520497905655, -0.1278684795020950671 ) ) ;
#8709 = CARTESIAN_POINT ( 'NONE',  ( 93.92277126958470035, -0.7176137099602921676, -4.282386290039709387 ) ) ;
#8710 = ORIENTED_EDGE ( 'NONE', *, *, #3974, .T. ) ;
#8711 = CARTESIAN_POINT ( 'NONE',  ( 71.37500000000000000, -3.671958834454324805, 1.328041165545675195 ) ) ;
#8712 = DIRECTION ( 'NONE',  ( 0.000000000000000000, 0.000000000000000000, 1.000000000000000000 ) ) ;
#8713 = DIRECTION ( 'NONE',  ( -1.000000000000000000, -0.000000000000000000, -0.000000000000000000 ) ) ;
#8714 = B_SPLINE_CURVE_WITH_KNOTS ( 'NONE', 3,
 ( #3809, #3050, #7821, #2954, #1573, #4397, #3636, #1651, #2909, #1609, #1701, #3092, #3678, #4443, #7156, #5631 ),
 .UNSPECIFIED., .F., .F.,
 ( 4, 2, 2, 2, 2, 2, 2, 4 ),
 ( 4.818711198465283760E-07, 0.0008765200830274371292, 0.001314539188981229088, 0.001752558294935021048, 0.002190577400888813440, 0.002628596506842604749, 0.003066615612796397359, 0.003504634718750189535 ),
 .UNSPECIFIED. ) ;
#8715 = ADVANCED_FACE ( 'NONE', ( #3434 ), #2480, .F. ) ;
#8716 = CARTESIAN_POINT ( 'NONE',  ( 74.12500000002798117, -5.000000000000000888, -4.336808689942017736E-16 ) ) ;
#8717 = ORIENTED_EDGE ( 'NONE', *, *, #8487, .F. ) ;
#8718 = CARTESIAN_POINT ( 'NONE',  ( 107.1250000000000000, 0.000000000000000000, 0.000000000000000000 ) ) ;
#8719 = CARTESIAN_POINT ( 'NONE',  ( 95.54368978649830524, -4.960065625086348184, 0.03993437491365254416 ) ) ;
#8720 = CARTESIAN_POINT ( 'NONE',  ( 104.6487746502993019, -4.041784260359772674, -0.9582157396402272154 ) ) ;
#8721 = CARTESIAN_POINT ( 'NONE',  ( 64.89842623724027248, -4.567820679626462876, -0.4321793203735366240 ) ) ;
#8722 = ORIENTED_EDGE ( 'NONE', *, *, #2919, .T. ) ;
#8723 = ADVANCED_FACE ( 'NONE', ( #7486 ), #475, .T. ) ;
#8724 = FACE_OUTER_BOUND ( 'NONE', #3890, .T. ) ;
#8725 = DIRECTION ( 'NONE',  ( 0.000000000000000000, 0.000000000000000000, 1.000000000000000000 ) ) ;
#8726 = VERTEX_POINT ( 'NONE', #2073 ) ;
#8727 = DIRECTION ( 'NONE',  ( -1.000000000000000000, -0.000000000000000000, -0.000000000000000000 ) ) ;
#8728 = ORIENTED_EDGE ( 'NONE', *, *, #3803, .F. ) ;
#8729 = VERTEX_POINT ( 'NONE', #6692 ) ;
#8730 = DIRECTION ( 'NONE',  ( -1.000000000000000000, -0.000000000000000000, -0.000000000000000000 ) ) ;
#8731 = DIRECTION ( 'NONE',  ( 0.000000000000000000, 0.000000000000000000, 1.000000000000000000 ) ) ;
#8732 = B_SPLINE_CURVE_WITH_KNOTS ( 'NONE', 3,
 ( #1314, #7483, #7535, #4145, #4094, #1409, #5389, #3474, #5431, #8138, #2169, #4049 ),
 .UNSPECIFIED., .F., .F.,
 ( 4, 2, 2, 2, 2, 4 ),
 ( 0.003504634718750201244, 0.003941423334025084824, 0.004378211949299969270, 0.005251789179849741633, 0.006125366410399513996, 0.006998943640949286359 ),
 .UNSPECIFIED. ) ;
#8733 = DIRECTION ( 'NONE',  ( -1.000000000000000000, -0.000000000000000000, -0.000000000000000000 ) ) ;
#8734 = CARTESIAN_POINT ( 'NONE',  ( 26.03383637236985848, -0.2517800035653022239, 4.748219996434698054 ) ) ;
#8735 = ORIENTED_EDGE ( 'NONE', *, *, #8573, .F. ) ;
#8736 = VERTEX_POINT ( 'NONE', #560 ) ;
#8737 = VERTEX_POINT ( 'NONE', #2617 ) ;
#8738 = CARTESIAN_POINT ( 'NONE',  ( 68.62499999999998579, 1.224646799147353207E-16, -1.000000000000000000 ) ) ;
#8739 = CARTESIAN_POINT ( 'NONE',  ( 33.14736572063976894, -0.9599107665869520689, -4.040089233413046266 ) ) ;
#8740 = CARTESIAN_POINT ( 'NONE',  ( 60.37500000000000000, -1.328041165545665647, 3.671958834454334575 ) ) ;
#8741 = AXIS2_PLACEMENT_3D ( 'NONE', #5771, #7162, #7784 ) ;
#8742 = DIRECTION ( 'NONE',  ( -1.000000000000000000, -0.000000000000000000, -0.000000000000000000 ) ) ;
#8743 = VERTEX_POINT ( 'NONE', #6152 ) ;
#8744 = EDGE_CURVE ( 'NONE', #8254, #4346, #7507, .T. ) ;
#8745 = CARTESIAN_POINT ( 'NONE',  ( 85.12500000002799538, -5.000000000000000888, -4.336808689942017736E-16 ) ) ;
#8746 = CARTESIAN_POINT ( 'NONE',  ( 49.25378377920365836, -3.863136006093133901, -1.136863993906864989 ) ) ;
#8747 = ORIENTED_EDGE ( 'NONE', *, *, #2474, .F. ) ;
#8748 = AXIS2_PLACEMENT_3D ( 'NONE', #6175, #42, #138 ) ;
#8749 = CARTESIAN_POINT ( 'NONE',  ( 49.49600116288350193, -3.862796825715725912, 1.137203174284274976 ) ) ;
#8750 = CARTESIAN_POINT ( 'NONE',  ( 0.000000000000000000, 1.224646799147353207E-16, -1.000000000000000000 ) ) ;
#8751 = ORIENTED_EDGE ( 'NONE', *, *, #2701, .F. ) ;
#8752 = EDGE_CURVE ( 'NONE', #8056, #5841, #4118, .T. ) ;
#8753 = DIRECTION ( 'NONE',  ( -1.000000000000000000, -0.000000000000000000, -0.000000000000000000 ) ) ;
#8754 = CARTESIAN_POINT ( 'NONE',  ( 23.21576228220554583, -0.2608011982980508736, -4.739198801701948405 ) ) ;
#8755 = DIRECTION ( 'NONE',  ( -0.000000000000000000, 1.000000000000000000, 1.224646799147353207E-16 ) ) ;
#8756 = CARTESIAN_POINT ( 'NONE',  ( 115.3749999999999858, 0.000000000000000000, 0.000000000000000000 ) ) ;
#8757 = DIRECTION ( 'NONE',  ( 0.000000000000000000, -1.000000000000000000, 0.000000000000000000 ) ) ;
#8758 = CARTESIAN_POINT ( 'NONE',  ( 95.97815646957799629, -5.000000000001025846, -1.024879796508075479E-12 ) ) ;
#8759 = ADVANCED_FACE ( 'NONE', ( #197 ), #3921, .T. ) ;
#8760 = DIRECTION ( 'NONE',  ( -1.000000000000000000, -0.000000000000000000, -0.000000000000000000 ) ) ;
#8761 = CARTESIAN_POINT ( 'NONE',  ( 83.59032131224202544, -0.3138588207986898748, -4.686141179201310791 ) ) ;
#8762 = CIRCLE ( 'NONE', #4929, 3.904737509655563876 ) ;
#8763 = ORIENTED_EDGE ( 'NONE', *, *, #4767, .F. ) ;
#8764 = AXIS2_PLACEMENT_3D ( 'NONE', #2085, #6783, #6164 ) ;
#8765 = CIRCLE ( 'NONE', #7781, 0.9999999999999997780 ) ;
#8766 = AXIS2_PLACEMENT_3D ( 'NONE', #6508, #4504, #7920 ) ;
#8767 = CARTESIAN_POINT ( 'NONE',  ( 30.85334765084385111, -4.935408751172118968, 0.06459124882788312705 ) ) ;
#8768 = EDGE_LOOP ( 'NONE', ( #2715, #4353, #7050 ) ) ;
#8769 = CARTESIAN_POINT ( 'NONE',  ( 71.92277126958471456, -0.7176137099602918346, 4.282386290039708499 ) ) ;
#8770 = ORIENTED_EDGE ( 'NONE', *, *, #2053, .F. ) ;
#8771 = ADVANCED_FACE ( 'NONE', ( #5039 ), #7618, .T. ) ;
#8772 = EDGE_LOOP ( 'NONE', ( #7859, #7748, #5176, #4994 ) ) ;
#8773 = CARTESIAN_POINT ( 'NONE',  ( 50.75000000000000000, 0.000000000000000000, 1.000000000000000000 ) ) ;
#8774 = FACE_OUTER_BOUND ( 'NONE', #4923, .T. ) ;
#8775 = DIRECTION ( 'NONE',  ( -1.000000000000000000, -0.000000000000000000, -0.000000000000000000 ) ) ;
#8776 = AXIS2_PLACEMENT_3D ( 'NONE', #5253, #3156, #7964 ) ;
#8777 = CARTESIAN_POINT ( 'NONE',  ( 120.0187648069320403, -0.4915337874217381997, -4.508466212578261967 ) ) ;
#8778 = CARTESIAN_POINT ( 'NONE',  ( 94.71616362764446251, -4.748219996440587565, -0.2517800035594122132 ) ) ;
#8780 = ORIENTED_EDGE ( 'NONE', *, *, #6688, .T. ) ;
#8779 = B_SPLINE_CURVE_WITH_KNOTS ( 'NONE', 3,
 ( #8123, #7957, #1838, #5912, #4584, #3362, #4705, #5292, #8754, #1300, #6748, #489, #8629, #8795, #2690, #3191 ),
 .UNSPECIFIED., .F., .F.,
 ( 4, 2, 2, 2, 2, 2, 2, 4 ),
 ( 4.818711198560992131E-07, 0.0008765200830274476459, 0.001314539188981239930, 0.001752558294935032540, 0.002190577400888824716, 0.002628596506842616892, 0.003066615612796409068, 0.003504634718750201244 ),
 .UNSPECIFIED. ) ;
#8781 = ORIENTED_EDGE ( 'NONE', *, *, #4661, .F. ) ;
#8782 = CARTESIAN_POINT ( 'NONE',  ( 15.00000000000000000, 0.000000000000000000, 0.000000000000000000 ) ) ;
#8783 = CARTESIAN_POINT ( 'NONE',  ( 52.12499999999978684, 2.834739505433365550E-13, 5.000000000000283329 ) ) ;
#8784 = CARTESIAN_POINT ( 'NONE',  ( 61.02374954628648140, -0.6401341107417615195, 4.359865889258240479 ) ) ;
#8785 = DIRECTION ( 'NONE',  ( 0.000000000000000000, -1.000000000000000000, 0.000000000000000000 ) ) ;
#8786 = CARTESIAN_POINT ( 'NONE',  ( 60.37500000000000000, 0.000000000000000000, 0.000000000000000000 ) ) ;
#8787 = DIRECTION ( 'NONE',  ( 0.000000000000000000, 0.000000000000000000, 1.000000000000000000 ) ) ;
#8788 = ORIENTED_EDGE ( 'NONE', *, *, #523, .F. ) ;
#8789 = CARTESIAN_POINT ( 'NONE',  ( 76.87500000000000000, -1.328041165545675195, -3.671958834454324805 ) ) ;
#8790 = CARTESIAN_POINT ( 'NONE',  ( 95.97774279211273551, -1.202109158743301463E-14, -4.999999999999988454 ) ) ;
#8791 = CIRCLE ( 'NONE', #4963, 3.904737509655565653 ) ;
#8792 = AXIS2_PLACEMENT_3D ( 'NONE', #1029, #3769, #7202 ) ;
#8793 = ORIENTED_EDGE ( 'NONE', *, *, #3351, .T. ) ;
#8794 = DIRECTION ( 'NONE',  ( 0.000000000000000000, 0.000000000000000000, 1.000000000000000000 ) ) ;
#8795 = CARTESIAN_POINT ( 'NONE',  ( 24.32874637064227841, -0.008301598518915761366, -4.991698401481084346 ) ) ;
#8796 = CARTESIAN_POINT ( 'NONE',  ( 43.87500000000000000, 0.000000000000000000, 0.000000000000000000 ) ) ;
#8797 = AXIS2_PLACEMENT_3D ( 'NONE', #2425, #1749, #714 ) ;
#8798 = CIRCLE ( 'NONE', #3550, 3.999999999999996447 ) ;
#8799 = AXIS2_PLACEMENT_3D ( 'NONE', #7495, #1206, #4155 ) ;
#8800 = EDGE_CURVE ( 'NONE', #7062, #6646, #4737, .T. ) ;
#8801 = EDGE_CURVE ( 'NONE', #6406, #7640, #8679, .T. ) ;
#8802 = CARTESIAN_POINT ( 'NONE',  ( 23.47821941570033388, -4.840676868225213703, -0.1593231317747861586 ) ) ;
#8803 = AXIS2_PLACEMENT_3D ( 'NONE', #7373, #7291, #5278 ) ;
#8804 = CIRCLE ( 'NONE', #6539, 3.999999999999999112 ) ;
#8805 = CARTESIAN_POINT ( 'NONE',  ( 30.12500000000000000, 0.000000000000000000, 1.000000000000000000 ) ) ;
#8806 = CARTESIAN_POINT ( 'NONE',  ( 91.35059813401475992, -0.06404366728010940646, -4.935956332719890760 ) ) ;
#8807 = AXIS2_PLACEMENT_3D ( 'NONE', #5877, #501, #3113 ) ;
#8808 = AXIS2_PLACEMENT_3D ( 'NONE', #5093, #5046, #6344 ) ;
#8809 = CARTESIAN_POINT ( 'NONE',  ( 85.12500000000000000, 0.000000000000000000, 0.000000000000000000 ) ) ;
#8810 = CARTESIAN_POINT ( 'NONE',  ( 83.97953806259080523, -0.1676550930109085291, -4.832344906989090916 ) ) ;
#8811 = AXIS2_PLACEMENT_3D ( 'NONE', #4633, #7225, #7180 ) ;
#8812 = EDGE_CURVE ( 'NONE', #4373, #2707, #4214, .T. ) ;
#8813 = CARTESIAN_POINT ( 'NONE',  ( 115.2537837792036726, -3.863136006093129904, 1.136863993906870984 ) ) ;
#8814 = CARTESIAN_POINT ( 'NONE',  ( 30.42125362935748001, -4.991698401481102110, 0.008301598518896297768 ) ) ;
#8815 = CARTESIAN_POINT ( 'NONE',  ( 13.47815646957795721, -5.000000000001023182, 1.023878285927065675E-12 ) ) ;
#8816 = ORIENTED_EDGE ( 'NONE', *, *, #2581, .F. ) ;
#8817 = ORIENTED_EDGE ( 'NONE', *, *, #6442, .T. ) ;
#8818 = CARTESIAN_POINT ( 'NONE',  ( 90.47774279211276394, -1.198128103891206252E-14, -4.999999999999989342 ) ) ;
#8819 = DIRECTION ( 'NONE',  ( -1.000000000000000000, -0.000000000000000000, -0.000000000000000000 ) ) ;
#8820 = CIRCLE ( 'NONE', #6812, 3.904737509655568761 ) ;
#8821 = CARTESIAN_POINT ( 'NONE',  ( 81.73119955116398216, -0.6335913640930904700, 4.366408635906909197 ) ) ;
#8822 = CARTESIAN_POINT ( 'NONE',  ( 37.73119955116401059, -0.6335913640930941337, 4.366408635906906532 ) ) ;
#8823 = B_SPLINE_CURVE_WITH_KNOTS ( 'NONE', 3,
 ( #3177, #3933, #3273, #7290, #2547, #1157, #3224, #5940, #1195, #8700, #2584, #5312 ),
 .UNSPECIFIED., .F., .F.,
 ( 4, 2, 2, 2, 2, 4 ),
 ( 0.003504634718722713684, 0.003941423334001037219, 0.004378211949279361623, 0.005251789179836008695, 0.006125366410392656634, 0.006998943640949304573 ),
 .UNSPECIFIED. ) ;
#8824 = EDGE_CURVE ( 'NONE', #5781, #3292, #4863, .T. ) ;
#8825 = ORIENTED_EDGE ( 'NONE', *, *, #3020, .F. ) ;
#8826 = CARTESIAN_POINT ( 'NONE',  ( 79.62500000000000000, 0.000000000000000000, 1.000000000000000000 ) ) ;
#8827 = CARTESIAN_POINT ( 'NONE',  ( 32.01876480693204741, -0.4915337874217310388, 4.508466212578270849 ) ) ;
#8828 = VERTEX_POINT ( 'NONE', #8375 ) ;
#8829 = AXIS2_PLACEMENT_3D ( 'NONE', #1444, #5376, #2160 ) ;
#8830 = CARTESIAN_POINT ( 'NONE',  ( 81.72625045371992769, -4.359865889253476290, -0.6401341107465228220 ) ) ;
#8831 = CARTESIAN_POINT ( 'NONE',  ( 40.97815646957785418, -5.000000000001020517, -1.019541583116242468E-12 ) ) ;
#8832 = CARTESIAN_POINT ( 'NONE',  ( 41.12500000000000000, 0.000000000000000000, 1.000000000000000000 ) ) ;
#8833 = CARTESIAN_POINT ( 'NONE',  ( 76.75378377920365836, -3.863136006093112140, -1.136863993906888304 ) ) ;
#8834 = FACE_OUTER_BOUND ( 'NONE', #6766, .T. ) ;
#8835 = ORIENTED_EDGE ( 'NONE', *, *, #6581, .T. ) ;
#8836 = CIRCLE ( 'NONE', #4708, 1.000000000000000000 ) ;
#8837 = EDGE_CURVE ( 'NONE', #8385, #3885, #2923, .T. ) ;
#8838 = CARTESIAN_POINT ( 'NONE',  ( 27.10263427936258296, -4.040089233410276037, -0.9599107665897244068 ) ) ;
#8839 = CARTESIAN_POINT ( 'NONE',  ( 49.37500000000000000, -1.328041165545665647, -3.671958834454334575 ) ) ;
#8840 = DIRECTION ( 'NONE',  ( -0.000000000000000000, 1.000000000000000000, 1.224646799147353207E-16 ) ) ;
#8841 = CARTESIAN_POINT ( 'NONE',  ( 44.14877465030176751, -4.041784260362667247, -0.9582157396373336411 ) ) ;
#8842 = ORIENTED_EDGE ( 'NONE', *, *, #2226, .T. ) ;
#8843 = CARTESIAN_POINT ( 'NONE',  ( 54.01876480693205451, -0.4915337874217329261, 4.508466212578267296 ) ) ;
#8844 = CARTESIAN_POINT ( 'NONE',  ( 101.0388655165443197, -0.04063066961492954599, 4.959369330385070107 ) ) ;
#8845 = CARTESIAN_POINT ( 'NONE',  ( 97.49999999999998579, 0.000000000000000000, 0.000000000000000000 ) ) ;
ENDSEC;
END-ISO-10303-21;
