ISO-10303-21;
HEADER;
FILE_DESCRIPTION (( 'STEP AP203' ),
    '1' );
FILE_NAME ('2mm_part1.STEP',
    '2026-02-16T00:02:11',
    ( '' ),
    ( '' ),
    'SwSTEP 2.0',
    'SolidWorks 2025',
    '' );
FILE_SCHEMA (( 'CONFIG_CONTROL_DESIGN' ));
ENDSEC;

DATA;
#1 = ORIENTED_EDGE ( 'NONE', *, *, #5053, .F. ) ;
#2 = AXIS2_PLACEMENT_3D ( 'NONE', #5616, #4224, #818 ) ;
#3 = AXIS2_PLACEMENT_3D ( 'NONE', #1015, #5666, #7780 ) ;
#4 = DIRECTION ( 'NONE',  ( 1.000000000000000000, 0.000000000000000000, 0.000000000000000000 ) ) ;
#5 = CARTESIAN_POINT ( 'NONE',  ( 4.832344906989097133, -0.1676550930109028115, -41.64546193740920188 ) ) ;
#6 = B_SPLINE_CURVE_WITH_KNOTS ( 'NONE', 3,
 ( #2967, #229, #5695, #6414, #8432, #5031, #275, #7769, #3013, #5746, #8524, #8486 ),
 .UNSPECIFIED., .F., .F.,
 ( 4, 2, 2, 2, 2, 4 ),
 ( 0.003504634718750187367, 0.003941423334025074415, 0.004378211949299962331, 0.005251789179849732092, 0.006125366410399502720, 0.006998943640949271613 ),
 .UNSPECIFIED. ) ;
#7 = CARTESIAN_POINT ( 'NONE',  ( -0.3138588208043393002, -4.686141179195662865, -104.9653213122294915 ) ) ;
#8 = AXIS2_PLACEMENT_3D ( 'NONE', #4725, #6734, #8792 ) ;
#9 = AXIS2_PLACEMENT_3D ( 'NONE', #232, #7089, #2297 ) ;
#10 = EDGE_CURVE ( 'NONE', #501, #2255, #2238, .T. ) ;
#11 = ORIENTED_EDGE ( 'NONE', *, *, #1805, .F. ) ;
#12 = EDGE_CURVE ( 'NONE', #1917, #4996, #7005, .T. ) ;
#13 = EDGE_CURVE ( 'NONE', #7626, #8604, #7689, .T. ) ;
#14 = CARTESIAN_POINT ( 'NONE',  ( 0.000000000000000000, 0.000000000000000000, -70.75000000000000000 ) ) ;
#15 = CIRCLE ( 'NONE', #875, 0.9999999999999993339 ) ;
#16 = AXIS2_PLACEMENT_3D ( 'NONE', #3784, #1921, #3923 ) ;
#17 = CARTESIAN_POINT ( 'NONE',  ( -0.9999999999999993339, 1.224646799147353207E-16, -64.49999999999998579 ) ) ;
#18 = EDGE_CURVE ( 'NONE', #5657, #5355, #6067, .T. ) ;
#19 = CARTESIAN_POINT ( 'NONE',  ( 1.136863993905365744, -3.863136006094634034, -59.87121622079728667 ) ) ;
#20 = CARTESIAN_POINT ( 'NONE',  ( -1.000000000000000000, 1.224646799147353207E-16, -73.50000000000001421 ) ) ;
#21 = CARTESIAN_POINT ( 'NONE',  ( 5.000000000000285993, 2.862826807771588442E-13, -57.00000000000020606 ) ) ;
#22 = VERTEX_POINT ( 'NONE', #1536 ) ;
#23 = DIRECTION ( 'NONE',  ( 0.000000000000000000, 0.000000000000000000, -1.000000000000000000 ) ) ;
#24 = AXIS2_PLACEMENT_3D ( 'NONE', #1204, #2589, #3170 ) ;
#25 = EDGE_CURVE ( 'NONE', #3224, #8690, #669, .T. ) ;
#26 = AXIS2_PLACEMENT_3D ( 'NONE', #2704, #6197, #4816 ) ;
#27 = CARTESIAN_POINT ( 'NONE',  ( -1.328041165545667868, -3.671958834454332354, -4.750000000000001776 ) ) ;
#28 = ADVANCED_FACE ( 'NONE', ( #5606 ), #8836, .T. ) ;
#29 = CARTESIAN_POINT ( 'NONE',  ( 0.3138588208043429084, -4.686141179195656647, -88.46532131222944884 ) ) ;
#30 = CARTESIAN_POINT ( 'NONE',  ( 0.000000000000000000, 0.000000000000000000, -65.24999999999998579 ) ) ;
#31 = CARTESIAN_POINT ( 'NONE',  ( -0.9999999999999995559, 1.224646799147352714E-16, 0.000000000000000000 ) ) ;
#32 = TOROIDAL_SURFACE ( 'NONE', #1613, 1.000000000000000000, 4.000000000000001776 ) ;
#33 = CARTESIAN_POINT ( 'NONE',  ( 0.008042224642555025407, -4.991957775357444227, -24.29246587457292250 ) ) ;
#34 = CARTESIAN_POINT ( 'NONE',  ( 0.000000000000000000, -5.000000000000000000, -117.5000000000000000 ) ) ;
#35 = ORIENTED_EDGE ( 'NONE', *, *, #6930, .F. ) ;
#36 = CARTESIAN_POINT ( 'NONE',  ( 0.2608011983036451209, -4.739198801696355545, -94.09076228219164761 ) ) ;
#37 = DIRECTION ( 'NONE',  ( -0.000000000000000000, -0.000000000000000000, 1.000000000000000000 ) ) ;
#38 = CARTESIAN_POINT ( 'NONE',  ( 3.862796825714235105, -1.137203174285765339, -21.37100116288255691 ) ) ;
#39 = DIRECTION ( 'NONE',  ( 0.000000000000000000, -1.000000000000000000, 0.000000000000000000 ) ) ;
#40 = AXIS2_PLACEMENT_3D ( 'NONE', #8267, #5452, #4148 ) ;
#41 = CARTESIAN_POINT ( 'NONE',  ( -4.832344906989094468, -0.1676550930109067528, -69.14546193740920899 ) ) ;
#42 = CARTESIAN_POINT ( 'NONE',  ( -1.000000000000000000, 1.224646799147353207E-16, -106.5000000000000000 ) ) ;
#43 = DIRECTION ( 'NONE',  ( -0.000000000000000000, -0.000000000000000000, 1.000000000000000000 ) ) ;
#44 = DIRECTION ( 'NONE',  ( -0.000000000000000000, -0.000000000000000000, 1.000000000000000000 ) ) ;
#45 = ORIENTED_EDGE ( 'NONE', *, *, #4441, .T. ) ;
#46 = ORIENTED_EDGE ( 'NONE', *, *, #1682, .F. ) ;
#47 = CARTESIAN_POINT ( 'NONE',  ( -5.000000000000010658, 1.077838837469256187E-14, -56.85315646955161384 ) ) ;
#48 = CARTESIAN_POINT ( 'NONE',  ( 3.863136006094624708, -1.136863993905373071, -15.62878377920270268 ) ) ;
#49 = ORIENTED_EDGE ( 'NONE', *, *, #8136, .F. ) ;
#50 = ORIENTED_EDGE ( 'NONE', *, *, #6652, .F. ) ;
#51 = CARTESIAN_POINT ( 'NONE',  ( 4.991957775357460214, -0.008042224642539515245, -73.20753412542734395 ) ) ;
#52 = DIRECTION ( 'NONE',  ( 1.000000000000000000, 0.000000000000000000, 0.000000000000000000 ) ) ;
#53 = CARTESIAN_POINT ( 'NONE',  ( -0.7176137099646010542, -4.282386290035399057, -104.2977712695794423 ) ) ;
#54 = FACE_OUTER_BOUND ( 'NONE', #2486, .T. ) ;
#55 = CARTESIAN_POINT ( 'NONE',  ( -0.2517800035594489616, -4.748219996440551149, -52.90883637235563697 ) ) ;
#56 = EDGE_CURVE ( 'NONE', #6585, #2576, #2958, .T. ) ;
#57 = ORIENTED_EDGE ( 'NONE', *, *, #5100, .F. ) ;
#58 = FACE_OUTER_BOUND ( 'NONE', #4670, .T. ) ;
#59 = ORIENTED_EDGE ( 'NONE', *, *, #4705, .F. ) ;
#60 = CARTESIAN_POINT ( 'NONE',  ( -4.935956332719894313, -0.06404366728010570109, -45.27440186598522587 ) ) ;
#61 = ADVANCED_FACE ( 'NONE', ( #7668 ), #1402, .T. ) ;
#62 = CARTESIAN_POINT ( 'NONE',  ( 1.328041165545665425, -3.671958834454334575, -48.75000000000000000 ) ) ;
#63 = CARTESIAN_POINT ( 'NONE',  ( 5.000000000000010658, 9.370937253711135071E-15, -62.35315646955161384 ) ) ;
#64 = ORIENTED_EDGE ( 'NONE', *, *, #6960, .T. ) ;
#65 = CARTESIAN_POINT ( 'NONE',  ( -0.9582157396402173344, -4.041784260359781555, -15.47622534970070163 ) ) ;
#66 = DIRECTION ( 'NONE',  ( 1.000000000000000000, 0.000000000000000000, 0.000000000000000000 ) ) ;
#67 = CARTESIAN_POINT ( 'NONE',  ( 4.508466212578269072, -0.4915337874217309277, -104.6062351930679881 ) ) ;
#68 = CARTESIAN_POINT ( 'NONE',  ( -4.748219996434698942, -0.2517800035653024460, -50.09116362763015218 ) ) ;
#69 = CARTESIAN_POINT ( 'NONE',  ( -3.671958834454343013, -1.328041165545656765, -120.2499999999999858 ) ) ;
#70 = EDGE_CURVE ( 'NONE', #4182, #1316, #4831, .T. ) ;
#71 = FACE_OUTER_BOUND ( 'NONE', #7444, .T. ) ;
#72 = CARTESIAN_POINT ( 'NONE',  ( 4.686141179201316120, -0.3138588207986843237, -36.53467868775798166 ) ) ;
#73 = ORIENTED_EDGE ( 'NONE', *, *, #3512, .T. ) ;
#74 = EDGE_CURVE ( 'NONE', #2432, #2213, #6811, .T. ) ;
#75 = CARTESIAN_POINT ( 'NONE',  ( -4.739198801701949293, -0.2608011982980511512, -96.90923771779445417 ) ) ;
#76 = DIRECTION ( 'NONE',  ( -0.000000000000000000, -0.000000000000000000, 1.000000000000000000 ) ) ;
#77 = ADVANCED_FACE ( 'NONE', ( #137 ), #6262, .T. ) ;
#78 = FACE_OUTER_BOUND ( 'NONE', #3068, .T. ) ;
#79 = CARTESIAN_POINT ( 'NONE',  ( -5.000000000000007105, 5.905196070901760024E-15, -67.85315646955162094 ) ) ;
#80 = CARTESIAN_POINT ( 'NONE',  ( 4.739198801701949293, -0.2608011982980512622, -107.9092377177944542 ) ) ;
#81 = CARTESIAN_POINT ( 'NONE',  ( 4.359865889258244920, -0.6401341107417566345, -103.1012504537135044 ) ) ;
#82 = DIRECTION ( 'NONE',  ( -0.000000000000000000, -0.000000000000000000, 1.000000000000000000 ) ) ;
#83 = ADVANCED_FACE ( 'NONE', ( #8421 ), #4556, .F. ) ;
#84 = ADVANCED_FACE ( 'NONE', ( #934 ), #2109, .F. ) ;
#85 = DIRECTION ( 'NONE',  ( 1.000000000000000000, 0.000000000000000000, 0.000000000000000000 ) ) ;
#86 = ORIENTED_EDGE ( 'NONE', *, *, #5464, .F. ) ;
#87 = EDGE_LOOP ( 'NONE', ( #279, #8034, #8076, #864, #366, #3934 ) ) ;
#88 = FACE_OUTER_BOUND ( 'NONE', #4728, .T. ) ;
#89 = AXIS2_PLACEMENT_3D ( 'NONE', #4300, #7035, #896 ) ;
#90 = CARTESIAN_POINT ( 'NONE',  ( 0.6401341107464960656, -4.359865889253503823, -82.39874954628010073 ) ) ;
#91 = ORIENTED_EDGE ( 'NONE', *, *, #7211, .F. ) ;
#92 = DIRECTION ( 'NONE',  ( -0.000000000000000000, -0.000000000000000000, 1.000000000000000000 ) ) ;
#93 = CARTESIAN_POINT ( 'NONE',  ( -1.328041165545656765, -3.671958834454343013, -81.74999999999998579 ) ) ;
#94 = CARTESIAN_POINT ( 'NONE',  ( -4.502552532152131803, -0.4974474678478672529, -14.88672757692826210 ) ) ;
#95 = ADVANCED_FACE ( 'NONE', ( #5870 ), #7891, .F. ) ;
#96 = AXIS2_PLACEMENT_3D ( 'NONE', #3094, #935, #5108 ) ;
#97 = CARTESIAN_POINT ( 'NONE',  ( -0.6401341107465318148, -4.359865889253468296, -104.3987495462800581 ) ) ;
#98 = CARTESIAN_POINT ( 'NONE',  ( 0.000000000000000000, 0.000000000000000000, -108.4999999999999858 ) ) ;
#99 = CARTESIAN_POINT ( 'NONE',  ( -1.328041165545657876, -3.671958834454342124, -54.25000000000000000 ) ) ;
#100 = TOROIDAL_SURFACE ( 'NONE', #5110, 1.000000000000000000, 3.999999999999996447 ) ;
#101 = VERTEX_POINT ( 'NONE', #1843 ) ;
#102 = CARTESIAN_POINT ( 'NONE',  ( 0.000000000000000000, 0.000000000000000000, 0.000000000000000000 ) ) ;
#103 = CARTESIAN_POINT ( 'NONE',  ( -3.671958834454343013, -1.328041165545656765, -87.25000000000000000 ) ) ;
#104 = VECTOR ( 'NONE', #4152, 1000.000000000000000 ) ;
#105 = CARTESIAN_POINT ( 'NONE',  ( 0.000000000000000000, 0.000000000000000000, -71.50000000000001421 ) ) ;
#106 = CARTESIAN_POINT ( 'NONE',  ( 0.9599107665869234252, -4.040089233413077352, -54.52236572063980447 ) ) ;
#107 = AXIS2_PLACEMENT_3D ( 'NONE', #8592, #7204, #1829 ) ;
#108 = VERTEX_POINT ( 'NONE', #8026 ) ;
#109 = DIRECTION ( 'NONE',  ( 0.000000000000000000, 0.000000000000000000, -1.000000000000000000 ) ) ;
#110 = ORIENTED_EDGE ( 'NONE', *, *, #1353, .F. ) ;
#111 = B_SPLINE_CURVE_WITH_KNOTS ( 'NONE', 3,
 ( #5636, #3748, #925, #8372, #5722, #842, #2225, #2362, #5772, #4968, #7700, #2319 ),
 .UNSPECIFIED., .F., .F.,
 ( 4, 2, 2, 2, 2, 4 ),
 ( 0.003504634718722916646, 0.003941423334001214161, 0.004378211949279511676, 0.005251789179836106707, 0.006125366410392702604, 0.006998943640949297634 ),
 .UNSPECIFIED. ) ;
#112 = AXIS2_PLACEMENT_3D ( 'NONE', #4143, #4189, #6880 ) ;
#113 = CARTESIAN_POINT ( 'NONE',  ( -3.862796825714234661, -1.137203174285766449, -59.87100116288255691 ) ) ;
#114 = CARTESIAN_POINT ( 'NONE',  ( 4.508466212578265520, -0.4915337874217332037, -11.10623519306795437 ) ) ;
#115 = CARTESIAN_POINT ( 'NONE',  ( -0.4915337874217768355, -4.508466212578223775, -64.39376480693213978 ) ) ;
#116 = CARTESIAN_POINT ( 'NONE',  ( -4.748219996434698942, -0.2517800035653023905, -28.09116362763015573 ) ) ;
#117 = CARTESIAN_POINT ( 'NONE',  ( 0.04063066961490015977, -4.959369330385099417, -116.9138655165445186 ) ) ;
#118 = CARTESIAN_POINT ( 'NONE',  ( 0.000000000000000000, -5.000000000000000000, -111.9999999999722036 ) ) ;
#119 = FACE_OUTER_BOUND ( 'NONE', #1080, .T. ) ;
#120 = CIRCLE ( 'NONE', #8567, 3.904737509655562544 ) ;
#121 = FACE_OUTER_BOUND ( 'NONE', #8258, .T. ) ;
#122 = FACE_OUTER_BOUND ( 'NONE', #2489, .T. ) ;
#123 = EDGE_CURVE ( 'NONE', #2070, #7492, #276, .T. ) ;
#124 = CARTESIAN_POINT ( 'NONE',  ( 1.328041165545656765, -3.671958834454343013, -109.2499999999999858 ) ) ;
#125 = CIRCLE ( 'NONE', #413, 3.999999999999996447 ) ;
#126 = LINE ( 'NONE', #2188, #6829 ) ;
#127 = EDGE_CURVE ( 'NONE', #8046, #3491, #171, .T. ) ;
#128 = CARTESIAN_POINT ( 'NONE',  ( -0.2608011983036378489, -4.739198801696361762, -39.09076228219166893 ) ) ;
#129 = EDGE_LOOP ( 'NONE', ( #5597, #2165, #7776, #192 ) ) ;
#130 = EDGE_LOOP ( 'NONE', ( #7631, #7504, #7498, #288, #7273, #6539 ) ) ;
#131 = CARTESIAN_POINT ( 'NONE',  ( -4.960065625082965113, -0.03993437491703386716, -56.41868978647570998 ) ) ;
#132 = AXIS2_PLACEMENT_3D ( 'NONE', #4335, #2407, #885 ) ;
#133 = CARTESIAN_POINT ( 'NONE',  ( 0.008042224640668390462, -4.991957775359332494, -68.29246587454773021 ) ) ;
#134 = EDGE_CURVE ( 'NONE', #8510, #5224, #5679, .T. ) ;
#135 = VERTEX_POINT ( 'NONE', #6633 ) ;
#136 = EDGE_CURVE ( 'NONE', #4292, #2412, #4707, .T. ) ;
#137 = FACE_OUTER_BOUND ( 'NONE', #7050, .T. ) ;
#138 = CARTESIAN_POINT ( 'NONE',  ( 0.000000000000000000, 0.000000000000000000, -84.50000000000000000 ) ) ;
#139 = CARTESIAN_POINT ( 'NONE',  ( 3.514763214631720046E-15, -4.999999999999995559, -73.35274279211301973 ) ) ;
#140 = CIRCLE ( 'NONE', #4736, 3.999999999999999112 ) ;
#141 = CARTESIAN_POINT ( 'NONE',  ( 0.000000000000000000, 0.000000000000000000, -7.500000000000003553 ) ) ;
#142 = CARTESIAN_POINT ( 'NONE',  ( 5.000000000000281553, 2.809514862196180954E-13, -68.00000000000021316 ) ) ;
#143 = DIRECTION ( 'NONE',  ( 1.000000000000000000, 0.000000000000000000, 0.000000000000000000 ) ) ;
#144 = CIRCLE ( 'NONE', #6587, 4.000000000000000000 ) ;
#145 = ORIENTED_EDGE ( 'NONE', *, *, #4490, .F. ) ;
#146 = FACE_OUTER_BOUND ( 'NONE', #1687, .T. ) ;
#147 = ORIENTED_EDGE ( 'NONE', *, *, #8585, .T. ) ;
#148 = B_SPLINE_CURVE_WITH_KNOTS ( 'NONE', 3,
 ( #963, #2451, #4279, #6382, #4418, #8535, #2937, #7056, #246, #5761, #7197, #382, #1014, #3071, #8495, #1742 ),
 .UNSPECIFIED., .F., .F.,
 ( 4, 2, 2, 2, 2, 2, 2, 4 ),
 ( 4.818711198560992131E-07, 0.0008765200830206161964, 0.001314539188970996171, 0.001752558294921376146, 0.002190577400871756338, 0.002628596506822136313, 0.003066615612772516288, 0.003504634718722896263 ),
 .UNSPECIFIED. ) ;
#149 = TOROIDAL_SURFACE ( 'NONE', #1008, 1.000000000000000000, 4.000000000000000000 ) ;
#150 = AXIS2_PLACEMENT_3D ( 'NONE', #664, #5596, #8330 ) ;
#151 = DIRECTION ( 'NONE',  ( 1.000000000000000000, 0.000000000000000000, 0.000000000000000000 ) ) ;
#152 = CARTESIAN_POINT ( 'NONE',  ( -3.671958834454343013, -1.328041165545656765, -70.75000000000000000 ) ) ;
#153 = ORIENTED_EDGE ( 'NONE', *, *, #8183, .T. ) ;
#154 = CARTESIAN_POINT ( 'NONE',  ( -4.960065625082963336, -0.03993437491703592801, -23.41868978647572419 ) ) ;
#155 = ORIENTED_EDGE ( 'NONE', *, *, #1630, .T. ) ;
#156 = AXIS2_PLACEMENT_3D ( 'NONE', #3136, #1121, #2280 ) ;
#157 = CIRCLE ( 'NONE', #3316, 4.000000000000000000 ) ;
#158 = CARTESIAN_POINT ( 'NONE',  ( -5.000000000000010658, 9.167966983725323352E-15, -62.35315646955161384 ) ) ;
#159 = CARTESIAN_POINT ( 'NONE',  ( 4.840676868219848217, -0.1593231317801513947, -11.85321941568364146 ) ) ;
#160 = DIRECTION ( 'NONE',  ( -0.000000000000000000, -0.000000000000000000, 1.000000000000000000 ) ) ;
#161 = DIRECTION ( 'NONE',  ( 1.000000000000000000, 0.000000000000000000, 0.000000000000000000 ) ) ;
#162 = CARTESIAN_POINT ( 'NONE',  ( 3.671958834454343013, -1.328041165545656987, -98.24999999999998579 ) ) ;
#163 = CIRCLE ( 'NONE', #5180, 1.000000000000000000 ) ;
#164 = CARTESIAN_POINT ( 'NONE',  ( 0.3138588208043033290, -4.686141179195698392, -93.96532131222954831 ) ) ;
#165 = CARTESIAN_POINT ( 'NONE',  ( -4.508466212578266408, -0.4915337874217329261, -38.60623519306796680 ) ) ;
#166 = AXIS2_PLACEMENT_3D ( 'NONE', #5461, #2056, #6849 ) ;
#167 = DIRECTION ( 'NONE',  ( -0.000000000000000000, -0.000000000000000000, 1.000000000000000000 ) ) ;
#168 = FACE_OUTER_BOUND ( 'NONE', #8551, .T. ) ;
#169 = CARTESIAN_POINT ( 'NONE',  ( 0.04063066961830684443, -4.959369330381691476, -111.4138655165219802 ) ) ;
#170 = AXIS2_PLACEMENT_3D ( 'NONE', #7385, #1246, #6708 ) ;
#171 = B_SPLINE_CURVE_WITH_KNOTS ( 'NONE', 3,
 ( #6005, #5247, #8740, #7216, #358, #1172, #5206, #404, #5825, #2607, #7935, #1802, #8558, #3896, #3142, #5154 ),
 .UNSPECIFIED., .F., .F.,
 ( 4, 2, 2, 2, 2, 2, 2, 4 ),
 ( 4.818711198922718609E-07, 0.0008765200830205778157, 0.001314539188970933505, 0.001752558294921289410, 0.002190577400871645316, 0.002628596506822001005, 0.003066615612772357127, 0.003504634718722713250 ),
 .UNSPECIFIED. ) ;
#172 = DIRECTION ( 'NONE',  ( -1.000000000000000000, 0.000000000000000000, -0.000000000000000000 ) ) ;
#173 = CARTESIAN_POINT ( 'NONE',  ( 0.000000000000000000, 0.000000000000000000, -40.50000000000000711 ) ) ;
#174 = DIRECTION ( 'NONE',  ( 1.000000000000000000, 0.000000000000000000, 0.000000000000000000 ) ) ;
#175 = ORIENTED_EDGE ( 'NONE', *, *, #2435, .F. ) ;
#176 = EDGE_CURVE ( 'NONE', #1301, #8395, #2396, .T. ) ;
#177 = ORIENTED_EDGE ( 'NONE', *, *, #1787, .F. ) ;
#178 = DIRECTION ( 'NONE',  ( 1.000000000000000000, 0.000000000000000000, 0.000000000000000000 ) ) ;
#179 = AXIS2_PLACEMENT_3D ( 'NONE', #1307, #491, #3354 ) ;
#180 = CARTESIAN_POINT ( 'NONE',  ( 1.137203174284266316, -3.862796825715733906, -70.62899883711648386 ) ) ;
#181 = ORIENTED_EDGE ( 'NONE', *, *, #6369, .F. ) ;
#182 = ADVANCED_FACE ( 'NONE', ( #8605 ), #822, .T. ) ;
#183 = CARTESIAN_POINT ( 'NONE',  ( -0.9582157396373297553, -4.041784260362669023, -42.97622534969821828 ) ) ;
#184 = CARTESIAN_POINT ( 'NONE',  ( 4.040089233413060477, -0.9599107665869406336, -64.97763427936021685 ) ) ;
#185 = FACE_OUTER_BOUND ( 'NONE', #3841, .T. ) ;
#186 = CIRCLE ( 'NONE', #1914, 1.000000000000000000 ) ;
#187 = EDGE_CURVE ( 'NONE', #787, #5476, #4230, .T. ) ;
#188 = DIRECTION ( 'NONE',  ( -0.000000000000000000, -0.000000000000000000, 1.000000000000000000 ) ) ;
#189 = CARTESIAN_POINT ( 'NONE',  ( 0.6401341107465311486, -4.359865889253469184, -76.89874954628007231 ) ) ;
#190 = APPROVAL ( #3915, 'UNSPECIFIED' ) ;
#191 = EDGE_CURVE ( 'NONE', #5380, #7360, #6265, .T. ) ;
#192 = ORIENTED_EDGE ( 'NONE', *, *, #5601, .T. ) ;
#193 = CARTESIAN_POINT ( 'NONE',  ( 5.000000000000000000, 0.000000000000000000, -2.000000000000000000 ) ) ;
#194 = EDGE_CURVE ( 'NONE', #2329, #4510, #7837, .T. ) ;
#195 = CARTESIAN_POINT ( 'NONE',  ( -0.9582157396373303104, -4.041784260362668135, -37.47622534969822539 ) ) ;
#196 = CARTESIAN_POINT ( 'NONE',  ( 5.000000000000281553, 2.809514862196180954E-13, -112.0000000000002132 ) ) ;
#197 = ORIENTED_EDGE ( 'NONE', *, *, #3034, .T. ) ;
#198 = CARTESIAN_POINT ( 'NONE',  ( 0.06459124882788475075, -4.935408751172118080, -6.771652349156171979 ) ) ;
#199 = ORIENTED_EDGE ( 'NONE', *, *, #6271, .F. ) ;
#200 = CARTESIAN_POINT ( 'NONE',  ( 3.862796825714240434, -1.137203174285761786, -103.8710011628826066 ) ) ;
#201 = CYLINDRICAL_SURFACE ( 'NONE', #4965, 0.9999999999999995559 ) ;
#202 = DIRECTION ( 'NONE',  ( 1.000000000000000000, 0.000000000000000000, 0.000000000000000000 ) ) ;
#203 = EDGE_CURVE ( 'NONE', #6236, #3631, #3951, .T. ) ;
#204 = CARTESIAN_POINT ( 'NONE',  ( -4.739198801701947517, -0.2608011982980510401, -25.40923771779446128 ) ) ;
#205 = B_SPLINE_CURVE_WITH_KNOTS ( 'NONE', 3,
 ( #7552, #1335, #1286, #4094, #60, #1379, #6114, #8179, #643, #2797, #689, #2711 ),
 .UNSPECIFIED., .F., .F.,
 ( 4, 2, 2, 2, 2, 4 ),
 ( 0.003504634718750202545, 0.003941423334025086558, 0.004378211949299970138, 0.005251789179849738164, 0.006125366410399506190, 0.006998943640949273348 ),
 .UNSPECIFIED. ) ;
#206 = CARTESIAN_POINT ( 'NONE',  ( -4.686141179201310791, -0.3138588207986893752, -97.03467868775796035 ) ) ;
#207 = CARTESIAN_POINT ( 'NONE',  ( -0.4974474678531601302, -4.502552532146839148, -27.61327242306306573 ) ) ;
#208 = CARTESIAN_POINT ( 'NONE',  ( -3.862796825714235549, -1.137203174285766671, -98.37100116288257823 ) ) ;
#209 = DIRECTION ( 'NONE',  ( 0.000000000000000000, 0.000000000000000000, -1.000000000000000000 ) ) ;
#210 = FACE_OUTER_BOUND ( 'NONE', #7323, .T. ) ;
#211 = DIRECTION ( 'NONE',  ( 1.000000000000000000, 0.000000000000000000, 0.000000000000000000 ) ) ;
#212 = CARTESIAN_POINT ( 'NONE',  ( 1.328041165545656987, -3.671958834454343013, -70.75000000000000000 ) ) ;
#213 = DIRECTION ( 'NONE',  ( -0.000000000000000000, -0.000000000000000000, 1.000000000000000000 ) ) ;
#214 = ORIENTED_EDGE ( 'NONE', *, *, #6208, .T. ) ;
#215 = ORIENTED_EDGE ( 'NONE', *, *, #2654, .T. ) ;
#216 = FACE_OUTER_BOUND ( 'NONE', #8175, .T. ) ;
#217 = FACE_OUTER_BOUND ( 'NONE', #5491, .T. ) ;
#218 = EDGE_LOOP ( 'NONE', ( #2204, #1904, #1447, #5683 ) ) ;
#219 = CARTESIAN_POINT ( 'NONE',  ( 4.832344906989094468, -0.1676550930109069470, -85.64546193740922320 ) ) ;
#220 = CARTESIAN_POINT ( 'NONE',  ( 0.000000000000000000, 0.000000000000000000, -92.74999999999998579 ) ) ;
#221 = CARTESIAN_POINT ( 'NONE',  ( 1.000000000000000000, 0.000000000000000000, -51.50000000000000711 ) ) ;
#222 = CARTESIAN_POINT ( 'NONE',  ( -0.1278684795020899323, -4.872131520497910095, -110.9925979694417464 ) ) ;
#223 = CARTESIAN_POINT ( 'NONE',  ( -0.008301598520829102379, -4.991698401479171210, -45.70374637061711809 ) ) ;
#224 = CARTESIAN_POINT ( 'NONE',  ( 1.020244832220700351E-12, -5.000000000001020517, -51.64684353042216003 ) ) ;
#225 = CARTESIAN_POINT ( 'NONE',  ( 5.000000000000283329, 2.837102721152350454E-13, -18.50000000000020961 ) ) ;
#226 = ORIENTED_EDGE ( 'NONE', *, *, #671, .T. ) ;
#227 = EDGE_CURVE ( 'NONE', #3278, #285, #3800, .T. ) ;
#228 = CIRCLE ( 'NONE', #1678, 3.904737509655567873 ) ;
#229 = CARTESIAN_POINT ( 'NONE',  ( -5.000000000000009770, 9.310903793574489690E-15, -12.85315646955162627 ) ) ;
#230 = EDGE_CURVE ( 'NONE', #8690, #4171, #2750, .T. ) ;
#231 = CARTESIAN_POINT ( 'NONE',  ( -1.023044276111373996E-12, -4.999999999998977707, -51.35274279208621095 ) ) ;
#232 = CARTESIAN_POINT ( 'NONE',  ( 1.000000000000000000, 0.000000000000000000, -68.00000000000000000 ) ) ;
#233 = ORIENTED_EDGE ( 'NONE', *, *, #7342, .F. ) ;
#234 = B_SPLINE_CURVE_WITH_KNOTS ( 'NONE', 3,
 ( #8325, #709, #8237, #2186, #1439, #4158, #6219, #4924, #880, #3612, #3562, #2222 ),
 .UNSPECIFIED., .F., .F.,
 ( 4, 2, 2, 2, 2, 4 ),
 ( 0.003504634718750183030, 0.003941423334025066609, 0.004378211949299949321, 0.005251789179849716480, 0.006125366410399483638, 0.006998943640949250797 ),
 .UNSPECIFIED. ) ;
#235 = AXIS2_PLACEMENT_3D ( 'NONE', #2907, #4967, #1568 ) ;
#236 = AXIS2_PLACEMENT_3D ( 'NONE', #7121, #4345, #4978 ) ;
#237 = B_SPLINE_CURVE_WITH_KNOTS ( 'NONE', 3,
 ( #6196, #772, #1372, #53, #97, #5563, #8254, #7, #4778, #2792, #5519, #5395, #4088, #6827, #2703, #2111 ),
 .UNSPECIFIED., .F., .F.,
 ( 4, 2, 2, 2, 2, 2, 2, 4 ),
 ( 4.818711198922718609E-07, 0.0008765200830205778157, 0.001314539188970933505, 0.001752558294921289410, 0.002190577400871645316, 0.002628596506822001005, 0.003066615612772357127, 0.003504634718722713250 ),
 .UNSPECIFIED. ) ;
#238 = ORIENTED_EDGE ( 'NONE', *, *, #5637, .T. ) ;
#239 = ADVANCED_FACE ( 'NONE', ( #711 ), #961, .T. ) ;
#240 = DIRECTION ( 'NONE',  ( 0.000000000000000000, 0.000000000000000000, -1.000000000000000000 ) ) ;
#241 = ORIENTED_EDGE ( 'NONE', *, *, #3929, .T. ) ;
#242 = EDGE_LOOP ( 'NONE', ( #2250, #1637, #7886 ) ) ;
#243 = VECTOR ( 'NONE', #5899, 1000.000000000000000 ) ;
#244 = CARTESIAN_POINT ( 'NONE',  ( 0.000000000000000000, 0.000000000000000000, -31.50000000000000000 ) ) ;
#245 = AXIS2_PLACEMENT_3D ( 'NONE', #5279, #7922, #2360 ) ;
#246 = CARTESIAN_POINT ( 'NONE',  ( 0.2608011983036384596, -4.739198801696361762, -50.09076228219166893 ) ) ;
#247 = CARTESIAN_POINT ( 'NONE',  ( -1.000000000000000000, 1.224646799147353207E-16, -106.5000000000000000 ) ) ;
#248 = CARTESIAN_POINT ( 'NONE',  ( -1.000000000000000000, 1.224646799147353207E-16, -79.00000000000000000 ) ) ;
#249 = CARTESIAN_POINT ( 'NONE',  ( 4.935408751172079000, -0.06459124882792087463, -8.228347650844028749 ) ) ;
#250 = AXIS2_PLACEMENT_3D ( 'NONE', #7239, #1104, #428 ) ;
#251 = CARTESIAN_POINT ( 'NONE',  ( -3.862796825714238214, -1.137203174285763119, -65.37100116288257823 ) ) ;
#252 = CARTESIAN_POINT ( 'NONE',  ( 0.000000000000000000, -5.000000000000000000, -111.9999999999722036 ) ) ;
#253 = DIRECTION ( 'NONE',  ( -0.000000000000000000, -0.000000000000000000, 1.000000000000000000 ) ) ;
#254 = DIRECTION ( 'NONE',  ( -0.000000000000000000, -0.000000000000000000, 1.000000000000000000 ) ) ;
#255 = AXIS2_PLACEMENT_3D ( 'NONE', #1064, #919, #3739 ) ;
#256 = CARTESIAN_POINT ( 'NONE',  ( 0.2590032929235765446, -4.740996707076423178, -3.404596727254057598 ) ) ;
#257 = CARTESIAN_POINT ( 'NONE',  ( 4.508466212578267296, -0.4915337874217331482, -49.60623519306796680 ) ) ;
#258 = ORIENTED_EDGE ( 'NONE', *, *, #5753, .T. ) ;
#259 = ORIENTED_EDGE ( 'NONE', *, *, #3630, .T. ) ;
#260 = CARTESIAN_POINT ( 'NONE',  ( 1.328041165545663649, -3.671958834454336351, -10.25000000000000178 ) ) ;
#261 = B_SPLINE_CURVE_WITH_KNOTS ( 'NONE', 3,
 ( #6981, #3698, #303, #7023, #6439, #8503, #5095, #3039, #5673, #883, #2361, #7829 ),
 .UNSPECIFIED., .F., .F.,
 ( 4, 2, 2, 2, 2, 4 ),
 ( 0.003504634718750465790, 0.003941423334025322481, 0.004378211949300179172, 0.005251789179849883013, 0.006125366410399587722, 0.006998943640949290695 ),
 .UNSPECIFIED. ) ;
#262 = CARTESIAN_POINT ( 'NONE',  ( 4.366408635906911861, -0.6335913640930898039, -43.89380044883598941 ) ) ;
#263 = EDGE_LOOP ( 'NONE', ( #7973, #4546, #8833 ) ) ;
#264 = AXIS2_PLACEMENT_3D ( 'NONE', #4304, #7037, #1668 ) ;
#265 = CARTESIAN_POINT ( 'NONE',  ( 0.000000000000000000, 0.000000000000000000, -123.0000000000000000 ) ) ;
#266 = DIRECTION ( 'NONE',  ( -0.000000000000000000, -0.000000000000000000, 1.000000000000000000 ) ) ;
#267 = CARTESIAN_POINT ( 'NONE',  ( 0.000000000000000000, 0.000000000000000000, -20.49999999999999645 ) ) ;
#268 = CIRCLE ( 'NONE', #8156, 0.9999999999999993339 ) ;
#269 = CARTESIAN_POINT ( 'NONE',  ( -1.027098599313404079E-12, -4.999999999998974154, -111.8527427920862181 ) ) ;
#270 = CARTESIAN_POINT ( 'NONE',  ( 1.328041165545656987, -3.671958834454343013, -76.25000000000000000 ) ) ;
#271 = CARTESIAN_POINT ( 'NONE',  ( 0.3138588208042980554, -4.686141179195702833, -38.96532131222955542 ) ) ;
#272 = DIRECTION ( 'NONE',  ( 1.224646799147353207E-16, 1.000000000000000000, 0.000000000000000000 ) ) ;
#273 = EDGE_LOOP ( 'NONE', ( #5946, #3098, #1837, #7395 ) ) ;
#274 = TOROIDAL_SURFACE ( 'NONE', #5298, 1.000000000000000000, 1.999999999999999112 ) ;
#275 = CARTESIAN_POINT ( 'NONE',  ( -4.748219996434698054, -0.2517800035653023349, -11.59116362763015040 ) ) ;
#276 = B_SPLINE_CURVE_WITH_KNOTS ( 'NONE', 3,
 ( #1891, #1935, #448, #6678, #3273, #1762, #4493, #1081, #8655, #4629, #3093, #7978, #4582, #3187, #7308, #2515 ),
 .UNSPECIFIED., .F., .F.,
 ( 4, 2, 2, 2, 2, 2, 2, 4 ),
 ( 4.818711199177020135E-07, 0.0008765200830206752855, 0.001314539188971053200, 0.001752558294921431224, 0.002190577400871808814, 0.002628596506822187054, 0.003066615612772564860, 0.003504634718722943101 ),
 .UNSPECIFIED. ) ;
#277 = VERTEX_POINT ( 'NONE', #3614 ) ;
#278 = FACE_OUTER_BOUND ( 'NONE', #8733, .T. ) ;
#279 = ORIENTED_EDGE ( 'NONE', *, *, #402, .T. ) ;
#280 = EDGE_CURVE ( 'NONE', #3449, #2827, #1901, .T. ) ;
#281 = TOROIDAL_SURFACE ( 'NONE', #7153, 1.000000000000000000, 4.000000000000000000 ) ;
#282 = EDGE_CURVE ( 'NONE', #5272, #5935, #8401, .T. ) ;
#283 = CARTESIAN_POINT ( 'NONE',  ( 4.282386290039718268, -0.7176137099602819536, -114.2022287304152712 ) ) ;
#284 = ADVANCED_FACE ( 'NONE', ( #2906 ), #5094, .T. ) ;
#285 = VERTEX_POINT ( 'NONE', #6438 ) ;
#286 = CARTESIAN_POINT ( 'NONE',  ( -5.000000000000000000, 0.000000000000000000, 0.000000000000000000 ) ) ;
#287 = TOROIDAL_SURFACE ( 'NONE', #1737, 1.000000000000000000, 4.000000000000000000 ) ;
#288 = ORIENTED_EDGE ( 'NONE', *, *, #5987, .F. ) ;
#289 = TOROIDAL_SURFACE ( 'NONE', #3305, 1.000000000000000000, 4.000000000000000000 ) ;
#290 = CARTESIAN_POINT ( 'NONE',  ( -0.9999999999999995559, 1.224646799147352714E-16, 0.000000000000000000 ) ) ;
#291 = CARTESIAN_POINT ( 'NONE',  ( 4.935956332719889872, -0.06404366728011023913, -83.77440186598521166 ) ) ;
#292 = CARTESIAN_POINT ( 'NONE',  ( -4.567820679631958036, -0.4321793203680425743, -25.77342623723036041 ) ) ;
#293 = CARTESIAN_POINT ( 'NONE',  ( 0.000000000000000000, 0.000000000000000000, -62.50000000000000000 ) ) ;
#294 = CARTESIAN_POINT ( 'NONE',  ( -0.4974474678531454752, -4.502552532146855135, -66.11327242306312257 ) ) ;
#295 = CARTESIAN_POINT ( 'NONE',  ( 4.567820679631958924, -0.4321793203680418527, -9.273426237230358637 ) ) ;
#296 = CARTESIAN_POINT ( 'NONE',  ( 1.000000000000000000, 0.000000000000000000, -117.5000000000000000 ) ) ;
#297 = CIRCLE ( 'NONE', #1461, 4.000000000000000000 ) ;
#298 = CIRCLE ( 'NONE', #1022, 3.904737509655567429 ) ;
#299 = CARTESIAN_POINT ( 'NONE',  ( -4.366408635906908309, -0.6335913640930921353, -65.89380044883600362 ) ) ;
#300 = EDGE_CURVE ( 'NONE', #1550, #1708, #3238, .T. ) ;
#301 = CARTESIAN_POINT ( 'NONE',  ( -1.137203174284266538, -3.862796825715733906, -114.6289988371164839 ) ) ;
#302 = B_SPLINE_CURVE_WITH_KNOTS ( 'NONE', 3,
 ( #7284, #4655, #8768, #7382, #6704, #478, #516, #3875, #5366, #5271, #7339, #6659, #3252, #5984, #7198, #2586 ),
 .UNSPECIFIED., .F., .F.,
 ( 4, 2, 2, 2, 2, 2, 2, 4 ),
 ( 4.818711198520267845E-07, 0.0008765200830274492722, 0.001314539188981241448, 0.001752558294935033841, 0.002190577400888825584, 0.002628596506842618193, 0.003066615612796410803, 0.003504634718750202979 ),
 .UNSPECIFIED. ) ;
#303 = CARTESIAN_POINT ( 'NONE',  ( -0.008042224642554871017, -4.991957775357444227, -24.29246587457292250 ) ) ;
#304 = DIRECTION ( 'NONE',  ( -0.000000000000000000, -0.000000000000000000, 1.000000000000000000 ) ) ;
#305 = AXIS2_PLACEMENT_3D ( 'NONE', #8772, #519, #8142 ) ;
#306 = CARTESIAN_POINT ( 'NONE',  ( -1.000000000000000000, 1.224646799147353207E-16, -71.50000000000001421 ) ) ;
#307 = CARTESIAN_POINT ( 'NONE',  ( 0.000000000000000000, 0.000000000000000000, -117.5000000000000000 ) ) ;
#308 = ORIENTED_EDGE ( 'NONE', *, *, #8844, .T. ) ;
#309 = ORIENTED_EDGE ( 'NONE', *, *, #8462, .F. ) ;
#310 = ORIENTED_EDGE ( 'NONE', *, *, #1459, .T. ) ;
#311 = DIRECTION ( 'NONE',  ( 1.224646799147353207E-16, 1.000000000000000000, 0.000000000000000000 ) ) ;
#312 = CARTESIAN_POINT ( 'NONE',  ( -4.567820679631960701, -0.4321793203680406870, -20.27342623723034620 ) ) ;
#313 = CIRCLE ( 'NONE', #3030, 1.999999999999999112 ) ;
#314 = ORIENTED_EDGE ( 'NONE', *, *, #1290, .F. ) ;
#315 = CIRCLE ( 'NONE', #4178, 3.904737509655567429 ) ;
#316 = CARTESIAN_POINT ( 'NONE',  ( -0.03993437491367309716, -4.960065625086326868, -41.08131021350182266 ) ) ;
#317 = CARTESIAN_POINT ( 'NONE',  ( -0.2517800035594496277, -4.748219996440551149, -47.40883637235565118 ) ) ;
#318 = CARTESIAN_POINT ( 'NONE',  ( 4.935956332719889872, -0.06404366728011047505, -89.27440186598521166 ) ) ;
#319 = CARTESIAN_POINT ( 'NONE',  ( -1.137220779209110022, -3.862779220790890200, -4.629009999551387367 ) ) ;
#320 = AXIS2_PLACEMENT_3D ( 'NONE', #8865, #4883, #2136 ) ;
#321 = EDGE_CURVE ( 'NONE', #2827, #7187, #5839, .T. ) ;
#322 = DIRECTION ( 'NONE',  ( 1.000000000000000000, 0.000000000000000000, 0.000000000000000000 ) ) ;
#323 = CARTESIAN_POINT ( 'NONE',  ( -1.328041165545656765, -3.671958834454343013, -109.2499999999999858 ) ) ;
#324 = CARTESIAN_POINT ( 'NONE',  ( 0.1278684795020850751, -4.872131520497914536, -39.49259796944175349 ) ) ;
#325 = CARTESIAN_POINT ( 'NONE',  ( -0.1593231317747715592, -4.840676868225228802, -80.14678058429960572 ) ) ;
#326 = VERTEX_POINT ( 'NONE', #8369 ) ;
#327 = AXIS2_PLACEMENT_3D ( 'NONE', #1827, #8811, #4748 ) ;
#328 = DIRECTION ( 'NONE',  ( 1.000000000000000000, 0.000000000000000000, 0.000000000000000000 ) ) ;
#329 = ADVANCED_FACE ( 'NONE', ( #210 ), #5672, .F. ) ;
#330 = LINE ( 'NONE', #7720, #1273 ) ;
#331 = CARTESIAN_POINT ( 'NONE',  ( 0.2608011982979971388, -4.739198801702002584, -55.59076228220565952 ) ) ;
#332 = ORIENTED_EDGE ( 'NONE', *, *, #552, .F. ) ;
#333 = CARTESIAN_POINT ( 'NONE',  ( 1.328041165545661428, -3.671958834454339016, -15.75000000000000000 ) ) ;
#334 = ORIENTED_EDGE ( 'NONE', *, *, #2774, .F. ) ;
#335 = CARTESIAN_POINT ( 'NONE',  ( 1.136863993906868320, -3.863136006093131680, -65.37121622079635586 ) ) ;
#336 = ADVANCED_FACE ( 'NONE', ( #2271 ), #680, .T. ) ;
#337 = ORIENTED_EDGE ( 'NONE', *, *, #8727, .F. ) ;
#338 = B_SPLINE_CURVE_WITH_KNOTS ( 'NONE', 3,
 ( #374, #4992, #1594, #2253, #3116, #3820, #7139, #3727, #954, #2931, #2299, #198, #1003, #5082, #4463, #6472 ),
 .UNSPECIFIED., .F., .F.,
 ( 4, 2, 2, 2, 2, 2, 2, 4 ),
 ( 4.818711198549539186E-07, 0.0008765200830275031571, 0.001314539188981328184, 0.001752558294935152887, 0.002190577400888977806, 0.002628596506842802941, 0.003066615612796627643, 0.003504634718750452779 ),
 .UNSPECIFIED. ) ;
#339 = CARTESIAN_POINT ( 'NONE',  ( 4.748219996434698054, -0.2517800035653025015, -116.0911636276301664 ) ) ;
#340 = DIRECTION ( 'NONE',  ( 1.000000000000000000, 0.000000000000000000, 0.000000000000000000 ) ) ;
#341 = CARTESIAN_POINT ( 'NONE',  ( -4.999999999999991118, -1.004771657856732577E-14, -24.14725720788726449 ) ) ;
#342 = CARTESIAN_POINT ( 'NONE',  ( -3.671958834454343013, -1.328041165545656765, -76.25000000000000000 ) ) ;
#343 = CARTESIAN_POINT ( 'NONE',  ( -0.4321793203735130873, -4.567820679626485969, -27.72657376275976659 ) ) ;
#344 = FACE_OUTER_BOUND ( 'NONE', #8335, .T. ) ;
#345 = DIRECTION ( 'NONE',  ( -0.000000000000000000, -0.000000000000000000, 1.000000000000000000 ) ) ;
#346 = CARTESIAN_POINT ( 'NONE',  ( 0.000000000000000000, -5.000000000000000000, -100.9999999999722036 ) ) ;
#347 = EDGE_CURVE ( 'NONE', #4723, #4743, #4966, .T. ) ;
#348 = FACE_OUTER_BOUND ( 'NONE', #7540, .T. ) ;
#349 = DIRECTION ( 'NONE',  ( -0.000000000000000000, -0.000000000000000000, 1.000000000000000000 ) ) ;
#350 = CARTESIAN_POINT ( 'NONE',  ( -2.999999999999999112, 3.673940397442059375E-16, -123.0000000000000000 ) ) ;
#351 = CARTESIAN_POINT ( 'NONE',  ( 0.000000000000000000, 0.000000000000000000, -95.50000000000000000 ) ) ;
#352 = ORIENTED_EDGE ( 'NONE', *, *, #8541, .T. ) ;
#353 = EDGE_CURVE ( 'NONE', #5179, #1098, #1245, .T. ) ;
#354 = EDGE_LOOP ( 'NONE', ( #7722, #2884, #8725 ) ) ;
#355 = ORIENTED_EDGE ( 'NONE', *, *, #2859, .F. ) ;
#356 = CARTESIAN_POINT ( 'NONE',  ( -5.000000000000284217, 2.844327595795845334E-13, -7.500000000000213163 ) ) ;
#357 = ORIENTED_EDGE ( 'NONE', *, *, #136, .T. ) ;
#358 = CARTESIAN_POINT ( 'NONE',  ( -0.6401341107465318148, -4.359865889253468296, -76.89874954628007231 ) ) ;
#359 = ADVANCED_FACE ( 'NONE', ( #8501 ), #4973, .T. ) ;
#360 = CARTESIAN_POINT ( 'NONE',  ( 4.959369330385073660, -0.04063066961492676349, -63.08613448345569452 ) ) ;
#361 = CARTESIAN_POINT ( 'NONE',  ( 0.000000000000000000, 0.000000000000000000, -101.0000000000000000 ) ) ;
#362 = CARTESIAN_POINT ( 'NONE',  ( -1.328041165545667868, -3.671958834454332354, -4.750000000000001776 ) ) ;
#363 = CARTESIAN_POINT ( 'NONE',  ( -4.359865889258240479, -0.6401341107417611864, -59.10125045371351149 ) ) ;
#364 = CARTESIAN_POINT ( 'NONE',  ( -4.832344906989094468, -0.1676550930109067528, -74.64546193740920899 ) ) ;
#365 = CARTESIAN_POINT ( 'NONE',  ( -3.671958834454336351, -1.328041165545663871, -10.25000000000000178 ) ) ;
#366 = ORIENTED_EDGE ( 'NONE', *, *, #4049, .F. ) ;
#367 = ORIENTED_EDGE ( 'NONE', *, *, #622, .F. ) ;
#368 = ADVANCED_FACE ( 'NONE', ( #1487 ), #8246, .F. ) ;
#369 = DIRECTION ( 'NONE',  ( 1.000000000000000000, 0.000000000000000000, 0.000000000000000000 ) ) ;
#370 = ORIENTED_EDGE ( 'NONE', *, *, #7641, .F. ) ;
#371 = CARTESIAN_POINT ( 'NONE',  ( 0.000000000000000000, 0.000000000000000000, -122.9999999999999716 ) ) ;
#372 = CARTESIAN_POINT ( 'NONE',  ( -0.06459124882788724875, -4.935408751172113639, -72.77165234915618441 ) ) ;
#373 = ORIENTED_EDGE ( 'NONE', *, *, #6594, .F. ) ;
#374 = CARTESIAN_POINT ( 'NONE',  ( 1.328041165545667646, -3.671958834454332354, -4.750000000000002665 ) ) ;
#375 = AXIS2_PLACEMENT_3D ( 'NONE', #8381, #4303, #7036 ) ;
#376 = VERTEX_POINT ( 'NONE', #6529 ) ;
#377 = VERTEX_POINT ( 'NONE', #1069 ) ;
#378 = ORIENTED_EDGE ( 'NONE', *, *, #3795, .T. ) ;
#379 = CARTESIAN_POINT ( 'NONE',  ( 0.008301598520832216208, -4.991698401479168545, -34.70374637061712519 ) ) ;
#380 = CARTESIAN_POINT ( 'NONE',  ( -0.9999999999999995559, 1.224646799147352714E-16, 0.000000000000000000 ) ) ;
#381 = AXIS2_PLACEMENT_3D ( 'NONE', #30, #4874, #2805 ) ;
#382 = CARTESIAN_POINT ( 'NONE',  ( 0.06459124883188363531, -4.935408751168116837, -50.77165234913507419 ) ) ;
#383 = CARTESIAN_POINT ( 'NONE',  ( 4.935956332719892536, -0.06404366728010715826, -6.774401865985227644 ) ) ;
#384 = CARTESIAN_POINT ( 'NONE',  ( -0.04063066961830667095, -4.959369330381694141, -67.41386551652202286 ) ) ;
#385 = DIRECTION ( 'NONE',  ( -0.000000000000000000, -0.000000000000000000, 1.000000000000000000 ) ) ;
#386 = CARTESIAN_POINT ( 'NONE',  ( 4.040089233413047154, -0.9599107665869538453, -26.47763427936023106 ) ) ;
#387 = AXIS2_PLACEMENT_3D ( 'NONE', #1995, #4739, #1334 ) ;
#388 = DIRECTION ( 'NONE',  ( 1.000000000000000000, 0.000000000000000000, 0.000000000000000000 ) ) ;
#389 = CARTESIAN_POINT ( 'NONE',  ( 1.328041165545661428, -3.671958834454339016, -21.24999999999999645 ) ) ;
#390 = CARTESIAN_POINT ( 'NONE',  ( 0.1593231317748074471, -4.840676868225192386, -113.1467805842996768 ) ) ;
#391 = B_SPLINE_CURVE_WITH_KNOTS ( 'NONE', 3,
 ( #346, #3078, #7828, #5141, #8544, #1160, #8681, #5193, #6667, #6577, #2548, #1024 ),
 .UNSPECIFIED., .F., .F.,
 ( 4, 2, 2, 2, 2, 4 ),
 ( 0.003504634718722943101, 0.003941423334001239315, 0.004378211949279535962, 0.005251789179836128391, 0.006125366410392720819, 0.006998943640949313247 ),
 .UNSPECIFIED. ) ;
#392 = LINE ( 'NONE', #4529, #8001 ) ;
#393 = CARTESIAN_POINT ( 'NONE',  ( -0.2608011982979969168, -4.739198801702002584, -55.59076228220565241 ) ) ;
#394 = ORIENTED_EDGE ( 'NONE', *, *, #5076, .T. ) ;
#395 = EDGE_LOOP ( 'NONE', ( #5953, #4787, #2523 ) ) ;
#396 = AXIS2_PLACEMENT_3D ( 'NONE', #6241, #8138, #2842 ) ;
#397 = ORIENTED_EDGE ( 'NONE', *, *, #2541, .T. ) ;
#398 = DIRECTION ( 'NONE',  ( -0.000000000000000000, -0.000000000000000000, 1.000000000000000000 ) ) ;
#399 = ADVANCED_FACE ( 'NONE', ( #5809 ), #3260, .T. ) ;
#400 = CARTESIAN_POINT ( 'NONE',  ( -4.040089233413048930, -0.9599107665869512918, -20.97763427936022040 ) ) ;
#401 = ORIENTED_EDGE ( 'NONE', *, *, #282, .F. ) ;
#402 = EDGE_CURVE ( 'NONE', #3989, #5651, #3537, .T. ) ;
#403 = EDGE_CURVE ( 'NONE', #2385, #466, #6119, .T. ) ;
#404 = CARTESIAN_POINT ( 'NONE',  ( -0.3138588208043393002, -4.686141179195662865, -77.46532131222946305 ) ) ;
#405 = AXIS2_PLACEMENT_3D ( 'NONE', #5210, #8152, #4069 ) ;
#406 = DIRECTION ( 'NONE',  ( -0.000000000000000000, -0.000000000000000000, 1.000000000000000000 ) ) ;
#407 = FACE_OUTER_BOUND ( 'NONE', #6370, .T. ) ;
#408 = CARTESIAN_POINT ( 'NONE',  ( -0.9582157396373277569, -4.041784260362672576, -97.97622534969822539 ) ) ;
#409 = ORIENTED_EDGE ( 'NONE', *, *, #8675, .T. ) ;
#410 = CARTESIAN_POINT ( 'NONE',  ( 0.000000000000000000, 0.000000000000000000, -90.00000000000000000 ) ) ;
#411 = CARTESIAN_POINT ( 'NONE',  ( -4.935408751172076336, -0.06459124882792278977, -74.22834765084402875 ) ) ;
#412 = DIRECTION ( 'NONE',  ( 1.000000000000000000, 0.000000000000000000, 0.000000000000000000 ) ) ;
#413 = AXIS2_PLACEMENT_3D ( 'NONE', #3132, #5773, #1115 ) ;
#414 = CARTESIAN_POINT ( 'NONE',  ( -0.4915337874163011600, -4.508466212583699395, -80.89376480692347116 ) ) ;
#415 = ORIENTED_EDGE ( 'NONE', *, *, #5704, .F. ) ;
#416 = ORIENTED_EDGE ( 'NONE', *, *, #7713, .F. ) ;
#417 = DIRECTION ( 'NONE',  ( 1.000000000000000000, 0.000000000000000000, 0.000000000000000000 ) ) ;
#418 = AXIS2_PLACEMENT_3D ( 'NONE', #7744, #1617, #8458 ) ;
#419 = ORIENTED_EDGE ( 'NONE', *, *, #4695, .T. ) ;
#420 = DIRECTION ( 'NONE',  ( -0.000000000000000000, -0.000000000000000000, 1.000000000000000000 ) ) ;
#421 = CARTESIAN_POINT ( 'NONE',  ( 3.671958834454343013, -1.328041165545656987, -81.74999999999998579 ) ) ;
#422 = ORIENTED_EDGE ( 'NONE', *, *, #4695, .F. ) ;
#423 = AXIS2_PLACEMENT_3D ( 'NONE', #6943, #8825, #800 ) ;
#424 = EDGE_LOOP ( 'NONE', ( #5216, #3686, #5794 ) ) ;
#425 = ORIENTED_EDGE ( 'NONE', *, *, #839, .F. ) ;
#426 = CARTESIAN_POINT ( 'NONE',  ( 0.000000000000000000, -5.000000000000000000, -34.99999999997221067 ) ) ;
#427 = AXIS2_PLACEMENT_3D ( 'NONE', #6889, #3479, #6762 ) ;
#428 = DIRECTION ( 'NONE',  ( 1.000000000000000000, 0.000000000000000000, 0.000000000000000000 ) ) ;
#429 = CARTESIAN_POINT ( 'NONE',  ( 0.1278684795021026999, -4.872131520497897661, -28.49259796944168599 ) ) ;
#430 = CARTESIAN_POINT ( 'NONE',  ( -5.000000000000007105, 5.905196070901760024E-15, -89.85315646955159252 ) ) ;
#431 = EDGE_CURVE ( 'NONE', #7492, #611, #391, .T. ) ;
#432 = CARTESIAN_POINT ( 'NONE',  ( 0.000000000000000000, 0.000000000000000000, -69.99999999999998579 ) ) ;
#433 = CARTESIAN_POINT ( 'NONE',  ( 4.999999999999991118, -1.004771657856732577E-14, -24.14725720788726449 ) ) ;
#434 = AXIS2_PLACEMENT_3D ( 'NONE', #7314, #5347, #7983 ) ;
#435 = FACE_OUTER_BOUND ( 'NONE', #7474, .T. ) ;
#436 = CARTESIAN_POINT ( 'NONE',  ( 0.000000000000000000, 0.000000000000000000, -73.50000000000001421 ) ) ;
#437 = CARTESIAN_POINT ( 'NONE',  ( 0.008042224642557419326, -4.991957775357441562, -117.7924658745728834 ) ) ;
#438 = DIRECTION ( 'NONE',  ( -0.000000000000000000, -0.000000000000000000, 1.000000000000000000 ) ) ;
#439 = DIRECTION ( 'NONE',  ( 1.000000000000000000, 0.000000000000000000, 0.000000000000000000 ) ) ;
#440 = EDGE_LOOP ( 'NONE', ( #2740, #1497, #8086 ) ) ;
#441 = CIRCLE ( 'NONE', #8606, 1.000000000000000000 ) ;
#442 = ORIENTED_EDGE ( 'NONE', *, *, #5776, .T. ) ;
#443 = AXIS2_PLACEMENT_3D ( 'NONE', #5508, #801, #3616 ) ;
#444 = ORIENTED_EDGE ( 'NONE', *, *, #4049, .T. ) ;
#445 = DIRECTION ( 'NONE',  ( 1.000000000000000000, 0.000000000000000000, 0.000000000000000000 ) ) ;
#446 = CARTESIAN_POINT ( 'NONE',  ( -4.508466212578266408, -0.4915337874217340919, -5.606235193067955258 ) ) ;
#447 = EDGE_LOOP ( 'NONE', ( #8417, #8040, #561, #5814 ) ) ;
#448 = CARTESIAN_POINT ( 'NONE',  ( -0.9599107665897164132, -4.040089233410284031, -98.52236572063743836 ) ) ;
#449 = AXIS2_PLACEMENT_3D ( 'NONE', #2134, #167, #8367 ) ;
#450 = TOROIDAL_SURFACE ( 'NONE', #7321, 1.000000000000000000, 4.000000000000000000 ) ;
#451 = FACE_OUTER_BOUND ( 'NONE', #7999, .T. ) ;
#452 = CARTESIAN_POINT ( 'NONE',  ( -4.040089233413061365, -0.9599107665869400785, -64.97763427936021685 ) ) ;
#453 = EDGE_CURVE ( 'NONE', #1796, #3239, #7984, .T. ) ;
#454 = CARTESIAN_POINT ( 'NONE',  ( 1.000000000000000000, 0.000000000000000000, -82.50000000000000000 ) ) ;
#455 = CARTESIAN_POINT ( 'NONE',  ( 0.008301598520849608545, -4.991698401479151670, -106.2037463706169547 ) ) ;
#456 = CARTESIAN_POINT ( 'NONE',  ( -4.282386290039714716, -0.7176137099602848402, -9.702228730415280111 ) ) ;
#457 = VECTOR ( 'NONE', #3425, 1000.000000000000000 ) ;
#458 = VECTOR ( 'NONE', #8449, 1000.000000000000000 ) ;
#459 = DIRECTION ( 'NONE',  ( -1.000000000000000000, 1.224646799147352961E-16, 0.000000000000000000 ) ) ;
#460 = ORIENTED_EDGE ( 'NONE', *, *, #6256, .F. ) ;
#461 = ORIENTED_EDGE ( 'NONE', *, *, #1109, .F. ) ;
#462 = CARTESIAN_POINT ( 'NONE',  ( -0.6401341107417174436, -4.359865889258282223, -16.39874954628655956 ) ) ;
#463 = AXIS2_PLACEMENT_3D ( 'NONE', #4297, #3577, #4891 ) ;
#464 = EDGE_CURVE ( 'NONE', #1839, #8628, #4372, .T. ) ;
#465 = CC_DESIGN_DATE_AND_TIME_ASSIGNMENT ( #553, #2580, ( #5481 ) ) ;
#466 = VERTEX_POINT ( 'NONE', #7964 ) ;
#467 = DIRECTION ( 'NONE',  ( 1.000000000000000000, 0.000000000000000000, 0.000000000000000000 ) ) ;
#468 = CARTESIAN_POINT ( 'NONE',  ( -0.008301598518901356222, -4.991698401481100333, -73.20374637064251999 ) ) ;
#469 = ADVANCED_FACE ( 'NONE', ( #5992 ), #8701, .F. ) ;
#470 = EDGE_LOOP ( 'NONE', ( #7134, #6358, #7647 ) ) ;
#471 = LOCAL_TIME ( 3, 32, 11.00000000000000000, #8052 ) ;
#472 = ORIENTED_EDGE ( 'NONE', *, *, #7969, .F. ) ;
#473 = ORIENTED_EDGE ( 'NONE', *, *, #8675, .F. ) ;
#474 = EDGE_CURVE ( 'NONE', #4996, #1983, #518, .T. ) ;
#475 = CARTESIAN_POINT ( 'NONE',  ( 4.840676868219843776, -0.1593231317801558355, -116.3532194156836539 ) ) ;
#476 = DIRECTION ( 'NONE',  ( -0.000000000000000000, -0.000000000000000000, 1.000000000000000000 ) ) ;
#477 = DIRECTION ( 'NONE',  ( 0.000000000000000000, 0.000000000000000000, -1.000000000000000000 ) ) ;
#478 = CARTESIAN_POINT ( 'NONE',  ( 4.502552532152133580, -0.4974474678478673639, -58.88672757692827986 ) ) ;
#479 = EDGE_LOOP ( 'NONE', ( #5266, #4665, #2349 ) ) ;
#480 = CARTESIAN_POINT ( 'NONE',  ( 1.000000000000000000, 0.000000000000000000, -117.5000000000000000 ) ) ;
#481 = FACE_OUTER_BOUND ( 'NONE', #5732, .T. ) ;
#482 = ORIENTED_EDGE ( 'NONE', *, *, #6099, .T. ) ;
#483 = DIRECTION ( 'NONE',  ( 1.000000000000000000, 0.000000000000000000, 0.000000000000000000 ) ) ;
#484 = FACE_OUTER_BOUND ( 'NONE', #6199, .T. ) ;
#485 = CARTESIAN_POINT ( 'NONE',  ( 5.000000000000281553, 2.809514862196180954E-13, -101.0000000000002132 ) ) ;
#486 = CARTESIAN_POINT ( 'NONE',  ( 0.000000000000000000, 0.000000000000000000, -103.7500000000000000 ) ) ;
#487 = CARTESIAN_POINT ( 'NONE',  ( -0.1278684794971261807, -4.872131520502872348, -55.99259796946012102 ) ) ;
#488 = ORIENTED_EDGE ( 'NONE', *, *, #6939, .T. ) ;
#489 = VERTEX_POINT ( 'NONE', #3883 ) ;
#490 = FACE_OUTER_BOUND ( 'NONE', #5661, .T. ) ;
#491 = DIRECTION ( 'NONE',  ( 1.224646799147353207E-16, 1.000000000000000000, 0.000000000000000000 ) ) ;
#492 = EDGE_LOOP ( 'NONE', ( #2064, #1117, #4943, #6747 ) ) ;
#493 = CARTESIAN_POINT ( 'NONE',  ( 0.000000000000000000, 0.000000000000000000, -40.50000000000000711 ) ) ;
#494 = CARTESIAN_POINT ( 'NONE',  ( 4.935956332719893425, -0.06404366728010701948, -28.77440186598522587 ) ) ;
#495 = DIRECTION ( 'NONE',  ( -0.000000000000000000, -0.000000000000000000, 1.000000000000000000 ) ) ;
#496 = CARTESIAN_POINT ( 'NONE',  ( 0.000000000000000000, 0.000000000000000000, -35.00000000000000000 ) ) ;
#497 = VERTEX_POINT ( 'NONE', #2458 ) ;
#498 = CARTESIAN_POINT ( 'NONE',  ( -4.960065625082964225, -0.03993437491703531045, -39.91868978647570287 ) ) ;
#499 = FACE_OUTER_BOUND ( 'NONE', #8663, .T. ) ;
#500 = CARTESIAN_POINT ( 'NONE',  ( -1.328041165545656765, -3.671958834454343013, -81.74999999999998579 ) ) ;
#501 = VERTEX_POINT ( 'NONE', #5947 ) ;
#502 = EDGE_LOOP ( 'NONE', ( #3602, #6637, #2344 ) ) ;
#503 = DIRECTION ( 'NONE',  ( 0.000000000000000000, 0.000000000000000000, -1.000000000000000000 ) ) ;
#504 = CARTESIAN_POINT ( 'NONE',  ( -0.2609614760798247834, -4.739038523920174661, -121.5903642080977107 ) ) ;
#505 = ORIENTED_EDGE ( 'NONE', *, *, #18, .F. ) ;
#506 = CARTESIAN_POINT ( 'NONE',  ( 4.739198801701949293, -0.2608011982980512622, -74.90923771779446838 ) ) ;
#507 = FACE_BOUND ( 'NONE', #2104, .T. ) ;
#508 = ADVANCED_FACE ( 'NONE', ( #435 ), #1411, .F. ) ;
#509 = COORDINATED_UNIVERSAL_TIME_OFFSET ( 3, 30, .AHEAD. ) ;
#510 = ORIENTED_EDGE ( 'NONE', *, *, #4963, .T. ) ;
#511 = EDGE_CURVE ( 'NONE', #5599, #7859, #3593, .T. ) ;
#512 = ORIENTED_EDGE ( 'NONE', *, *, #5444, .T. ) ;
#513 = CARTESIAN_POINT ( 'NONE',  ( -4.686141179201315232, -0.3138588207986845457, -53.03467868775798166 ) ) ;
#514 = CARTESIAN_POINT ( 'NONE',  ( 0.4915337874163398513, -4.508466212583660315, -36.89376480692351379 ) ) ;
#515 = DIRECTION ( 'NONE',  ( 1.000000000000000000, 0.000000000000000000, 0.000000000000000000 ) ) ;
#516 = CARTESIAN_POINT ( 'NONE',  ( 4.567820679631960701, -0.4321793203680400208, -58.77342623723036041 ) ) ;
#517 = DIRECTION ( 'NONE',  ( 1.000000000000000000, 0.000000000000000000, 0.000000000000000000 ) ) ;
#518 = CIRCLE ( 'NONE', #245, 3.999999999999996447 ) ;
#519 = DIRECTION ( 'NONE',  ( -0.000000000000000000, -0.000000000000000000, 1.000000000000000000 ) ) ;
#520 = ORIENTED_EDGE ( 'NONE', *, *, #3079, .F. ) ;
#521 = DIRECTION ( 'NONE',  ( -0.000000000000000000, -0.000000000000000000, 1.000000000000000000 ) ) ;
#522 = TOROIDAL_SURFACE ( 'NONE', #6683, 1.000000000000000000, 3.999999999999999112 ) ;
#523 = CARTESIAN_POINT ( 'NONE',  ( -4.959369330385070107, -0.04063066961493041335, -107.0861344834556945 ) ) ;
#524 = CARTESIAN_POINT ( 'NONE',  ( 0.06404366727607954668, -4.935956332723921314, -101.7255981339934579 ) ) ;
#525 = CARTESIAN_POINT ( 'NONE',  ( 0.4321793203679960560, -4.567820679632004222, -71.72657376276976038 ) ) ;
#526 = DIRECTION ( 'NONE',  ( -0.000000000000000000, -0.000000000000000000, 1.000000000000000000 ) ) ;
#527 = ORIENTED_EDGE ( 'NONE', *, *, #5617, .F. ) ;
#528 = ORIENTED_EDGE ( 'NONE', *, *, #2652, .F. ) ;
#529 = CARTESIAN_POINT ( 'NONE',  ( 0.06404366727607574417, -4.935956332723924866, -46.72559813399347917 ) ) ;
#530 = AXIS2_PLACEMENT_3D ( 'NONE', #1127, #7357, #8787 ) ;
#531 = DIRECTION ( 'NONE',  ( 1.000000000000000000, 0.000000000000000000, 0.000000000000000000 ) ) ;
#532 = VERTEX_POINT ( 'NONE', #1429 ) ;
#533 = CARTESIAN_POINT ( 'NONE',  ( 0.000000000000000000, 0.000000000000000000, 0.000000000000000000 ) ) ;
#534 = CARTESIAN_POINT ( 'NONE',  ( 5.000000000000285105, 2.853001529572313671E-13, -29.50000000000020961 ) ) ;
#535 = DIRECTION ( 'NONE',  ( 0.000000000000000000, 0.000000000000000000, -1.000000000000000000 ) ) ;
#536 = CIRCLE ( 'NONE', #2830, 0.9999999999999993339 ) ;
#537 = CARTESIAN_POINT ( 'NONE',  ( 0.000000000000000000, 0.000000000000000000, -84.50000000000000000 ) ) ;
#538 = ORIENTED_EDGE ( 'NONE', *, *, #6695, .F. ) ;
#539 = TOROIDAL_SURFACE ( 'NONE', #5544, 1.000000000000000000, 4.000000000000001776 ) ;
#540 = CARTESIAN_POINT ( 'NONE',  ( -0.008042224642551998315, -4.991957775357449556, -57.29246587457290474 ) ) ;
#541 = CARTESIAN_POINT ( 'NONE',  ( -0.06404366727606394805, -4.935956332723937301, -30.22559813399339390 ) ) ;
#542 = ORIENTED_EDGE ( 'NONE', *, *, #5065, .F. ) ;
#543 = CIRCLE ( 'NONE', #2403, 1.000000000000000000 ) ;
#544 = ORIENTED_EDGE ( 'NONE', *, *, #5440, .F. ) ;
#545 = DIRECTION ( 'NONE',  ( -0.000000000000000000, -0.000000000000000000, 1.000000000000000000 ) ) ;
#546 = CARTESIAN_POINT ( 'NONE',  ( -0.2608011982979996923, -4.739198801702000807, -17.09076228220567373 ) ) ;
#547 = EDGE_LOOP ( 'NONE', ( #4823, #4033, #2889 ) ) ;
#548 = CIRCLE ( 'NONE', #8414, 3.904737509655563876 ) ;
#549 = B_SPLINE_CURVE_WITH_KNOTS ( 'NONE', 3,
 ( #5586, #6975, #4242, #755, #2184, #834, #4155, #6216, #3560, #8199, #6938, #8276, #6258, #5540, #1390, #8235 ),
 .UNSPECIFIED., .F., .F.,
 ( 4, 2, 2, 2, 2, 2, 2, 4 ),
 ( 4.818711198520267845E-07, 0.0008765200830274492722, 0.001314539188981241448, 0.001752558294935033841, 0.002190577400888825584, 0.002628596506842618193, 0.003066615612796410803, 0.003504634718750202979 ),
 .UNSPECIFIED. ) ;
#550 = FACE_OUTER_BOUND ( 'NONE', #6042, .T. ) ;
#551 = DIRECTION ( 'NONE',  ( -0.000000000000000000, -0.000000000000000000, 1.000000000000000000 ) ) ;
#552 = EDGE_CURVE ( 'NONE', #2593, #5224, #5523, .T. ) ;
#553 = DATE_AND_TIME ( #1236, #471 ) ;
#554 = ORIENTED_EDGE ( 'NONE', *, *, #6319, .F. ) ;
#555 = AXIS2_PLACEMENT_3D ( 'NONE', #4420, #8448, #2311 ) ;
#556 = CARTESIAN_POINT ( 'NONE',  ( 5.000000000000008882, 9.118415556310946782E-15, -34.85315646955161384 ) ) ;
#557 = ADVANCED_FACE ( 'NONE', ( #4063 ), #5412, .F. ) ;
#558 = PERSON ( 'UNSPECIFIED', 'UNSPECIFIED', 'UNSPECIFIED', ('UNSPECIFIED'), ('UNSPECIFIED'), ('UNSPECIFIED') ) ;
#559 = FACE_OUTER_BOUND ( 'NONE', #447, .T. ) ;
#560 = CARTESIAN_POINT ( 'NONE',  ( 4.991957775357461990, -0.008042224642536788259, -7.207534125427315530 ) ) ;
#561 = ORIENTED_EDGE ( 'NONE', *, *, #6808, .T. ) ;
#562 = CARTESIAN_POINT ( 'NONE',  ( -1.000000000000000000, 1.224646799147353207E-16, 0.000000000000000000 ) ) ;
#563 = ADVANCED_FACE ( 'NONE', ( #698 ), #539, .T. ) ;
#564 = TOROIDAL_SURFACE ( 'NONE', #132, 1.000000000000000000, 3.999999999999999112 ) ;
#565 = ADVANCED_FACE ( 'NONE', ( #7388 ), #6697, .T. ) ;
#566 = LINE ( 'NONE', #3256, #4758 ) ;
#567 = CARTESIAN_POINT ( 'NONE',  ( -0.008301598518898108819, -4.991698401481103886, -62.20374637064250578 ) ) ;
#568 = CARTESIAN_POINT ( 'NONE',  ( 0.4974474678531837224, -4.502552532146816056, -88.11327242306302310 ) ) ;
#569 = CIRCLE ( 'NONE', #7872, 3.904737509655567873 ) ;
#570 = CARTESIAN_POINT ( 'NONE',  ( -4.959369330385070107, -0.04063066961493041335, -101.5861344834557087 ) ) ;
#571 = CARTESIAN_POINT ( 'NONE',  ( 0.000000000000000000, -5.000000000000000000, -117.5000000000000000 ) ) ;
#572 = ADVANCED_FACE ( 'NONE', ( #6713 ), #1818, .T. ) ;
#573 = CARTESIAN_POINT ( 'NONE',  ( 0.2608011982980036336, -4.739198801701995478, -72.09076228220567373 ) ) ;
#574 = DIRECTION ( 'NONE',  ( 1.000000000000000000, 0.000000000000000000, 0.000000000000000000 ) ) ;
#575 = ORIENTED_EDGE ( 'NONE', *, *, #7685, .T. ) ;
#576 = CARTESIAN_POINT ( 'NONE',  ( -0.6401341107464953994, -4.359865889253504712, -32.89874954628008652 ) ) ;
#577 = EDGE_CURVE ( 'NONE', #5834, #979, #1577, .T. ) ;
#578 = LINE ( 'NONE', #3317, #6461 ) ;
#579 = CIRCLE ( 'NONE', #6016, 0.9999999999999993339 ) ;
#580 = CYLINDRICAL_SURFACE ( 'NONE', #7629, 0.9999999999999995559 ) ;
#581 = ORIENTED_EDGE ( 'NONE', *, *, #6253, .F. ) ;
#582 = DIRECTION ( 'NONE',  ( -0.000000000000000000, -0.000000000000000000, 1.000000000000000000 ) ) ;
#583 = CARTESIAN_POINT ( 'NONE',  ( 5.000000000000281553, 2.809514862196180954E-13, -95.50000000000021316 ) ) ;
#584 = CARTESIAN_POINT ( 'NONE',  ( -4.041784260359808201, -0.9582157396401930205, -93.02377465029930192 ) ) ;
#585 = CIRCLE ( 'NONE', #5163, 4.000000000000003553 ) ;
#586 = AXIS2_PLACEMENT_3D ( 'NONE', #3889, #1164, #6582 ) ;
#587 = EDGE_CURVE ( 'NONE', #3193, #5834, #1365, .T. ) ;
#588 = CARTESIAN_POINT ( 'NONE',  ( 0.000000000000000000, 0.000000000000000000, -112.0000000000000000 ) ) ;
#589 = VERTEX_POINT ( 'NONE', #3346 ) ;
#590 = CARTESIAN_POINT ( 'NONE',  ( 0.000000000000000000, 0.000000000000000000, -35.00000000000000000 ) ) ;
#591 = CARTESIAN_POINT ( 'NONE',  ( 0.000000000000000000, 0.000000000000000000, -59.75000000000000000 ) ) ;
#592 = CIRCLE ( 'NONE', #8, 0.9999999999999993339 ) ;
#593 = ORIENTED_EDGE ( 'NONE', *, *, #1670, .F. ) ;
#594 = TOROIDAL_SURFACE ( 'NONE', #5020, 1.000000000000000000, 3.999999999999996447 ) ;
#595 = EDGE_LOOP ( 'NONE', ( #7972, #2150, #554 ) ) ;
#596 = CARTESIAN_POINT ( 'NONE',  ( 0.000000000000000000, 0.000000000000000000, -51.50000000000000711 ) ) ;
#597 = CARTESIAN_POINT ( 'NONE',  ( -0.04063066961489657930, -4.959369330385103858, -17.91386551654451864 ) ) ;
#598 = ADVANCED_FACE ( 'NONE', ( #6081 ), #1251, .T. ) ;
#599 = AXIS2_PLACEMENT_3D ( 'NONE', #3035, #3075, #7060 ) ;
#600 = VERTEX_POINT ( 'NONE', #2673 ) ;
#601 = AXIS2_PLACEMENT_3D ( 'NONE', #1221, #37, #4800 ) ;
#602 = CARTESIAN_POINT ( 'NONE',  ( 0.000000000000000000, 0.000000000000000000, -35.00000000000000000 ) ) ;
#603 = CARTESIAN_POINT ( 'NONE',  ( 0.000000000000000000, 0.000000000000000000, -49.49999999999999289 ) ) ;
#604 = VERTEX_POINT ( 'NONE', #5660 ) ;
#605 = CIRCLE ( 'NONE', #3329, 3.904737509655567873 ) ;
#606 = EDGE_CURVE ( 'NONE', #285, #4413, #5950, .T. ) ;
#607 = CARTESIAN_POINT ( 'NONE',  ( -4.739198801701949293, -0.2608011982980511512, -85.90923771779448259 ) ) ;
#608 = CARTESIAN_POINT ( 'NONE',  ( 0.000000000000000000, 0.000000000000000000, -5.500000000000000000 ) ) ;
#609 = DIRECTION ( 'NONE',  ( -0.000000000000000000, -0.000000000000000000, 1.000000000000000000 ) ) ;
#610 = CARTESIAN_POINT ( 'NONE',  ( 0.4321793203679884510, -4.567820679632012215, -55.22657376276972485 ) ) ;
#611 = VERTEX_POINT ( 'NONE', #7726 ) ;
#612 = AXIS2_PLACEMENT_3D ( 'NONE', #1712, #7304, #6401 ) ;
#613 = CARTESIAN_POINT ( 'NONE',  ( -3.671958834454336351, -1.328041165545663871, -32.25000000000000000 ) ) ;
#614 = CARTESIAN_POINT ( 'NONE',  ( -0.3138588207986364176, -4.686141179201364082, -60.96532131224212492 ) ) ;
#615 = CARTESIAN_POINT ( 'NONE',  ( 0.2517800035594497943, -4.748219996440550261, -85.90883637235563697 ) ) ;
#616 = CARTESIAN_POINT ( 'NONE',  ( 1.137203174284269869, -3.862796825715730353, -32.12899883711650517 ) ) ;
#617 = DIRECTION ( 'NONE',  ( -0.000000000000000000, -0.000000000000000000, 1.000000000000000000 ) ) ;
#618 = CARTESIAN_POINT ( 'NONE',  ( 0.06459124882788397359, -4.935408751172115416, -12.27165234915616843 ) ) ;
#619 = ORIENTED_EDGE ( 'NONE', *, *, #958, .F. ) ;
#620 = CARTESIAN_POINT ( 'NONE',  ( 0.6335913640883422682, -4.366408635911657399, -48.10619955115780044 ) ) ;
#621 = CARTESIAN_POINT ( 'NONE',  ( 0.000000000000000000, 0.000000000000000000, 0.000000000000000000 ) ) ;
#622 = EDGE_CURVE ( 'NONE', #6398, #5164, #8194, .T. ) ;
#623 = ORIENTED_EDGE ( 'NONE', *, *, #2251, .T. ) ;
#624 = CARTESIAN_POINT ( 'NONE',  ( -4.360868809976721217, -0.6391311900232802268, -120.9001613215527300 ) ) ;
#625 = CARTESIAN_POINT ( 'NONE',  ( 0.000000000000000000, -5.000000000000000000, -34.99999999997221067 ) ) ;
#626 = EDGE_CURVE ( 'NONE', #5158, #8294, #8387, .T. ) ;
#627 = CARTESIAN_POINT ( 'NONE',  ( 0.000000000000000000, 0.000000000000000000, -29.50000000000000355 ) ) ;
#628 = DIRECTION ( 'NONE',  ( 1.000000000000000000, 0.000000000000000000, 0.000000000000000000 ) ) ;
#629 = ORIENTED_EDGE ( 'NONE', *, *, #3152, .T. ) ;
#630 = ORIENTED_EDGE ( 'NONE', *, *, #7307, .F. ) ;
#631 = CARTESIAN_POINT ( 'NONE',  ( -1.000000000000000000, 1.224646799147353207E-16, -51.50000000000000711 ) ) ;
#632 = CARTESIAN_POINT ( 'NONE',  ( -0.2517800035594300323, -4.748219996440570689, -30.90883637235559078 ) ) ;
#633 = ORIENTED_EDGE ( 'NONE', *, *, #4072, .T. ) ;
#634 = EDGE_CURVE ( 'NONE', #2371, #5361, #4685, .T. ) ;
#635 = ORIENTED_EDGE ( 'NONE', *, *, #1353, .T. ) ;
#636 = DIRECTION ( 'NONE',  ( -0.000000000000000000, -0.000000000000000000, 1.000000000000000000 ) ) ;
#637 = CARTESIAN_POINT ( 'NONE',  ( 3.671958834454335019, -1.328041165545665203, -26.75000000000000355 ) ) ;
#638 = FACE_OUTER_BOUND ( 'NONE', #6295, .T. ) ;
#639 = CARTESIAN_POINT ( 'NONE',  ( 0.000000000000000000, 0.000000000000000000, -35.00000000000000000 ) ) ;
#640 = VERTEX_POINT ( 'NONE', #4916 ) ;
#641 = VERTEX_POINT ( 'NONE', #2214 ) ;
#642 = DIRECTION ( 'NONE',  ( 0.000000000000000000, 0.000000000000000000, -1.000000000000000000 ) ) ;
#643 = CARTESIAN_POINT ( 'NONE',  ( -4.366408635906910085, -0.6335913640930901369, -43.89380044883598941 ) ) ;
#644 = CARTESIAN_POINT ( 'NONE',  ( -1.328041165545657876, -3.671958834454342124, -43.25000000000000711 ) ) ;
#645 = CARTESIAN_POINT ( 'NONE',  ( 3.671958834454343013, -1.328041165545656987, -120.2499999999999858 ) ) ;
#646 = ORIENTED_EDGE ( 'NONE', *, *, #2332, .F. ) ;
#647 = CARTESIAN_POINT ( 'NONE',  ( -4.359865889258241367, -0.6401341107417610754, -31.60125045371350794 ) ) ;
#648 = DIRECTION ( 'NONE',  ( -0.000000000000000000, -0.000000000000000000, 1.000000000000000000 ) ) ;
#649 = DIRECTION ( 'NONE',  ( 1.000000000000000000, 0.000000000000000000, 0.000000000000000000 ) ) ;
#650 = CARTESIAN_POINT ( 'NONE',  ( 0.000000000000000000, 0.000000000000000000, -84.50000000000000000 ) ) ;
#651 = DIRECTION ( 'NONE',  ( -0.000000000000000000, -0.000000000000000000, 1.000000000000000000 ) ) ;
#652 = CARTESIAN_POINT ( 'NONE',  ( -4.502552532152134468, -0.4974474678478655321, -119.3867275769282514 ) ) ;
#653 = CARTESIAN_POINT ( 'NONE',  ( 1.000000000000000000, 0.000000000000000000, -13.00000000000000355 ) ) ;
#654 = CARTESIAN_POINT ( 'NONE',  ( 0.4974474678478199574, -4.502552532152178877, -11.11327242307181962 ) ) ;
#655 = ORIENTED_EDGE ( 'NONE', *, *, #4243, .F. ) ;
#656 = CARTESIAN_POINT ( 'NONE',  ( -5.000000000000281553, 2.811725620256466210E-13, -79.00000000000021316 ) ) ;
#657 = FACE_OUTER_BOUND ( 'NONE', #3246, .T. ) ;
#658 = DIRECTION ( 'NONE',  ( -0.000000000000000000, -0.000000000000000000, 1.000000000000000000 ) ) ;
#659 = DIRECTION ( 'NONE',  ( -0.000000000000000000, -0.000000000000000000, 1.000000000000000000 ) ) ;
#660 = TOROIDAL_SURFACE ( 'NONE', #2383, 1.000000000000000000, 4.000000000000000000 ) ;
#661 = CARTESIAN_POINT ( 'NONE',  ( 4.832344906989094468, -0.1676550930109069470, -107.6454619374092090 ) ) ;
#662 = CARTESIAN_POINT ( 'NONE',  ( 0.03993437491706305215, -4.960065625082936691, -57.58131021352448187 ) ) ;
#663 = CARTESIAN_POINT ( 'NONE',  ( -0.06459124883188288591, -4.935408751168115948, -39.77165234913509551 ) ) ;
#664 = CARTESIAN_POINT ( 'NONE',  ( 0.000000000000000000, 0.000000000000000000, -54.25000000000000000 ) ) ;
#665 = ORIENTED_EDGE ( 'NONE', *, *, #2829, .T. ) ;
#666 = EDGE_CURVE ( 'NONE', #3312, #1816, #3957, .T. ) ;
#667 = VECTOR ( 'NONE', #4324, 1000.000000000000000 ) ;
#668 = ORIENTED_EDGE ( 'NONE', *, *, #4490, .T. ) ;
#669 = CIRCLE ( 'NONE', #3385, 5.000000000000000000 ) ;
#670 = DIRECTION ( 'NONE',  ( 1.000000000000000000, 0.000000000000000000, 0.000000000000000000 ) ) ;
#671 = EDGE_CURVE ( 'NONE', #4737, #7069, #4824, .T. ) ;
#672 = CARTESIAN_POINT ( 'NONE',  ( -1.000000000000000000, 1.224646799147353207E-16, -7.500000000000003553 ) ) ;
#673 = ADVANCED_FACE ( 'NONE', ( #6209 ), #6826, .T. ) ;
#674 = VERTEX_POINT ( 'NONE', #4954 ) ;
#675 = EDGE_CURVE ( 'NONE', #7345, #2371, #2377, .T. ) ;
#676 = EDGE_CURVE ( 'NONE', #979, #8331, #5213, .T. ) ;
#677 = CARTESIAN_POINT ( 'NONE',  ( -4.040089233413053371, -0.9599107665869472950, -92.47763427936021685 ) ) ;
#678 = CIRCLE ( 'NONE', #5677, 5.000000000000000000 ) ;
#679 = CARTESIAN_POINT ( 'NONE',  ( 5.000000000000281553, 2.809514862196180954E-13, -73.50000000000021316 ) ) ;
#680 = TOROIDAL_SURFACE ( 'NONE', #7556, 1.000000000000000000, 4.000000000000001776 ) ;
#681 = DIRECTION ( 'NONE',  ( -1.000000000000000000, 1.224646799147353207E-16, 0.000000000000000000 ) ) ;
#682 = CARTESIAN_POINT ( 'NONE',  ( 0.9599107665897080865, -4.040089233410292024, -43.52236572063743125 ) ) ;
#683 = DIRECTION ( 'NONE',  ( 1.000000000000000000, 0.000000000000000000, 0.000000000000000000 ) ) ;
#684 = CIRCLE ( 'NONE', #4713, 4.000000000000000000 ) ;
#685 = ORIENTED_EDGE ( 'NONE', *, *, #1905, .F. ) ;
#686 = CARTESIAN_POINT ( 'NONE',  ( -4.959369330385070107, -0.04063066961493041335, -112.5861344834557087 ) ) ;
#687 = CIRCLE ( 'NONE', #4852, 4.000000000000000000 ) ;
#688 = CARTESIAN_POINT ( 'NONE',  ( -4.040089233413053371, -0.9599107665869472950, -86.97763427936018843 ) ) ;
#689 = CARTESIAN_POINT ( 'NONE',  ( -3.862796825714241322, -1.137203174285759566, -43.37100116288257112 ) ) ;
#690 = ADVANCED_FACE ( 'NONE', ( #6296 ), #1945, .F. ) ;
#691 = DIRECTION ( 'NONE',  ( 1.224646799147353207E-16, 1.000000000000000000, 0.000000000000000000 ) ) ;
#692 = CARTESIAN_POINT ( 'NONE',  ( 3.671958834454334575, -1.328041165545665647, -59.75000000000000000 ) ) ;
#693 = ORIENTED_EDGE ( 'NONE', *, *, #891, .F. ) ;
#694 = B_SPLINE_CURVE_WITH_KNOTS ( 'NONE', 3,
 ( #7123, #3052, #184, #7710, #3623, #2333, #4442, #3759, #8514, #7842, #5068, #6502, #360, #5021, #2917, #2419 ),
 .UNSPECIFIED., .F., .F.,
 ( 4, 2, 2, 2, 2, 2, 2, 4 ),
 ( 4.818711198670962418E-07, 0.0008765200830274461280, 0.001314539188981234943, 0.001752558294935024083, 0.002190577400888813440, 0.002628596506842601713, 0.003066615612796390854, 0.003504634718750179560 ),
 .UNSPECIFIED. ) ;
#695 = CARTESIAN_POINT ( 'NONE',  ( 0.000000000000000000, 0.000000000000000000, -15.75000000000000000 ) ) ;
#696 = CIRCLE ( 'NONE', #7572, 1.000000000000000000 ) ;
#697 = DIRECTION ( 'NONE',  ( -0.000000000000000000, -0.000000000000000000, 1.000000000000000000 ) ) ;
#698 = FACE_OUTER_BOUND ( 'NONE', #1197, .T. ) ;
#699 = CARTESIAN_POINT ( 'NONE',  ( -5.000000000000008882, 9.184166488841561846E-15, -51.35315646955160673 ) ) ;
#700 = DIRECTION ( 'NONE',  ( 1.000000000000000000, 0.000000000000000000, 0.000000000000000000 ) ) ;
#701 = AXIS2_PLACEMENT_3D ( 'NONE', #1360, #2189, #2687 ) ;
#702 = EDGE_CURVE ( 'NONE', #1884, #101, #7966, .T. ) ;
#703 = DIRECTION ( 'NONE',  ( 1.000000000000000000, 0.000000000000000000, 0.000000000000000000 ) ) ;
#704 = CARTESIAN_POINT ( 'NONE',  ( 0.000000000000000000, -5.000000000000000000, -2.000000000000000000 ) ) ;
#705 = VERTEX_POINT ( 'NONE', #4412 ) ;
#706 = DIRECTION ( 'NONE',  ( 1.000000000000000000, 0.000000000000000000, 0.000000000000000000 ) ) ;
#707 = CARTESIAN_POINT ( 'NONE',  ( 0.000000000000000000, 0.000000000000000000, -66.00000000000000000 ) ) ;
#708 = CARTESIAN_POINT ( 'NONE',  ( 4.935956332719892536, -0.06404366728010811582, -23.27440186598522942 ) ) ;
#709 = CARTESIAN_POINT ( 'NONE',  ( 5.000000000000006217, 5.692061405548891968E-15, -67.85315646955162094 ) ) ;
#710 = CIRCLE ( 'NONE', #8431, 0.9999999999999993339 ) ;
#711 = FACE_OUTER_BOUND ( 'NONE', #1819, .T. ) ;
#712 = DIRECTION ( 'NONE',  ( -0.000000000000000000, -0.000000000000000000, 1.000000000000000000 ) ) ;
#713 = CARTESIAN_POINT ( 'NONE',  ( 0.000000000000000000, 0.000000000000000000, -37.75000000000000000 ) ) ;
#714 = CARTESIAN_POINT ( 'NONE',  ( 0.000000000000000000, 0.000000000000000000, -62.50000000000000000 ) ) ;
#715 = ORIENTED_EDGE ( 'NONE', *, *, #676, .T. ) ;
#716 = TOROIDAL_SURFACE ( 'NONE', #7723, 1.000000000000000000, 1.999999999999994893 ) ;
#717 = ORIENTED_EDGE ( 'NONE', *, *, #2822, .F. ) ;
#718 = DIRECTION ( 'NONE',  ( 1.000000000000000000, 0.000000000000000000, 0.000000000000000000 ) ) ;
#719 = DIRECTION ( 'NONE',  ( 1.224646799147353207E-16, 1.000000000000000000, 0.000000000000000000 ) ) ;
#720 = ORIENTED_EDGE ( 'NONE', *, *, #7289, .F. ) ;
#721 = CARTESIAN_POINT ( 'NONE',  ( -4.282386290039718268, -0.7176137099602820646, -92.20222873041527123 ) ) ;
#722 = EDGE_CURVE ( 'NONE', #1033, #5121, #3245, .T. ) ;
#723 = AXIS2_PLACEMENT_3D ( 'NONE', #5521, #4351, #6916 ) ;
#724 = CIRCLE ( 'NONE', #4882, 1.999999999999988010 ) ;
#725 = DIRECTION ( 'NONE',  ( 0.000000000000000000, -1.000000000000000000, 0.000000000000000000 ) ) ;
#726 = CARTESIAN_POINT ( 'NONE',  ( -5.000000000000285993, 2.863267262836209146E-13, -46.00000000000020606 ) ) ;
#727 = ORIENTED_EDGE ( 'NONE', *, *, #1557, .T. ) ;
#728 = FACE_OUTER_BOUND ( 'NONE', #2351, .T. ) ;
#729 = DIRECTION ( 'NONE',  ( 1.000000000000000000, 0.000000000000000000, 0.000000000000000000 ) ) ;
#730 = CIRCLE ( 'NONE', #5734, 5.000000000000000000 ) ;
#731 = ORIENTED_EDGE ( 'NONE', *, *, #6647, .F. ) ;
#732 = EDGE_CURVE ( 'NONE', #3239, #888, #1473, .T. ) ;
#733 = CARTESIAN_POINT ( 'NONE',  ( 0.000000000000000000, 0.000000000000000000, -119.4999999999999858 ) ) ;
#734 = CIRCLE ( 'NONE', #7477, 4.000000000000003553 ) ;
#735 = VERTEX_POINT ( 'NONE', #1276 ) ;
#736 = CIRCLE ( 'NONE', #5605, 3.904737509655561212 ) ;
#737 = ADVANCED_FACE ( 'NONE', ( #4468 ), #4100, .T. ) ;
#738 = CARTESIAN_POINT ( 'NONE',  ( 0.008301598518897942286, -4.991698401481103886, -62.20374637064250578 ) ) ;
#739 = DIRECTION ( 'NONE',  ( -1.000000000000000000, 1.224646799147353207E-16, 0.000000000000000000 ) ) ;
#740 = DIRECTION ( 'NONE',  ( -0.000000000000000000, -0.000000000000000000, 1.000000000000000000 ) ) ;
#741 = ORIENTED_EDGE ( 'NONE', *, *, #3744, .T. ) ;
#742 = DIRECTION ( 'NONE',  ( -0.000000000000000000, -0.000000000000000000, 1.000000000000000000 ) ) ;
#743 = AXIS2_PLACEMENT_3D ( 'NONE', #8064, #1925, #6755 ) ;
#744 = TOROIDAL_SURFACE ( 'NONE', #2154, 1.000000000000000000, 1.999999999999999112 ) ;
#745 = CARTESIAN_POINT ( 'NONE',  ( -0.3138588207986375833, -4.686141179201363194, -5.965321312242130247 ) ) ;
#746 = EDGE_CURVE ( 'NONE', #2329, #6648, #7545, .T. ) ;
#747 = CARTESIAN_POINT ( 'NONE',  ( 4.991698401481085234, -0.008301598518915846367, -29.79625362935772870 ) ) ;
#748 = DIRECTION ( 'NONE',  ( 1.224646799147353207E-16, 1.000000000000000000, 0.000000000000000000 ) ) ;
#749 = CARTESIAN_POINT ( 'NONE',  ( 0.000000000000000000, 0.000000000000000000, -77.00000000000000000 ) ) ;
#750 = CIRCLE ( 'NONE', #1766, 0.9999999999999986677 ) ;
#751 = CARTESIAN_POINT ( 'NONE',  ( 0.000000000000000000, 0.000000000000000000, -37.75000000000000000 ) ) ;
#752 = CARTESIAN_POINT ( 'NONE',  ( 0.000000000000000000, 0.000000000000000000, 0.000000000000000000 ) ) ;
#753 = B_SPLINE_CURVE_WITH_KNOTS ( 'NONE', 3,
 ( #8789, #6635, #452, #3189, #5921, #4209, #6776, #2016, #8329, #5593, #3488, #4843, #4768, #6223, #7624, #4116 ),
 .UNSPECIFIED., .F., .F.,
 ( 4, 2, 2, 2, 2, 2, 2, 4 ),
 ( 4.818711198662053749E-07, 0.0008765200830274453691, 0.001314539188981234293, 0.001752558294935023433, 0.002190577400888812139, 0.002628596506842600846, 0.003066615612796389986, 0.003504634718750178693 ),
 .UNSPECIFIED. ) ;
#754 = CARTESIAN_POINT ( 'NONE',  ( -3.671958834454343013, -1.328041165545656765, -98.24999999999998579 ) ) ;
#755 = CARTESIAN_POINT ( 'NONE',  ( 4.282386290039716492, -0.7176137099602829528, -48.20222873041528544 ) ) ;
#756 = CARTESIAN_POINT ( 'NONE',  ( -4.508466212578261967, -0.4915337874217377001, -110.1062351930679455 ) ) ;
#757 = FACE_OUTER_BOUND ( 'NONE', #3044, .T. ) ;
#758 = CIRCLE ( 'NONE', #3755, 1.000000000000000000 ) ;
#759 = ADVANCED_FACE ( 'NONE', ( #6690 ), #660, .T. ) ;
#760 = CARTESIAN_POINT ( 'NONE',  ( -4.967796004299648516, -0.03220399570035233083, -122.4154637256984870 ) ) ;
#761 = CARTESIAN_POINT ( 'NONE',  ( 4.502552532152134468, -0.4974474678478654210, -102.8867275769282514 ) ) ;
#762 = CARTESIAN_POINT ( 'NONE',  ( -0.6401341107464926239, -4.359865889253508264, -38.39874954628010073 ) ) ;
#763 = CARTESIAN_POINT ( 'NONE',  ( 0.000000000000000000, 0.000000000000000000, -84.50000000000000000 ) ) ;
#764 = ORIENTED_EDGE ( 'NONE', *, *, #1060, .F. ) ;
#765 = ORIENTED_EDGE ( 'NONE', *, *, #8818, .T. ) ;
#766 = DIRECTION ( 'NONE',  ( 0.000000000000000000, -1.000000000000000000, 0.000000000000000000 ) ) ;
#767 = CARTESIAN_POINT ( 'NONE',  ( 0.2608011983036451209, -4.739198801696355545, -83.09076228219166182 ) ) ;
#768 = ORIENTED_EDGE ( 'NONE', *, *, #6240, .F. ) ;
#769 = ORIENTED_EDGE ( 'NONE', *, *, #722, .F. ) ;
#770 = CARTESIAN_POINT ( 'NONE',  ( -4.739198801701949293, -0.2608011982980511512, -80.40923771779445417 ) ) ;
#771 = CARTESIAN_POINT ( 'NONE',  ( 4.567820679631962477, -0.4321793203680380779, -42.27342623723036041 ) ) ;
#772 = CARTESIAN_POINT ( 'NONE',  ( -1.136863993906876535, -3.863136006093125019, -103.8712162207963843 ) ) ;
#773 = DIRECTION ( 'NONE',  ( 1.000000000000000000, 0.000000000000000000, 0.000000000000000000 ) ) ;
#774 = DIRECTION ( 'NONE',  ( 1.000000000000000000, 0.000000000000000000, 0.000000000000000000 ) ) ;
#775 = B_SPLINE_CURVE_WITH_KNOTS ( 'NONE', 3,
 ( #4474, #1381, #7603, #5406, #4144, #5490, #3471, #2761, #4742, #5448, #7473, #8223, #8139, #645 ),
 .UNSPECIFIED., .F., .F.,
 ( 4, 2, 2, 2, 2, 2, 4 ),
 ( 1.970071025867751503E-07, 0.0008756576440557108446, 0.001313387962532292430, 0.001751118281008874232, 0.002188848599485455817, 0.002626578917962037619, 0.003502039554915174768 ),
 .UNSPECIFIED. ) ;
#776 = VERTEX_POINT ( 'NONE', #1907 ) ;
#777 = CARTESIAN_POINT ( 'NONE',  ( 1.137203174285771334, -3.862796825714229332, -76.12899883711746440 ) ) ;
#778 = ORIENTED_EDGE ( 'NONE', *, *, #3910, .F. ) ;
#779 = CARTESIAN_POINT ( 'NONE',  ( -0.06404366727607974097, -4.935956332723921314, -96.22559813399345785 ) ) ;
#780 = DIRECTION ( 'NONE',  ( 0.000000000000000000, -1.000000000000000000, 0.000000000000000000 ) ) ;
#781 = CARTESIAN_POINT ( 'NONE',  ( 1.328041165545657876, -3.671958834454342124, -54.25000000000000000 ) ) ;
#782 = VERTEX_POINT ( 'NONE', #8531 ) ;
#783 = EDGE_CURVE ( 'NONE', #1316, #6929, #7192, .T. ) ;
#784 = CARTESIAN_POINT ( 'NONE',  ( 0.000000000000000000, 0.000000000000000000, -66.00000000000000000 ) ) ;
#785 = B_SPLINE_CURVE_WITH_KNOTS ( 'NONE', 3,
 ( #7654, #4239, #33, #4919, #2052, #4958, #8195, #3557, #8319, #6254, #1520, #4796 ),
 .UNSPECIFIED., .F., .F.,
 ( 4, 2, 2, 2, 2, 4 ),
 ( 0.003504634718750465790, 0.003941423334025322481, 0.004378211949300179172, 0.005251789179849882146, 0.006125366410399585987, 0.006998943640949289828 ),
 .UNSPECIFIED. ) ;
#786 = ADVANCED_FACE ( 'NONE', ( #2350 ), #1097, .T. ) ;
#787 = VERTEX_POINT ( 'NONE', #1056 ) ;
#788 = DIRECTION ( 'NONE',  ( -0.000000000000000000, -0.000000000000000000, 1.000000000000000000 ) ) ;
#789 = CARTESIAN_POINT ( 'NONE',  ( 3.862796825714240434, -1.137203174285761786, -76.37100116288257823 ) ) ;
#790 = DIRECTION ( 'NONE',  ( 1.000000000000000000, 0.000000000000000000, 0.000000000000000000 ) ) ;
#791 = CARTESIAN_POINT ( 'NONE',  ( -4.960065625082964225, -0.03993437491703550474, -28.91868978647572419 ) ) ;
#792 = CARTESIAN_POINT ( 'NONE',  ( 0.06459124882788734590, -4.935408751172113639, -116.7716523491561986 ) ) ;
#793 = CARTESIAN_POINT ( 'NONE',  ( -4.991698401481079905, -0.008301598518919178771, -95.79625362935772159 ) ) ;
#794 = DIRECTION ( 'NONE',  ( -0.000000000000000000, -0.000000000000000000, 1.000000000000000000 ) ) ;
#795 = EDGE_CURVE ( 'NONE', #489, #5935, #947, .T. ) ;
#796 = CARTESIAN_POINT ( 'NONE',  ( 4.508466212578267296, -0.4915337874217342029, -22.10623519306795615 ) ) ;
#797 = CARTESIAN_POINT ( 'NONE',  ( -4.935956332719889872, -0.06404366728011053056, -105.7744018659851974 ) ) ;
#798 = DIRECTION ( 'NONE',  ( 0.000000000000000000, 0.000000000000000000, -1.000000000000000000 ) ) ;
#799 = CARTESIAN_POINT ( 'NONE',  ( 5.000000000000281553, 2.809514862196180954E-13, -101.0000000000002132 ) ) ;
#800 = DIRECTION ( 'NONE',  ( -1.000000000000000000, 1.224646799147353207E-16, 0.000000000000000000 ) ) ;
#801 = DIRECTION ( 'NONE',  ( -0.000000000000000000, -0.000000000000000000, 1.000000000000000000 ) ) ;
#802 = EDGE_LOOP ( 'NONE', ( #6753, #7269, #2993 ) ) ;
#803 = ORIENTED_EDGE ( 'NONE', *, *, #3571, .T. ) ;
#804 = CARTESIAN_POINT ( 'NONE',  ( 0.000000000000000000, 0.000000000000000000, -13.00000000000000355 ) ) ;
#805 = VECTOR ( 'NONE', #5390, 1000.000000000000000 ) ;
#806 = DIRECTION ( 'NONE',  ( 0.000000000000000000, -1.000000000000000000, 0.000000000000000000 ) ) ;
#807 = VERTEX_POINT ( 'NONE', #286 ) ;
#808 = CARTESIAN_POINT ( 'NONE',  ( -4.872131520502826163, -0.1278684794971741423, -91.00740203054002109 ) ) ;
#809 = CARTESIAN_POINT ( 'NONE',  ( -4.832344906989094468, -0.1676550930109067528, -80.14546193740916635 ) ) ;
#810 = CARTESIAN_POINT ( 'NONE',  ( -4.872131520502827939, -0.1278684794971709504, -47.00740203054002819 ) ) ;
#811 = TOROIDAL_SURFACE ( 'NONE', #5820, 1.000000000000000000, 3.999999999999996447 ) ;
#812 = EDGE_CURVE ( 'NONE', #6944, #3906, #7245, .T. ) ;
#813 = CARTESIAN_POINT ( 'NONE',  ( -0.008301598520836204337, -4.991698401479164104, -111.7037463706171536 ) ) ;
#814 = CARTESIAN_POINT ( 'NONE',  ( 0.1676550930162432895, -4.832344906983756516, -77.85453806257375220 ) ) ;
#815 = CARTESIAN_POINT ( 'NONE',  ( 0.9582157396373103264, -4.041784260362688563, -92.47622534969821118 ) ) ;
#816 = AXIS2_PLACEMENT_3D ( 'NONE', #653, #3387, #5457 ) ;
#817 = ORIENTED_EDGE ( 'NONE', *, *, #3079, .T. ) ;
#818 = DIRECTION ( 'NONE',  ( 0.000000000000000000, 0.000000000000000000, -1.000000000000000000 ) ) ;
#819 = TOROIDAL_SURFACE ( 'NONE', #5835, 0.9999999999999986677, 2.000000000000000888 ) ;
#820 = DIRECTION ( 'NONE',  ( 0.000000000000000000, 0.000000000000000000, -1.000000000000000000 ) ) ;
#821 = CARTESIAN_POINT ( 'NONE',  ( -4.748219996434693613, -0.2517800035653069424, -72.09116362763015218 ) ) ;
#822 = TOROIDAL_SURFACE ( 'NONE', #5120, 1.000000000000000000, 3.999999999999996447 ) ;
#823 = ORIENTED_EDGE ( 'NONE', *, *, #4428, .T. ) ;
#824 = CARTESIAN_POINT ( 'NONE',  ( 0.000000000000000000, 0.000000000000000000, -2.000000000000000000 ) ) ;
#825 = EDGE_LOOP ( 'NONE', ( #3000, #6950, #4930 ) ) ;
#826 = AXIS2_PLACEMENT_3D ( 'NONE', #8636, #1823, #477 ) ;
#827 = CARTESIAN_POINT ( 'NONE',  ( 4.748219996434698054, -0.2517800035653025015, -105.0911636276301380 ) ) ;
#828 = EDGE_CURVE ( 'NONE', #7249, #8851, #3379, .T. ) ;
#829 = CARTESIAN_POINT ( 'NONE',  ( 4.366408635906908309, -0.6335913640930921353, -76.89380044883598941 ) ) ;
#830 = CARTESIAN_POINT ( 'NONE',  ( 0.000000000000000000, 0.000000000000000000, -26.75000000000000355 ) ) ;
#831 = EDGE_CURVE ( 'NONE', #2754, #4171, #228, .T. ) ;
#832 = DIRECTION ( 'NONE',  ( -0.000000000000000000, -0.000000000000000000, 1.000000000000000000 ) ) ;
#833 = CARTESIAN_POINT ( 'NONE',  ( -0.04063066961489623929, -4.959369330385103858, -23.41386551654452219 ) ) ;
#834 = CARTESIAN_POINT ( 'NONE',  ( 4.502552532152133580, -0.4974474678478673639, -47.88672757692827986 ) ) ;
#835 = CIRCLE ( 'NONE', #8134, 3.999999999999996447 ) ;
#836 = CARTESIAN_POINT ( 'NONE',  ( 0.9599107665869264228, -4.040089233413072023, -16.02236572063980447 ) ) ;
#837 = CARTESIAN_POINT ( 'NONE',  ( 0.000000000000000000, 0.000000000000000000, -92.74999999999998579 ) ) ;
#838 = CARTESIAN_POINT ( 'NONE',  ( -0.2517800035594500718, -4.748219996440550261, -113.4088363723556512 ) ) ;
#839 = EDGE_CURVE ( 'NONE', #285, #1535, #4382, .T. ) ;
#840 = AXIS2_PLACEMENT_3D ( 'NONE', #4176, #6912, #4856 ) ;
#841 = DIRECTION ( 'NONE',  ( 0.000000000000000000, 0.000000000000000000, -1.000000000000000000 ) ) ;
#842 = CARTESIAN_POINT ( 'NONE',  ( 0.1593231317748070031, -4.840676868225192386, -41.64678058429971230 ) ) ;
#843 = DIRECTION ( 'NONE',  ( 1.000000000000000000, 0.000000000000000000, 0.000000000000000000 ) ) ;
#844 = ORIENTED_EDGE ( 'NONE', *, *, #2088, .F. ) ;
#845 = ADVANCED_FACE ( 'NONE', ( #4936 ), #6531, .T. ) ;
#846 = ORIENTED_EDGE ( 'NONE', *, *, #2251, .F. ) ;
#847 = CARTESIAN_POINT ( 'NONE',  ( 0.000000000000000000, 0.000000000000000000, -84.50000000000000000 ) ) ;
#848 = CIRCLE ( 'NONE', #6999, 3.999999999999996447 ) ;
#849 = CARTESIAN_POINT ( 'NONE',  ( 0.03993437491367660824, -4.960065625086322427, -68.58131021350182266 ) ) ;
#850 = VERTEX_POINT ( 'NONE', #3407 ) ;
#851 = CARTESIAN_POINT ( 'NONE',  ( -0.008042224640664919280, -4.991957775359335159, -40.79246587454772310 ) ) ;
#852 = CARTESIAN_POINT ( 'NONE',  ( 0.000000000000000000, 0.000000000000000000, -86.50000000000000000 ) ) ;
#853 = CARTESIAN_POINT ( 'NONE',  ( 4.508466212578261967, -0.4915337874217372560, -110.1062351930679597 ) ) ;
#854 = CARTESIAN_POINT ( 'NONE',  ( 0.1593231317801998559, -4.840676868219799367, -14.14678058431652197 ) ) ;
#855 = B_SPLINE_CURVE_WITH_KNOTS ( 'NONE', 3,
 ( #571, #5282, #437, #3220, #8015, #3931, #1162, #3175, #7295, #3309, #5144, #1071 ),
 .UNSPECIFIED., .F., .F.,
 ( 4, 2, 2, 2, 2, 4 ),
 ( 0.003504634718750474897, 0.003941423334025327685, 0.004378211949300180039, 0.005251789179849883880, 0.006125366410399588589, 0.006998943640949292430 ),
 .UNSPECIFIED. ) ;
#856 = AXIS2_PLACEMENT_3D ( 'NONE', #7380, #5227, #7871 ) ;
#857 = VERTEX_POINT ( 'NONE', #93 ) ;
#858 = ADVANCED_FACE ( 'NONE', ( #6865 ), #522, .T. ) ;
#859 = CARTESIAN_POINT ( 'NONE',  ( -3.671958834454339016, -1.328041165545661206, -15.75000000000000000 ) ) ;
#860 = AXIS2_PLACEMENT_3D ( 'NONE', #7537, #6318, #718 ) ;
#861 = TOROIDAL_SURFACE ( 'NONE', #6446, 1.000000000000000000, 3.999999999999996447 ) ;
#862 = DIRECTION ( 'NONE',  ( -0.000000000000000000, -0.000000000000000000, 1.000000000000000000 ) ) ;
#863 = DIRECTION ( 'NONE',  ( 0.000000000000000000, -1.000000000000000000, 0.000000000000000000 ) ) ;
#864 = ORIENTED_EDGE ( 'NONE', *, *, #7612, .F. ) ;
#865 = CARTESIAN_POINT ( 'NONE',  ( -0.9999999999999995559, 1.224646799147352714E-16, 0.000000000000000000 ) ) ;
#866 = EDGE_LOOP ( 'NONE', ( #7455, #7772 ) ) ;
#867 = VECTOR ( 'NONE', #1826, 1000.000000000000000 ) ;
#868 = ADVANCED_FACE ( 'NONE', ( #1325 ), #7401, .F. ) ;
#869 = AXIS2_PLACEMENT_3D ( 'NONE', #4822, #2843, #8850 ) ;
#870 = DIRECTION ( 'NONE',  ( 1.224646799147353207E-16, 1.000000000000000000, 0.000000000000000000 ) ) ;
#871 = DIRECTION ( 'NONE',  ( 1.000000000000000000, 0.000000000000000000, 0.000000000000000000 ) ) ;
#872 = CARTESIAN_POINT ( 'NONE',  ( 4.748219996434693613, -0.2517800035653064428, -83.09116362763016639 ) ) ;
#873 = DIRECTION ( 'NONE',  ( -0.000000000000000000, -0.000000000000000000, 1.000000000000000000 ) ) ;
#874 = CARTESIAN_POINT ( 'NONE',  ( 4.935408751172076336, -0.06459124882792298405, -96.22834765084402875 ) ) ;
#875 = AXIS2_PLACEMENT_3D ( 'NONE', #432, #8677, #6079 ) ;
#876 = CARTESIAN_POINT ( 'NONE',  ( -4.359865889258244920, -0.6401341107417566345, -97.60125045371351860 ) ) ;
#877 = CARTESIAN_POINT ( 'NONE',  ( -0.9599107665897235186, -4.040089233410274261, -27.02236572063741349 ) ) ;
#878 = AXIS2_PLACEMENT_3D ( 'NONE', #4939, #3007, #5073 ) ;
#879 = CYLINDRICAL_SURFACE ( 'NONE', #5887, 5.000000000000000000 ) ;
#880 = CARTESIAN_POINT ( 'NONE',  ( 4.366408635906908309, -0.6335913640930921353, -65.89380044883600362 ) ) ;
#881 = DIRECTION ( 'NONE',  ( -0.000000000000000000, -0.000000000000000000, 1.000000000000000000 ) ) ;
#882 = AXIS2_PLACEMENT_3D ( 'NONE', #6062, #2742, #6819 ) ;
#883 = CARTESIAN_POINT ( 'NONE',  ( -0.9582157396402204430, -4.041784260359780667, -26.47622534970070873 ) ) ;
#884 = EDGE_CURVE ( 'NONE', #8680, #2800, #7098, .T. ) ;
#885 = DIRECTION ( 'NONE',  ( 1.000000000000000000, 0.000000000000000000, 0.000000000000000000 ) ) ;
#886 = CARTESIAN_POINT ( 'NONE',  ( -4.840676868219845552, -0.1593231317801558078, -77.85321941568362547 ) ) ;
#887 = ORIENTED_EDGE ( 'NONE', *, *, #2542, .F. ) ;
#888 = VERTEX_POINT ( 'NONE', #2108 ) ;
#889 = CARTESIAN_POINT ( 'NONE',  ( 0.000000000000000000, 0.000000000000000000, -95.50000000000000000 ) ) ;
#890 = CIRCLE ( 'NONE', #1339, 3.904737509655567873 ) ;
#891 = EDGE_CURVE ( 'NONE', #6719, #497, #7965, .T. ) ;
#892 = CYLINDRICAL_SURFACE ( 'NONE', #3746, 0.9999999999999995559 ) ;
#893 = EDGE_LOOP ( 'NONE', ( #3815, #5985, #4191 ) ) ;
#894 = B_SPLINE_CURVE_WITH_KNOTS ( 'NONE', 3,
 ( #6846, #3432, #7522, #791, #3514, #2771, #116, #1558, #6172, #6935, #2809, #7614 ),
 .UNSPECIFIED., .F., .F.,
 ( 4, 2, 2, 2, 2, 4 ),
 ( 0.003504634718750193438, 0.003941423334025078752, 0.004378211949299964066, 0.005251789179849733827, 0.006125366410399504455, 0.006998943640949275083 ),
 .UNSPECIFIED. ) ;
#895 = EDGE_CURVE ( 'NONE', #5912, #3529, #2816, .T. ) ;
#896 = DIRECTION ( 'NONE',  ( 1.000000000000000000, 0.000000000000000000, 0.000000000000000000 ) ) ;
#897 = CARTESIAN_POINT ( 'NONE',  ( -3.671958834454332354, -1.328041165545667868, -4.750000000000001776 ) ) ;
#898 = CARTESIAN_POINT ( 'NONE',  ( 4.960065625082963336, -0.03993437491703671210, -89.41868978647569577 ) ) ;
#899 = TOROIDAL_SURFACE ( 'NONE', #5202, 1.000000000000000000, 3.999999999999996447 ) ;
#900 = CARTESIAN_POINT ( 'NONE',  ( -0.4974474678531454752, -4.502552532146853359, -110.1132724230630799 ) ) ;
#901 = CARTESIAN_POINT ( 'NONE',  ( 0.000000000000000000, -5.000000000000000000, -45.99999999997221067 ) ) ;
#902 = CARTESIAN_POINT ( 'NONE',  ( 0.4915337874163004939, -4.508466212583698507, -91.89376480692347116 ) ) ;
#903 = EDGE_CURVE ( 'NONE', #6989, #1033, #2531, .T. ) ;
#904 = DIRECTION ( 'NONE',  ( -0.000000000000000000, -0.000000000000000000, 1.000000000000000000 ) ) ;
#905 = VERTEX_POINT ( 'NONE', #4086 ) ;
#906 = B_SPLINE_CURVE_WITH_KNOTS ( 'NONE', 3,
 ( #5744, #5693, #4193, #6368, #6206, #8429, #2290, #4825, #6122, #7605, #5029, #1471 ),
 .UNSPECIFIED., .F., .F.,
 ( 4, 2, 2, 2, 2, 4 ),
 ( 0.003504634718722721056, 0.003941423334001042424, 0.004378211949279363358, 0.005251789179836006093, 0.006125366410392648828, 0.006998943640949292430 ),
 .UNSPECIFIED. ) ;
#907 = DIRECTION ( 'NONE',  ( -0.000000000000000000, -0.000000000000000000, 1.000000000000000000 ) ) ;
#908 = DIRECTION ( 'NONE',  ( 1.000000000000000000, 0.000000000000000000, 0.000000000000000000 ) ) ;
#909 = CARTESIAN_POINT ( 'NONE',  ( -5.000000000000007105, 5.907101895033082199E-15, -73.35315646955162094 ) ) ;
#910 = ORIENTED_EDGE ( 'NONE', *, *, #7389, .F. ) ;
#911 = B_SPLINE_CURVE_WITH_KNOTS ( 'NONE', 3,
 ( #4884, #8240, #6900, #4803, #81, #761, #3396, #4037, #7531, #8824, #7447, #6137, #8868, #3487, #5547, #799 ),
 .UNSPECIFIED., .F., .F.,
 ( 4, 2, 2, 2, 2, 2, 2, 4 ),
 ( 4.818711198665871750E-07, 0.0008765200830274456944, 0.001314539188981235377, 0.001752558294935024951, 0.002190577400888814308, 0.002628596506842603882, 0.003066615612796393456, 0.003504634718750183030 ),
 .UNSPECIFIED. ) ;
#912 = ORIENTED_EDGE ( 'NONE', *, *, #1021, .F. ) ;
#913 = CARTESIAN_POINT ( 'NONE',  ( 0.000000000000000000, 0.000000000000000000, -62.50000000000000000 ) ) ;
#914 = ORIENTED_EDGE ( 'NONE', *, *, #123, .F. ) ;
#915 = CARTESIAN_POINT ( 'NONE',  ( 4.840676868219845552, -0.1593231317801557245, -77.85321941568362547 ) ) ;
#916 = DIRECTION ( 'NONE',  ( 1.000000000000000000, 0.000000000000000000, 0.000000000000000000 ) ) ;
#917 = CARTESIAN_POINT ( 'NONE',  ( -0.6401341107417187759, -4.359865889258282223, -115.3987495462865809 ) ) ;
#918 = CARTESIAN_POINT ( 'NONE',  ( -0.9999999999999995559, 1.224646799147352714E-16, 0.000000000000000000 ) ) ;
#919 = DIRECTION ( 'NONE',  ( 1.224646799147353207E-16, 1.000000000000000000, 0.000000000000000000 ) ) ;
#920 = CARTESIAN_POINT ( 'NONE',  ( 4.040089233413050707, -0.9599107665869518469, -9.977634279360229286 ) ) ;
#921 = DIRECTION ( 'NONE',  ( 0.000000000000000000, -1.000000000000000000, 0.000000000000000000 ) ) ;
#922 = CARTESIAN_POINT ( 'NONE',  ( -0.7176137099645710782, -4.282386290035430143, -93.29777126957941391 ) ) ;
#923 = CARTESIAN_POINT ( 'NONE',  ( -0.4915337874163394072, -4.508466212583661203, -113.8937648069235422 ) ) ;
#924 = LINE ( 'NONE', #8457, #8257 ) ;
#925 = CARTESIAN_POINT ( 'NONE',  ( 0.008042224640665097957, -4.991957775359336047, -40.79246587454773731 ) ) ;
#926 = DIRECTION ( 'NONE',  ( 1.000000000000000000, 0.000000000000000000, 0.000000000000000000 ) ) ;
#927 = CARTESIAN_POINT ( 'NONE',  ( -4.508466212578269072, -0.4915337874217310388, -77.10623519306797391 ) ) ;
#928 = ORIENTED_EDGE ( 'NONE', *, *, #831, .F. ) ;
#929 = EDGE_CURVE ( 'NONE', #7896, #2385, #4123, .T. ) ;
#930 = ORIENTED_EDGE ( 'NONE', *, *, #828, .F. ) ;
#931 = CARTESIAN_POINT ( 'NONE',  ( 0.000000000000000000, 0.000000000000000000, -87.25000000000000000 ) ) ;
#932 = CARTESIAN_POINT ( 'NONE',  ( 4.567820679631959813, -0.4321793203680409090, -14.77342623723035508 ) ) ;
#933 = ORIENTED_EDGE ( 'NONE', *, *, #6287, .F. ) ;
#934 = FACE_OUTER_BOUND ( 'NONE', #3823, .T. ) ;
#935 = DIRECTION ( 'NONE',  ( 0.000000000000000000, -1.000000000000000000, 0.000000000000000000 ) ) ;
#936 = CARTESIAN_POINT ( 'NONE',  ( 0.000000000000000000, 0.000000000000000000, 0.000000000000000000 ) ) ;
#937 = EDGE_CURVE ( 'NONE', #4005, #5472, #1394, .T. ) ;
#938 = CARTESIAN_POINT ( 'NONE',  ( -0.4915337874163392407, -4.508466212583661203, -97.39376480692352800 ) ) ;
#939 = EDGE_CURVE ( 'NONE', #135, #4173, #3659, .T. ) ;
#940 = CARTESIAN_POINT ( 'NONE',  ( 0.000000000000000000, 0.000000000000000000, -65.24999999999998579 ) ) ;
#941 = CARTESIAN_POINT ( 'NONE',  ( 0.1278684795021247378, -4.872131520497878121, -77.99259796944163270 ) ) ;
#942 = EDGE_CURVE ( 'NONE', #4817, #7859, #7820, .T. ) ;
#943 = CARTESIAN_POINT ( 'NONE',  ( -5.000000000000000000, 0.000000000000000000, -2.000000000000000000 ) ) ;
#944 = ADVANCED_FACE ( 'NONE', ( #7800 ), #6958, .T. ) ;
#945 = CARTESIAN_POINT ( 'NONE',  ( 5.000000000000285105, 2.855686632286915929E-13, -51.50000000000021316 ) ) ;
#946 = EDGE_LOOP ( 'NONE', ( #3371, #1424, #817 ) ) ;
#947 = CIRCLE ( 'NONE', #2230, 3.904737509655562544 ) ;
#948 = CARTESIAN_POINT ( 'NONE',  ( 0.000000000000000000, 0.000000000000000000, -62.50000000000000000 ) ) ;
#949 = CARTESIAN_POINT ( 'NONE',  ( 3.671958834454343013, -1.328041165545656987, -70.75000000000000000 ) ) ;
#950 = CARTESIAN_POINT ( 'NONE',  ( 1.000000000000000000, 0.000000000000000000, -24.00000000000000355 ) ) ;
#951 = EDGE_CURVE ( 'NONE', #705, #6192, #3513, .T. ) ;
#952 = EDGE_LOOP ( 'NONE', ( #6164, #5893, #2142, #5529 ) ) ;
#953 = TOROIDAL_SURFACE ( 'NONE', #4104, 1.000000000000000000, 3.999999999999996447 ) ;
#954 = CARTESIAN_POINT ( 'NONE',  ( 0.2608011982979999699, -4.739198801702001695, -6.090762282205671063 ) ) ;
#955 = VERTEX_POINT ( 'NONE', #3663 ) ;
#956 = CARTESIAN_POINT ( 'NONE',  ( 0.000000000000000000, 0.000000000000000000, -131.9999999999999716 ) ) ;
#957 = ORIENTED_EDGE ( 'NONE', *, *, #7049, .T. ) ;
#958 = EDGE_CURVE ( 'NONE', #7557, #8207, #1013, .T. ) ;
#959 = TOROIDAL_SURFACE ( 'NONE', #4697, 1.000000000000000000, 4.000000000000000000 ) ;
#960 = DIRECTION ( 'NONE',  ( -0.000000000000000000, -0.000000000000000000, 1.000000000000000000 ) ) ;
#961 = TOROIDAL_SURFACE ( 'NONE', #2965, 1.000000000000000000, 4.000000000000000000 ) ;
#962 = CARTESIAN_POINT ( 'NONE',  ( -1.137203174285764229, -3.862796825714236881, -65.12899883711746440 ) ) ;
#963 = CARTESIAN_POINT ( 'NONE',  ( 1.328041165545665425, -3.671958834454334575, -48.75000000000000000 ) ) ;
#964 = DIRECTION ( 'NONE',  ( -0.000000000000000000, -0.000000000000000000, 1.000000000000000000 ) ) ;
#965 = CARTESIAN_POINT ( 'NONE',  ( -0.1676550930162053477, -4.832344906983794708, -66.85453806257386589 ) ) ;
#966 = CARTESIAN_POINT ( 'NONE',  ( -4.739198801701949293, -0.2608011982980511512, -113.4092377177944542 ) ) ;
#967 = CARTESIAN_POINT ( 'NONE',  ( -1.000000000000000000, 1.224646799147353207E-16, -90.00000000000000000 ) ) ;
#968 = CIRCLE ( 'NONE', #1700, 1.000000000000000000 ) ;
#969 = CARTESIAN_POINT ( 'NONE',  ( 3.671958834454338572, -1.328041165545661428, -21.24999999999999645 ) ) ;
#970 = DIRECTION ( 'NONE',  ( 1.000000000000000000, 0.000000000000000000, 0.000000000000000000 ) ) ;
#971 = EDGE_CURVE ( 'NONE', #6688, #5272, #694, .T. ) ;
#972 = CARTESIAN_POINT ( 'NONE',  ( -0.1593231317748076414, -4.840676868225192386, -85.64678058429973362 ) ) ;
#973 = DIRECTION ( 'NONE',  ( -0.000000000000000000, -0.000000000000000000, 1.000000000000000000 ) ) ;
#974 = CIRCLE ( 'NONE', #6131, 3.904737509655567873 ) ;
#975 = CARTESIAN_POINT ( 'NONE',  ( 0.000000000000000000, -5.000000000000000000, -84.49999999997220357 ) ) ;
#976 = CARTESIAN_POINT ( 'NONE',  ( -5.000000000000281553, 2.811725620256466210E-13, -79.00000000000021316 ) ) ;
#977 = ORIENTED_EDGE ( 'NONE', *, *, #929, .F. ) ;
#978 = ORIENTED_EDGE ( 'NONE', *, *, #2266, .F. ) ;
#979 = VERTEX_POINT ( 'NONE', #4257 ) ;
#980 = CARTESIAN_POINT ( 'NONE',  ( 4.567820679631960701, -0.4321793203680406870, -20.27342623723034620 ) ) ;
#981 = CARTESIAN_POINT ( 'NONE',  ( -4.359865889258240479, -0.6401341107417601872, -20.60125045371350083 ) ) ;
#982 = EDGE_LOOP ( 'NONE', ( #5954, #6922, #6566, #8715 ) ) ;
#983 = TOROIDAL_SURFACE ( 'NONE', #3992, 1.000000000000000000, 4.000000000000000000 ) ;
#984 = CARTESIAN_POINT ( 'NONE',  ( 1.000000000000000000, 0.000000000000000000, -35.00000000000000000 ) ) ;
#985 = DIRECTION ( 'NONE',  ( 1.000000000000000000, 0.000000000000000000, 0.000000000000000000 ) ) ;
#986 = DIRECTION ( 'NONE',  ( -0.000000000000000000, -0.000000000000000000, 1.000000000000000000 ) ) ;
#987 = B_SPLINE_CURVE_WITH_KNOTS ( 'NONE', 3,
 ( #7214, #2999, #400, #5731, #981, #3706, #312, #8783, #7443, #8075, #5465, #6051, #2645, #4031, #2560, #7490 ),
 .UNSPECIFIED., .F., .F.,
 ( 4, 2, 2, 2, 2, 2, 2, 4 ),
 ( 4.818711198500916319E-07, 0.0008765200830274302987, 0.001314539188981223017, 0.001752558294935015627, 0.002190577400888807803, 0.002628596506842599979, 0.003066615612796393022, 0.003504634718750185632 ),
 .UNSPECIFIED. ) ;
#988 = DIRECTION ( 'NONE',  ( -0.000000000000000000, -0.000000000000000000, 1.000000000000000000 ) ) ;
#989 = TOROIDAL_SURFACE ( 'NONE', #6004, 1.000000000000000000, 4.000000000000000000 ) ;
#990 = CARTESIAN_POINT ( 'NONE',  ( 0.000000000000000000, 0.000000000000000000, -73.50000000000001421 ) ) ;
#991 = CARTESIAN_POINT ( 'NONE',  ( -4.991698401481079905, -0.008301598518919178771, -73.79625362935772159 ) ) ;
#992 = DIRECTION ( 'NONE',  ( -0.000000000000000000, -0.000000000000000000, 1.000000000000000000 ) ) ;
#993 = CARTESIAN_POINT ( 'NONE',  ( 0.000000000000000000, 0.000000000000000000, -24.00000000000000355 ) ) ;
#994 = ADVANCED_FACE ( 'NONE', ( #6992 ), #3099, .T. ) ;
#995 = VERTEX_POINT ( 'NONE', #2955 ) ;
#996 = CIRCLE ( 'NONE', #4002, 3.904737509655567873 ) ;
#997 = CARTESIAN_POINT ( 'NONE',  ( 4.872131520502830604, -0.1278684794971703953, -52.50740203054004240 ) ) ;
#998 = CARTESIAN_POINT ( 'NONE',  ( -0.1278684795020865184, -4.872131520497913648, -50.49259796944175349 ) ) ;
#999 = CARTESIAN_POINT ( 'NONE',  ( 0.2517800035594497943, -4.748219996440550261, -96.90883637235562276 ) ) ;
#1000 = ORIENTED_EDGE ( 'NONE', *, *, #2266, .T. ) ;
#1001 = TOROIDAL_SURFACE ( 'NONE', #2144, 1.000000000000000000, 4.000000000000000000 ) ;
#1002 = EDGE_CURVE ( 'NONE', #5348, #7258, #2670, .T. ) ;
#1003 = CARTESIAN_POINT ( 'NONE',  ( 0.04063066961489635726, -4.959369330385102970, -6.913865516544513312 ) ) ;
#1004 = ORIENTED_EDGE ( 'NONE', *, *, #1035, .F. ) ;
#1005 = PRODUCT_RELATED_PRODUCT_CATEGORY ( 'detail', '', ( #6823 ) ) ;
#1006 = EDGE_CURVE ( 'NONE', #8099, #6918, #1131, .T. ) ;
#1007 = CARTESIAN_POINT ( 'NONE',  ( 0.1278684795020899045, -4.872131520497909207, -66.99259796944171796 ) ) ;
#1008 = AXIS2_PLACEMENT_3D ( 'NONE', #948, #907, #369 ) ;
#1009 = ORIENTED_EDGE ( 'NONE', *, *, #8011, .T. ) ;
#1010 = AXIS2_PLACEMENT_3D ( 'NONE', #6173, #8232, #6847 ) ;
#1011 = CARTESIAN_POINT ( 'NONE',  ( -1.328041165545656765, -3.671958834454343013, -70.75000000000000000 ) ) ;
#1012 = CARTESIAN_POINT ( 'NONE',  ( 0.000000000000000000, 0.000000000000000000, -16.50000000000000000 ) ) ;
#1013 = B_SPLINE_CURVE_WITH_KNOTS ( 'NONE', 3,
 ( #1716, #1039, #4386, #3709, #6405, #2374, #317, #8422, #6326, #8474, #4980, #3583 ),
 .UNSPECIFIED., .F., .F.,
 ( 4, 2, 2, 2, 2, 4 ),
 ( 0.003504634718722876748, 0.003941423334001175997, 0.004378211949279476115, 0.005251789179836074614, 0.006125366410392673114, 0.006998943640949271613 ),
 .UNSPECIFIED. ) ;
#1014 = CARTESIAN_POINT ( 'NONE',  ( 0.04063066961830228557, -4.959369330381697694, -50.91386551652202286 ) ) ;
#1015 = CARTESIAN_POINT ( 'NONE',  ( 0.000000000000000000, 0.000000000000000000, -24.00000000000000355 ) ) ;
#1016 = ORIENTED_EDGE ( 'NONE', *, *, #8128, .F. ) ;
#1017 = DIRECTION ( 'NONE',  ( -0.000000000000000000, -0.000000000000000000, 1.000000000000000000 ) ) ;
#1018 = CARTESIAN_POINT ( 'NONE',  ( -4.832344906989094468, -0.1676550930109067528, -113.1454619374091948 ) ) ;
#1019 = FACE_OUTER_BOUND ( 'NONE', #8333, .T. ) ;
#1020 = AXIS2_PLACEMENT_3D ( 'NONE', #631, #7316, #2569 ) ;
#1021 = EDGE_CURVE ( 'NONE', #2795, #8066, #6244, .T. ) ;
#1022 = AXIS2_PLACEMENT_3D ( 'NONE', #8713, #3863, #6609 ) ;
#1023 = CARTESIAN_POINT ( 'NONE',  ( -1.027098599313404079E-12, -4.999999999998974154, -95.35274279208620385 ) ) ;
#1024 = CARTESIAN_POINT ( 'NONE',  ( -1.328041165545656765, -3.671958834454343013, -103.7500000000000000 ) ) ;
#1025 = DIRECTION ( 'NONE',  ( 1.224646799147353207E-16, 1.000000000000000000, 0.000000000000000000 ) ) ;
#1026 = FACE_OUTER_BOUND ( 'NONE', #7090, .T. ) ;
#1027 = CIRCLE ( 'NONE', #4892, 3.904737509655567873 ) ;
#1028 = AXIS2_PLACEMENT_3D ( 'NONE', #6110, #8840, #8172 ) ;
#1029 = CARTESIAN_POINT ( 'NONE',  ( 0.000000000000000000, 0.000000000000000000, -40.50000000000000711 ) ) ;
#1030 = CARTESIAN_POINT ( 'NONE',  ( 4.748219996434698942, -0.2517800035653022239, -50.09116362763015218 ) ) ;
#1031 = ORIENTED_EDGE ( 'NONE', *, *, #8279, .F. ) ;
#1032 = ORIENTED_EDGE ( 'NONE', *, *, #1002, .F. ) ;
#1033 = VERTEX_POINT ( 'NONE', #3324 ) ;
#1034 = FACE_OUTER_BOUND ( 'NONE', #8662, .T. ) ;
#1035 = EDGE_CURVE ( 'NONE', #3906, #787, #3271, .T. ) ;
#1036 = CARTESIAN_POINT ( 'NONE',  ( 5.000000000000010658, 1.072502529901554095E-14, -45.85315646955162805 ) ) ;
#1037 = ORIENTED_EDGE ( 'NONE', *, *, #4243, .T. ) ;
#1038 = CARTESIAN_POINT ( 'NONE',  ( 4.502552532152134468, -0.4974474678478654210, -91.88672757692823723 ) ) ;
#1039 = CARTESIAN_POINT ( 'NONE',  ( 1.021646565869287811E-12, -5.000000000001022293, -46.14684353042215292 ) ) ;
#1040 = CARTESIAN_POINT ( 'NONE',  ( 0.000000000000000000, 0.000000000000000000, 0.000000000000000000 ) ) ;
#1041 = CARTESIAN_POINT ( 'NONE',  ( 0.9999999999999995559, 0.000000000000000000, 0.000000000000000000 ) ) ;
#1042 = CARTESIAN_POINT ( 'NONE',  ( -4.040089233413048042, -0.9599107665869511807, -59.47763427936021685 ) ) ;
#1043 = CARTESIAN_POINT ( 'NONE',  ( 0.000000000000000000, 0.000000000000000000, -112.0000000000000000 ) ) ;
#1044 = DIRECTION ( 'NONE',  ( 0.000000000000000000, 0.000000000000000000, -1.000000000000000000 ) ) ;
#1045 = CARTESIAN_POINT ( 'NONE',  ( -1.137203174284255436, -3.862796825715746341, -81.62899883711649807 ) ) ;
#1046 = ORIENTED_EDGE ( 'NONE', *, *, #1676, .T. ) ;
#1047 = ORIENTED_EDGE ( 'NONE', *, *, #1905, .T. ) ;
#1048 = CIRCLE ( 'NONE', #7767, 2.000000000000001776 ) ;
#1049 = DIRECTION ( 'NONE',  ( -0.000000000000000000, -0.000000000000000000, 1.000000000000000000 ) ) ;
#1050 = ORIENTED_EDGE ( 'NONE', *, *, #1726, .T. ) ;
#1051 = CARTESIAN_POINT ( 'NONE',  ( 0.000000000000000000, 0.000000000000000000, -98.24999999999998579 ) ) ;
#1052 = DIRECTION ( 'NONE',  ( 0.000000000000000000, -0.000000000000000000, 1.000000000000000000 ) ) ;
#1053 = ORIENTED_EDGE ( 'NONE', *, *, #2342, .F. ) ;
#1054 =( LENGTH_UNIT ( ) NAMED_UNIT ( * ) SI_UNIT ( .MILLI., .METRE. ) );
#1055 = ORIENTED_EDGE ( 'NONE', *, *, #6240, .T. ) ;
#1056 = CARTESIAN_POINT ( 'NONE',  ( 3.671958834454343013, -1.328041165545656987, -92.74999999999998579 ) ) ;
#1057 = ORIENTED_EDGE ( 'NONE', *, *, #187, .F. ) ;
#1058 = CARTESIAN_POINT ( 'NONE',  ( 0.2608011983036383485, -4.739198801696362651, -33.59076228219166893 ) ) ;
#1059 = CARTESIAN_POINT ( 'NONE',  ( 0.1593231317748065867, -4.840676868225194163, -36.14678058429972651 ) ) ;
#1060 = EDGE_CURVE ( 'NONE', #1839, #7249, #3665, .T. ) ;
#1061 = CARTESIAN_POINT ( 'NONE',  ( -3.863136006094622932, -1.136863993905377290, -26.62878377920271333 ) ) ;
#1062 = DIRECTION ( 'NONE',  ( 1.000000000000000000, 0.000000000000000000, 0.000000000000000000 ) ) ;
#1063 = ORIENTED_EDGE ( 'NONE', *, *, #7539, .T. ) ;
#1064 = CARTESIAN_POINT ( 'NONE',  ( -1.000000000000002220, 1.224646799147355672E-16, -122.9999999999999716 ) ) ;
#1065 = EDGE_CURVE ( 'NONE', #5442, #8510, #3962, .T. ) ;
#1066 = EDGE_CURVE ( 'NONE', #2232, #2441, #1822, .T. ) ;
#1067 = CARTESIAN_POINT ( 'NONE',  ( -1.328041165545663649, -3.671958834454336351, -10.25000000000000178 ) ) ;
#1068 = CARTESIAN_POINT ( 'NONE',  ( 3.671958834454335019, -1.328041165545665203, -26.75000000000000355 ) ) ;
#1069 = CARTESIAN_POINT ( 'NONE',  ( -0.9999999999999986677, 1.224646799147351728E-16, -122.9999999999999858 ) ) ;
#1070 = CARTESIAN_POINT ( 'NONE',  ( -4.999999999999986677, -1.245921937940029991E-14, -106.6472572078872645 ) ) ;
#1071 = CARTESIAN_POINT ( 'NONE',  ( 1.328041165545656765, -3.671958834454343013, -120.2499999999999858 ) ) ;
#1072 = ADVANCED_FACE ( 'NONE', ( #451 ), #6545, .F. ) ;
#1073 = DIRECTION ( 'NONE',  ( 1.000000000000000000, 0.000000000000000000, 0.000000000000000000 ) ) ;
#1074 = CARTESIAN_POINT ( 'NONE',  ( 5.000000000000285105, 2.855686632286915929E-13, -51.50000000000021316 ) ) ;
#1075 = ORIENTED_EDGE ( 'NONE', *, *, #6875, .F. ) ;
#1076 = ORIENTED_EDGE ( 'NONE', *, *, #1779, .F. ) ;
#1077 = VERTEX_POINT ( 'NONE', #7894 ) ;
#1078 = CARTESIAN_POINT ( 'NONE',  ( 0.000000000000000000, 0.000000000000000000, -90.00000000000000000 ) ) ;
#1079 = CARTESIAN_POINT ( 'NONE',  ( 1.000000000000000000, 0.000000000000000000, -84.50000000000000000 ) ) ;
#1080 = EDGE_LOOP ( 'NONE', ( #7884, #1725, #629, #7300 ) ) ;
#1081 = CARTESIAN_POINT ( 'NONE',  ( -0.3138588208043030514, -4.686141179195698392, -99.46532131222956252 ) ) ;
#1082 = CARTESIAN_POINT ( 'NONE',  ( 4.960065625082963336, -0.03993437491703660802, -94.91868978647568156 ) ) ;
#1083 = CARTESIAN_POINT ( 'NONE',  ( 4.366408635906908309, -0.6335913640930921353, -87.89380044883600362 ) ) ;
#1084 = FACE_OUTER_BOUND ( 'NONE', #8580, .T. ) ;
#1085 = CARTESIAN_POINT ( 'NONE',  ( -0.9999999999999993339, 1.224646799147353207E-16, -108.4999999999999858 ) ) ;
#1086 = CARTESIAN_POINT ( 'NONE',  ( -4.872131520502826163, -0.1278684794971741423, -74.50740203054003530 ) ) ;
#1087 = FACE_OUTER_BOUND ( 'NONE', #1470, .T. ) ;
#1088 = DIRECTION ( 'NONE',  ( -0.000000000000000000, -0.000000000000000000, 1.000000000000000000 ) ) ;
#1089 = ORIENTED_EDGE ( 'NONE', *, *, #1403, .T. ) ;
#1090 = EDGE_LOOP ( 'NONE', ( #8509, #5845, #7950, #575 ) ) ;
#1091 = CARTESIAN_POINT ( 'NONE',  ( 4.040089233413053371, -0.9599107665869476280, -53.97763427936022396 ) ) ;
#1092 = ORIENTED_EDGE ( 'NONE', *, *, #2105, .F. ) ;
#1093 = CARTESIAN_POINT ( 'NONE',  ( -0.6401341107465320368, -4.359865889253468296, -87.89874954628005810 ) ) ;
#1094 = CARTESIAN_POINT ( 'NONE',  ( -0.4321793203679955564, -4.567820679632004222, -71.72657376276976038 ) ) ;
#1095 = EDGE_LOOP ( 'NONE', ( #8087, #1055, #8042 ) ) ;
#1096 = CARTESIAN_POINT ( 'NONE',  ( 4.359865889258244920, -0.6401341107417566345, -114.1012504537135186 ) ) ;
#1097 = TOROIDAL_SURFACE ( 'NONE', #2951, 1.000000000000000000, 4.000000000000000000 ) ;
#1098 = VERTEX_POINT ( 'NONE', #3188 ) ;
#1099 = VERTEX_POINT ( 'NONE', #3986 ) ;
#1100 = VERTEX_POINT ( 'NONE', #8656 ) ;
#1101 = CARTESIAN_POINT ( 'NONE',  ( 0.9599107665897154140, -4.040089233410284031, -32.52236572063742415 ) ) ;
#1102 = CARTESIAN_POINT ( 'NONE',  ( 1.328041165545661428, -3.671958834454339016, -21.24999999999999645 ) ) ;
#1103 = AXIS2_PLACEMENT_3D ( 'NONE', #5662, #5580, #7096 ) ;
#1104 = DIRECTION ( 'NONE',  ( -0.000000000000000000, -0.000000000000000000, 1.000000000000000000 ) ) ;
#1105 = CARTESIAN_POINT ( 'NONE',  ( 5.000000000000284217, 2.845106866107319290E-13, -7.500000000000213163 ) ) ;
#1106 = CARTESIAN_POINT ( 'NONE',  ( -1.000000000000000000, 1.224646799147353207E-16, -68.00000000000000000 ) ) ;
#1107 = DIRECTION ( 'NONE',  ( 1.000000000000000000, 0.000000000000000000, 0.000000000000000000 ) ) ;
#1108 = CARTESIAN_POINT ( 'NONE',  ( -3.671958834454351450, -1.328041165545648550, -65.24999999999998579 ) ) ;
#1109 = EDGE_CURVE ( 'NONE', #7859, #6544, #3576, .T. ) ;
#1110 = CIRCLE ( 'NONE', #816, 3.999999999999998224 ) ;
#1111 = AXIS2_PLACEMENT_3D ( 'NONE', #7154, #7290, #1112 ) ;
#1112 = DIRECTION ( 'NONE',  ( 1.000000000000000000, 0.000000000000000000, 0.000000000000000000 ) ) ;
#1113 = CARTESIAN_POINT ( 'NONE',  ( 1.137203174285763785, -3.862796825714236881, -65.12899883711746440 ) ) ;
#1114 = CARTESIAN_POINT ( 'NONE',  ( 1.000000000000000000, 0.000000000000000000, -79.00000000000000000 ) ) ;
#1115 = DIRECTION ( 'NONE',  ( -1.000000000000000000, 1.224646799147353207E-16, 0.000000000000000000 ) ) ;
#1116 = CARTESIAN_POINT ( 'NONE',  ( -1.000000000000000000, 1.224646799147353207E-16, -56.99999999999999289 ) ) ;
#1117 = ORIENTED_EDGE ( 'NONE', *, *, #7911, .F. ) ;
#1118 = ORIENTED_EDGE ( 'NONE', *, *, #4346, .T. ) ;
#1119 = TOROIDAL_SURFACE ( 'NONE', #7270, 1.000000000000000000, 4.000000000000000000 ) ;
#1120 = ORIENTED_EDGE ( 'NONE', *, *, #5880, .T. ) ;
#1121 = DIRECTION ( 'NONE',  ( -0.000000000000000000, -0.000000000000000000, 1.000000000000000000 ) ) ;
#1122 = CARTESIAN_POINT ( 'NONE',  ( 4.999999999999992006, -9.308468573851092555E-15, -13.14725720788725738 ) ) ;
#1123 = EDGE_CURVE ( 'NONE', #2821, #5173, #6908, .T. ) ;
#1124 = EDGE_LOOP ( 'NONE', ( #7503, #630, #8795, #7890 ) ) ;
#1125 = CARTESIAN_POINT ( 'NONE',  ( 3.863136006094629149, -1.136863993905370185, -92.62878377920269202 ) ) ;
#1126 = AXIS2_PLACEMENT_3D ( 'NONE', #5460, #3389, #8817 ) ;
#1127 = CARTESIAN_POINT ( 'NONE',  ( -1.000000000000000000, 1.224646799147353207E-16, -46.00000000000000000 ) ) ;
#1128 = EDGE_CURVE ( 'NONE', #4413, #3996, #911, .T. ) ;
#1129 = LINE ( 'NONE', #5383, #5858 ) ;
#1130 = FACE_OUTER_BOUND ( 'NONE', #595, .T. ) ;
#1131 = B_SPLINE_CURVE_WITH_KNOTS ( 'NONE', 3,
 ( #897, #7759, #1629, #1894, #6590, #4631, #3275, #6056, #4583, #1936, #7403, #5871, #3143, #5207 ),
 .UNSPECIFIED., .F., .F.,
 ( 4, 2, 2, 2, 2, 2, 4 ),
 ( 4.818711198541903184E-07, 0.0008763243365552959418, 0.001314245569273018392, 0.001752166801990740841, 0.002190088034708463291, 0.002628009267426185958, 0.003503851732861629122 ),
 .UNSPECIFIED. ) ;
#1132 = CARTESIAN_POINT ( 'NONE',  ( 0.6401341107465311486, -4.359865889253469184, -104.3987495462800581 ) ) ;
#1133 = CARTESIAN_POINT ( 'NONE',  ( -4.935408751172081665, -0.06459124882792113831, -8.228347650844028749 ) ) ;
#1134 = TOROIDAL_SURFACE ( 'NONE', #264, 1.000000000000000000, 3.999999999999996447 ) ;
#1135 = CARTESIAN_POINT ( 'NONE',  ( 5.000000000000285993, 2.862826807771588442E-13, -46.00000000000020606 ) ) ;
#1136 = EDGE_LOOP ( 'NONE', ( #3733, #3895, #8843, #544 ) ) ;
#1137 = ADVANCED_FACE ( 'NONE', ( #1489 ), #4389, .T. ) ;
#1138 = ORIENTED_EDGE ( 'NONE', *, *, #7806, .T. ) ;
#1139 = CARTESIAN_POINT ( 'NONE',  ( -0.1678070597022621457, -4.832192940297739270, -121.8540520940311609 ) ) ;
#1140 = AXIS2_PLACEMENT_3D ( 'NONE', #8657, #495, #4539 ) ;
#1141 = ORIENTED_EDGE ( 'NONE', *, *, #5880, .F. ) ;
#1142 = CARTESIAN_POINT ( 'NONE',  ( -3.904737509655565209, 4.781924292710294564E-16, -15.75000000000000000 ) ) ;
#1143 = CARTESIAN_POINT ( 'NONE',  ( 4.999999999999986677, -1.267690684684465825E-14, -79.14725720788725027 ) ) ;
#1144 = ORIENTED_EDGE ( 'NONE', *, *, #5440, .T. ) ;
#1145 = AXIS2_PLACEMENT_3D ( 'NONE', #8070, #7392, #7349 ) ;
#1146 = MECHANICAL_CONTEXT ( 'NONE', #6720, 'mechanical' ) ;
#1147 = VERTEX_POINT ( 'NONE', #625 ) ;
#1148 = EDGE_LOOP ( 'NONE', ( #2305, #1761, #5522 ) ) ;
#1149 = CARTESIAN_POINT ( 'NONE',  ( 4.508466212578269072, -0.4915337874217309277, -115.6062351930679313 ) ) ;
#1150 = CARTESIAN_POINT ( 'NONE',  ( 0.000000000000000000, 0.000000000000000000, -101.0000000000000000 ) ) ;
#1151 = AXIS2_PLACEMENT_3D ( 'NONE', #6923, #4188, #1669 ) ;
#1152 = DIRECTION ( 'NONE',  ( -0.000000000000000000, -0.000000000000000000, 1.000000000000000000 ) ) ;
#1153 = DIRECTION ( 'NONE',  ( 1.224646799147353207E-16, 1.000000000000000000, 0.000000000000000000 ) ) ;
#1154 = EDGE_LOOP ( 'NONE', ( #3797, #3845, #7704, #3969, #5566, #7934 ) ) ;
#1155 = CARTESIAN_POINT ( 'NONE',  ( -0.2517800035653549040, -4.748219996434645651, -118.9088363723699757 ) ) ;
#1156 = FACE_OUTER_BOUND ( 'NONE', #1368, .T. ) ;
#1157 = DIRECTION ( 'NONE',  ( -1.000000000000000000, 1.224646799147353454E-16, 0.000000000000000000 ) ) ;
#1158 = CIRCLE ( 'NONE', #1313, 1.000000000000000000 ) ;
#1159 = TOROIDAL_SURFACE ( 'NONE', #5883, 1.000000000000000000, 4.000000000000000000 ) ;
#1160 = CARTESIAN_POINT ( 'NONE',  ( -0.1593231317748076137, -4.840676868225192386, -102.1467805842997052 ) ) ;
#1161 = CARTESIAN_POINT ( 'NONE',  ( -5.000000000000285105, 2.853331553957207015E-13, -40.50000000000021316 ) ) ;
#1162 = CARTESIAN_POINT ( 'NONE',  ( 0.2517800035653577906, -4.748219996434642098, -118.9088363723699757 ) ) ;
#1163 = CARTESIAN_POINT ( 'NONE',  ( 0.000000000000000000, 0.000000000000000000, -18.50000000000000355 ) ) ;
#1164 = DIRECTION ( 'NONE',  ( -0.000000000000000000, -0.000000000000000000, 1.000000000000000000 ) ) ;
#1165 = CIRCLE ( 'NONE', #7738, 0.9999999999999993339 ) ;
#1166 = ORIENTED_EDGE ( 'NONE', *, *, #5614, .F. ) ;
#1167 = CIRCLE ( 'NONE', #1597, 3.904737509655562544 ) ;
#1168 = EDGE_LOOP ( 'NONE', ( #6247, #8391, #7377 ) ) ;
#1169 = DIRECTION ( 'NONE',  ( 0.000000000000000000, 0.000000000000000000, -1.000000000000000000 ) ) ;
#1170 = CYLINDRICAL_SURFACE ( 'NONE', #5906, 0.9999999999999995559 ) ;
#1171 = ORIENTED_EDGE ( 'NONE', *, *, #4550, .T. ) ;
#1172 = CARTESIAN_POINT ( 'NONE',  ( -0.4974474678531847216, -4.502552532146815167, -77.11327242306302310 ) ) ;
#1173 = CIRCLE ( 'NONE', #1751, 1.000000000000000000 ) ;
#1174 = AXIS2_PLACEMENT_3D ( 'NONE', #639, #2112, #1988 ) ;
#1175 = CARTESIAN_POINT ( 'NONE',  ( -5.000000000000007105, 5.905196070901760024E-15, -117.3531564695516067 ) ) ;
#1176 = CARTESIAN_POINT ( 'NONE',  ( -3.671958834454343013, -1.328041165545656765, -92.74999999999998579 ) ) ;
#1177 = DIRECTION ( 'NONE',  ( -0.000000000000000000, -0.000000000000000000, 1.000000000000000000 ) ) ;
#1178 = VERTEX_POINT ( 'NONE', #8284 ) ;
#1179 = ADVANCED_FACE ( 'NONE', ( #4074 ), #2957, .F. ) ;
#1180 = CARTESIAN_POINT ( 'NONE',  ( -5.000000000000008882, 9.186072312972884022E-15, -40.35315646955162094 ) ) ;
#1181 = CARTESIAN_POINT ( 'NONE',  ( -0.6335913640931369883, -4.366408635906863012, -59.10619955116406743 ) ) ;
#1182 = AXIS2_PLACEMENT_3D ( 'NONE', #7502, #2570, #6013 ) ;
#1183 = AXIS2_PLACEMENT_3D ( 'NONE', #2246, #6200, #7510 ) ;
#1184 = CARTESIAN_POINT ( 'NONE',  ( 5.000000000000285105, 2.853001529572313671E-13, -29.50000000000020961 ) ) ;
#1185 = ADVANCED_FACE ( 'NONE', ( #4208 ), #811, .T. ) ;
#1186 = ORIENTED_EDGE ( 'NONE', *, *, #903, .T. ) ;
#1187 = ORIENTED_EDGE ( 'NONE', *, *, #5545, .F. ) ;
#1188 = CARTESIAN_POINT ( 'NONE',  ( 0.000000000000000000, -5.000000000000000000, -18.50000000000000355 ) ) ;
#1189 = AXIS2_PLACEMENT_3D ( 'NONE', #7354, #1216, #531 ) ;
#1190 = EDGE_CURVE ( 'NONE', #5705, #7209, #6795, .T. ) ;
#1191 = ORIENTED_EDGE ( 'NONE', *, *, #6154, .T. ) ;
#1192 = CARTESIAN_POINT ( 'NONE',  ( 3.863136006094629149, -1.136863993905370185, -76.12878377920272044 ) ) ;
#1193 = CARTESIAN_POINT ( 'NONE',  ( -1.136863993905366410, -3.863136006094633146, -70.87121622079729377 ) ) ;
#1194 = TOROIDAL_SURFACE ( 'NONE', #2327, 1.000000000000000000, 4.000000000000000000 ) ;
#1195 = CALENDAR_DATE ( 2026, 16, 2 ) ;
#1196 = EDGE_LOOP ( 'NONE', ( #7410, #3423, #5015 ) ) ;
#1197 = EDGE_LOOP ( 'NONE', ( #1031, #4724, #7129 ) ) ;
#1198 = CARTESIAN_POINT ( 'NONE',  ( -0.1593231317748076137, -4.840676868225192386, -69.14678058429971941 ) ) ;
#1199 = CARTESIAN_POINT ( 'NONE',  ( -1.020332500130741171E-12, -5.000000000001020517, -35.14684353042214582 ) ) ;
#1200 = DIRECTION ( 'NONE',  ( 1.000000000000000000, 0.000000000000000000, 0.000000000000000000 ) ) ;
#1201 = DIRECTION ( 'NONE',  ( -1.000000000000000000, 1.224646799147352961E-16, 0.000000000000000000 ) ) ;
#1202 = VERTEX_POINT ( 'NONE', #6093 ) ;
#1203 = DIRECTION ( 'NONE',  ( 1.224646799147353207E-16, 1.000000000000000000, 0.000000000000000000 ) ) ;
#1204 = CARTESIAN_POINT ( 'NONE',  ( 0.000000000000000000, 0.000000000000000000, -24.00000000000000355 ) ) ;
#1205 = FACE_OUTER_BOUND ( 'NONE', #6505, .T. ) ;
#1206 = B_SPLINE_CURVE_WITH_KNOTS ( 'NONE', 3,
 ( #2174, #6166, #4232, #154, #5532, #7006, #2125, #2892, #7518, #3426, #4790, #5622 ),
 .UNSPECIFIED., .F., .F.,
 ( 4, 2, 2, 2, 2, 4 ),
 ( 0.003504634718750194305, 0.003941423334025079619, 0.004378211949299964066, 0.005251789179849733827, 0.006125366410399504455, 0.006998943640949274216 ),
 .UNSPECIFIED. ) ;
#1207 = CARTESIAN_POINT ( 'NONE',  ( 4.567820679631957148, -0.4321793203680417972, -31.27342623723034620 ) ) ;
#1208 = B_SPLINE_CURVE_WITH_KNOTS ( 'NONE', 3,
 ( #3667, #5072, #5739, #7848, #5786, #2337, #1583, #853, #8518, #4307, #7039, #1632 ),
 .UNSPECIFIED., .F., .F.,
 ( 4, 2, 2, 2, 2, 4 ),
 ( 0.003504634718750183030, 0.003941423334025067476, 0.004378211949299951056, 0.005251789179849720816, 0.006125366410399489710, 0.006998943640949258603 ),
 .UNSPECIFIED. ) ;
#1209 = CARTESIAN_POINT ( 'NONE',  ( 0.03993437491706488401, -4.960065625082935803, -63.08131021352447476 ) ) ;
#1210 = CARTESIAN_POINT ( 'NONE',  ( -1.016614237250531202E-12, -5.000000000001018741, -101.1468435304221174 ) ) ;
#1211 = CARTESIAN_POINT ( 'NONE',  ( 0.000000000000000000, 0.000000000000000000, -88.00000000000000000 ) ) ;
#1212 = DIRECTION ( 'NONE',  ( -1.000000000000000000, 1.224646799147353454E-16, 0.000000000000000000 ) ) ;
#1213 = ORIENTED_EDGE ( 'NONE', *, *, #3630, .F. ) ;
#1214 = ORIENTED_EDGE ( 'NONE', *, *, #431, .T. ) ;
#1215 = CARTESIAN_POINT ( 'NONE',  ( -1.000000000000000000, 1.224646799147353207E-16, -35.00000000000000000 ) ) ;
#1216 = DIRECTION ( 'NONE',  ( -0.000000000000000000, -0.000000000000000000, 1.000000000000000000 ) ) ;
#1217 = ORIENTED_EDGE ( 'NONE', *, *, #1304, .T. ) ;
#1218 = CARTESIAN_POINT ( 'NONE',  ( -4.041784260359809089, -0.9582157396401908001, -115.0237746502993161 ) ) ;
#1219 = CARTESIAN_POINT ( 'NONE',  ( 0.1278684795020900156, -4.872131520497910095, -99.99259796944171796 ) ) ;
#1220 = ORIENTED_EDGE ( 'NONE', *, *, #5171, .F. ) ;
#1221 = CARTESIAN_POINT ( 'NONE',  ( 0.000000000000000000, 0.000000000000000000, 0.000000000000000000 ) ) ;
#1222 = CARTESIAN_POINT ( 'NONE',  ( -0.008301598520836204337, -4.991698401479164104, -84.20374637061715362 ) ) ;
#1223 = B_SPLINE_CURVE_WITH_KNOTS ( 'NONE', 3,
 ( #2177, #6933, #4917, #3687, #2977, #915, #7777, #7652, #829, #4236, #789, #4997 ),
 .UNSPECIFIED., .F., .F.,
 ( 4, 2, 2, 2, 2, 4 ),
 ( 0.003504634718750183030, 0.003941423334025066609, 0.004378211949299949321, 0.005251789179849716480, 0.006125366410399483638, 0.006998943640949250797 ),
 .UNSPECIFIED. ) ;
#1224 = DIRECTION ( 'NONE',  ( 1.000000000000000000, 0.000000000000000000, 0.000000000000000000 ) ) ;
#1225 = ORIENTED_EDGE ( 'NONE', *, *, #2698, .F. ) ;
#1226 = ORIENTED_EDGE ( 'NONE', *, *, #5652, .T. ) ;
#1227 = ADVANCED_FACE ( 'NONE', ( #6185 ), #953, .T. ) ;
#1228 = DIRECTION ( 'NONE',  ( -1.000000000000000000, 1.224646799147353454E-16, 0.000000000000000000 ) ) ;
#1229 = DIRECTION ( 'NONE',  ( 1.000000000000000000, 0.000000000000000000, 0.000000000000000000 ) ) ;
#1230 = EDGE_CURVE ( 'NONE', #2576, #3266, #2099, .T. ) ;
#1231 = ADVANCED_FACE ( 'NONE', ( #4927 ), #7107, .T. ) ;
#1232 = ORIENTED_EDGE ( 'NONE', *, *, #1344, .T. ) ;
#1233 = DIRECTION ( 'NONE',  ( 1.000000000000000000, 0.000000000000000000, 0.000000000000000000 ) ) ;
#1234 = CARTESIAN_POINT ( 'NONE',  ( 4.359865889258244920, -0.6401341107417566345, -81.10125045371350438 ) ) ;
#1235 = EDGE_CURVE ( 'NONE', #4948, #22, #924, .T. ) ;
#1236 = CALENDAR_DATE ( 2026, 16, 2 ) ;
#1237 = VERTEX_POINT ( 'NONE', #7743 ) ;
#1238 = EDGE_CURVE ( 'NONE', #3193, #4452, #4013, .T. ) ;
#1239 = CARTESIAN_POINT ( 'NONE',  ( 4.366408635906906532, -0.6335913640930941337, -32.89380044883598941 ) ) ;
#1240 = EDGE_CURVE ( 'NONE', #5385, #1463, #261, .T. ) ;
#1241 = CARTESIAN_POINT ( 'NONE',  ( 1.000000000000000000, 0.000000000000000000, -95.50000000000000000 ) ) ;
#1242 = CARTESIAN_POINT ( 'NONE',  ( 0.000000000000000000, -5.000000000000000000, 8.000000000000007105 ) ) ;
#1243 = ORIENTED_EDGE ( 'NONE', *, *, #4082, .F. ) ;
#1244 = DIRECTION ( 'NONE',  ( 1.224646799147353207E-16, 1.000000000000000000, 0.000000000000000000 ) ) ;
#1245 = CIRCLE ( 'NONE', #6677, 3.904737509655567873 ) ;
#1246 = DIRECTION ( 'NONE',  ( -0.000000000000000000, -0.000000000000000000, 1.000000000000000000 ) ) ;
#1247 = CARTESIAN_POINT ( 'NONE',  ( -0.2608011982979996923, -4.739198801702001695, -61.09076228220567373 ) ) ;
#1248 = ORIENTED_EDGE ( 'NONE', *, *, #7981, .F. ) ;
#1249 = EDGE_CURVE ( 'NONE', #5577, #1934, #3651, .T. ) ;
#1250 = CARTESIAN_POINT ( 'NONE',  ( 0.7176137099645978346, -4.282386290035401721, -87.79777126957939970 ) ) ;
#1251 = TOROIDAL_SURFACE ( 'NONE', #8822, 1.000000000000000000, 4.000000000000001776 ) ;
#1252 = CARTESIAN_POINT ( 'NONE',  ( -4.040089233413053371, -0.9599107665869468509, -42.97763427936023106 ) ) ;
#1253 = CARTESIAN_POINT ( 'NONE',  ( 0.4915337874163392407, -4.508466212583661203, -113.8937648069235422 ) ) ;
#1254 = LINE ( 'NONE', #3975, #5854 ) ;
#1255 = ORIENTED_EDGE ( 'NONE', *, *, #3539, .T. ) ;
#1256 = CARTESIAN_POINT ( 'NONE',  ( -4.999999999999990230, -7.591956306240251341E-15, -57.14725720788722185 ) ) ;
#1257 = ORIENTED_EDGE ( 'NONE', *, *, #191, .F. ) ;
#1258 = CARTESIAN_POINT ( 'NONE',  ( 4.739038523920171997, -0.2609614760798291133, -3.409635791902251967 ) ) ;
#1259 = TOROIDAL_SURFACE ( 'NONE', #2389, 1.000000000000000000, 3.999999999999996447 ) ;
#1260 = DIRECTION ( 'NONE',  ( 1.000000000000000000, 0.000000000000000000, 0.000000000000000000 ) ) ;
#1261 = ORIENTED_EDGE ( 'NONE', *, *, #2706, .F. ) ;
#1262 = EDGE_CURVE ( 'NONE', #7227, #5121, #5534, .T. ) ;
#1263 = DIRECTION ( 'NONE',  ( 1.000000000000000000, 0.000000000000000000, 0.000000000000000000 ) ) ;
#1264 = CARTESIAN_POINT ( 'NONE',  ( 3.862796825714234661, -1.137203174285766671, -92.87100116288257823 ) ) ;
#1265 = DIRECTION ( 'NONE',  ( 1.000000000000000000, 0.000000000000000000, 0.000000000000000000 ) ) ;
#1266 = TOROIDAL_SURFACE ( 'NONE', #7416, 1.000000000000000000, 3.999999999999999112 ) ;
#1267 = DIRECTION ( 'NONE',  ( 1.000000000000000000, 0.000000000000000000, 0.000000000000000000 ) ) ;
#1268 = ORIENTED_EDGE ( 'NONE', *, *, #1674, .F. ) ;
#1269 = AXIS2_PLACEMENT_3D ( 'NONE', #3972, #4752, #6043 ) ;
#1270 = CARTESIAN_POINT ( 'NONE',  ( -1.137203174285781992, -3.862796825714219562, -59.62899883711747151 ) ) ;
#1271 = CARTESIAN_POINT ( 'NONE',  ( -0.6335913640883271691, -4.366408635911672498, -31.60619955115777913 ) ) ;
#1272 = ORIENTED_EDGE ( 'NONE', *, *, #8231, .T. ) ;
#1273 = VECTOR ( 'NONE', #862, 1000.000000000000000 ) ;
#1274 = ADVANCED_FACE ( 'NONE', ( #6311, #3615 ), #2863, .F. ) ;
#1275 = ORIENTED_EDGE ( 'NONE', *, *, #3744, .F. ) ;
#1276 = CARTESIAN_POINT ( 'NONE',  ( 3.904737509655567873, 0.000000000000000000, -43.25000000000000711 ) ) ;
#1277 = DIRECTION ( 'NONE',  ( -0.000000000000000000, -0.000000000000000000, 1.000000000000000000 ) ) ;
#1278 = TOROIDAL_SURFACE ( 'NONE', #7994, 1.000000000000000000, 4.000000000000000000 ) ;
#1279 = CARTESIAN_POINT ( 'NONE',  ( 0.03993437491365121189, -4.960065625086347296, -107.0813102135016521 ) ) ;
#1280 = CARTESIAN_POINT ( 'NONE',  ( 0.000000000000000000, 0.000000000000000000, -106.5000000000000000 ) ) ;
#1281 = EDGE_CURVE ( 'NONE', #3312, #7227, #126, .T. ) ;
#1282 = DATE_AND_TIME ( #3336, #8202 ) ;
#1283 = ORIENTED_EDGE ( 'NONE', *, *, #3891, .T. ) ;
#1284 = AXIS2_PLACEMENT_3D ( 'NONE', #7970, #6626, #5283 ) ;
#1285 = CARTESIAN_POINT ( 'NONE',  ( 3.671958834454336351, -1.328041165545663871, -32.25000000000000000 ) ) ;
#1286 = CARTESIAN_POINT ( 'NONE',  ( -4.991957775357465543, -0.008042224642535390072, -45.70753412542728711 ) ) ;
#1287 = DIRECTION ( 'NONE',  ( -0.000000000000000000, -0.000000000000000000, 1.000000000000000000 ) ) ;
#1288 = CARTESIAN_POINT ( 'NONE',  ( 0.7176137099602427627, -4.282386290039759125, -54.79777126958476430 ) ) ;
#1289 = ORIENTED_EDGE ( 'NONE', *, *, #6976, .F. ) ;
#1290 = EDGE_CURVE ( 'NONE', #5319, #4533, #3521, .T. ) ;
#1291 = CARTESIAN_POINT ( 'NONE',  ( -4.040089233413049818, -0.9599107665869508477, -31.97763427936023461 ) ) ;
#1292 = DIRECTION ( 'NONE',  ( -0.000000000000000000, -0.000000000000000000, 1.000000000000000000 ) ) ;
#1293 = CARTESIAN_POINT ( 'NONE',  ( 1.328041165545656987, -3.671958834454343013, -98.24999999999998579 ) ) ;
#1294 = EDGE_CURVE ( 'NONE', #8046, #1202, #1685, .T. ) ;
#1295 = CARTESIAN_POINT ( 'NONE',  ( 0.03993437491367660824, -4.960065625086322427, -85.08131021350180845 ) ) ;
#1296 = VECTOR ( 'NONE', #8147, 1000.000000000000000 ) ;
#1297 = CARTESIAN_POINT ( 'NONE',  ( -4.366408635906907421, -0.6335913640930941337, -49.39380044883598941 ) ) ;
#1298 = CARTESIAN_POINT ( 'NONE',  ( 1.328041165545656987, -3.671958834454343013, -103.7500000000000000 ) ) ;
#1299 = CARTESIAN_POINT ( 'NONE',  ( -4.041784260359805536, -0.9582157396401937977, -32.52377465029932324 ) ) ;
#1300 = CARTESIAN_POINT ( 'NONE',  ( -0.06459124882788297439, -4.935408751172116304, -56.27165234915616310 ) ) ;
#1301 = VERTEX_POINT ( 'NONE', #8412 ) ;
#1302 = ADVANCED_FACE ( 'NONE', ( #2273 ), #1400, .F. ) ;
#1303 = DIRECTION ( 'NONE',  ( 0.000000000000000000, 0.000000000000000000, -1.000000000000000000 ) ) ;
#1304 = EDGE_CURVE ( 'NONE', #1318, #3266, #8281, .T. ) ;
#1305 = CARTESIAN_POINT ( 'NONE',  ( 5.000000000000003553, 4.915049848600952119E-15, -2.297064704632988619 ) ) ;
#1306 = TOROIDAL_SURFACE ( 'NONE', #1151, 1.000000000000000000, 3.999999999999996447 ) ;
#1307 = CARTESIAN_POINT ( 'NONE',  ( -1.000000000000000000, 1.224646799147353207E-16, -73.50000000000001421 ) ) ;
#1308 = VERTEX_POINT ( 'NONE', #7967 ) ;
#1309 = CARTESIAN_POINT ( 'NONE',  ( 4.686141179201310791, -0.3138588207986893752, -108.0346786877579746 ) ) ;
#1310 = B_SPLINE_CURVE_WITH_KNOTS ( 'NONE', 3,
 ( #270, #8427, #1633, #2338, #189, #2288, #1501, #4220, #4350, #814, #941, #8347, #6409, #6330, #2202, #3668 ),
 .UNSPECIFIED., .F., .F.,
 ( 4, 2, 2, 2, 2, 2, 2, 4 ),
 ( 4.818711198930354611E-07, 0.0008765200830205804178, 0.001314539188970937191, 0.001752558294921293964, 0.002190577400871650954, 0.002628596506822007510, 0.003066615612772364500, 0.003504634718722721056 ),
 .UNSPECIFIED. ) ;
#1311 = CARTESIAN_POINT ( 'NONE',  ( 0.000000000000000000, -5.000000000000000000, -56.99999999999999289 ) ) ;
#1312 = CYLINDRICAL_SURFACE ( 'NONE', #8291, 0.9999999999999995559 ) ;
#1313 = AXIS2_PLACEMENT_3D ( 'NONE', #4355, #7044, #3814 ) ;
#1314 = AXIS2_PLACEMENT_3D ( 'NONE', #7208, #5059, #8506 ) ;
#1315 = DIRECTION ( 'NONE',  ( 1.000000000000000000, 0.000000000000000000, 0.000000000000000000 ) ) ;
#1316 = VERTEX_POINT ( 'NONE', #7391 ) ;
#1317 = EDGE_CURVE ( 'NONE', #7332, #6204, #2525, .T. ) ;
#1318 = VERTEX_POINT ( 'NONE', #8683 ) ;
#1319 = CARTESIAN_POINT ( 'NONE',  ( 0.000000000000000000, 0.000000000000000000, -70.75000000000000000 ) ) ;
#1320 = DIRECTION ( 'NONE',  ( -1.000000000000000000, 1.224646799147353207E-16, 0.000000000000000000 ) ) ;
#1321 = AXIS2_PLACEMENT_3D ( 'NONE', #4499, #3765, #5788 ) ;
#1322 = VERTEX_POINT ( 'NONE', #389 ) ;
#1323 = AXIS2_PLACEMENT_3D ( 'NONE', #3375, #1956, #8181 ) ;
#1324 = ORIENTED_EDGE ( 'NONE', *, *, #6205, .T. ) ;
#1325 = FACE_OUTER_BOUND ( 'NONE', #3012, .T. ) ;
#1326 = CARTESIAN_POINT ( 'NONE',  ( -1.024133666360662847E-12, -5.000000000001025846, -90.14684353042196108 ) ) ;
#1327 = AXIS2_PLACEMENT_3D ( 'NONE', #967, #6434, #8498 ) ;
#1328 = CIRCLE ( 'NONE', #6462, 3.904737509655572758 ) ;
#1329 = DIRECTION ( 'NONE',  ( -0.000000000000000000, -0.000000000000000000, 1.000000000000000000 ) ) ;
#1330 = PERSON_AND_ORGANIZATION_ROLE ( 'creator' ) ;
#1331 = ORIENTED_EDGE ( 'NONE', *, *, #8620, .F. ) ;
#1332 = CIRCLE ( 'NONE', #1182, 1.999999999999994893 ) ;
#1333 = ORIENTED_EDGE ( 'NONE', *, *, #1415, .F. ) ;
#1334 = DIRECTION ( 'NONE',  ( 1.000000000000000000, 0.000000000000000000, 0.000000000000000000 ) ) ;
#1335 = CARTESIAN_POINT ( 'NONE',  ( -5.000000000000010658, 1.077838837469256187E-14, -45.85315646955162805 ) ) ;
#1336 = DIRECTION ( 'NONE',  ( 1.224646799147353207E-16, 1.000000000000000000, 0.000000000000000000 ) ) ;
#1337 = CARTESIAN_POINT ( 'NONE',  ( 4.508466212578266408, -0.4915337874217323710, -60.60623519306796680 ) ) ;
#1338 = ORIENTED_EDGE ( 'NONE', *, *, #4640, .F. ) ;
#1339 = AXIS2_PLACEMENT_3D ( 'NONE', #837, #6308, #3520 ) ;
#1340 = CARTESIAN_POINT ( 'NONE',  ( 0.000000000000000000, 0.000000000000000000, -26.75000000000000355 ) ) ;
#1341 = DIRECTION ( 'NONE',  ( 1.000000000000000000, 0.000000000000000000, 0.000000000000000000 ) ) ;
#1342 = CARTESIAN_POINT ( 'NONE',  ( -5.000000000000285105, 2.853331553957207015E-13, -51.50000000000021316 ) ) ;
#1343 = CARTESIAN_POINT ( 'NONE',  ( 0.000000000000000000, 0.000000000000000000, -56.99999999999999289 ) ) ;
#1344 = EDGE_CURVE ( 'NONE', #2657, #5978, #7254, .T. ) ;
#1345 = CARTESIAN_POINT ( 'NONE',  ( -4.041784260359805536, -0.9582157396401945748, -49.02377465029933035 ) ) ;
#1346 = CARTESIAN_POINT ( 'NONE',  ( 0.000000000000000000, 0.000000000000000000, -120.9999999999999716 ) ) ;
#1347 = EDGE_CURVE ( 'NONE', #2341, #7833, #2823, .T. ) ;
#1348 = CARTESIAN_POINT ( 'NONE',  ( 5.000000000000000000, 0.000000000000000000, -123.0000000000000000 ) ) ;
#1349 = CARTESIAN_POINT ( 'NONE',  ( 0.9599107665869271999, -4.040089233413072023, -10.52236572063979736 ) ) ;
#1350 = ORIENTED_EDGE ( 'NONE', *, *, #3789, .F. ) ;
#1351 = EDGE_CURVE ( 'NONE', #4770, #3239, #5819, .T. ) ;
#1352 = DIRECTION ( 'NONE',  ( 1.000000000000000000, 0.000000000000000000, 0.000000000000000000 ) ) ;
#1353 = EDGE_CURVE ( 'NONE', #6188, #7663, #6388, .T. ) ;
#1354 = CARTESIAN_POINT ( 'NONE',  ( -1.021882888061571761E-12, -5.000000000001022293, -46.14684353042215292 ) ) ;
#1355 = DIRECTION ( 'NONE',  ( 1.000000000000000000, 0.000000000000000000, 0.000000000000000000 ) ) ;
#1356 = ORIENTED_EDGE ( 'NONE', *, *, #3618, .F. ) ;
#1357 = CARTESIAN_POINT ( 'NONE',  ( 4.567820679631958924, -0.4321793203680420747, -108.2734262372303533 ) ) ;
#1358 = ADVANCED_FACE ( 'NONE', ( #348 ), #7680, .T. ) ;
#1359 = CARTESIAN_POINT ( 'NONE',  ( 0.2517800035653554036, -4.748219996434645651, -8.908836372369988155 ) ) ;
#1360 = CARTESIAN_POINT ( 'NONE',  ( 1.000000000000000000, 0.000000000000000000, -79.00000000000000000 ) ) ;
#1361 = DIRECTION ( 'NONE',  ( -0.000000000000000000, -0.000000000000000000, -1.000000000000000000 ) ) ;
#1362 = ORIENTED_EDGE ( 'NONE', *, *, #2719, .T. ) ;
#1363 = ORIENTED_EDGE ( 'NONE', *, *, #4579, .F. ) ;
#1364 = CARTESIAN_POINT ( 'NONE',  ( 1.000000000000000000, 0.000000000000000000, -29.50000000000000355 ) ) ;
#1365 = B_SPLINE_CURVE_WITH_KNOTS ( 'NONE', 3,
 ( #8227, #7480, #2595, #1295, #5327, #3306, #615, #4660, #8774, #5372, #2639, #8067 ),
 .UNSPECIFIED., .F., .F.,
 ( 4, 2, 2, 2, 2, 4 ),
 ( 0.003504634718722942233, 0.003941423334001238447, 0.004378211949279535095, 0.005251789179836127523, 0.006125366410392719951, 0.006998943640949313247 ),
 .UNSPECIFIED. ) ;
#1366 = CARTESIAN_POINT ( 'NONE',  ( -3.671958834454343013, -1.328041165545656765, -114.7499999999999858 ) ) ;
#1367 = ORIENTED_EDGE ( 'NONE', *, *, #7960, .T. ) ;
#1368 = EDGE_LOOP ( 'NONE', ( #6665, #7509, #2279, #4167 ) ) ;
#1369 = DIRECTION ( 'NONE',  ( 0.000000000000000000, 0.000000000000000000, -1.000000000000000000 ) ) ;
#1370 = DIRECTION ( 'NONE',  ( 1.000000000000000000, 0.000000000000000000, 0.000000000000000000 ) ) ;
#1371 = EDGE_LOOP ( 'NONE', ( #5261, #4642, #1217 ) ) ;
#1372 = CARTESIAN_POINT ( 'NONE',  ( -0.9599107665897341768, -4.040089233410266267, -104.0223657206374241 ) ) ;
#1373 = FACE_OUTER_BOUND ( 'NONE', #2762, .T. ) ;
#1374 = ORIENTED_EDGE ( 'NONE', *, *, #2849, .T. ) ;
#1375 = ADVANCED_FACE ( 'NONE', ( #484 ), #100, .T. ) ;
#1376 = CARTESIAN_POINT ( 'NONE',  ( -4.041784260359809089, -0.9582157396401934646, -16.02377465029932324 ) ) ;
#1377 = EDGE_LOOP ( 'NONE', ( #2391, #6097, #6642 ) ) ;
#1378 = CARTESIAN_POINT ( 'NONE',  ( -4.959369330385070107, -0.04063066961493041335, -85.08613448345570873 ) ) ;
#1379 = CARTESIAN_POINT ( 'NONE',  ( -4.840676868219849105, -0.1593231317801506175, -44.85321941568362547 ) ) ;
#1380 = DIRECTION ( 'NONE',  ( -1.000000000000000000, 1.224646799147352961E-16, 0.000000000000000000 ) ) ;
#1381 = CARTESIAN_POINT ( 'NONE',  ( 5.000000000000000000, -1.505601063744518853E-15, -122.7037483383676602 ) ) ;
#1382 = EDGE_LOOP ( 'NONE', ( #2539, #2382, #5200 ) ) ;
#1383 = DIRECTION ( 'NONE',  ( 1.000000000000000000, 0.000000000000000000, 0.000000000000000000 ) ) ;
#1384 = CARTESIAN_POINT ( 'NONE',  ( -1.136863993905366410, -3.863136006094634478, -4.871216220797304430 ) ) ;
#1385 = CARTESIAN_POINT ( 'NONE',  ( -4.739198801701949293, -0.2608011982980511512, -102.4092377177944684 ) ) ;
#1386 = FACE_OUTER_BOUND ( 'NONE', #7116, .T. ) ;
#1387 = CARTESIAN_POINT ( 'NONE',  ( 1.000000000000000000, 0.000000000000000000, -112.0000000000000000 ) ) ;
#1388 = CARTESIAN_POINT ( 'NONE',  ( 4.991698401481086123, -0.008301598518914900943, -35.29625362935773580 ) ) ;
#1389 = CARTESIAN_POINT ( 'NONE',  ( 0.6401341107464960656, -4.359865889253503823, -93.39874954628010073 ) ) ;
#1390 = CARTESIAN_POINT ( 'NONE',  ( 4.999999999999992006, -7.634519711839822531E-15, -46.14725720788724317 ) ) ;
#1391 = CARTESIAN_POINT ( 'NONE',  ( 1.136863993905362191, -3.863136006094637143, -15.87121622079731509 ) ) ;
#1392 = ADVANCED_FACE ( 'NONE', ( #4020 ), #1259, .T. ) ;
#1393 = CARTESIAN_POINT ( 'NONE',  ( 0.000000000000000000, 0.000000000000000000, -29.50000000000000355 ) ) ;
#1394 = CIRCLE ( 'NONE', #5810, 1.999999999999999112 ) ;
#1395 = CARTESIAN_POINT ( 'NONE',  ( -3.671958834454343013, -1.328041165545656765, -120.2499999999999858 ) ) ;
#1396 = DIRECTION ( 'NONE',  ( -0.000000000000000000, -0.000000000000000000, 1.000000000000000000 ) ) ;
#1397 = CARTESIAN_POINT ( 'NONE',  ( -1.022978842816198602E-12, -4.999999999998977707, -40.35274279208621095 ) ) ;
#1398 = FACE_OUTER_BOUND ( 'NONE', #3160, .T. ) ;
#1399 = EDGE_LOOP ( 'NONE', ( #8161, #8021, #4811 ) ) ;
#1400 = TOROIDAL_SURFACE ( 'NONE', #4246, 1.000000000000000000, 1.999999999999994893 ) ;
#1401 = ORIENTED_EDGE ( 'NONE', *, *, #2164, .T. ) ;
#1402 = TOROIDAL_SURFACE ( 'NONE', #6389, 1.000000000000000000, 3.999999999999996447 ) ;
#1403 = EDGE_CURVE ( 'NONE', #8209, #1552, #7855, .T. ) ;
#1404 = FACE_OUTER_BOUND ( 'NONE', #3119, .T. ) ;
#1405 = EDGE_CURVE ( 'NONE', #3417, #2576, #3383, .T. ) ;
#1406 = ORIENTED_EDGE ( 'NONE', *, *, #4029, .T. ) ;
#1407 = EDGE_CURVE ( 'NONE', #3138, #4723, #3528, .T. ) ;
#1408 = ORIENTED_EDGE ( 'NONE', *, *, #8128, .T. ) ;
#1409 = TOROIDAL_SURFACE ( 'NONE', #6397, 1.000000000000000000, 4.000000000000000000 ) ;
#1410 = CARTESIAN_POINT ( 'NONE',  ( -0.6335913640931356561, -4.366408635906863900, -20.60619955116407453 ) ) ;
#1411 = TOROIDAL_SURFACE ( 'NONE', #5976, 1.000000000000000000, 1.999999999999994893 ) ;
#1412 = CARTESIAN_POINT ( 'NONE',  ( -4.502552532152132692, -0.4974474678478675860, -47.88672757692825144 ) ) ;
#1413 = CARTESIAN_POINT ( 'NONE',  ( 0.1676550930162007957, -4.832344906983798261, -44.85453806257385168 ) ) ;
#1414 = CARTESIAN_POINT ( 'NONE',  ( -0.2608011983036366277, -4.739198801696363539, -44.59076228219166182 ) ) ;
#1415 = EDGE_CURVE ( 'NONE', #2784, #5173, #5399, .T. ) ;
#1416 = AXIS2_PLACEMENT_3D ( 'NONE', #6693, #420, #4688 ) ;
#1417 = ORIENTED_EDGE ( 'NONE', *, *, #7685, .F. ) ;
#1418 = CARTESIAN_POINT ( 'NONE',  ( 0.9582157396402116722, -4.041784260359787773, -75.97622534970068386 ) ) ;
#1419 = ORIENTED_EDGE ( 'NONE', *, *, #6767, .F. ) ;
#1420 = AXIS2_PLACEMENT_3D ( 'NONE', #8496, #1017, #6483 ) ;
#1421 = DIRECTION ( 'NONE',  ( 1.000000000000000000, 0.000000000000000000, 0.000000000000000000 ) ) ;
#1422 = DIRECTION ( 'NONE',  ( 1.000000000000000000, 0.000000000000000000, 0.000000000000000000 ) ) ;
#1423 = CARTESIAN_POINT ( 'NONE',  ( 3.671958834454336351, -1.328041165545663871, -32.25000000000000000 ) ) ;
#1424 = ORIENTED_EDGE ( 'NONE', *, *, #895, .T. ) ;
#1425 = ADVANCED_FACE ( 'NONE', ( #3347 ), #4690, .T. ) ;
#1426 = CARTESIAN_POINT ( 'NONE',  ( -0.4915337874217803882, -4.508466212578220222, -14.89376480693212734 ) ) ;
#1427 = AXIS2_PLACEMENT_3D ( 'NONE', #6619, #1244, #8676 ) ;
#1428 = DIRECTION ( 'NONE',  ( 1.000000000000000000, 0.000000000000000000, 0.000000000000000000 ) ) ;
#1429 = CARTESIAN_POINT ( 'NONE',  ( -5.000000000000281553, 2.811725620256466210E-13, -73.50000000000021316 ) ) ;
#1430 = B_SPLINE_CURVE_WITH_KNOTS ( 'NONE', 3,
 ( #3036, #5767, #5904, #922, #8641, #8542, #1652, #7740, #2457, #8499, #5856, #4370, #7202, #5140, #1023, #7106 ),
 .UNSPECIFIED., .F., .F.,
 ( 4, 2, 2, 2, 2, 2, 2, 4 ),
 ( 4.818711199177020135E-07, 0.0008765200830206752855, 0.001314539188971053200, 0.001752558294921431224, 0.002190577400871808814, 0.002628596506822187054, 0.003066615612772564860, 0.003504634718722943101 ),
 .UNSPECIFIED. ) ;
#1431 = CARTESIAN_POINT ( 'NONE',  ( -1.023874474278803031E-12, -5.000000000001024958, -29.64684353042206055 ) ) ;
#1432 = CARTESIAN_POINT ( 'NONE',  ( -4.832344906989094468, -0.1676550930109067528, -118.6454619374091948 ) ) ;
#1433 = AXIS2_PLACEMENT_3D ( 'NONE', #7448, #8609, #535 ) ;
#1434 = LINE ( 'NONE', #2181, #104 ) ;
#1435 = LINE ( 'NONE', #6128, #1739 ) ;
#1436 = CARTESIAN_POINT ( 'NONE',  ( -0.06459124882788494504, -4.935408751172116304, -23.27165234915617731 ) ) ;
#1437 = CARTESIAN_POINT ( 'NONE',  ( -0.9999999999999993339, 1.224646799147353207E-16, -36.99999999999999289 ) ) ;
#1438 = CARTESIAN_POINT ( 'NONE',  ( 4.748219996434697165, -0.2517800035653030011, -22.59116362763014862 ) ) ;
#1439 = CARTESIAN_POINT ( 'NONE',  ( 4.935956332719889872, -0.06404366728011047505, -67.27440186598521166 ) ) ;
#1440 = AXIS2_PLACEMENT_3D ( 'NONE', #1693, #3688, #7819 ) ;
#1441 = CARTESIAN_POINT ( 'NONE',  ( -4.502910482877282128, -0.4970895171227181497, -121.1139075807365515 ) ) ;
#1442 = CARTESIAN_POINT ( 'NONE',  ( 3.671958834454335019, -1.328041165545665203, -26.75000000000000355 ) ) ;
#1443 = CARTESIAN_POINT ( 'NONE',  ( 0.000000000000000000, -5.000000000000000000, -40.49999999997221778 ) ) ;
#1444 = CARTESIAN_POINT ( 'NONE',  ( 5.000000000000000000, 0.000000000000000000, 8.000000000000007105 ) ) ;
#1445 = ORIENTED_EDGE ( 'NONE', *, *, #2421, .F. ) ;
#1446 = AXIS2_PLACEMENT_3D ( 'NONE', #2650, #4038, #1315 ) ;
#1447 = ORIENTED_EDGE ( 'NONE', *, *, #6205, .F. ) ;
#1448 = CARTESIAN_POINT ( 'NONE',  ( -4.935956332719894313, -0.06404366728010570109, -56.27440186598521876 ) ) ;
#1449 = CARTESIAN_POINT ( 'NONE',  ( 0.9999999999999995559, 0.000000000000000000, 0.000000000000000000 ) ) ;
#1450 = EDGE_LOOP ( 'NONE', ( #3337, #4004, #4119, #7280 ) ) ;
#1451 = CARTESIAN_POINT ( 'NONE',  ( -4.935408751172076336, -0.06459124882792278977, -90.72834765084402875 ) ) ;
#1452 = TOROIDAL_SURFACE ( 'NONE', #6306, 1.000000000000000000, 4.000000000000000000 ) ;
#1453 = AXIS2_PLACEMENT_3D ( 'NONE', #4165, #5551, #2865 ) ;
#1454 = CARTESIAN_POINT ( 'NONE',  ( -3.671958834454343013, -1.328041165545656765, -81.74999999999998579 ) ) ;
#1455 = DIRECTION ( 'NONE',  ( -0.000000000000000000, -0.000000000000000000, 1.000000000000000000 ) ) ;
#1456 = EDGE_CURVE ( 'NONE', #6688, #326, #8119, .T. ) ;
#1457 = DIRECTION ( 'NONE',  ( 1.224646799147353207E-16, 1.000000000000000000, 0.000000000000000000 ) ) ;
#1458 = CARTESIAN_POINT ( 'NONE',  ( -1.136863993906861880, -3.863136006093139674, -43.37121622079634875 ) ) ;
#1459 = EDGE_CURVE ( 'NONE', #8665, #8628, #6136, .T. ) ;
#1460 = CARTESIAN_POINT ( 'NONE',  ( 0.000000000000000000, 0.000000000000000000, -112.0000000000000000 ) ) ;
#1461 = AXIS2_PLACEMENT_3D ( 'NONE', #6448, #311, #2326 ) ;
#1462 = TOROIDAL_SURFACE ( 'NONE', #2027, 1.000000000000000000, 3.999999999999996447 ) ;
#1463 = VERTEX_POINT ( 'NONE', #2127 ) ;
#1464 = CARTESIAN_POINT ( 'NONE',  ( -4.840676868219848217, -0.1593231317801527824, -17.35321941568363258 ) ) ;
#1465 = TOROIDAL_SURFACE ( 'NONE', #8176, 1.000000000000002220, 3.999999999999994671 ) ;
#1466 = TOROIDAL_SURFACE ( 'NONE', #2302, 1.000000000000000000, 3.999999999999999112 ) ;
#1467 = CARTESIAN_POINT ( 'NONE',  ( -0.9568518272744571673, -4.043148172725543610, -4.474722322286244669 ) ) ;
#1468 = DIRECTION ( 'NONE',  ( -0.000000000000000000, -0.000000000000000000, 1.000000000000000000 ) ) ;
#1469 = CARTESIAN_POINT ( 'NONE',  ( 4.991957775357463767, -0.008042224642536449988, -62.20753412542731553 ) ) ;
#1470 = EDGE_LOOP ( 'NONE', ( #7812, #7305, #3376, #6628 ) ) ;
#1471 = CARTESIAN_POINT ( 'NONE',  ( 1.328041165545656765, -3.671958834454343013, -81.74999999999998579 ) ) ;
#1472 = AXIS2_PLACEMENT_3D ( 'NONE', #3364, #8122, #4809 ) ;
#1473 = B_SPLINE_CURVE_WITH_KNOTS ( 'NONE', 3,
 ( #8709, #335, #5969, #6065, #8126, #2660, #7867, #6425, #4682, #8088, #1007, #6017, #8492, #2620, #5305, #7412 ),
 .UNSPECIFIED., .F., .F.,
 ( 4, 2, 2, 2, 2, 2, 2, 4 ),
 ( 4.818711199239378700E-07, 0.0008765200830206796223, 0.001314539188971056887, 0.001752558294921434043, 0.002190577400871811416, 0.002628596506822188355, 0.003066615612772565294, 0.003504634718722942233 ),
 .UNSPECIFIED. ) ;
#1474 = AXIS2_PLACEMENT_3D ( 'NONE', #4863, #4265, #4139 ) ;
#1475 = CARTESIAN_POINT ( 'NONE',  ( -0.9599107665869298645, -4.040089233413069358, -5.022365720639798248 ) ) ;
#1476 = EDGE_CURVE ( 'NONE', #1098, #7450, #3140, .T. ) ;
#1477 = CARTESIAN_POINT ( 'NONE',  ( 4.935956332719894313, -0.06404366728010636722, -12.27440186598523475 ) ) ;
#1478 = CARTESIAN_POINT ( 'NONE',  ( 0.000000000000000000, 0.000000000000000000, -53.49999999999999289 ) ) ;
#1479 = TOROIDAL_SURFACE ( 'NONE', #6471, 1.000000000000000000, 4.000000000000000000 ) ;
#1480 = FACE_OUTER_BOUND ( 'NONE', #2172, .T. ) ;
#1481 = DIRECTION ( 'NONE',  ( 0.000000000000000000, -1.000000000000000000, 0.000000000000000000 ) ) ;
#1482 = CARTESIAN_POINT ( 'NONE',  ( -0.4321793203679918371, -4.567820679632009551, -22.22657376276974617 ) ) ;
#1483 = CYLINDRICAL_SURFACE ( 'NONE', #1752, 1.000000000000000000 ) ;
#1484 = DIRECTION ( 'NONE',  ( 1.224646799147353207E-16, 1.000000000000000000, 0.000000000000000000 ) ) ;
#1485 = CARTESIAN_POINT ( 'NONE',  ( 0.000000000000000000, 0.000000000000000000, -71.50000000000001421 ) ) ;
#1486 = CIRCLE ( 'NONE', #6913, 3.904737509655567429 ) ;
#1487 = FACE_OUTER_BOUND ( 'NONE', #4541, .T. ) ;
#1488 = ADVANCED_FACE ( 'NONE', ( #2851 ), #6541, .T. ) ;
#1489 = FACE_OUTER_BOUND ( 'NONE', #7143, .T. ) ;
#1490 = DIRECTION ( 'NONE',  ( 1.000000000000000000, 0.000000000000000000, 0.000000000000000000 ) ) ;
#1491 = CARTESIAN_POINT ( 'NONE',  ( 3.000000000000000000, 0.000000000000000000, -2.000000000000000000 ) ) ;
#1492 = VERTEX_POINT ( 'NONE', #8494 ) ;
#1493 = ORIENTED_EDGE ( 'NONE', *, *, #3115, .T. ) ;
#1494 = CARTESIAN_POINT ( 'NONE',  ( -4.366408635906910085, -0.6335913640930901369, -54.89380044883598231 ) ) ;
#1495 = CARTESIAN_POINT ( 'NONE',  ( 0.4974474678531453642, -4.502552532146853359, -82.61327242306309415 ) ) ;
#1496 = VERTEX_POINT ( 'NONE', #8443 ) ;
#1497 = ORIENTED_EDGE ( 'NONE', *, *, #1886, .T. ) ;
#1498 = CARTESIAN_POINT ( 'NONE',  ( -4.567820679631958924, -0.4321793203680420747, -80.77342623723035331 ) ) ;
#1499 = CARTESIAN_POINT ( 'NONE',  ( 0.04063066961490020834, -4.959369330385099417, -72.91386551654450443 ) ) ;
#1500 = DIRECTION ( 'NONE',  ( -0.000000000000000000, -0.000000000000000000, 1.000000000000000000 ) ) ;
#1501 = CARTESIAN_POINT ( 'NONE',  ( 0.4321793203735384004, -4.567820679626461100, -77.22657376275975594 ) ) ;
#1502 = CARTESIAN_POINT ( 'NONE',  ( 0.000000000000000000, -5.000000000000000000, -18.50000000000000355 ) ) ;
#1503 = ADVANCED_FACE ( 'NONE', ( #2306 ), #201, .F. ) ;
#1504 = ORIENTED_EDGE ( 'NONE', *, *, #5824, .F. ) ;
#1505 = ADVANCED_FACE ( 'NONE', ( #4363 ), #8828, .T. ) ;
#1506 = EDGE_CURVE ( 'NONE', #3622, #6816, #6111, .T. ) ;
#1507 = DIRECTION ( 'NONE',  ( 1.000000000000000000, 0.000000000000000000, 0.000000000000000000 ) ) ;
#1508 = DIRECTION ( 'NONE',  ( 1.000000000000000000, 0.000000000000000000, 0.000000000000000000 ) ) ;
#1509 = FACE_OUTER_BOUND ( 'NONE', #7028, .T. ) ;
#1510 = CARTESIAN_POINT ( 'NONE',  ( 0.06459124882788298827, -4.935408751172115416, -56.27165234915614889 ) ) ;
#1511 = EDGE_LOOP ( 'NONE', ( #8631, #3283, #1401, #538 ) ) ;
#1512 = EDGE_CURVE ( 'NONE', #8435, #674, #3641, .T. ) ;
#1513 = DIRECTION ( 'NONE',  ( 1.000000000000000000, 0.000000000000000000, 0.000000000000000000 ) ) ;
#1514 = VERTEX_POINT ( 'NONE', #5086 ) ;
#1515 = CC_DESIGN_PERSON_AND_ORGANIZATION_ASSIGNMENT ( #5264, #1330, ( #3742 ) ) ;
#1516 = EDGE_CURVE ( 'NONE', #2482, #7236, #4306, .T. ) ;
#1517 = CARTESIAN_POINT ( 'NONE',  ( 0.000000000000000000, 0.000000000000000000, -27.49999999999999645 ) ) ;
#1518 = CARTESIAN_POINT ( 'NONE',  ( 3.862796825714234217, -1.137203174285766005, -10.37100116288255691 ) ) ;
#1519 = CARTESIAN_POINT ( 'NONE',  ( 0.000000000000000000, 0.000000000000000000, 0.000000000000000000 ) ) ;
#1520 = CARTESIAN_POINT ( 'NONE',  ( 1.137203174285779994, -3.862796825714220450, -26.62899883711746085 ) ) ;
#1521 = CARTESIAN_POINT ( 'NONE',  ( 4.959369330385073660, -0.04063066961492575041, -35.58613448345568031 ) ) ;
#1522 = CARTESIAN_POINT ( 'NONE',  ( 0.000000000000000000, -5.000000000000000000, -95.49999999997220357 ) ) ;
#1523 = CARTESIAN_POINT ( 'NONE',  ( -4.041784260359807313, -0.9582157396401929095, -38.02377465029932324 ) ) ;
#1524 = CARTESIAN_POINT ( 'NONE',  ( -4.991957775357460214, -0.008042224642539586368, -111.7075341254273297 ) ) ;
#1525 = DIRECTION ( 'NONE',  ( -0.000000000000000000, -0.000000000000000000, 1.000000000000000000 ) ) ;
#1526 = DIRECTION ( 'NONE',  ( 1.000000000000000000, 0.000000000000000000, 0.000000000000000000 ) ) ;
#1527 = CARTESIAN_POINT ( 'NONE',  ( 1.016695234776112395E-12, -5.000000000001018741, -84.64684353042214582 ) ) ;
#1528 = FACE_OUTER_BOUND ( 'NONE', #6559, .T. ) ;
#1529 = ORIENTED_EDGE ( 'NONE', *, *, #7130, .T. ) ;
#1530 = ORIENTED_EDGE ( 'NONE', *, *, #577, .F. ) ;
#1531 = CARTESIAN_POINT ( 'NONE',  ( -5.000000000000285993, 2.863267262836209146E-13, -57.00000000000020606 ) ) ;
#1532 = EDGE_CURVE ( 'NONE', #8797, #8491, #1223, .T. ) ;
#1533 = AXIS2_PLACEMENT_3D ( 'NONE', #956, #5042, #1598 ) ;
#1534 = CARTESIAN_POINT ( 'NONE',  ( 0.9599107665897161912, -4.040089233410284031, -82.02236572063746678 ) ) ;
#1535 = VERTEX_POINT ( 'NONE', #2935 ) ;
#1536 = CARTESIAN_POINT ( 'NONE',  ( -0.9999999999999993339, 1.224646799147353207E-16, -59.00000000000000000 ) ) ;
#1537 = DIRECTION ( 'NONE',  ( -0.000000000000000000, -0.000000000000000000, 1.000000000000000000 ) ) ;
#1538 = CARTESIAN_POINT ( 'NONE',  ( 3.863136006094628705, -1.136863993905370407, -43.12878377920269202 ) ) ;
#1539 = B_SPLINE_CURVE_WITH_KNOTS ( 'NONE', 3,
 ( #2693, #3403, #8831, #1980, #4043, #2655, #2067, #5430, #4773, #6191, #3946, #6685, #8874, #6781, #5387, #7408 ),
 .UNSPECIFIED., .F., .F.,
 ( 4, 2, 2, 2, 2, 2, 2, 4 ),
 ( 4.818711198714493559E-07, 0.0008765200830275187696, 0.001314539188981343363, 0.001752558294935167632, 0.002190577400888992117, 0.002628596506842816819, 0.003066615612796641088, 0.003504634718750465790 ),
 .UNSPECIFIED. ) ;
#1540 = AXIS2_PLACEMENT_3D ( 'NONE', #3747, #841, #172 ) ;
#1541 = DIRECTION ( 'NONE',  ( 0.000000000000000000, -1.000000000000000000, 0.000000000000000000 ) ) ;
#1542 = CARTESIAN_POINT ( 'NONE',  ( 0.000000000000000000, -5.000000000000000000, -117.5000000000000000 ) ) ;
#1543 = FACE_OUTER_BOUND ( 'NONE', #8870, .T. ) ;
#1544 = AXIS2_PLACEMENT_3D ( 'NONE', #7564, #2724, #703 ) ;
#1545 = ORIENTED_EDGE ( 'NONE', *, *, #6000, .T. ) ;
#1546 = CARTESIAN_POINT ( 'NONE',  ( -4.991698401481079905, -0.008301598518919178771, -112.2962536293577500 ) ) ;
#1547 = AXIS2_PLACEMENT_3D ( 'NONE', #6961, #780, #820 ) ;
#1548 = CARTESIAN_POINT ( 'NONE',  ( 1.000000000000000000, 0.000000000000000000, -95.50000000000000000 ) ) ;
#1549 = DIRECTION ( 'NONE',  ( -0.000000000000000000, -0.000000000000000000, 1.000000000000000000 ) ) ;
#1550 = VERTEX_POINT ( 'NONE', #6298 ) ;
#1551 = LINE ( 'NONE', #865, #5045 ) ;
#1552 = VERTEX_POINT ( 'NONE', #2896 ) ;
#1553 = CIRCLE ( 'NONE', #5990, 2.000000000000000000 ) ;
#1554 = CARTESIAN_POINT ( 'NONE',  ( 3.671958834454343013, -1.328041165545656987, -103.7500000000000000 ) ) ;
#1555 = CARTESIAN_POINT ( 'NONE',  ( 0.000000000000000000, 0.000000000000000000, -37.75000000000000000 ) ) ;
#1556 = CARTESIAN_POINT ( 'NONE',  ( 1.136906711513339108, -3.863093288486661780, -120.3711891356230268 ) ) ;
#1557 = EDGE_CURVE ( 'NONE', #1934, #22, #536, .T. ) ;
#1558 = CARTESIAN_POINT ( 'NONE',  ( -4.508466212578267296, -0.4915337874217331482, -27.60623519306795615 ) ) ;
#1559 = DIRECTION ( 'NONE',  ( 1.000000000000000000, 0.000000000000000000, 0.000000000000000000 ) ) ;
#1560 = CARTESIAN_POINT ( 'NONE',  ( 1.328041165545656765, -3.671958834454343013, -92.74999999999998579 ) ) ;
#1561 = CARTESIAN_POINT ( 'NONE',  ( 0.000000000000000000, -5.000000000000000000, -29.49999999997211830 ) ) ;
#1562 = VECTOR ( 'NONE', #3073, 1000.000000000000114 ) ;
#1563 = EDGE_CURVE ( 'NONE', #2482, #277, #2964, .T. ) ;
#1564 = CARTESIAN_POINT ( 'NONE',  ( 4.840676868219847329, -0.1593231317801531155, -22.85321941568363258 ) ) ;
#1565 = CARTESIAN_POINT ( 'NONE',  ( -4.840676868219845552, -0.1593231317801558078, -105.3532194156836539 ) ) ;
#1566 = CARTESIAN_POINT ( 'NONE',  ( 1.016695234776112395E-12, -5.000000000001018741, -112.1468435304221316 ) ) ;
#1567 = AXIS2_PLACEMENT_3D ( 'NONE', #5057, #8413, #5096 ) ;
#1568 = DIRECTION ( 'NONE',  ( 1.000000000000000000, 0.000000000000000000, 0.000000000000000000 ) ) ;
#1569 = CARTESIAN_POINT ( 'NONE',  ( 0.000000000000000000, 0.000000000000000000, -112.0000000000000000 ) ) ;
#1570 = DIRECTION ( 'NONE',  ( 1.000000000000000000, 0.000000000000000000, 0.000000000000000000 ) ) ;
#1571 = ORIENTED_EDGE ( 'NONE', *, *, #1512, .T. ) ;
#1572 = ORIENTED_EDGE ( 'NONE', *, *, #7580, .F. ) ;
#1573 = DIRECTION ( 'NONE',  ( 0.000000000000000000, 0.000000000000000000, -1.000000000000000000 ) ) ;
#1574 = B_SPLINE_CURVE_WITH_KNOTS ( 'NONE', 3,
 ( #8747, #1979, #540, #8164, #6684, #5474, #8210, #5350, #1181, #3904, #1270, #6639 ),
 .UNSPECIFIED., .F., .F.,
 ( 4, 2, 2, 2, 2, 4 ),
 ( 0.003504634718750428493, 0.003941423334025284317, 0.004378211949300140141, 0.005251789179849850053, 0.006125366410399560833, 0.006998943640949271613 ),
 .UNSPECIFIED. ) ;
#1575 = VECTOR ( 'NONE', #2641, 1000.000000000000000 ) ;
#1576 = CARTESIAN_POINT ( 'NONE',  ( 1.000000000000000000, 0.000000000000000000, -106.5000000000000000 ) ) ;
#1577 = B_SPLINE_CURVE_WITH_KNOTS ( 'NONE', 3,
 ( #1928, #3382, #1962, #1250, #4828, #568, #4149, #29, #2768, #6125, #5494, #8145, #3477, #8726, #4708, #8856 ),
 .UNSPECIFIED., .F., .F.,
 ( 4, 2, 2, 2, 2, 2, 2, 4 ),
 ( 4.818711198930354611E-07, 0.0008765200830206194491, 0.001314539188970969717, 0.001752558294921319985, 0.002190577400871670036, 0.002628596506822020520, 0.003066615612772371005, 0.003504634718722721056 ),
 .UNSPECIFIED. ) ;
#1578 = EDGE_LOOP ( 'NONE', ( #5340, #2283, #7084, #6419 ) ) ;
#1579 = CARTESIAN_POINT ( 'NONE',  ( -1.328041165545657876, -3.671958834454342124, -43.25000000000000711 ) ) ;
#1580 = CARTESIAN_POINT ( 'NONE',  ( 1.000000000000000000, 0.000000000000000000, -51.50000000000000711 ) ) ;
#1581 = FACE_OUTER_BOUND ( 'NONE', #263, .T. ) ;
#1582 = TOROIDAL_SURFACE ( 'NONE', #5435, 1.000000000000000000, 3.999999999999996447 ) ;
#1583 = CARTESIAN_POINT ( 'NONE',  ( 4.748219996434693613, -0.2517800035653064428, -110.5911636276301664 ) ) ;
#1584 = CARTESIAN_POINT ( 'NONE',  ( 4.040089233413053371, -0.9599107665869472950, -70.47763427936021685 ) ) ;
#1585 = DIRECTION ( 'NONE',  ( -0.000000000000000000, -0.000000000000000000, 1.000000000000000000 ) ) ;
#1586 = AXIS2_PLACEMENT_3D ( 'NONE', #8826, #7938, #8790 ) ;
#1587 = EDGE_LOOP ( 'NONE', ( #3508, #2554, #8253 ) ) ;
#1588 = DIRECTION ( 'NONE',  ( 1.000000000000000000, 0.000000000000000000, 0.000000000000000000 ) ) ;
#1589 = TOROIDAL_SURFACE ( 'NONE', #2162, 1.000000000000000000, 3.999999999999996447 ) ;
#1590 = AXIS2_PLACEMENT_3D ( 'NONE', #2226, #526, #4621 ) ;
#1591 = FACE_OUTER_BOUND ( 'NONE', #6789, .T. ) ;
#1592 = CARTESIAN_POINT ( 'NONE',  ( -3.862796825714235549, -1.137203174285766671, -70.87100116288257823 ) ) ;
#1593 = ORIENTED_EDGE ( 'NONE', *, *, #4136, .F. ) ;
#1594 = CARTESIAN_POINT ( 'NONE',  ( 0.9599107665869294204, -4.040089233413069358, -5.022365720639798248 ) ) ;
#1595 = EDGE_LOOP ( 'NONE', ( #887, #8668, #685 ) ) ;
#1596 = CIRCLE ( 'NONE', #3171, 3.999999999999996447 ) ;
#1597 = AXIS2_PLACEMENT_3D ( 'NONE', #3597, #8355, #3635 ) ;
#1598 = DIRECTION ( 'NONE',  ( 1.000000000000000000, 0.000000000000000000, 0.000000000000000000 ) ) ;
#1599 = EDGE_CURVE ( 'NONE', #7626, #2207, #2546, .T. ) ;
#1600 = VERTEX_POINT ( 'NONE', #7731 ) ;
#1601 = CARTESIAN_POINT ( 'NONE',  ( -4.999999999999986677, -1.245921937940029991E-14, -101.1472572078872503 ) ) ;
#1602 = DIRECTION ( 'NONE',  ( 1.000000000000000000, 0.000000000000000000, 0.000000000000000000 ) ) ;
#1603 = CARTESIAN_POINT ( 'NONE',  ( -0.7176137099602465375, -4.282386290039753796, -115.2977712695847572 ) ) ;
#1604 = CARTESIAN_POINT ( 'NONE',  ( 4.832344906989094468, -0.1676550930109069470, -96.64546193740919477 ) ) ;
#1605 = AXIS2_PLACEMENT_3D ( 'NONE', #8266, #4061, #5492 ) ;
#1606 = CARTESIAN_POINT ( 'NONE',  ( 0.000000000000000000, 0.000000000000000000, -87.25000000000000000 ) ) ;
#1607 = CARTESIAN_POINT ( 'NONE',  ( 3.863136006094625152, -1.136863993905375958, -10.12878377920270800 ) ) ;
#1608 = TOROIDAL_SURFACE ( 'NONE', #7177, 1.000000000000000000, 3.999999999999996447 ) ;
#1609 = CARTESIAN_POINT ( 'NONE',  ( -4.282386290039721821, -0.7176137099602799552, -37.20222873041528544 ) ) ;
#1610 = DIRECTION ( 'NONE',  ( -1.000000000000000000, 1.224646799147353207E-16, 0.000000000000000000 ) ) ;
#1611 = EDGE_CURVE ( 'NONE', #888, #995, #2384, .T. ) ;
#1612 = DIRECTION ( 'NONE',  ( 1.000000000000000000, 0.000000000000000000, 0.000000000000000000 ) ) ;
#1613 = AXIS2_PLACEMENT_3D ( 'NONE', #8511, #5105, #6499 ) ;
#1614 = EDGE_CURVE ( 'NONE', #2593, #6443, #2395, .T. ) ;
#1615 = CARTESIAN_POINT ( 'NONE',  ( -3.671958834454343013, -1.328041165545656765, -109.2499999999999858 ) ) ;
#1616 = ADVANCED_FACE ( 'NONE', ( #7194 ), #3259, .T. ) ;
#1617 = DIRECTION ( 'NONE',  ( 1.224646799147353207E-16, 1.000000000000000000, 0.000000000000000000 ) ) ;
#1618 = CARTESIAN_POINT ( 'NONE',  ( 4.041784260359810865, -0.9582157396401889127, -54.52377465029930903 ) ) ;
#1619 = CARTESIAN_POINT ( 'NONE',  ( 0.000000000000000000, 0.000000000000000000, -9.499999999999998224 ) ) ;
#1620 = EDGE_CURVE ( 'NONE', #6214, #8465, #4423, .T. ) ;
#1621 = ORIENTED_EDGE ( 'NONE', *, *, #1405, .T. ) ;
#1622 = EDGE_LOOP ( 'NONE', ( #8821, #314, #7551, #1626 ) ) ;
#1623 = CARTESIAN_POINT ( 'NONE',  ( 4.832344906989093580, -0.1676550930109045046, -19.64546193740918767 ) ) ;
#1624 = APPROVAL_PERSON_ORGANIZATION ( #6744, #7081, #3292 ) ;
#1625 = CARTESIAN_POINT ( 'NONE',  ( 4.359865889258240479, -0.6401341107417596321, -15.10125045371350083 ) ) ;
#1626 = ORIENTED_EDGE ( 'NONE', *, *, #951, .T. ) ;
#1627 = ORIENTED_EDGE ( 'NONE', *, *, #5791, .F. ) ;
#1628 = DIRECTION ( 'NONE',  ( 1.000000000000000000, 0.000000000000000000, 0.000000000000000000 ) ) ;
#1629 = CARTESIAN_POINT ( 'NONE',  ( -4.040010053637675291, -0.9599899463623234874, -4.477701613838375394 ) ) ;
#1630 = EDGE_CURVE ( 'NONE', #1552, #1147, #5591, .T. ) ;
#1631 = CARTESIAN_POINT ( 'NONE',  ( -4.991698401481084346, -0.008301598518916014635, -13.29625362935772159 ) ) ;
#1632 = CARTESIAN_POINT ( 'NONE',  ( 3.671958834454343013, -1.328041165545656987, -109.2499999999999858 ) ) ;
#1633 = CARTESIAN_POINT ( 'NONE',  ( 0.9599107665897317343, -4.040089233410269820, -76.52236572063743836 ) ) ;
#1634 = CARTESIAN_POINT ( 'NONE',  ( -0.4915337874163402954, -4.508466212583661203, -53.39376480692352800 ) ) ;
#1635 = CARTESIAN_POINT ( 'NONE',  ( -1.137203174285775775, -3.862796825714224891, -15.62899883711745375 ) ) ;
#1636 = EDGE_CURVE ( 'NONE', #905, #8665, #5170, .T. ) ;
#1637 = ORIENTED_EDGE ( 'NONE', *, *, #6647, .T. ) ;
#1638 = CARTESIAN_POINT ( 'NONE',  ( -1.328041165545657876, -3.671958834454342124, -37.75000000000000000 ) ) ;
#1639 = DIRECTION ( 'NONE',  ( 1.000000000000000000, 0.000000000000000000, 0.000000000000000000 ) ) ;
#1640 = ORIENTED_EDGE ( 'NONE', *, *, #5205, .T. ) ;
#1641 = CARTESIAN_POINT ( 'NONE',  ( 4.959369330385070107, -0.04063066961493031620, -112.5861344834557087 ) ) ;
#1642 = ORIENTED_EDGE ( 'NONE', *, *, #2147, .T. ) ;
#1643 = CARTESIAN_POINT ( 'NONE',  ( -4.991957775357463767, -0.008042224642536550602, -62.20753412542731553 ) ) ;
#1644 = ORIENTED_EDGE ( 'NONE', *, *, #5464, .T. ) ;
#1645 = CARTESIAN_POINT ( 'NONE',  ( 0.000000000000000000, -5.000000000000000000, -67.99999999997220357 ) ) ;
#1646 = DIRECTION ( 'NONE',  ( 1.000000000000000000, 0.000000000000000000, 0.000000000000000000 ) ) ;
#1647 = DIRECTION ( 'NONE',  ( -0.000000000000000000, -0.000000000000000000, 1.000000000000000000 ) ) ;
#1648 = CARTESIAN_POINT ( 'NONE',  ( 4.282386290039718268, -0.7176137099602819536, -97.70222873041527123 ) ) ;
#1649 = CARTESIAN_POINT ( 'NONE',  ( -0.06459124883188724353, -4.935408751168113284, -67.27165234913506708 ) ) ;
#1650 = CARTESIAN_POINT ( 'NONE',  ( -4.282386290039718268, -0.7176137099602820646, -114.2022287304152712 ) ) ;
#1651 = CARTESIAN_POINT ( 'NONE',  ( 3.671958834454343013, -1.328041165545656987, -81.74999999999998579 ) ) ;
#1652 = CARTESIAN_POINT ( 'NONE',  ( -0.4321793203734997091, -4.567820679626501068, -93.72657376275982699 ) ) ;
#1653 = CARTESIAN_POINT ( 'NONE',  ( 0.7176137099645706341, -4.282386290035427479, -109.7977712695794139 ) ) ;
#1654 = CARTESIAN_POINT ( 'NONE',  ( -0.03993437491367648334, -4.960065625086322427, -85.08131021350180845 ) ) ;
#1655 = CARTESIAN_POINT ( 'NONE',  ( 0.000000000000000000, 0.000000000000000000, -18.50000000000000355 ) ) ;
#1656 = CARTESIAN_POINT ( 'NONE',  ( 4.508466212578270849, -0.4915337874217298730, -55.10623519306795259 ) ) ;
#1657 = CARTESIAN_POINT ( 'NONE',  ( -3.862796825714239546, -1.137203174285761786, -76.37100116288257823 ) ) ;
#1658 = ORIENTED_EDGE ( 'NONE', *, *, #7913, .F. ) ;
#1659 = ADVANCED_FACE ( 'NONE', ( #4416 ), #4783, .F. ) ;
#1660 = ORIENTED_EDGE ( 'NONE', *, *, #3267, .T. ) ;
#1661 = ORIENTED_EDGE ( 'NONE', *, *, #4126, .F. ) ;
#1662 = CARTESIAN_POINT ( 'NONE',  ( 4.739198801701948405, -0.2608011982980497634, -19.90923771779445772 ) ) ;
#1663 = CARTESIAN_POINT ( 'NONE',  ( -3.904737509655562544, 4.781924292710298509E-16, -59.75000000000000000 ) ) ;
#1664 = ORIENTED_EDGE ( 'NONE', *, *, #5610, .T. ) ;
#1665 = ORIENTED_EDGE ( 'NONE', *, *, #7633, .F. ) ;
#1666 = CARTESIAN_POINT ( 'NONE',  ( 4.567820679631958924, -0.4321793203680420747, -86.27342623723036752 ) ) ;
#1667 = DIRECTION ( 'NONE',  ( -0.000000000000000000, -0.000000000000000000, 1.000000000000000000 ) ) ;
#1668 = DIRECTION ( 'NONE',  ( 1.000000000000000000, 0.000000000000000000, 0.000000000000000000 ) ) ;
#1669 = DIRECTION ( 'NONE',  ( 1.000000000000000000, 0.000000000000000000, 0.000000000000000000 ) ) ;
#1670 = EDGE_CURVE ( 'NONE', #8604, #5599, #3993, .T. ) ;
#1671 = DIRECTION ( 'NONE',  ( -0.000000000000000000, -0.000000000000000000, 1.000000000000000000 ) ) ;
#1672 = CARTESIAN_POINT ( 'NONE',  ( 4.359865889258244920, -0.6401341107417566345, -70.10125045371350438 ) ) ;
#1673 = CARTESIAN_POINT ( 'NONE',  ( -4.739198801701948405, -0.2608011982980509291, -8.909237717794459499 ) ) ;
#1674 = EDGE_CURVE ( 'NONE', #6929, #6236, #4706, .T. ) ;
#1675 = CARTESIAN_POINT ( 'NONE',  ( 5.000000000000281553, 2.809514862196180954E-13, -73.50000000000021316 ) ) ;
#1676 = EDGE_CURVE ( 'NONE', #4536, #5678, #8487, .T. ) ;
#1677 = ORIENTED_EDGE ( 'NONE', *, *, #4584, .T. ) ;
#1678 = AXIS2_PLACEMENT_3D ( 'NONE', #3949, #545, #4 ) ;
#1679 = CARTESIAN_POINT ( 'NONE',  ( 4.999999999999992006, -9.243388209070470239E-15, -51.64725720788727870 ) ) ;
#1680 = EDGE_CURVE ( 'NONE', #4452, #5834, #7982, .T. ) ;
#1681 = ORIENTED_EDGE ( 'NONE', *, *, #3674, .F. ) ;
#1682 = EDGE_CURVE ( 'NONE', #3332, #5355, #7553, .T. ) ;
#1683 = CARTESIAN_POINT ( 'NONE',  ( 0.9999999999999993339, 0.000000000000000000, -9.499999999999998224 ) ) ;
#1684 = EDGE_LOOP ( 'NONE', ( #1681, #7604, #7265, #6588 ) ) ;
#1685 = CIRCLE ( 'NONE', #6689, 3.904737509655567873 ) ;
#1686 = CARTESIAN_POINT ( 'NONE',  ( 5.000000000000281553, 2.809514862196180954E-13, -112.0000000000002132 ) ) ;
#1687 = EDGE_LOOP ( 'NONE', ( #7326, #6413, #3268, #7007 ) ) ;
#1688 = DIRECTION ( 'NONE',  ( 1.000000000000000000, 0.000000000000000000, 0.000000000000000000 ) ) ;
#1689 = VERTEX_POINT ( 'NONE', #7469 ) ;
#1690 = AXIS2_PLACEMENT_3D ( 'NONE', #1955, #1287, #6075 ) ;
#1691 = CARTESIAN_POINT ( 'NONE',  ( 1.022952373036596905E-12, -4.999999999998977707, -34.85274279208621095 ) ) ;
#1692 = AXIS2_PLACEMENT_3D ( 'NONE', #2562, #7356, #5291 ) ;
#1693 = CARTESIAN_POINT ( 'NONE',  ( 0.000000000000000000, 0.000000000000000000, -76.25000000000000000 ) ) ;
#1694 = ADVANCED_FACE ( 'NONE', ( #6073 ), #8803, .F. ) ;
#1695 = CARTESIAN_POINT ( 'NONE',  ( -4.959369330385071883, -0.04063066961492873413, -24.58613448345569807 ) ) ;
#1696 = CARTESIAN_POINT ( 'NONE',  ( 4.991698401481079905, -0.008301598518919086830, -95.79625362935772159 ) ) ;
#1697 = CARTESIAN_POINT ( 'NONE',  ( 1.328041165545656987, -3.671958834454343013, -114.7499999999999858 ) ) ;
#1698 = CARTESIAN_POINT ( 'NONE',  ( -4.502552532152134468, -0.4974474678478655321, -113.8867275769282656 ) ) ;
#1699 = CARTESIAN_POINT ( 'NONE',  ( -0.03993437491706599424, -4.960065625082932250, -8.081310213524483643 ) ) ;
#1700 = AXIS2_PLACEMENT_3D ( 'NONE', #5527, #7554, #7602 ) ;
#1701 = CARTESIAN_POINT ( 'NONE',  ( -4.041784260359809089, -0.9582157396401910221, -65.52377465029931614 ) ) ;
#1702 = DIRECTION ( 'NONE',  ( 1.000000000000000000, 0.000000000000000000, 0.000000000000000000 ) ) ;
#1703 = CARTESIAN_POINT ( 'NONE',  ( -1.000000000000000000, 1.224646799147353207E-16, -24.00000000000000355 ) ) ;
#1704 = FACE_OUTER_BOUND ( 'NONE', #893, .T. ) ;
#1705 = CIRCLE ( 'NONE', #1126, 4.000000000000003553 ) ;
#1706 = CARTESIAN_POINT ( 'NONE',  ( 1.137220779209110910, -3.862779220790889312, -4.629009999551387367 ) ) ;
#1707 = CARTESIAN_POINT ( 'NONE',  ( 0.2517800035594487951, -4.748219996440551149, -52.90883637235563697 ) ) ;
#1708 = VERTEX_POINT ( 'NONE', #17 ) ;
#1709 = ORIENTED_EDGE ( 'NONE', *, *, #5517, .F. ) ;
#1710 = ORIENTED_EDGE ( 'NONE', *, *, #7020, .F. ) ;
#1711 = DIRECTION ( 'NONE',  ( -0.000000000000000000, -0.000000000000000000, 1.000000000000000000 ) ) ;
#1712 = CARTESIAN_POINT ( 'NONE',  ( 0.000000000000000000, 0.000000000000000000, -99.00000000000000000 ) ) ;
#1713 = ORIENTED_EDGE ( 'NONE', *, *, #7373, .T. ) ;
#1714 = CIRCLE ( 'NONE', #6415, 0.9999999999999993339 ) ;
#1715 = CARTESIAN_POINT ( 'NONE',  ( 4.872131520502826163, -0.1278684794971743088, -85.50740203054003530 ) ) ;
#1716 = CARTESIAN_POINT ( 'NONE',  ( 0.000000000000000000, -5.000000000000000000, -45.99999999997221067 ) ) ;
#1717 = FACE_OUTER_BOUND ( 'NONE', #3753, .T. ) ;
#1718 = CARTESIAN_POINT ( 'NONE',  ( 0.000000000000000000, 0.000000000000000000, -113.9999999999999858 ) ) ;
#1719 = ORIENTED_EDGE ( 'NONE', *, *, #2974, .F. ) ;
#1720 = AXIS2_PLACEMENT_3D ( 'NONE', #713, #82, #1490 ) ;
#1721 = DIRECTION ( 'NONE',  ( 1.000000000000000000, 0.000000000000000000, 0.000000000000000000 ) ) ;
#1722 = CARTESIAN_POINT ( 'NONE',  ( -4.748219996434698942, -0.2517800035653021129, -39.09116362763015218 ) ) ;
#1723 = CARTESIAN_POINT ( 'NONE',  ( 0.4974474678531410343, -4.502552532146858688, -38.61327242306310126 ) ) ;
#1724 = DIRECTION ( 'NONE',  ( 0.000000000000000000, -1.000000000000000000, 0.000000000000000000 ) ) ;
#1725 = ORIENTED_EDGE ( 'NONE', *, *, #7532, .F. ) ;
#1726 = EDGE_CURVE ( 'NONE', #6192, #705, #6260, .T. ) ;
#1727 = TOROIDAL_SURFACE ( 'NONE', #2861, 1.000000000000000000, 3.999999999999996447 ) ;
#1728 = FACE_OUTER_BOUND ( 'NONE', #1595, .T. ) ;
#1729 = EDGE_CURVE ( 'NONE', #277, #2371, #7835, .T. ) ;
#1730 = ORIENTED_EDGE ( 'NONE', *, *, #6008, .T. ) ;
#1731 = CARTESIAN_POINT ( 'NONE',  ( -1.000000000000000000, 1.224646799147353207E-16, -93.50000000000000000 ) ) ;
#1732 = CARTESIAN_POINT ( 'NONE',  ( -0.3138588207986405254, -4.686141179201358753, -71.96532131224215334 ) ) ;
#1733 = ORIENTED_EDGE ( 'NONE', *, *, #25, .T. ) ;
#1734 = CARTESIAN_POINT ( 'NONE',  ( 4.832344906989094468, -0.1676550930109069470, -113.1454619374091948 ) ) ;
#1735 = EDGE_LOOP ( 'NONE', ( #5790, #7161 ) ) ;
#1736 = CARTESIAN_POINT ( 'NONE',  ( 0.000000000000000000, 0.000000000000000000, -79.00000000000000000 ) ) ;
#1737 = AXIS2_PLACEMENT_3D ( 'NONE', #7809, #1049, #1588 ) ;
#1738 = ORIENTED_EDGE ( 'NONE', *, *, #2811, .T. ) ;
#1739 = VECTOR ( 'NONE', #7655, 1000.000000000000000 ) ;
#1740 = CARTESIAN_POINT ( 'NONE',  ( 0.4321793203734951017, -4.567820679626503733, -33.22657376275979857 ) ) ;
#1741 = FACE_OUTER_BOUND ( 'NONE', #8288, .T. ) ;
#1742 = CARTESIAN_POINT ( 'NONE',  ( 0.000000000000000000, -5.000000000000000000, -51.49999999997221067 ) ) ;
#1743 = CARTESIAN_POINT ( 'NONE',  ( 5.000000000000281553, 2.809514862196180954E-13, -90.00000000000019895 ) ) ;
#1744 = CARTESIAN_POINT ( 'NONE',  ( -1.328041165545648550, -3.671958834454351450, -65.24999999999998579 ) ) ;
#1745 = CARTESIAN_POINT ( 'NONE',  ( -1.137203174285779106, -3.862796825714220894, -10.12899883711745908 ) ) ;
#1746 = CIRCLE ( 'NONE', #1321, 3.904737509655567873 ) ;
#1747 = CIRCLE ( 'NONE', #7746, 3.904737509655562988 ) ;
#1748 = DIRECTION ( 'NONE',  ( 1.000000000000000000, 0.000000000000000000, 0.000000000000000000 ) ) ;
#1749 = CARTESIAN_POINT ( 'NONE',  ( 4.739198801701950181, -0.2608011982980494303, -30.90923771779445772 ) ) ;
#1750 = CARTESIAN_POINT ( 'NONE',  ( 0.9582157396373277569, -4.041784260362672576, -114.4762253496982112 ) ) ;
#1751 = AXIS2_PLACEMENT_3D ( 'NONE', #5817, #3391, #8020 ) ;
#1752 = AXIS2_PLACEMENT_3D ( 'NONE', #6894, #4203, #3944 ) ;
#1753 = CARTESIAN_POINT ( 'NONE',  ( 0.000000000000000000, -5.000000000000000000, -73.50000000000001421 ) ) ;
#1754 = FACE_OUTER_BOUND ( 'NONE', #5894, .T. ) ;
#1755 = ORIENTED_EDGE ( 'NONE', *, *, #4082, .T. ) ;
#1756 = ORIENTED_EDGE ( 'NONE', *, *, #6871, .F. ) ;
#1757 = ORIENTED_EDGE ( 'NONE', *, *, #6594, .T. ) ;
#1758 = FACE_OUTER_BOUND ( 'NONE', #5099, .T. ) ;
#1759 = CARTESIAN_POINT ( 'NONE',  ( -1.000000000000000000, 1.224646799147353207E-16, -13.00000000000000355 ) ) ;
#1760 = CIRCLE ( 'NONE', #7905, 3.904737509655567873 ) ;
#1761 = ORIENTED_EDGE ( 'NONE', *, *, #5617, .T. ) ;
#1762 = CARTESIAN_POINT ( 'NONE',  ( -0.4974474678531454752, -4.502552532146853359, -99.11327242306307994 ) ) ;
#1763 = CARTESIAN_POINT ( 'NONE',  ( 4.840676868219848217, -0.1593231317801520885, -28.35321941568362547 ) ) ;
#1764 = DIRECTION ( 'NONE',  ( -0.000000000000000000, -0.000000000000000000, 1.000000000000000000 ) ) ;
#1765 = CARTESIAN_POINT ( 'NONE',  ( -0.1668769287816704583, -4.833123071218329514, -3.142795131292743349 ) ) ;
#1766 = AXIS2_PLACEMENT_3D ( 'NONE', #8738, #8201, #2059 ) ;
#1767 = DIRECTION ( 'NONE',  ( 1.000000000000000000, 0.000000000000000000, 0.000000000000000000 ) ) ;
#1768 = CARTESIAN_POINT ( 'NONE',  ( -3.671958834454343013, -1.328041165545656765, -76.25000000000000000 ) ) ;
#1769 = DIRECTION ( 'NONE',  ( 0.000000000000000000, -1.000000000000000000, 0.000000000000000000 ) ) ;
#1770 = CARTESIAN_POINT ( 'NONE',  ( 4.040089233413053371, -0.9599107665869472950, -119.9776342793601742 ) ) ;
#1771 = ORIENTED_EDGE ( 'NONE', *, *, #942, .F. ) ;
#1772 = EDGE_LOOP ( 'NONE', ( #7375, #1642, #1057 ) ) ;
#1773 = CIRCLE ( 'NONE', #8775, 2.000000000000001776 ) ;
#1774 = FACE_OUTER_BOUND ( 'NONE', #6782, .T. ) ;
#1775 = ORIENTED_EDGE ( 'NONE', *, *, #127, .F. ) ;
#1776 = CARTESIAN_POINT ( 'NONE',  ( 0.008042224640654448489, -4.991957775359346705, -106.7924658745475313 ) ) ;
#1777 = CARTESIAN_POINT ( 'NONE',  ( 0.000000000000000000, 0.000000000000000000, 0.000000000000000000 ) ) ;
#1778 = ORIENTED_EDGE ( 'NONE', *, *, #3929, .F. ) ;
#1779 = EDGE_CURVE ( 'NONE', #5385, #6174, #785, .T. ) ;
#1780 = VERTEX_POINT ( 'NONE', #6972 ) ;
#1781 = EDGE_CURVE ( 'NONE', #4781, #2347, #894, .T. ) ;
#1782 = EDGE_LOOP ( 'NONE', ( #473, #8618, #7766, #3180 ) ) ;
#1783 = CARTESIAN_POINT ( 'NONE',  ( 1.328041165545663649, -3.671958834454336795, -32.25000000000000000 ) ) ;
#1784 = CARTESIAN_POINT ( 'NONE',  ( 0.2517800035653550705, -4.748219996434644763, -19.90883637236998283 ) ) ;
#1785 = DIRECTION ( 'NONE',  ( 1.000000000000000000, 0.000000000000000000, 0.000000000000000000 ) ) ;
#1786 = DIRECTION ( 'NONE',  ( -0.000000000000000000, -0.000000000000000000, 1.000000000000000000 ) ) ;
#1787 = EDGE_CURVE ( 'NONE', #7802, #5615, #8262, .T. ) ;
#1788 = CARTESIAN_POINT ( 'NONE',  ( -1.136863993906868320, -3.863136006093131680, -65.37121622079635586 ) ) ;
#1789 = DIRECTION ( 'NONE',  ( 1.000000000000000000, 0.000000000000000000, 0.000000000000000000 ) ) ;
#1790 = CARTESIAN_POINT ( 'NONE',  ( -4.960065625082965113, -0.03993437491703619863, -67.41868978647575261 ) ) ;
#1791 = ADVANCED_FACE ( 'NONE', ( #8860 ), #959, .T. ) ;
#1792 = CARTESIAN_POINT ( 'NONE',  ( -1.210198323389581116E-16, -4.999999999999999112, -62.64684353044863485 ) ) ;
#1793 = CARTESIAN_POINT ( 'NONE',  ( -0.9999999999999993339, 1.224646799147353207E-16, -14.99999999999999822 ) ) ;
#1794 = DIRECTION ( 'NONE',  ( -0.000000000000000000, -0.000000000000000000, 1.000000000000000000 ) ) ;
#1795 = ORIENTED_EDGE ( 'NONE', *, *, #5757, .T. ) ;
#1796 = VERTEX_POINT ( 'NONE', #6127 ) ;
#1797 = ADVANCED_FACE ( 'NONE', ( #4876 ), #2682, .T. ) ;
#1798 = ORIENTED_EDGE ( 'NONE', *, *, #7230, .F. ) ;
#1799 = CARTESIAN_POINT ( 'NONE',  ( 4.959369330385070995, -0.04063066961492869250, -19.08613448345569807 ) ) ;
#1800 = CARTESIAN_POINT ( 'NONE',  ( 0.000000000000000000, 0.000000000000000000, -101.0000000000000000 ) ) ;
#1801 = ORIENTED_EDGE ( 'NONE', *, *, #1476, .T. ) ;
#1802 = CARTESIAN_POINT ( 'NONE',  ( -0.06459124883191534605, -4.935408751168083974, -78.27165234913491076 ) ) ;
#1803 = CARTESIAN_POINT ( 'NONE',  ( 4.366408635906906532, -0.6335913640930934676, -93.39380044883598941 ) ) ;
#1804 = CARTESIAN_POINT ( 'NONE',  ( 0.9599107665897163022, -4.040089233410283143, -98.52236572063743836 ) ) ;
#1805 = EDGE_CURVE ( 'NONE', #3046, #782, #4252, .T. ) ;
#1806 = CARTESIAN_POINT ( 'NONE',  ( -4.832344906989096245, -0.1676550930109019510, -58.14546193740915925 ) ) ;
#1807 = CARTESIAN_POINT ( 'NONE',  ( -4.040089233413053371, -0.9599107665869472950, -75.97763427936021685 ) ) ;
#1808 = CARTESIAN_POINT ( 'NONE',  ( -4.872131520502827939, -0.1278684794971731986, -8.507402030540029969 ) ) ;
#1809 = CARTESIAN_POINT ( 'NONE',  ( 3.863136006094629149, -1.136863993905370185, -120.1287837792026920 ) ) ;
#1810 = ORIENTED_EDGE ( 'NONE', *, *, #937, .T. ) ;
#1811 = VERTEX_POINT ( 'NONE', #4833 ) ;
#1812 = CARTESIAN_POINT ( 'NONE',  ( -0.1676550930108569037, -4.832344906989143318, -17.35453806259096510 ) ) ;
#1813 = ORIENTED_EDGE ( 'NONE', *, *, #2998, .F. ) ;
#1814 = CARTESIAN_POINT ( 'NONE',  ( 1.328041165545656765, -3.671958834454343013, -109.2499999999999858 ) ) ;
#1815 = CARTESIAN_POINT ( 'NONE',  ( 5.000000000000281553, 2.809514862196180954E-13, -79.00000000000021316 ) ) ;
#1816 = VERTEX_POINT ( 'NONE', #4107 ) ;
#1817 = PERSON_AND_ORGANIZATION_ROLE ( 'design_owner' ) ;
#1818 = TOROIDAL_SURFACE ( 'NONE', #5530, 1.000000000000000000, 3.999999999999996447 ) ;
#1819 = EDGE_LOOP ( 'NONE', ( #5030, #3590, #233 ) ) ;
#1820 = CARTESIAN_POINT ( 'NONE',  ( -4.999999999999990230, -9.175390286360334753E-15, -51.64725720788726449 ) ) ;
#1821 = CARTESIAN_POINT ( 'NONE',  ( 0.1280093952431795579, -4.871990604756822663, -121.9920752194650504 ) ) ;
#1822 = CIRCLE ( 'NONE', #8692, 3.999999999999999112 ) ;
#1823 = DIRECTION ( 'NONE',  ( 0.000000000000000000, -1.000000000000000000, 0.000000000000000000 ) ) ;
#1824 = CARTESIAN_POINT ( 'NONE',  ( 0.9999999999999995559, 0.000000000000000000, 0.000000000000000000 ) ) ;
#1825 = DIRECTION ( 'NONE',  ( -0.000000000000000000, -0.000000000000000000, 1.000000000000000000 ) ) ;
#1826 = DIRECTION ( 'NONE',  ( -0.000000000000000000, -0.000000000000000000, 1.000000000000000000 ) ) ;
#1827 = CARTESIAN_POINT ( 'NONE',  ( 0.000000000000000000, 0.000000000000000000, -2.000000000000000000 ) ) ;
#1828 = VECTOR ( 'NONE', #609, 1000.000000000000000 ) ;
#1829 = DIRECTION ( 'NONE',  ( 1.000000000000000000, 0.000000000000000000, 0.000000000000000000 ) ) ;
#1830 = EDGE_CURVE ( 'NONE', #5777, #1550, #1434, .T. ) ;
#1831 = DIRECTION ( 'NONE',  ( -0.000000000000000000, -0.000000000000000000, 1.000000000000000000 ) ) ;
#1832 = CARTESIAN_POINT ( 'NONE',  ( -1.016614237250531202E-12, -5.000000000001018741, -112.1468435304221316 ) ) ;
#1833 = CARTESIAN_POINT ( 'NONE',  ( -3.671958834454336351, -1.328041165545663871, -32.25000000000000000 ) ) ;
#1834 = DIRECTION ( 'NONE',  ( 1.000000000000000000, 0.000000000000000000, 0.000000000000000000 ) ) ;
#1835 = VERTEX_POINT ( 'NONE', #6890 ) ;
#1836 = ADVANCED_FACE ( 'NONE', ( #71 ), #6548, .F. ) ;
#1837 = ORIENTED_EDGE ( 'NONE', *, *, #1674, .T. ) ;
#1838 = CIRCLE ( 'NONE', #112, 0.9999999999999993339 ) ;
#1839 = VERTEX_POINT ( 'NONE', #8363 ) ;
#1840 = CARTESIAN_POINT ( 'NONE',  ( 0.03993437491367126529, -4.960065625086329533, -46.58131021350184398 ) ) ;
#1841 = CARTESIAN_POINT ( 'NONE',  ( -5.000000000000009770, 9.351879012397916469E-15, -7.353156469551624497 ) ) ;
#1842 = VERTEX_POINT ( 'NONE', #2217 ) ;
#1843 = CARTESIAN_POINT ( 'NONE',  ( -1.000000000000000000, 1.224646799147353207E-16, -104.5000000000000000 ) ) ;
#1844 = EDGE_CURVE ( 'NONE', #3181, #7626, #8834, .T. ) ;
#1845 = TOROIDAL_SURFACE ( 'NONE', #405, 1.000000000000000000, 4.000000000000000000 ) ;
#1846 = CARTESIAN_POINT ( 'NONE',  ( 4.748219996434693613, -0.2517800035653064428, -94.09116362763016639 ) ) ;
#1847 = CARTESIAN_POINT ( 'NONE',  ( 1.328041165545656987, -3.671958834454343013, -98.24999999999998579 ) ) ;
#1848 = DIRECTION ( 'NONE',  ( 1.224646799147353207E-16, 1.000000000000000000, 0.000000000000000000 ) ) ;
#1849 = ORIENTED_EDGE ( 'NONE', *, *, #6546, .T. ) ;
#1850 = CARTESIAN_POINT ( 'NONE',  ( 0.000000000000000000, -5.000000000000000000, -106.4999999999720046 ) ) ;
#1851 = CARTESIAN_POINT ( 'NONE',  ( -4.999999999999991118, -9.273104948303258648E-15, -7.647257207887256492 ) ) ;
#1852 = CIRCLE ( 'NONE', #1992, 1.000000000000000000 ) ;
#1853 = CARTESIAN_POINT ( 'NONE',  ( -0.03993437491365115638, -4.960065625086347296, -79.58131021350166634 ) ) ;
#1854 = EDGE_LOOP ( 'NONE', ( #5478, #5785, #7210, #3857, #3724, #2325 ) ) ;
#1855 = ORIENTED_EDGE ( 'NONE', *, *, #1993, .F. ) ;
#1856 = CARTESIAN_POINT ( 'NONE',  ( 1.328041165545657876, -3.671958834454342124, -37.75000000000000000 ) ) ;
#1857 = AXIS2_PLACEMENT_3D ( 'NONE', #2061, #2781, #8241 ) ;
#1858 = B_SPLINE_CURVE_WITH_KNOTS ( 'NONE', 3,
 ( #3935, #1354, #4761, #1840, #529, #2559, #2644, #2603, #620, #7489, #2011, #7398 ),
 .UNSPECIFIED., .F., .F.,
 ( 4, 2, 2, 2, 2, 4 ),
 ( 0.003504634718722877615, 0.003941423334001176865, 0.004378211949279476115, 0.005251789179836074614, 0.006125366410392672246, 0.006998943640949270746 ),
 .UNSPECIFIED. ) ;
#1859 = ORIENTED_EDGE ( 'NONE', *, *, #2918, .F. ) ;
#1860 = CARTESIAN_POINT ( 'NONE',  ( 5.000000000000281553, 2.809514862196180954E-13, -73.50000000000021316 ) ) ;
#1861 = CARTESIAN_POINT ( 'NONE',  ( -0.04063066961490010426, -4.959369330385099417, -72.91386551654450443 ) ) ;
#1862 = AXIS2_PLACEMENT_3D ( 'NONE', #4998, #3026, #2353 ) ;
#1863 = DATE_TIME_ROLE ( 'creation_date' ) ;
#1864 = ORIENTED_EDGE ( 'NONE', *, *, #7189, .F. ) ;
#1865 = DIRECTION ( 'NONE',  ( -0.000000000000000000, -0.000000000000000000, 1.000000000000000000 ) ) ;
#1866 = DIRECTION ( 'NONE',  ( 1.224646799147353207E-16, 1.000000000000000000, 0.000000000000000000 ) ) ;
#1867 = CIRCLE ( 'NONE', #2867, 3.904737509655563876 ) ;
#1868 = CARTESIAN_POINT ( 'NONE',  ( -1.000000000000000000, 1.224646799147353207E-16, -49.49999999999999289 ) ) ;
#1869 = CARTESIAN_POINT ( 'NONE',  ( 0.7176137099645827355, -4.282386290035419485, -27.29777126957944233 ) ) ;
#1870 = CARTESIAN_POINT ( 'NONE',  ( -4.872131520502827939, -0.1278684794971726157, -30.50740203054003530 ) ) ;
#1871 = CARTESIAN_POINT ( 'NONE',  ( 0.000000000000000000, 0.000000000000000000, -73.50000000000001421 ) ) ;
#1872 = CARTESIAN_POINT ( 'NONE',  ( 4.041784260359807313, -0.9582157396401937977, -16.02377465029932324 ) ) ;
#1873 = CIRCLE ( 'NONE', #7312, 4.000000000000000000 ) ;
#1874 = EDGE_LOOP ( 'NONE', ( #7140, #8875, #6375 ) ) ;
#1875 = AXIS2_PLACEMENT_3D ( 'NONE', #2782, #2063, #2141 ) ;
#1876 = CARTESIAN_POINT ( 'NONE',  ( 3.671958834454336351, -1.328041165545663871, -32.25000000000000000 ) ) ;
#1877 = DIRECTION ( 'NONE',  ( 1.000000000000000000, 0.000000000000000000, 0.000000000000000000 ) ) ;
#1878 = LINE ( 'NONE', #8594, #5575 ) ;
#1879 = CARTESIAN_POINT ( 'NONE',  ( -1.000000000000000000, 1.224646799147353207E-16, -27.49999999999999645 ) ) ;
#1880 = DIRECTION ( 'NONE',  ( 1.224646799147353207E-16, 1.000000000000000000, 0.000000000000000000 ) ) ;
#1881 = ORIENTED_EDGE ( 'NONE', *, *, #4518, .T. ) ;
#1882 = TOROIDAL_SURFACE ( 'NONE', #156, 1.000000000000000000, 2.000000000000001776 ) ;
#1883 = AXIS2_PLACEMENT_3D ( 'NONE', #7276, #1052, #7372 ) ;
#1884 = VERTEX_POINT ( 'NONE', #6802 ) ;
#1885 = FACE_OUTER_BOUND ( 'NONE', #273, .T. ) ;
#1886 = EDGE_CURVE ( 'NONE', #8688, #2482, #1110, .T. ) ;
#1887 = FACE_OUTER_BOUND ( 'NONE', #7184, .T. ) ;
#1888 = ORIENTED_EDGE ( 'NONE', *, *, #3027, .T. ) ;
#1889 = ADVANCED_FACE ( 'NONE', ( #1480 ), #1970, .T. ) ;
#1890 = EDGE_CURVE ( 'NONE', #3224, #3133, #6116, .T. ) ;
#1891 = CARTESIAN_POINT ( 'NONE',  ( -1.328041165545656765, -3.671958834454343013, -98.24999999999998579 ) ) ;
#1892 = AXIS2_PLACEMENT_3D ( 'NONE', #3786, #385, #5855 ) ;
#1893 = AXIS2_PLACEMENT_3D ( 'NONE', #98, #8479, #773 ) ;
#1894 = CARTESIAN_POINT ( 'NONE',  ( -4.282263456120089629, -0.7177365438799112596, -4.202379669864444445 ) ) ;
#1895 = CARTESIAN_POINT ( 'NONE',  ( 0.3138588208043032179, -4.686141179195696616, -99.46532131222956252 ) ) ;
#1896 = CARTESIAN_POINT ( 'NONE',  ( 0.000000000000000000, 0.000000000000000000, -114.7499999999999858 ) ) ;
#1897 = ORIENTED_EDGE ( 'NONE', *, *, #6264, .F. ) ;
#1898 = CARTESIAN_POINT ( 'NONE',  ( -3.862796825714234661, -1.137203174285766227, -37.87100116288255691 ) ) ;
#1899 = DIRECTION ( 'NONE',  ( -0.000000000000000000, -0.000000000000000000, 1.000000000000000000 ) ) ;
#1900 = CIRCLE ( 'NONE', #8186, 1.000000000000000000 ) ;
#1901 = B_SPLINE_CURVE_WITH_KNOTS ( 'NONE', 3,
 ( #124, #3037, #2862, #1653, #6390, #5590, #7108, #7021, #4371, #8326, #4207, #2943, #169, #4247, #6941, #3696 ),
 .UNSPECIFIED., .F., .F.,
 ( 4, 2, 2, 2, 2, 2, 2, 4 ),
 ( 4.818711199175747468E-07, 0.0008765200830206747434, 0.001314539188971052550, 0.001752558294921430790, 0.002190577400871808380, 0.002628596506822186187, 0.003066615612772564427, 0.003504634718722942233 ),
 .UNSPECIFIED. ) ;
#1902 = DIRECTION ( 'NONE',  ( -0.000000000000000000, -0.000000000000000000, 1.000000000000000000 ) ) ;
#1903 = EDGE_CURVE ( 'NONE', #2347, #2635, #3777, .T. ) ;
#1904 = ORIENTED_EDGE ( 'NONE', *, *, #4394, .T. ) ;
#1905 = EDGE_CURVE ( 'NONE', #2115, #4912, #148, .T. ) ;
#1906 = EDGE_LOOP ( 'NONE', ( #1076, #2932, #4025 ) ) ;
#1907 = CARTESIAN_POINT ( 'NONE',  ( 1.328041165545656765, -3.671958834454343013, -81.74999999999998579 ) ) ;
#1908 = DIRECTION ( 'NONE',  ( 1.000000000000000000, 0.000000000000000000, 0.000000000000000000 ) ) ;
#1909 = AXIS2_PLACEMENT_3D ( 'NONE', #5016, #2231, #8418 ) ;
#1910 = UNCERTAINTY_MEASURE_WITH_UNIT (LENGTH_MEASURE( 1.000000000000000082E-05 ), #1054, 'distance_accuracy_value', 'NONE');
#1911 = ORIENTED_EDGE ( 'NONE', *, *, #2093, .T. ) ;
#1912 = CARTESIAN_POINT ( 'NONE',  ( -0.1278684795021247378, -4.872131520497875456, -88.99259796944160428 ) ) ;
#1913 = CARTESIAN_POINT ( 'NONE',  ( 4.040089233413053371, -0.9599107665869472950, -81.47763427936018843 ) ) ;
#1914 = AXIS2_PLACEMENT_3D ( 'NONE', #4102, #697, #1513 ) ;
#1915 = PERSON_AND_ORGANIZATION_ROLE ( 'classification_officer' ) ;
#1916 = VERTEX_POINT ( 'NONE', #3783 ) ;
#1917 = VERTEX_POINT ( 'NONE', #5803 ) ;
#1918 = CARTESIAN_POINT ( 'NONE',  ( -4.991698401481079905, -0.008301598518919178771, -84.79625362935773580 ) ) ;
#1919 = CARTESIAN_POINT ( 'NONE',  ( 1.328041165545657876, -3.671958834454342124, -37.75000000000000000 ) ) ;
#1920 = DIRECTION ( 'NONE',  ( 1.000000000000000000, 0.000000000000000000, 0.000000000000000000 ) ) ;
#1921 = DIRECTION ( 'NONE',  ( -0.000000000000000000, -0.000000000000000000, 1.000000000000000000 ) ) ;
#1922 = EDGE_LOOP ( 'NONE', ( #3207, #4591, #5421, #8356, #3924, #8338 ) ) ;
#1923 = CARTESIAN_POINT ( 'NONE',  ( -0.008042224642557369019, -4.991957775357441562, -117.7924658745728834 ) ) ;
#1924 = EDGE_CURVE ( 'NONE', #1099, #7929, #4555, .T. ) ;
#1925 = DIRECTION ( 'NONE',  ( 0.000000000000000000, -1.000000000000000000, 0.000000000000000000 ) ) ;
#1926 = CARTESIAN_POINT ( 'NONE',  ( 5.000000000000008882, 8.403731507065130871E-15, -18.35315646955162450 ) ) ;
#1927 = ORIENTED_EDGE ( 'NONE', *, *, #7049, .F. ) ;
#1928 = CARTESIAN_POINT ( 'NONE',  ( 1.328041165545656987, -3.671958834454343013, -87.25000000000000000 ) ) ;
#1929 = CARTESIAN_POINT ( 'NONE',  ( 0.9582157396402068983, -4.041784260359793102, -64.97622534970069808 ) ) ;
#1930 = CARTESIAN_POINT ( 'NONE',  ( 0.000000000000000000, 0.000000000000000000, -29.50000000000000355 ) ) ;
#1931 = CARTESIAN_POINT ( 'NONE',  ( 1.328041165545656987, -3.671958834454343013, -114.7499999999999858 ) ) ;
#1932 = ORIENTED_EDGE ( 'NONE', *, *, #8279, .T. ) ;
#1933 = CARTESIAN_POINT ( 'NONE',  ( 5.000000000000281553, 2.809514862196180954E-13, -101.0000000000002132 ) ) ;
#1934 = VERTEX_POINT ( 'NONE', #5187 ) ;
#1935 = CARTESIAN_POINT ( 'NONE',  ( -1.136863993906869652, -3.863136006093129460, -98.37121622079634164 ) ) ;
#1936 = CARTESIAN_POINT ( 'NONE',  ( -4.832192940297736605, -0.1678070597022649768, -3.145947905968863534 ) ) ;
#1937 = CARTESIAN_POINT ( 'NONE',  ( -4.508466212578261967, -0.4915337874217377001, -93.60623519306798812 ) ) ;
#1938 = ADVANCED_FACE ( 'NONE', ( #2398 ), #2243, .F. ) ;
#1939 = DIRECTION ( 'NONE',  ( 1.000000000000000000, 0.000000000000000000, 0.000000000000000000 ) ) ;
#1940 = ORIENTED_EDGE ( 'NONE', *, *, #7188, .T. ) ;
#1941 = CARTESIAN_POINT ( 'NONE',  ( -0.1278684795020899323, -4.872131520497910095, -83.49259796944174639 ) ) ;
#1942 = CARTESIAN_POINT ( 'NONE',  ( 0.000000000000000000, 0.000000000000000000, -56.99999999999999289 ) ) ;
#1943 = ORIENTED_EDGE ( 'NONE', *, *, #280, .F. ) ;
#1944 = ORIENTED_EDGE ( 'NONE', *, *, #3279, .T. ) ;
#1945 = CYLINDRICAL_SURFACE ( 'NONE', #7674, 0.9999999999999995559 ) ;
#1946 = DIRECTION ( 'NONE',  ( -1.000000000000000000, 1.224646799147353207E-16, 0.000000000000000000 ) ) ;
#1947 = EDGE_CURVE ( 'NONE', #7707, #807, #678, .T. ) ;
#1948 = CARTESIAN_POINT ( 'NONE',  ( 0.000000000000000000, -5.000000000000000000, -89.99999999997200462 ) ) ;
#1949 = EDGE_CURVE ( 'NONE', #7187, #6027, #5394, .T. ) ;
#1950 = SHAPE_DEFINITION_REPRESENTATION ( #5034, #8050 ) ;
#1951 = ORIENTED_EDGE ( 'NONE', *, *, #4008, .F. ) ;
#1952 = ADVANCED_FACE ( 'NONE', ( #4654 ), #4111, .F. ) ;
#1953 = CARTESIAN_POINT ( 'NONE',  ( 4.508466212578266408, -0.4915337874217329261, -33.10623519306796680 ) ) ;
#1954 = DIRECTION ( 'NONE',  ( 1.000000000000000000, 0.000000000000000000, 0.000000000000000000 ) ) ;
#1955 = CARTESIAN_POINT ( 'NONE',  ( 0.000000000000000000, 0.000000000000000000, -106.5000000000000000 ) ) ;
#1956 = DIRECTION ( 'NONE',  ( -0.000000000000000000, -0.000000000000000000, 1.000000000000000000 ) ) ;
#1957 = ORIENTED_EDGE ( 'NONE', *, *, #8051, .F. ) ;
#1958 = DIRECTION ( 'NONE',  ( 0.000000000000000000, -1.000000000000000000, 0.000000000000000000 ) ) ;
#1959 = AXIS2_PLACEMENT_3D ( 'NONE', #3368, #4131, #1369 ) ;
#1960 = CARTESIAN_POINT ( 'NONE',  ( -4.991698401481084346, -0.008301598518914836758, -35.29625362935772870 ) ) ;
#1961 = CARTESIAN_POINT ( 'NONE',  ( 4.366408635906907421, -0.6335913640930936896, -16.39380044883598586 ) ) ;
#1962 = CARTESIAN_POINT ( 'NONE',  ( 0.9599107665897316233, -4.040089233410268932, -87.52236572063739573 ) ) ;
#1963 = EDGE_CURVE ( 'NONE', #2412, #5751, #4397, .T. ) ;
#1964 = AXIS2_PLACEMENT_3D ( 'NONE', #5143, #3884, #5859 ) ;
#1965 = CARTESIAN_POINT ( 'NONE',  ( 0.000000000000000000, 0.000000000000000000, -109.2499999999999858 ) ) ;
#1966 = DIRECTION ( 'NONE',  ( -0.000000000000000000, -0.000000000000000000, 1.000000000000000000 ) ) ;
#1967 = CARTESIAN_POINT ( 'NONE',  ( -3.862796825714234217, -1.137203174285766227, -32.37100116288255691 ) ) ;
#1968 = CARTESIAN_POINT ( 'NONE',  ( 0.4321793203679948348, -4.567820679632005110, -115.7265737627697320 ) ) ;
#1969 = DIRECTION ( 'NONE',  ( 0.000000000000000000, 0.000000000000000000, -1.000000000000000000 ) ) ;
#1970 = TOROIDAL_SURFACE ( 'NONE', #3392, 1.000000000000000000, 4.000000000000001776 ) ;
#1971 = CARTESIAN_POINT ( 'NONE',  ( 4.366408635906906532, -0.6335913640930934676, -98.89380044883601784 ) ) ;
#1972 = ORIENTED_EDGE ( 'NONE', *, *, #6324, .T. ) ;
#1973 = CARTESIAN_POINT ( 'NONE',  ( -4.688202580618368920, -0.3117974193816313022, -121.4698660872095672 ) ) ;
#1974 = CARTESIAN_POINT ( 'NONE',  ( 1.328041165545663649, -3.671958834454336351, -10.25000000000000178 ) ) ;
#1975 = CARTESIAN_POINT ( 'NONE',  ( -5.000000000000007105, 5.907101895033082199E-15, -95.35315646955162094 ) ) ;
#1976 = TOROIDAL_SURFACE ( 'NONE', #6124, 1.000000000000000000, 1.999999999999998224 ) ;
#1977 = ORIENTED_EDGE ( 'NONE', *, *, #929, .T. ) ;
#1978 = ORIENTED_EDGE ( 'NONE', *, *, #795, .T. ) ;
#1979 = CARTESIAN_POINT ( 'NONE',  ( 1.416980241638037680E-15, -5.000000000000000888, -57.14684353044862064 ) ) ;
#1980 = CARTESIAN_POINT ( 'NONE',  ( 0.7176137099602454272, -4.282386290039754684, -21.79777126958476785 ) ) ;
#1981 = ORIENTED_EDGE ( 'NONE', *, *, #3914, .F. ) ;
#1982 = CIRCLE ( 'NONE', #6983, 3.904737509655567873 ) ;
#1983 = VERTEX_POINT ( 'NONE', #7283 ) ;
#1984 = CARTESIAN_POINT ( 'NONE',  ( 0.000000000000000000, 0.000000000000000000, -13.00000000000000355 ) ) ;
#1985 = CARTESIAN_POINT ( 'NONE',  ( -0.4974474678478197909, -4.502552532152179765, -16.61327242307181962 ) ) ;
#1986 = AXIS2_PLACEMENT_3D ( 'NONE', #1606, #5048, #4367 ) ;
#1987 = CARTESIAN_POINT ( 'NONE',  ( 0.6401341107464911806, -4.359865889253509152, -43.89874954628008652 ) ) ;
#1988 = DIRECTION ( 'NONE',  ( 1.000000000000000000, 0.000000000000000000, 0.000000000000000000 ) ) ;
#1989 = EDGE_CURVE ( 'NONE', #7258, #7335, #8767, .T. ) ;
#1990 = EDGE_LOOP ( 'NONE', ( #4137, #1417, #2714, #5149 ) ) ;
#1991 = EDGE_CURVE ( 'NONE', #376, #7833, #2107, .T. ) ;
#1992 = AXIS2_PLACEMENT_3D ( 'NONE', #2321, #5010, #926 ) ;
#1993 = EDGE_CURVE ( 'NONE', #8294, #376, #3963, .T. ) ;
#1994 = ORIENTED_EDGE ( 'NONE', *, *, #3409, .T. ) ;
#1995 = CARTESIAN_POINT ( 'NONE',  ( 0.000000000000000000, 0.000000000000000000, 0.000000000000000000 ) ) ;
#1996 = ADVANCED_FACE ( 'NONE', ( #3298 ), #1409, .T. ) ;
#1997 = DIRECTION ( 'NONE',  ( 1.000000000000000000, 0.000000000000000000, 0.000000000000000000 ) ) ;
#1998 = LINE ( 'NONE', #4910, #4979 ) ;
#1999 = ORIENTED_EDGE ( 'NONE', *, *, #1963, .T. ) ;
#2000 = DIRECTION ( 'NONE',  ( 1.000000000000000000, 0.000000000000000000, 0.000000000000000000 ) ) ;
#2001 = CIRCLE ( 'NONE', #418, 3.999999999999996447 ) ;
#2002 = CARTESIAN_POINT ( 'NONE',  ( -4.686141179201315232, -0.3138588207986845457, -36.53467868775799587 ) ) ;
#2003 = DIRECTION ( 'NONE',  ( -0.000000000000000000, -0.000000000000000000, 1.000000000000000000 ) ) ;
#2004 = DIRECTION ( 'NONE',  ( -0.000000000000000000, -0.000000000000000000, 1.000000000000000000 ) ) ;
#2005 = AXIS2_PLACEMENT_3D ( 'NONE', #8402, #5044, #6428 ) ;
#2006 = FACE_OUTER_BOUND ( 'NONE', #5999, .T. ) ;
#2007 = CARTESIAN_POINT ( 'NONE',  ( 1.328041165545657876, -3.671958834454342124, -43.25000000000000711 ) ) ;
#2008 = CARTESIAN_POINT ( 'NONE',  ( 0.000000000000000000, -5.000000000000000000, -123.0000000000000000 ) ) ;
#2009 = ORIENTED_EDGE ( 'NONE', *, *, #4187, .T. ) ;
#2010 = CARTESIAN_POINT ( 'NONE',  ( -3.904737509655567873, 5.452579144223531409E-16, -120.2499999999999858 ) ) ;
#2011 = CARTESIAN_POINT ( 'NONE',  ( 1.137203174284277196, -3.862796825715722804, -48.62899883711651938 ) ) ;
#2012 = AXIS2_PLACEMENT_3D ( 'NONE', #5875, #5071, #2841 ) ;
#2013 = CARTESIAN_POINT ( 'NONE',  ( 0.000000000000000000, 0.000000000000000000, -13.00000000000000355 ) ) ;
#2014 = ORIENTED_EDGE ( 'NONE', *, *, #3625, .F. ) ;
#2015 = CARTESIAN_POINT ( 'NONE',  ( -4.040089233413053371, -0.9599107665869472950, -70.47763427936021685 ) ) ;
#2016 = CARTESIAN_POINT ( 'NONE',  ( -4.686141179201315232, -0.3138588207986848788, -64.03467868775796035 ) ) ;
#2017 = CIRCLE ( 'NONE', #7168, 3.904737509655567873 ) ;
#2018 = CIRCLE ( 'NONE', #1314, 3.904737509655567873 ) ;
#2019 = DIRECTION ( 'NONE',  ( 1.000000000000000000, 0.000000000000000000, 0.000000000000000000 ) ) ;
#2020 = ORIENTED_EDGE ( 'NONE', *, *, #4259, .T. ) ;
#2021 = VERTEX_POINT ( 'NONE', #1868 ) ;
#2022 = CARTESIAN_POINT ( 'NONE',  ( -0.2608011983036451209, -4.739198801696356433, -83.09076228219167604 ) ) ;
#2023 = ADVANCED_FACE ( 'NONE', ( #559 ), #7115, .F. ) ;
#2024 = CARTESIAN_POINT ( 'NONE',  ( 1.023620999669337182E-12, -5.000000000001024958, -29.64684353042206055 ) ) ;
#2025 = TOROIDAL_SURFACE ( 'NONE', #7025, 1.000000000000000000, 4.000000000000000000 ) ;
#2026 = ORIENTED_EDGE ( 'NONE', *, *, #6543, .T. ) ;
#2027 = AXIS2_PLACEMENT_3D ( 'NONE', #4096, #6118, #7514 ) ;
#2028 = ORIENTED_EDGE ( 'NONE', *, *, #1903, .F. ) ;
#2029 = CARTESIAN_POINT ( 'NONE',  ( 0.000000000000000000, 0.000000000000000000, -32.25000000000000000 ) ) ;
#2030 = CARTESIAN_POINT ( 'NONE',  ( 4.999999999999992006, -9.243388209070470239E-15, -40.64725720788728580 ) ) ;
#2031 = AXIS2_PLACEMENT_3D ( 'NONE', #5162, #4590, #5214 ) ;
#2032 = TOROIDAL_SURFACE ( 'NONE', #5033, 1.000000000000000000, 3.999999999999996447 ) ;
#2033 = DIRECTION ( 'NONE',  ( 1.000000000000000000, 0.000000000000000000, 0.000000000000000000 ) ) ;
#2034 = DIRECTION ( 'NONE',  ( 1.000000000000000000, 0.000000000000000000, 0.000000000000000000 ) ) ;
#2035 = ORIENTED_EDGE ( 'NONE', *, *, #2198, .F. ) ;
#2036 = TOROIDAL_SURFACE ( 'NONE', #6466, 1.000000000000000000, 3.999999999999996447 ) ;
#2037 = CARTESIAN_POINT ( 'NONE',  ( 4.960065625082964225, -0.03993437491703578229, -34.41868978647571709 ) ) ;
#2038 = CARTESIAN_POINT ( 'NONE',  ( -3.671958834454343013, -1.328041165545656765, -81.74999999999998579 ) ) ;
#2039 = ADVANCED_FACE ( 'NONE', ( #3251 ), #6696, .T. ) ;
#2040 = DIRECTION ( 'NONE',  ( 0.000000000000000000, 0.000000000000000000, -1.000000000000000000 ) ) ;
#2041 = DIRECTION ( 'NONE',  ( 1.000000000000000000, 0.000000000000000000, 0.000000000000000000 ) ) ;
#2042 = ORIENTED_EDGE ( 'NONE', *, *, #1476, .F. ) ;
#2043 = AXIS2_PLACEMENT_3D ( 'NONE', #6180, #8280, #7620 ) ;
#2044 = CARTESIAN_POINT ( 'NONE',  ( 4.041784260359809089, -0.9582157396401925764, -38.02377465029933035 ) ) ;
#2045 = CARTESIAN_POINT ( 'NONE',  ( -0.06404366728014332377, -4.935956332719857009, -13.72559813401497131 ) ) ;
#2046 = CARTESIAN_POINT ( 'NONE',  ( 5.000000000000281553, 2.809514862196180954E-13, -79.00000000000021316 ) ) ;
#2047 = DIRECTION ( 'NONE',  ( -0.000000000000000000, -0.000000000000000000, 1.000000000000000000 ) ) ;
#2048 = APPROVAL_PERSON_ORGANIZATION ( #3956, #190, #4602 ) ;
#2049 = CARTESIAN_POINT ( 'NONE',  ( 0.03993437491366197412, -4.960065625086339303, -30.08131021350176226 ) ) ;
#2050 = CARTESIAN_POINT ( 'NONE',  ( 1.000000000000000000, 0.000000000000000000, -4.000000000000000000 ) ) ;
#2051 = ADVANCED_FACE ( 'NONE', ( #8805 ), #1266, .T. ) ;
#2052 = CARTESIAN_POINT ( 'NONE',  ( 0.06404366728014496135, -4.935956332719857009, -24.72559813401497664 ) ) ;
#2053 = CARTESIAN_POINT ( 'NONE',  ( 0.3138588207986356959, -4.686141179201364082, -11.46532131224213025 ) ) ;
#2054 = ORIENTED_EDGE ( 'NONE', *, *, #6485, .F. ) ;
#2055 = LINE ( 'NONE', #4109, #7852 ) ;
#2056 = DIRECTION ( 'NONE',  ( -0.000000000000000000, -0.000000000000000000, 1.000000000000000000 ) ) ;
#2057 = EDGE_CURVE ( 'NONE', #4323, #5184, #3678, .T. ) ;
#2058 = CARTESIAN_POINT ( 'NONE',  ( 4.991957775357462879, -0.008042224642537818685, -23.70753412542732264 ) ) ;
#2059 = DIRECTION ( 'NONE',  ( 1.000000000000000000, 0.000000000000000000, 0.000000000000000000 ) ) ;
#2060 = CARTESIAN_POINT ( 'NONE',  ( 4.935408751172076336, -0.06459124882792298405, -107.2283476508440287 ) ) ;
#2061 = CARTESIAN_POINT ( 'NONE',  ( 0.000000000000000000, 0.000000000000000000, -68.00000000000000000 ) ) ;
#2062 = EDGE_CURVE ( 'NONE', #7802, #1600, #7560, .T. ) ;
#2063 = DIRECTION ( 'NONE',  ( -0.000000000000000000, -0.000000000000000000, 1.000000000000000000 ) ) ;
#2064 = ORIENTED_EDGE ( 'NONE', *, *, #4838, .F. ) ;
#2065 = ORIENTED_EDGE ( 'NONE', *, *, #7742, .T. ) ;
#2066 = CARTESIAN_POINT ( 'NONE',  ( 0.000000000000000000, 0.000000000000000000, -80.99999999999998579 ) ) ;
#2067 = CARTESIAN_POINT ( 'NONE',  ( 0.4321793203679917816, -4.567820679632009551, -22.22657376276974617 ) ) ;
#2069 = ORIENTED_EDGE ( 'NONE', *, *, #5610, .F. ) ;
#2068 = B_SPLINE_CURVE_WITH_KNOTS ( 'NONE', 3,
 ( #2345, #7045, #5079, #8525, #5618, #5035, #2386, #7860, #6335, #195, #5655, #1638 ),
 .UNSPECIFIED., .F., .F.,
 ( 4, 2, 2, 2, 2, 4 ),
 ( 0.003504634718722896263, 0.003941423334001193345, 0.004378211949279490860, 0.005251789179836084155, 0.006125366410392678318, 0.006998943640949272481 ),
 .UNSPECIFIED. ) ;
#2070 = VERTEX_POINT ( 'NONE', #4515 ) ;
#2071 = DIRECTION ( 'NONE',  ( 1.000000000000000000, 0.000000000000000000, 0.000000000000000000 ) ) ;
#2072 = CARTESIAN_POINT ( 'NONE',  ( -4.686141179201315232, -0.3138588207986853784, -47.53467868775798877 ) ) ;
#2073 = FACE_OUTER_BOUND ( 'NONE', #1854, .T. ) ;
#2074 = DIRECTION ( 'NONE',  ( -0.000000000000000000, -0.000000000000000000, 1.000000000000000000 ) ) ;
#2075 = ORIENTED_EDGE ( 'NONE', *, *, #8445, .F. ) ;
#2076 = CARTESIAN_POINT ( 'NONE',  ( 0.4915337874217790004, -4.508466212578221999, -75.39376480693215399 ) ) ;
#2077 = CARTESIAN_POINT ( 'NONE',  ( 0.000000000000000000, 0.000000000000000000, -46.00000000000000000 ) ) ;
#2078 = DIRECTION ( 'NONE',  ( -0.000000000000000000, -0.000000000000000000, 1.000000000000000000 ) ) ;
#2079 = DIRECTION ( 'NONE',  ( 1.224646799147353207E-16, 1.000000000000000000, 0.000000000000000000 ) ) ;
#2080 = ORIENTED_EDGE ( 'NONE', *, *, #3726, .F. ) ;
#2081 = CARTESIAN_POINT ( 'NONE',  ( -0.9999999999999995559, 1.224646799147352714E-16, 0.000000000000000000 ) ) ;
#2082 = CARTESIAN_POINT ( 'NONE',  ( -0.4321793203679934470, -4.567820679632006886, -5.726573762769739950 ) ) ;
#2083 = CARTESIAN_POINT ( 'NONE',  ( -4.991957775357462879, -0.008042224642536928772, -51.20753412542730132 ) ) ;
#2084 = CARTESIAN_POINT ( 'NONE',  ( -4.567820679631958924, -0.4321793203680420747, -119.2734262372303391 ) ) ;
#2085 = AXIS2_PLACEMENT_3D ( 'NONE', #3261, #5093, #483 ) ;
#2086 = CARTESIAN_POINT ( 'NONE',  ( 0.000000000000000000, 0.000000000000000000, -56.99999999999999289 ) ) ;
#2087 = CARTESIAN_POINT ( 'NONE',  ( 0.9999999999999993339, 0.000000000000000000, -14.99999999999999822 ) ) ;
#2088 = EDGE_CURVE ( 'NONE', #3752, #6632, #8707, .T. ) ;
#2089 = CARTESIAN_POINT ( 'NONE',  ( -0.6401341107417182208, -4.359865889258282223, -21.89874954628655956 ) ) ;
#2090 = CARTESIAN_POINT ( 'NONE',  ( 5.000000000000281553, 2.809514862196180954E-13, -117.5000000000001990 ) ) ;
#2091 = CARTESIAN_POINT ( 'NONE',  ( 0.2608011982979998034, -4.739198801702000807, -17.09076228220567373 ) ) ;
#2092 = CARTESIAN_POINT ( 'NONE',  ( 3.671958834454343013, -1.328041165545656987, -114.7499999999999858 ) ) ;
#2093 = EDGE_CURVE ( 'NONE', #705, #2657, #5550, .T. ) ;
#2094 = CARTESIAN_POINT ( 'NONE',  ( -3.671958834454343013, -1.328041165545656765, -70.75000000000000000 ) ) ;
#2095 = CARTESIAN_POINT ( 'NONE',  ( 0.06404366728014154742, -4.935956332719858786, -57.72559813401495177 ) ) ;
#2096 = EDGE_CURVE ( 'NONE', #1884, #5158, #5228, .T. ) ;
#2097 = DIRECTION ( 'NONE',  ( -0.000000000000000000, -0.000000000000000000, 1.000000000000000000 ) ) ;
#2098 = EDGE_LOOP ( 'NONE', ( #8073, #6511, #505 ) ) ;
#2099 = CIRCLE ( 'NONE', #5671, 3.999999999999996447 ) ;
#2100 = ORIENTED_EDGE ( 'NONE', *, *, #2927, .F. ) ;
#2101 = DIRECTION ( 'NONE',  ( -0.000000000000000000, -0.000000000000000000, 1.000000000000000000 ) ) ;
#2102 = CARTESIAN_POINT ( 'NONE',  ( -3.671958834454332354, -1.328041165545667868, -4.750000000000001776 ) ) ;
#2103 = EDGE_CURVE ( 'NONE', #6830, #6398, #8268, .T. ) ;
#2104 = EDGE_LOOP ( 'NONE', ( #4196, #226 ) ) ;
#2105 = EDGE_CURVE ( 'NONE', #2070, #8632, #8409, .T. ) ;
#2106 = CARTESIAN_POINT ( 'NONE',  ( -4.502552532152134468, -0.4974474678478655321, -91.88672757692823723 ) ) ;
#2107 = CIRCLE ( 'NONE', #5262, 2.000000000000001776 ) ;
#2108 = CARTESIAN_POINT ( 'NONE',  ( 0.000000000000000000, -5.000000000000000000, -67.99999999997220357 ) ) ;
#2109 = TOROIDAL_SURFACE ( 'NONE', #8554, 1.000000000000000000, 1.999999999999998224 ) ;
#2110 = CARTESIAN_POINT ( 'NONE',  ( 4.040089233413053371, -0.9599107665869476280, -42.97763427936023106 ) ) ;
#2111 = CARTESIAN_POINT ( 'NONE',  ( 0.000000000000000000, -5.000000000000000000, -106.4999999999720046 ) ) ;
#2112 = DIRECTION ( 'NONE',  ( -0.000000000000000000, -0.000000000000000000, 1.000000000000000000 ) ) ;
#2113 = CARTESIAN_POINT ( 'NONE',  ( 0.000000000000000000, 0.000000000000000000, -56.99999999999999289 ) ) ;
#2114 = AXIS2_PLACEMENT_3D ( 'NONE', #2712, #1468, #7472 ) ;
#2115 = VERTEX_POINT ( 'NONE', #62 ) ;
#2116 = CARTESIAN_POINT ( 'NONE',  ( 0.008042224642557396774, -4.991957775357441562, -73.79246587457292605 ) ) ;
#2117 = EDGE_LOOP ( 'NONE', ( #7428, #4994, #4547 ) ) ;
#2118 = TOROIDAL_SURFACE ( 'NONE', #7701, 1.000000000000000000, 4.000000000000000000 ) ;
#2119 = CARTESIAN_POINT ( 'NONE',  ( 0.06459124882788504218, -4.935408751172114528, -61.77165234915616310 ) ) ;
#2120 = CARTESIAN_POINT ( 'NONE',  ( -1.000000000000000000, 1.224646799147353207E-16, -62.50000000000000000 ) ) ;
#2121 = CARTESIAN_POINT ( 'NONE',  ( 2.500000000000000000, -2.500000000000000000, -131.9999999999999716 ) ) ;
#2122 = ORIENTED_EDGE ( 'NONE', *, *, #6769, .T. ) ;
#2123 = DIRECTION ( 'NONE',  ( 0.000000000000000000, -1.000000000000000000, 0.000000000000000000 ) ) ;
#2124 = CIRCLE ( 'NONE', #7279, 4.000000000000003553 ) ;
#2125 = CARTESIAN_POINT ( 'NONE',  ( -4.748219996434697165, -0.2517800035653030011, -22.59116362763015573 ) ) ;
#2126 = CARTESIAN_POINT ( 'NONE',  ( 4.840676868219845552, -0.1593231317801557245, -105.3532194156836539 ) ) ;
#2127 = CARTESIAN_POINT ( 'NONE',  ( -1.328041165545665203, -3.671958834454335019, -26.75000000000000355 ) ) ;
#2128 = CARTESIAN_POINT ( 'NONE',  ( -4.686141179201310791, -0.3138588207986893752, -119.0346786877579603 ) ) ;
#2129 = TOROIDAL_SURFACE ( 'NONE', #4581, 1.000000000000000000, 4.000000000000000000 ) ;
#2130 = DIRECTION ( 'NONE',  ( 0.000000000000000000, -1.000000000000000000, 0.000000000000000000 ) ) ;
#2131 = CARTESIAN_POINT ( 'NONE',  ( 4.832344906989097133, -0.1676550930109028115, -36.14546193740919477 ) ) ;
#2132 = CARTESIAN_POINT ( 'NONE',  ( -1.328041165545661428, -3.671958834454339016, -21.24999999999999645 ) ) ;
#2133 = CARTESIAN_POINT ( 'NONE',  ( 1.328041165545667646, -3.671958834454332354, -4.750000000000002665 ) ) ;
#2134 = CARTESIAN_POINT ( 'NONE',  ( 0.000000000000000000, 0.000000000000000000, -51.50000000000000711 ) ) ;
#2135 = EDGE_CURVE ( 'NONE', #6606, #4173, #2836, .T. ) ;
#2136 = DIRECTION ( 'NONE',  ( 0.000000000000000000, 0.000000000000000000, -1.000000000000000000 ) ) ;
#2137 = CIRCLE ( 'NONE', #8866, 3.904737509655567873 ) ;
#2138 = CARTESIAN_POINT ( 'NONE',  ( 4.739198801701949293, -0.2608011982980512622, -91.40923771779445417 ) ) ;
#2139 = CARTESIAN_POINT ( 'NONE',  ( 0.1593231317801984404, -4.840676868219800255, -58.14678058431649532 ) ) ;
#2140 = CARTESIAN_POINT ( 'NONE',  ( -0.1676550930162021280, -4.832344906983798261, -39.35453806257385878 ) ) ;
#2141 = DIRECTION ( 'NONE',  ( 1.000000000000000000, 0.000000000000000000, 0.000000000000000000 ) ) ;
#2142 = ORIENTED_EDGE ( 'NONE', *, *, #8785, .T. ) ;
#2143 = EDGE_CURVE ( 'NONE', #5123, #3113, #4559, .T. ) ;
#2144 = AXIS2_PLACEMENT_3D ( 'NONE', #496, #2566, #628 ) ;
#2145 = ORIENTED_EDGE ( 'NONE', *, *, #1636, .T. ) ;
#2146 = CARTESIAN_POINT ( 'NONE',  ( 3.671958834454338572, -1.328041165545661428, -21.24999999999999645 ) ) ;
#2147 = EDGE_CURVE ( 'NONE', #135, #5476, #6269, .T. ) ;
#2148 = CARTESIAN_POINT ( 'NONE',  ( 0.1278684795020899323, -4.872131520497910095, -83.49259796944174639 ) ) ;
#2149 = ADVANCED_FACE ( 'NONE', ( #1509 ), #4403, .T. ) ;
#2150 = ORIENTED_EDGE ( 'NONE', *, *, #7422, .T. ) ;
#2151 = EDGE_CURVE ( 'NONE', #3113, #2411, #543, .T. ) ;
#2152 = B_SPLINE_CURVE_WITH_KNOTS ( 'NONE', 3,
 ( #781, #3505, #106, #1288, #4011, #6752, #610, #6076, #331, #4227, #6336, #1510, #5619, #2210, #3548, #8434 ),
 .UNSPECIFIED., .F., .F.,
 ( 4, 2, 2, 2, 2, 2, 2, 4 ),
 ( 4.818711198454839844E-07, 0.0008765200830274816899, 0.001314539188981306067, 0.001752558294935130552, 0.002190577400888955254, 0.002628596506842780390, 0.003066615612796604658, 0.003504634718750429360 ),
 .UNSPECIFIED. ) ;
#2153 = DIRECTION ( 'NONE',  ( 1.000000000000000000, 0.000000000000000000, 0.000000000000000000 ) ) ;
#2154 = AXIS2_PLACEMENT_3D ( 'NONE', #7856, #5168, #3108 ) ;
#2155 = VECTOR ( 'NONE', #3399, 1000.000000000000000 ) ;
#2156 = CARTESIAN_POINT ( 'NONE',  ( -4.935408751172076336, -0.06459124882792278977, -79.72834765084402875 ) ) ;
#2157 = CARTESIAN_POINT ( 'NONE',  ( -4.739198801701951957, -0.2608011982980475429, -47.40923771779445417 ) ) ;
#2158 = EDGE_CURVE ( 'NONE', #1708, #4948, #6556, .T. ) ;
#2159 = CARTESIAN_POINT ( 'NONE',  ( 0.1278684795020826326, -4.872131520497917201, -44.99259796944174639 ) ) ;
#2160 = CARTESIAN_POINT ( 'NONE',  ( 0.000000000000000000, 0.000000000000000000, -4.750000000000001776 ) ) ;
#2161 = FACE_OUTER_BOUND ( 'NONE', #982, .T. ) ;
#2162 = AXIS2_PLACEMENT_3D ( 'NONE', #847, #2194, #178 ) ;
#2163 = VECTOR ( 'NONE', #2387, 1000.000000000000000 ) ;
#2164 = EDGE_CURVE ( 'NONE', #2619, #4085, #968, .T. ) ;
#2165 = ORIENTED_EDGE ( 'NONE', *, *, #8764, .F. ) ;
#2166 = CARTESIAN_POINT ( 'NONE',  ( 0.000000000000000000, -5.000000000000000000, -95.49999999997220357 ) ) ;
#2167 = TOROIDAL_SURFACE ( 'NONE', #4611, 1.000000000000000000, 3.999999999999999112 ) ;
#2168 = AXIS2_PLACEMENT_3D ( 'NONE', #2793, #3370, #2034 ) ;
#2169 = CARTESIAN_POINT ( 'NONE',  ( -0.2590032929235763781, -4.740996707076425842, -3.404596727254059374 ) ) ;
#2170 = CARTESIAN_POINT ( 'NONE',  ( 1.000000000000000000, 0.000000000000000000, -7.500000000000003553 ) ) ;
#2171 = CARTESIAN_POINT ( 'NONE',  ( 0.000000000000000000, 0.000000000000000000, 0.000000000000000000 ) ) ;
#2172 = EDGE_LOOP ( 'NONE', ( #5407, #4360, #5077 ) ) ;
#2173 = AXIS2_PLACEMENT_3D ( 'NONE', #5531, #7476, #1341 ) ;
#2174 = CARTESIAN_POINT ( 'NONE',  ( -5.000000000000283329, 2.838313978266924103E-13, -24.00000000000021316 ) ) ;
#2175 = ORIENTED_EDGE ( 'NONE', *, *, #8622, .T. ) ;
#2176 = CARTESIAN_POINT ( 'NONE',  ( -0.9582157396373111036, -4.041784260362688563, -92.47622534969821118 ) ) ;
#2177 = CARTESIAN_POINT ( 'NONE',  ( 5.000000000000281553, 2.809514862196180954E-13, -79.00000000000021316 ) ) ;
#2178 = DIRECTION ( 'NONE',  ( 1.000000000000000000, 0.000000000000000000, 0.000000000000000000 ) ) ;
#2179 = TOROIDAL_SURFACE ( 'NONE', #463, 1.000000000000000000, 3.999999999999999112 ) ;
#2180 = EDGE_CURVE ( 'NONE', #8688, #2441, #4256, .T. ) ;
#2181 = CARTESIAN_POINT ( 'NONE',  ( 0.9999999999999995559, 0.000000000000000000, 0.000000000000000000 ) ) ;
#2182 = CARTESIAN_POINT ( 'NONE',  ( 0.2608011982979981935, -4.739198801702000807, -11.59076228220567550 ) ) ;
#2183 = DIRECTION ( 'NONE',  ( -0.000000000000000000, -0.000000000000000000, 1.000000000000000000 ) ) ;
#2184 = CARTESIAN_POINT ( 'NONE',  ( 4.359865889258239591, -0.6401341107417609644, -48.10125045371351149 ) ) ;
#2185 = DIRECTION ( 'NONE',  ( 1.000000000000000000, 0.000000000000000000, 0.000000000000000000 ) ) ;
#2186 = CARTESIAN_POINT ( 'NONE',  ( 4.960065625082963336, -0.03993437491703671210, -67.41868978647572419 ) ) ;
#2187 = DIRECTION ( 'NONE',  ( 1.000000000000000000, 0.000000000000000000, 0.000000000000000000 ) ) ;
#2188 = CARTESIAN_POINT ( 'NONE',  ( -0.9999999999999995559, 1.224646799147352714E-16, 0.000000000000000000 ) ) ;
#2189 = DIRECTION ( 'NONE',  ( 0.000000000000000000, -1.000000000000000000, 0.000000000000000000 ) ) ;
#2190 = ADVANCED_FACE ( 'NONE', ( #3504 ), #7423, .T. ) ;
#2191 = DIRECTION ( 'NONE',  ( -0.000000000000000000, -0.000000000000000000, 1.000000000000000000 ) ) ;
#2192 = ORIENTED_EDGE ( 'NONE', *, *, #8396, .F. ) ;
#2193 = ORIENTED_EDGE ( 'NONE', *, *, #5728, .T. ) ;
#2194 = DIRECTION ( 'NONE',  ( -0.000000000000000000, -0.000000000000000000, 1.000000000000000000 ) ) ;
#2195 = ORIENTED_EDGE ( 'NONE', *, *, #2870, .F. ) ;
#2196 = EDGE_LOOP ( 'NONE', ( #7797, #7524, #5816, #8438, #401, #4338 ) ) ;
#2197 = CARTESIAN_POINT ( 'NONE',  ( 3.863136006094629149, -1.136863993905370185, -87.12878377920269202 ) ) ;
#2198 = EDGE_CURVE ( 'NONE', #2411, #5745, #1998, .T. ) ;
#2199 = CARTESIAN_POINT ( 'NONE',  ( 1.000000000000000000, 0.000000000000000000, -106.5000000000000000 ) ) ;
#2200 = DIRECTION ( 'NONE',  ( 1.000000000000000000, 0.000000000000000000, 0.000000000000000000 ) ) ;
#2201 = DIRECTION ( 'NONE',  ( -0.000000000000000000, -0.000000000000000000, 1.000000000000000000 ) ) ;
#2202 = CARTESIAN_POINT ( 'NONE',  ( 1.033939237395428799E-12, -4.999999999998966160, -78.85274279208601911 ) ) ;
#2203 = CARTESIAN_POINT ( 'NONE',  ( 0.9999999999999995559, 0.000000000000000000, 0.000000000000000000 ) ) ;
#2204 = ORIENTED_EDGE ( 'NONE', *, *, #5987, .T. ) ;
#2205 = ADVANCED_FACE ( 'NONE', ( #4057 ), #3543, .T. ) ;
#2206 = CARTESIAN_POINT ( 'NONE',  ( 0.2517800035653552371, -4.748219996434644763, -74.90883637236997572 ) ) ;
#2207 = VERTEX_POINT ( 'NONE', #5489 ) ;
#2208 = ADVANCED_FACE ( 'NONE', ( #6117 ), #6834, .F. ) ;
#2209 = CARTESIAN_POINT ( 'NONE',  ( -0.1676550930162028774, -4.832344906983797372, -50.35453806257385878 ) ) ;
#2210 = CARTESIAN_POINT ( 'NONE',  ( 0.008301598518897208498, -4.991698401481102998, -56.70374637064249868 ) ) ;
#2211 = EDGE_LOOP ( 'NONE', ( #4211, #4012, #6402, #8249 ) ) ;
#2212 = DIRECTION ( 'NONE',  ( -0.000000000000000000, -0.000000000000000000, 1.000000000000000000 ) ) ;
#2213 = VERTEX_POINT ( 'NONE', #644 ) ;
#2214 = CARTESIAN_POINT ( 'NONE',  ( 0.9999999999999993339, 0.000000000000000000, -20.49999999999999645 ) ) ;
#2215 = CARTESIAN_POINT ( 'NONE',  ( 4.366408635906909197, -0.6335913640930924684, -10.89380044883598586 ) ) ;
#2216 = CARTESIAN_POINT ( 'NONE',  ( 0.000000000000000000, -5.000000000000000000, -62.50000000000000000 ) ) ;
#2217 = CARTESIAN_POINT ( 'NONE',  ( 1.328041165545656765, -3.671958834454343013, -120.2499999999999858 ) ) ;
#2218 = CARTESIAN_POINT ( 'NONE',  ( 1.000000000000000000, 0.000000000000000000, -38.50000000000000000 ) ) ;
#2219 = CARTESIAN_POINT ( 'NONE',  ( -0.1676550930108554605, -4.832344906989142430, -22.85453806259096865 ) ) ;
#2220 = CARTESIAN_POINT ( 'NONE',  ( 4.999999999999991118, -9.189554559533770159E-15, -7.647257207887257380 ) ) ;
#2221 = CARTESIAN_POINT ( 'NONE',  ( 0.3138588207986359735, -4.686141179201362306, -16.96532131224213202 ) ) ;
#2222 = CARTESIAN_POINT ( 'NONE',  ( 3.671958834454351450, -1.328041165545648550, -65.24999999999998579 ) ) ;
#2223 = DIRECTION ( 'NONE',  ( -0.000000000000000000, -0.000000000000000000, 1.000000000000000000 ) ) ;
#2224 = DIRECTION ( 'NONE',  ( -0.000000000000000000, -0.000000000000000000, 1.000000000000000000 ) ) ;
#2225 = CARTESIAN_POINT ( 'NONE',  ( 0.2517800035594494612, -4.748219996440550261, -41.90883637235563697 ) ) ;
#2226 = CARTESIAN_POINT ( 'NONE',  ( 0.000000000000000000, 0.000000000000000000, -44.00000000000000000 ) ) ;
#2227 = ORIENTED_EDGE ( 'NONE', *, *, #1830, .F. ) ;
#2228 = ORIENTED_EDGE ( 'NONE', *, *, #8642, .T. ) ;
#2229 = CARTESIAN_POINT ( 'NONE',  ( -0.9999999999999995559, 1.224646799147352714E-16, 0.000000000000000000 ) ) ;
#2230 = AXIS2_PLACEMENT_3D ( 'NONE', #4643, #3685, #3778 ) ;
#2231 = DIRECTION ( 'NONE',  ( -0.000000000000000000, -0.000000000000000000, 1.000000000000000000 ) ) ;
#2232 = VERTEX_POINT ( 'NONE', #3421 ) ;
#2233 = EDGE_CURVE ( 'NONE', #277, #8224, #684, .T. ) ;
#2234 = CARTESIAN_POINT ( 'NONE',  ( -0.6335913640883381603, -4.366408635911662728, -42.60619955115780755 ) ) ;
#2235 = CARTESIAN_POINT ( 'NONE',  ( 0.000000000000000000, 0.000000000000000000, -36.99999999999999289 ) ) ;
#2236 = CARTESIAN_POINT ( 'NONE',  ( -4.959369330385074548, -0.04063066961492747126, -13.58613448345569630 ) ) ;
#2237 = AXIS2_PLACEMENT_3D ( 'NONE', #2596, #5328, #1877 ) ;
#2238 = CIRCLE ( 'NONE', #2683, 0.9999999999999993339 ) ;
#2239 = B_SPLINE_CURVE_WITH_KNOTS ( 'NONE', 3,
 ( #5970, #5217, #7272, #5391, #3998, #4644, #2574, #7459, #504, #1139, #3237, #7367, #8127, #2621 ),
 .UNSPECIFIED., .F., .F.,
 ( 4, 2, 2, 2, 2, 2, 4 ),
 ( 4.818711198669689751E-07, 0.0008763243365552809798, 0.001314245569273000827, 0.001752166801990720892, 0.002190088034708440740, 0.002628009267426160804, 0.003503851732861640398 ),
 .UNSPECIFIED. ) ;
#2240 = FACE_OUTER_BOUND ( 'NONE', #6863, .T. ) ;
#2241 = CARTESIAN_POINT ( 'NONE',  ( -1.372193374551966056E-16, -4.999999999999999112, -13.14684353044862597 ) ) ;
#2242 = DIRECTION ( 'NONE',  ( 0.000000000000000000, 0.000000000000000000, -1.000000000000000000 ) ) ;
#2243 = TOROIDAL_SURFACE ( 'NONE', #7263, 0.9999999999999986677, 2.000000000000000888 ) ;
#2244 = AXIS2_PLACEMENT_3D ( 'NONE', #4479, #2503, #6622 ) ;
#2245 = ORIENTED_EDGE ( 'NONE', *, *, #12, .F. ) ;
#2246 = CARTESIAN_POINT ( 'NONE',  ( 0.000000000000000000, 0.000000000000000000, -104.5000000000000000 ) ) ;
#2247 = AXIS2_PLACEMENT_3D ( 'NONE', #6924, #8222, #4785 ) ;
#2248 = CARTESIAN_POINT ( 'NONE',  ( 1.000000000000000000, 0.000000000000000000, -18.50000000000000355 ) ) ;
#2249 = CARTESIAN_POINT ( 'NONE',  ( -4.991957775357460214, -0.008042224642539586368, -73.20753412542735816 ) ) ;
#2250 = ORIENTED_EDGE ( 'NONE', *, *, #4206, .F. ) ;
#2251 = EDGE_CURVE ( 'NONE', #2255, #5319, #3979, .T. ) ;
#2252 = ADVANCED_FACE ( 'NONE', ( #7513 ), #7645, .F. ) ;
#2253 = CARTESIAN_POINT ( 'NONE',  ( 0.7176137099602468705, -4.282386290039752019, -5.297771269584766074 ) ) ;
#2254 = EDGE_CURVE ( 'NONE', #674, #7791, #1838, .T. ) ;
#2255 = VERTEX_POINT ( 'NONE', #3470 ) ;
#2256 = CIRCLE ( 'NONE', #3831, 3.999999999999996447 ) ;
#2257 = EDGE_CURVE ( 'NONE', #3046, #7757, #3824, .T. ) ;
#2258 = DIRECTION ( 'NONE',  ( -1.000000000000000000, 1.224646799147353207E-16, 0.000000000000000000 ) ) ;
#2259 = ORIENTED_EDGE ( 'NONE', *, *, #4428, .F. ) ;
#2260 = CARTESIAN_POINT ( 'NONE',  ( 5.000000000000285105, 2.852467898815543462E-13, -13.00000000000021316 ) ) ;
#2261 = CARTESIAN_POINT ( 'NONE',  ( 4.960065625082963336, -0.03993437491703660802, -83.91868978647570998 ) ) ;
#2262 = CARTESIAN_POINT ( 'NONE',  ( -4.359865889258239591, -0.6401341107417626297, -26.10125045371351149 ) ) ;
#2263 = DIRECTION ( 'NONE',  ( -0.000000000000000000, -0.000000000000000000, 1.000000000000000000 ) ) ;
#2264 = DIRECTION ( 'NONE',  ( 1.224646799147353207E-16, 1.000000000000000000, 0.000000000000000000 ) ) ;
#2265 = CARTESIAN_POINT ( 'NONE',  ( 3.671958834454336795, -1.328041165545663649, -10.25000000000000178 ) ) ;
#2266 = EDGE_CURVE ( 'NONE', #2629, #6944, #5841, .T. ) ;
#2267 = TOROIDAL_SURFACE ( 'NONE', #3139, 1.000000000000000000, 4.000000000000001776 ) ;
#2268 = CARTESIAN_POINT ( 'NONE',  ( -0.008042224642554281211, -4.991957775357445115, -7.792465874572919837 ) ) ;
#2269 = CARTESIAN_POINT ( 'NONE',  ( -5.000000000000281553, 2.811725620256466210E-13, -68.00000000000021316 ) ) ;
#2270 = B_SPLINE_CURVE_WITH_KNOTS ( 'NONE', 3,
 ( #2904, #7697, #4205, #5670, #797, #1565, #2778, #5504, #3440, #4285, #8410, #2860 ),
 .UNSPECIFIED., .F., .F.,
 ( 4, 2, 2, 2, 2, 4 ),
 ( 0.003504634718750183030, 0.003941423334025066609, 0.004378211949299949321, 0.005251789179849716480, 0.006125366410399483638, 0.006998943640949250797 ),
 .UNSPECIFIED. ) ;
#2271 = FACE_OUTER_BOUND ( 'NONE', #4295, .T. ) ;
#2272 = TOROIDAL_SURFACE ( 'NONE', #1140, 1.000000000000000000, 1.999999999999994893 ) ;
#2273 = FACE_OUTER_BOUND ( 'NONE', #5514, .T. ) ;
#2274 = DIRECTION ( 'NONE',  ( 1.000000000000000000, 0.000000000000000000, 0.000000000000000000 ) ) ;
#2275 = DIRECTION ( 'NONE',  ( 1.224646799147353207E-16, 1.000000000000000000, 0.000000000000000000 ) ) ;
#2276 = DIRECTION ( 'NONE',  ( 1.000000000000000000, 0.000000000000000000, 0.000000000000000000 ) ) ;
#2277 = ORIENTED_EDGE ( 'NONE', *, *, #6041, .F. ) ;
#2278 = ADVANCED_FACE ( 'NONE', ( #6468 ), #1976, .F. ) ;
#2279 = ORIENTED_EDGE ( 'NONE', *, *, #4275, .T. ) ;
#2280 = DIRECTION ( 'NONE',  ( 1.000000000000000000, 0.000000000000000000, 0.000000000000000000 ) ) ;
#2281 = CIRCLE ( 'NONE', #7451, 3.999999999999989786 ) ;
#2282 = DIRECTION ( 'NONE',  ( 1.000000000000000000, 0.000000000000000000, 0.000000000000000000 ) ) ;
#2283 = ORIENTED_EDGE ( 'NONE', *, *, #8385, .T. ) ;
#2284 = CARTESIAN_POINT ( 'NONE',  ( 0.000000000000000000, 0.000000000000000000, -90.00000000000000000 ) ) ;
#2285 = CARTESIAN_POINT ( 'NONE',  ( 0.000000000000000000, 0.000000000000000000, -95.50000000000000000 ) ) ;
#2286 = DIRECTION ( 'NONE',  ( -0.000000000000000000, -0.000000000000000000, 1.000000000000000000 ) ) ;
#2287 = CARTESIAN_POINT ( 'NONE',  ( -0.04063066961830674034, -4.959369330381694141, -111.4138655165220513 ) ) ;
#2288 = CARTESIAN_POINT ( 'NONE',  ( 0.4974474678531836669, -4.502552532146816056, -77.11327242306298047 ) ) ;
#2289 = CARTESIAN_POINT ( 'NONE',  ( -0.1593231317748066977, -4.840676868225194163, -52.64678058429972651 ) ) ;
#2290 = CARTESIAN_POINT ( 'NONE',  ( 0.2517800035594076058, -4.748219996440592894, -80.40883637235553749 ) ) ;
#2291 = TOROIDAL_SURFACE ( 'NONE', #6444, 1.000000000000000000, 1.999999999999998224 ) ;
#2292 = AXIS2_PLACEMENT_3D ( 'NONE', #7158, #6442, #2276 ) ;
#2293 = ORIENTED_EDGE ( 'NONE', *, *, #7541, .T. ) ;
#2294 = TOROIDAL_SURFACE ( 'NONE', #4301, 1.000000000000000000, 4.000000000000000000 ) ;
#2295 = TOROIDAL_SURFACE ( 'NONE', #3721, 1.000000000000000000, 1.999999999999998224 ) ;
#2296 = DIRECTION ( 'NONE',  ( -0.000000000000000000, -0.000000000000000000, 1.000000000000000000 ) ) ;
#2297 = DIRECTION ( 'NONE',  ( 0.000000000000000000, 0.000000000000000000, -1.000000000000000000 ) ) ;
#2298 = EDGE_LOOP ( 'NONE', ( #5148, #1810, #3673, #528 ) ) ;
#2299 = CARTESIAN_POINT ( 'NONE',  ( 0.1278684794971282346, -4.872131520502871460, -6.492597969460142338 ) ) ;
#2300 = ORIENTED_EDGE ( 'NONE', *, *, #1614, .T. ) ;
#2301 = TOROIDAL_SURFACE ( 'NONE', #449, 1.000000000000000000, 1.999999999999998224 ) ;
#2302 = AXIS2_PLACEMENT_3D ( 'NONE', #7940, #6552, #6459 ) ;
#2303 = CARTESIAN_POINT ( 'NONE',  ( -0.03993437491365115638, -4.960065625086347296, -90.58131021350165213 ) ) ;
#2304 = ADVANCED_FACE ( 'NONE', ( #8433 ), #3634, .T. ) ;
#2305 = ORIENTED_EDGE ( 'NONE', *, *, #7420, .F. ) ;
#2306 = FACE_OUTER_BOUND ( 'NONE', #3162, .T. ) ;
#2307 = CARTESIAN_POINT ( 'NONE',  ( -0.1593231317801992730, -4.840676868219801143, -63.64678058431650953 ) ) ;
#2308 = CARTESIAN_POINT ( 'NONE',  ( -0.2608011982980035781, -4.739198801701995478, -116.0907622822056453 ) ) ;
#2309 = CARTESIAN_POINT ( 'NONE',  ( 0.000000000000000000, 0.000000000000000000, -88.00000000000000000 ) ) ;
#2310 = CIRCLE ( 'NONE', #170, 3.904737509655567873 ) ;
#2311 = DIRECTION ( 'NONE',  ( 1.000000000000000000, 0.000000000000000000, 0.000000000000000000 ) ) ;
#2312 = CARTESIAN_POINT ( 'NONE',  ( -3.671958834454343013, -1.328041165545656765, -114.7499999999999858 ) ) ;
#2313 = CIRCLE ( 'NONE', #8471, 2.000000000000001776 ) ;
#2314 = DIRECTION ( 'NONE',  ( 1.000000000000000000, 0.000000000000000000, 0.000000000000000000 ) ) ;
#2315 = CARTESIAN_POINT ( 'NONE',  ( -0.6401341107417179987, -4.359865889258282223, -10.89874954628655779 ) ) ;
#2316 = DIRECTION ( 'NONE',  ( -0.000000000000000000, -0.000000000000000000, 1.000000000000000000 ) ) ;
#2317 = EDGE_CURVE ( 'NONE', #3818, #2329, #330, .T. ) ;
#2318 = DIRECTION ( 'NONE',  ( 1.224646799147353207E-16, 1.000000000000000000, 0.000000000000000000 ) ) ;
#2319 = CARTESIAN_POINT ( 'NONE',  ( 1.328041165545657876, -3.671958834454342124, -43.25000000000000711 ) ) ;
#2320 = CC_DESIGN_PERSON_AND_ORGANIZATION_ASSIGNMENT ( #8714, #2491, ( #5916 ) ) ;
#2321 = CARTESIAN_POINT ( 'NONE',  ( 0.000000000000000000, 0.000000000000000000, -115.4999999999999858 ) ) ;
#2322 = CARTESIAN_POINT ( 'NONE',  ( -5.000000000000281553, 2.811725620256466210E-13, -90.00000000000019895 ) ) ;
#2323 = ORIENTED_EDGE ( 'NONE', *, *, #5342, .T. ) ;
#2324 = ADVANCED_FACE ( 'NONE', ( #5126 ), #819, .F. ) ;
#2325 = ORIENTED_EDGE ( 'NONE', *, *, #7660, .F. ) ;
#2326 = DIRECTION ( 'NONE',  ( -1.000000000000000000, 1.224646799147353207E-16, 0.000000000000000000 ) ) ;
#2327 = AXIS2_PLACEMENT_3D ( 'NONE', #824, #2212, #3551 ) ;
#2328 = CARTESIAN_POINT ( 'NONE',  ( -4.935956332719893425, -0.06404366728010746357, -6.774401865985229421 ) ) ;
#2329 = VERTEX_POINT ( 'NONE', #1683 ) ;
#2330 = ORIENTED_EDGE ( 'NONE', *, *, #3633, .F. ) ;
#2331 = CARTESIAN_POINT ( 'NONE',  ( 4.739198801701949293, -0.2608011982980512622, -85.90923771779448259 ) ) ;
#2332 = EDGE_CURVE ( 'NONE', #1147, #3752, #2068, .T. ) ;
#2333 = CARTESIAN_POINT ( 'NONE',  ( 4.502552532152140685, -0.4974474678478607581, -64.38672757692825144 ) ) ;
#2334 = CARTESIAN_POINT ( 'NONE',  ( -4.872131520502827939, -0.1278684794971726990, -14.00740203054002997 ) ) ;
#2335 = CARTESIAN_POINT ( 'NONE',  ( -0.008042224640668277705, -4.991957775359332494, -95.79246587454774442 ) ) ;
#2336 = B_SPLINE_CURVE_WITH_KNOTS ( 'NONE', 3,
 ( #5862, #7297, #3179, #7351, #3222, #5333, #8596, #8107, #393, #6048, #487, #1300, #2465, #8779, #2599, #5952 ),
 .UNSPECIFIED., .F., .F.,
 ( 4, 2, 2, 2, 2, 2, 2, 4 ),
 ( 4.818711198449750235E-07, 0.0008765200830274808225, 0.001314539188981305416, 0.001752558294935129901, 0.002190577400888954820, 0.002628596506842779089, 0.003066615612796604225, 0.003504634718750428493 ),
 .UNSPECIFIED. ) ;
#2337 = CARTESIAN_POINT ( 'NONE',  ( 4.840676868219843776, -0.1593231317801557245, -110.8532194156836397 ) ) ;
#2338 = CARTESIAN_POINT ( 'NONE',  ( 0.7176137099645977235, -4.282386290035401721, -76.79777126957942812 ) ) ;
#2339 = CARTESIAN_POINT ( 'NONE',  ( 3.904737509655561212, 0.000000000000000000, -4.750000000000001776 ) ) ;
#2340 = DIRECTION ( 'NONE',  ( 1.000000000000000000, 0.000000000000000000, 0.000000000000000000 ) ) ;
#2341 = VERTEX_POINT ( 'NONE', #1731 ) ;
#2342 = EDGE_CURVE ( 'NONE', #8207, #4912, #6661, .T. ) ;
#2343 = LINE ( 'NONE', #4400, #5331 ) ;
#2344 = ORIENTED_EDGE ( 'NONE', *, *, #7960, .F. ) ;
#2345 = CARTESIAN_POINT ( 'NONE',  ( 0.000000000000000000, -5.000000000000000000, -34.99999999997221067 ) ) ;
#2346 = FACE_OUTER_BOUND ( 'NONE', #3980, .T. ) ;
#2347 = VERTEX_POINT ( 'NONE', #7770 ) ;
#2348 = CARTESIAN_POINT ( 'NONE',  ( 4.991698401481079905, -0.008301598518919086830, -112.2962536293577500 ) ) ;
#2349 = ORIENTED_EDGE ( 'NONE', *, *, #5392, .F. ) ;
#2350 = FACE_OUTER_BOUND ( 'NONE', #440, .T. ) ;
#2351 = EDGE_LOOP ( 'NONE', ( #3506, #7839, #5297 ) ) ;
#2352 = DIRECTION ( 'NONE',  ( 1.000000000000000000, 0.000000000000000000, 0.000000000000000000 ) ) ;
#2353 = DIRECTION ( 'NONE',  ( 1.000000000000000000, 0.000000000000000000, 0.000000000000000000 ) ) ;
#2354 = CARTESIAN_POINT ( 'NONE',  ( -4.832344906989094468, -0.1676550930109057813, -25.14546193740919833 ) ) ;
#2355 = CARTESIAN_POINT ( 'NONE',  ( 4.040089233413053371, -0.9599107665869472950, -97.97763427936018843 ) ) ;
#2356 = DIRECTION ( 'NONE',  ( 1.224646799147353207E-16, 1.000000000000000000, 0.000000000000000000 ) ) ;
#2357 = CARTESIAN_POINT ( 'NONE',  ( -1.328041165545665203, -3.671958834454335019, -26.75000000000000355 ) ) ;
#2358 = CARTESIAN_POINT ( 'NONE',  ( 1.000000000000000000, 0.000000000000000000, -73.50000000000001421 ) ) ;
#2359 = CARTESIAN_POINT ( 'NONE',  ( 0.000000000000000000, 0.000000000000000000, -49.49999999999999289 ) ) ;
#2360 = DIRECTION ( 'NONE',  ( -1.000000000000000000, 1.224646799147353207E-16, 0.000000000000000000 ) ) ;
#2361 = CARTESIAN_POINT ( 'NONE',  ( -1.137203174285779994, -3.862796825714218674, -26.62899883711746085 ) ) ;
#2362 = CARTESIAN_POINT ( 'NONE',  ( 0.4915337874163407395, -4.508466212583659427, -42.39376480692352800 ) ) ;
#2363 = DIRECTION ( 'NONE',  ( -0.000000000000000000, -0.000000000000000000, 1.000000000000000000 ) ) ;
#2364 = CARTESIAN_POINT ( 'NONE',  ( -3.671958834454343013, -1.328041165545656765, -76.25000000000000000 ) ) ;
#2365 = ORIENTED_EDGE ( 'NONE', *, *, #1993, .T. ) ;
#2366 = ORIENTED_EDGE ( 'NONE', *, *, #3378, .T. ) ;
#2367 = ORIENTED_EDGE ( 'NONE', *, *, #8394, .F. ) ;
#2368 = DIRECTION ( 'NONE',  ( -0.000000000000000000, -0.000000000000000000, 1.000000000000000000 ) ) ;
#2369 = EDGE_CURVE ( 'NONE', #3906, #135, #8842, .T. ) ;
#2370 = DIRECTION ( 'NONE',  ( 0.000000000000000000, -1.000000000000000000, 0.000000000000000000 ) ) ;
#2371 = VERTEX_POINT ( 'NONE', #8389 ) ;
#2372 = ADVANCED_FACE ( 'NONE', ( #1591 ), #1119, .T. ) ;
#2373 = CARTESIAN_POINT ( 'NONE',  ( 0.000000000000000000, 0.000000000000000000, -79.00000000000000000 ) ) ;
#2374 = CARTESIAN_POINT ( 'NONE',  ( -0.1593231317748053377, -4.840676868225195939, -47.14678058429972651 ) ) ;
#2375 = CYLINDRICAL_SURFACE ( 'NONE', #2707, 0.9999999999999995559 ) ;
#2376 = DIRECTION ( 'NONE',  ( -0.000000000000000000, -0.000000000000000000, 1.000000000000000000 ) ) ;
#2377 = CIRCLE ( 'NONE', #8252, 4.000000000000000000 ) ;
#2378 = CARTESIAN_POINT ( 'NONE',  ( 3.671958834454343013, -1.328041165545656987, -98.24999999999998579 ) ) ;
#2379 = CARTESIAN_POINT ( 'NONE',  ( -4.686141179201310791, -0.3138588207986893752, -75.03467868775798877 ) ) ;
#2380 = CARTESIAN_POINT ( 'NONE',  ( 1.000000000000000000, 0.000000000000000000, -29.50000000000000355 ) ) ;
#2381 = DIRECTION ( 'NONE',  ( 1.224646799147353207E-16, 1.000000000000000000, 0.000000000000000000 ) ) ;
#2382 = ORIENTED_EDGE ( 'NONE', *, *, #4341, .T. ) ;
#2383 = AXIS2_PLACEMENT_3D ( 'NONE', #596, #8798, #5799 ) ;
#2384 = B_SPLINE_CURVE_WITH_KNOTS ( 'NONE', 3,
 ( #1645, #5937, #8717, #7237, #4606, #1198, #8533, #5801, #7870, #3825, #8671, #1011 ),
 .UNSPECIFIED., .F., .F.,
 ( 4, 2, 2, 2, 2, 4 ),
 ( 0.003504634718722943101, 0.003941423334001239315, 0.004378211949279535962, 0.005251789179836128391, 0.006125366410392720819, 0.006998943640949313247 ),
 .UNSPECIFIED. ) ;
#2385 = VERTEX_POINT ( 'NONE', #949 ) ;
#2386 = CARTESIAN_POINT ( 'NONE',  ( -0.2517800035594489616, -4.748219996440551149, -36.40883637235563697 ) ) ;
#2387 = DIRECTION ( 'NONE',  ( -0.000000000000000000, -0.000000000000000000, 1.000000000000000000 ) ) ;
#2388 = VERTEX_POINT ( 'NONE', #8712 ) ;
#2389 = AXIS2_PLACEMENT_3D ( 'NONE', #2769, #651, #8146 ) ;
#2390 = DIRECTION ( 'NONE',  ( -0.000000000000000000, -0.000000000000000000, 1.000000000000000000 ) ) ;
#2391 = ORIENTED_EDGE ( 'NONE', *, *, #4749, .T. ) ;
#2392 = CARTESIAN_POINT ( 'NONE',  ( 0.9999999999999988898, 0.000000000000000000, 0.000000000000000000 ) ) ;
#2393 = ORIENTED_EDGE ( 'NONE', *, *, #6646, .T. ) ;
#2394 = AXIS2_PLACEMENT_3D ( 'NONE', #5665, #6481, #7147 ) ;
#2395 = LINE ( 'NONE', #3069, #3535 ) ;
#2396 = CIRCLE ( 'NONE', #1692, 3.904737509655567873 ) ;
#2397 = CARTESIAN_POINT ( 'NONE',  ( 0.1593231317802004943, -4.840676868219798479, -19.64678058431651309 ) ) ;
#2398 = FACE_OUTER_BOUND ( 'NONE', #7352, .T. ) ;
#2399 = DIRECTION ( 'NONE',  ( -0.000000000000000000, -0.000000000000000000, 1.000000000000000000 ) ) ;
#2400 = CARTESIAN_POINT ( 'NONE',  ( -4.840676868219845552, -0.1593231317801558078, -88.85321941568362547 ) ) ;
#2401 = CARTESIAN_POINT ( 'NONE',  ( 4.686141179201312568, -0.3138588207986878764, -9.034678687757985216 ) ) ;
#2402 = DIRECTION ( 'NONE',  ( -0.000000000000000000, -0.000000000000000000, 1.000000000000000000 ) ) ;
#2403 = AXIS2_PLACEMENT_3D ( 'NONE', #105, #5447, #151 ) ;
#2404 = CARTESIAN_POINT ( 'NONE',  ( 4.502552532152130027, -0.4974474678478693068, -25.88672757692826920 ) ) ;
#2405 = CARTESIAN_POINT ( 'NONE',  ( 0.000000000000000000, 0.000000000000000000, -84.50000000000000000 ) ) ;
#2406 = CARTESIAN_POINT ( 'NONE',  ( -4.359865889258244920, -0.6401341107417566345, -108.6012504537135044 ) ) ;
#2407 = DIRECTION ( 'NONE',  ( -0.000000000000000000, -0.000000000000000000, 1.000000000000000000 ) ) ;
#2408 = AXIS2_PLACEMENT_3D ( 'NONE', #3031, #2264, #5190 ) ;
#2409 = CARTESIAN_POINT ( 'NONE',  ( 3.904737509655567873, 0.000000000000000000, -120.2499999999999858 ) ) ;
#2410 = CARTESIAN_POINT ( 'NONE',  ( 0.1593231317748065867, -4.840676868225194163, -52.64678058429972651 ) ) ;
#2411 = VERTEX_POINT ( 'NONE', #8091 ) ;
#2412 = VERTEX_POINT ( 'NONE', #3953 ) ;
#2413 = ORIENTED_EDGE ( 'NONE', *, *, #2804, .F. ) ;
#2414 = CARTESIAN_POINT ( 'NONE',  ( 1.000000000000000000, 0.000000000000000000, -49.49999999999999289 ) ) ;
#2415 = DIRECTION ( 'NONE',  ( -0.000000000000000000, -0.000000000000000000, 1.000000000000000000 ) ) ;
#2416 = ORIENTED_EDGE ( 'NONE', *, *, #2254, .F. ) ;
#2417 = TOROIDAL_SURFACE ( 'NONE', #8854, 1.000000000000000000, 4.000000000000000000 ) ;
#2418 = DIRECTION ( 'NONE',  ( 1.000000000000000000, 0.000000000000000000, 0.000000000000000000 ) ) ;
#2419 = CARTESIAN_POINT ( 'NONE',  ( 5.000000000000284217, 2.846191403287952879E-13, -62.50000000000020606 ) ) ;
#2420 = CARTESIAN_POINT ( 'NONE',  ( 0.000000000000000000, 0.000000000000000000, -80.99999999999998579 ) ) ;
#2421 = EDGE_CURVE ( 'NONE', #6944, #1301, #5685, .T. ) ;
#2422 = DIRECTION ( 'NONE',  ( -0.000000000000000000, -0.000000000000000000, 1.000000000000000000 ) ) ;
#2423 = ORIENTED_EDGE ( 'NONE', *, *, #3205, .F. ) ;
#2424 = ADVANCED_FACE ( 'NONE', ( #550 ), #7989, .T. ) ;
#2425 = CIRCLE ( 'NONE', #3556, 3.904737509655565209 ) ;
#2426 = DIRECTION ( 'NONE',  ( 1.000000000000000000, 0.000000000000000000, 0.000000000000000000 ) ) ;
#2427 = CARTESIAN_POINT ( 'NONE',  ( -4.999999999999986677, -1.245921937940029991E-14, -73.64725720788725027 ) ) ;
#2428 = CARTESIAN_POINT ( 'NONE',  ( 0.000000000000000000, 0.000000000000000000, -26.00000000000000000 ) ) ;
#2429 = CARTESIAN_POINT ( 'NONE',  ( 5.000000000000283329, 2.838280096949033931E-13, -24.00000000000021316 ) ) ;
#2430 = EDGE_CURVE ( 'NONE', #8491, #7896, #5681, .T. ) ;
#2431 = ORIENTED_EDGE ( 'NONE', *, *, #4053, .T. ) ;
#2432 = VERTEX_POINT ( 'NONE', #8575 ) ;
#2433 = CIRCLE ( 'NONE', #2005, 2.000000000000001776 ) ;
#2434 = DIRECTION ( 'NONE',  ( -0.000000000000000000, -0.000000000000000000, 1.000000000000000000 ) ) ;
#2435 = EDGE_CURVE ( 'NONE', #4452, #979, #5691, .T. ) ;
#2436 = CC_DESIGN_DATE_AND_TIME_ASSIGNMENT ( #1282, #1863, ( #3742 ) ) ;
#2437 = ORIENTED_EDGE ( 'NONE', *, *, #1002, .T. ) ;
#2438 = CARTESIAN_POINT ( 'NONE',  ( -1.136863993906876091, -3.863136006093123687, -87.37121622079635586 ) ) ;
#2439 = CARTESIAN_POINT ( 'NONE',  ( 0.000000000000000000, -5.000000000000000000, -7.500000000000003553 ) ) ;
#2440 = EDGE_CURVE ( 'NONE', #5278, #3449, #4201, .T. ) ;
#2441 = VERTEX_POINT ( 'NONE', #1142 ) ;
#2442 = B_SPLINE_CURVE_WITH_KNOTS ( 'NONE', 3,
 ( #3474, #4101, #6883, #6927, #2045, #3629, #7765, #1426, #3009, #65, #1635, #8853 ),
 .UNSPECIFIED., .F., .F.,
 ( 4, 2, 2, 2, 2, 4 ),
 ( 0.003504634718750453647, 0.003941423334025305134, 0.004378211949300156620, 0.005251789179849864798, 0.006125366410399572109, 0.006998943640949279420 ),
 .UNSPECIFIED. ) ;
#2443 = AXIS2_PLACEMENT_3D ( 'NONE', #6239, #8610, #1508 ) ;
#2444 = CARTESIAN_POINT ( 'NONE',  ( 0.000000000000000000, 0.000000000000000000, -95.50000000000000000 ) ) ;
#2445 = ORIENTED_EDGE ( 'NONE', *, *, #8585, .F. ) ;
#2446 = AXIS2_PLACEMENT_3D ( 'NONE', #7639, #1585, #4181 ) ;
#2447 = ORIENTED_EDGE ( 'NONE', *, *, #4792, .F. ) ;
#2448 = TOROIDAL_SURFACE ( 'NONE', #443, 1.000000000000000000, 3.999999999999996447 ) ;
#2449 = CARTESIAN_POINT ( 'NONE',  ( -4.282386290039721821, -0.7176137099602799552, -53.70222873041529255 ) ) ;
#2450 = DIRECTION ( 'NONE',  ( -0.000000000000000000, -0.000000000000000000, 1.000000000000000000 ) ) ;
#2451 = CARTESIAN_POINT ( 'NONE',  ( 1.136863993906868986, -3.863136006093129016, -48.87121622079634875 ) ) ;
#2452 = CARTESIAN_POINT ( 'NONE',  ( 0.06459124883189704125, -4.935408751168103514, -28.77165234913500669 ) ) ;
#2453 = CARTESIAN_POINT ( 'NONE',  ( 0.000000000000000000, -5.000000000000000000, -67.99999999997220357 ) ) ;
#2454 = CARTESIAN_POINT ( 'NONE',  ( -3.671958834454342124, -1.328041165545657876, -37.75000000000000000 ) ) ;
#2455 = AXIS2_PLACEMENT_3D ( 'NONE', #3450, #2101, #4848 ) ;
#2456 = VECTOR ( 'NONE', #6034, 1000.000000000000000 ) ;
#2457 = CARTESIAN_POINT ( 'NONE',  ( -0.2608011983036451209, -4.739198801696356433, -94.09076228219166182 ) ) ;
#2458 = CARTESIAN_POINT ( 'NONE',  ( -1.328041165545661428, -3.671958834454339016, -21.24999999999999645 ) ) ;
#2459 = EDGE_CURVE ( 'NONE', #7236, #277, #6404, .T. ) ;
#2460 = CARTESIAN_POINT ( 'NONE',  ( 0.000000000000000000, 0.000000000000000000, -44.00000000000000000 ) ) ;
#2461 = DIRECTION ( 'NONE',  ( 0.000000000000000000, 0.000000000000000000, -1.000000000000000000 ) ) ;
#2462 = TOROIDAL_SURFACE ( 'NONE', #6892, 1.000000000000000000, 2.000000000000000000 ) ;
#2463 = CIRCLE ( 'NONE', #2751, 1.000000000000000000 ) ;
#2464 = CARTESIAN_POINT ( 'NONE',  ( -3.432389260511237366E-15, -4.999999999999997335, -73.64684353044862064 ) ) ;
#2465 = CARTESIAN_POINT ( 'NONE',  ( -0.04063066961489568418, -4.959369330385105634, -56.41386551654453285 ) ) ;
#2466 = EDGE_LOOP ( 'NONE', ( #1004, #8182, #2192 ) ) ;
#2467 = ORIENTED_EDGE ( 'NONE', *, *, #5118, .F. ) ;
#2468 = ORIENTED_EDGE ( 'NONE', *, *, #1407, .F. ) ;
#2469 = DIRECTION ( 'NONE',  ( -0.000000000000000000, -0.000000000000000000, 1.000000000000000000 ) ) ;
#2470 = CARTESIAN_POINT ( 'NONE',  ( 4.959369330385074548, -0.04063066961492747126, -13.58613448345569630 ) ) ;
#2471 = TOROIDAL_SURFACE ( 'NONE', #882, 1.000000000000000000, 1.999999999999994893 ) ;
#2472 = ORIENTED_EDGE ( 'NONE', *, *, #7529, .T. ) ;
#2473 = CARTESIAN_POINT ( 'NONE',  ( 3.671958834454343013, -1.328041165545656987, -92.74999999999998579 ) ) ;
#2474 = CARTESIAN_POINT ( 'NONE',  ( 5.000000000000008882, 9.485286701590465617E-15, -29.35315646955161739 ) ) ;
#2475 = CARTESIAN_POINT ( 'NONE',  ( -0.9999999999999995559, 1.224646799147352714E-16, 0.000000000000000000 ) ) ;
#2476 = CARTESIAN_POINT ( 'NONE',  ( -0.03220399570035204634, -4.967796004299648516, -2.584536274301501457 ) ) ;
#2477 = CIRCLE ( 'NONE', #7491, 1.000000000000000000 ) ;
#2478 = CARTESIAN_POINT ( 'NONE',  ( -0.7176137099645695239, -4.282386290035430143, -32.79777126957944944 ) ) ;
#2479 = CARTESIAN_POINT ( 'NONE',  ( -0.03993437491365115638, -4.960065625086347296, -107.0813102135016521 ) ) ;
#2480 = CARTESIAN_POINT ( 'NONE',  ( -4.359865889258239591, -0.6401341107417616305, -9.601250453713507937 ) ) ;
#2481 = DIRECTION ( 'NONE',  ( 1.000000000000000000, 0.000000000000000000, 0.000000000000000000 ) ) ;
#2482 = VERTEX_POINT ( 'NONE', #3203 ) ;
#2483 = ORIENTED_EDGE ( 'NONE', *, *, #6657, .T. ) ;
#2484 = ORGANIZATION ( 'UNSPECIFIED', 'UNSPECIFIED', '' ) ;
#2485 = CARTESIAN_POINT ( 'NONE',  ( -5.000000000000281553, 2.811725620256466210E-13, -112.0000000000002132 ) ) ;
#2486 = EDGE_LOOP ( 'NONE', ( #5837, #1214, #4691 ) ) ;
#2487 = DIRECTION ( 'NONE',  ( 1.000000000000000000, 0.000000000000000000, 0.000000000000000000 ) ) ;
#2488 = PLANE ( 'NONE',  #1883 ) ;
#2489 = EDGE_LOOP ( 'NONE', ( #8374, #8762, #5510, #4378 ) ) ;
#2490 = EDGE_CURVE ( 'NONE', #1535, #5179, #974, .T. ) ;
#2491 = PERSON_AND_ORGANIZATION_ROLE ( 'design_supplier' ) ;
#2492 = B_SPLINE_CURVE_WITH_KNOTS ( 'NONE', 3,
 ( #754, #6893, #4281, #7014, #876, #6346, #5667, #206, #75, #2812, #5539, #8275, #4878, #793, #8321, #4921 ),
 .UNSPECIFIED., .F., .F.,
 ( 4, 2, 2, 2, 2, 2, 2, 4 ),
 ( 4.818711198664599083E-07, 0.0008765200830274455859, 0.001314539188981235160, 0.001752558294935024734, 0.002190577400888814308, 0.002628596506842603882, 0.003066615612796393456, 0.003504634718750183030 ),
 .UNSPECIFIED. ) ;
#2493 = ORIENTED_EDGE ( 'NONE', *, *, #5056, .T. ) ;
#2494 = ADVANCED_FACE ( 'NONE', ( #728 ), #2973, .T. ) ;
#2495 = CARTESIAN_POINT ( 'NONE',  ( -4.959369330385075436, -0.04063066961492567408, -52.08613448345570873 ) ) ;
#2496 = CARTESIAN_POINT ( 'NONE',  ( 0.03993437491706691017, -4.960065625082932250, -19.08131021352448897 ) ) ;
#2497 = DIRECTION ( 'NONE',  ( 1.000000000000000000, 0.000000000000000000, 0.000000000000000000 ) ) ;
#2498 = CARTESIAN_POINT ( 'NONE',  ( 0.4974474678531605187, -4.502552532146839148, -27.61327242306307639 ) ) ;
#2499 = ORIENTED_EDGE ( 'NONE', *, *, #1294, .T. ) ;
#2500 = CARTESIAN_POINT ( 'NONE',  ( 0.000000000000000000, -5.000000000000000000, -117.5000000000000000 ) ) ;
#2501 = CARTESIAN_POINT ( 'NONE',  ( -4.872131520502827939, -0.1278684794971705618, -36.00740203054002109 ) ) ;
#2502 = DIRECTION ( 'NONE',  ( 1.224646799147353207E-16, 1.000000000000000000, 0.000000000000000000 ) ) ;
#2503 = DIRECTION ( 'NONE',  ( -0.000000000000000000, -0.000000000000000000, 1.000000000000000000 ) ) ;
#2504 = B_SPLINE_CURVE_WITH_KNOTS ( 'NONE', 3,
 ( #3811, #8661, #4545, #1853, #7807, #325, #5789, #414, #7853, #3766, #1045, #500 ),
 .UNSPECIFIED., .F., .F.,
 ( 4, 2, 2, 2, 2, 4 ),
 ( 0.003504634718722713250, 0.003941423334001033750, 0.004378211949279353817, 0.005251789179835994817, 0.006125366410392634950, 0.006998943640949276818 ),
 .UNSPECIFIED. ) ;
#2505 = CARTESIAN_POINT ( 'NONE',  ( -4.832344906989096245, -0.1676550930109028115, -41.64546193740918767 ) ) ;
#2506 = CARTESIAN_POINT ( 'NONE',  ( 0.6335913640883366060, -4.366408635911663616, -103.1061995511578147 ) ) ;
#2507 = DIRECTION ( 'NONE',  ( 1.000000000000000000, 0.000000000000000000, 0.000000000000000000 ) ) ;
#2508 = CARTESIAN_POINT ( 'NONE',  ( 0.000000000000000000, 0.000000000000000000, -24.00000000000000355 ) ) ;
#2509 = ORIENTED_EDGE ( 'NONE', *, *, #622, .T. ) ;
#2510 = VERTEX_POINT ( 'NONE', #5482 ) ;
#2511 = ORIENTED_EDGE ( 'NONE', *, *, #5497, .T. ) ;
#2512 = DIRECTION ( 'NONE',  ( 1.000000000000000000, 0.000000000000000000, 0.000000000000000000 ) ) ;
#2513 = CARTESIAN_POINT ( 'NONE',  ( 4.935956332719894313, -0.06404366728010570109, -45.27440186598522587 ) ) ;
#2514 = ORIENTED_EDGE ( 'NONE', *, *, #5280, .F. ) ;
#2515 = CARTESIAN_POINT ( 'NONE',  ( 0.000000000000000000, -5.000000000000000000, -100.9999999999722036 ) ) ;
#2516 = CARTESIAN_POINT ( 'NONE',  ( 4.748219996434698942, -0.2517800035653027235, -28.09116362763014862 ) ) ;
#2517 = CARTESIAN_POINT ( 'NONE',  ( -4.991957775357460214, -0.008042224642539586368, -95.20753412542734395 ) ) ;
#2518 = CARTESIAN_POINT ( 'NONE',  ( -0.9999999999999995559, 1.224646799147352714E-16, 0.000000000000000000 ) ) ;
#2519 = CARTESIAN_POINT ( 'NONE',  ( -4.502552532152134468, -0.4974474678478655321, -75.38672757692825144 ) ) ;
#2520 = CARTESIAN_POINT ( 'NONE',  ( 0.000000000000000000, 0.000000000000000000, -40.50000000000000711 ) ) ;
#2521 = CARTESIAN_POINT ( 'NONE',  ( 3.671958834454343013, -1.328041165545656987, -120.2499999999999858 ) ) ;
#2522 = ORIENTED_EDGE ( 'NONE', *, *, #123, .T. ) ;
#2523 = ORIENTED_EDGE ( 'NONE', *, *, #2542, .T. ) ;
#2524 = DIRECTION ( 'NONE',  ( 1.224646799147353207E-16, 1.000000000000000000, 0.000000000000000000 ) ) ;
#2525 = B_SPLINE_CURVE_WITH_KNOTS ( 'NONE', 3,
 ( #3219, #4616, #1252, #5908, #3262, #8729, #3790, #4481, #6532, #2505, #7348, #8545, #4569, #7293, #8644, #1161 ),
 .UNSPECIFIED., .F., .F.,
 ( 4, 2, 2, 2, 2, 2, 2, 4 ),
 ( 4.818711198524085846E-07, 0.0008765200830274246608, 0.001314539188981217813, 0.001752558294935011507, 0.002190577400888805201, 0.002628596506842598678, 0.003066615612796392155, 0.003504634718750185632 ),
 .UNSPECIFIED. ) ;
#2526 = ORIENTED_EDGE ( 'NONE', *, *, #8348, .F. ) ;
#2527 = CARTESIAN_POINT ( 'NONE',  ( 4.282386290039718268, -0.7176137099602819536, -75.70222873041528544 ) ) ;
#2528 = CARTESIAN_POINT ( 'NONE',  ( 1.000000000000000000, 0.000000000000000000, -66.00000000000000000 ) ) ;
#2529 = ORIENTED_EDGE ( 'NONE', *, *, #5647, .F. ) ;
#2530 = APPROVAL_ROLE ( '' ) ;
#2531 = CIRCLE ( 'NONE', #1959, 1.999999999999998224 ) ;
#2532 = ORIENTED_EDGE ( 'NONE', *, *, #5557, .T. ) ;
#2533 = CARTESIAN_POINT ( 'NONE',  ( -3.671958834454342124, -1.328041165545657876, -54.25000000000000000 ) ) ;
#2534 = DIRECTION ( 'NONE',  ( 1.000000000000000000, 0.000000000000000000, 0.000000000000000000 ) ) ;
#2535 = ADVANCED_FACE ( 'NONE', ( #3498 ), #3684, .T. ) ;
#2536 = AXIS2_PLACEMENT_3D ( 'NONE', #2460, #6579, #5811 ) ;
#2537 = DIRECTION ( 'NONE',  ( -1.000000000000000000, 1.224646799147353207E-16, 0.000000000000000000 ) ) ;
#2538 = CARTESIAN_POINT ( 'NONE',  ( 0.000000000000000000, -5.000000000000000000, -29.49999999997211830 ) ) ;
#2539 = ORIENTED_EDGE ( 'NONE', *, *, #1351, .F. ) ;
#2540 = CARTESIAN_POINT ( 'NONE',  ( -1.137203174285770890, -3.862796825714230220, -120.1289988371174644 ) ) ;
#2541 = EDGE_CURVE ( 'NONE', #611, #5278, #237, .T. ) ;
#2542 = EDGE_CURVE ( 'NONE', #8207, #2115, #120, .T. ) ;
#2543 = DIRECTION ( 'NONE',  ( 1.000000000000000000, 0.000000000000000000, 0.000000000000000000 ) ) ;
#2544 = DIRECTION ( 'NONE',  ( -0.000000000000000000, -0.000000000000000000, 1.000000000000000000 ) ) ;
#2545 = ORIENTED_EDGE ( 'NONE', *, *, #6101, .T. ) ;
#2546 = CIRCLE ( 'NONE', #8698, 3.904737509655567429 ) ;
#2547 = AXIS2_PLACEMENT_3D ( 'NONE', #3650, #5634, #1526 ) ;
#2548 = CARTESIAN_POINT ( 'NONE',  ( -1.137203174284265206, -3.862796825715734794, -103.6289988371164839 ) ) ;
#2549 = CARTESIAN_POINT ( 'NONE',  ( -4.502552532152134468, -0.4974474678478655321, -108.3867275769282088 ) ) ;
#2550 = CARTESIAN_POINT ( 'NONE',  ( 1.137203174284266316, -3.862796825715733906, -114.6289988371164839 ) ) ;
#2551 = EDGE_CURVE ( 'NONE', #3234, #7557, #7292, .T. ) ;
#2552 = CARTESIAN_POINT ( 'NONE',  ( 0.6401341107417213294, -4.359865889258278671, -71.39874954628656667 ) ) ;
#2553 = FACE_OUTER_BOUND ( 'NONE', #6470, .T. ) ;
#2554 = ORIENTED_EDGE ( 'NONE', *, *, #7913, .T. ) ;
#2555 = ORIENTED_EDGE ( 'NONE', *, *, #6821, .F. ) ;
#2556 = AXIS2_PLACEMENT_3D ( 'NONE', #3862, #6608, #467 ) ;
#2557 = EDGE_LOOP ( 'NONE', ( #4408, #394, #8419 ) ) ;
#2558 = ADVANCED_FACE ( 'NONE', ( #2073 ), #4263, .T. ) ;
#2559 = CARTESIAN_POINT ( 'NONE',  ( 0.1593231317748051712, -4.840676868225195939, -47.14678058429972651 ) ) ;
#2560 = CARTESIAN_POINT ( 'NONE',  ( -4.999999999999991118, -1.021206449902765528E-14, -18.64725720788726093 ) ) ;
#2561 = ORIENTED_EDGE ( 'NONE', *, *, #5056, .F. ) ;
#2562 = CARTESIAN_POINT ( 'NONE',  ( 0.000000000000000000, 0.000000000000000000, -98.24999999999998579 ) ) ;
#2563 = CIRCLE ( 'NONE', #1986, 3.904737509655567873 ) ;
#2564 = CARTESIAN_POINT ( 'NONE',  ( -3.671958834454343013, -1.328041165545656765, -114.7499999999999858 ) ) ;
#2565 = CARTESIAN_POINT ( 'NONE',  ( 0.6401341107464962876, -4.359865889253503823, -98.89874954628010073 ) ) ;
#2566 = DIRECTION ( 'NONE',  ( -0.000000000000000000, -0.000000000000000000, 1.000000000000000000 ) ) ;
#2567 = ORIENTED_EDGE ( 'NONE', *, *, #6657, .F. ) ;
#2568 = CARTESIAN_POINT ( 'NONE',  ( -0.2517800035594085495, -4.748219996440591117, -107.9088363723554949 ) ) ;
#2569 = DIRECTION ( 'NONE',  ( -1.000000000000000000, 1.224646799147353207E-16, 0.000000000000000000 ) ) ;
#2570 = DIRECTION ( 'NONE',  ( 1.224646799147353207E-16, 1.000000000000000000, 0.000000000000000000 ) ) ;
#2571 = ORIENTED_EDGE ( 'NONE', *, *, #1563, .F. ) ;
#2572 = ORIENTED_EDGE ( 'NONE', *, *, #5659, .F. ) ;
#2573 = DIRECTION ( 'NONE',  ( -0.000000000000000000, -0.000000000000000000, 1.000000000000000000 ) ) ;
#2574 = CARTESIAN_POINT ( 'NONE',  ( -0.4323357082839848764, -4.567664291716014624, -121.2262912688046015 ) ) ;
#2575 = CIRCLE ( 'NONE', #5290, 0.9999999999999993339 ) ;
#2576 = VERTEX_POINT ( 'NONE', #2752 ) ;
#2577 = CARTESIAN_POINT ( 'NONE',  ( 0.000000000000000000, 0.000000000000000000, -98.24999999999998579 ) ) ;
#2578 = CARTESIAN_POINT ( 'NONE',  ( 0.4915337874163392407, -4.508466212583661203, -97.39376480692352800 ) ) ;
#2579 = AXIS2_PLACEMENT_3D ( 'NONE', #4570, #3885, #790 ) ;
#2580 = DATE_TIME_ROLE ( 'classification_date' ) ;
#2581 = ORIENTED_EDGE ( 'NONE', *, *, #1021, .T. ) ;
#2582 = CARTESIAN_POINT ( 'NONE',  ( 4.960065625082963336, -0.03993437491703671210, -116.9186897864757100 ) ) ;
#2583 = CARTESIAN_POINT ( 'NONE',  ( 0.9582157396373296443, -4.041784260362669023, -37.47622534969822539 ) ) ;
#2584 = CIRCLE ( 'NONE', #7595, 1.999999999999998224 ) ;
#2585 = CARTESIAN_POINT ( 'NONE',  ( 0.000000000000000000, 0.000000000000000000, -13.00000000000000355 ) ) ;
#2586 = CARTESIAN_POINT ( 'NONE',  ( 5.000000000000285993, 2.862826807771588442E-13, -57.00000000000020606 ) ) ;
#2587 = ORIENTED_EDGE ( 'NONE', *, *, #1262, .F. ) ;
#2588 = CARTESIAN_POINT ( 'NONE',  ( 1.000000000000000000, 0.000000000000000000, -18.50000000000000355 ) ) ;
#2589 = DIRECTION ( 'NONE',  ( -0.000000000000000000, -0.000000000000000000, 1.000000000000000000 ) ) ;
#2590 = CARTESIAN_POINT ( 'NONE',  ( -0.2608011982979986931, -4.739198801702002584, -11.59076228220567550 ) ) ;
#2591 = EDGE_CURVE ( 'NONE', #8851, #6204, #687, .T. ) ;
#2592 = CIRCLE ( 'NONE', #2, 1.999999999999988010 ) ;
#2593 = VERTEX_POINT ( 'NONE', #4179 ) ;
#2594 = TOROIDAL_SURFACE ( 'NONE', #8032, 1.000000000000000000, 4.000000000000000000 ) ;
#2595 = CARTESIAN_POINT ( 'NONE',  ( 0.008042224640668390462, -4.991957775359332494, -84.79246587454774442 ) ) ;
#2596 = CARTESIAN_POINT ( 'NONE',  ( 0.000000000000000000, 0.000000000000000000, -93.50000000000000000 ) ) ;
#2597 = DIRECTION ( 'NONE',  ( -1.000000000000000000, 1.224646799147353207E-16, 0.000000000000000000 ) ) ;
#2598 = CARTESIAN_POINT ( 'NONE',  ( -4.960065625082964225, -0.03993437491703531739, -34.41868978647571709 ) ) ;
#2599 = CARTESIAN_POINT ( 'NONE',  ( 1.411109832739705442E-15, -5.000000000000000888, -56.85274279211295578 ) ) ;
#2600 = AXIS2_PLACEMENT_3D ( 'NONE', #6540, #398, #3754 ) ;
#2601 = AXIS2_PLACEMENT_3D ( 'NONE', #5047, #964, #7822 ) ;
#2602 = ORIENTED_EDGE ( 'NONE', *, *, #2105, .T. ) ;
#2603 = CARTESIAN_POINT ( 'NONE',  ( 0.4915337874163437926, -4.508466212583657651, -47.89376480692354221 ) ) ;
#2604 = DIRECTION ( 'NONE',  ( -0.000000000000000000, -0.000000000000000000, 1.000000000000000000 ) ) ;
#2605 = ADVANCED_FACE ( 'NONE', ( #638 ), #5131, .T. ) ;
#2606 = ORIENTED_EDGE ( 'NONE', *, *, #6920, .F. ) ;
#2607 = CARTESIAN_POINT ( 'NONE',  ( -0.1676550930162429565, -4.832344906983758293, -77.85453806257376641 ) ) ;
#2609 = TOROIDAL_SURFACE ( 'NONE', #3730, 1.000000000000000000, 3.999999999999996447 ) ;
#2608 = APPROVAL ( #5934, 'UNSPECIFIED' ) ;
#2610 = CARTESIAN_POINT ( 'NONE',  ( 4.991957775357460214, -0.008042224642539515245, -95.20753412542734395 ) ) ;
#2611 = EDGE_CURVE ( 'NONE', #1301, #6606, #2256, .T. ) ;
#2612 = CARTESIAN_POINT ( 'NONE',  ( -1.000000000000000000, 1.224646799147353207E-16, -115.4999999999999858 ) ) ;
#2613 = ORIENTED_EDGE ( 'NONE', *, *, #7869, .F. ) ;
#2614 = CARTESIAN_POINT ( 'NONE',  ( 0.000000000000000000, -5.000000000000000000, -84.49999999997220357 ) ) ;
#2615 = CIRCLE ( 'NONE', #2031, 0.9999999999999993339 ) ;
#2616 = DIRECTION ( 'NONE',  ( -0.000000000000000000, -0.000000000000000000, 1.000000000000000000 ) ) ;
#2617 = EDGE_CURVE ( 'NONE', #4533, #5319, #3405, .T. ) ;
#2618 = EDGE_LOOP ( 'NONE', ( #6275, #6911, #1046 ) ) ;
#2619 = VERTEX_POINT ( 'NONE', #4938 ) ;
#2620 = CARTESIAN_POINT ( 'NONE',  ( 0.008301598520836278930, -4.991698401479165881, -67.70374637061713941 ) ) ;
#2621 = CARTESIAN_POINT ( 'NONE',  ( 0.000000000000000000, -5.000000000000000000, -123.0000000000000000 ) ) ;
#2622 = TOROIDAL_SURFACE ( 'NONE', #8770, 1.000000000000000000, 4.000000000000000000 ) ;
#2623 = ORIENTED_EDGE ( 'NONE', *, *, #7594, .T. ) ;
#2624 = CARTESIAN_POINT ( 'NONE',  ( -0.008301598520849516605, -4.991698401479150782, -89.70374637061692624 ) ) ;
#2625 = DIRECTION ( 'NONE',  ( 1.224646799147353207E-16, 1.000000000000000000, 0.000000000000000000 ) ) ;
#2626 = AXIS2_PLACEMENT_3D ( 'NONE', #8144, #2003, #3381 ) ;
#2627 = ADVANCED_FACE ( 'NONE', ( #8426 ), #6364, .F. ) ;
#2628 = DATE_AND_TIME ( #8761, #6623 ) ;
#2629 = VERTEX_POINT ( 'NONE', #2378 ) ;
#2630 = ORIENTED_EDGE ( 'NONE', *, *, #2147, .F. ) ;
#2631 = DIRECTION ( 'NONE',  ( 0.000000000000000000, -1.000000000000000000, 0.000000000000000000 ) ) ;
#2632 = DIRECTION ( 'NONE',  ( -0.000000000000000000, -0.000000000000000000, 1.000000000000000000 ) ) ;
#2633 = CARTESIAN_POINT ( 'NONE',  ( 0.9999999999999995559, 0.000000000000000000, 0.000000000000000000 ) ) ;
#2634 = CARTESIAN_POINT ( 'NONE',  ( 4.366408635906904756, -0.6335913640930950219, -5.393800448835985861 ) ) ;
#2635 = VERTEX_POINT ( 'NONE', #7714 ) ;
#2636 = CARTESIAN_POINT ( 'NONE',  ( -5.000000000000285105, 2.853348811012736403E-13, -29.50000000000020961 ) ) ;
#2637 = CARTESIAN_POINT ( 'NONE',  ( -4.502552532152133580, -0.4974474678478660872, -36.88672757692827275 ) ) ;
#2638 = CARTESIAN_POINT ( 'NONE',  ( -0.1278684794971274574, -4.872131520502872348, -11.99259796946014411 ) ) ;
#2639 = CARTESIAN_POINT ( 'NONE',  ( 1.137203174284266316, -3.862796825715733906, -87.12899883711651228 ) ) ;
#2640 = DIRECTION ( 'NONE',  ( -0.000000000000000000, -0.000000000000000000, 1.000000000000000000 ) ) ;
#2641 = DIRECTION ( 'NONE',  ( -0.000000000000000000, -0.000000000000000000, -1.000000000000000000 ) ) ;
#2642 = CARTESIAN_POINT ( 'NONE',  ( 0.6401341107417171106, -4.359865889258282223, -115.3987495462865667 ) ) ;
#2643 = FACE_OUTER_BOUND ( 'NONE', #4457, .T. ) ;
#2644 = CARTESIAN_POINT ( 'NONE',  ( 0.2517800035594496832, -4.748219996440551149, -47.40883637235565118 ) ) ;
#2645 = CARTESIAN_POINT ( 'NONE',  ( -4.959369330385070995, -0.04063066961492869250, -19.08613448345569807 ) ) ;
#2646 = EDGE_LOOP ( 'NONE', ( #2277, #1660, #488, #2757 ) ) ;
#2647 = CARTESIAN_POINT ( 'NONE',  ( -4.567820679631958924, -0.4321793203680420747, -69.77342623723033910 ) ) ;
#2648 = CARTESIAN_POINT ( 'NONE',  ( 0.000000000000000000, -5.000000000000000000, -7.500000000000003553 ) ) ;
#2649 = DIRECTION ( 'NONE',  ( 1.224646799147353207E-16, 1.000000000000000000, 0.000000000000000000 ) ) ;
#2650 = CARTESIAN_POINT ( 'NONE',  ( 0.000000000000000000, 0.000000000000000000, -54.25000000000000000 ) ) ;
#2651 = EDGE_LOOP ( 'NONE', ( #8108, #5640, #378, #1445, #7640, #1213 ) ) ;
#2652 = EDGE_CURVE ( 'NONE', #5198, #3818, #1553, .T. ) ;
#2653 = DIRECTION ( 'NONE',  ( 0.000000000000000000, 0.000000000000000000, -1.000000000000000000 ) ) ;
#2654 = EDGE_CURVE ( 'NONE', #5615, #3278, #1208, .T. ) ;
#2655 = CARTESIAN_POINT ( 'NONE',  ( 0.4974474678478202905, -4.502552532152180653, -22.11327242307182317 ) ) ;
#2656 = EDGE_CURVE ( 'NONE', #4085, #2619, #7432, .T. ) ;
#2657 = VERTEX_POINT ( 'NONE', #5648 ) ;
#2658 = ADVANCED_FACE ( 'NONE', ( #2240 ), #2118, .T. ) ;
#2659 = ORIENTED_EDGE ( 'NONE', *, *, #3041, .F. ) ;
#2660 = CARTESIAN_POINT ( 'NONE',  ( 0.4974474678531454752, -4.502552532146855135, -66.11327242306312257 ) ) ;
#2661 = CARTESIAN_POINT ( 'NONE',  ( -0.9999999999999995559, 1.224646799147352714E-16, 0.000000000000000000 ) ) ;
#2662 = DIRECTION ( 'NONE',  ( 1.000000000000000000, 0.000000000000000000, 0.000000000000000000 ) ) ;
#2663 = DIRECTION ( 'NONE',  ( -0.000000000000000000, -0.000000000000000000, 1.000000000000000000 ) ) ;
#2664 = ORIENTED_EDGE ( 'NONE', *, *, #2257, .F. ) ;
#2665 = CARTESIAN_POINT ( 'NONE',  ( -4.502552532152134468, -0.4974474678478655321, -86.38672757692826565 ) ) ;
#2666 = CARTESIAN_POINT ( 'NONE',  ( -3.862796825714235549, -1.137203174285766671, -81.87100116288257823 ) ) ;
#2667 = CARTESIAN_POINT ( 'NONE',  ( 4.748219996434699830, -0.2517800035653008917, -61.09116362763014507 ) ) ;
#2668 = ORIENTED_EDGE ( 'NONE', *, *, #939, .F. ) ;
#2669 = CARTESIAN_POINT ( 'NONE',  ( 0.000000000000000000, 0.000000000000000000, 0.000000000000000000 ) ) ;
#2670 = CIRCLE ( 'NONE', #4829, 2.000000000000001776 ) ;
#2671 = CARTESIAN_POINT ( 'NONE',  ( -5.000000000000285105, 2.853331553957207015E-13, -35.00000000000021316 ) ) ;
#2672 = CARTESIAN_POINT ( 'NONE',  ( -0.1676550930108567650, -4.832344906989144206, -61.35453806259097576 ) ) ;
#2673 = CARTESIAN_POINT ( 'NONE',  ( -1.000000000000000000, 1.224646799147353207E-16, -82.50000000000000000 ) ) ;
#2674 = AXIS2_PLACEMENT_3D ( 'NONE', #6728, #8078, #4672 ) ;
#2675 = DIRECTION ( 'NONE',  ( 1.000000000000000000, 0.000000000000000000, 0.000000000000000000 ) ) ;
#2676 = FACE_OUTER_BOUND ( 'NONE', #6146, .T. ) ;
#2677 = CARTESIAN_POINT ( 'NONE',  ( -4.935956332719893425, -0.06404366728010733867, -34.27440186598523297 ) ) ;
#2678 = CARTESIAN_POINT ( 'NONE',  ( 0.1278684794971272909, -4.872131520502872348, -11.99259796946014411 ) ) ;
#2679 = EDGE_LOOP ( 'NONE', ( #4090, #4044, #6873, #8599, #334, #177 ) ) ;
#2680 = CARTESIAN_POINT ( 'NONE',  ( -0.008301598520831864059, -4.991698401479168545, -34.70374637061712519 ) ) ;
#2681 = FACE_OUTER_BOUND ( 'NONE', #5334, .T. ) ;
#2682 = TOROIDAL_SURFACE ( 'NONE', #5542, 1.000000000000000000, 4.000000000000001776 ) ;
#2683 = AXIS2_PLACEMENT_3D ( 'NONE', #5432, #92, #2153 ) ;
#2684 = VERTEX_POINT ( 'NONE', #6458 ) ;
#2685 = CARTESIAN_POINT ( 'NONE',  ( -4.686141179201310791, -0.3138588207986893752, -69.53467868775797456 ) ) ;
#2686 = CARTESIAN_POINT ( 'NONE',  ( 0.1593231317801998559, -4.840676868219799367, -8.646780584316521967 ) ) ;
#2687 = DIRECTION ( 'NONE',  ( 0.000000000000000000, 0.000000000000000000, -1.000000000000000000 ) ) ;
#2688 = B_SPLINE_CURVE_WITH_KNOTS ( 'NONE', 3,
 ( #3587, #7764, #8256, #7224, #4448, #1723, #4395, #271, #7898, #5116, #324, #3008, #8660, #7851, #5741, #5160 ),
 .UNSPECIFIED., .F., .F.,
 ( 4, 2, 2, 2, 2, 2, 2, 4 ),
 ( 4.818711198791112983E-07, 0.0008765200830206385310, 0.001314539188971018072, 0.001752558294921397830, 0.002190577400871777589, 0.002628596506822157130, 0.003066615612772537105, 0.003504634718722916646 ),
 .UNSPECIFIED. ) ;
#2689 = AXIS2_PLACEMENT_3D ( 'NONE', #2248, #3596, #8488 ) ;
#2690 = EDGE_LOOP ( 'NONE', ( #7067, #7409, #635, #7576 ) ) ;
#2691 = ORIENTED_EDGE ( 'NONE', *, *, #2257, .T. ) ;
#2692 = CARTESIAN_POINT ( 'NONE',  ( 0.9999999999999993339, 0.000000000000000000, -26.00000000000000000 ) ) ;
#2693 = CARTESIAN_POINT ( 'NONE',  ( 1.328041165545661428, -3.671958834454339016, -21.24999999999999645 ) ) ;
#2694 = ORIENTED_EDGE ( 'NONE', *, *, #300, .T. ) ;
#2695 = AXIS2_PLACEMENT_3D ( 'NONE', #6329, #188, #1721 ) ;
#2696 = B_SPLINE_CURVE_WITH_KNOTS ( 'NONE', 3,
 ( #6234, #2241, #5025, #3541, #7804, #854, #2834, #7078, #2879, #4983, #5649, #4308 ),
 .UNSPECIFIED., .F., .F.,
 ( 4, 2, 2, 2, 2, 4 ),
 ( 0.003504634718750453647, 0.003941423334025305134, 0.004378211949300156620, 0.005251789179849864798, 0.006125366410399572109, 0.006998943640949280287 ),
 .UNSPECIFIED. ) ;
#2697 = ORIENTED_EDGE ( 'NONE', *, *, #6103, .F. ) ;
#2698 = EDGE_CURVE ( 'NONE', #6830, #5101, #3274, .T. ) ;
#2699 = CARTESIAN_POINT ( 'NONE',  ( -5.000000000000281553, 2.811725620256466210E-13, -79.00000000000021316 ) ) ;
#2700 = CARTESIAN_POINT ( 'NONE',  ( -4.359865889258240479, -0.6401341107417596321, -15.10125045371350083 ) ) ;
#2701 = DESIGN_CONTEXT ( 'detailed design', #3338, 'design' ) ;
#2702 = CIRCLE ( 'NONE', #3410, 0.9999999999999993339 ) ;
#2703 = CARTESIAN_POINT ( 'NONE',  ( -1.034155654313455908E-12, -4.999999999998965272, -106.3527427920860049 ) ) ;
#2704 = CARTESIAN_POINT ( 'NONE',  ( 0.000000000000000000, 0.000000000000000000, -10.25000000000000178 ) ) ;
#2705 = ORIENTED_EDGE ( 'NONE', *, *, #839, .T. ) ;
#2706 = EDGE_CURVE ( 'NONE', #4454, #2827, #4092, .T. ) ;
#2707 = AXIS2_PLACEMENT_3D ( 'NONE', #1040, #986, #7760 ) ;
#2708 = ADVANCED_FACE ( 'NONE', ( #3540 ), #8277, .T. ) ;
#2709 = CARTESIAN_POINT ( 'NONE',  ( -4.359865889258244920, -0.6401341107417566345, -86.60125045371350438 ) ) ;
#2710 = EDGE_CURVE ( 'NONE', #589, #1147, #4645, .T. ) ;
#2711 = CARTESIAN_POINT ( 'NONE',  ( -3.671958834454342124, -1.328041165545657876, -43.25000000000000711 ) ) ;
#2712 = CARTESIAN_POINT ( 'NONE',  ( 0.000000000000000000, 0.000000000000000000, 0.000000000000000000 ) ) ;
#2713 = DIRECTION ( 'NONE',  ( -0.000000000000000000, -0.000000000000000000, 1.000000000000000000 ) ) ;
#2714 = ORIENTED_EDGE ( 'NONE', *, *, #7390, .T. ) ;
#2715 = CARTESIAN_POINT ( 'NONE',  ( 4.840676868219848217, -0.1593231317801517555, -39.35321941568363258 ) ) ;
#2716 = AXIS2_PLACEMENT_3D ( 'NONE', #1930, #6669, #4617 ) ;
#2717 = LINE ( 'NONE', #2081, #457 ) ;
#2718 = DIRECTION ( 'NONE',  ( -0.000000000000000000, -0.000000000000000000, 1.000000000000000000 ) ) ;
#2719 = EDGE_CURVE ( 'NONE', #2371, #5513, #548, .T. ) ;
#2720 = DIRECTION ( 'NONE',  ( 1.000000000000000000, 0.000000000000000000, 0.000000000000000000 ) ) ;
#2721 = TOROIDAL_SURFACE ( 'NONE', #5719, 1.000000000000000000, 4.000000000000001776 ) ;
#2722 = CARTESIAN_POINT ( 'NONE',  ( -4.935956332719893425, -0.06404366728010749132, -50.77440186598523297 ) ) ;
#2723 = DIRECTION ( 'NONE',  ( -0.000000000000000000, -0.000000000000000000, 1.000000000000000000 ) ) ;
#2724 = DIRECTION ( 'NONE',  ( -0.000000000000000000, -0.000000000000000000, 1.000000000000000000 ) ) ;
#2725 = CARTESIAN_POINT ( 'NONE',  ( 0.1676550930108578474, -4.832344906989141542, -116.3545380625909473 ) ) ;
#2726 = VERTEX_POINT ( 'NONE', #1085 ) ;
#2727 = CARTESIAN_POINT ( 'NONE',  ( 1.000000000000000000, 0.000000000000000000, -112.0000000000000000 ) ) ;
#2728 = CARTESIAN_POINT ( 'NONE',  ( -3.671958834454342124, -1.328041165545657876, -37.75000000000000000 ) ) ;
#2729 = CARTESIAN_POINT ( 'NONE',  ( 0.4974474678478199574, -4.502552532152179765, -16.61327242307181962 ) ) ;
#2730 = CIRCLE ( 'NONE', #5726, 3.904737509655567873 ) ;
#2731 = CIRCLE ( 'NONE', #3859, 1.000000000000000000 ) ;
#2732 = CARTESIAN_POINT ( 'NONE',  ( -1.000000000000000000, 1.224646799147353207E-16, -84.50000000000000000 ) ) ;
#2733 = EDGE_CURVE ( 'NONE', #326, #5272, #1705, .T. ) ;
#2734 = CARTESIAN_POINT ( 'NONE',  ( 4.567820679631958924, -0.4321793203680420747, -91.77342623723033910 ) ) ;
#2735 = CARTESIAN_POINT ( 'NONE',  ( -1.328041165545657876, -3.671958834454342124, -37.75000000000000000 ) ) ;
#2736 = CIRCLE ( 'NONE', #3581, 1.000000000000000000 ) ;
#2737 = TOROIDAL_SURFACE ( 'NONE', #3, 1.000000000000000000, 3.999999999999999112 ) ;
#2738 = DIRECTION ( 'NONE',  ( 0.000000000000000000, 0.000000000000000000, -1.000000000000000000 ) ) ;
#2739 = ORIENTED_EDGE ( 'NONE', *, *, #8348, .T. ) ;
#2740 = ORIENTED_EDGE ( 'NONE', *, *, #4528, .T. ) ;
#2741 = DIRECTION ( 'NONE',  ( -0.000000000000000000, -0.000000000000000000, 1.000000000000000000 ) ) ;
#2742 = DIRECTION ( 'NONE',  ( -0.000000000000000000, -0.000000000000000000, 1.000000000000000000 ) ) ;
#2743 = AXIS2_PLACEMENT_3D ( 'NONE', #5092, #6386, #1789 ) ;
#2744 = VERTEX_POINT ( 'NONE', #3808 ) ;
#2745 = VECTOR ( 'NONE', #1786, 1000.000000000000000 ) ;
#2746 = ORIENTED_EDGE ( 'NONE', *, *, #2093, .F. ) ;
#2747 = CARTESIAN_POINT ( 'NONE',  ( -0.4915337874217810543, -4.508466212578221111, -20.39376480693212201 ) ) ;
#2748 = CARTESIAN_POINT ( 'NONE',  ( 4.686141179201316120, -0.3138588207986843237, -42.03467868775798877 ) ) ;
#2749 = AXIS2_PLACEMENT_3D ( 'NONE', #7538, #4639, #3330 ) ;
#2750 = B_SPLINE_CURVE_WITH_KNOTS ( 'NONE', 3,
 ( #6774, #4802, #760, #2817, #6727, #7530, #1973, #7571, #1441, #624, #6853, #3356, #4159, #1395 ),
 .UNSPECIFIED., .F., .F.,
 ( 4, 2, 2, 2, 2, 2, 4 ),
 ( 1.970071025867751503E-07, 0.0008756576440557108446, 0.001313387962532292430, 0.001751118281008874232, 0.002188848599485455817, 0.002626578917962037619, 0.003502039554915174768 ),
 .UNSPECIFIED. ) ;
#2751 = AXIS2_PLACEMENT_3D ( 'NONE', #2775, #5501, #4836 ) ;
#2752 = CARTESIAN_POINT ( 'NONE',  ( -3.904737509655567873, 4.781924292710299495E-16, -109.2499999999999858 ) ) ;
#2753 = CARTESIAN_POINT ( 'NONE',  ( -0.3138588208042956684, -4.686141179195704609, -44.46532131222952700 ) ) ;
#2754 = VERTEX_POINT ( 'NONE', #2010 ) ;
#2755 = CIRCLE ( 'NONE', #8336, 4.000000000000000000 ) ;
#2756 = CARTESIAN_POINT ( 'NONE',  ( 0.03993437491706840897, -4.960065625082929586, -74.08131021352447476 ) ) ;
#2757 = ORIENTED_EDGE ( 'NONE', *, *, #7625, .F. ) ;
#2758 = DIRECTION ( 'NONE',  ( 1.000000000000000000, 0.000000000000000000, 0.000000000000000000 ) ) ;
#2759 = CARTESIAN_POINT ( 'NONE',  ( 0.3138588207986381384, -4.686141179201361417, -60.96532131224213202 ) ) ;
#2760 = DIRECTION ( 'NONE',  ( 1.000000000000000000, 0.000000000000000000, 0.000000000000000000 ) ) ;
#2761 = CARTESIAN_POINT ( 'NONE',  ( 4.569376863670179922, -0.4306231363298201886, -121.2293401061886584 ) ) ;
#2762 = EDGE_LOOP ( 'NONE', ( #2259, #8212, #3656 ) ) ;
#2763 = CC_DESIGN_APPROVAL ( #7081, ( #5481 ) ) ;
#2764 = ADVANCED_FACE ( 'NONE', ( #2643 ), #4984, .T. ) ;
#2765 = CARTESIAN_POINT ( 'NONE',  ( 0.9999999999999993339, 0.000000000000000000, -86.50000000000000000 ) ) ;
#2766 = CARTESIAN_POINT ( 'NONE',  ( -0.4974474678478214007, -4.502552532152179765, -5.613272423071816064 ) ) ;
#2767 = ADVANCED_FACE ( 'NONE', ( #7487 ), #3127, .F. ) ;
#2768 = CARTESIAN_POINT ( 'NONE',  ( 0.2608011983036803150, -4.739198801696320018, -88.59076228219156235 ) ) ;
#2769 = CARTESIAN_POINT ( 'NONE',  ( 0.000000000000000000, 0.000000000000000000, -79.00000000000000000 ) ) ;
#2770 = CARTESIAN_POINT ( 'NONE',  ( -3.904737509655567873, 4.781924292710299495E-16, -92.74999999999998579 ) ) ;
#2771 = CARTESIAN_POINT ( 'NONE',  ( -4.840676868219848217, -0.1593231317801522551, -28.35321941568362902 ) ) ;
#2772 = CARTESIAN_POINT ( 'NONE',  ( 0.1278684794971300664, -4.872131520502868796, -116.4925979694601637 ) ) ;
#2773 = ORIENTED_EDGE ( 'NONE', *, *, #7488, .T. ) ;
#2774 = EDGE_CURVE ( 'NONE', #5615, #3417, #5846, .T. ) ;
#2775 = CARTESIAN_POINT ( 'NONE',  ( 0.000000000000000000, 0.000000000000000000, -5.500000000000000000 ) ) ;
#2776 = ADVANCED_FACE ( 'NONE', ( #5418 ), #1845, .T. ) ;
#2777 = CARTESIAN_POINT ( 'NONE',  ( -4.366408635906906532, -0.6335913640930935786, -109.8938004488360036 ) ) ;
#2778 = CARTESIAN_POINT ( 'NONE',  ( -4.748219996434698054, -0.2517800035653024460, -105.0911636276301380 ) ) ;
#2779 = CARTESIAN_POINT ( 'NONE',  ( 4.502552532152134468, -0.4974474678478654210, -108.3867275769282088 ) ) ;
#2780 = CARTESIAN_POINT ( 'NONE',  ( 0.008042224642554296823, -4.991957775357445115, -7.792465874572919837 ) ) ;
#2781 = DIRECTION ( 'NONE',  ( -0.000000000000000000, -0.000000000000000000, 1.000000000000000000 ) ) ;
#2782 = CARTESIAN_POINT ( 'NONE',  ( 0.000000000000000000, 0.000000000000000000, -122.9999999999999858 ) ) ;
#2783 = ORIENTED_EDGE ( 'NONE', *, *, #2971, .F. ) ;
#2784 = VERTEX_POINT ( 'NONE', #6551 ) ;
#2785 = CARTESIAN_POINT ( 'NONE',  ( -4.748219996434699830, -0.2517800035652998369, -55.59116362763014507 ) ) ;
#2786 = CARTESIAN_POINT ( 'NONE',  ( 4.686141179201313456, -0.3138588207986871548, -14.53467868775798699 ) ) ;
#2787 = ORIENTED_EDGE ( 'NONE', *, *, #3366, .T. ) ;
#2788 = CARTESIAN_POINT ( 'NONE',  ( -4.959369330385070107, -0.04063066961493041335, -90.58613448345569452 ) ) ;
#2789 = CARTESIAN_POINT ( 'NONE',  ( 4.960065625082963336, -0.03993437491703660802, -72.91868978647572419 ) ) ;
#2790 = CARTESIAN_POINT ( 'NONE',  ( -4.832344906989096245, -0.1676550930109043658, -14.14546193740919833 ) ) ;
#2791 = ORIENTED_EDGE ( 'NONE', *, *, #3955, .T. ) ;
#2792 = CARTESIAN_POINT ( 'NONE',  ( -0.1676550930162429565, -4.832344906983758293, -105.3545380625737522 ) ) ;
#2793 = CARTESIAN_POINT ( 'NONE',  ( 0.000000000000000000, 0.000000000000000000, -122.9999999999999716 ) ) ;
#2794 = CARTESIAN_POINT ( 'NONE',  ( -1.137203174284270757, -3.862796825715730353, -54.12899883711651938 ) ) ;
#2795 = VERTEX_POINT ( 'NONE', #7441 ) ;
#2796 = DIRECTION ( 'NONE',  ( 1.000000000000000000, 0.000000000000000000, 0.000000000000000000 ) ) ;
#2797 = CARTESIAN_POINT ( 'NONE',  ( -4.041784260359810865, -0.9582157396401889127, -43.52377465029933035 ) ) ;
#2798 = CARTESIAN_POINT ( 'NONE',  ( -1.000000000000000000, 1.224646799147353207E-16, -95.50000000000000000 ) ) ;
#2799 = DIRECTION ( 'NONE',  ( -1.000000000000000000, 1.224646799147353207E-16, 0.000000000000000000 ) ) ;
#2800 = VERTEX_POINT ( 'NONE', #656 ) ;
#2801 = DIRECTION ( 'NONE',  ( 1.000000000000000000, 0.000000000000000000, 0.000000000000000000 ) ) ;
#2802 = CARTESIAN_POINT ( 'NONE',  ( 0.000000000000000000, 0.000000000000000000, -26.75000000000000355 ) ) ;
#2803 = DIRECTION ( 'NONE',  ( 1.224646799147353207E-16, 1.000000000000000000, 0.000000000000000000 ) ) ;
#2804 = EDGE_CURVE ( 'NONE', #3224, #1835, #8198, .T. ) ;
#2805 = DIRECTION ( 'NONE',  ( 1.000000000000000000, 0.000000000000000000, 0.000000000000000000 ) ) ;
#2806 = CARTESIAN_POINT ( 'NONE',  ( -4.359865889258244920, -0.6401341107417566345, -119.6012504537134760 ) ) ;
#2807 = EDGE_CURVE ( 'NONE', #5164, #2510, #5054, .T. ) ;
#2808 = AXIS2_PLACEMENT_3D ( 'NONE', #3802, #4537, #3758 ) ;
#2809 = CARTESIAN_POINT ( 'NONE',  ( -3.862796825714234217, -1.137203174285765783, -26.87100116288255336 ) ) ;
#2810 = CARTESIAN_POINT ( 'NONE',  ( 3.725886176734854405E-15, -4.999999999999995559, -117.3527427921129913 ) ) ;
#2811 = EDGE_CURVE ( 'NONE', #4817, #5912, #5276, .T. ) ;
#2812 = CARTESIAN_POINT ( 'NONE',  ( -4.832344906989094468, -0.1676550930109067528, -96.64546193740919477 ) ) ;
#2813 = CARTESIAN_POINT ( 'NONE',  ( -5.000000000000285105, 2.853331553957207015E-13, -40.50000000000021316 ) ) ;
#2814 = CARTESIAN_POINT ( 'NONE',  ( -3.862796825714235549, -1.137203174285766671, -109.3710011628825924 ) ) ;
#2815 = CARTESIAN_POINT ( 'NONE',  ( -4.991957775357460214, -0.008042224642539145749, -67.70753412542732974 ) ) ;
#2816 = CIRCLE ( 'NONE', #5251, 3.904737509655563876 ) ;
#2817 = CARTESIAN_POINT ( 'NONE',  ( -4.872698163711064900, -0.1273018362889369592, -121.9946127906161166 ) ) ;
#2818 = CARTESIAN_POINT ( 'NONE',  ( 0.008042224642551424121, -4.991957775357449556, -57.29246587457290474 ) ) ;
#2819 = DIRECTION ( 'NONE',  ( 1.000000000000000000, 0.000000000000000000, 0.000000000000000000 ) ) ;
#2820 = CARTESIAN_POINT ( 'NONE',  ( 0.000000000000000000, 0.000000000000000000, -84.50000000000000000 ) ) ;
#2821 = VERTEX_POINT ( 'NONE', #3516 ) ;
#2822 = EDGE_CURVE ( 'NONE', #850, #6292, #3344, .T. ) ;
#2823 = CIRCLE ( 'NONE', #2237, 1.000000000000000000 ) ;
#2824 = ORIENTED_EDGE ( 'NONE', *, *, #1128, .T. ) ;
#2825 = CARTESIAN_POINT ( 'NONE',  ( -1.328041165545656987, -3.671958834454343013, -114.7499999999999858 ) ) ;
#2826 = CARTESIAN_POINT ( 'NONE',  ( 0.06404366727607954668, -4.935956332723921314, -68.72559813399347206 ) ) ;
#2827 = VERTEX_POINT ( 'NONE', #118 ) ;
#2828 = EDGE_LOOP ( 'NONE', ( #4641, #665, #6189, #8648 ) ) ;
#2829 = EDGE_CURVE ( 'NONE', #3631, #8510, #2055, .T. ) ;
#2830 = AXIS2_PLACEMENT_3D ( 'NONE', #5625, #8361, #4955 ) ;
#2831 = AXIS2_PLACEMENT_3D ( 'NONE', #5958, #7259, #8695 ) ;
#2832 = CARTESIAN_POINT ( 'NONE',  ( -1.000000000000000000, 1.224646799147353207E-16, -68.00000000000000000 ) ) ;
#2833 = CARTESIAN_POINT ( 'NONE',  ( 0.04063066961829866347, -4.959369330381701246, -45.41386551652201575 ) ) ;
#2834 = CARTESIAN_POINT ( 'NONE',  ( 0.2517800035653551816, -4.748219996434645651, -14.40883637236998815 ) ) ;
#2835 = CARTESIAN_POINT ( 'NONE',  ( 1.000000000000000000, 0.000000000000000000, -46.00000000000000000 ) ) ;
#2836 = CIRCLE ( 'NONE', #3398, 3.999999999999996447 ) ;
#2837 = EDGE_LOOP ( 'NONE', ( #6905, #542, #2483, #419 ) ) ;
#2838 = ADVANCED_FACE ( 'NONE', ( #6848 ), #1278, .T. ) ;
#2839 = CARTESIAN_POINT ( 'NONE',  ( -4.935956332719893425, -0.06404366728010782439, -17.77440186598522587 ) ) ;
#2840 = AXIS2_PLACEMENT_3D ( 'NONE', #6049, #4712, #2856 ) ;
#2841 = DIRECTION ( 'NONE',  ( 0.000000000000000000, 0.000000000000000000, -1.000000000000000000 ) ) ;
#2842 = DIRECTION ( 'NONE',  ( 1.000000000000000000, 0.000000000000000000, 0.000000000000000000 ) ) ;
#2843 = DIRECTION ( 'NONE',  ( -0.000000000000000000, -0.000000000000000000, 1.000000000000000000 ) ) ;
#2844 = EDGE_LOOP ( 'NONE', ( #4269, #2925, #4667 ) ) ;
#2845 = AXIS2_PLACEMENT_3D ( 'NONE', #4563, #1203, #3925 ) ;
#2846 = CARTESIAN_POINT ( 'NONE',  ( 1.000000000000000000, 0.000000000000000000, -62.50000000000000000 ) ) ;
#2847 = ORIENTED_EDGE ( 'NONE', *, *, #831, .T. ) ;
#2848 = ADVANCED_FACE ( 'NONE', ( #6215 ), #4128, .T. ) ;
#2849 = EDGE_CURVE ( 'NONE', #497, #5385, #4525, .T. ) ;
#2850 = CARTESIAN_POINT ( 'NONE',  ( -0.2517800035594085495, -4.748219996440591117, -91.40883637235552328 ) ) ;
#2851 = FACE_OUTER_BOUND ( 'NONE', #3300, .T. ) ;
#2852 = FACE_OUTER_BOUND ( 'NONE', #6858, .T. ) ;
#2853 = CIRCLE ( 'NONE', #2988, 2.999999999999998668 ) ;
#2854 = DIRECTION ( 'NONE',  ( 0.000000000000000000, 0.000000000000000000, -1.000000000000000000 ) ) ;
#2855 = CARTESIAN_POINT ( 'NONE',  ( 0.1676550930108553494, -4.832344906989145095, -11.85453806259096332 ) ) ;
#2856 = DIRECTION ( 'NONE',  ( 1.000000000000000000, 0.000000000000000000, 0.000000000000000000 ) ) ;
#2857 = CARTESIAN_POINT ( 'NONE',  ( -4.366408635906906532, -0.6335913640930929125, -38.39380044883598941 ) ) ;
#2858 = CARTESIAN_POINT ( 'NONE',  ( 0.1278684794971282068, -4.872131520502871460, -17.49259796946014589 ) ) ;
#2859 = EDGE_CURVE ( 'NONE', #8395, #6606, #2492, .T. ) ;
#2860 = CARTESIAN_POINT ( 'NONE',  ( -3.671958834454343013, -1.328041165545656765, -103.7500000000000000 ) ) ;
#2861 = AXIS2_PLACEMENT_3D ( 'NONE', #6845, #3431, #6252 ) ;
#2862 = CARTESIAN_POINT ( 'NONE',  ( 0.9599107665897161912, -4.040089233410284031, -109.5223657206374526 ) ) ;
#2863 = PLANE ( 'NONE',  #1540 ) ;
#2864 = CARTESIAN_POINT ( 'NONE',  ( -0.04063066961830194557, -4.959369330381698582, -39.91386551652202286 ) ) ;
#2865 = DIRECTION ( 'NONE',  ( -1.000000000000000000, 1.224646799147353454E-16, 0.000000000000000000 ) ) ;
#2866 = ORIENTED_EDGE ( 'NONE', *, *, #227, .F. ) ;
#2867 = AXIS2_PLACEMENT_3D ( 'NONE', #6478, #5802, #8096 ) ;
#2868 = ORIENTED_EDGE ( 'NONE', *, *, #1109, .T. ) ;
#2869 = CARTESIAN_POINT ( 'NONE',  ( -3.862796825714241322, -1.137203174285759566, -54.37100116288256402 ) ) ;
#2870 = EDGE_CURVE ( 'NONE', #8690, #2754, #6276, .T. ) ;
#2871 = CARTESIAN_POINT ( 'NONE',  ( 0.06459124883188714639, -4.935408751168110619, -83.77165234913505287 ) ) ;
#2872 = ORIENTED_EDGE ( 'NONE', *, *, #8039, .F. ) ;
#2873 = EDGE_CURVE ( 'NONE', #4996, #4536, #3643, .T. ) ;
#2874 = AXIS2_PLACEMENT_3D ( 'NONE', #5026, #6955, #143 ) ;
#2875 = CIRCLE ( 'NONE', #586, 3.904737509655567429 ) ;
#2876 = CARTESIAN_POINT ( 'NONE',  ( 0.000000000000000000, -5.000000000000000000, -18.50000000000000355 ) ) ;
#2877 = CARTESIAN_POINT ( 'NONE',  ( 0.000000000000000000, 0.000000000000000000, -75.50000000000000000 ) ) ;
#2878 = CARTESIAN_POINT ( 'NONE',  ( -0.7176137099645710782, -4.282386290035430143, -109.7977712695794565 ) ) ;
#2879 = CARTESIAN_POINT ( 'NONE',  ( 0.6335913640931351010, -4.366408635906866564, -15.10619955116407453 ) ) ;
#2880 = FACE_OUTER_BOUND ( 'NONE', #5401, .T. ) ;
#2881 = TOROIDAL_SURFACE ( 'NONE', #3314, 1.000000000000000000, 3.999999999999996447 ) ;
#2882 = EDGE_CURVE ( 'NONE', #1796, #888, #5265, .T. ) ;
#2883 = CIRCLE ( 'NONE', #4311, 1.999999999999994893 ) ;
#2884 = ORIENTED_EDGE ( 'NONE', *, *, #8620, .T. ) ;
#2885 = VECTOR ( 'NONE', #4962, 1000.000000000000000 ) ;
#2886 = AXIS2_PLACEMENT_3D ( 'NONE', #8760, #3461, #4051 ) ;
#2887 = CARTESIAN_POINT ( 'NONE',  ( 0.000000000000000000, 0.000000000000000000, -15.75000000000000000 ) ) ;
#2888 = DIRECTION ( 'NONE',  ( -0.000000000000000000, -0.000000000000000000, 1.000000000000000000 ) ) ;
#2889 = ORIENTED_EDGE ( 'NONE', *, *, #971, .F. ) ;
#2890 = EDGE_CURVE ( 'NONE', #22, #5184, #5419, .T. ) ;
#2891 = CIRCLE ( 'NONE', #8054, 4.000000000000000000 ) ;
#2892 = CARTESIAN_POINT ( 'NONE',  ( -4.508466212578267296, -0.4915337874217339809, -22.10623519306796325 ) ) ;
#2893 = EDGE_LOOP ( 'NONE', ( #2100, #6071, #4264 ) ) ;
#2894 = B_SPLINE_CURVE_WITH_KNOTS ( 'NONE', 3,
 ( #3263, #1210, #6045, #3974, #524, #5909, #7924, #6715, #2506, #8645, #5949, #8730 ),
 .UNSPECIFIED., .F., .F.,
 ( 4, 2, 2, 2, 2, 4 ),
 ( 0.003504634718722942233, 0.003941423334001238447, 0.004378211949279535095, 0.005251789179836127523, 0.006125366410392719951, 0.006998943640949313247 ),
 .UNSPECIFIED. ) ;
#2895 = CARTESIAN_POINT ( 'NONE',  ( -4.366408635906906532, -0.6335913640930936896, -60.39380044883598231 ) ) ;
#2896 = CARTESIAN_POINT ( 'NONE',  ( 1.328041165545663649, -3.671958834454336795, -32.25000000000000000 ) ) ;
#2897 = CARTESIAN_POINT ( 'NONE',  ( 3.144609816681588776E-17, -4.999999999999999112, -62.64684353044863485 ) ) ;
#2898 = CIRCLE ( 'NONE', #4319, 3.999999999999989786 ) ;
#2899 = CARTESIAN_POINT ( 'NONE',  ( 0.000000000000000000, 0.000000000000000000, -68.00000000000000000 ) ) ;
#2900 = CARTESIAN_POINT ( 'NONE',  ( 4.959369330385070107, -0.04063066961493031620, -96.08613448345570873 ) ) ;
#2901 = CARTESIAN_POINT ( 'NONE',  ( 0.000000000000000000, 0.000000000000000000, -2.000000000000000000 ) ) ;
#2902 = CARTESIAN_POINT ( 'NONE',  ( 1.000000000000000000, 0.000000000000000000, -2.000000000000000000 ) ) ;
#2903 = DIRECTION ( 'NONE',  ( -0.000000000000000000, -0.000000000000000000, 1.000000000000000000 ) ) ;
#2904 = CARTESIAN_POINT ( 'NONE',  ( -5.000000000000281553, 2.811725620256466210E-13, -106.5000000000001990 ) ) ;
#2905 = AXIS2_PLACEMENT_3D ( 'NONE', #5493, #8226, #66 ) ;
#2906 = FACE_OUTER_BOUND ( 'NONE', #4083, .T. ) ;
#2907 = CARTESIAN_POINT ( 'NONE',  ( 0.000000000000000000, 0.000000000000000000, -38.50000000000000000 ) ) ;
#2908 = DIRECTION ( 'NONE',  ( 1.000000000000000000, 0.000000000000000000, 0.000000000000000000 ) ) ;
#2909 = CARTESIAN_POINT ( 'NONE',  ( 3.862796825714234217, -1.137203174285766671, -48.87100116288254981 ) ) ;
#2910 = EDGE_LOOP ( 'NONE', ( #5303, #957, #6107 ) ) ;
#2911 = ADVANCED_FACE ( 'NONE', ( #5003 ), #3547, .T. ) ;
#2912 = ORIENTED_EDGE ( 'NONE', *, *, #6652, .T. ) ;
#2913 = FACE_OUTER_BOUND ( 'NONE', #6473, .T. ) ;
#2914 = LINE ( 'NONE', #1449, #5475 ) ;
#2915 = ORIENTED_EDGE ( 'NONE', *, *, #7911, .T. ) ;
#2916 = CARTESIAN_POINT ( 'NONE',  ( 3.671958834454343013, -1.328041165545656987, -87.25000000000000000 ) ) ;
#2917 = CARTESIAN_POINT ( 'NONE',  ( 4.999999999999992006, -8.988290119788985960E-15, -62.64725720788725738 ) ) ;
#2918 = EDGE_CURVE ( 'NONE', #1100, #7360, #835, .T. ) ;
#2919 = ADVANCED_FACE ( 'NONE', ( #5764 ), #3169, .F. ) ;
#2920 = DIRECTION ( 'NONE',  ( 1.000000000000000000, 0.000000000000000000, 0.000000000000000000 ) ) ;
#2921 = CARTESIAN_POINT ( 'NONE',  ( -0.04063066961829851081, -4.959369330381701246, -45.41386551652202286 ) ) ;
#2922 = EDGE_CURVE ( 'NONE', #5657, #3332, #2563, .T. ) ;
#2923 = CARTESIAN_POINT ( 'NONE',  ( 0.000000000000000000, 0.000000000000000000, -84.50000000000000000 ) ) ;
#2924 = EDGE_CURVE ( 'NONE', #5651, #8680, #1982, .T. ) ;
#2925 = ORIENTED_EDGE ( 'NONE', *, *, #7713, .T. ) ;
#2926 = CARTESIAN_POINT ( 'NONE',  ( -0.9999999999999993339, 1.224646799147353207E-16, -103.0000000000000000 ) ) ;
#2927 = EDGE_CURVE ( 'NONE', #5651, #2800, #5423, .T. ) ;
#2928 = CARTESIAN_POINT ( 'NONE',  ( -0.4321793203734954347, -4.567820679626504621, -49.72657376275980567 ) ) ;
#2929 = CARTESIAN_POINT ( 'NONE',  ( -0.9999999999999995559, 1.224646799147352714E-16, 0.000000000000000000 ) ) ;
#2930 = VERTEX_POINT ( 'NONE', #1697 ) ;
#2931 = CARTESIAN_POINT ( 'NONE',  ( 0.1676550930108568760, -4.832344906989142430, -6.354538062590960656 ) ) ;
#2932 = ORIENTED_EDGE ( 'NONE', *, *, #1240, .T. ) ;
#2933 = DIRECTION ( 'NONE',  ( -1.000000000000000000, 1.224646799147353207E-16, 0.000000000000000000 ) ) ;
#2934 = ORIENTED_EDGE ( 'NONE', *, *, #7585, .F. ) ;
#2935 = CARTESIAN_POINT ( 'NONE',  ( 3.904737509655567873, 0.000000000000000000, -103.7500000000000000 ) ) ;
#2936 = CARTESIAN_POINT ( 'NONE',  ( -0.03993437491706496728, -4.960065625082935803, -63.08131021352447476 ) ) ;
#2937 = CARTESIAN_POINT ( 'NONE',  ( 0.4321793203734953792, -4.567820679626504621, -49.72657376275980567 ) ) ;
#2938 = CYLINDRICAL_SURFACE ( 'NONE', #8315, 0.9999999999999988898 ) ;
#2939 = CARTESIAN_POINT ( 'NONE',  ( -0.3138588207986362510, -4.686141179201362306, -22.46532131224214268 ) ) ;
#2940 = CARTESIAN_POINT ( 'NONE',  ( -0.1278684795021025888, -4.872131520497897661, -28.49259796944168599 ) ) ;
#2941 = DIRECTION ( 'NONE',  ( 0.000000000000000000, 0.000000000000000000, -1.000000000000000000 ) ) ;
#2942 = DIRECTION ( 'NONE',  ( 0.000000000000000000, -1.000000000000000000, 0.000000000000000000 ) ) ;
#2943 = CARTESIAN_POINT ( 'NONE',  ( 0.06459124883188714639, -4.935408751168110619, -111.2716523491350102 ) ) ;
#2944 = CARTESIAN_POINT ( 'NONE',  ( 0.9999999999999995559, 0.000000000000000000, 0.000000000000000000 ) ) ;
#2945 = CARTESIAN_POINT ( 'NONE',  ( 0.000000000000000000, 0.000000000000000000, -101.0000000000000000 ) ) ;
#2946 = CARTESIAN_POINT ( 'NONE',  ( 4.366408635906911861, -0.6335913640930898039, -54.89380044883598231 ) ) ;
#2947 = CARTESIAN_POINT ( 'NONE',  ( 5.000000000000008882, 9.116509732179624606E-15, -51.35315646955160673 ) ) ;
#2948 = EDGE_LOOP ( 'NONE', ( #6426, #1374, #3414 ) ) ;
#2949 = ORIENTED_EDGE ( 'NONE', *, *, #3378, .F. ) ;
#2950 = DIRECTION ( 'NONE',  ( 1.224646799147353207E-16, 1.000000000000000000, 0.000000000000000000 ) ) ;
#2951 = AXIS2_PLACEMENT_3D ( 'NONE', #1984, #4730, #7458 ) ;
#2952 = DIRECTION ( 'NONE',  ( 0.000000000000000000, -0.000000000000000000, 1.000000000000000000 ) ) ;
#2953 = ORIENTED_EDGE ( 'NONE', *, *, #6070, .F. ) ;
#2954 = DIRECTION ( 'NONE',  ( -0.000000000000000000, -0.000000000000000000, 1.000000000000000000 ) ) ;
#2955 = CARTESIAN_POINT ( 'NONE',  ( -1.328041165545656765, -3.671958834454343013, -70.75000000000000000 ) ) ;
#2956 = CARTESIAN_POINT ( 'NONE',  ( 4.991957775357460214, -0.008042224642539692187, -89.70753412542732974 ) ) ;
#2957 = TOROIDAL_SURFACE ( 'NONE', #5968, 1.000000000000000000, 1.999999999999994893 ) ;
#2958 = CIRCLE ( 'NONE', #236, 3.999999999999996447 ) ;
#2959 = CARTESIAN_POINT ( 'NONE',  ( -1.136863993906869652, -3.863136006093129460, -109.3712162207963274 ) ) ;
#2960 = DIRECTION ( 'NONE',  ( -0.000000000000000000, -0.000000000000000000, 1.000000000000000000 ) ) ;
#2961 = CARTESIAN_POINT ( 'NONE',  ( -0.9582157396373303104, -4.041784260362668135, -53.97622534969822539 ) ) ;
#2962 = FACE_OUTER_BOUND ( 'NONE', #7215, .T. ) ;
#2963 = EDGE_CURVE ( 'NONE', #7535, #8523, #5994, .T. ) ;
#2964 = CIRCLE ( 'NONE', #8552, 3.999999999999998224 ) ;
#2965 = AXIS2_PLACEMENT_3D ( 'NONE', #6263, #881, #2187 ) ;
#2966 = ORIENTED_EDGE ( 'NONE', *, *, #5488, .F. ) ;
#2967 = CARTESIAN_POINT ( 'NONE',  ( -5.000000000000285105, 2.852501778065482102E-13, -13.00000000000021316 ) ) ;
#2968 = AXIS2_PLACEMENT_3D ( 'NONE', #5939, #1152, #6571 ) ;
#2969 = CARTESIAN_POINT ( 'NONE',  ( 0.000000000000000000, -5.000000000000000000, -95.49999999997220357 ) ) ;
#2970 = ORIENTED_EDGE ( 'NONE', *, *, #8550, .F. ) ;
#2971 = EDGE_CURVE ( 'NONE', #604, #7977, #7781, .T. ) ;
#2972 = VERTEX_POINT ( 'NONE', #5804 ) ;
#2973 = TOROIDAL_SURFACE ( 'NONE', #7274, 1.000000000000000000, 4.000000000000000000 ) ;
#2974 = EDGE_CURVE ( 'NONE', #641, #7535, #6716, .T. ) ;
#2975 = DIRECTION ( 'NONE',  ( 1.000000000000000000, 0.000000000000000000, 0.000000000000000000 ) ) ;
#2976 = ORIENTED_EDGE ( 'NONE', *, *, #5076, .F. ) ;
#2977 = CARTESIAN_POINT ( 'NONE',  ( 4.935956332719889872, -0.06404366728011048893, -78.27440186598522587 ) ) ;
#2978 = CARTESIAN_POINT ( 'NONE',  ( 1.328041165545656765, -3.671958834454343013, -120.2499999999999858 ) ) ;
#2979 = DIRECTION ( 'NONE',  ( 1.000000000000000000, 0.000000000000000000, 0.000000000000000000 ) ) ;
#2980 = DIRECTION ( 'NONE',  ( 1.000000000000000000, 0.000000000000000000, 0.000000000000000000 ) ) ;
#2981 = DIRECTION ( 'NONE',  ( 1.224646799147353207E-16, 1.000000000000000000, 0.000000000000000000 ) ) ;
#2982 = CARTESIAN_POINT ( 'NONE',  ( 4.991698401481084346, -0.008301598518915889735, -7.796253629357727810 ) ) ;
#2983 = AXIS2_PLACEMENT_3D ( 'NONE', #1340, #3255, #2000 ) ;
#2984 = DIRECTION ( 'NONE',  ( 1.000000000000000000, 0.000000000000000000, 0.000000000000000000 ) ) ;
#2985 = EDGE_CURVE ( 'NONE', #4781, #1916, #7708, .T. ) ;
#2986 = CARTESIAN_POINT ( 'NONE',  ( 4.832344906989094468, -0.1676550930109053372, -25.14546193740918767 ) ) ;
#2987 = CARTESIAN_POINT ( 'NONE',  ( -0.06404366727607974097, -4.935956332723921314, -112.7255981339934436 ) ) ;
#2988 = AXIS2_PLACEMENT_3D ( 'NONE', #8475, #5827, #8561 ) ;
#2989 = CARTESIAN_POINT ( 'NONE',  ( 0.000000000000000000, 0.000000000000000000, -13.00000000000000355 ) ) ;
#2990 = DIRECTION ( 'NONE',  ( -0.000000000000000000, -0.000000000000000000, 1.000000000000000000 ) ) ;
#2991 = CARTESIAN_POINT ( 'NONE',  ( 0.4970895171227267539, -4.502910482877270582, -3.886092419263466713 ) ) ;
#2992 = DIRECTION ( 'NONE',  ( -0.000000000000000000, -0.000000000000000000, 1.000000000000000000 ) ) ;
#2993 = ORIENTED_EDGE ( 'NONE', *, *, #8844, .F. ) ;
#2994 = EDGE_LOOP ( 'NONE', ( #2659, #3638, #3153, #6820 ) ) ;
#2995 = CARTESIAN_POINT ( 'NONE',  ( 0.000000000000000000, 0.000000000000000000, -46.00000000000000000 ) ) ;
#2996 = EDGE_CURVE ( 'NONE', #376, #1237, #1714, .T. ) ;
#2997 = CIRCLE ( 'NONE', #7004, 1.000000000000000000 ) ;
#2998 = EDGE_CURVE ( 'NONE', #3133, #6214, #2124, .T. ) ;
#2999 = CARTESIAN_POINT ( 'NONE',  ( -3.863136006094625596, -1.136863993905375292, -21.12878377920270623 ) ) ;
#3000 = ORIENTED_EDGE ( 'NONE', *, *, #5502, .F. ) ;
#3001 = CARTESIAN_POINT ( 'NONE',  ( -4.999999999999986677, -1.245921937940029991E-14, -90.14725720788723606 ) ) ;
#3002 = CARTESIAN_POINT ( 'NONE',  ( 4.508466212578261967, -0.4915337874217372560, -71.60623519306798812 ) ) ;
#3003 = DIRECTION ( 'NONE',  ( -0.000000000000000000, -0.000000000000000000, 1.000000000000000000 ) ) ;
#3004 = AXIS2_PLACEMENT_3D ( 'NONE', #7845, #988, #5784 ) ;
#3005 = CARTESIAN_POINT ( 'NONE',  ( -1.328041165545657876, -3.671958834454342124, -54.25000000000000000 ) ) ;
#3006 = CARTESIAN_POINT ( 'NONE',  ( 0.000000000000000000, 0.000000000000000000, 0.000000000000000000 ) ) ;
#3007 = DIRECTION ( 'NONE',  ( -0.000000000000000000, -0.000000000000000000, 1.000000000000000000 ) ) ;
#3008 = CARTESIAN_POINT ( 'NONE',  ( 0.06459124883188309407, -4.935408751168115948, -39.77165234913509551 ) ) ;
#3009 = CARTESIAN_POINT ( 'NONE',  ( -0.6335913640931347679, -4.366408635906863900, -15.10619955116406743 ) ) ;
#3010 = AXIS2_PLACEMENT_3D ( 'NONE', #4906, #7642, #1507 ) ;
#3011 = CIRCLE ( 'NONE', #1875, 0.9999999999999986677 ) ;
#3012 = EDGE_LOOP ( 'NONE', ( #2416, #7298, #8303, #2367 ) ) ;
#3013 = CARTESIAN_POINT ( 'NONE',  ( -4.366408635906909197, -0.6335913640930924684, -10.89380044883598586 ) ) ;
#3014 = VECTOR ( 'NONE', #4168, 1000.000000000000000 ) ;
#3015 = AXIS2_PLACEMENT_3D ( 'NONE', #3124, #3211, #1062 ) ;
#3016 = DIRECTION ( 'NONE',  ( -0.000000000000000000, -0.000000000000000000, 1.000000000000000000 ) ) ;
#3017 = FACE_OUTER_BOUND ( 'NONE', #4212, .T. ) ;
#3018 = ORIENTED_EDGE ( 'NONE', *, *, #3878, .F. ) ;
#3019 = CARTESIAN_POINT ( 'NONE',  ( 4.739198801701949293, -0.2608011982980512622, -113.4092377177944542 ) ) ;
#3020 = ORIENTED_EDGE ( 'NONE', *, *, #2158, .T. ) ;
#3021 = TOROIDAL_SURFACE ( 'NONE', #4170, 1.000000000000000000, 1.999999999999998224 ) ;
#3022 = CIRCLE ( 'NONE', #4894, 2.000000000000000000 ) ;
#3023 = CARTESIAN_POINT ( 'NONE',  ( 1.000000000000000000, 0.000000000000000000, -95.50000000000000000 ) ) ;
#3024 = ORIENTED_EDGE ( 'NONE', *, *, #3618, .T. ) ;
#3025 = DIRECTION ( 'NONE',  ( 0.000000000000000000, -1.000000000000000000, 0.000000000000000000 ) ) ;
#3026 = DIRECTION ( 'NONE',  ( -0.000000000000000000, -0.000000000000000000, 1.000000000000000000 ) ) ;
#3027 = EDGE_CURVE ( 'NONE', #7069, #6926, #5320, .T. ) ;
#3028 = CARTESIAN_POINT ( 'NONE',  ( -4.991698401481084346, -0.008301598518917102307, -24.29625362935772870 ) ) ;
#3029 = DIRECTION ( 'NONE',  ( -0.000000000000000000, -0.000000000000000000, 1.000000000000000000 ) ) ;
#3030 = AXIS2_PLACEMENT_3D ( 'NONE', #6597, #2381, #459 ) ;
#3031 = CARTESIAN_POINT ( 'NONE',  ( -1.000000000000000000, 1.224646799147353207E-16, -56.99999999999999289 ) ) ;
#3032 = CARTESIAN_POINT ( 'NONE',  ( -0.7176137099645832906, -4.282386290035417709, -27.29777126957944233 ) ) ;
#3033 = AXIS2_PLACEMENT_3D ( 'NONE', #8089, #1277, #1229 ) ;
#3034 = EDGE_CURVE ( 'NONE', #2619, #1492, #8283, .T. ) ;
#3035 = CARTESIAN_POINT ( 'NONE',  ( 0.000000000000000000, 0.000000000000000000, -106.5000000000000000 ) ) ;
#3036 = CARTESIAN_POINT ( 'NONE',  ( -1.328041165545656765, -3.671958834454343013, -92.74999999999998579 ) ) ;
#3037 = CARTESIAN_POINT ( 'NONE',  ( 1.136863993906870762, -3.863136006093128128, -109.3712162207963559 ) ) ;
#3038 = AXIS2_PLACEMENT_3D ( 'NONE', #8154, #4762, #1355 ) ;
#3039 = CARTESIAN_POINT ( 'NONE',  ( -0.4915337874217834413, -4.508466212578218446, -25.89376480693213267 ) ) ;
#3040 = CARTESIAN_POINT ( 'NONE',  ( 0.000000000000000000, 0.000000000000000000, -48.75000000000000000 ) ) ;
#3041 = EDGE_CURVE ( 'NONE', #1496, #2619, #7285, .T. ) ;
#3042 = CARTESIAN_POINT ( 'NONE',  ( 4.192813088908785446E-17, -4.999999999999999112, -2.296251661632346952 ) ) ;
#3043 = CARTESIAN_POINT ( 'NONE',  ( 4.041784260359805536, -0.9582157396401945748, -49.02377465029933035 ) ) ;
#3044 = EDGE_LOOP ( 'NONE', ( #1738, #2393, #5848, #6500, #7866, #1771 ) ) ;
#3045 = ORIENTED_EDGE ( 'NONE', *, *, #1459, .F. ) ;
#3046 = VERTEX_POINT ( 'NONE', #8063 ) ;
#3047 = DIRECTION ( 'NONE',  ( -0.000000000000000000, -0.000000000000000000, 1.000000000000000000 ) ) ;
#3048 = CIRCLE ( 'NONE', #8068, 1.999999999999994893 ) ;
#3049 = CARTESIAN_POINT ( 'NONE',  ( 5.000000000000284217, 2.845106866107319290E-13, -7.500000000000213163 ) ) ;
#3050 = ORIENTED_EDGE ( 'NONE', *, *, #6287, .T. ) ;
#3051 = CARTESIAN_POINT ( 'NONE',  ( -0.06404366727607790910, -4.935956332723920426, -41.22559813399346496 ) ) ;
#3052 = CARTESIAN_POINT ( 'NONE',  ( 3.863136006094636699, -1.136863993905363301, -65.12878377920270623 ) ) ;
#3053 = CARTESIAN_POINT ( 'NONE',  ( 4.840676868219843776, -0.1593231317801558355, -88.85321941568362547 ) ) ;
#3054 = DIRECTION ( 'NONE',  ( -0.000000000000000000, -0.000000000000000000, 1.000000000000000000 ) ) ;
#3055 = ORIENTED_EDGE ( 'NONE', *, *, #3795, .F. ) ;
#3056 = CARTESIAN_POINT ( 'NONE',  ( -1.136863993906868320, -3.863136006093131236, -32.37121622079634164 ) ) ;
#3057 = CARTESIAN_POINT ( 'NONE',  ( 1.136863993906876757, -3.863136006093125019, -103.8712162207963843 ) ) ;
#3058 = CARTESIAN_POINT ( 'NONE',  ( 0.9999999999999993339, 0.000000000000000000, -31.50000000000000000 ) ) ;
#3059 = CARTESIAN_POINT ( 'NONE',  ( 4.567820679631958924, -0.4321793203680420747, -119.2734262372303391 ) ) ;
#3060 = ORIENTED_EDGE ( 'NONE', *, *, #2551, .T. ) ;
#3061 = FACE_OUTER_BOUND ( 'NONE', #5639, .T. ) ;
#3062 = DIRECTION ( 'NONE',  ( -0.000000000000000000, -0.000000000000000000, 1.000000000000000000 ) ) ;
#3063 = CARTESIAN_POINT ( 'NONE',  ( 0.6335913640883366060, -4.366408635911663616, -97.60619955115780044 ) ) ;
#3064 = ORIENTED_EDGE ( 'NONE', *, *, #7727, .F. ) ;
#3065 = CARTESIAN_POINT ( 'NONE',  ( 4.999999999999986677, -1.267690684684465825E-14, -112.1472572078872645 ) ) ;
#3066 = EDGE_LOOP ( 'NONE', ( #8508, #8292, #6322 ) ) ;
#3067 = DIRECTION ( 'NONE',  ( -0.000000000000000000, -0.000000000000000000, 1.000000000000000000 ) ) ;
#3068 = EDGE_LOOP ( 'NONE', ( #2587, #3360, #1186, #6495 ) ) ;
#3069 = CARTESIAN_POINT ( 'NONE',  ( 0.9999999999999995559, 0.000000000000000000, 0.000000000000000000 ) ) ;
#3070 = CARTESIAN_POINT ( 'NONE',  ( -1.000000000000000000, 1.224646799147353207E-16, -2.000000000000000000 ) ) ;
#3071 = CARTESIAN_POINT ( 'NONE',  ( 0.008301598520832212738, -4.991698401479168545, -51.20374637061713941 ) ) ;
#3072 = LINE ( 'NONE', #918, #7468 ) ;
#3073 = DIRECTION ( 'NONE',  ( -0.7071067811865474617, 0.7071067811865474617, 0.000000000000000000 ) ) ;
#3074 = CARTESIAN_POINT ( 'NONE',  ( -0.008301598520838513254, -4.991698401479162328, -29.20374637061704703 ) ) ;
#3075 = DIRECTION ( 'NONE',  ( -0.000000000000000000, -0.000000000000000000, 1.000000000000000000 ) ) ;
#3076 = DIRECTION ( 'NONE',  ( 1.000000000000000000, 0.000000000000000000, 0.000000000000000000 ) ) ;
#3077 = EDGE_CURVE ( 'NONE', #6027, #2388, #7942, .T. ) ;
#3078 = CARTESIAN_POINT ( 'NONE',  ( 1.016695234776112395E-12, -5.000000000001018741, -101.1468435304221174 ) ) ;
#3079 = EDGE_CURVE ( 'NONE', #3529, #4781, #5275, .T. ) ;
#3080 = CARTESIAN_POINT ( 'NONE',  ( -4.991698401481079905, -0.008301598518919178771, -106.7962536293577216 ) ) ;
#3081 = EDGE_CURVE ( 'NONE', #5745, #1514, #2702, .T. ) ;
#3082 = DIRECTION ( 'NONE',  ( -0.000000000000000000, -0.000000000000000000, 1.000000000000000000 ) ) ;
#3083 = EDGE_CURVE ( 'NONE', #6544, #5559, #7132, .T. ) ;
#3084 = CARTESIAN_POINT ( 'NONE',  ( 4.960065625082965113, -0.03993437491703408226, -56.41868978647570998 ) ) ;
#3085 = DIRECTION ( 'NONE',  ( 1.000000000000000000, 0.000000000000000000, 0.000000000000000000 ) ) ;
#3086 = EDGE_LOOP ( 'NONE', ( #4379, #3995, #7093, #846 ) ) ;
#3087 = ORIENTED_EDGE ( 'NONE', *, *, #2807, .F. ) ;
#3088 = ORIENTED_EDGE ( 'NONE', *, *, #884, .F. ) ;
#3089 = DIRECTION ( 'NONE',  ( 1.000000000000000000, 0.000000000000000000, 0.000000000000000000 ) ) ;
#3090 = CARTESIAN_POINT ( 'NONE',  ( 3.862796825714241322, -1.137203174285759566, -43.37100116288257112 ) ) ;
#3091 = ADVANCED_FACE ( 'NONE', ( #5986 ), #8722, .F. ) ;
#3092 = ORIENTED_EDGE ( 'NONE', *, *, #6733, .T. ) ;
#3093 = CARTESIAN_POINT ( 'NONE',  ( -0.1278684795020899323, -4.872131520497910095, -99.99259796944171796 ) ) ;
#3094 = CARTESIAN_POINT ( 'NONE',  ( 1.000000000000000000, 0.000000000000000000, -29.50000000000000355 ) ) ;
#3095 = EDGE_CURVE ( 'NONE', #1178, #3181, #6876, .T. ) ;
#3096 = DIRECTION ( 'NONE',  ( -0.000000000000000000, -0.000000000000000000, 1.000000000000000000 ) ) ;
#3097 = DIRECTION ( 'NONE',  ( -0.000000000000000000, -0.000000000000000000, 1.000000000000000000 ) ) ;
#3098 = ORIENTED_EDGE ( 'NONE', *, *, #5601, .F. ) ;
#3099 = TOROIDAL_SURFACE ( 'NONE', #375, 1.000000000000000000, 4.000000000000000000 ) ;
#3100 = CARTESIAN_POINT ( 'NONE',  ( -0.2608011983036385706, -4.739198801696361762, -33.59076228219166893 ) ) ;
#3101 = DIRECTION ( 'NONE',  ( -0.000000000000000000, -0.000000000000000000, 1.000000000000000000 ) ) ;
#3102 = CARTESIAN_POINT ( 'NONE',  ( 0.000000000000000000, 0.000000000000000000, 0.000000000000000000 ) ) ;
#3103 = CARTESIAN_POINT ( 'NONE',  ( 0.000000000000000000, 0.000000000000000000, -62.50000000000000000 ) ) ;
#3104 = VERTEX_POINT ( 'NONE', #7516 ) ;
#3105 = ADVANCED_FACE ( 'NONE', ( #4098 ), #983, .T. ) ;
#3106 = ORIENTED_EDGE ( 'NONE', *, *, #606, .T. ) ;
#3107 = AXIS2_PLACEMENT_3D ( 'NONE', #2989, #2224, #5721 ) ;
#3108 = DIRECTION ( 'NONE',  ( 1.000000000000000000, 0.000000000000000000, 0.000000000000000000 ) ) ;
#3109 = B_SPLINE_CURVE_WITH_KNOTS ( 'NONE', 3,
 ( #2312, #7782, #8497, #1650, #7824, #1698, #7104, #8366, #966, #1018, #3740, #7693, #686, #1546, #5653, #7675 ),
 .UNSPECIFIED., .F., .F.,
 ( 4, 2, 2, 2, 2, 2, 2, 4 ),
 ( 4.818711198664599083E-07, 0.0008765200830274455859, 0.001314539188981235160, 0.001752558294935024734, 0.002190577400888814308, 0.002628596506842603882, 0.003066615612796393456, 0.003504634718750183030 ),
 .UNSPECIFIED. ) ;
#3110 = ORIENTED_EDGE ( 'NONE', *, *, #7188, .F. ) ;
#3111 = CARTESIAN_POINT ( 'NONE',  ( 0.2517800035594076058, -4.748219996440592894, -107.9088363723554949 ) ) ;
#3112 = CARTESIAN_POINT ( 'NONE',  ( 4.739198801701949293, -0.2608011982980512622, -80.40923771779445417 ) ) ;
#3113 = VERTEX_POINT ( 'NONE', #306 ) ;
#3114 = AXIS2_PLACEMENT_3D ( 'NONE', #8582, #6477, #6569 ) ;
#3115 = EDGE_CURVE ( 'NONE', #5574, #6104, #6221, .T. ) ;
#3116 = CARTESIAN_POINT ( 'NONE',  ( 0.6401341107417193310, -4.359865889258280447, -5.398749546286554235 ) ) ;
#3117 = ORIENTED_EDGE ( 'NONE', *, *, #6485, .T. ) ;
#3118 = ORIENTED_EDGE ( 'NONE', *, *, #666, .F. ) ;
#3119 = EDGE_LOOP ( 'NONE', ( #2555, #3293 ) ) ;
#3120 = AXIS2_PLACEMENT_3D ( 'NONE', #2120, #4865, #1380 ) ;
#3121 = CARTESIAN_POINT ( 'NONE',  ( -3.863136006094630481, -1.136863993905370185, -54.12878377920268491 ) ) ;
#3122 = CARTESIAN_POINT ( 'NONE',  ( 0.4975987110858135498, -4.502401288914185784, -121.1130246301067928 ) ) ;
#3123 = DIRECTION ( 'NONE',  ( -0.000000000000000000, -0.000000000000000000, 1.000000000000000000 ) ) ;
#3124 = CARTESIAN_POINT ( 'NONE',  ( 0.000000000000000000, 0.000000000000000000, -32.25000000000000000 ) ) ;
#3125 = CARTESIAN_POINT ( 'NONE',  ( -0.008301598520836200867, -4.991698401479165881, -67.70374637061713941 ) ) ;
#3126 = CARTESIAN_POINT ( 'NONE',  ( 0.000000000000000000, -5.000000000000000000, -100.9999999999722036 ) ) ;
#3127 = TOROIDAL_SURFACE ( 'NONE', #4565, 1.000000000000000000, 1.999999999999994893 ) ;
#3128 = CARTESIAN_POINT ( 'NONE',  ( 4.359865889258237814, -0.6401341107417624077, -26.10125045371351149 ) ) ;
#3129 = CARTESIAN_POINT ( 'NONE',  ( 1.328041165545648772, -3.671958834454351450, -65.24999999999998579 ) ) ;
#3130 = CARTESIAN_POINT ( 'NONE',  ( 0.6335913640883366060, -4.366408635911663616, -114.1061995511577862 ) ) ;
#3131 = CIRCLE ( 'NONE', #8143, 0.9999999999999993339 ) ;
#3132 = CARTESIAN_POINT ( 'NONE',  ( -1.000000000000000000, 1.224646799147353207E-16, -112.0000000000000000 ) ) ;
#3133 = VERTEX_POINT ( 'NONE', #2409 ) ;
#3134 = ORIENTED_EDGE ( 'NONE', *, *, #2985, .F. ) ;
#3135 = ORIENTED_EDGE ( 'NONE', *, *, #7742, .F. ) ;
#3136 = CARTESIAN_POINT ( 'NONE',  ( 0.000000000000000000, 0.000000000000000000, -29.50000000000000355 ) ) ;
#3137 = CARTESIAN_POINT ( 'NONE',  ( 4.935408751172079000, -0.06459124882792090239, -13.72834765084402875 ) ) ;
#3138 = VERTEX_POINT ( 'NONE', #350 ) ;
#3139 = AXIS2_PLACEMENT_3D ( 'NONE', #6717, #8646, #2507 ) ;
#3140 = B_SPLINE_CURVE_WITH_KNOTS ( 'NONE', 3,
 ( #7520, #4064, #8104, #8271, #6800, #3973, #6888, #7562, #1385, #8229, #6844, #6714, #570, #6170, #1601, #5709 ),
 .UNSPECIFIED., .F., .F.,
 ( 4, 2, 2, 2, 2, 2, 2, 4 ),
 ( 4.818711198664599083E-07, 0.0008765200830274455859, 0.001314539188981235160, 0.001752558294935024734, 0.002190577400888814308, 0.002628596506842603882, 0.003066615612796393456, 0.003504634718750183030 ),
 .UNSPECIFIED. ) ;
#3141 = B_SPLINE_CURVE_WITH_KNOTS ( 'NONE', 3,
 ( #6486, #5716, #5806, #7242, #8452, #6526, #8540, #3648, #7151, #7783, #208, #3694 ),
 .UNSPECIFIED., .F., .F.,
 ( 4, 2, 2, 2, 2, 4 ),
 ( 0.003504634718750183030, 0.003941423334025067476, 0.004378211949299951056, 0.005251789179849719949, 0.006125366410399488842, 0.006998943640949258603 ),
 .UNSPECIFIED. ) ;
#3142 = CARTESIAN_POINT ( 'NONE',  ( -1.034155654313455908E-12, -4.999999999998965272, -78.85274279208600490 ) ) ;
#3143 = CARTESIAN_POINT ( 'NONE',  ( -5.000000000000003553, 4.915049848600952119E-15, -2.297064704632988619 ) ) ;
#3144 = CARTESIAN_POINT ( 'NONE',  ( -1.000000000000000000, 1.224646799147353207E-16, -38.50000000000000000 ) ) ;
#3145 = ORIENTED_EDGE ( 'NONE', *, *, #6070, .T. ) ;
#3146 = ADVANCED_FACE ( 'NONE', ( #7882 ), #5138, .T. ) ;
#3147 = TOROIDAL_SURFACE ( 'NONE', #6732, 1.000000000000000000, 3.999999999999996447 ) ;
#3148 = CARTESIAN_POINT ( 'NONE',  ( -4.567820679631958924, -0.4321793203680396322, -58.77342623723034620 ) ) ;
#3149 = CARTESIAN_POINT ( 'NONE',  ( 1.328041165545656987, -3.671958834454343013, -103.7500000000000000 ) ) ;
#3150 = CARTESIAN_POINT ( 'NONE',  ( -3.863136006094622488, -1.136863993905376402, -10.12878377920270800 ) ) ;
#3151 = DIRECTION ( 'NONE',  ( -0.000000000000000000, -0.000000000000000000, 1.000000000000000000 ) ) ;
#3152 = EDGE_CURVE ( 'NONE', #1816, #6989, #392, .T. ) ;
#3153 = ORIENTED_EDGE ( 'NONE', *, *, #6695, .T. ) ;
#3154 = EDGE_LOOP ( 'NONE', ( #7271, #3372, #8311 ) ) ;
#3155 = TOROIDAL_SURFACE ( 'NONE', #7589, 1.000000000000000000, 3.999999999999996447 ) ;
#3156 = CARTESIAN_POINT ( 'NONE',  ( 3.671958834454342124, -1.328041165545657876, -54.25000000000000000 ) ) ;
#3157 = ORIENTED_EDGE ( 'NONE', *, *, #2143, .F. ) ;
#3158 = CARTESIAN_POINT ( 'NONE',  ( -0.4974474678531847216, -4.502552532146815167, -88.11327242306298047 ) ) ;
#3159 = CARTESIAN_POINT ( 'NONE',  ( 4.935408751172076336, -0.06459124882792298405, -79.72834765084402875 ) ) ;
#3160 = EDGE_LOOP ( 'NONE', ( #50, #715, #241 ) ) ;
#3161 = TOROIDAL_SURFACE ( 'NONE', #6592, 1.000000000000000000, 2.000000000000000000 ) ;
#3162 = EDGE_LOOP ( 'NONE', ( #7915, #6555, #2623, #2035 ) ) ;
#3163 = AXIS2_PLACEMENT_3D ( 'NONE', #6460, #7805, #3810 ) ;
#3164 = TOROIDAL_SURFACE ( 'NONE', #3439, 1.000000000000000000, 3.999999999999996447 ) ;
#3165 = CARTESIAN_POINT ( 'NONE',  ( -4.872131520502827939, -0.1278684794971705618, -52.50740203054002109 ) ) ;
#3166 = LINE ( 'NONE', #380, #8728 ) ;
#3167 = CARTESIAN_POINT ( 'NONE',  ( 0.000000000000000000, 0.000000000000000000, -77.00000000000000000 ) ) ;
#3168 = CARTESIAN_POINT ( 'NONE',  ( 0.9999999999999993339, 0.000000000000000000, -113.9999999999999858 ) ) ;
#3169 = CYLINDRICAL_SURFACE ( 'NONE', #6990, 0.9999999999999995559 ) ;
#3170 = DIRECTION ( 'NONE',  ( 1.000000000000000000, 0.000000000000000000, 0.000000000000000000 ) ) ;
#3171 = AXIS2_PLACEMENT_3D ( 'NONE', #3561, #1484, #3484 ) ;
#3172 = AXIS2_PLACEMENT_3D ( 'NONE', #5796, #5175, #3204 ) ;
#3173 = CARTESIAN_POINT ( 'NONE',  ( -0.9599107665869267558, -4.040089233413073799, -10.52236572063979736 ) ) ;
#3174 = CARTESIAN_POINT ( 'NONE',  ( 0.000000000000000000, 0.000000000000000000, -95.50000000000000000 ) ) ;
#3175 = CARTESIAN_POINT ( 'NONE',  ( 0.4915337874217822201, -4.508466212578217558, -119.3937648069321114 ) ) ;
#3176 = TOROIDAL_SURFACE ( 'NONE', #3465, 1.000000000000000000, 4.000000000000001776 ) ;
#3177 = CIRCLE ( 'NONE', #4316, 3.999999999999999112 ) ;
#3178 = CARTESIAN_POINT ( 'NONE',  ( -4.366408635906907421, -0.6335913640930935786, -32.89380044883598231 ) ) ;
#3179 = CARTESIAN_POINT ( 'NONE',  ( -0.9599107665869234252, -4.040089233413076464, -54.52236572063980447 ) ) ;
#3180 = ORIENTED_EDGE ( 'NONE', *, *, #7532, .T. ) ;
#3181 = VERTEX_POINT ( 'NONE', #7788 ) ;
#3182 = ORIENTED_EDGE ( 'NONE', *, *, #2971, .T. ) ;
#3183 = CARTESIAN_POINT ( 'NONE',  ( 3.671958834454336795, -1.328041165545663649, -10.25000000000000178 ) ) ;
#3184 = CARTESIAN_POINT ( 'NONE',  ( 0.000000000000000000, -5.000000000000000000, -29.49999999997211830 ) ) ;
#3185 = AXIS2_PLACEMENT_3D ( 'NONE', #3936, #2604, #5379 ) ;
#3186 = ORIENTED_EDGE ( 'NONE', *, *, #3539, .F. ) ;
#3187 = CARTESIAN_POINT ( 'NONE',  ( -0.008301598520836204337, -4.991698401479164104, -100.7037463706171252 ) ) ;
#3188 = CARTESIAN_POINT ( 'NONE',  ( -3.671958834454343013, -1.328041165545656765, -103.7500000000000000 ) ) ;
#3189 = CARTESIAN_POINT ( 'NONE',  ( -4.282386290039723598, -0.7176137099602749592, -64.70222873041525702 ) ) ;
#3190 = CARTESIAN_POINT ( 'NONE',  ( -0.9999999999999993339, 1.224646799147353207E-16, -119.4999999999999858 ) ) ;
#3191 = CARTESIAN_POINT ( 'NONE',  ( -0.06404366727605258214, -4.935956332723947071, -107.2255981339933015 ) ) ;
#3192 = CARTESIAN_POINT ( 'NONE',  ( 0.000000000000000000, 0.000000000000000000, -13.00000000000000355 ) ) ;
#3193 = VERTEX_POINT ( 'NONE', #975 ) ;
#3194 = VERTEX_POINT ( 'NONE', #8595 ) ;
#3195 = LOCAL_TIME ( 3, 32, 11.00000000000000000, #6698 ) ;
#3196 = EDGE_CURVE ( 'NONE', #6192, #5978, #3836, .T. ) ;
#3197 = CARTESIAN_POINT ( 'NONE',  ( -1.328041165545661428, -3.671958834454339016, -15.75000000000000000 ) ) ;
#3198 = B_SPLINE_CURVE_WITH_KNOTS ( 'NONE', 3,
 ( #7832, #8548, #3701, #3793, #5098, #2410, #1707, #4432, #4969, #5146, #8373, #7883 ),
 .UNSPECIFIED., .F., .F.,
 ( 4, 2, 2, 2, 2, 4 ),
 ( 0.003504634718722896263, 0.003941423334001193345, 0.004378211949279489992, 0.005251789179836083288, 0.006125366410392676583, 0.006998943640949270746 ),
 .UNSPECIFIED. ) ;
#3199 = EDGE_CURVE ( 'NONE', #6722, #8046, #3546, .T. ) ;
#3200 = EDGE_CURVE ( 'NONE', #1600, #6585, #125, .T. ) ;
#3201 = EDGE_CURVE ( 'NONE', #3631, #6236, #1852, .T. ) ;
#3202 = ORIENTED_EDGE ( 'NONE', *, *, #6821, .T. ) ;
#3203 = CARTESIAN_POINT ( 'NONE',  ( 5.000000000000285105, 2.852467898815543462E-13, -13.00000000000021316 ) ) ;
#3204 = DIRECTION ( 'NONE',  ( -1.000000000000000000, 1.224646799147353207E-16, 0.000000000000000000 ) ) ;
#3205 = EDGE_CURVE ( 'NONE', #5225, #6225, #8481, .T. ) ;
#3206 = EDGE_LOOP ( 'NONE', ( #5085, #4140, #1363 ) ) ;
#3207 = ORIENTED_EDGE ( 'NONE', *, *, #7612, .T. ) ;
#3208 = CARTESIAN_POINT ( 'NONE',  ( -4.502552532152133580, -0.4974474678478660872, -53.38672757692827275 ) ) ;
#3209 = EDGE_CURVE ( 'NONE', #6816, #3622, #4571, .T. ) ;
#3210 = FACE_OUTER_BOUND ( 'NONE', #802, .T. ) ;
#3211 = DIRECTION ( 'NONE',  ( -0.000000000000000000, -0.000000000000000000, 1.000000000000000000 ) ) ;
#3212 = ORIENTED_EDGE ( 'NONE', *, *, #634, .F. ) ;
#3213 = CARTESIAN_POINT ( 'NONE',  ( 0.9999999999999986677, 0.000000000000000000, 0.000000000000000000 ) ) ;
#3214 = CARTESIAN_POINT ( 'NONE',  ( 0.000000000000000000, 0.000000000000000000, 0.000000000000000000 ) ) ;
#3215 = CARTESIAN_POINT ( 'NONE',  ( 3.862796825714234661, -1.137203174285766005, -15.87100116288256046 ) ) ;
#3216 = ORIENTED_EDGE ( 'NONE', *, *, #812, .F. ) ;
#3217 = EDGE_CURVE ( 'NONE', #1811, #3529, #5584, .T. ) ;
#3218 = CARTESIAN_POINT ( 'NONE',  ( 0.000000000000000000, 0.000000000000000000, -48.75000000000000000 ) ) ;
#3219 = CARTESIAN_POINT ( 'NONE',  ( -3.671958834454342124, -1.328041165545657876, -43.25000000000000711 ) ) ;
#3220 = CARTESIAN_POINT ( 'NONE',  ( 0.03993437491706845754, -4.960065625082931362, -118.0813102135245174 ) ) ;
#3221 = CARTESIAN_POINT ( 'NONE',  ( -4.991957775357462879, -0.008042224642536751830, -34.70753412542730842 ) ) ;
#3222 = CARTESIAN_POINT ( 'NONE',  ( -0.6401341107417150011, -4.359865889258284000, -54.89874954628653825 ) ) ;
#3223 = ORIENTED_EDGE ( 'NONE', *, *, #1403, .F. ) ;
#3224 = VERTEX_POINT ( 'NONE', #1348 ) ;
#3225 = ORIENTED_EDGE ( 'NONE', *, *, #1516, .T. ) ;
#3226 = CARTESIAN_POINT ( 'NONE',  ( 5.000000000000000000, 0.000000000000000000, -2.000000000000000000 ) ) ;
#3227 = FACE_OUTER_BOUND ( 'NONE', #3549, .T. ) ;
#3228 = ORIENTED_EDGE ( 'NONE', *, *, #5384, .F. ) ;
#3229 = DIRECTION ( 'NONE',  ( 1.000000000000000000, 0.000000000000000000, 0.000000000000000000 ) ) ;
#3230 = CARTESIAN_POINT ( 'NONE',  ( -4.935956332719889872, -0.06404366728011053056, -116.7744018659852117 ) ) ;
#3231 = CARTESIAN_POINT ( 'NONE',  ( -0.9999999999999985567, 1.224646799147351728E-16, -120.9999999999999716 ) ) ;
#3232 = CARTESIAN_POINT ( 'NONE',  ( -1.027098599313404079E-12, -4.999999999998974154, -84.35274279208621806 ) ) ;
#3233 = DIRECTION ( 'NONE',  ( 1.000000000000000000, 0.000000000000000000, 0.000000000000000000 ) ) ;
#3234 = VERTEX_POINT ( 'NONE', #2007 ) ;
#3235 = ORIENTED_EDGE ( 'NONE', *, *, #3476, .F. ) ;
#3236 = CARTESIAN_POINT ( 'NONE',  ( -1.000000000000000000, 1.224646799147353207E-16, -46.00000000000000000 ) ) ;
#3237 = CARTESIAN_POINT ( 'NONE',  ( -0.1280093952431795301, -4.871990604756822663, -121.9920752194650504 ) ) ;
#3238 = CIRCLE ( 'NONE', #2547, 0.9999999999999993339 ) ;
#3239 = VERTEX_POINT ( 'NONE', #8778 ) ;
#3240 = CARTESIAN_POINT ( 'NONE',  ( 4.959369330385070107, -0.04063066961493031620, -74.08613448345570873 ) ) ;
#3241 = CARTESIAN_POINT ( 'NONE',  ( 4.959369330385070107, -0.04063066961493031620, -79.58613448345569452 ) ) ;
#3242 = EDGE_CURVE ( 'NONE', #611, #4121, #6567, .T. ) ;
#3243 = B_SPLINE_CURVE_WITH_KNOTS ( 'NONE', 3,
 ( #7630, #6909, #1534, #6274, #90, #1495, #7031, #4254, #767, #4214, #2148, #2871, #7666, #3660, #5512, #6948 ),
 .UNSPECIFIED., .F., .F.,
 ( 4, 2, 2, 2, 2, 2, 2, 4 ),
 ( 4.818711199175747468E-07, 0.0008765200830206747434, 0.001314539188971052550, 0.001752558294921430790, 0.002190577400871808380, 0.002628596506822186187, 0.003066615612772564427, 0.003504634718722942233 ),
 .UNSPECIFIED. ) ;
#3244 = DIRECTION ( 'NONE',  ( 1.000000000000000000, 0.000000000000000000, 0.000000000000000000 ) ) ;
#3245 = CIRCLE ( 'NONE', #6106, 1.000000000000000000 ) ;
#3246 = EDGE_LOOP ( 'NONE', ( #6140, #5218, #6396 ) ) ;
#3247 = ORIENTED_EDGE ( 'NONE', *, *, #194, .F. ) ;
#3248 = CARTESIAN_POINT ( 'NONE',  ( 1.136863993906868320, -3.863136006093130348, -32.37121622079634164 ) ) ;
#3249 = CARTESIAN_POINT ( 'NONE',  ( 0.6335913640883382714, -4.366408635911662728, -37.10619955115780755 ) ) ;
#3250 = AXIS2_PLACEMENT_3D ( 'NONE', #5155, #406, #8608 ) ;
#3251 = FACE_OUTER_BOUND ( 'NONE', #1922, .T. ) ;
#3252 = CARTESIAN_POINT ( 'NONE',  ( 4.959369330385074548, -0.04063066961492557694, -57.58613448345568742 ) ) ;
#3253 = ORIENTED_EDGE ( 'NONE', *, *, #5397, .T. ) ;
#3254 = ADVANCED_FACE ( 'NONE', ( #7485 ), #6280, .T. ) ;
#3255 = DIRECTION ( 'NONE',  ( -0.000000000000000000, -0.000000000000000000, 1.000000000000000000 ) ) ;
#3256 = CARTESIAN_POINT ( 'NONE',  ( 0.9999999999999995559, 0.000000000000000000, 0.000000000000000000 ) ) ;
#3257 = CARTESIAN_POINT ( 'NONE',  ( -3.671958834454334575, -1.328041165545665425, -48.75000000000000000 ) ) ;
#3258 = ADVANCED_FACE ( 'NONE', ( #7393 ), #2417, .T. ) ;
#3259 = TOROIDAL_SURFACE ( 'NONE', #3114, 1.000000000000000000, 3.999999999999996447 ) ;
#3260 = TOROIDAL_SURFACE ( 'NONE', #2085, 1.000000000000000000, 3.999999999999996447 ) ;
#3261 = CARTESIAN_POINT ( 'NONE',  ( 0.000000000000000000, 0.000000000000000000, -117.5000000000000000 ) ) ;
#3262 = CARTESIAN_POINT ( 'NONE',  ( -4.359865889258241367, -0.6401341107417585219, -42.60125045371351149 ) ) ;
#3263 = CARTESIAN_POINT ( 'NONE',  ( 0.000000000000000000, -5.000000000000000000, -100.9999999999722036 ) ) ;
#3264 = CARTESIAN_POINT ( 'NONE',  ( 1.136863993905366410, -3.863136006094632702, -70.87121622079729377 ) ) ;
#3265 = CARTESIAN_POINT ( 'NONE',  ( 1.000000000000000000, 0.000000000000000000, -40.50000000000000711 ) ) ;
#3266 = VERTEX_POINT ( 'NONE', #4023 ) ;
#3267 = EDGE_CURVE ( 'NONE', #600, #4292, #1254, .T. ) ;
#3268 = ORIENTED_EDGE ( 'NONE', *, *, #194, .T. ) ;
#3269 = CARTESIAN_POINT ( 'NONE',  ( 3.863093288486651566, -1.136906711513350210, -4.628810864376921685 ) ) ;
#3270 = CARTESIAN_POINT ( 'NONE',  ( 0.000000000000000000, 0.000000000000000000, -97.49999999999998579 ) ) ;
#3271 = B_SPLINE_CURVE_WITH_KNOTS ( 'NONE', 3,
 ( #583, #6634, #2610, #1082, #5294, #3804, #1846, #7261, #1803, #4494, #1264, #4538 ),
 .UNSPECIFIED., .F., .F.,
 ( 4, 2, 2, 2, 2, 4 ),
 ( 0.003504634718750183030, 0.003941423334025067476, 0.004378211949299951056, 0.005251789179849720816, 0.006125366410399489710, 0.006998943640949258603 ),
 .UNSPECIFIED. ) ;
#3272 = ORIENTED_EDGE ( 'NONE', *, *, #6424, .F. ) ;
#3273 = CARTESIAN_POINT ( 'NONE',  ( -0.6401341107464958435, -4.359865889253503823, -98.89874954628007231 ) ) ;
#3274 = CIRCLE ( 'NONE', #8846, 3.904737509655572758 ) ;
#3275 = CARTESIAN_POINT ( 'NONE',  ( -4.567664291716008407, -0.4323357082839922039, -3.773708731195404287 ) ) ;
#3276 = DIRECTION ( 'NONE',  ( -0.000000000000000000, -0.000000000000000000, 1.000000000000000000 ) ) ;
#3277 = DIRECTION ( 'NONE',  ( -0.000000000000000000, -0.000000000000000000, 1.000000000000000000 ) ) ;
#3278 = VERTEX_POINT ( 'NONE', #4572 ) ;
#3279 = EDGE_CURVE ( 'NONE', #3104, #8435, #696, .T. ) ;
#3280 = CARTESIAN_POINT ( 'NONE',  ( -1.136863993906869652, -3.863136006093129460, -81.87121622079631322 ) ) ;
#3281 = AXIS2_PLACEMENT_3D ( 'NONE', #7247, #3837, #1073 ) ;
#3282 = CARTESIAN_POINT ( 'NONE',  ( -0.1593231317747889342, -4.840676868225211926, -30.64678058429968033 ) ) ;
#3283 = ORIENTED_EDGE ( 'NONE', *, *, #3041, .T. ) ;
#3284 = ORIENTED_EDGE ( 'NONE', *, *, #176, .T. ) ;
#3285 = DIRECTION ( 'NONE',  ( 1.000000000000000000, 0.000000000000000000, 0.000000000000000000 ) ) ;
#3286 = CARTESIAN_POINT ( 'NONE',  ( 1.000000000000000000, 0.000000000000000000, -101.0000000000000000 ) ) ;
#3287 = TOROIDAL_SURFACE ( 'NONE', #1857, 1.000000000000000000, 3.999999999999996447 ) ;
#3288 = VERTEX_POINT ( 'NONE', #7296 ) ;
#3289 = CARTESIAN_POINT ( 'NONE',  ( 4.686141179201310791, -0.3138588207986893752, -75.03467868775798877 ) ) ;
#3290 = CARTESIAN_POINT ( 'NONE',  ( 3.671958834454343013, -1.328041165545656987, -120.2499999999999858 ) ) ;
#3291 = AXIS2_PLACEMENT_3D ( 'NONE', #5456, #6934, #7521 ) ;
#3292 = APPROVAL_ROLE ( '' ) ;
#3293 = ORIENTED_EDGE ( 'NONE', *, *, #8623, .F. ) ;
#3294 = ORIENTED_EDGE ( 'NONE', *, *, #4849, .F. ) ;
#3295 = CARTESIAN_POINT ( 'NONE',  ( 4.748219996434698942, -0.2517800035653020574, -33.59116362763015928 ) ) ;
#3296 = CARTESIAN_POINT ( 'NONE',  ( 0.1278684794971284566, -4.872131520502872348, -61.49259796946014944 ) ) ;
#3297 = TOROIDAL_SURFACE ( 'NONE', #4150, 1.000000000000000000, 3.999999999999996447 ) ;
#3298 = FACE_OUTER_BOUND ( 'NONE', #2844, .T. ) ;
#3299 = CARTESIAN_POINT ( 'NONE',  ( 0.04063066961831320739, -4.959369330381687035, -28.91386551652194470 ) ) ;
#3300 = EDGE_LOOP ( 'NONE', ( #4040, #1972, #416 ) ) ;
#3301 = DIRECTION ( 'NONE',  ( 1.000000000000000000, 0.000000000000000000, 0.000000000000000000 ) ) ;
#3302 = FACE_OUTER_BOUND ( 'NONE', #242, .T. ) ;
#3303 = CARTESIAN_POINT ( 'NONE',  ( 0.000000000000000000, -5.000000000000000000, -13.00000000000000533 ) ) ;
#3304 = AXIS2_PLACEMENT_3D ( 'NONE', #102, #4185, #6959 ) ;
#3305 = AXIS2_PLACEMENT_3D ( 'NONE', #714, #6984, #843 ) ;
#3306 = CARTESIAN_POINT ( 'NONE',  ( 0.1593231317748074471, -4.840676868225192386, -85.64678058429973362 ) ) ;
#3307 = ADVANCED_FACE ( 'NONE', ( #6047 ), #2267, .T. ) ;
#3308 = CARTESIAN_POINT ( 'NONE',  ( 0.6335913640883263920, -4.366408635911673386, -31.60619955115777913 ) ) ;
#3309 = CARTESIAN_POINT ( 'NONE',  ( 0.9582157396402132266, -4.041784260359785996, -119.9762253497006839 ) ) ;
#3310 = CARTESIAN_POINT ( 'NONE',  ( 0.1676550930108600679, -4.832344906989139766, -72.35453806259094733 ) ) ;
#3311 = DIRECTION ( 'NONE',  ( 0.000000000000000000, -1.000000000000000000, 0.000000000000000000 ) ) ;
#3312 = VERTEX_POINT ( 'NONE', #1879 ) ;
#3313 = ADVANCED_FACE ( 'NONE', ( #6765 ), #8573, .T. ) ;
#3314 = AXIS2_PLACEMENT_3D ( 'NONE', #889, #7030, #3530 ) ;
#3315 = DIRECTION ( 'NONE',  ( -0.000000000000000000, -0.000000000000000000, 1.000000000000000000 ) ) ;
#3316 = AXIS2_PLACEMENT_3D ( 'NONE', #950, #6962, #4947 ) ;
#3317 = CARTESIAN_POINT ( 'NONE',  ( 0.9999999999999995559, 0.000000000000000000, 0.000000000000000000 ) ) ;
#3318 = DIRECTION ( 'NONE',  ( 1.000000000000000000, 0.000000000000000000, 0.000000000000000000 ) ) ;
#3319 = VERTEX_POINT ( 'NONE', #5239 ) ;
#3320 = CARTESIAN_POINT ( 'NONE',  ( 4.991698401481079905, -0.008301598518919086830, -90.29625362935772159 ) ) ;
#3321 = AXIS2_PLACEMENT_3D ( 'NONE', #1215, #4625, #6723 ) ;
#3322 = AXIS2_PLACEMENT_3D ( 'NONE', #603, #2074, #683 ) ;
#3323 = EDGE_CURVE ( 'NONE', #3907, #6722, #4194, .T. ) ;
#3324 = CARTESIAN_POINT ( 'NONE',  ( 1.000000000000000000, 0.000000000000000000, -22.00000000000000000 ) ) ;
#3325 = CARTESIAN_POINT ( 'NONE',  ( -3.862796825714235549, -1.137203174285766671, -92.87100116288257823 ) ) ;
#3326 = LINE ( 'NONE', #2518, #6437 ) ;
#3327 = EDGE_LOOP ( 'NONE', ( #2526, #668, #6010 ) ) ;
#3328 = CARTESIAN_POINT ( 'NONE',  ( -0.9599107665897164132, -4.040089233410284031, -82.02236572063743836 ) ) ;
#3329 = AXIS2_PLACEMENT_3D ( 'NONE', #5989, #4746, #1107 ) ;
#3330 = DIRECTION ( 'NONE',  ( -1.000000000000000000, 1.224646799147353207E-16, 0.000000000000000000 ) ) ;
#3331 = ORIENTED_EDGE ( 'NONE', *, *, #6839, .T. ) ;
#3332 = VERTEX_POINT ( 'NONE', #7506 ) ;
#3333 = CARTESIAN_POINT ( 'NONE',  ( -1.000000000000000000, 1.224646799147353207E-16, -40.50000000000000711 ) ) ;
#3334 = DIRECTION ( 'NONE',  ( 1.000000000000000000, 0.000000000000000000, 0.000000000000000000 ) ) ;
#3335 = CIRCLE ( 'NONE', #40, 4.000000000000003553 ) ;
#3336 = CALENDAR_DATE ( 2026, 16, 2 ) ;
#3337 = ORIENTED_EDGE ( 'NONE', *, *, #937, .F. ) ;
#3338 = APPLICATION_CONTEXT ( 'configuration controlled 3d designs of mechanical parts and assemblies' ) ;
#3339 = DIRECTION ( 'NONE',  ( 1.000000000000000000, 0.000000000000000000, 0.000000000000000000 ) ) ;
#3340 = CARTESIAN_POINT ( 'NONE',  ( -4.366408635906906532, -0.6335913640930935786, -82.39380044883600362 ) ) ;
#3341 = LINE ( 'NONE', #2121, #5462 ) ;
#3342 = EDGE_LOOP ( 'NONE', ( #8398, #8549, #3868 ) ) ;
#3343 = DIRECTION ( 'NONE',  ( 0.000000000000000000, 0.000000000000000000, -1.000000000000000000 ) ) ;
#3344 = B_SPLINE_CURVE_WITH_KNOTS ( 'NONE', 3,
 ( #1560, #7617, #3435, #6257, #1389, #6176, #5630, #164, #36, #7525, #5585, #4799, #4960, #7656, #3482, #1522 ),
 .UNSPECIFIED., .F., .F.,
 ( 4, 2, 2, 2, 2, 2, 2, 4 ),
 ( 4.818711199175747468E-07, 0.0008765200830206747434, 0.001314539188971052550, 0.001752558294921430790, 0.002190577400871808380, 0.002628596506822186187, 0.003066615612772564427, 0.003504634718722942233 ),
 .UNSPECIFIED. ) ;
#3345 = CARTESIAN_POINT ( 'NONE',  ( -0.06459124882788470912, -4.935408751172114528, -61.77165234915616310 ) ) ;
#3346 = CARTESIAN_POINT ( 'NONE',  ( -1.328041165545663649, -3.671958834454336795, -32.25000000000000000 ) ) ;
#3347 = FACE_OUTER_BOUND ( 'NONE', #1772, .T. ) ;
#3348 = DIRECTION ( 'NONE',  ( -0.000000000000000000, -0.000000000000000000, 1.000000000000000000 ) ) ;
#3349 = CARTESIAN_POINT ( 'NONE',  ( 0.04063066961489620460, -4.959369330385102970, -12.41386551654451686 ) ) ;
#3350 = ORIENTED_EDGE ( 'NONE', *, *, #353, .T. ) ;
#3351 = CARTESIAN_POINT ( 'NONE',  ( 0.000000000000000000, -5.000000000000000000, -34.99999999997221067 ) ) ;
#3352 = CARTESIAN_POINT ( 'NONE',  ( 4.502401288914176902, -0.4975987110858216544, -3.886975369893182375 ) ) ;
#3353 = EDGE_CURVE ( 'NONE', #7791, #674, #5696, .T. ) ;
#3354 = DIRECTION ( 'NONE',  ( -1.000000000000000000, 1.224646799147353207E-16, 0.000000000000000000 ) ) ;
#3355 = ORIENTED_EDGE ( 'NONE', *, *, #1238, .T. ) ;
#3356 = CARTESIAN_POINT ( 'NONE',  ( -4.043148172725555156, -0.9568518272744450659, -120.5252776777137598 ) ) ;
#3357 = EDGE_CURVE ( 'NONE', #6443, #2726, #8148, .T. ) ;
#3358 = FACE_OUTER_BOUND ( 'NONE', #8151, .T. ) ;
#3359 = FACE_OUTER_BOUND ( 'NONE', #4504, .T. ) ;
#3360 = ORIENTED_EDGE ( 'NONE', *, *, #6867, .F. ) ;
#3361 = ORIENTED_EDGE ( 'NONE', *, *, #13, .F. ) ;
#3362 = CARTESIAN_POINT ( 'NONE',  ( 3.904737509655568317, 0.000000000000000000, -98.24999999999998579 ) ) ;
#3363 = EDGE_CURVE ( 'NONE', #4005, #5198, #8716, .T. ) ;
#3364 = CARTESIAN_POINT ( 'NONE',  ( 0.000000000000000000, 0.000000000000000000, -87.25000000000000000 ) ) ;
#3365 = ORIENTED_EDGE ( 'NONE', *, *, #3789, .T. ) ;
#3366 = EDGE_CURVE ( 'NONE', #7360, #6830, #3693, .T. ) ;
#3367 = ORIENTED_EDGE ( 'NONE', *, *, #7992, .T. ) ;
#3368 = CARTESIAN_POINT ( 'NONE',  ( 1.000000000000000000, 0.000000000000000000, -24.00000000000000355 ) ) ;
#3369 = DIRECTION ( 'NONE',  ( -0.000000000000000000, -0.000000000000000000, 1.000000000000000000 ) ) ;
#3370 = DIRECTION ( 'NONE',  ( -0.000000000000000000, -0.000000000000000000, 1.000000000000000000 ) ) ;
#3371 = ORIENTED_EDGE ( 'NONE', *, *, #6646, .F. ) ;
#3372 = ORIENTED_EDGE ( 'NONE', *, *, #1611, .T. ) ;
#3373 = CARTESIAN_POINT ( 'NONE',  ( -4.282386290039718268, -0.7176137099602820646, -86.70222873041527123 ) ) ;
#3374 = CARTESIAN_POINT ( 'NONE',  ( -1.328041165545656765, -3.671958834454343013, -109.2499999999999858 ) ) ;
#3375 = CARTESIAN_POINT ( 'NONE',  ( 0.000000000000000000, 0.000000000000000000, -81.74999999999998579 ) ) ;
#3376 = ORIENTED_EDGE ( 'NONE', *, *, #3600, .T. ) ;
#3377 = CARTESIAN_POINT ( 'NONE',  ( 3.862796825714234661, -1.137203174285766005, -37.87100116288255691 ) ) ;
#3378 = EDGE_CURVE ( 'NONE', #8628, #7249, #5793, .T. ) ;
#3379 = CIRCLE ( 'NONE', #7100, 4.000000000000001776 ) ;
#3380 = DIRECTION ( 'NONE',  ( 1.000000000000000000, 0.000000000000000000, 0.000000000000000000 ) ) ;
#3381 = DIRECTION ( 'NONE',  ( 1.000000000000000000, 0.000000000000000000, 0.000000000000000000 ) ) ;
#3382 = CARTESIAN_POINT ( 'NONE',  ( 1.136863993906876757, -3.863136006093124575, -87.37121622079634164 ) ) ;
#3383 = CIRCLE ( 'NONE', #7411, 3.904737509655567873 ) ;
#3384 = CARTESIAN_POINT ( 'NONE',  ( 0.000000000000000000, -5.000000000000000000, -29.49999999997211830 ) ) ;
#3385 = AXIS2_PLACEMENT_3D ( 'NONE', #265, #5733, #8379 ) ;
#3386 = DIRECTION ( 'NONE',  ( -0.000000000000000000, -0.000000000000000000, 1.000000000000000000 ) ) ;
#3387 = DIRECTION ( 'NONE',  ( 0.000000000000000000, -1.000000000000000000, 0.000000000000000000 ) ) ;
#3388 = CARTESIAN_POINT ( 'NONE',  ( 4.567820679631962477, -0.4321793203680380779, -36.77342623723036041 ) ) ;
#3389 = DIRECTION ( 'NONE',  ( 0.000000000000000000, -1.000000000000000000, 0.000000000000000000 ) ) ;
#3390 = LINE ( 'NONE', #7526, #8047 ) ;
#3391 = DIRECTION ( 'NONE',  ( -0.000000000000000000, -0.000000000000000000, 1.000000000000000000 ) ) ;
#3392 = AXIS2_PLACEMENT_3D ( 'NONE', #7012, #873, #4473 ) ;
#3393 = CYLINDRICAL_SURFACE ( 'NONE', #1189, 0.9999999999999995559 ) ;
#3394 = AXIS2_PLACEMENT_3D ( 'NONE', #3486, #582, #1263 ) ;
#3395 = CARTESIAN_POINT ( 'NONE',  ( -4.359865889258244920, -0.6401341107417566345, -70.10125045371350438 ) ) ;
#3396 = CARTESIAN_POINT ( 'NONE',  ( 4.567820679631958924, -0.4321793203680420747, -102.7734262372303533 ) ) ;
#3397 = CARTESIAN_POINT ( 'NONE',  ( -0.9599107665897136377, -4.040089233410284919, -38.02236572063742415 ) ) ;
#3398 = AXIS2_PLACEMENT_3D ( 'NONE', #2798, #691, #739 ) ;
#3399 = DIRECTION ( 'NONE',  ( -0.000000000000000000, -0.000000000000000000, 1.000000000000000000 ) ) ;
#3400 = ORIENTED_EDGE ( 'NONE', *, *, #203, .F. ) ;
#3401 = ORIENTED_EDGE ( 'NONE', *, *, #7418, .T. ) ;
#3402 = CARTESIAN_POINT ( 'NONE',  ( 0.9999999999999993339, 0.000000000000000000, -119.4999999999999858 ) ) ;
#3403 = CARTESIAN_POINT ( 'NONE',  ( 1.136863993905363301, -3.863136006094636699, -21.37121622079730088 ) ) ;
#3404 = VERTEX_POINT ( 'NONE', #8170 ) ;
#3405 = CIRCLE ( 'NONE', #5558, 1.000000000000000000 ) ;
#3406 = ORIENTED_EDGE ( 'NONE', *, *, #3683, .T. ) ;
#3407 = CARTESIAN_POINT ( 'NONE',  ( 1.328041165545656765, -3.671958834454343013, -92.74999999999998579 ) ) ;
#3408 = CARTESIAN_POINT ( 'NONE',  ( 4.359865889258242255, -0.6401341107417586329, -42.60125045371350438 ) ) ;
#3409 = EDGE_CURVE ( 'NONE', #2684, #1178, #5161, .T. ) ;
#3410 = AXIS2_PLACEMENT_3D ( 'NONE', #6707, #7958, #517 ) ;
#3411 = CARTESIAN_POINT ( 'NONE',  ( 0.4321793203734926592, -4.567820679626508173, -44.22657376275980567 ) ) ;
#3412 = DIRECTION ( 'NONE',  ( 1.000000000000000000, 0.000000000000000000, 0.000000000000000000 ) ) ;
#3413 = EDGE_CURVE ( 'NONE', #7029, #5123, #3131, .T. ) ;
#3414 = ORIENTED_EDGE ( 'NONE', *, *, #7992, .F. ) ;
#3415 = AXIS2_PLACEMENT_3D ( 'NONE', #4721, #2649, #8079 ) ;
#3416 = CARTESIAN_POINT ( 'NONE',  ( 0.000000000000000000, 0.000000000000000000, -109.2499999999999858 ) ) ;
#3417 = VERTEX_POINT ( 'NONE', #4814 ) ;
#3418 = EDGE_CURVE ( 'NONE', #6072, #7345, #4747, .T. ) ;
#3419 = DIRECTION ( 'NONE',  ( 0.000000000000000000, -1.000000000000000000, 0.000000000000000000 ) ) ;
#3420 = DIRECTION ( 'NONE',  ( -0.000000000000000000, -0.000000000000000000, 1.000000000000000000 ) ) ;
#3421 = CARTESIAN_POINT ( 'NONE',  ( -5.000000000000283329, 2.837136602470240626E-13, -18.50000000000020961 ) ) ;
#3422 = CARTESIAN_POINT ( 'NONE',  ( -0.9999999999999995559, 1.224646799147352714E-16, 0.000000000000000000 ) ) ;
#3423 = ORIENTED_EDGE ( 'NONE', *, *, #4352, .T. ) ;
#3424 = AXIS2_PLACEMENT_3D ( 'NONE', #3040, #3082, #7968 ) ;
#3425 = DIRECTION ( 'NONE',  ( -0.000000000000000000, -0.000000000000000000, 1.000000000000000000 ) ) ;
#3426 = CARTESIAN_POINT ( 'NONE',  ( -4.041784260359807313, -0.9582157396401943528, -21.52377465029931969 ) ) ;
#3427 = B_SPLINE_CURVE_WITH_KNOTS ( 'NONE', 3,
 ( #6007, #1975, #2517, #7262, #5346, #3805, #7311, #1937, #5208, #584, #3325, #1176 ),
 .UNSPECIFIED., .F., .F.,
 ( 4, 2, 2, 2, 2, 4 ),
 ( 0.003504634718750183030, 0.003941423334025067476, 0.004378211949299951056, 0.005251789179849719949, 0.006125366410399488842, 0.006998943640949258603 ),
 .UNSPECIFIED. ) ;
#3428 = DIRECTION ( 'NONE',  ( 1.000000000000000000, 0.000000000000000000, 0.000000000000000000 ) ) ;
#3429 = AXIS2_PLACEMENT_3D ( 'NONE', #4586, #5922, #1939 ) ;
#3430 = DIRECTION ( 'NONE',  ( 1.000000000000000000, 0.000000000000000000, 0.000000000000000000 ) ) ;
#3431 = DIRECTION ( 'NONE',  ( -0.000000000000000000, -0.000000000000000000, 1.000000000000000000 ) ) ;
#3432 = CARTESIAN_POINT ( 'NONE',  ( -5.000000000000008882, 9.207989290483089043E-15, -29.35315646955161739 ) ) ;
#3433 = CARTESIAN_POINT ( 'NONE',  ( 4.935408751172079889, -0.06459124882791927869, -35.72834765084400033 ) ) ;
#3434 = ORIENTED_EDGE ( 'NONE', *, *, #187, .T. ) ;
#3435 = CARTESIAN_POINT ( 'NONE',  ( 0.9599107665897161912, -4.040089233410284031, -93.02236572063743836 ) ) ;
#3436 = DIRECTION ( 'NONE',  ( 1.000000000000000000, 0.000000000000000000, 0.000000000000000000 ) ) ;
#3437 = CARTESIAN_POINT ( 'NONE',  ( 5.000000000000008882, 8.564773646161854723E-15, -23.85315646955162805 ) ) ;
#3438 = TOROIDAL_SURFACE ( 'NONE', #8440, 1.000000000000000000, 1.999999999999994893 ) ;
#3439 = AXIS2_PLACEMENT_3D ( 'NONE', #8687, #1794, #5284 ) ;
#3440 = CARTESIAN_POINT ( 'NONE',  ( -4.366408635906908309, -0.6335913640930921353, -104.3938004488360036 ) ) ;
#3441 = CARTESIAN_POINT ( 'NONE',  ( 4.040089233413053371, -0.9599107665869472950, -108.9776342793601742 ) ) ;
#3442 = DIRECTION ( 'NONE',  ( 1.000000000000000000, 0.000000000000000000, 0.000000000000000000 ) ) ;
#3443 = CARTESIAN_POINT ( 'NONE',  ( 0.000000000000000000, 0.000000000000000000, 0.000000000000000000 ) ) ;
#3444 = TOROIDAL_SURFACE ( 'NONE', #4750, 1.000000000000000000, 3.999999999999996447 ) ;
#3445 = CIRCLE ( 'NONE', #9, 2.000000000000001776 ) ;
#3446 = DIRECTION ( 'NONE',  ( -0.000000000000000000, -0.000000000000000000, 1.000000000000000000 ) ) ;
#3447 = ORIENTED_EDGE ( 'NONE', *, *, #6808, .F. ) ;
#3448 = B_SPLINE_CURVE_WITH_KNOTS ( 'NONE', 3,
 ( #2269, #79, #2815, #1790, #3695, #6436, #7826, #3787, #299, #1701, #251, #1108 ),
 .UNSPECIFIED., .F., .F.,
 ( 4, 2, 2, 2, 2, 4 ),
 ( 0.003504634718750183030, 0.003941423334025066609, 0.004378211949299949321, 0.005251789179849716480, 0.006125366410399483638, 0.006998943640949250797 ),
 .UNSPECIFIED. ) ;
#3449 = VERTEX_POINT ( 'NONE', #5070 ) ;
#3450 = CARTESIAN_POINT ( 'NONE',  ( 0.000000000000000000, 0.000000000000000000, -4.750000000000001776 ) ) ;
#3451 = DIRECTION ( 'NONE',  ( 1.000000000000000000, 0.000000000000000000, 0.000000000000000000 ) ) ;
#3452 = CIRCLE ( 'NONE', #2743, 3.904737509655561212 ) ;
#3453 = ORIENTED_EDGE ( 'NONE', *, *, #7068, .F. ) ;
#3454 = AXIS2_PLACEMENT_3D ( 'NONE', #5260, #4598, #6069 ) ;
#3455 = CARTESIAN_POINT ( 'NONE',  ( -4.359865889258244920, -0.6401341107417566345, -92.10125045371350438 ) ) ;
#3456 = CARTESIAN_POINT ( 'NONE',  ( -4.959369330385070107, -0.04063066961493041335, -79.58613448345569452 ) ) ;
#3457 = CARTESIAN_POINT ( 'NONE',  ( -4.686141179201313456, -0.3138588207986871548, -14.53467868775798699 ) ) ;
#3458 = CIRCLE ( 'NONE', #6763, 3.904737509655565209 ) ;
#3459 = ORIENTED_EDGE ( 'NONE', *, *, #8343, .F. ) ;
#3460 = AXIS2_PLACEMENT_3D ( 'NONE', #733, #4091, #3545 ) ;
#3461 = DIRECTION ( 'NONE',  ( -0.000000000000000000, -0.000000000000000000, 1.000000000000000000 ) ) ;
#3462 = CARTESIAN_POINT ( 'NONE',  ( 1.000000000000000000, 0.000000000000000000, 0.000000000000000000 ) ) ;
#3463 = ADVANCED_FACE ( 'NONE', ( #7074 ), #3664, .F. ) ;
#3464 = EDGE_LOOP ( 'NONE', ( #7854, #6963, #6864, #8470 ) ) ;
#3465 = AXIS2_PLACEMENT_3D ( 'NONE', #1942, #1902, #1224 ) ;
#3466 = ADVANCED_FACE ( 'NONE', ( #1581 ), #1134, .T. ) ;
#3467 = ADVANCED_FACE ( 'NONE', ( #5646 ), #2375, .F. ) ;
#3468 = CARTESIAN_POINT ( 'NONE',  ( -4.748219996434697165, -0.2517800035653028345, -17.09116362763015573 ) ) ;
#3469 = CARTESIAN_POINT ( 'NONE',  ( -4.960065625082965113, -0.03993437491703669823, -83.91868978647572419 ) ) ;
#3470 = CARTESIAN_POINT ( 'NONE',  ( 0.9999999999999993339, 0.000000000000000000, -42.49999999999999289 ) ) ;
#3471 = CARTESIAN_POINT ( 'NONE',  ( 4.688202580618368920, -0.3117974193816313022, -121.4698660872095672 ) ) ;
#3472 = ORIENTED_EDGE ( 'NONE', *, *, #1630, .F. ) ;
#3473 = CIRCLE ( 'NONE', #7048, 1.000000000000000000 ) ;
#3474 = CARTESIAN_POINT ( 'NONE',  ( 0.000000000000000000, -5.000000000000000000, -13.00000000000000533 ) ) ;
#3475 = CARTESIAN_POINT ( 'NONE',  ( -0.06459124882788476463, -4.935408751172118080, -6.771652349156171979 ) ) ;
#3476 = EDGE_CURVE ( 'NONE', #5476, #5657, #4298, .T. ) ;
#3477 = CARTESIAN_POINT ( 'NONE',  ( 0.04063066961833028401, -4.959369330381669272, -89.41386551652185233 ) ) ;
#3478 = CARTESIAN_POINT ( 'NONE',  ( -4.840676868219848217, -0.1593231317801521163, -50.35321941568363968 ) ) ;
#3479 = DIRECTION ( 'NONE',  ( -0.000000000000000000, -0.000000000000000000, 1.000000000000000000 ) ) ;
#3480 = DIRECTION ( 'NONE',  ( 1.000000000000000000, 0.000000000000000000, 0.000000000000000000 ) ) ;
#3481 = CARTESIAN_POINT ( 'NONE',  ( 0.008301598518901481122, -4.991698401481100333, -117.2037463706425058 ) ) ;
#3482 = CARTESIAN_POINT ( 'NONE',  ( 1.027174926393432362E-12, -4.999999999998974154, -95.35274279208621806 ) ) ;
#3483 = CARTESIAN_POINT ( 'NONE',  ( 3.671958834454342124, -1.328041165545657876, -54.25000000000000000 ) ) ;
#3484 = DIRECTION ( 'NONE',  ( -1.000000000000000000, 1.224646799147353207E-16, 0.000000000000000000 ) ) ;
#3485 = CARTESIAN_POINT ( 'NONE',  ( 0.000000000000000000, 0.000000000000000000, -29.50000000000000355 ) ) ;
#3486 = CARTESIAN_POINT ( 'NONE',  ( 0.000000000000000000, 0.000000000000000000, -115.4999999999999858 ) ) ;
#3487 = CARTESIAN_POINT ( 'NONE',  ( 4.991698401481079905, -0.008301598518919086830, -101.2962536293577216 ) ) ;
#3488 = CARTESIAN_POINT ( 'NONE',  ( -4.872131520502828828, -0.1278684794971705063, -63.50740203054002109 ) ) ;
#3489 = CARTESIAN_POINT ( 'NONE',  ( 0.000000000000000000, 0.000000000000000000, -2.000000000000000000 ) ) ;
#3490 = ORIENTED_EDGE ( 'NONE', *, *, #8385, .F. ) ;
#3491 = VERTEX_POINT ( 'NONE', #7843 ) ;
#3492 = CARTESIAN_POINT ( 'NONE',  ( 1.000000000000000000, 0.000000000000000000, -56.99999999999999289 ) ) ;
#3493 = CARTESIAN_POINT ( 'NONE',  ( 0.4915337874163392407, -4.508466212583661203, -69.89376480692351379 ) ) ;
#3494 = ORIENTED_EDGE ( 'NONE', *, *, #3217, .F. ) ;
#3495 = ORIENTED_EDGE ( 'NONE', *, *, #227, .T. ) ;
#3496 = CARTESIAN_POINT ( 'NONE',  ( -4.502552532152134468, -0.4974474678478655321, -80.88672757692823723 ) ) ;
#3497 = CARTESIAN_POINT ( 'NONE',  ( 4.991698401481086123, -0.008301598518914900943, -40.79625362935772870 ) ) ;
#3498 = FACE_OUTER_BOUND ( 'NONE', #8769, .T. ) ;
#3499 = CARTESIAN_POINT ( 'NONE',  ( -1.021646459990168597E-12, -4.999999999998979483, -45.85274279208620385 ) ) ;
#3500 = ORIENTED_EDGE ( 'NONE', *, *, #2591, .T. ) ;
#3501 = CARTESIAN_POINT ( 'NONE',  ( 1.328041165545656987, -3.671958834454343013, -76.25000000000000000 ) ) ;
#3502 = CARTESIAN_POINT ( 'NONE',  ( -0.6335913640883366060, -4.366408635911663616, -97.60619955115780044 ) ) ;
#3503 = ADVANCED_FACE ( 'NONE', ( #7218 ), #4387, .F. ) ;
#3504 = FACE_OUTER_BOUND ( 'NONE', #8430, .T. ) ;
#3505 = CARTESIAN_POINT ( 'NONE',  ( 1.136863993905358194, -3.863136006094642028, -54.37121622079729377 ) ) ;
#3506 = ORIENTED_EDGE ( 'NONE', *, *, #1190, .F. ) ;
#3507 = DIRECTION ( 'NONE',  ( 1.000000000000000000, 0.000000000000000000, 0.000000000000000000 ) ) ;
#3508 = ORIENTED_EDGE ( 'NONE', *, *, #8622, .F. ) ;
#3509 = CARTESIAN_POINT ( 'NONE',  ( 1.023923072794151746E-12, -5.000000000001025846, -90.14684353042196108 ) ) ;
#3510 = CARTESIAN_POINT ( 'NONE',  ( 0.000000000000000000, 0.000000000000000000, -18.50000000000000355 ) ) ;
#3511 = FACE_OUTER_BOUND ( 'NONE', #4079, .T. ) ;
#3512 = EDGE_CURVE ( 'NONE', #7796, #1099, #8425, .T. ) ;
#3513 = CIRCLE ( 'NONE', #8529, 0.9999999999999993339 ) ;
#3514 = CARTESIAN_POINT ( 'NONE',  ( -4.935956332719893425, -0.06404366728010714438, -28.77440186598522587 ) ) ;
#3515 = CARTESIAN_POINT ( 'NONE',  ( -2.657565872010366328E-16, -5.000000000000000888, -12.85274279211299664 ) ) ;
#3516 = CARTESIAN_POINT ( 'NONE',  ( 0.000000000000000000, -5.000000000000000000, -56.99999999999999289 ) ) ;
#3517 = DIRECTION ( 'NONE',  ( -0.000000000000000000, -0.000000000000000000, 1.000000000000000000 ) ) ;
#3518 = ADVANCED_FACE ( 'NONE', ( #1717 ), #5156, .F. ) ;
#3519 = CARTESIAN_POINT ( 'NONE',  ( -5.000000000000281553, 2.811725620256466210E-13, -101.0000000000002132 ) ) ;
#3520 = DIRECTION ( 'NONE',  ( 1.000000000000000000, 0.000000000000000000, 0.000000000000000000 ) ) ;
#3521 = CIRCLE ( 'NONE', #235, 1.000000000000000000 ) ;
#3522 = DIRECTION ( 'NONE',  ( 1.000000000000000000, 0.000000000000000000, 0.000000000000000000 ) ) ;
#3523 = CARTESIAN_POINT ( 'NONE',  ( 0.03993437491706602199, -4.960065625082932250, -8.081310213524483643 ) ) ;
#3524 = CARTESIAN_POINT ( 'NONE',  ( 1.000000000000000000, 0.000000000000000000, -11.00000000000000000 ) ) ;
#3525 = ADVANCED_FACE ( 'NONE', ( #7171 ), #7286, .T. ) ;
#3526 = FACE_OUTER_BOUND ( 'NONE', #5966, .T. ) ;
#3527 = ORIENTED_EDGE ( 'NONE', *, *, #5982, .F. ) ;
#3528 = CIRCLE ( 'NONE', #7406, 2.000000000000000888 ) ;
#3529 = VERTEX_POINT ( 'NONE', #6503 ) ;
#3530 = DIRECTION ( 'NONE',  ( 1.000000000000000000, 0.000000000000000000, 0.000000000000000000 ) ) ;
#3531 = CARTESIAN_POINT ( 'NONE',  ( 0.000000000000000000, -5.000000000000000000, -67.99999999997220357 ) ) ;
#3532 = ORIENTED_EDGE ( 'NONE', *, *, #4849, .T. ) ;
#3533 = CARTESIAN_POINT ( 'NONE',  ( 4.935408751172076336, -0.06459124882792298405, -85.22834765084402875 ) ) ;
#3534 = B_SPLINE_CURVE_WITH_KNOTS ( 'NONE', 3,
 ( #8773, #1926, #8855, #3927, #5234, #5371, #7962, #4062, #1961, #1872, #3215, #4704 ),
 .UNSPECIFIED., .F., .F.,
 ( 4, 2, 2, 2, 2, 4 ),
 ( 0.003504634718750185632, 0.003941423334025070946, 0.004378211949299955393, 0.005251789179849725153, 0.006125366410399494914, 0.006998943640949264675 ),
 .UNSPECIFIED. ) ;
#3535 = VECTOR ( 'NONE', #1865, 1000.000000000000000 ) ;
#3536 = CARTESIAN_POINT ( 'NONE',  ( -1.328041165545661428, -3.671958834454339016, -21.24999999999999645 ) ) ;
#3537 = CIRCLE ( 'NONE', #1111, 3.904737509655567873 ) ;
#3538 = CARTESIAN_POINT ( 'NONE',  ( 3.671958834454342124, -1.328041165545657876, -43.25000000000000711 ) ) ;
#3539 = EDGE_CURVE ( 'NONE', #7397, #641, #8859, .T. ) ;
#3540 = FACE_OUTER_BOUND ( 'NONE', #6112, .T. ) ;
#3541 = CARTESIAN_POINT ( 'NONE',  ( 0.03993437491706595260, -4.960065625082933138, -13.58131021352448009 ) ) ;
#3542 = CARTESIAN_POINT ( 'NONE',  ( -0.03993437491367320125, -4.960065625086328644, -52.08131021350185108 ) ) ;
#3543 = TOROIDAL_SURFACE ( 'NONE', #5267, 1.000000000000000000, 3.999999999999996447 ) ;
#3544 = ORIENTED_EDGE ( 'NONE', *, *, #3081, .T. ) ;
#3545 = DIRECTION ( 'NONE',  ( 1.000000000000000000, 0.000000000000000000, 0.000000000000000000 ) ) ;
#3546 = B_SPLINE_CURVE_WITH_KNOTS ( 'NONE', 3,
 ( #1753, #2464, #7925, #4483, #5097, #7111, #7207, #5812, #4336, #4376, #6441, #5058 ),
 .UNSPECIFIED., .F., .F.,
 ( 4, 2, 2, 2, 2, 4 ),
 ( 0.003504634718750501785, 0.003941423334025352838, 0.004378211949300204325, 0.005251789179849907299, 0.006125366410399610273, 0.006998943640949313247 ),
 .UNSPECIFIED. ) ;
#3547 = TOROIDAL_SURFACE ( 'NONE', #1420, 1.000000000000000000, 3.999999999999999112 ) ;
#3548 = CARTESIAN_POINT ( 'NONE',  ( -1.646961451164069361E-15, -5.000000000000000888, -56.85274279211295578 ) ) ;
#3549 = EDGE_LOOP ( 'NONE', ( #4321, #5431, #6672, #5729 ) ) ;
#3550 = AXIS2_PLACEMENT_3D ( 'NONE', #7544, #3584, #1370 ) ;
#3551 = DIRECTION ( 'NONE',  ( 1.000000000000000000, 0.000000000000000000, 0.000000000000000000 ) ) ;
#3552 = ORIENTED_EDGE ( 'NONE', *, *, #70, .F. ) ;
#3553 = CARTESIAN_POINT ( 'NONE',  ( -1.000000000000000000, 1.224646799147353207E-16, -7.500000000000003553 ) ) ;
#3554 = DIRECTION ( 'NONE',  ( 1.000000000000000000, 0.000000000000000000, 0.000000000000000000 ) ) ;
#3555 = CARTESIAN_POINT ( 'NONE',  ( 1.000000000000000000, 0.000000000000000000, -54.99999999999999289 ) ) ;
#3556 = AXIS2_PLACEMENT_3D ( 'NONE', #8546, #254, #7064 ) ;
#3557 = CARTESIAN_POINT ( 'NONE',  ( 0.4915337874217836633, -4.508466212578218446, -25.89376480693213267 ) ) ;
#3558 = DIRECTION ( 'NONE',  ( -1.000000000000000000, 1.224646799147353207E-16, 0.000000000000000000 ) ) ;
#3559 = DIRECTION ( 'NONE',  ( 1.000000000000000000, 0.000000000000000000, 0.000000000000000000 ) ) ;
#3560 = CARTESIAN_POINT ( 'NONE',  ( 4.739198801701951957, -0.2608011982980471544, -47.40923771779444706 ) ) ;
#3561 = CARTESIAN_POINT ( 'NONE',  ( -1.000000000000000000, 1.224646799147353207E-16, -117.5000000000000000 ) ) ;
#3562 = CARTESIAN_POINT ( 'NONE',  ( 3.862796825714237769, -1.137203174285763341, -65.37100116288257823 ) ) ;
#3563 = EDGE_CURVE ( 'NONE', #4182, #3138, #2853, .T. ) ;
#3564 = CIRCLE ( 'NONE', #3291, 3.999999999999996447 ) ;
#3565 = CARTESIAN_POINT ( 'NONE',  ( -0.9582157396373276459, -4.041784260362672576, -114.4762253496982112 ) ) ;
#3566 = EDGE_CURVE ( 'NONE', #3319, #4292, #268, .T. ) ;
#3567 = CARTESIAN_POINT ( 'NONE',  ( -0.6335913640883368281, -4.366408635911663616, -86.60619955115781465 ) ) ;
#3568 = ADVANCED_FACE ( 'NONE', ( #185 ), #989, .T. ) ;
#3569 = DIRECTION ( 'NONE',  ( 1.000000000000000000, 0.000000000000000000, 0.000000000000000000 ) ) ;
#3570 = CARTESIAN_POINT ( 'NONE',  ( 1.000000000000000000, 0.000000000000000000, -24.00000000000000355 ) ) ;
#3571 = EDGE_CURVE ( 'NONE', #1033, #641, #1129, .T. ) ;
#3572 = ORIENTED_EDGE ( 'NONE', *, *, #5614, .T. ) ;
#3573 = CIRCLE ( 'NONE', #5304, 0.9999999999999993339 ) ;
#3574 = ORIENTED_EDGE ( 'NONE', *, *, #4126, .T. ) ;
#3575 = LINE ( 'NONE', #2229, #3014 ) ;
#3576 = B_SPLINE_CURVE_WITH_KNOTS ( 'NONE', 3,
 ( #534, #2474, #3849, #5920, #494, #1763, #2516, #6679, #5248, #7979, #6222, #1442 ),
 .UNSPECIFIED., .F., .F.,
 ( 4, 2, 2, 2, 2, 4 ),
 ( 0.003504634718750193438, 0.003941423334025078752, 0.004378211949299964066, 0.005251789179849735562, 0.006125366410399506190, 0.006998943640949276818 ),
 .UNSPECIFIED. ) ;
#3577 = DIRECTION ( 'NONE',  ( -0.000000000000000000, -0.000000000000000000, 1.000000000000000000 ) ) ;
#3578 = ORIENTED_EDGE ( 'NONE', *, *, #1065, .F. ) ;
#3579 = ADVANCED_FACE ( 'NONE', ( #7937 ), #6286, .T. ) ;
#3580 = CARTESIAN_POINT ( 'NONE',  ( -0.1593231317748069475, -4.840676868225194163, -41.64678058429974072 ) ) ;
#3581 = AXIS2_PLACEMENT_3D ( 'NONE', #6061, #5300, #670 ) ;
#3582 = AXIS2_PLACEMENT_3D ( 'NONE', #3265, #3311, #7394 ) ;
#3583 = CARTESIAN_POINT ( 'NONE',  ( -1.328041165545665647, -3.671958834454334575, -48.75000000000000000 ) ) ;
#3584 = DIRECTION ( 'NONE',  ( -0.000000000000000000, -0.000000000000000000, 1.000000000000000000 ) ) ;
#3585 = CARTESIAN_POINT ( 'NONE',  ( 1.000000000000000000, 0.000000000000000000, -13.00000000000000355 ) ) ;
#3586 = CARTESIAN_POINT ( 'NONE',  ( 4.282386290039718268, -0.7176137099602819536, -70.20222873041527123 ) ) ;
#3587 = CARTESIAN_POINT ( 'NONE',  ( 1.328041165545657876, -3.671958834454342124, -37.75000000000000000 ) ) ;
#3588 = CIRCLE ( 'NONE', #4456, 0.9999999999999993339 ) ;
#3589 = TOROIDAL_SURFACE ( 'NONE', #6314, 1.000000000000000000, 3.999999999999996447 ) ;
#3590 = ORIENTED_EDGE ( 'NONE', *, *, #7750, .T. ) ;
#3591 = CARTESIAN_POINT ( 'NONE',  ( -4.508466212578265520, -0.4915337874217337588, -16.60623519306795615 ) ) ;
#3592 = CIRCLE ( 'NONE', #1892, 0.9999999999999993339 ) ;
#3593 = B_SPLINE_CURVE_WITH_KNOTS ( 'NONE', 3,
 ( #1876, #8643, #4568, #4615, #7346, #7879, #1207, #3928, #1749, #5454, #8190, #6843, #4791, #747, #7561, #4103 ),
 .UNSPECIFIED., .F., .F.,
 ( 4, 2, 2, 2, 2, 2, 2, 4 ),
 ( 4.818711198525358513E-07, 0.0008765200830274465617, 0.001314539188981237545, 0.001752558294935028854, 0.002190577400888819946, 0.002628596506842610821, 0.003066615612796402563, 0.003504634718750193438 ),
 .UNSPECIFIED. ) ;
#3594 = ORIENTED_EDGE ( 'NONE', *, *, #3083, .F. ) ;
#3595 = CIRCLE ( 'NONE', #6178, 0.9999999999999993339 ) ;
#3596 = DIRECTION ( 'NONE',  ( 0.000000000000000000, -1.000000000000000000, 0.000000000000000000 ) ) ;
#3597 = CARTESIAN_POINT ( 'NONE',  ( 0.000000000000000000, 0.000000000000000000, -48.75000000000000000 ) ) ;
#3598 = ORIENTED_EDGE ( 'NONE', *, *, #127, .T. ) ;
#3599 = TOROIDAL_SURFACE ( 'NONE', #5467, 1.000000000000000000, 4.000000000000000000 ) ;
#3600 = EDGE_CURVE ( 'NONE', #3194, #3288, #2575, .T. ) ;
#3601 = CARTESIAN_POINT ( 'NONE',  ( -0.6401341107417195531, -4.359865889258280447, -5.398749546286554235 ) ) ;
#3602 = ORIENTED_EDGE ( 'NONE', *, *, #7679, .T. ) ;
#3603 = CARTESIAN_POINT ( 'NONE',  ( -0.1593231317747715592, -4.840676868225228802, -91.14678058429960572 ) ) ;
#3604 = DIRECTION ( 'NONE',  ( -0.000000000000000000, -0.000000000000000000, 1.000000000000000000 ) ) ;
#3605 = CARTESIAN_POINT ( 'NONE',  ( 0.000000000000000000, 0.000000000000000000, -73.50000000000001421 ) ) ;
#3606 = AXIS2_PLACEMENT_3D ( 'NONE', #2013, #4626, #1260 ) ;
#3607 = CARTESIAN_POINT ( 'NONE',  ( 1.000000000000002220, 0.000000000000000000, -122.9999999999999716 ) ) ;
#3608 = FACE_OUTER_BOUND ( 'NONE', #129, .T. ) ;
#3609 = CARTESIAN_POINT ( 'NONE',  ( 0.000000000000000000, -5.000000000000000000, -24.00000000000000711 ) ) ;
#3610 = CARTESIAN_POINT ( 'NONE',  ( -0.3138588208043166516, -4.686141179195685069, -27.96532131222950568 ) ) ;
#3611 = DIRECTION ( 'NONE',  ( 1.000000000000000000, 0.000000000000000000, 0.000000000000000000 ) ) ;
#3612 = CARTESIAN_POINT ( 'NONE',  ( 4.041784260359809089, -0.9582157396401913552, -65.52377465029930192 ) ) ;
#3613 = APPROVAL_PERSON_ORGANIZATION ( #8630, #2608, #2530 ) ;
#3614 = CARTESIAN_POINT ( 'NONE',  ( 3.904737509655564320, 0.000000000000000000, -10.25000000000000178 ) ) ;
#3615 = FACE_OUTER_BOUND ( 'NONE', #1735, .T. ) ;
#3616 = DIRECTION ( 'NONE',  ( 1.000000000000000000, 0.000000000000000000, 0.000000000000000000 ) ) ;
#3617 = ORIENTED_EDGE ( 'NONE', *, *, #6598, .T. ) ;
#3618 = EDGE_CURVE ( 'NONE', #8632, #7492, #8685, .T. ) ;
#3619 = ORIENTED_EDGE ( 'NONE', *, *, #2617, .F. ) ;
#3620 = DIRECTION ( 'NONE',  ( 1.224646799147353207E-16, 1.000000000000000000, 0.000000000000000000 ) ) ;
#3621 = DIRECTION ( 'NONE',  ( 0.000000000000000000, 0.000000000000000000, -1.000000000000000000 ) ) ;
#3622 = VERTEX_POINT ( 'NONE', #6729 ) ;
#3623 = CARTESIAN_POINT ( 'NONE',  ( 4.359865889258248473, -0.6401341107417516385, -64.60125045371350438 ) ) ;
#3624 = CARTESIAN_POINT ( 'NONE',  ( -4.935408751172079000, -0.06459124882792090239, -13.72834765084402875 ) ) ;
#3625 = EDGE_CURVE ( 'NONE', #6398, #8265, #7864, .T. ) ;
#3626 = CARTESIAN_POINT ( 'NONE',  ( -0.1676550930162088171, -4.832344906983790267, -110.8545380625738517 ) ) ;
#3627 = CARTESIAN_POINT ( 'NONE',  ( 4.991698401481079905, -0.008301598518919086830, -68.29625362935772159 ) ) ;
#3628 = LINE ( 'NONE', #3462, #6878 ) ;
#3629 = CARTESIAN_POINT ( 'NONE',  ( -0.1593231317801996894, -4.840676868219799367, -14.14678058431651486 ) ) ;
#3630 = EDGE_CURVE ( 'NONE', #1535, #3996, #4991, .T. ) ;
#3631 = VERTEX_POINT ( 'NONE', #2612 ) ;
#3632 = CARTESIAN_POINT ( 'NONE',  ( 0.9999999999999995559, 0.000000000000000000, 0.000000000000000000 ) ) ;
#3633 = EDGE_CURVE ( 'NONE', #6606, #1917, #3427, .T. ) ;
#3634 = PLANE ( 'NONE',  #7696 ) ;
#3635 = DIRECTION ( 'NONE',  ( 1.000000000000000000, 0.000000000000000000, 0.000000000000000000 ) ) ;
#3636 = ORIENTED_EDGE ( 'NONE', *, *, #8734, .F. ) ;
#3637 = CARTESIAN_POINT ( 'NONE',  ( 4.502552532152134468, -0.4974474678478654210, -113.8867275769282656 ) ) ;
#3638 = ORIENTED_EDGE ( 'NONE', *, *, #6217, .F. ) ;
#3639 = CARTESIAN_POINT ( 'NONE',  ( -5.000000000000284217, 2.844285577088679172E-13, -62.50000000000020606 ) ) ;
#3640 = EDGE_LOOP ( 'NONE', ( #4215, #6003, #2739, #5604, #4889, #46 ) ) ;
#3641 = LINE ( 'NONE', #290, #667 ) ;
#3642 = CARTESIAN_POINT ( 'NONE',  ( -0.06404366728014389276, -4.935956332719856121, -63.22559813401495887 ) ) ;
#3643 = B_SPLINE_CURVE_WITH_KNOTS ( 'NONE', 3,
 ( #8538, #430, #3691, #4476, #3646, #2400, #8588, #6432, #7875, #7919, #4517, #7200 ),
 .UNSPECIFIED., .F., .F.,
 ( 4, 2, 2, 2, 2, 4 ),
 ( 0.003504634718750183030, 0.003941423334025066609, 0.004378211949299949321, 0.005251789179849716480, 0.006125366410399483638, 0.006998943640949250797 ),
 .UNSPECIFIED. ) ;
#3644 = CARTESIAN_POINT ( 'NONE',  ( -0.4321793203679948348, -4.567820679632005110, -115.7265737627697462 ) ) ;
#3645 = CARTESIAN_POINT ( 'NONE',  ( 4.359865889258244920, -0.6401341107417566345, -97.60125045371351860 ) ) ;
#3646 = CARTESIAN_POINT ( 'NONE',  ( -4.935956332719889872, -0.06404366728011053056, -89.27440186598522587 ) ) ;
#3647 = CARTESIAN_POINT ( 'NONE',  ( 4.502552532152131803, -0.4974474678478682521, -9.386727576928269201 ) ) ;
#3648 = CARTESIAN_POINT ( 'NONE',  ( -4.508466212578261967, -0.4915337874217377001, -99.10623519306797391 ) ) ;
#3649 = CARTESIAN_POINT ( 'NONE',  ( 4.686141179201312568, -0.3138588207986888756, -25.53467868775798877 ) ) ;
#3650 = CARTESIAN_POINT ( 'NONE',  ( 0.000000000000000000, 0.000000000000000000, -64.49999999999998579 ) ) ;
#3651 = LINE ( 'NONE', #2944, #6250 ) ;
#3652 = FACE_OUTER_BOUND ( 'NONE', #4907, .T. ) ;
#3653 = CARTESIAN_POINT ( 'NONE',  ( 0.1273018362889395683, -4.872698163711060459, -3.005387209383886482 ) ) ;
#3654 = CARTESIAN_POINT ( 'NONE',  ( -4.748219996434698054, -0.2517800035653024460, -77.59116362763018060 ) ) ;
#3655 = ORIENTED_EDGE ( 'NONE', *, *, #1123, .F. ) ;
#3656 = ORIENTED_EDGE ( 'NONE', *, *, #2088, .T. ) ;
#3657 = DIRECTION ( 'NONE',  ( 1.000000000000000000, 0.000000000000000000, 0.000000000000000000 ) ) ;
#3658 = B_SPLINE_CURVE_WITH_KNOTS ( 'NONE', 3,
 ( #1933, #8111, #6674, #5338, #4669, #7528, #6631, #5288, #1971, #5956, #8023, #4715 ),
 .UNSPECIFIED., .F., .F.,
 ( 4, 2, 2, 2, 2, 4 ),
 ( 0.003504634718750183030, 0.003941423334025067476, 0.004378211949299951056, 0.005251789179849720816, 0.006125366410399489710, 0.006998943640949258603 ),
 .UNSPECIFIED. ) ;
#3659 = CIRCLE ( 'NONE', #8682, 3.904737509655567873 ) ;
#3660 = CARTESIAN_POINT ( 'NONE',  ( 0.008301598520836291073, -4.991698401479165881, -84.20374637061715362 ) ) ;
#3661 = ORIENTED_EDGE ( 'NONE', *, *, #2882, .T. ) ;
#3662 = CARTESIAN_POINT ( 'NONE',  ( 4.991698401481079905, -0.008301598518919086830, -84.79625362935773580 ) ) ;
#3663 = CARTESIAN_POINT ( 'NONE',  ( -3.904737509655561212, 4.781924292710291606E-16, -4.750000000000001776 ) ) ;
#3664 = CYLINDRICAL_SURFACE ( 'NONE', #6135, 0.9999999999999995559 ) ;
#3665 = CIRCLE ( 'NONE', #530, 4.000000000000001776 ) ;
#3666 = CARTESIAN_POINT ( 'NONE',  ( -0.3117974193816393513, -4.688202580618362703, -3.530133912790450079 ) ) ;
#3667 = CARTESIAN_POINT ( 'NONE',  ( 5.000000000000281553, 2.809514862196180954E-13, -112.0000000000002132 ) ) ;
#3668 = CARTESIAN_POINT ( 'NONE',  ( 0.000000000000000000, -5.000000000000000000, -78.99999999997200462 ) ) ;
#3669 = DIRECTION ( 'NONE',  ( 0.000000000000000000, -1.000000000000000000, 0.000000000000000000 ) ) ;
#3670 = CARTESIAN_POINT ( 'NONE',  ( -1.000000000000000000, 1.224646799147353207E-16, -101.0000000000000000 ) ) ;
#3671 = AXIS2_PLACEMENT_3D ( 'NONE', #1387, #2130, #2854 ) ;
#3672 = AXIS2_PLACEMENT_3D ( 'NONE', #3174, #3788, #3833 ) ;
#3673 = ORIENTED_EDGE ( 'NONE', *, *, #6871, .T. ) ;
#3674 = EDGE_CURVE ( 'NONE', #101, #6340, #6547, .T. ) ;
#3675 = CARTESIAN_POINT ( 'NONE',  ( 0.000000000000000000, 0.000000000000000000, -40.50000000000000711 ) ) ;
#3676 = ADVANCED_FACE ( 'NONE', ( #407 ), #2272, .F. ) ;
#3677 = ORIENTED_EDGE ( 'NONE', *, *, #7963, .F. ) ;
#3678 = CIRCLE ( 'NONE', #7122, 1.000000000000000000 ) ;
#3679 = CARTESIAN_POINT ( 'NONE',  ( 0.000000000000000000, 0.000000000000000000, -7.500000000000003553 ) ) ;
#3680 = CARTESIAN_POINT ( 'NONE',  ( 0.000000000000000000, 0.000000000000000000, -26.75000000000000355 ) ) ;
#3681 = ORIENTED_EDGE ( 'NONE', *, *, #2057, .F. ) ;
#3682 = ORIENTED_EDGE ( 'NONE', *, *, #4963, .F. ) ;
#3683 = EDGE_CURVE ( 'NONE', #5101, #6398, #753, .T. ) ;
#3684 = TOROIDAL_SURFACE ( 'NONE', #6560, 1.000000000000000000, 3.999999999999999112 ) ;
#3685 = DIRECTION ( 'NONE',  ( -0.000000000000000000, -0.000000000000000000, 1.000000000000000000 ) ) ;
#3686 = ORIENTED_EDGE ( 'NONE', *, *, #7660, .T. ) ;
#3687 = CARTESIAN_POINT ( 'NONE',  ( 4.960065625082965113, -0.03993437491703672598, -78.41868978647573840 ) ) ;
#3688 = DIRECTION ( 'NONE',  ( -0.000000000000000000, -0.000000000000000000, 1.000000000000000000 ) ) ;
#3689 = CARTESIAN_POINT ( 'NONE',  ( -3.671958834454335019, -1.328041165545665203, -26.75000000000000355 ) ) ;
#3690 = FACE_OUTER_BOUND ( 'NONE', #7909, .T. ) ;
#3691 = CARTESIAN_POINT ( 'NONE',  ( -4.991957775357460214, -0.008042224642539145749, -89.70753412542734395 ) ) ;
#3692 = CARTESIAN_POINT ( 'NONE',  ( 4.282386290039716492, -0.7176137099602842850, -9.702228730415283664 ) ) ;
#3693 = CIRCLE ( 'NONE', #6994, 3.999999999999996447 ) ;
#3694 = CARTESIAN_POINT ( 'NONE',  ( -3.671958834454343013, -1.328041165545656765, -98.24999999999998579 ) ) ;
#3695 = CARTESIAN_POINT ( 'NONE',  ( -4.935956332719889872, -0.06404366728011053056, -67.27440186598522587 ) ) ;
#3696 = CARTESIAN_POINT ( 'NONE',  ( 0.000000000000000000, -5.000000000000000000, -111.9999999999722036 ) ) ;
#3697 = AXIS2_PLACEMENT_3D ( 'NONE', #7574, #6813, #2819 ) ;
#3698 = CARTESIAN_POINT ( 'NONE',  ( -1.061544041146451900E-15, -5.000000000000000888, -24.14684353044863130 ) ) ;
#3699 = DIRECTION ( 'NONE',  ( -0.000000000000000000, -0.000000000000000000, 1.000000000000000000 ) ) ;
#3700 = CARTESIAN_POINT ( 'NONE',  ( 3.862796825714241322, -1.137203174285759566, -54.37100116288256402 ) ) ;
#3701 = CARTESIAN_POINT ( 'NONE',  ( 0.008042224640664976526, -4.991957775359335159, -51.79246587454773021 ) ) ;
#3702 = ORIENTED_EDGE ( 'NONE', *, *, #7959, .T. ) ;
#3703 = ORIENTED_EDGE ( 'NONE', *, *, #6057, .F. ) ;
#3704 = VERTEX_POINT ( 'NONE', #5425 ) ;
#3705 = AXIS2_PLACEMENT_3D ( 'NONE', #1012, #6343, #202 ) ;
#3706 = CARTESIAN_POINT ( 'NONE',  ( -4.502552532152130027, -0.4974474678478674750, -20.38672757692826210 ) ) ;
#3707 = ORIENTED_EDGE ( 'NONE', *, *, #5397, .F. ) ;
#3708 = CARTESIAN_POINT ( 'NONE',  ( 4.502552532152134468, -0.4974474678478654210, -86.38672757692826565 ) ) ;
#3709 = CARTESIAN_POINT ( 'NONE',  ( -0.03993437491367181347, -4.960065625086329533, -46.58131021350184398 ) ) ;
#3710 = DIRECTION ( 'NONE',  ( 0.000000000000000000, 0.000000000000000000, -1.000000000000000000 ) ) ;
#3711 = CIRCLE ( 'NONE', #6297, 0.9999999999999993339 ) ;
#3712 = CARTESIAN_POINT ( 'NONE',  ( -0.1273018362889391242, -4.872698163711060459, -3.005387209383886482 ) ) ;
#3713 = DIRECTION ( 'NONE',  ( -0.000000000000000000, -0.000000000000000000, 1.000000000000000000 ) ) ;
#3714 = DIRECTION ( 'NONE',  ( -0.000000000000000000, -0.000000000000000000, 1.000000000000000000 ) ) ;
#3715 = DIRECTION ( 'NONE',  ( -0.000000000000000000, -0.000000000000000000, 1.000000000000000000 ) ) ;
#3716 = CIRCLE ( 'NONE', #8743, 4.000000000000000000 ) ;
#3717 = CIRCLE ( 'NONE', #4302, 4.000000000000001776 ) ;
#3718 = ORIENTED_EDGE ( 'NONE', *, *, #939, .T. ) ;
#3719 = CARTESIAN_POINT ( 'NONE',  ( 4.282386290039720045, -0.7176137099602802882, -53.70222873041526412 ) ) ;
#3720 = TOROIDAL_SURFACE ( 'NONE', #8749, 1.000000000000000000, 2.000000000000001776 ) ;
#3721 = AXIS2_PLACEMENT_3D ( 'NONE', #6973, #832, #4419 ) ;
#3722 = DIRECTION ( 'NONE',  ( 0.7071067811865474617, -0.7071067811865474617, 0.000000000000000000 ) ) ;
#3723 = CARTESIAN_POINT ( 'NONE',  ( 0.1593231317748074471, -4.840676868225192386, -96.64678058429974783 ) ) ;
#3724 = ORIENTED_EDGE ( 'NONE', *, *, #3512, .F. ) ;
#3725 = ADVANCED_FACE ( 'NONE', ( #5470 ), #2129, .T. ) ;
#3726 = EDGE_CURVE ( 'NONE', #2207, #2744, #7138, .T. ) ;
#3727 = CARTESIAN_POINT ( 'NONE',  ( 0.3138588207986368617, -4.686141179201363194, -5.965321312242132912 ) ) ;
#3728 = EDGE_CURVE ( 'NONE', #3989, #8797, #5142, .T. ) ;
#3729 = ORIENTED_EDGE ( 'NONE', *, *, #1949, .F. ) ;
#3730 = AXIS2_PLACEMENT_3D ( 'NONE', #3741, #7201, #2314 ) ;
#3731 = TOROIDAL_SURFACE ( 'NONE', #5896, 1.000000000000000000, 3.999999999999996447 ) ;
#3732 = ORIENTED_EDGE ( 'NONE', *, *, #2057, .T. ) ;
#3733 = ORIENTED_EDGE ( 'NONE', *, *, #1963, .F. ) ;
#3734 = CARTESIAN_POINT ( 'NONE',  ( 0.6401341107464953994, -4.359865889253504712, -32.89874954628008652 ) ) ;
#3735 = CARTESIAN_POINT ( 'NONE',  ( -0.008042224642554050493, -4.991957775357446003, -62.79246587457290474 ) ) ;
#3736 = CARTESIAN_POINT ( 'NONE',  ( -1.328041165545656987, -3.671958834454343013, -114.7499999999999858 ) ) ;
#3737 = CARTESIAN_POINT ( 'NONE',  ( 4.686141179201310791, -0.3138588207986893752, -97.03467868775796035 ) ) ;
#3738 = AXIS2_PLACEMENT_3D ( 'NONE', #7454, #719, #1320 ) ;
#3739 = DIRECTION ( 'NONE',  ( -1.000000000000000000, 1.224646799147353207E-16, 0.000000000000000000 ) ) ;
#3740 = CARTESIAN_POINT ( 'NONE',  ( -4.872131520502826163, -0.1278684794971741423, -113.0074020305400353 ) ) ;
#3741 = CARTESIAN_POINT ( 'NONE',  ( 0.000000000000000000, 0.000000000000000000, -101.0000000000000000 ) ) ;
#3742 = PRODUCT_DEFINITION ( 'UNKNOWN', '', #5916, #2701 ) ;
#3743 = FACE_OUTER_BOUND ( 'NONE', #1095, .T. ) ;
#3744 = EDGE_CURVE ( 'NONE', #1934, #4323, #5702, .T. ) ;
#3745 = CARTESIAN_POINT ( 'NONE',  ( 0.000000000000000000, 0.000000000000000000, -65.24999999999998579 ) ) ;
#3746 = AXIS2_PLACEMENT_3D ( 'NONE', #6988, #7706, #5602 ) ;
#3747 = CARTESIAN_POINT ( 'NONE',  ( 0.000000000000000000, -8.534839501805888885E-13, -123.0000000000000000 ) ) ;
#3748 = CARTESIAN_POINT ( 'NONE',  ( -1.020193374969154249E-12, -5.000000000001022293, -40.64684353042215292 ) ) ;
#3749 = DIRECTION ( 'NONE',  ( 1.000000000000000000, 0.000000000000000000, 0.000000000000000000 ) ) ;
#3750 = CARTESIAN_POINT ( 'NONE',  ( 4.840676868219848217, -0.1593231317801520330, -50.35321941568363968 ) ) ;
#3751 = ORIENTED_EDGE ( 'NONE', *, *, #4222, .T. ) ;
#3752 = VERTEX_POINT ( 'NONE', #5507 ) ;
#3753 = EDGE_LOOP ( 'NONE', ( #4729, #2613, #5215, #4273 ) ) ;
#3754 = DIRECTION ( 'NONE',  ( 1.000000000000000000, 0.000000000000000000, 0.000000000000000000 ) ) ;
#3755 = AXIS2_PLACEMENT_3D ( 'NONE', #2359, #7152, #6527 ) ;
#3756 = CARTESIAN_POINT ( 'NONE',  ( -1.328041165545665647, -3.671958834454334575, -48.75000000000000000 ) ) ;
#3757 = ORIENTED_EDGE ( 'NONE', *, *, #8394, .T. ) ;
#3758 = DIRECTION ( 'NONE',  ( -1.000000000000000000, 1.224646799147353207E-16, 0.000000000000000000 ) ) ;
#3759 = CARTESIAN_POINT ( 'NONE',  ( 4.686141179201315232, -0.3138588207986844347, -64.03467868775796035 ) ) ;
#3760 = DIRECTION ( 'NONE',  ( 1.000000000000000000, 0.000000000000000000, 0.000000000000000000 ) ) ;
#3761 = FACE_OUTER_BOUND ( 'NONE', #5775, .T. ) ;
#3762 = CARTESIAN_POINT ( 'NONE',  ( -4.282386290039716492, -0.7176137099602828417, -59.20222873041527833 ) ) ;
#3763 = CARTESIAN_POINT ( 'NONE',  ( -3.863136006094629149, -1.136863993905370629, -76.12878377920272044 ) ) ;
#3764 = B_SPLINE_CURVE_WITH_KNOTS ( 'NONE', 3,
 ( #8324, #4284, #1524, #7527, #8864, #6179, #6305, #756, #2777, #6218, #2814, #6977 ),
 .UNSPECIFIED., .F., .F.,
 ( 4, 2, 2, 2, 2, 4 ),
 ( 0.003504634718750183030, 0.003941423334025067476, 0.004378211949299951056, 0.005251789179849719949, 0.006125366410399488842, 0.006998943640949258603 ),
 .UNSPECIFIED. ) ;
#3765 = DIRECTION ( 'NONE',  ( -0.000000000000000000, -0.000000000000000000, 1.000000000000000000 ) ) ;
#3766 = CARTESIAN_POINT ( 'NONE',  ( -0.9582157396373111036, -4.041784260362688563, -81.47622534969818275 ) ) ;
#3767 = ORIENTED_EDGE ( 'NONE', *, *, #2317, .F. ) ;
#3768 = ORIENTED_EDGE ( 'NONE', *, *, #511, .T. ) ;
#3769 = CARTESIAN_POINT ( 'NONE',  ( 4.359865889258242255, -0.6401341107417586329, -53.60125045371349017 ) ) ;
#3770 = ORIENTED_EDGE ( 'NONE', *, *, #7420, .T. ) ;
#3771 = ADVANCED_FACE ( 'NONE', ( #3358 ), #3287, .T. ) ;
#3772 = CARTESIAN_POINT ( 'NONE',  ( -0.6401341107464955105, -4.359865889253503823, -49.39874954628008652 ) ) ;
#3773 = CARTESIAN_POINT ( 'NONE',  ( 0.9582157396373277569, -4.041784260362672576, -97.97622534969822539 ) ) ;
#3774 = ORIENTED_EDGE ( 'NONE', *, *, #7359, .T. ) ;
#3775 = DIRECTION ( 'NONE',  ( 1.000000000000000000, 0.000000000000000000, 0.000000000000000000 ) ) ;
#3776 = ORIENTED_EDGE ( 'NONE', *, *, #5555, .F. ) ;
#3777 = B_SPLINE_CURVE_WITH_KNOTS ( 'NONE', 3,
 ( #3689, #1061, #6523, #5001, #2262, #4326, #292, #5136, #204, #2354, #7821, #6430, #1695, #3028, #341, #7873 ),
 .UNSPECIFIED., .F., .F.,
 ( 4, 2, 2, 2, 2, 2, 2, 4 ),
 ( 4.818711198530449181E-07, 0.0008765200830274336597, 0.001314539188981227137, 0.001752558294935020614, 0.002190577400888813874, 0.002628596506842607351, 0.003066615612796400828, 0.003504634718750194305 ),
 .UNSPECIFIED. ) ;
#3778 = DIRECTION ( 'NONE',  ( 1.000000000000000000, 0.000000000000000000, 0.000000000000000000 ) ) ;
#3779 = ADVANCED_FACE ( 'NONE', ( #6186 ), #6726, .T. ) ;
#3780 = ORIENTED_EDGE ( 'NONE', *, *, #8785, .F. ) ;
#3781 = CARTESIAN_POINT ( 'NONE',  ( 0.04063066961830227863, -4.959369330381697694, -34.41386551652202286 ) ) ;
#3782 = CARTESIAN_POINT ( 'NONE',  ( 0.06404366728014411481, -4.935956332719856121, -19.22559813401497664 ) ) ;
#3783 = CARTESIAN_POINT ( 'NONE',  ( -3.904737509655562988, 4.781924292710291606E-16, -26.75000000000000355 ) ) ;
#3784 = CARTESIAN_POINT ( 'NONE',  ( 0.000000000000000000, 0.000000000000000000, -54.25000000000000000 ) ) ;
#3785 = CARTESIAN_POINT ( 'NONE',  ( -0.7176137099645694128, -4.282386290035430143, -65.79777126957945654 ) ) ;
#3786 = CARTESIAN_POINT ( 'NONE',  ( 0.000000000000000000, 0.000000000000000000, -64.49999999999998579 ) ) ;
#3787 = CARTESIAN_POINT ( 'NONE',  ( -4.508466212578269072, -0.4915337874217310388, -66.10623519306795970 ) ) ;
#3788 = DIRECTION ( 'NONE',  ( -0.000000000000000000, -0.000000000000000000, 1.000000000000000000 ) ) ;
#3789 = EDGE_CURVE ( 'NONE', #3752, #2432, #5362, .T. ) ;
#3790 = CARTESIAN_POINT ( 'NONE',  ( -4.567820679631962477, -0.4321793203680380224, -42.27342623723036041 ) ) ;
#3791 = DIRECTION ( 'NONE',  ( 0.000000000000000000, -1.000000000000000000, 0.000000000000000000 ) ) ;
#3792 = CARTESIAN_POINT ( 'NONE',  ( 0.03220399570035238634, -4.967796004299648516, -2.584536274301501457 ) ) ;
#3793 = CARTESIAN_POINT ( 'NONE',  ( 0.03993437491367315961, -4.960065625086328644, -52.08131021350185108 ) ) ;
#3794 = ORIENTED_EDGE ( 'NONE', *, *, #3199, .T. ) ;
#3795 = EDGE_CURVE ( 'NONE', #7450, #1301, #8723, .T. ) ;
#3796 = ORIENTED_EDGE ( 'NONE', *, *, #6271, .T. ) ;
#3797 = ORIENTED_EDGE ( 'NONE', *, *, #7250, .T. ) ;
#3798 = DIRECTION ( 'NONE',  ( 0.000000000000000000, 0.000000000000000000, -1.000000000000000000 ) ) ;
#3799 = CARTESIAN_POINT ( 'NONE',  ( -3.862796825714231552, -1.137203174285769558, -4.871001162882552471 ) ) ;
#3800 = B_SPLINE_CURVE_WITH_KNOTS ( 'NONE', 3,
 ( #4114, #8238, #3441, #8282, #6220, #2779, #1357, #1309, #80, #661, #6134, #2060, #4841, #3984, #8823, #8867 ),
 .UNSPECIFIED., .F., .F.,
 ( 4, 2, 2, 2, 2, 2, 2, 4 ),
 ( 4.818711198665871750E-07, 0.0008765200830274456944, 0.001314539188981235377, 0.001752558294935024951, 0.002190577400888814308, 0.002628596506842603882, 0.003066615612796393456, 0.003504634718750183030 ),
 .UNSPECIFIED. ) ;
#3801 = ORIENTED_EDGE ( 'NONE', *, *, #5325, .F. ) ;
#3802 = CARTESIAN_POINT ( 'NONE',  ( -1.000000000000000000, 1.224646799147353207E-16, -112.0000000000000000 ) ) ;
#3803 = ADVANCED_FACE ( 'NONE', ( #6856 ), #1312, .F. ) ;
#3804 = CARTESIAN_POINT ( 'NONE',  ( 4.840676868219843776, -0.1593231317801557245, -94.35321941568362547 ) ) ;
#3805 = CARTESIAN_POINT ( 'NONE',  ( -4.840676868219842888, -0.1593231317801557245, -94.35321941568362547 ) ) ;
#3806 = FACE_OUTER_BOUND ( 'NONE', #7673, .T. ) ;
#3807 = AXIS2_PLACEMENT_3D ( 'NONE', #6474, #2573, #1688 ) ;
#3808 = CARTESIAN_POINT ( 'NONE',  ( -3.671958834454342124, -1.328041165545657876, -37.75000000000000000 ) ) ;
#3809 = CARTESIAN_POINT ( 'NONE',  ( -0.1593231317747715592, -4.840676868225228802, -107.6467805842996199 ) ) ;
#3810 = DIRECTION ( 'NONE',  ( 1.000000000000000000, 0.000000000000000000, 0.000000000000000000 ) ) ;
#3811 = CARTESIAN_POINT ( 'NONE',  ( 0.000000000000000000, -5.000000000000000000, -78.99999999997200462 ) ) ;
#3812 = ORIENTED_EDGE ( 'NONE', *, *, #1344, .F. ) ;
#3813 = ORIENTED_EDGE ( 'NONE', *, *, #321, .F. ) ;
#3814 = DIRECTION ( 'NONE',  ( 1.000000000000000000, 0.000000000000000000, 0.000000000000000000 ) ) ;
#3815 = ORIENTED_EDGE ( 'NONE', *, *, #5497, .F. ) ;
#3816 = CARTESIAN_POINT ( 'NONE',  ( 0.4915337874163004939, -4.508466212583698507, -108.3937648069234569 ) ) ;
#3817 = CARTESIAN_POINT ( 'NONE',  ( 3.863136006094629149, -1.136863993905370185, -81.62878377920267781 ) ) ;
#3818 = VERTEX_POINT ( 'NONE', #3524 ) ;
#3819 = AXIS2_PLACEMENT_3D ( 'NONE', #2899, #5628, #3480 ) ;
#3820 = CARTESIAN_POINT ( 'NONE',  ( 0.4974474678478209566, -4.502552532152179765, -5.613272423071816064 ) ) ;
#3821 = ORIENTED_EDGE ( 'NONE', *, *, #2430, .F. ) ;
#3822 = ORIENTED_EDGE ( 'NONE', *, *, #1991, .F. ) ;
#3823 = EDGE_LOOP ( 'NONE', ( #5400, #422, #623, #5941 ) ) ;
#3824 = CIRCLE ( 'NONE', #2689, 4.000000000000000000 ) ;
#3825 = CARTESIAN_POINT ( 'NONE',  ( -0.9582157396373277569, -4.041784260362672576, -70.47622534969821118 ) ) ;
#3826 = CARTESIAN_POINT ( 'NONE',  ( 0.6402698276730250937, -4.359730172326975683, -120.8985659487770761 ) ) ;
#3827 = DIRECTION ( 'NONE',  ( -0.000000000000000000, -0.000000000000000000, 1.000000000000000000 ) ) ;
#3828 = CARTESIAN_POINT ( 'NONE',  ( 4.508466212578264631, -0.4915337874217342029, -5.606235193067953482 ) ) ;
#3829 = DIRECTION ( 'NONE',  ( -1.000000000000000000, 1.224646799147353207E-16, 0.000000000000000000 ) ) ;
#3830 = CARTESIAN_POINT ( 'NONE',  ( -4.739198801701952846, -0.2608011982980474319, -36.40923771779445417 ) ) ;
#3831 = AXIS2_PLACEMENT_3D ( 'NONE', #4815, #6869, #5024 ) ;
#3832 = CARTESIAN_POINT ( 'NONE',  ( -1.328041165545663649, -3.671958834454336351, -10.25000000000000178 ) ) ;
#3833 = DIRECTION ( 'NONE',  ( 1.000000000000000000, 0.000000000000000000, 0.000000000000000000 ) ) ;
#3834 = CARTESIAN_POINT ( 'NONE',  ( -4.739198801701949293, -0.2608011982980511512, -107.9092377177944542 ) ) ;
#3835 = FACE_OUTER_BOUND ( 'NONE', #7166, .T. ) ;
#3836 = CIRCLE ( 'NONE', #8420, 1.999999999999998224 ) ;
#3837 = DIRECTION ( 'NONE',  ( -0.000000000000000000, -0.000000000000000000, 1.000000000000000000 ) ) ;
#3838 = CARTESIAN_POINT ( 'NONE',  ( 0.000000000000000000, 0.000000000000000000, -13.00000000000000355 ) ) ;
#3839 = ORIENTED_EDGE ( 'NONE', *, *, #5982, .T. ) ;
#3840 = ORIENTED_EDGE ( 'NONE', *, *, #8719, .F. ) ;
#3841 = EDGE_LOOP ( 'NONE', ( #461, #2122, #3594 ) ) ;
#3842 = CARTESIAN_POINT ( 'NONE',  ( -5.000000000000285993, 2.863267262836209146E-13, -46.00000000000020606 ) ) ;
#3843 = ADVANCED_FACE ( 'NONE', ( #6267 ), #3999, .T. ) ;
#3844 = CARTESIAN_POINT ( 'NONE',  ( -4.960065625082964225, -0.03993437491703465819, -6.918689786475724190 ) ) ;
#3845 = ORIENTED_EDGE ( 'NONE', *, *, #5167, .T. ) ;
#3846 = EDGE_CURVE ( 'NONE', #22, #1934, #5567, .T. ) ;
#3847 = ADVANCED_FACE ( 'NONE', ( #1704 ), #564, .T. ) ;
#3848 = CARTESIAN_POINT ( 'NONE',  ( 4.040089233413053371, -0.9599107665869472950, -92.47763427936021685 ) ) ;
#3849 = CARTESIAN_POINT ( 'NONE',  ( 4.991957775357462879, -0.008042224642537411025, -29.20753412542732264 ) ) ;
#3850 = ADVANCED_FACE ( 'NONE', ( #1026 ), #7661, .F. ) ;
#3851 = CARTESIAN_POINT ( 'NONE',  ( 0.7176137099645711892, -4.282386290035429255, -98.79777126957944233 ) ) ;
#3852 = DIRECTION ( 'NONE',  ( 1.000000000000000000, 0.000000000000000000, 0.000000000000000000 ) ) ;
#3853 = CIRCLE ( 'NONE', #856, 0.9999999999999993339 ) ;
#3854 = CARTESIAN_POINT ( 'NONE',  ( 0.1676550930162432895, -4.832344906983756516, -105.3545380625737380 ) ) ;
#3855 = CARTESIAN_POINT ( 'NONE',  ( 3.904737509655567873, 0.000000000000000000, -76.25000000000000000 ) ) ;
#3856 = DIRECTION ( 'NONE',  ( 1.000000000000000000, 0.000000000000000000, 0.000000000000000000 ) ) ;
#3857 = ORIENTED_EDGE ( 'NONE', *, *, #3955, .F. ) ;
#3858 = ORIENTED_EDGE ( 'NONE', *, *, #7307, .T. ) ;
#3859 = AXIS2_PLACEMENT_3D ( 'NONE', #7264, #4722, #7449 ) ;
#3860 = CARTESIAN_POINT ( 'NONE',  ( -0.3138588207986357514, -4.686141179201362306, -16.96532131224213202 ) ) ;
#3861 = ORIENTED_EDGE ( 'NONE', *, *, #577, .T. ) ;
#3862 = CARTESIAN_POINT ( 'NONE',  ( 0.000000000000000000, 0.000000000000000000, -10.25000000000000178 ) ) ;
#3863 = DIRECTION ( 'NONE',  ( -0.000000000000000000, -0.000000000000000000, 1.000000000000000000 ) ) ;
#3864 = ORIENTED_EDGE ( 'NONE', *, *, #74, .T. ) ;
#3865 = CIRCLE ( 'NONE', #6023, 3.904737509655567873 ) ;
#3866 = TOROIDAL_SURFACE ( 'NONE', #8744, 1.000000000000000000, 4.000000000000000000 ) ;
#3867 = APPROVAL_DATE_TIME ( #5977, #2608 ) ;
#3868 = ORIENTED_EDGE ( 'NONE', *, *, #5545, .T. ) ;
#3869 = AXIS2_PLACEMENT_3D ( 'NONE', #1364, #6142, #2653 ) ;
#3870 = ORIENTED_EDGE ( 'NONE', *, *, #3205, .T. ) ;
#3871 = AXIS2_PLACEMENT_3D ( 'NONE', #6224, #8206, #85 ) ;
#3872 = CARTESIAN_POINT ( 'NONE',  ( -4.567820679631962477, -0.4321793203680380224, -53.27342623723036041 ) ) ;
#3873 = CARTESIAN_POINT ( 'NONE',  ( 0.4323357082839850429, -4.567664291716013736, -121.2262912688046015 ) ) ;
#3874 = CARTESIAN_POINT ( 'NONE',  ( -1.000000000000000000, 1.224646799147353207E-16, -62.50000000000000000 ) ) ;
#3875 = CARTESIAN_POINT ( 'NONE',  ( 4.686141179201313456, -0.3138588207986856005, -58.53467868775796745 ) ) ;
#3876 = ORIENTED_EDGE ( 'NONE', *, *, #1779, .T. ) ;
#3877 = CARTESIAN_POINT ( 'NONE',  ( -0.4915337874217784453, -4.508466212578221999, -119.3937648069321398 ) ) ;
#3878 = EDGE_CURVE ( 'NONE', #2800, #5967, #2001, .T. ) ;
#3879 = DIRECTION ( 'NONE',  ( -0.000000000000000000, -0.000000000000000000, 1.000000000000000000 ) ) ;
#3880 = TOROIDAL_SURFACE ( 'NONE', #599, 1.000000000000000000, 1.999999999999994893 ) ;
#3881 = CIRCLE ( 'NONE', #16, 3.904737509655567429 ) ;
#3882 = CARTESIAN_POINT ( 'NONE',  ( 0.000000000000000000, 0.000000000000000000, -73.50000000000001421 ) ) ;
#3883 = CARTESIAN_POINT ( 'NONE',  ( 3.671958834454334575, -1.328041165545665647, -59.75000000000000000 ) ) ;
#3884 = DIRECTION ( 'NONE',  ( -0.000000000000000000, -0.000000000000000000, 1.000000000000000000 ) ) ;
#3885 = DIRECTION ( 'NONE',  ( -0.000000000000000000, -0.000000000000000000, 1.000000000000000000 ) ) ;
#3886 = TOROIDAL_SURFACE ( 'NONE', #7754, 1.000000000000000000, 3.999999999999999112 ) ;
#3887 = CIRCLE ( 'NONE', #8461, 3.999999999999996447 ) ;
#3888 = DIRECTION ( 'NONE',  ( -0.000000000000000000, -0.000000000000000000, 1.000000000000000000 ) ) ;
#3889 = CARTESIAN_POINT ( 'NONE',  ( 0.000000000000000000, 0.000000000000000000, -43.25000000000000711 ) ) ;
#3890 = ORIENTED_EDGE ( 'NONE', *, *, #2103, .F. ) ;
#3891 = EDGE_CURVE ( 'NONE', #8530, #3046, #2425, .T. ) ;
#3892 = ORIENTED_EDGE ( 'NONE', *, *, #3200, .F. ) ;
#3893 = EDGE_LOOP ( 'NONE', ( #1248, #6316, #1037, #1944 ) ) ;
#3894 = CIRCLE ( 'NONE', #5194, 3.999999999999996447 ) ;
#3895 = ORIENTED_EDGE ( 'NONE', *, *, #5555, .T. ) ;
#3896 = CARTESIAN_POINT ( 'NONE',  ( -0.008301598520849530483, -4.991698401479150782, -78.70374637061694045 ) ) ;
#3897 = CARTESIAN_POINT ( 'NONE',  ( -4.366408635906908309, -0.6335913640930921353, -115.3938004488360036 ) ) ;
#3898 = CARTESIAN_POINT ( 'NONE',  ( 0.000000000000000000, 0.000000000000000000, -29.50000000000000355 ) ) ;
#3899 = ADVANCED_FACE ( 'NONE', ( #7787 ), #4270, .T. ) ;
#3900 = FACE_OUTER_BOUND ( 'NONE', #5822, .T. ) ;
#3901 = ORIENTED_EDGE ( 'NONE', *, *, #1947, .F. ) ;
#3902 = AXIS2_PLACEMENT_3D ( 'NONE', #6487, #345, #3076 ) ;
#3903 = CARTESIAN_POINT ( 'NONE',  ( -4.991957775357462879, -0.008042224642536751830, -40.20753412542731553 ) ) ;
#3904 = CARTESIAN_POINT ( 'NONE',  ( -0.9582157396402211091, -4.041784260359779779, -59.47622534970071229 ) ) ;
#3905 = CARTESIAN_POINT ( 'NONE',  ( 4.359865889258244920, -0.6401341107417566345, -119.6012504537134760 ) ) ;
#3906 = VERTEX_POINT ( 'NONE', #6440 ) ;
#3907 = VERTEX_POINT ( 'NONE', #212 ) ;
#3908 = CARTESIAN_POINT ( 'NONE',  ( 0.000000000000000000, 0.000000000000000000, -62.50000000000000000 ) ) ;
#3909 = ADVANCED_FACE ( 'NONE', ( #6352 ), #4732, .T. ) ;
#3910 = EDGE_CURVE ( 'NONE', #532, #1100, #848, .T. ) ;
#3911 = ORIENTED_EDGE ( 'NONE', *, *, #1407, .T. ) ;
#3912 = CARTESIAN_POINT ( 'NONE',  ( 4.040089233413053371, -0.9599107665869472950, -75.97763427936021685 ) ) ;
#3913 = CARTESIAN_POINT ( 'NONE',  ( 4.502552532152134468, -0.4974474678478654210, -80.88672757692823723 ) ) ;
#3914 = EDGE_CURVE ( 'NONE', #2432, #3234, #111, .T. ) ;
#3915 = APPROVAL_STATUS ( 'not_yet_approved' ) ;
#3916 = ORIENTED_EDGE ( 'NONE', *, *, #6598, .F. ) ;
#3917 = ADVANCED_FACE ( 'NONE', ( #3652 ), #3147, .T. ) ;
#3918 = ORIENTED_EDGE ( 'NONE', *, *, #474, .T. ) ;
#3919 = ADVANCED_FACE ( 'NONE', ( #7830 ), #6578, .F. ) ;
#3920 = CARTESIAN_POINT ( 'NONE',  ( 0.06459124883188382960, -4.935408751168116837, -34.27165234913507419 ) ) ;
#3921 = CARTESIAN_POINT ( 'NONE',  ( 0.03993437491367315961, -4.960065625086328644, -35.58131021350184398 ) ) ;
#3922 = CARTESIAN_POINT ( 'NONE',  ( 0.000000000000000000, 0.000000000000000000, -73.50000000000001421 ) ) ;
#3923 = DIRECTION ( 'NONE',  ( 1.000000000000000000, 0.000000000000000000, 0.000000000000000000 ) ) ;
#3924 = ORIENTED_EDGE ( 'NONE', *, *, #7133, .F. ) ;
#3925 = DIRECTION ( 'NONE',  ( -1.000000000000000000, 1.224646799147352961E-16, 0.000000000000000000 ) ) ;
#3926 = CYLINDRICAL_SURFACE ( 'NONE', #7483, 0.9999999999999995559 ) ;
#3927 = CARTESIAN_POINT ( 'NONE',  ( 4.960065625082963336, -0.03993437491703635822, -17.91868978647572419 ) ) ;
#3928 = CARTESIAN_POINT ( 'NONE',  ( 4.686141179201312568, -0.3138588207986879319, -31.03467868775798522 ) ) ;
#3929 = EDGE_CURVE ( 'NONE', #8331, #850, #996, .T. ) ;
#3930 = CARTESIAN_POINT ( 'NONE',  ( 0.06404366728014376786, -4.935956332719856121, -63.22559813401495887 ) ) ;
#3931 = CARTESIAN_POINT ( 'NONE',  ( 0.1593231317802038804, -4.840676868219796702, -118.6467805843165308 ) ) ;
#3932 = CARTESIAN_POINT ( 'NONE',  ( 0.4974474678478241207, -4.502552532152177100, -71.61327242307181962 ) ) ;
#3933 = FACE_OUTER_BOUND ( 'NONE', #7320, .T. ) ;
#3934 = ORIENTED_EDGE ( 'NONE', *, *, #3728, .F. ) ;
#3935 = CARTESIAN_POINT ( 'NONE',  ( 0.000000000000000000, -5.000000000000000000, -45.99999999997221067 ) ) ;
#3936 = CARTESIAN_POINT ( 'NONE',  ( 0.000000000000000000, 0.000000000000000000, -79.00000000000000000 ) ) ;
#3937 = B_SPLINE_CURVE_WITH_KNOTS ( 'NONE', 3,
 ( #162, #4366, #2355, #1648, #3645, #5713, #4327, #3737, #7102, #1604, #7148, #874, #2900, #1696, #8447, #7057 ),
 .UNSPECIFIED., .F., .F.,
 ( 4, 2, 2, 2, 2, 2, 2, 4 ),
 ( 4.818711198665871750E-07, 0.0008765200830274456944, 0.001314539188981235377, 0.001752558294935024951, 0.002190577400888814308, 0.002628596506842603882, 0.003066615612796393456, 0.003504634718750183030 ),
 .UNSPECIFIED. ) ;
#3938 = ORIENTED_EDGE ( 'NONE', *, *, #1317, .F. ) ;
#3939 = CARTESIAN_POINT ( 'NONE',  ( 0.000000000000000000, 0.000000000000000000, -90.00000000000000000 ) ) ;
#3940 = CARTESIAN_POINT ( 'NONE',  ( -1.000000000000000000, 1.224646799147353207E-16, -18.50000000000000355 ) ) ;
#3941 = CARTESIAN_POINT ( 'NONE',  ( 0.06459124883188717414, -4.935408751168113284, -100.2716523491350955 ) ) ;
#3942 = DIRECTION ( 'NONE',  ( -0.000000000000000000, -0.000000000000000000, 1.000000000000000000 ) ) ;
#3943 = EDGE_LOOP ( 'NONE', ( #7251, #3400, #153, #5130 ) ) ;
#3944 = DIRECTION ( 'NONE',  ( 1.000000000000000000, 0.000000000000000000, 0.000000000000000000 ) ) ;
#3945 = CARTESIAN_POINT ( 'NONE',  ( 0.000000000000000000, 0.000000000000000000, -15.75000000000000000 ) ) ;
#3946 = CARTESIAN_POINT ( 'NONE',  ( 0.1278684794971281791, -4.872131520502871460, -22.99259796946014589 ) ) ;
#3947 = ORIENTED_EDGE ( 'NONE', *, *, #2430, .T. ) ;
#3948 = ORIENTED_EDGE ( 'NONE', *, *, #2822, .T. ) ;
#3949 = CARTESIAN_POINT ( 'NONE',  ( 0.000000000000000000, 0.000000000000000000, -120.2499999999999858 ) ) ;
#3950 = CARTESIAN_POINT ( 'NONE',  ( -0.7176137099602452052, -4.282386290039756460, -16.29777126958477496 ) ) ;
#3951 = CIRCLE ( 'NONE', #3394, 1.000000000000000000 ) ;
#3952 = ORIENTED_EDGE ( 'NONE', *, *, #4717, .F. ) ;
#3953 = CARTESIAN_POINT ( 'NONE',  ( -1.000000000000000000, 1.224646799147353207E-16, -77.00000000000000000 ) ) ;
#3954 = CARTESIAN_POINT ( 'NONE',  ( 4.282386290039718268, -0.7176137099602819536, -81.20222873041525702 ) ) ;
#3955 = EDGE_CURVE ( 'NONE', #1099, #1839, #7291, .T. ) ;
#3956 = PERSON_AND_ORGANIZATION ( #558, #2484 ) ;
#3957 = CIRCLE ( 'NONE', #5393, 1.000000000000000000 ) ;
#3958 = ORIENTED_EDGE ( 'NONE', *, *, #4550, .F. ) ;
#3959 = EDGE_CURVE ( 'NONE', #7492, #4121, #2894, .T. ) ;
#3960 = CARTESIAN_POINT ( 'NONE',  ( 5.000000000000285105, 2.855686632286915929E-13, -35.00000000000021316 ) ) ;
#3961 = CARTESIAN_POINT ( 'NONE',  ( -4.935956332719889872, -0.06404366728011029464, -83.77440186598522587 ) ) ;
#3962 = CIRCLE ( 'NONE', #3250, 0.9999999999999993339 ) ;
#3963 = LINE ( 'NONE', #2633, #1828 ) ;
#3964 = CARTESIAN_POINT ( 'NONE',  ( -1.000000000000000000, 1.224646799147353207E-16, -11.00000000000000000 ) ) ;
#3965 = ORIENTED_EDGE ( 'NONE', *, *, #5886, .F. ) ;
#3966 = CARTESIAN_POINT ( 'NONE',  ( -3.863136006094625152, -1.136863993905375736, -32.12878377920271333 ) ) ;
#3967 = DIRECTION ( 'NONE',  ( 1.000000000000000000, 0.000000000000000000, 0.000000000000000000 ) ) ;
#3968 = CARTESIAN_POINT ( 'NONE',  ( -0.3138588207986359180, -4.686141179201362306, -11.46532131224213025 ) ) ;
#3969 = ORIENTED_EDGE ( 'NONE', *, *, #4692, .F. ) ;
#3970 = AXIS2_PLACEMENT_3D ( 'NONE', #4006, #2631, #7379 ) ;
#3971 = AXIS2_PLACEMENT_3D ( 'NONE', #4524, #5236, #6488 ) ;
#3972 = CARTESIAN_POINT ( 'NONE',  ( 0.000000000000000000, 0.000000000000000000, -35.00000000000000000 ) ) ;
#3973 = CARTESIAN_POINT ( 'NONE',  ( -4.502552532152134468, -0.4974474678478655321, -102.8867275769282514 ) ) ;
#3974 = CARTESIAN_POINT ( 'NONE',  ( 0.03993437491367660824, -4.960065625086322427, -101.5813102135018511 ) ) ;
#3975 = CARTESIAN_POINT ( 'NONE',  ( -0.9999999999999995559, 1.224646799147352714E-16, 0.000000000000000000 ) ) ;
#3976 = CARTESIAN_POINT ( 'NONE',  ( -0.9999999999999993339, 1.224646799147353207E-16, -75.50000000000000000 ) ) ;
#3977 = ORIENTED_EDGE ( 'NONE', *, *, #6492, .T. ) ;
#3978 = CARTESIAN_POINT ( 'NONE',  ( -5.000000000000285993, 2.863267262836209146E-13, -57.00000000000020606 ) ) ;
#3979 = CIRCLE ( 'NONE', #2247, 2.000000000000001776 ) ;
#3980 = EDGE_LOOP ( 'NONE', ( #581, #5177, #5417 ) ) ;
#3981 = CARTESIAN_POINT ( 'NONE',  ( 4.966947320427848922, -0.03305267957215207719, -2.589458457562409333 ) ) ;
#3982 = FACE_OUTER_BOUND ( 'NONE', #2646, .T. ) ;
#3983 = ORIENTED_EDGE ( 'NONE', *, *, #1190, .T. ) ;
#3984 = CARTESIAN_POINT ( 'NONE',  ( 4.991698401481079905, -0.008301598518919086830, -106.7962536293577216 ) ) ;
#3985 = AXIS2_PLACEMENT_3D ( 'NONE', #410, #8564, #1767 ) ;
#3986 = CARTESIAN_POINT ( 'NONE',  ( 3.904737509655562544, 0.000000000000000000, -48.75000000000000000 ) ) ;
#3987 = CARTESIAN_POINT ( 'NONE',  ( 0.008301598520836266787, -4.991698401479164104, -100.7037463706170826 ) ) ;
#3988 = DIRECTION ( 'NONE',  ( -0.000000000000000000, -0.000000000000000000, 1.000000000000000000 ) ) ;
#3989 = VERTEX_POINT ( 'NONE', #8684 ) ;
#3990 = B_SPLINE_CURVE_WITH_KNOTS ( 'NONE', 3,
 ( #356, #1841, #5821, #3844, #2328, #7795, #8468, #446, #4578, #7889, #3799, #4438 ),
 .UNSPECIFIED., .F., .F.,
 ( 4, 2, 2, 2, 2, 4 ),
 ( 0.003504634718750196040, 0.003941423334025083089, 0.004378211949299970138, 0.005251789179849741633, 0.006125366410399513128, 0.006998943640949283757 ),
 .UNSPECIFIED. ) ;
#3991 = CARTESIAN_POINT ( 'NONE',  ( 2.500000000000000000, -2.500000000000000000, 8.000000000000007105 ) ) ;
#3992 = AXIS2_PLACEMENT_3D ( 'NONE', #1029, #2363, #3749 ) ;
#3993 = B_SPLINE_CURVE_WITH_KNOTS ( 'NONE', 3,
 ( #3960, #556, #8847, #2037, #6031, #6157, #3295, #1953, #1239, #8765, #4694, #1285 ),
 .UNSPECIFIED., .F., .F.,
 ( 4, 2, 2, 2, 2, 4 ),
 ( 0.003504634718750187367, 0.003941423334025071813, 0.004378211949299956260, 0.005251789179849726021, 0.006125366410399495781, 0.006998943640949264675 ),
 .UNSPECIFIED. ) ;
#3994 = CARTESIAN_POINT ( 'NONE',  ( -0.9582157396373267577, -4.041784260362674353, -31.97622534969821118 ) ) ;
#3995 = ORIENTED_EDGE ( 'NONE', *, *, #5441, .T. ) ;
#3996 = VERTEX_POINT ( 'NONE', #485 ) ;
#3997 = CARTESIAN_POINT ( 'NONE',  ( 0.000000000000000000, 0.000000000000000000, -9.499999999999998224 ) ) ;
#3998 = CARTESIAN_POINT ( 'NONE',  ( -0.6402698276730247606, -4.359730172326975683, -120.8985659487770761 ) ) ;
#3999 = TOROIDAL_SURFACE ( 'NONE', #4427, 1.000000000000000000, 4.000000000000000000 ) ;
#4000 = CARTESIAN_POINT ( 'NONE',  ( 0.1593231317747713927, -4.840676868225228802, -107.6467805842996199 ) ) ;
#4001 = CARTESIAN_POINT ( 'NONE',  ( 1.328041165545656987, -3.671958834454343013, -87.25000000000000000 ) ) ;
#4002 = AXIS2_PLACEMENT_3D ( 'NONE', #6393, #973, #6490 ) ;
#4003 = PERSON_AND_ORGANIZATION ( #558, #2484 ) ;
#4004 = ORIENTED_EDGE ( 'NONE', *, *, #5337, .F. ) ;
#4005 = VERTEX_POINT ( 'NONE', #1793 ) ;
#4006 = CARTESIAN_POINT ( 'NONE',  ( 1.000000000000000000, 0.000000000000000000, -117.5000000000000000 ) ) ;
#4007 = CARTESIAN_POINT ( 'NONE',  ( 0.9599107665869293093, -4.040089233413069358, -60.02236572063979025 ) ) ;
#4008 = EDGE_CURVE ( 'NONE', #5319, #705, #1878, .T. ) ;
#4009 = AXIS2_PLACEMENT_3D ( 'NONE', #763, #2097, #174 ) ;
#4010 = CARTESIAN_POINT ( 'NONE',  ( -0.008301598518901123769, -4.991698401481100333, -117.2037463706425200 ) ) ;
#4011 = CARTESIAN_POINT ( 'NONE',  ( 0.6401341107417150011, -4.359865889258284000, -54.89874954628653825 ) ) ;
#4012 = ORIENTED_EDGE ( 'NONE', *, *, #8796, .T. ) ;
#4013 = B_SPLINE_CURVE_WITH_KNOTS ( 'NONE', 3,
 ( #7155, #1527, #5771, #1654, #4373, #972, #4248, #5635, #3567, #8328, #7063, #4289 ),
 .UNSPECIFIED., .F., .F.,
 ( 4, 2, 2, 2, 2, 4 ),
 ( 0.003504634718722943101, 0.003941423334001239315, 0.004378211949279535962, 0.005251789179836129258, 0.006125366410392721686, 0.006998943640949314982 ),
 .UNSPECIFIED. ) ;
#4014 = CARTESIAN_POINT ( 'NONE',  ( -0.1593231317802039637, -4.840676868219794926, -118.6467805843165308 ) ) ;
#4015 = ADVANCED_FACE ( 'NONE', ( #3835 ), #5000, .T. ) ;
#4016 = DIRECTION ( 'NONE',  ( 1.000000000000000000, 0.000000000000000000, 0.000000000000000000 ) ) ;
#4017 = CARTESIAN_POINT ( 'NONE',  ( -1.328041165545665647, -3.671958834454334575, -59.75000000000000000 ) ) ;
#4018 = AXIS2_PLACEMENT_3D ( 'NONE', #3489, #4845, #5426 ) ;
#4019 = CARTESIAN_POINT ( 'NONE',  ( 0.000000000000000000, 0.000000000000000000, 0.000000000000000000 ) ) ;
#4020 = FACE_OUTER_BOUND ( 'NONE', #8416, .T. ) ;
#4021 = CARTESIAN_POINT ( 'NONE',  ( -4.040089233413053371, -0.9599107665869472950, -119.9776342793601742 ) ) ;
#4022 = ADVANCED_FACE ( 'NONE', ( #4527 ), #6011, .F. ) ;
#4023 = CARTESIAN_POINT ( 'NONE',  ( -5.000000000000281553, 2.811725620256466210E-13, -106.5000000000001990 ) ) ;
#4024 = DIRECTION ( 'NONE',  ( -0.000000000000000000, -0.000000000000000000, 1.000000000000000000 ) ) ;
#4025 = ORIENTED_EDGE ( 'NONE', *, *, #8702, .T. ) ;
#4026 = CIRCLE ( 'NONE', #2455, 3.904737509655561212 ) ;
#4027 = CARTESIAN_POINT ( 'NONE',  ( -4.991698401481086123, -0.008301598518914057867, -57.29625362935771449 ) ) ;
#4028 = CIRCLE ( 'NONE', #1323, 3.904737509655567873 ) ;
#4029 = EDGE_CURVE ( 'NONE', #2635, #782, #140, .T. ) ;
#4030 = CARTESIAN_POINT ( 'NONE',  ( -5.000000000000281553, 2.811725620256466210E-13, -68.00000000000021316 ) ) ;
#4031 = CARTESIAN_POINT ( 'NONE',  ( -4.991698401481084346, -0.008301598518917116185, -18.79625362935772515 ) ) ;
#4032 = B_SPLINE_CURVE_WITH_KNOTS ( 'NONE', 3,
 ( #4330, #7825, #2268, #1699, #4424, #5139, #7920, #8589, #8408, #7876, #1745, #1067 ),
 .UNSPECIFIED., .F., .F.,
 ( 4, 2, 2, 2, 2, 4 ),
 ( 0.003504634718750451478, 0.003941423334025306001, 0.004378211949300157488, 0.005251789179849865666, 0.006125366410399573844, 0.006998943640949281154 ),
 .UNSPECIFIED. ) ;
#4033 = ORIENTED_EDGE ( 'NONE', *, *, #2733, .T. ) ;
#4034 = CARTESIAN_POINT ( 'NONE',  ( 5.000000000000281553, 2.809514862196180954E-13, -90.00000000000019895 ) ) ;
#4035 = VECTOR ( 'NONE', #4369, 1000.000000000000000 ) ;
#4036 = CIRCLE ( 'NONE', #6323, 1.000000000000000000 ) ;
#4037 = CARTESIAN_POINT ( 'NONE',  ( 4.686141179201310791, -0.3138588207986893752, -102.5346786877579603 ) ) ;
#4038 = DIRECTION ( 'NONE',  ( -0.000000000000000000, -0.000000000000000000, 1.000000000000000000 ) ) ;
#4039 = ORIENTED_EDGE ( 'NONE', *, *, #2096, .F. ) ;
#4040 = ORIENTED_EDGE ( 'NONE', *, *, #1066, .F. ) ;
#4041 = CARTESIAN_POINT ( 'NONE',  ( -0.4974474678531454752, -4.502552532146853359, -82.61327242306309415 ) ) ;
#4042 = CIRCLE ( 'NONE', #3738, 1.999999999999994893 ) ;
#4043 = CARTESIAN_POINT ( 'NONE',  ( 0.6401341107417179987, -4.359865889258282223, -21.89874954628655956 ) ) ;
#4044 = ORIENTED_EDGE ( 'NONE', *, *, #3200, .T. ) ;
#4045 = EDGE_LOOP ( 'NONE', ( #764, #4851, #2366 ) ) ;
#4046 = CARTESIAN_POINT ( 'NONE',  ( -3.863136006094629149, -1.136863993905370629, -81.62878377920267781 ) ) ;
#4047 = DIRECTION ( 'NONE',  ( -1.000000000000000000, 1.224646799147353207E-16, 0.000000000000000000 ) ) ;
#4048 = AXIS2_PLACEMENT_3D ( 'NONE', #1576, #806, #3621 ) ;
#4049 = EDGE_CURVE ( 'NONE', #8797, #6903, #2281, .T. ) ;
#4050 = DIRECTION ( 'NONE',  ( -0.000000000000000000, -0.000000000000000000, 1.000000000000000000 ) ) ;
#4051 = DIRECTION ( 'NONE',  ( 1.000000000000000000, 0.000000000000000000, 0.000000000000000000 ) ) ;
#4052 = ORIENTED_EDGE ( 'NONE', *, *, #8727, .T. ) ;
#4053 = EDGE_CURVE ( 'NONE', #2827, #2930, #4623, .T. ) ;
#4054 = EDGE_LOOP ( 'NONE', ( #7193, #7596, #2787, #3965, #91, #309 ) ) ;
#4055 = CARTESIAN_POINT ( 'NONE',  ( 0.000000000000000000, 0.000000000000000000, -36.99999999999999289 ) ) ;
#4056 = CARTESIAN_POINT ( 'NONE',  ( 0.4321793203679939466, -4.567820679632005110, -60.72657376276972485 ) ) ;
#4057 = FACE_OUTER_BOUND ( 'NONE', #1371, .T. ) ;
#4058 = CARTESIAN_POINT ( 'NONE',  ( 4.840676868219849105, -0.1593231317801519775, -61.35321941568363258 ) ) ;
#4059 = ORIENTED_EDGE ( 'NONE', *, *, #5944, .T. ) ;
#4060 = DIRECTION ( 'NONE',  ( 0.000000000000000000, -1.000000000000000000, 0.000000000000000000 ) ) ;
#4061 = DIRECTION ( 'NONE',  ( -0.000000000000000000, -0.000000000000000000, 1.000000000000000000 ) ) ;
#4062 = CARTESIAN_POINT ( 'NONE',  ( 4.508466212578265520, -0.4915337874217337588, -16.60623519306795615 ) ) ;
#4063 = FACE_OUTER_BOUND ( 'NONE', #3943, .T. ) ;
#4064 = CARTESIAN_POINT ( 'NONE',  ( -3.863136006094629149, -1.136863993905370629, -103.6287837792026920 ) ) ;
#4065 = CARTESIAN_POINT ( 'NONE',  ( -5.000000000000281553, 2.811725620256466210E-13, -117.5000000000001990 ) ) ;
#4066 = CARTESIAN_POINT ( 'NONE',  ( 0.000000000000000000, 0.000000000000000000, -46.00000000000000000 ) ) ;
#4067 = CARTESIAN_POINT ( 'NONE',  ( 1.328041165545663649, -3.671958834454336351, -10.25000000000000178 ) ) ;
#4068 = EDGE_LOOP ( 'NONE', ( #3135, #2970, #5979, #2915 ) ) ;
#4069 = DIRECTION ( 'NONE',  ( 1.000000000000000000, 0.000000000000000000, 0.000000000000000000 ) ) ;
#4070 = CARTESIAN_POINT ( 'NONE',  ( 4.567664291716008407, -0.4323357082839922039, -3.773708731195404287 ) ) ;
#4071 = CARTESIAN_POINT ( 'NONE',  ( -0.9999999999999986677, 1.224646799147351728E-16, 0.000000000000000000 ) ) ;
#4072 = EDGE_CURVE ( 'NONE', #6027, #1842, #855, .T. ) ;
#4073 = CARTESIAN_POINT ( 'NONE',  ( 4.686141179201310791, -0.3138588207986893752, -91.53467868775796035 ) ) ;
#4074 = FACE_OUTER_BOUND ( 'NONE', #8053, .T. ) ;
#4075 = ADVANCED_FACE ( 'NONE', ( #5860 ), #7146, .T. ) ;
#4076 = CARTESIAN_POINT ( 'NONE',  ( 1.000000000000000000, 0.000000000000000000, -56.99999999999999289 ) ) ;
#4077 = CARTESIAN_POINT ( 'NONE',  ( -0.9999999999999995559, 1.224646799147352714E-16, 0.000000000000000000 ) ) ;
#4078 = ORIENTED_EDGE ( 'NONE', *, *, #453, .F. ) ;
#4079 = EDGE_LOOP ( 'NONE', ( #3707, #8112, #4558 ) ) ;
#4080 = CARTESIAN_POINT ( 'NONE',  ( -0.7176137099645710782, -4.282386290035430143, -82.29777126957944233 ) ) ;
#4081 = CARTESIAN_POINT ( 'NONE',  ( -5.000000000000000000, 0.000000000000000000, -131.9999999999999716 ) ) ;
#4082 = EDGE_CURVE ( 'NONE', #4171, #2795, #4375, .T. ) ;
#4083 = EDGE_LOOP ( 'NONE', ( #8248, #3350, #1801 ) ) ;
#4084 = EDGE_CURVE ( 'NONE', #5158, #6340, #710, .T. ) ;
#4085 = VERTEX_POINT ( 'NONE', #2050 ) ;
#4086 = CARTESIAN_POINT ( 'NONE',  ( -3.671958834454342124, -1.328041165545657876, -54.25000000000000000 ) ) ;
#4087 = DIRECTION ( 'NONE',  ( 1.224646799147353207E-16, 1.000000000000000000, 0.000000000000000000 ) ) ;
#4088 = CARTESIAN_POINT ( 'NONE',  ( -0.04063066961833020768, -4.959369330381669272, -105.9138655165218523 ) ) ;
#4089 = CARTESIAN_POINT ( 'NONE',  ( -0.4974474678531398131, -4.502552532146860464, -44.11327242306310126 ) ) ;
#4090 = ORIENTED_EDGE ( 'NONE', *, *, #2062, .T. ) ;
#4091 = DIRECTION ( 'NONE',  ( -0.000000000000000000, -0.000000000000000000, 1.000000000000000000 ) ) ;
#4092 = B_SPLINE_CURVE_WITH_KNOTS ( 'NONE', 3,
 ( #8346, #2959, #6995, #2878, #4982, #900, #8478, #7803, #5114, #3626, #222, #5688, #2287, #813, #269, #4349 ),
 .UNSPECIFIED., .F., .F.,
 ( 4, 2, 2, 2, 2, 2, 2, 4 ),
 ( 4.818711199177020135E-07, 0.0008765200830206752855, 0.001314539188971053200, 0.001752558294921431224, 0.002190577400871808814, 0.002628596506822187054, 0.003066615612772564860, 0.003504634718722943101 ),
 .UNSPECIFIED. ) ;
#4093 = CARTESIAN_POINT ( 'NONE',  ( -3.863136006094629149, -1.136863993905370629, -87.12878377920269202 ) ) ;
#4094 = CARTESIAN_POINT ( 'NONE',  ( -4.960065625082965113, -0.03993437491703386716, -45.41868978647570998 ) ) ;
#4095 = DIRECTION ( 'NONE',  ( -0.000000000000000000, -0.000000000000000000, 1.000000000000000000 ) ) ;
#4096 = CARTESIAN_POINT ( 'NONE',  ( 0.000000000000000000, 0.000000000000000000, -117.5000000000000000 ) ) ;
#4097 = EDGE_LOOP ( 'NONE', ( #7906, #8483, #4464 ) ) ;
#4098 = FACE_OUTER_BOUND ( 'NONE', #8708, .T. ) ;
#4099 = B_SPLINE_CURVE_WITH_KNOTS ( 'NONE', 3,
 ( #6450, #1036, #5152, #8652, #2513, #8603, #4535, #4491, #262, #7255, #3090, #7119 ),
 .UNSPECIFIED., .F., .F.,
 ( 4, 2, 2, 2, 2, 4 ),
 ( 0.003504634718750202979, 0.003941423334025087426, 0.004378211949299971872, 0.005251789179849739898, 0.006125366410399507924, 0.006998943640949276818 ),
 .UNSPECIFIED. ) ;
#4100 = TOROIDAL_SURFACE ( 'NONE', #4542, 1.000000000000000000, 3.999999999999996447 ) ;
#4101 = CARTESIAN_POINT ( 'NONE',  ( -3.388131789017175549E-18, -5.000000000000000888, -13.14684353044862597 ) ) ;
#4102 = CARTESIAN_POINT ( 'NONE',  ( 0.000000000000000000, 0.000000000000000000, -54.99999999999999289 ) ) ;
#4103 = CARTESIAN_POINT ( 'NONE',  ( 5.000000000000285105, 2.853001529572313671E-13, -29.50000000000020961 ) ) ;
#4104 = AXIS2_PLACEMENT_3D ( 'NONE', #5469, #7109, #5055 ) ;
#4105 = DIRECTION ( 'NONE',  ( -0.000000000000000000, -0.000000000000000000, 1.000000000000000000 ) ) ;
#4106 = DIRECTION ( 'NONE',  ( 1.000000000000000000, 0.000000000000000000, 0.000000000000000000 ) ) ;
#4107 = CARTESIAN_POINT ( 'NONE',  ( 1.000000000000000000, 0.000000000000000000, -27.49999999999999645 ) ) ;
#4108 = CARTESIAN_POINT ( 'NONE',  ( 0.000000000000000000, -5.000000000000000000, -106.4999999999720046 ) ) ;
#4109 = CARTESIAN_POINT ( 'NONE',  ( -0.9999999999999995559, 1.224646799147352714E-16, 0.000000000000000000 ) ) ;
#4110 = CARTESIAN_POINT ( 'NONE',  ( -0.9999999999999993339, 1.224646799147353207E-16, -20.49999999999999645 ) ) ;
#4111 = TOROIDAL_SURFACE ( 'NONE', #6968, 1.000000000000000000, 1.999999999999998224 ) ;
#4112 = DIRECTION ( 'NONE',  ( 1.000000000000000000, 0.000000000000000000, 0.000000000000000000 ) ) ;
#4113 = AXIS2_PLACEMENT_3D ( 'NONE', #3218, #521, #388 ) ;
#4114 = CARTESIAN_POINT ( 'NONE',  ( 3.671958834454343013, -1.328041165545656987, -109.2499999999999858 ) ) ;
#4115 = CARTESIAN_POINT ( 'NONE',  ( 0.000000000000000000, 0.000000000000000000, -79.00000000000000000 ) ) ;
#4116 = CARTESIAN_POINT ( 'NONE',  ( -5.000000000000284217, 2.844285577088679172E-13, -62.50000000000020606 ) ) ;
#4117 = AXIS2_PLACEMENT_3D ( 'NONE', #1548, #7001, #7088 ) ;
#4118 = FACE_OUTER_BOUND ( 'NONE', #6692, .T. ) ;
#4119 = ORIENTED_EDGE ( 'NONE', *, *, #2652, .T. ) ;
#4120 = ADVANCED_FACE ( 'NONE', ( #2676 ), #4151, .F. ) ;
#4121 = VERTEX_POINT ( 'NONE', #1298 ) ;
#4122 = CARTESIAN_POINT ( 'NONE',  ( -1.000000000000000000, 1.224646799147353207E-16, -101.0000000000000000 ) ) ;
#4123 = B_SPLINE_CURVE_WITH_KNOTS ( 'NONE', 3,
 ( #679, #6824, #51, #2789, #5515, #4855, #7587, #3002, #6455, #4347, #5826, #7669 ),
 .UNSPECIFIED., .F., .F.,
 ( 4, 2, 2, 2, 2, 4 ),
 ( 0.003504634718750183030, 0.003941423334025067476, 0.004378211949299951056, 0.005251789179849720816, 0.006125366410399489710, 0.006998943640949258603 ),
 .UNSPECIFIED. ) ;
#4124 = ADVANCED_FACE ( 'NONE', ( #3511 ), #4587, .T. ) ;
#4125 = CARTESIAN_POINT ( 'NONE',  ( -1.328041165545663649, -3.671958834454336795, -32.25000000000000000 ) ) ;
#4126 = EDGE_CURVE ( 'NONE', #4454, #3449, #2137, .T. ) ;
#4127 = ORIENTED_EDGE ( 'NONE', *, *, #4129, .F. ) ;
#4128 = TOROIDAL_SURFACE ( 'NONE', #4719, 1.000000000000000000, 4.000000000000000000 ) ;
#4129 = EDGE_CURVE ( 'NONE', #5751, #2412, #4146, .T. ) ;
#4130 = EDGE_LOOP ( 'NONE', ( #5864, #7729, #3117, #6804 ) ) ;
#4131 = DIRECTION ( 'NONE',  ( 0.000000000000000000, -1.000000000000000000, 0.000000000000000000 ) ) ;
#4132 = CARTESIAN_POINT ( 'NONE',  ( -3.863136006094622932, -1.136863993905375958, -48.62878377920270623 ) ) ;
#4133 = EDGE_LOOP ( 'NONE', ( #7678, #3145, #3574 ) ) ;
#4134 = AXIS2_PLACEMENT_3D ( 'NONE', #486, #8016, #7350 ) ;
#4135 = DIRECTION ( 'NONE',  ( 1.000000000000000000, 0.000000000000000000, 0.000000000000000000 ) ) ;
#4136 = EDGE_CURVE ( 'NONE', #2754, #2795, #3564, .T. ) ;
#4137 = ORIENTED_EDGE ( 'NONE', *, *, #4944, .F. ) ;
#4138 = AXIS2_PLACEMENT_3D ( 'NONE', #267, #3003, #5737 ) ;
#4139 = DIRECTION ( 'NONE',  ( 1.000000000000000000, 0.000000000000000000, 0.000000000000000000 ) ) ;
#4140 = ORIENTED_EDGE ( 'NONE', *, *, #2774, .T. ) ;
#4141 = FACE_OUTER_BOUND ( 'NONE', #5840, .T. ) ;
#4142 = ADVANCED_FACE ( 'NONE', ( #1386 ), #1727, .T. ) ;
#4143 = CARTESIAN_POINT ( 'NONE',  ( 0.000000000000000000, 0.000000000000000000, -86.50000000000000000 ) ) ;
#4144 = CARTESIAN_POINT ( 'NONE',  ( 4.833123071218334843, -0.1668769287816652402, -121.8572048687072851 ) ) ;
#4145 = ORIENTED_EDGE ( 'NONE', *, *, #2143, .T. ) ;
#4146 = CIRCLE ( 'NONE', #8297, 1.000000000000000000 ) ;
#4147 = DIRECTION ( 'NONE',  ( -0.000000000000000000, -0.000000000000000000, 1.000000000000000000 ) ) ;
#4148 = DIRECTION ( 'NONE',  ( 0.000000000000000000, 0.000000000000000000, -1.000000000000000000 ) ) ;
#4149 = CARTESIAN_POINT ( 'NONE',  ( 0.4321793203735386224, -4.567820679626461988, -88.22657376275972752 ) ) ;
#4150 = AXIS2_PLACEMENT_3D ( 'NONE', #588, #1177, #4540 ) ;
#4151 = CYLINDRICAL_SURFACE ( 'NONE', #427, 0.9999999999999995559 ) ;
#4152 = DIRECTION ( 'NONE',  ( -0.000000000000000000, -0.000000000000000000, 1.000000000000000000 ) ) ;
#4153 = CARTESIAN_POINT ( 'NONE',  ( -1.000000000000000000, 1.224646799147353207E-16, -54.99999999999999289 ) ) ;
#4154 = CARTESIAN_POINT ( 'NONE',  ( -8.139986623113826258E-16, -4.999999999999999112, -23.85274279211298776 ) ) ;
#4155 = CARTESIAN_POINT ( 'NONE',  ( 4.567820679631960701, -0.4321793203680400208, -47.77342623723036041 ) ) ;
#4156 = CARTESIAN_POINT ( 'NONE',  ( 4.366408635906905644, -0.6335913640930940227, -21.89380044883598586 ) ) ;
#4157 = AXIS2_PLACEMENT_3D ( 'NONE', #2820, #7575, #6902 ) ;
#4158 = CARTESIAN_POINT ( 'NONE',  ( 4.840676868219843776, -0.1593231317801558355, -66.85321941568363968 ) ) ;
#4159 = CARTESIAN_POINT ( 'NONE',  ( -3.862779220790900858, -1.137220779209097810, -120.3709900004486002 ) ) ;
#4160 = B_SPLINE_CURVE_WITH_KNOTS ( 'NONE', 3,
 ( #2978, #1556, #8444, #5663, #3826, #3122, #3873, #6522, #7917, #4607, #1821, #4472, #5186, #8583 ),
 .UNSPECIFIED., .F., .F.,
 ( 4, 2, 2, 2, 2, 2, 4 ),
 ( 4.818711198670962418E-07, 0.0008763243365552809798, 0.001314245569273000827, 0.001752166801990720458, 0.002190088034708440306, 0.002628009267426160370, 0.003503851732861639531 ),
 .UNSPECIFIED. ) ;
#4161 = CARTESIAN_POINT ( 'NONE',  ( 0.4915337874217825531, -4.508466212578217558, -58.89376480693211846 ) ) ;
#4162 = DIRECTION ( 'NONE',  ( 1.000000000000000000, 0.000000000000000000, 0.000000000000000000 ) ) ;
#4163 = AXIS2_PLACEMENT_3D ( 'NONE', #4488, #5730, #3798 ) ;
#4164 = AXIS2_PLACEMENT_3D ( 'NONE', #1777, #5974, #7996 ) ;
#4165 = CARTESIAN_POINT ( 'NONE',  ( -1.000000000000000000, 1.224646799147353207E-16, -46.00000000000000000 ) ) ;
#4166 = ORIENTED_EDGE ( 'NONE', *, *, #8504, .F. ) ;
#4167 = ORIENTED_EDGE ( 'NONE', *, *, #903, .F. ) ;
#4168 = DIRECTION ( 'NONE',  ( -0.000000000000000000, -0.000000000000000000, 1.000000000000000000 ) ) ;
#4169 = FACE_OUTER_BOUND ( 'NONE', #2948, .T. ) ;
#4170 = AXIS2_PLACEMENT_3D ( 'NONE', #6620, #1292, #2543 ) ;
#4171 = VERTEX_POINT ( 'NONE', #69 ) ;
#4172 = TOROIDAL_SURFACE ( 'NONE', #2168, 1.000000000000002220, 3.999999999999994671 ) ;
#4173 = VERTEX_POINT ( 'NONE', #2770 ) ;
#4174 = EDGE_CURVE ( 'NONE', #4723, #1316, #8013, .T. ) ;
#4175 = CARTESIAN_POINT ( 'NONE',  ( -0.1593231317802005498, -4.840676868219798479, -19.64678058431651309 ) ) ;
#4176 = CARTESIAN_POINT ( 'NONE',  ( 0.000000000000000000, 0.000000000000000000, -14.99999999999999822 ) ) ;
#4177 = TOROIDAL_SURFACE ( 'NONE', #24, 1.000000000000000000, 2.000000000000000000 ) ;
#4178 = AXIS2_PLACEMENT_3D ( 'NONE', #4549, #3369, #5928 ) ;
#4179 = CARTESIAN_POINT ( 'NONE',  ( 1.000000000000000000, 0.000000000000000000, -110.0000000000000000 ) ) ;
#4180 = FACE_OUTER_BOUND ( 'NONE', #7815, .T. ) ;
#4181 = DIRECTION ( 'NONE',  ( 1.000000000000000000, 0.000000000000000000, 0.000000000000000000 ) ) ;
#4182 = VERTEX_POINT ( 'NONE', #8272 ) ;
#4183 = CIRCLE ( 'NONE', #320, 1.999999999999988010 ) ;
#4184 = EDGE_CURVE ( 'NONE', #5348, #8571, #7718, .T. ) ;
#4185 = DIRECTION ( 'NONE',  ( -0.000000000000000000, -0.000000000000000000, 1.000000000000000000 ) ) ;
#4186 = ORIENTED_EDGE ( 'NONE', *, *, #5171, .T. ) ;
#4187 = EDGE_CURVE ( 'NONE', #8690, #7977, #8858, .T. ) ;
#4188 = DIRECTION ( 'NONE',  ( -0.000000000000000000, -0.000000000000000000, 1.000000000000000000 ) ) ;
#4189 = DIRECTION ( 'NONE',  ( -0.000000000000000000, -0.000000000000000000, 1.000000000000000000 ) ) ;
#4190 = CARTESIAN_POINT ( 'NONE',  ( 1.000000000000000000, 0.000000000000000000, -60.49999999999999289 ) ) ;
#4191 = ORIENTED_EDGE ( 'NONE', *, *, #8290, .T. ) ;
#4192 = CIRCLE ( 'NONE', #327, 3.000000000000000000 ) ;
#4193 = CARTESIAN_POINT ( 'NONE',  ( 0.008042224640654448489, -4.991957775359346705, -79.29246587454755968 ) ) ;
#4194 = B_SPLINE_CURVE_WITH_KNOTS ( 'NONE', 3,
 ( #8814, #3264, #8686, #8731, #2552, #3932, #525, #5996, #573, #3310, #5375, #7438, #1499, #4777, #139, #6952 ),
 .UNSPECIFIED., .F., .F.,
 ( 4, 2, 2, 2, 2, 2, 2, 4 ),
 ( 4.818711199173202134E-07, 0.0008765200830275632219, 0.001314539188981386298, 0.001752558294935209265, 0.002190577400889032016, 0.002628596506842854983, 0.003066615612796677950, 0.003504634718750500918 ),
 .UNSPECIFIED. ) ;
#4195 = CARTESIAN_POINT ( 'NONE',  ( -0.008301598518898192086, -4.991698401481102110, -7.203746370642509333 ) ) ;
#4196 = ORIENTED_EDGE ( 'NONE', *, *, #5100, .T. ) ;
#4197 = CARTESIAN_POINT ( 'NONE',  ( 4.935956332719889872, -0.06404366728011048893, -105.7744018659851974 ) ) ;
#4198 = B_SPLINE_CURVE_WITH_KNOTS ( 'NONE', 3,
 ( #7070, #48, #5682, #7753, #1625, #4850, #932, #2786, #8247, #7582, #6228, #3137, #2470, #8556, #1122, #5203 ),
 .UNSPECIFIED., .F., .F.,
 ( 4, 2, 2, 2, 2, 2, 2, 4 ),
 ( 4.818711198525358513E-07, 0.0008765200830274374544, 0.001314539188981229088, 0.001752558294935020831, 0.002190577400888812139, 0.002628596506842603882, 0.003066615612796395624, 0.003504634718750187367 ),
 .UNSPECIFIED. ) ;
#4199 = CARTESIAN_POINT ( 'NONE',  ( 4.748219996434698054, -0.2517800035653023349, -11.59116362763015040 ) ) ;
#4200 = CARTESIAN_POINT ( 'NONE',  ( 0.000000000000000000, 0.000000000000000000, -7.500000000000003553 ) ) ;
#4201 = B_SPLINE_CURVE_WITH_KNOTS ( 'NONE', 3,
 ( #7414, #7231, #1776, #1279, #4505, #4000, #3111, #3816, #6561, #7948, #5219, #1814 ),
 .UNSPECIFIED., .F., .F.,
 ( 4, 2, 2, 2, 2, 4 ),
 ( 0.003504634718722721056, 0.003941423334001042424, 0.004378211949279363358, 0.005251789179836006093, 0.006125366410392648828, 0.006998943640949292430 ),
 .UNSPECIFIED. ) ;
#4202 = CARTESIAN_POINT ( 'NONE',  ( -1.000000000000000000, 1.224646799147353207E-16, -110.0000000000000000 ) ) ;
#4203 = DIRECTION ( 'NONE',  ( -0.000000000000000000, -0.000000000000000000, 1.000000000000000000 ) ) ;
#4204 = CARTESIAN_POINT ( 'NONE',  ( 0.000000000000000000, 0.000000000000000000, -24.00000000000000355 ) ) ;
#4205 = CARTESIAN_POINT ( 'NONE',  ( -4.991957775357460214, -0.008042224642539145749, -106.2075341254273582 ) ) ;
#4206 = EDGE_CURVE ( 'NONE', #2388, #1842, #569, .T. ) ;
#4207 = CARTESIAN_POINT ( 'NONE',  ( 0.1278684795020899323, -4.872131520497910095, -110.9925979694417464 ) ) ;
#4208 = FACE_OUTER_BOUND ( 'NONE', #87, .T. ) ;
#4209 = CARTESIAN_POINT ( 'NONE',  ( -4.502552532152140685, -0.4974474678478608691, -64.38672757692825144 ) ) ;
#4210 = FACE_OUTER_BOUND ( 'NONE', #1196, .T. ) ;
#4211 = ORIENTED_EDGE ( 'NONE', *, *, #4313, .F. ) ;
#4212 = EDGE_LOOP ( 'NONE', ( #5863, #6337, #6451, #6998 ) ) ;
#4213 = CARTESIAN_POINT ( 'NONE',  ( 4.282386290039715604, -0.7176137099602839520, -20.70222873041527478 ) ) ;
#4214 = CARTESIAN_POINT ( 'NONE',  ( 0.1676550930162090114, -4.832344906983791155, -83.35453806257386589 ) ) ;
#4215 = ORIENTED_EDGE ( 'NONE', *, *, #8024, .T. ) ;
#4216 = CARTESIAN_POINT ( 'NONE',  ( -4.832344906989094468, -0.1676550930109067528, -91.14546193740919477 ) ) ;
#4217 = CARTESIAN_POINT ( 'NONE',  ( -1.137203174285776441, -3.862796825714224003, -21.12899883711745375 ) ) ;
#4218 = CARTESIAN_POINT ( 'NONE',  ( -4.999999999999990230, -7.591956306240251341E-15, -46.14725720788722896 ) ) ;
#4219 = DIRECTION ( 'NONE',  ( -0.000000000000000000, -0.000000000000000000, 1.000000000000000000 ) ) ;
#4220 = CARTESIAN_POINT ( 'NONE',  ( 0.3138588208043429084, -4.686141179195654871, -77.46532131222942041 ) ) ;
#4221 = CARTESIAN_POINT ( 'NONE',  ( 3.671958834454351450, -1.328041165545648550, -65.24999999999998579 ) ) ;
#4222 = EDGE_CURVE ( 'NONE', #5978, #3622, #8105, .T. ) ;
#4223 = EDGE_LOOP ( 'NONE', ( #930, #1881, #2445 ) ) ;
#4224 = DIRECTION ( 'NONE',  ( 0.000000000000000000, -1.000000000000000000, 0.000000000000000000 ) ) ;
#4225 = ORIENTED_EDGE ( 'NONE', *, *, #4184, .T. ) ;
#4226 = CARTESIAN_POINT ( 'NONE',  ( 0.000000000000000000, 0.000000000000000000, 0.000000000000000000 ) ) ;
#4227 = CARTESIAN_POINT ( 'NONE',  ( 0.1676550930108547666, -4.832344906989147759, -55.85453806259096154 ) ) ;
#4228 = EDGE_LOOP ( 'NONE', ( #8358, #147, #4492 ) ) ;
#4229 = ADVANCED_FACE ( 'NONE', ( #2006 ), #7145, .F. ) ;
#4230 = B_SPLINE_CURVE_WITH_KNOTS ( 'NONE', 3,
 ( #2473, #1125, #3848, #5343, #8077, #1038, #2734, #4073, #2138, #6092, #7402, #6055, #8158, #3320, #7446, #4034 ),
 .UNSPECIFIED., .F., .F.,
 ( 4, 2, 2, 2, 2, 2, 2, 4 ),
 ( 4.818711198665871750E-07, 0.0008765200830274456944, 0.001314539188981235377, 0.001752558294935024951, 0.002190577400888814308, 0.002628596506842603882, 0.003066615612796393456, 0.003504634718750183030 ),
 .UNSPECIFIED. ) ;
#4231 = ADVANCED_FACE ( 'NONE', ( #4277 ), #6868, .T. ) ;
#4232 = CARTESIAN_POINT ( 'NONE',  ( -4.991957775357462879, -0.008042224642537823889, -23.70753412542732264 ) ) ;
#4233 = EDGE_CURVE ( 'NONE', #8491, #6903, #6293, .T. ) ;
#4234 = ORIENTED_EDGE ( 'NONE', *, *, #4184, .F. ) ;
#4235 = CARTESIAN_POINT ( 'NONE',  ( 4.960065625082965113, -0.03993437491703672598, -105.9186897864757526 ) ) ;
#4236 = CARTESIAN_POINT ( 'NONE',  ( 4.041784260359809089, -0.9582157396401910221, -76.52377465029930192 ) ) ;
#4237 = DIRECTION ( 'NONE',  ( 1.000000000000000000, 0.000000000000000000, 0.000000000000000000 ) ) ;
#4238 = AXIS2_PLACEMENT_3D ( 'NONE', #3997, #8043, #6737 ) ;
#4239 = CARTESIAN_POINT ( 'NONE',  ( 8.909727813931171692E-16, -5.000000000000000888, -24.14684353044863130 ) ) ;
#4240 = DIRECTION ( 'NONE',  ( 1.000000000000000000, 0.000000000000000000, 0.000000000000000000 ) ) ;
#4241 = CARTESIAN_POINT ( 'NONE',  ( -1.136863993905363301, -3.863136006094636699, -21.37121622079730088 ) ) ;
#4242 = CARTESIAN_POINT ( 'NONE',  ( 4.040089233413046266, -0.9599107665869511807, -48.47763427936020975 ) ) ;
#4243 = EDGE_CURVE ( 'NONE', #3288, #3104, #2433, .T. ) ;
#4244 = CARTESIAN_POINT ( 'NONE',  ( 0.7176137099602448721, -4.282386290039755572, -16.29777126958477496 ) ) ;
#4245 = CARTESIAN_POINT ( 'NONE',  ( 1.000000000000000000, 0.000000000000000000, -68.00000000000000000 ) ) ;
#4246 = AXIS2_PLACEMENT_3D ( 'NONE', #4334, #6392, #7246 ) ;
#4247 = CARTESIAN_POINT ( 'NONE',  ( 0.008301598520836291073, -4.991698401479165881, -111.7037463706171678 ) ) ;
#4248 = CARTESIAN_POINT ( 'NONE',  ( -0.2517800035594500718, -4.748219996440550261, -85.90883637235563697 ) ) ;
#4249 = CARTESIAN_POINT ( 'NONE',  ( -1.000000000000000000, 1.224646799147353207E-16, -73.50000000000001421 ) ) ;
#4250 = CARTESIAN_POINT ( 'NONE',  ( 0.000000000000000000, 0.000000000000000000, -29.50000000000000355 ) ) ;
#4251 = ORIENTED_EDGE ( 'NONE', *, *, #3217, .T. ) ;
#4252 = CIRCLE ( 'NONE', #1544, 3.904737509655565209 ) ;
#4253 = ORIENTED_EDGE ( 'NONE', *, *, #403, .F. ) ;
#4254 = CARTESIAN_POINT ( 'NONE',  ( 0.3138588208043033290, -4.686141179195698392, -82.96532131222956252 ) ) ;
#4255 = ORIENTED_EDGE ( 'NONE', *, *, #7694, .T. ) ;
#4256 = CIRCLE ( 'NONE', #7841, 3.904737509655565209 ) ;
#4257 = CARTESIAN_POINT ( 'NONE',  ( 0.000000000000000000, -5.000000000000000000, -89.99999999997200462 ) ) ;
#4258 = CARTESIAN_POINT ( 'NONE',  ( -4.040089233413050707, -0.9599107665869495154, -15.47763427936022751 ) ) ;
#4259 = EDGE_CURVE ( 'NONE', #5355, #7467, #7597, .T. ) ;
#4260 = DIRECTION ( 'NONE',  ( -0.000000000000000000, -0.000000000000000000, 1.000000000000000000 ) ) ;
#4261 = CARTESIAN_POINT ( 'NONE',  ( 0.000000000000000000, 0.000000000000000000, -82.50000000000000000 ) ) ;
#4262 = DIRECTION ( 'NONE',  ( 1.000000000000000000, 0.000000000000000000, 0.000000000000000000 ) ) ;
#4263 = TOROIDAL_SURFACE ( 'NONE', #5692, 1.000000000000000000, 4.000000000000000000 ) ;
#4264 = ORIENTED_EDGE ( 'NONE', *, *, #884, .T. ) ;
#4265 = DIRECTION ( 'NONE',  ( -0.000000000000000000, -0.000000000000000000, 1.000000000000000000 ) ) ;
#4266 = B_SPLINE_CURVE_WITH_KNOTS ( 'NONE', 3,
 ( #1074, #2947, #5813, #5724, #4377, #3750, #1030, #257, #7702, #3043, #2909, #6353 ),
 .UNSPECIFIED., .F., .F.,
 ( 4, 2, 2, 2, 2, 4 ),
 ( 0.003504634718750187367, 0.003941423334025072681, 0.004378211949299957127, 0.005251789179849726888, 0.006125366410399496649, 0.006998943640949266409 ),
 .UNSPECIFIED. ) ;
#4267 = CARTESIAN_POINT ( 'NONE',  ( -0.06459124883188392674, -4.935408751168116837, -50.77165234913507419 ) ) ;
#4268 = DIRECTION ( 'NONE',  ( 1.000000000000000000, 0.000000000000000000, 0.000000000000000000 ) ) ;
#4269 = ORIENTED_EDGE ( 'NONE', *, *, #8239, .F. ) ;
#4270 = TOROIDAL_SURFACE ( 'NONE', #8578, 1.000000000000000000, 3.999999999999996447 ) ;
#4271 = CARTESIAN_POINT ( 'NONE',  ( -3.671958834454338572, -1.328041165545661428, -21.24999999999999645 ) ) ;
#4272 = B_SPLINE_CURVE_WITH_KNOTS ( 'NONE', 3,
 ( #365, #3150, #5832, #456, #2480, #5212, #4589, #5074, #1673, #7268, #1808, #1133, #8520, #5924, #1851, #7986 ),
 .UNSPECIFIED., .F., .F.,
 ( 4, 2, 2, 2, 2, 2, 2, 4 ),
 ( 4.818711198570667364E-07, 0.0008765200830274407070, 0.001314539188981233425, 0.001752558294935025818, 0.002190577400888818211, 0.002628596506842610821, 0.003066615612796403430, 0.003504634718750196040 ),
 .UNSPECIFIED. ) ;
#4273 = ORIENTED_EDGE ( 'NONE', *, *, #746, .T. ) ;
#4274 = CARTESIAN_POINT ( 'NONE',  ( -4.748219996434699830, -0.2517800035653010027, -61.09116362763014507 ) ) ;
#4275 = EDGE_CURVE ( 'NONE', #5121, #1033, #2997, .T. ) ;
#4276 = DIRECTION ( 'NONE',  ( -0.000000000000000000, -0.000000000000000000, 1.000000000000000000 ) ) ;
#4277 = FACE_OUTER_BOUND ( 'NONE', #2679, .T. ) ;
#4278 = VECTOR ( 'NONE', #6058, 1000.000000000000000 ) ;
#4279 = CARTESIAN_POINT ( 'NONE',  ( 0.9599107665897160802, -4.040089233410284031, -49.02236572063742415 ) ) ;
#4280 = CARTESIAN_POINT ( 'NONE',  ( 0.9999999999999993339, 0.000000000000000000, -53.49999999999999289 ) ) ;
#4281 = CARTESIAN_POINT ( 'NONE',  ( -4.040089233413053371, -0.9599107665869472950, -97.97763427936018843 ) ) ;
#4282 = CARTESIAN_POINT ( 'NONE',  ( -0.1676550930162217790, -4.832344906983778721, -28.35453806257380194 ) ) ;
#4283 = ADVANCED_FACE ( 'NONE', ( #7097 ), #3155, .T. ) ;
#4284 = CARTESIAN_POINT ( 'NONE',  ( -5.000000000000007105, 5.907101895033082199E-15, -111.8531564695516352 ) ) ;
#4285 = CARTESIAN_POINT ( 'NONE',  ( -4.041784260359809089, -0.9582157396401908001, -104.0237746502993019 ) ) ;
#4286 = AXIS2_PLACEMENT_3D ( 'NONE', #830, #5581, #916 ) ;
#4287 = CARTESIAN_POINT ( 'NONE',  ( 0.000000000000000000, 0.000000000000000000, -101.0000000000000000 ) ) ;
#4288 = ADVANCED_FACE ( 'NONE', ( #2852 ), #274, .F. ) ;
#4289 = CARTESIAN_POINT ( 'NONE',  ( -1.328041165545656987, -3.671958834454343013, -87.25000000000000000 ) ) ;
#4290 = DIRECTION ( 'NONE',  ( 1.000000000000000000, 0.000000000000000000, 0.000000000000000000 ) ) ;
#4291 = FACE_OUTER_BOUND ( 'NONE', #6686, .T. ) ;
#4292 = VERTEX_POINT ( 'NONE', #4417 ) ;
#4293 = EDGE_CURVE ( 'NONE', #5559, #1916, #8162, .T. ) ;
#4294 = CIRCLE ( 'NONE', #1446, 3.904737509655567429 ) ;
#4295 = EDGE_LOOP ( 'NONE', ( #7191, #6354, #2069 ) ) ;
#4296 = CARTESIAN_POINT ( 'NONE',  ( -4.508466212578270849, -0.4915337874217298730, -55.10623519306795259 ) ) ;
#4297 = CARTESIAN_POINT ( 'NONE',  ( 0.000000000000000000, 0.000000000000000000, -24.00000000000000355 ) ) ;
#4299 = EDGE_LOOP ( 'NONE', ( #7755, #2511, #5914, #6091, #1658, #2664 ) ) ;
#4298 = B_SPLINE_CURVE_WITH_KNOTS ( 'NONE', 3,
 ( #4981, #6361, #2956, #898, #318, #3053, #8423, #5783, #1083, #5687, #6456, #7801 ),
 .UNSPECIFIED., .F., .F.,
 ( 4, 2, 2, 2, 2, 4 ),
 ( 0.003504634718750183030, 0.003941423334025066609, 0.004378211949299949321, 0.005251789179849716480, 0.006125366410399483638, 0.006998943640949250797 ),
 .UNSPECIFIED. ) ;
#4300 = CARTESIAN_POINT ( 'NONE',  ( 0.000000000000000000, 0.000000000000000000, -68.00000000000000000 ) ) ;
#4301 = AXIS2_PLACEMENT_3D ( 'NONE', #804, #7705, #6356 ) ;
#4302 = AXIS2_PLACEMENT_3D ( 'NONE', #1116, #1880, #1212 ) ;
#4303 = DIRECTION ( 'NONE',  ( -0.000000000000000000, -0.000000000000000000, 1.000000000000000000 ) ) ;
#4304 = CARTESIAN_POINT ( 'NONE',  ( 0.000000000000000000, 0.000000000000000000, -117.5000000000000000 ) ) ;
#4305 = B_SPLINE_CURVE_WITH_KNOTS ( 'NONE', 3,
 ( #2521, #1809, #1770, #4500, #3905, #6463, #3059, #5925, #7318, #4449, #7178, #7225, #6554, #5254, #7987, #6640 ),
 .UNSPECIFIED., .F., .F.,
 ( 4, 2, 2, 2, 2, 2, 2, 4 ),
 ( 4.818711198665871750E-07, 0.0008765200830274456944, 0.001314539188981235377, 0.001752558294935024951, 0.002190577400888814308, 0.002628596506842603882, 0.003066615612796393456, 0.003504634718750183030 ),
 .UNSPECIFIED. ) ;
#4306 = B_SPLINE_CURVE_WITH_KNOTS ( 'NONE', 3,
 ( #2260, #7054, #8400, #6342, #1477, #159, #4199, #114, #2215, #6251, #1518, #6969 ),
 .UNSPECIFIED., .F., .F.,
 ( 4, 2, 2, 2, 2, 4 ),
 ( 0.003504634718750187367, 0.003941423334025074415, 0.004378211949299962331, 0.005251789179849732092, 0.006125366410399502720, 0.006998943640949271613 ),
 .UNSPECIFIED. ) ;
#4307 = CARTESIAN_POINT ( 'NONE',  ( 4.041784260359807313, -0.9582157396401936866, -109.5237746502993161 ) ) ;
#4308 = CARTESIAN_POINT ( 'NONE',  ( 1.328041165545661428, -3.671958834454339016, -15.75000000000000000 ) ) ;
#4309 = CARTESIAN_POINT ( 'NONE',  ( 0.000000000000000000, -5.000000000000000000, -73.50000000000001421 ) ) ;
#4310 = CIRCLE ( 'NONE', #6175, 4.000000000000003553 ) ;
#4311 = AXIS2_PLACEMENT_3D ( 'NONE', #247, #5762, #3558 ) ;
#4312 = ORIENTED_EDGE ( 'NONE', *, *, #1506, .T. ) ;
#4313 = EDGE_CURVE ( 'NONE', #8523, #7535, #6429, .T. ) ;
#4314 = CARTESIAN_POINT ( 'NONE',  ( 4.959369330385073660, -0.04063066961492575041, -52.08613448345568742 ) ) ;
#4315 = CIRCLE ( 'NONE', #743, 4.000000000000003553 ) ;
#4316 = AXIS2_PLACEMENT_3D ( 'NONE', #6347, #4421, #8539 ) ;
#4317 = CARTESIAN_POINT ( 'NONE',  ( -0.4974474678531437544, -4.502552532146856024, -49.61327242306310836 ) ) ;
#4318 = ORIENTED_EDGE ( 'NONE', *, *, #4313, .T. ) ;
#4319 = AXIS2_PLACEMENT_3D ( 'NONE', #1079, #2370, #4383 ) ;
#4320 = CARTESIAN_POINT ( 'NONE',  ( 3.671958834454343013, -1.328041165545656987, -114.7499999999999858 ) ) ;
#4321 = ORIENTED_EDGE ( 'NONE', *, *, #136, .F. ) ;
#4322 = CARTESIAN_POINT ( 'NONE',  ( 5.000000000000007105, 5.689837944062354162E-15, -106.3531564695516352 ) ) ;
#4323 = VERTEX_POINT ( 'NONE', #3555 ) ;
#4324 = DIRECTION ( 'NONE',  ( -0.000000000000000000, -0.000000000000000000, 1.000000000000000000 ) ) ;
#4325 = CC_DESIGN_APPROVAL ( #190, ( #5916 ) ) ;
#4326 = CARTESIAN_POINT ( 'NONE',  ( -4.502552532152130915, -0.4974474678478694178, -25.88672757692826920 ) ) ;
#4327 = CARTESIAN_POINT ( 'NONE',  ( 4.567820679631958924, -0.4321793203680420747, -97.27342623723035331 ) ) ;
#4328 = CARTESIAN_POINT ( 'NONE',  ( -0.2608011983036405690, -4.739198801696359986, -66.59076228219167604 ) ) ;
#4329 = CARTESIAN_POINT ( 'NONE',  ( -0.04063066961831318658, -4.959369330381687035, -28.91386551652194470 ) ) ;
#4330 = CARTESIAN_POINT ( 'NONE',  ( 0.000000000000000000, -5.000000000000000000, -7.500000000000003553 ) ) ;
#4331 = CARTESIAN_POINT ( 'NONE',  ( 4.282386290039715604, -0.7176137099602857283, -26.20222873041528544 ) ) ;
#4332 =( GEOMETRIC_REPRESENTATION_CONTEXT ( 3 ) GLOBAL_UNCERTAINTY_ASSIGNED_CONTEXT ( ( #1910 ) ) GLOBAL_UNIT_ASSIGNED_CONTEXT ( ( #1054, #5178, #4508 ) ) REPRESENTATION_CONTEXT ( 'NONE', 'WORKASPACE' ) );
#4333 = CARTESIAN_POINT ( 'NONE',  ( -0.9999999999999988898, 1.224646799147351975E-16, 0.000000000000000000 ) ) ;
#4334 = CARTESIAN_POINT ( 'NONE',  ( 0.000000000000000000, 0.000000000000000000, -112.0000000000000000 ) ) ;
#4335 = CARTESIAN_POINT ( 'NONE',  ( 0.000000000000000000, 0.000000000000000000, -18.50000000000000355 ) ) ;
#4336 = CARTESIAN_POINT ( 'NONE',  ( -0.6335913640931311042, -4.366408635906870117, -75.60619955116406743 ) ) ;
#4337 = DIRECTION ( 'NONE',  ( -0.000000000000000000, -0.000000000000000000, 1.000000000000000000 ) ) ;
#4338 = ORIENTED_EDGE ( 'NONE', *, *, #2733, .F. ) ;
#4339 = ORIENTED_EDGE ( 'NONE', *, *, #3846, .T. ) ;
#4340 = CARTESIAN_POINT ( 'NONE',  ( 0.000000000000000000, 0.000000000000000000, -29.50000000000000355 ) ) ;
#4341 = EDGE_CURVE ( 'NONE', #4770, #1796, #6739, .T. ) ;
#4342 = CARTESIAN_POINT ( 'NONE',  ( 1.328041165545656987, -3.671958834454343013, -70.75000000000000000 ) ) ;
#4343 = EDGE_LOOP ( 'NONE', ( #5199, #7836, #3774, #6519, #8872, #3361 ) ) ;
#4344 = EDGE_CURVE ( 'NONE', #1842, #5242, #4160, .T. ) ;
#4345 = DIRECTION ( 'NONE',  ( 1.224646799147353207E-16, 1.000000000000000000, 0.000000000000000000 ) ) ;
#4346 = EDGE_CURVE ( 'NONE', #5121, #7397, #3166, .T. ) ;
#4347 = CARTESIAN_POINT ( 'NONE',  ( 4.041784260359807313, -0.9582157396401936866, -71.02377465029931614 ) ) ;
#4348 = CARTESIAN_POINT ( 'NONE',  ( -4.999999999999992006, -9.308468573851092555E-15, -13.14725720788725738 ) ) ;
#4349 = CARTESIAN_POINT ( 'NONE',  ( 0.000000000000000000, -5.000000000000000000, -111.9999999999722036 ) ) ;
#4350 = CARTESIAN_POINT ( 'NONE',  ( 0.2608011983036803705, -4.739198801696320018, -77.59076228219157656 ) ) ;
#4351 = DIRECTION ( 'NONE',  ( -0.000000000000000000, -0.000000000000000000, 1.000000000000000000 ) ) ;
#4352 = EDGE_CURVE ( 'NONE', #1178, #7626, #4868, .T. ) ;
#4353 = EDGE_CURVE ( 'NONE', #6719, #1322, #8537, .T. ) ;
#4354 = ORIENTED_EDGE ( 'NONE', *, *, #1886, .F. ) ;
#4355 = CARTESIAN_POINT ( 'NONE',  ( 0.000000000000000000, 0.000000000000000000, -99.00000000000000000 ) ) ;
#4356 = CARTESIAN_POINT ( 'NONE',  ( -0.9599107665897160802, -4.040089233410284031, -49.02236572063742415 ) ) ;
#4357 = CARTESIAN_POINT ( 'NONE',  ( 1.000000000000000000, 0.000000000000000000, -35.00000000000000000 ) ) ;
#4358 = ORIENTED_EDGE ( 'NONE', *, *, #7133, .T. ) ;
#4359 = CYLINDRICAL_SURFACE ( 'NONE', #4635, 0.9999999999999995559 ) ;
#4360 = ORIENTED_EDGE ( 'NONE', *, *, #8039, .T. ) ;
#4361 = CARTESIAN_POINT ( 'NONE',  ( 4.991957775357460214, -0.008042224642539692187, -106.2075341254273582 ) ) ;
#4362 = ORIENTED_EDGE ( 'NONE', *, *, #3209, .T. ) ;
#4363 = FACE_OUTER_BOUND ( 'NONE', #6788, .T. ) ;
#4364 = CARTESIAN_POINT ( 'NONE',  ( 4.840676868219843776, -0.1593231317801557245, -83.35321941568363968 ) ) ;
#4365 = CARTESIAN_POINT ( 'NONE',  ( -0.1278684794971297056, -4.872131520502869684, -116.4925979694601494 ) ) ;
#4366 = CARTESIAN_POINT ( 'NONE',  ( 3.863136006094629149, -1.136863993905370185, -98.12878377920270623 ) ) ;
#4367 = DIRECTION ( 'NONE',  ( 1.000000000000000000, 0.000000000000000000, 0.000000000000000000 ) ) ;
#4368 = CARTESIAN_POINT ( 'NONE',  ( 4.959369330385072772, -0.04063066961492754064, -8.086134483455694522 ) ) ;
#4369 = DIRECTION ( 'NONE',  ( -0.000000000000000000, -0.000000000000000000, 1.000000000000000000 ) ) ;
#4370 = CARTESIAN_POINT ( 'NONE',  ( -0.06459124883188710475, -4.935408751168113284, -94.77165234913508129 ) ) ;
#4371 = CARTESIAN_POINT ( 'NONE',  ( 0.2608011983036451209, -4.739198801696355545, -110.5907622821916618 ) ) ;
#4372 = CIRCLE ( 'NONE', #4113, 3.904737509655562544 ) ;
#4373 = CARTESIAN_POINT ( 'NONE',  ( -0.06404366727607974097, -4.935956332723921314, -85.22559813399345785 ) ) ;
#4374 = DIRECTION ( 'NONE',  ( -0.000000000000000000, -0.000000000000000000, 1.000000000000000000 ) ) ;
#4375 = B_SPLINE_CURVE_WITH_KNOTS ( 'NONE', 3,
 ( #5238, #7563, #4021, #5496, #2806, #652, #2084, #2128, #7611, #1432, #8192, #6801, #4832, #8230, #7436, #4065 ),
 .UNSPECIFIED., .F., .F.,
 ( 4, 2, 2, 2, 2, 2, 2, 4 ),
 ( 4.818711198664599083E-07, 0.0008765200830274455859, 0.001314539188981235160, 0.001752558294935024734, 0.002190577400888814308, 0.002628596506842603882, 0.003066615612796393456, 0.003504634718750183030 ),
 .UNSPECIFIED. ) ;
#4376 = CARTESIAN_POINT ( 'NONE',  ( -0.9582157396402114502, -4.041784260359788661, -75.97622534970068386 ) ) ;
#4377 = CARTESIAN_POINT ( 'NONE',  ( 4.935956332719893425, -0.06404366728010733867, -50.77440186598523297 ) ) ;
#4378 = ORIENTED_EDGE ( 'NONE', *, *, #7189, .T. ) ;
#4379 = ORIENTED_EDGE ( 'NONE', *, *, #10, .F. ) ;
#4380 = ORIENTED_EDGE ( 'NONE', *, *, #3413, .F. ) ;
#4381 = LINE ( 'NONE', #6586, #6321 ) ;
#4382 = CIRCLE ( 'NONE', #6381, 3.999999999999989786 ) ;
#4383 = DIRECTION ( 'NONE',  ( 0.000000000000000000, 0.000000000000000000, -1.000000000000000000 ) ) ;
#4384 = ORIENTED_EDGE ( 'NONE', *, *, #1123, .T. ) ;
#4385 = DIRECTION ( 'NONE',  ( 0.000000000000000000, -1.000000000000000000, 0.000000000000000000 ) ) ;
#4386 = CARTESIAN_POINT ( 'NONE',  ( -0.008042224640663500276, -4.991957775359336935, -46.29246587454772310 ) ) ;
#4387 = CYLINDRICAL_SURFACE ( 'NONE', #6421, 0.9999999999999995559 ) ;
#4388 = ADVANCED_FACE ( 'NONE', ( #6615 ), #1582, .T. ) ;
#4389 = TOROIDAL_SURFACE ( 'NONE', #7827, 1.000000000000000000, 4.000000000000000000 ) ;
#4390 = CARTESIAN_POINT ( 'NONE',  ( -4.517509052022924254E-17, -5.000000000000000888, -2.296251661632347840 ) ) ;
#4391 = EDGE_CURVE ( 'NONE', #7227, #6989, #3853, .T. ) ;
#4392 = DIRECTION ( 'NONE',  ( 1.000000000000000000, 0.000000000000000000, 0.000000000000000000 ) ) ;
#4393 = FACE_OUTER_BOUND ( 'NONE', #3206, .T. ) ;
#4394 = EDGE_CURVE ( 'NONE', #955, #6918, #144, .T. ) ;
#4395 = CARTESIAN_POINT ( 'NONE',  ( 0.4321793203734948796, -4.567820679626505509, -38.72657376275980567 ) ) ;
#4396 = DIRECTION ( 'NONE',  ( -0.000000000000000000, -0.000000000000000000, 1.000000000000000000 ) ) ;
#4397 = CIRCLE ( 'NONE', #5975, 1.000000000000000000 ) ;
#4398 = AXIS2_PLACEMENT_3D ( 'NONE', #4019, #2047, #2720 ) ;
#4399 = ORIENTED_EDGE ( 'NONE', *, *, #1989, .F. ) ;
#4400 = CARTESIAN_POINT ( 'NONE',  ( -0.9999999999999995559, 1.224646799147352714E-16, 0.000000000000000000 ) ) ;
#4401 = B_SPLINE_CURVE_WITH_KNOTS ( 'NONE', 3,
 ( #2454, #5006, #7737, #1609, #6575, #2637, #6662, #2002, #3830, #8101, #2501, #5233, #6037, #1960, #7287, #2671 ),
 .UNSPECIFIED., .F., .F.,
 ( 4, 2, 2, 2, 2, 2, 2, 4 ),
 ( 4.818711198524085846E-07, 0.0008765200830274246608, 0.001314539188981217813, 0.001752558294935011507, 0.002190577400888805201, 0.002628596506842598678, 0.003066615612796392155, 0.003504634718750185632 ),
 .UNSPECIFIED. ) ;
#4402 = ORIENTED_EDGE ( 'NONE', *, *, #3571, .F. ) ;
#4403 = TOROIDAL_SURFACE ( 'NONE', #6978, 1.000000000000000000, 4.000000000000001776 ) ;
#4404 = B_SPLINE_CURVE_WITH_KNOTS ( 'NONE', 3,
 ( #7267, #4588, #5252, #2479, #3191, #3809, #2568, #7126, #5159, #4543, #8659, #323 ),
 .UNSPECIFIED., .F., .F.,
 ( 4, 2, 2, 2, 2, 4 ),
 ( 0.003504634718722713250, 0.003941423334001033750, 0.004378211949279353817, 0.005251789179835994817, 0.006125366410392634950, 0.006998943640949276818 ),
 .UNSPECIFIED. ) ;
#4405 = DIRECTION ( 'NONE',  ( -0.7071067811865475727, -0.7071067811865475727, 0.000000000000000000 ) ) ;
#4406 = CARTESIAN_POINT ( 'NONE',  ( 3.671958834454343013, -1.328041165545656987, -87.25000000000000000 ) ) ;
#4407 = ADVANCED_FACE ( 'NONE', ( #1741 ), #716, .F. ) ;
#4408 = ORIENTED_EDGE ( 'NONE', *, *, #5113, .T. ) ;
#4409 = CARTESIAN_POINT ( 'NONE',  ( 0.000000000000000000, 0.000000000000000000, -106.5000000000000000 ) ) ;
#4410 = ORIENTED_EDGE ( 'NONE', *, *, #2369, .F. ) ;
#4411 = AXIS2_PLACEMENT_3D ( 'NONE', #990, #3713, #322 ) ;
#4412 = CARTESIAN_POINT ( 'NONE',  ( 0.9999999999999993339, 0.000000000000000000, -36.99999999999999289 ) ) ;
#4413 = VERTEX_POINT ( 'NONE', #7195 ) ;
#4414 = ORIENTED_EDGE ( 'NONE', *, *, #6253, .T. ) ;
#4415 = ADVANCED_FACE ( 'NONE', ( #3210 ), #281, .T. ) ;
#4416 = FACE_OUTER_BOUND ( 'NONE', #1622, .T. ) ;
#4417 = CARTESIAN_POINT ( 'NONE',  ( -0.9999999999999993339, 1.224646799147353207E-16, -80.99999999999998579 ) ) ;
#4418 = CARTESIAN_POINT ( 'NONE',  ( 0.6401341107464957325, -4.359865889253504712, -49.39874954628008652 ) ) ;
#4419 = DIRECTION ( 'NONE',  ( 1.000000000000000000, 0.000000000000000000, 0.000000000000000000 ) ) ;
#4420 = CARTESIAN_POINT ( 'NONE',  ( 0.000000000000000000, 0.000000000000000000, -16.50000000000000000 ) ) ;
#4421 = DIRECTION ( 'NONE',  ( 1.224646799147353207E-16, 1.000000000000000000, 0.000000000000000000 ) ) ;
#4422 = AXIS2_PLACEMENT_3D ( 'NONE', #4066, #617, #5910 ) ;
#4423 = B_SPLINE_CURVE_WITH_KNOTS ( 'NONE', 3,
 ( #6521, #5133, #7953, #2582, #7818, #475, #339, #1149, #8003, #5849, #7281, #7336 ),
 .UNSPECIFIED., .F., .F.,
 ( 4, 2, 2, 2, 2, 4 ),
 ( 0.003504634718750183030, 0.003941423334025066609, 0.004378211949299949321, 0.005251789179849716480, 0.006125366410399483638, 0.006998943640949250797 ),
 .UNSPECIFIED. ) ;
#4424 = CARTESIAN_POINT ( 'NONE',  ( -0.06404366728014347643, -4.935956332719856121, -8.225598134014973084 ) ) ;
#4425 = CARTESIAN_POINT ( 'NONE',  ( -1.000000000000000000, 1.224646799147353207E-16, -16.50000000000000000 ) ) ;
#4426 = DIRECTION ( 'NONE',  ( 1.000000000000000000, 0.000000000000000000, 0.000000000000000000 ) ) ;
#4427 = AXIS2_PLACEMENT_3D ( 'NONE', #173, #2990, #2274 ) ;
#4428 = EDGE_CURVE ( 'NONE', #1147, #6632, #5351, .T. ) ;
#4429 = DIRECTION ( 'NONE',  ( -1.000000000000000000, 1.224646799147352961E-16, 0.000000000000000000 ) ) ;
#4430 = DIRECTION ( 'NONE',  ( 1.000000000000000000, 0.000000000000000000, 0.000000000000000000 ) ) ;
#4431 = CARTESIAN_POINT ( 'NONE',  ( -1.000000000000000000, 1.224646799147353207E-16, -35.00000000000000000 ) ) ;
#4432 = CARTESIAN_POINT ( 'NONE',  ( 0.4915337874163398513, -4.508466212583660315, -53.39376480692352800 ) ) ;
#4433 = ORIENTED_EDGE ( 'NONE', *, *, #7211, .T. ) ;
#4434 = ORIENTED_EDGE ( 'NONE', *, *, #6947, .F. ) ;
#4435 = EDGE_LOOP ( 'NONE', ( #1092, #2522, #1356 ) ) ;
#4436 = CARTESIAN_POINT ( 'NONE',  ( 4.935408751172078112, -0.06459124882792180444, -19.22834765084402164 ) ) ;
#4437 = AXIS2_PLACEMENT_3D ( 'NONE', #1346, #4754, #5536 ) ;
#4438 = CARTESIAN_POINT ( 'NONE',  ( -3.671958834454332354, -1.328041165545667868, -4.750000000000001776 ) ) ;
#4439 = ORIENTED_EDGE ( 'NONE', *, *, #2859, .T. ) ;
#4440 = DIRECTION ( 'NONE',  ( 1.000000000000000000, 0.000000000000000000, 0.000000000000000000 ) ) ;
#4441 = EDGE_CURVE ( 'NONE', #5599, #4817, #1867, .T. ) ;
#4442 = CARTESIAN_POINT ( 'NONE',  ( 4.567820679631964254, -0.4321793203680369677, -64.27342623723035331 ) ) ;
#4443 = CARTESIAN_POINT ( 'NONE',  ( 0.000000000000000000, 0.000000000000000000, 0.000000000000000000 ) ) ;
#4444 = CIRCLE ( 'NONE', #5446, 3.904737509655567873 ) ;
#4445 = DIRECTION ( 'NONE',  ( -0.000000000000000000, -0.000000000000000000, 1.000000000000000000 ) ) ;
#4446 = CARTESIAN_POINT ( 'NONE',  ( -3.671958834454334575, -1.328041165545665425, -59.75000000000000000 ) ) ;
#4447 = CARTESIAN_POINT ( 'NONE',  ( -4.282386290039718268, -0.7176137099602820646, -75.70222873041528544 ) ) ;
#4448 = CARTESIAN_POINT ( 'NONE',  ( 0.6401341107464924018, -4.359865889253508264, -38.39874954628010073 ) ) ;
#4449 = CARTESIAN_POINT ( 'NONE',  ( 4.832344906989094468, -0.1676550930109069470, -118.6454619374091948 ) ) ;
#4450 = EDGE_CURVE ( 'NONE', #1496, #4510, #5874, .T. ) ;
#4451 = VECTOR ( 'NONE', #6331, 1000.000000000000000 ) ;
#4452 = VERTEX_POINT ( 'NONE', #6074 ) ;
#4453 = AXIS2_PLACEMENT_3D ( 'NONE', #7248, #5997, #8732 ) ;
#4454 = VERTEX_POINT ( 'NONE', #3374 ) ;
#4455 = CARTESIAN_POINT ( 'NONE',  ( 4.832344906989097133, -0.1676550930109028115, -52.64546193740919477 ) ) ;
#4456 = AXIS2_PLACEMENT_3D ( 'NONE', #2428, #6508, #412 ) ;
#4457 = EDGE_LOOP ( 'NONE', ( #3235, #1171, #6520 ) ) ;
#4458 = CIRCLE ( 'NONE', #5314, 1.999999999999998224 ) ;
#4459 = DIRECTION ( 'NONE',  ( -0.000000000000000000, -0.000000000000000000, 1.000000000000000000 ) ) ;
#4460 = CARTESIAN_POINT ( 'NONE',  ( 4.686141179201310791, -0.3138588207986893752, -80.53467868775797456 ) ) ;
#4461 = ORIENTED_EDGE ( 'NONE', *, *, #8522, .F. ) ;
#4462 = ADVANCED_FACE ( 'NONE', ( #4141 ), #2721, .T. ) ;
#4463 = CARTESIAN_POINT ( 'NONE',  ( 2.668153783851045144E-17, -5.000000000000000000, -7.352742792112993087 ) ) ;
#4464 = ORIENTED_EDGE ( 'NONE', *, *, #7302, .F. ) ;
#4465 = TOROIDAL_SURFACE ( 'NONE', #6038, 1.000000000000000000, 3.999999999999996447 ) ;
#4466 = TOROIDAL_SURFACE ( 'NONE', #1174, 1.000000000000000000, 4.000000000000000000 ) ;
#4467 = EDGE_CURVE ( 'NONE', #5173, #4770, #6513, .T. ) ;
#4468 = FACE_OUTER_BOUND ( 'NONE', #2893, .T. ) ;
#4469 = EDGE_LOOP ( 'NONE', ( #1981, #3864, #442 ) ) ;
#4470 = ORIENTED_EDGE ( 'NONE', *, *, #4341, .F. ) ;
#4471 = CARTESIAN_POINT ( 'NONE',  ( 0.1676550930162027386, -4.832344906983796484, -33.85453806257385878 ) ) ;
#4472 = CARTESIAN_POINT ( 'NONE',  ( 0.03305267957215303476, -4.966947320427848034, -122.4105415424376133 ) ) ;
#4473 = DIRECTION ( 'NONE',  ( 1.000000000000000000, 0.000000000000000000, 0.000000000000000000 ) ) ;
#4474 = CARTESIAN_POINT ( 'NONE',  ( 5.000000000000000000, 0.000000000000000000, -123.0000000000000000 ) ) ;
#4475 = CIRCLE ( 'NONE', #6183, 4.000000000000000000 ) ;
#4476 = CARTESIAN_POINT ( 'NONE',  ( -4.960065625082965113, -0.03993437491703619863, -89.41868978647573840 ) ) ;
#4477 = CARTESIAN_POINT ( 'NONE',  ( 1.000000000000000000, 0.000000000000000000, -16.50000000000000000 ) ) ;
#4478 = CARTESIAN_POINT ( 'NONE',  ( 5.000000000000285105, 2.855686632286915929E-13, -35.00000000000021316 ) ) ;
#4479 = CARTESIAN_POINT ( 'NONE',  ( 0.000000000000000000, 0.000000000000000000, -70.75000000000000000 ) ) ;
#4480 = TOROIDAL_SURFACE ( 'NONE', #5038, 1.000000000000000000, 3.999999999999996447 ) ;
#4481 = CARTESIAN_POINT ( 'NONE',  ( -4.686141179201315232, -0.3138588207986845457, -42.03467868775799587 ) ) ;
#4482 = CARTESIAN_POINT ( 'NONE',  ( 0.06404366727607954668, -4.935956332723921314, -112.7255981339934436 ) ) ;
#4483 = CARTESIAN_POINT ( 'NONE',  ( -0.03993437491706836040, -4.960065625082929586, -74.08131021352447476 ) ) ;
#4484 = CARTESIAN_POINT ( 'NONE',  ( 0.000000000000000000, 0.000000000000000000, -56.99999999999999289 ) ) ;
#4485 = ORIENTED_EDGE ( 'NONE', *, *, #8623, .T. ) ;
#4486 = ORIENTED_EDGE ( 'NONE', *, *, #7099, .T. ) ;
#4487 = ORIENTED_EDGE ( 'NONE', *, *, #666, .T. ) ;
#4488 = CARTESIAN_POINT ( 'NONE',  ( 1.000000000000000000, 0.000000000000000000, -68.00000000000000000 ) ) ;
#4489 = AXIS2_PLACEMENT_3D ( 'NONE', #2444, #2390, #5129 ) ;
#4490 = EDGE_CURVE ( 'NONE', #5678, #8680, #8121, .T. ) ;
#4491 = CARTESIAN_POINT ( 'NONE',  ( 4.508466212578270849, -0.4915337874217298730, -44.10623519306795259 ) ) ;
#4492 = ORIENTED_EDGE ( 'NONE', *, *, #1317, .T. ) ;
#4493 = CARTESIAN_POINT ( 'NONE',  ( -0.4321793203734997091, -4.567820679626501068, -99.22657376275984120 ) ) ;
#4494 = CARTESIAN_POINT ( 'NONE',  ( 4.041784260359807313, -0.9582157396401936866, -93.02377465029930192 ) ) ;
#4495 = DIRECTION ( 'NONE',  ( -0.000000000000000000, -0.000000000000000000, 1.000000000000000000 ) ) ;
#4496 = CARTESIAN_POINT ( 'NONE',  ( -0.4970895171227269205, -4.502910482877275022, -3.886092419263466269 ) ) ;
#4497 = CARTESIAN_POINT ( 'NONE',  ( -4.502552532152132692, -0.4974474678478675860, -58.88672757692825144 ) ) ;
#4498 = CARTESIAN_POINT ( 'NONE',  ( 0.7176137099645977235, -4.282386290035401721, -104.2977712695794423 ) ) ;
#4499 = CARTESIAN_POINT ( 'NONE',  ( 0.000000000000000000, 0.000000000000000000, -103.7500000000000000 ) ) ;
#4500 = CARTESIAN_POINT ( 'NONE',  ( 4.282386290039718268, -0.7176137099602819536, -119.7022287304152712 ) ) ;
#4501 = ORIENTED_EDGE ( 'NONE', *, *, #5988, .T. ) ;
#4502 = ORIENTED_EDGE ( 'NONE', *, *, #18, .T. ) ;
#4503 = CARTESIAN_POINT ( 'NONE',  ( 0.000000000000000000, 0.000000000000000000, -106.5000000000000000 ) ) ;
#4504 = EDGE_LOOP ( 'NONE', ( #6060, #3355, #8750 ) ) ;
#4505 = CARTESIAN_POINT ( 'NONE',  ( 0.06404366727605249887, -4.935956332723947071, -107.2255981339933015 ) ) ;
#4506 = CARTESIAN_POINT ( 'NONE',  ( -0.6401341107417209964, -4.359865889258278671, -71.39874954628656667 ) ) ;
#4507 = ORIENTED_EDGE ( 'NONE', *, *, #3600, .F. ) ;
#4508 =( NAMED_UNIT ( * ) SI_UNIT ( $, .STERADIAN. ) SOLID_ANGLE_UNIT ( ) );
#4509 = ORIENTED_EDGE ( 'NONE', *, *, #8642, .F. ) ;
#4510 = VERTEX_POINT ( 'NONE', #8848 ) ;
#4511 = ORIENTED_EDGE ( 'NONE', *, *, #5776, .F. ) ;
#4512 = CARTESIAN_POINT ( 'NONE',  ( 0.3138588208042982219, -4.686141179195703721, -33.46532131222954831 ) ) ;
#4513 = CARTESIAN_POINT ( 'NONE',  ( 0.4915337874217810543, -4.508466212578221111, -20.39376480693212201 ) ) ;
#4514 = ADVANCED_FACE ( 'NONE', ( #5487 ), #8766, .F. ) ;
#4515 = CARTESIAN_POINT ( 'NONE',  ( -1.328041165545656765, -3.671958834454343013, -98.24999999999998579 ) ) ;
#4516 = CARTESIAN_POINT ( 'NONE',  ( -1.000000000000000000, 1.224646799147353207E-16, -40.50000000000000711 ) ) ;
#4517 = CARTESIAN_POINT ( 'NONE',  ( -3.862796825714239546, -1.137203174285761786, -87.37100116288260665 ) ) ;
#4518 = EDGE_CURVE ( 'NONE', #7249, #7332, #205, .T. ) ;
#4519 = ADVANCED_FACE ( 'NONE', ( #5526 ), #4740, .F. ) ;
#4520 = DIRECTION ( 'NONE',  ( 0.000000000000000000, -1.000000000000000000, 0.000000000000000000 ) ) ;
#4521 = CARTESIAN_POINT ( 'NONE',  ( -0.9999999999999993339, 1.224646799147353207E-16, -53.49999999999999289 ) ) ;
#4522 = EDGE_CURVE ( 'NONE', #6292, #2070, #5879, .T. ) ;
#4523 = B_SPLINE_CURVE_WITH_KNOTS ( 'NONE', 3,
 ( #27, #1384, #1475, #4871, #3601, #2766, #2082, #745, #7606, #6965, #8357, #3475, #6207, #4195, #5576, #6928 ),
 .UNSPECIFIED., .F., .F.,
 ( 4, 2, 2, 2, 2, 2, 2, 4 ),
 ( 4.818711198541903184E-07, 0.0008765200830275022897, 0.001314539188981327317, 0.001752558294935152019, 0.002190577400888976938, 0.002628596506842801640, 0.003066615612796626342, 0.003504634718750451478 ),
 .UNSPECIFIED. ) ;
#4524 = CARTESIAN_POINT ( 'NONE',  ( 0.000000000000000000, 0.000000000000000000, -62.50000000000000000 ) ) ;
#4525 = B_SPLINE_CURVE_WITH_KNOTS ( 'NONE', 3,
 ( #2132, #4241, #6937, #6974, #2089, #6303, #1482, #2939, #4835, #2219, #7566, #1436, #833, #7692, #4154, #3609 ),
 .UNSPECIFIED., .F., .F.,
 ( 4, 2, 2, 2, 2, 2, 2, 4 ),
 ( 4.818711198711949284E-07, 0.0008765200830275186612, 0.001314539188981343146, 0.001752558294935167632, 0.002190577400888992117, 0.002628596506842816819, 0.003066615612796641088, 0.003504634718750465790 ),
 .UNSPECIFIED. ) ;
#4526 = CARTESIAN_POINT ( 'NONE',  ( -4.935408751172076336, -0.06459124882792278977, -107.2283476508440287 ) ) ;
#4527 = FACE_OUTER_BOUND ( 'NONE', #3464, .T. ) ;
#4528 = EDGE_CURVE ( 'NONE', #1780, #8688, #8871, .T. ) ;
#4529 = CARTESIAN_POINT ( 'NONE',  ( 0.9999999999999995559, 0.000000000000000000, 0.000000000000000000 ) ) ;
#4530 = CARTESIAN_POINT ( 'NONE',  ( 0.000000000000000000, 0.000000000000000000, -117.5000000000000000 ) ) ;
#4531 = ORIENTED_EDGE ( 'NONE', *, *, #2963, .F. ) ;
#4532 = ORIENTED_EDGE ( 'NONE', *, *, #7422, .F. ) ;
#4533 = VERTEX_POINT ( 'NONE', #3144 ) ;
#4534 = CARTESIAN_POINT ( 'NONE',  ( 0.000000000000000000, 0.000000000000000000, -131.9999999999999716 ) ) ;
#4535 = CARTESIAN_POINT ( 'NONE',  ( 4.748219996434699830, -0.2517800035652998925, -44.59116362763014507 ) ) ;
#4536 = VERTEX_POINT ( 'NONE', #103 ) ;
#4537 = DIRECTION ( 'NONE',  ( 1.224646799147353207E-16, 1.000000000000000000, 0.000000000000000000 ) ) ;
#4538 = CARTESIAN_POINT ( 'NONE',  ( 3.671958834454343013, -1.328041165545656987, -92.74999999999998579 ) ) ;
#4539 = DIRECTION ( 'NONE',  ( 1.000000000000000000, 0.000000000000000000, 0.000000000000000000 ) ) ;
#4540 = DIRECTION ( 'NONE',  ( 1.000000000000000000, 0.000000000000000000, 0.000000000000000000 ) ) ;
#4541 = EDGE_LOOP ( 'NONE', ( #5388, #7584, #7725, #3822 ) ) ;
#4542 = AXIS2_PLACEMENT_3D ( 'NONE', #1736, #3067, #5756 ) ;
#4543 = CARTESIAN_POINT ( 'NONE',  ( -0.9582157396373111036, -4.041784260362688563, -108.9762253496981828 ) ) ;
#4544 = DIRECTION ( 'NONE',  ( -0.000000000000000000, -0.000000000000000000, 1.000000000000000000 ) ) ;
#4545 = CARTESIAN_POINT ( 'NONE',  ( -0.008042224640654392978, -4.991957775359346705, -79.29246587454755968 ) ) ;
#4546 = ORIENTED_EDGE ( 'NONE', *, *, #7484, .T. ) ;
#4547 = ORIENTED_EDGE ( 'NONE', *, *, #8570, .F. ) ;
#4548 = AXIS2_PLACEMENT_3D ( 'NONE', #244, #3604, #2352 ) ;
#4549 = CARTESIAN_POINT ( 'NONE',  ( 0.000000000000000000, 0.000000000000000000, -54.25000000000000000 ) ) ;
#4550 = EDGE_CURVE ( 'NONE', #5476, #3332, #5008, .T. ) ;
#4551 = EDGE_LOOP ( 'NONE', ( #2791, #8081, #7846, #1627, #3636, #6015 ) ) ;
#4552 = CARTESIAN_POINT ( 'NONE',  ( 4.832344906989094468, -0.1676550930109069470, -74.64546193740920899 ) ) ;
#4553 = CARTESIAN_POINT ( 'NONE',  ( 0.9999999999999995559, 0.000000000000000000, 0.000000000000000000 ) ) ;
#4554 = VERTEX_POINT ( 'NONE', #5570 ) ;
#4555 = CIRCLE ( 'NONE', #2394, 4.000000000000003553 ) ;
#4556 = TOROIDAL_SURFACE ( 'NONE', #7092, 1.000000000000000000, 1.999999999999994893 ) ;
#4557 = ORIENTED_EDGE ( 'NONE', *, *, #8550, .T. ) ;
#4558 = ORIENTED_EDGE ( 'NONE', *, *, #5182, .F. ) ;
#4559 = CIRCLE ( 'NONE', #4844, 1.999999999999994893 ) ;
#4560 = CARTESIAN_POINT ( 'NONE',  ( 1.000000000000000000, 0.000000000000000000, -40.50000000000000711 ) ) ;
#4561 = DIRECTION ( 'NONE',  ( -0.000000000000000000, -0.000000000000000000, 1.000000000000000000 ) ) ;
#4562 = CARTESIAN_POINT ( 'NONE',  ( 4.041784260359803760, -0.9582157396401965732, -5.023774650299318800 ) ) ;
#4563 = CARTESIAN_POINT ( 'NONE',  ( -1.000000000000000000, 1.224646799147353207E-16, -2.000000000000000000 ) ) ;
#4564 = DIRECTION ( 'NONE',  ( 1.000000000000000000, 0.000000000000000000, 0.000000000000000000 ) ) ;
#4565 = AXIS2_PLACEMENT_3D ( 'NONE', #8109, #7173, #1352 ) ;
#4566 = CARTESIAN_POINT ( 'NONE',  ( 1.255726344304499020E-16, -5.000000000000000888, -12.85274279211299664 ) ) ;
#4567 = ADVANCED_FACE ( 'NONE', ( #8306 ), #4873, .T. ) ;
#4568 = CARTESIAN_POINT ( 'NONE',  ( 4.040089233413049818, -0.9599107665869508477, -31.97763427936023461 ) ) ;
#4569 = CARTESIAN_POINT ( 'NONE',  ( -4.959369330385075436, -0.04063066961492567408, -41.08613448345569452 ) ) ;
#4570 = CARTESIAN_POINT ( 'NONE',  ( 0.000000000000000000, 0.000000000000000000, -40.50000000000000711 ) ) ;
#4571 = CIRCLE ( 'NONE', #1284, 0.9999999999999993339 ) ;
#4572 = CARTESIAN_POINT ( 'NONE',  ( 3.671958834454343013, -1.328041165545656987, -109.2499999999999858 ) ) ;
#4573 = CARTESIAN_POINT ( 'NONE',  ( 0.9599107665869243133, -4.040089233413073799, -115.0223657206397263 ) ) ;
#4574 = EDGE_LOOP ( 'NONE', ( #415, #7278, #2602 ) ) ;
#4575 = EDGE_LOOP ( 'NONE', ( #2447, #4166, #6317, #3544 ) ) ;
#4576 = VERTEX_POINT ( 'NONE', #3005 ) ;
#4577 = CARTESIAN_POINT ( 'NONE',  ( 3.671958834454332354, -1.328041165545667868, -4.750000000000001776 ) ) ;
#4578 = CARTESIAN_POINT ( 'NONE',  ( -4.366408635906905644, -0.6335913640930944668, -5.393800448835985861 ) ) ;
#4579 = EDGE_CURVE ( 'NONE', #3278, #3417, #7457, .T. ) ;
#4580 = ORIENTED_EDGE ( 'NONE', *, *, #7020, .T. ) ;
#4581 = AXIS2_PLACEMENT_3D ( 'NONE', #627, #7495, #4885 ) ;
#4582 = CARTESIAN_POINT ( 'NONE',  ( -0.04063066961830674034, -4.959369330381694141, -100.4138655165220513 ) ) ;
#4583 = CARTESIAN_POINT ( 'NONE',  ( -4.739038523920171997, -0.2609614760798291133, -3.409635791902251967 ) ) ;
#4584 = EDGE_CURVE ( 'NONE', #5225, #6538, #5763, .T. ) ;
#4585 = CARTESIAN_POINT ( 'NONE',  ( 0.000000000000000000, -5.000000000000000000, -100.9999999999722036 ) ) ;
#4586 = CARTESIAN_POINT ( 'NONE',  ( 0.000000000000000000, 0.000000000000000000, -68.00000000000000000 ) ) ;
#4587 = TOROIDAL_SURFACE ( 'NONE', #5151, 1.000000000000000000, 4.000000000000000000 ) ;
#4588 = CARTESIAN_POINT ( 'NONE',  ( 1.023923072794151746E-12, -5.000000000001025846, -106.6468435304219469 ) ) ;
#4589 = CARTESIAN_POINT ( 'NONE',  ( -4.567820679631958924, -0.4321793203680420192, -9.273426237230360414 ) ) ;
#4590 = DIRECTION ( 'NONE',  ( -0.000000000000000000, -0.000000000000000000, 1.000000000000000000 ) ) ;
#4591 = ORIENTED_EDGE ( 'NONE', *, *, #8344, .T. ) ;
#4592 = EDGE_CURVE ( 'NONE', #8510, #5442, #579, .T. ) ;
#4593 = ORIENTED_EDGE ( 'NONE', *, *, #3353, .F. ) ;
#4594 = AXIS2_PLACEMENT_3D ( 'NONE', #7470, #3420, #6159 ) ;
#4595 = FACE_OUTER_BOUND ( 'NONE', #952, .T. ) ;
#4596 = ORIENTED_EDGE ( 'NONE', *, *, #8343, .T. ) ;
#4597 = CARTESIAN_POINT ( 'NONE',  ( 4.872131520502826163, -0.1278684794971743088, -74.50740203054003530 ) ) ;
#4598 = DIRECTION ( 'NONE',  ( -0.000000000000000000, -0.000000000000000000, 1.000000000000000000 ) ) ;
#4599 = TOROIDAL_SURFACE ( 'NONE', #723, 1.000000000000000000, 1.999999999999994893 ) ;
#4600 = TOROIDAL_SURFACE ( 'NONE', #6024, 1.000000000000000000, 3.999999999999999112 ) ;
#4601 = ADVANCED_FACE ( 'NONE', ( #1084 ), #1306, .T. ) ;
#4602 = APPROVAL_ROLE ( '' ) ;
#4603 = ORIENTED_EDGE ( 'NONE', *, *, #3563, .F. ) ;
#4604 = AXIS2_PLACEMENT_3D ( 'NONE', #3492, #6227, #1573 ) ;
#4605 = TOROIDAL_SURFACE ( 'NONE', #8177, 1.000000000000000000, 4.000000000000000000 ) ;
#4606 = CARTESIAN_POINT ( 'NONE',  ( -0.06404366727607974097, -4.935956332723921314, -68.72559813399347206 ) ) ;
#4607 = CARTESIAN_POINT ( 'NONE',  ( 0.1678070597022619515, -4.832192940297739270, -121.8540520940311609 ) ) ;
#4608 = CARTESIAN_POINT ( 'NONE',  ( 3.671958834454332354, -1.328041165545667868, -4.750000000000001776 ) ) ;
#4609 = DIRECTION ( 'NONE',  ( -0.000000000000000000, -0.000000000000000000, 1.000000000000000000 ) ) ;
#4610 = CARTESIAN_POINT ( 'NONE',  ( 0.000000000000000000, 0.000000000000000000, -122.9999999999999716 ) ) ;
#4611 = AXIS2_PLACEMENT_3D ( 'NONE', #5150, #5201, #7932 ) ;
#4612 = TOROIDAL_SURFACE ( 'NONE', #1028, 1.000000000000000000, 4.000000000000000000 ) ;
#4613 = CARTESIAN_POINT ( 'NONE',  ( -0.7176137099602469815, -4.282386290039752907, -60.29777126958475009 ) ) ;
#4614 = ORIENTED_EDGE ( 'NONE', *, *, #606, .F. ) ;
#4615 = CARTESIAN_POINT ( 'NONE',  ( 4.282386290039717380, -0.7176137099602828417, -31.70222873041527478 ) ) ;
#4616 = CARTESIAN_POINT ( 'NONE',  ( -3.863136006094630481, -1.136863993905370185, -43.12878377920270623 ) ) ;
#4617 = DIRECTION ( 'NONE',  ( 1.000000000000000000, 0.000000000000000000, 0.000000000000000000 ) ) ;
#4618 = CIRCLE ( 'NONE', #8327, 3.904737509655565209 ) ;
#4619 = CIRCLE ( 'NONE', #5748, 1.999999999999988010 ) ;
#4620 = CARTESIAN_POINT ( 'NONE',  ( -4.508466212578267296, -0.4915337874217329261, -33.10623519306795259 ) ) ;
#4621 = DIRECTION ( 'NONE',  ( 1.000000000000000000, 0.000000000000000000, 0.000000000000000000 ) ) ;
#4622 = ORIENTED_EDGE ( 'NONE', *, *, #2611, .T. ) ;
#4623 = B_SPLINE_CURVE_WITH_KNOTS ( 'NONE', 3,
 ( #4662, #1832, #6533, #6625, #4482, #390, #5329, #1253, #3130, #1750, #2550, #7881 ),
 .UNSPECIFIED., .F., .F.,
 ( 4, 2, 2, 2, 2, 4 ),
 ( 0.003504634718722942233, 0.003941423334001238447, 0.004378211949279535095, 0.005251789179836127523, 0.006125366410392719951, 0.006998943640949313247 ),
 .UNSPECIFIED. ) ;
#4624 = ORIENTED_EDGE ( 'NONE', *, *, #7798, .T. ) ;
#4625 = DIRECTION ( 'NONE',  ( 1.224646799147353207E-16, 1.000000000000000000, 0.000000000000000000 ) ) ;
#4626 = DIRECTION ( 'NONE',  ( -0.000000000000000000, -0.000000000000000000, 1.000000000000000000 ) ) ;
#4627 = CIRCLE ( 'NONE', #612, 1.000000000000000000 ) ;
#4628 = ORIENTED_EDGE ( 'NONE', *, *, #7679, .F. ) ;
#4629 = CARTESIAN_POINT ( 'NONE',  ( -0.1676550930162088171, -4.832344906983790267, -99.85453806257386589 ) ) ;
#4630 = B_SPLINE_CURVE_WITH_KNOTS ( 'NONE', 3,
 ( #1768, #3763, #1807, #4447, #5831, #2519, #8613, #2379, #8565, #364, #1086, #411, #8035, #991, #2427, #7174 ),
 .UNSPECIFIED., .F., .F.,
 ( 4, 2, 2, 2, 2, 2, 2, 4 ),
 ( 4.818711198664599083E-07, 0.0008765200830274455859, 0.001314539188981235160, 0.001752558294935024734, 0.002190577400888814308, 0.002628596506842603882, 0.003066615612796393456, 0.003504634718750183030 ),
 .UNSPECIFIED. ) ;
#4631 = CARTESIAN_POINT ( 'NONE',  ( -4.502401288914176902, -0.4975987110858216544, -3.886975369893182375 ) ) ;
#4632 = CARTESIAN_POINT ( 'NONE',  ( 0.000000000000000000, 0.000000000000000000, -46.00000000000000000 ) ) ;
#4633 = CARTESIAN_POINT ( 'NONE',  ( -5.000000000000285105, 2.853348811012736403E-13, -29.50000000000020961 ) ) ;
#4634 = EDGE_LOOP ( 'NONE', ( #8287, #3500, #1757, #6563, #5241, #2976 ) ) ;
#4635 = AXIS2_PLACEMENT_3D ( 'NONE', #7865, #6422, #3775 ) ;
#4636 = ADVANCED_FACE ( 'NONE', ( #8562 ), #7009, .F. ) ;
#4637 = CARTESIAN_POINT ( 'NONE',  ( -1.000000000000000000, 1.224646799147353207E-16, -44.00000000000000000 ) ) ;
#4638 = DIRECTION ( 'NONE',  ( 1.000000000000000000, 0.000000000000000000, 0.000000000000000000 ) ) ;
#4639 = DIRECTION ( 'NONE',  ( 1.224646799147353207E-16, 1.000000000000000000, 0.000000000000000000 ) ) ;
#4640 = EDGE_CURVE ( 'NONE', #4323, #5348, #6457, .T. ) ;
#4641 = ORIENTED_EDGE ( 'NONE', *, *, #3201, .F. ) ;
#4642 = ORIENTED_EDGE ( 'NONE', *, *, #6319, .T. ) ;
#4643 = CARTESIAN_POINT ( 'NONE',  ( 0.000000000000000000, 0.000000000000000000, -59.75000000000000000 ) ) ;
#4644 = CARTESIAN_POINT ( 'NONE',  ( -0.4975987110858134388, -4.502401288914187560, -121.1130246301068212 ) ) ;
#4645 = B_SPLINE_CURVE_WITH_KNOTS ( 'NONE', 3,
 ( #7077, #3056, #6953, #2478, #576, #6768, #5377, #6129, #3100, #6805, #5830, #8862, #4759, #2680, #8780, #3351 ),
 .UNSPECIFIED., .F., .F.,
 ( 4, 2, 2, 2, 2, 2, 2, 4 ),
 ( 4.818711198574991468E-07, 0.0008765200830206172807, 0.001314539188970997039, 0.001752558294921377014, 0.002190577400871756772, 0.002628596506822136313, 0.003066615612772516288, 0.003504634718722896263 ),
 .UNSPECIFIED. ) ;
#4646 = ORIENTED_EDGE ( 'NONE', *, *, #2233, .T. ) ;
#4647 = ADVANCED_FACE ( 'NONE', ( #3761 ), #6504, .F. ) ;
#4648 = CARTESIAN_POINT ( 'NONE',  ( -0.06459124883191531830, -4.935408751168084862, -89.27165234913491076 ) ) ;
#4649 = CARTESIAN_POINT ( 'NONE',  ( 4.567820679631958924, -0.4321793203680420747, -80.77342623723035331 ) ) ;
#4650 = CARTESIAN_POINT ( 'NONE',  ( 0.000000000000000000, 0.000000000000000000, 0.000000000000000000 ) ) ;
#4651 = ORIENTED_EDGE ( 'NONE', *, *, #951, .F. ) ;
#4652 = CARTESIAN_POINT ( 'NONE',  ( 1.000000000000000000, 0.000000000000000000, -84.50000000000000000 ) ) ;
#4653 = CARTESIAN_POINT ( 'NONE',  ( 1.137203174285776219, -3.862796825714224447, -21.12899883711745375 ) ) ;
#4654 = FACE_OUTER_BOUND ( 'NONE', #3086, .T. ) ;
#4655 = CARTESIAN_POINT ( 'NONE',  ( 3.863136006094624708, -1.136863993905376402, -59.62878377920271333 ) ) ;
#4656 = CARTESIAN_POINT ( 'NONE',  ( -4.282386290039717380, -0.7176137099602835079, -31.70222873041527478 ) ) ;
#4657 = CARTESIAN_POINT ( 'NONE',  ( 1.000000000000000000, 0.000000000000000000, -44.00000000000000000 ) ) ;
#4658 = CARTESIAN_POINT ( 'NONE',  ( -0.4321793203679918927, -4.567820679632005998, -60.72657376276972485 ) ) ;
#4659 = EDGE_LOOP ( 'NONE', ( #8581, #7233, #4970, #2694 ) ) ;
#4660 = CARTESIAN_POINT ( 'NONE',  ( 0.4915337874163392407, -4.508466212583661203, -86.39376480692351379 ) ) ;
#4661 = CARTESIAN_POINT ( 'NONE',  ( -5.000000000000281553, 2.811725620256466210E-13, -106.5000000000001990 ) ) ;
#4662 = CARTESIAN_POINT ( 'NONE',  ( 0.000000000000000000, -5.000000000000000000, -111.9999999999722036 ) ) ;
#4663 = CARTESIAN_POINT ( 'NONE',  ( -5.000000000000285105, 2.853331553957207015E-13, -35.00000000000021316 ) ) ;
#4664 = CARTESIAN_POINT ( 'NONE',  ( 1.136863993905362191, -3.863136006094638031, -114.8712162207972938 ) ) ;
#4665 = ORIENTED_EDGE ( 'NONE', *, *, #7141, .T. ) ;
#4666 = CARTESIAN_POINT ( 'NONE',  ( -4.872131520502827939, -0.1278684794971709504, -58.00740203053999977 ) ) ;
#4667 = ORIENTED_EDGE ( 'NONE', *, *, #3418, .T. ) ;
#4668 = CARTESIAN_POINT ( 'NONE',  ( 4.359730172326965025, -0.6402698276730349747, -4.101434051222929256 ) ) ;
#4669 = CARTESIAN_POINT ( 'NONE',  ( 4.935956332719889872, -0.06404366728011023913, -100.2744018659852259 ) ) ;
#4670 = EDGE_LOOP ( 'NONE', ( #2195, #7667, #928 ) ) ;
#4671 = DIRECTION ( 'NONE',  ( -0.000000000000000000, -0.000000000000000000, 1.000000000000000000 ) ) ;
#4672 = DIRECTION ( 'NONE',  ( 1.000000000000000000, 0.000000000000000000, 0.000000000000000000 ) ) ;
#4673 = ADVANCED_FACE ( 'NONE', ( #3806 ), #8022, .T. ) ;
#4674 = CARTESIAN_POINT ( 'NONE',  ( 0.4974474678531454752, -4.502552532146855135, -99.11327242306309415 ) ) ;
#4675 = FACE_OUTER_BOUND ( 'NONE', #5289, .T. ) ;
#4676 = ORIENTED_EDGE ( 'NONE', *, *, #5444, .F. ) ;
#4677 = CARTESIAN_POINT ( 'NONE',  ( 0.000000000000000000, 0.000000000000000000, -112.0000000000000000 ) ) ;
#4678 = CARTESIAN_POINT ( 'NONE',  ( 0.000000000000000000, 0.000000000000000000, -114.7499999999999858 ) ) ;
#4679 = ORIENTED_EDGE ( 'NONE', *, *, #4861, .T. ) ;
#4680 = ORIENTED_EDGE ( 'NONE', *, *, #7594, .F. ) ;
#4681 = ADVANCED_FACE ( 'NONE', ( #6094 ), #8168, .F. ) ;
#4682 = CARTESIAN_POINT ( 'NONE',  ( 0.2608011983036406800, -4.739198801696359986, -66.59076228219167604 ) ) ;
#4683 = CARTESIAN_POINT ( 'NONE',  ( -1.000000000000000000, 1.224646799147353207E-16, -29.50000000000000355 ) ) ;
#4684 = ADVANCED_FACE ( 'NONE', ( #3900 ), #3161, .F. ) ;
#4685 = CIRCLE ( 'NONE', #5962, 4.000000000000000000 ) ;
#4686 = ADVANCED_FACE ( 'NONE', ( #1130 ), #3297, .T. ) ;
#4687 = ORIENTED_EDGE ( 'NONE', *, *, #8445, .T. ) ;
#4688 = DIRECTION ( 'NONE',  ( 1.000000000000000000, 0.000000000000000000, 0.000000000000000000 ) ) ;
#4689 = CARTESIAN_POINT ( 'NONE',  ( -0.9599107665897081976, -4.040089233410292024, -43.52236572063742415 ) ) ;
#4690 = TOROIDAL_SURFACE ( 'NONE', #6964, 1.000000000000000000, 3.999999999999996447 ) ;
#4691 = ORIENTED_EDGE ( 'NONE', *, *, #3242, .T. ) ;
#4692 = EDGE_CURVE ( 'NONE', #3704, #2972, #4294, .T. ) ;
#4693 = ORIENTED_EDGE ( 'NONE', *, *, #6008, .F. ) ;
#4694 = CARTESIAN_POINT ( 'NONE',  ( 3.862796825714234661, -1.137203174285766227, -32.37100116288254981 ) ) ;
#4695 = EDGE_CURVE ( 'NONE', #2255, #501, #3573, .T. ) ;
#4696 = CARTESIAN_POINT ( 'NONE',  ( -4.840676868219842888, -0.1593231317801557245, -83.35321941568363968 ) ) ;
#4697 = AXIS2_PLACEMENT_3D ( 'NONE', #6301, #5498, #5582 ) ;
#4698 = CARTESIAN_POINT ( 'NONE',  ( -0.04063066961489979895, -4.959369330385099417, -116.9138655165445186 ) ) ;
#4699 = FACE_OUTER_BOUND ( 'NONE', #6289, .T. ) ;
#4700 = ORIENTED_EDGE ( 'NONE', *, *, #8796, .F. ) ;
#4701 = B_SPLINE_CURVE_WITH_KNOTS ( 'NONE', 3,
 ( #6255, #4920, #4797, #8274, #7523, #5583, #3388, #72, #7565, #2131, #4834, #3433, #1521, #1388, #6766, #8150 ),
 .UNSPECIFIED., .F., .F.,
 ( 4, 2, 2, 2, 2, 2, 2, 4 ),
 ( 4.818711198530449181E-07, 0.0008765200830274260703, 0.001314539188981219547, 0.001752558294935013241, 0.002190577400888806502, 0.002628596506842600412, 0.003066615612796393456, 0.003504634718750187367 ),
 .UNSPECIFIED. ) ;
#4702 = CARTESIAN_POINT ( 'NONE',  ( -0.6335913640931327695, -4.366408635906868341, -119.6061995511640674 ) ) ;
#4703 = FACE_OUTER_BOUND ( 'NONE', #8689, .T. ) ;
#4704 = CARTESIAN_POINT ( 'NONE',  ( 3.671958834454339016, -1.328041165545661206, -15.75000000000000000 ) ) ;
#4705 = EDGE_CURVE ( 'NONE', #4948, #5577, #2731, .T. ) ;
#4706 = CIRCLE ( 'NONE', #3970, 2.000000000000001776 ) ;
#4707 = CIRCLE ( 'NONE', #2831, 1.999999999999994893 ) ;
#4708 = CARTESIAN_POINT ( 'NONE',  ( 1.033943472560162244E-12, -4.999999999998966160, -89.85274279208600490 ) ) ;
#4709 = DIRECTION ( 'NONE',  ( -0.000000000000000000, -0.000000000000000000, 1.000000000000000000 ) ) ;
#4710 = CARTESIAN_POINT ( 'NONE',  ( -5.000000000000000000, 0.000000000000000000, 8.000000000000007105 ) ) ;
#4711 = CARTESIAN_POINT ( 'NONE',  ( 0.3138588207986399148, -4.686141179201358753, -115.9653213122421391 ) ) ;
#4712 = DIRECTION ( 'NONE',  ( -0.000000000000000000, -0.000000000000000000, 1.000000000000000000 ) ) ;
#4713 = AXIS2_PLACEMENT_3D ( 'NONE', #2170, #8180, #2040 ) ;
#4714 = DIRECTION ( 'NONE',  ( -0.000000000000000000, -0.000000000000000000, 1.000000000000000000 ) ) ;
#4715 = CARTESIAN_POINT ( 'NONE',  ( 3.671958834454343013, -1.328041165545656987, -98.24999999999998579 ) ) ;
#4716 = ORIENTED_EDGE ( 'NONE', *, *, #2870, .T. ) ;
#4717 = EDGE_CURVE ( 'NONE', #6340, #5158, #3711, .T. ) ;
#4718 = CARTESIAN_POINT ( 'NONE',  ( -4.502552532152134468, -0.4974474678478655321, -69.88672757692823723 ) ) ;
#4719 = AXIS2_PLACEMENT_3D ( 'NONE', #8234, #8365, #3559 ) ;
#4720 = CARTESIAN_POINT ( 'NONE',  ( 0.000000000000000000, 0.000000000000000000, -35.00000000000000000 ) ) ;
#4721 = CARTESIAN_POINT ( 'NONE',  ( -1.000000000000000000, 1.224646799147353207E-16, -62.50000000000000000 ) ) ;
#4722 = DIRECTION ( 'NONE',  ( -0.000000000000000000, -0.000000000000000000, 1.000000000000000000 ) ) ;
#4723 = VERTEX_POINT ( 'NONE', #3231 ) ;
#4724 = ORIENTED_EDGE ( 'NONE', *, *, #8734, .T. ) ;
#4725 = CARTESIAN_POINT ( 'NONE',  ( 0.000000000000000000, 0.000000000000000000, -91.99999999999998579 ) ) ;
#4726 = AXIS2_PLACEMENT_3D ( 'NONE', #1163, #3888, #6084 ) ;
#4727 = DIRECTION ( 'NONE',  ( -0.000000000000000000, -0.000000000000000000, 1.000000000000000000 ) ) ;
#4728 = EDGE_LOOP ( 'NONE', ( #8167, #3977, #8653 ) ) ;
#4729 = ORIENTED_EDGE ( 'NONE', *, *, #6564, .F. ) ;
#4730 = DIRECTION ( 'NONE',  ( -0.000000000000000000, -0.000000000000000000, 1.000000000000000000 ) ) ;
#4731 = DIRECTION ( 'NONE',  ( -0.000000000000000000, -0.000000000000000000, 1.000000000000000000 ) ) ;
#4732 = TOROIDAL_SURFACE ( 'NONE', #6574, 1.000000000000000000, 3.999999999999996447 ) ;
#4733 = CARTESIAN_POINT ( 'NONE',  ( 0.06459124883188073485, -4.935408751168120389, -45.27165234913507419 ) ) ;
#4734 = DIRECTION ( 'NONE',  ( 1.000000000000000000, 0.000000000000000000, 0.000000000000000000 ) ) ;
#4735 = B_SPLINE_CURVE_WITH_KNOTS ( 'NONE', 3,
 ( #7362, #3280, #3328, #4080, #8873, #4041, #6098, #5386, #2022, #8830, #1941, #8036, #8120, #1222, #3232, #2614 ),
 .UNSPECIFIED., .F., .F.,
 ( 4, 2, 2, 2, 2, 2, 2, 4 ),
 ( 4.818711199177020135E-07, 0.0008765200830206752855, 0.001314539188971053200, 0.001752558294921431224, 0.002190577400871808814, 0.002628596506822187054, 0.003066615612772564860, 0.003504634718722943101 ),
 .UNSPECIFIED. ) ;
#4736 = AXIS2_PLACEMENT_3D ( 'NONE', #7206, #6580, #2597 ) ;
#4737 = VERTEX_POINT ( 'NONE', #5961 ) ;
#4738 = ORIENTED_EDGE ( 'NONE', *, *, #5005, .T. ) ;
#4739 = DIRECTION ( 'NONE',  ( -0.000000000000000000, -0.000000000000000000, 1.000000000000000000 ) ) ;
#4740 = CYLINDRICAL_SURFACE ( 'NONE', #4594, 0.9999999999999995559 ) ;
#4741 = AXIS2_PLACEMENT_3D ( 'NONE', #4784, #8137, #1997 ) ;
#4742 = CARTESIAN_POINT ( 'NONE',  ( 4.502910482877282128, -0.4970895171227181497, -121.1139075807365515 ) ) ;
#4743 = VERTEX_POINT ( 'NONE', #3190 ) ;
#4744 = ADVANCED_FACE ( 'NONE', ( #8658 ), #8033, .F. ) ;
#4745 = CARTESIAN_POINT ( 'NONE',  ( 5.000000000000285105, 2.855686632286915929E-13, -40.50000000000021316 ) ) ;
#4746 = DIRECTION ( 'NONE',  ( -0.000000000000000000, -0.000000000000000000, 1.000000000000000000 ) ) ;
#4747 = B_SPLINE_CURVE_WITH_KNOTS ( 'NONE', 3,
 ( #6232, #4937, #4258, #6993, #2700, #94, #5434, #3457, #6195, #2790, #2334, #3624, #2236, #1631, #4348, #5109 ),
 .UNSPECIFIED., .F., .F.,
 ( 4, 2, 2, 2, 2, 2, 2, 4 ),
 ( 4.818711198525358513E-07, 0.0008765200830274374544, 0.001314539188981229088, 0.001752558294935020831, 0.002190577400888812139, 0.002628596506842603882, 0.003066615612796395624, 0.003504634718750187367 ),
 .UNSPECIFIED. ) ;
#4748 = DIRECTION ( 'NONE',  ( 1.000000000000000000, 0.000000000000000000, 0.000000000000000000 ) ) ;
#4749 = EDGE_CURVE ( 'NONE', #8465, #7802, #4444, .T. ) ;
#4750 = AXIS2_PLACEMENT_3D ( 'NONE', #8334, #8245, #5680 ) ;
#4751 = AXIS2_PLACEMENT_3D ( 'NONE', #3570, #7662, #2738 ) ;
#4752 = DIRECTION ( 'NONE',  ( -0.000000000000000000, -0.000000000000000000, 1.000000000000000000 ) ) ;
#4753 = DIRECTION ( 'NONE',  ( -0.000000000000000000, -0.000000000000000000, 1.000000000000000000 ) ) ;
#4754 = DIRECTION ( 'NONE',  ( -0.000000000000000000, -0.000000000000000000, 1.000000000000000000 ) ) ;
#4755 = CARTESIAN_POINT ( 'NONE',  ( -4.840676868219848217, -0.1593231317801519220, -33.85321941568363968 ) ) ;
#4756 = CARTESIAN_POINT ( 'NONE',  ( -1.000000000000000000, 1.224646799147353207E-16, -99.00000000000000000 ) ) ;
#4757 = ORIENTED_EDGE ( 'NONE', *, *, #7221, .F. ) ;
#4758 = VECTOR ( 'NONE', #5370, 1000.000000000000000 ) ;
#4759 = CARTESIAN_POINT ( 'NONE',  ( -0.04063066961830193169, -4.959369330381697694, -34.41386551652202286 ) ) ;
#4760 = CIRCLE ( 'NONE', #6886, 0.9999999999999993339 ) ;
#4761 = CARTESIAN_POINT ( 'NONE',  ( 0.008042224640662957308, -4.991957775359336935, -46.29246587454772310 ) ) ;
#4762 = DIRECTION ( 'NONE',  ( -0.000000000000000000, -0.000000000000000000, 1.000000000000000000 ) ) ;
#4763 = EDGE_LOOP ( 'NONE', ( #8163, #5972, #8597, #6745, #2571, #4354 ) ) ;
#4764 = CARTESIAN_POINT ( 'NONE',  ( -4.959369330385070107, -0.04063066961493041335, -68.58613448345570873 ) ) ;
#4765 = AXIS2_PLACEMENT_3D ( 'NONE', #4610, #7343, #4564 ) ;
#4766 = CIRCLE ( 'NONE', #1893, 0.9999999999999993339 ) ;
#4767 = DIRECTION ( 'NONE',  ( -0.000000000000000000, -0.000000000000000000, 1.000000000000000000 ) ) ;
#4768 = CARTESIAN_POINT ( 'NONE',  ( -4.959369330385073660, -0.04063066961492665941, -63.08613448345569452 ) ) ;
#4769 = EDGE_LOOP ( 'NONE', ( #3453, #6063, #7387 ) ) ;
#4770 = VERTEX_POINT ( 'NONE', #6636 ) ;
#4771 = FACE_OUTER_BOUND ( 'NONE', #5957, .T. ) ;
#4772 = CIRCLE ( 'NONE', #8469, 1.999999999999994893 ) ;
#4773 = CARTESIAN_POINT ( 'NONE',  ( 0.2608011982979981935, -4.739198801702002584, -22.59076228220567728 ) ) ;
#4774 = ORIENTED_EDGE ( 'NONE', *, *, #1304, .F. ) ;
#4775 = VERTEX_POINT ( 'NONE', #454 ) ;
#4776 = CARTESIAN_POINT ( 'NONE',  ( 0.000000000000000000, 0.000000000000000000, -56.99999999999999289 ) ) ;
#4777 = CARTESIAN_POINT ( 'NONE',  ( 0.008301598518901437754, -4.991698401481100333, -73.20374637064251999 ) ) ;
#4778 = CARTESIAN_POINT ( 'NONE',  ( -0.2608011983036800929, -4.739198801696320018, -105.0907622821915623 ) ) ;
#4779 = CARTESIAN_POINT ( 'NONE',  ( -0.6401341107464914026, -4.359865889253509152, -43.89874954628009363 ) ) ;
#4780 = AXIS2_PLACEMENT_3D ( 'NONE', #3882, #7433, #8065 ) ;
#4781 = VERTEX_POINT ( 'NONE', #4633 ) ;
#4782 = ORIENTED_EDGE ( 'NONE', *, *, #2459, .T. ) ;
#4783 = CYLINDRICAL_SURFACE ( 'NONE', #4971, 0.9999999999999995559 ) ;
#4784 = CARTESIAN_POINT ( 'NONE',  ( 0.000000000000000000, 0.000000000000000000, 0.000000000000000000 ) ) ;
#4785 = DIRECTION ( 'NONE',  ( 0.000000000000000000, 0.000000000000000000, -1.000000000000000000 ) ) ;
#4786 = LINE ( 'NONE', #3422, #8607 ) ;
#4787 = ORIENTED_EDGE ( 'NONE', *, *, #958, .T. ) ;
#4788 = CARTESIAN_POINT ( 'NONE',  ( 3.671958834454342124, -1.328041165545657876, -37.75000000000000000 ) ) ;
#4789 = CARTESIAN_POINT ( 'NONE',  ( 0.000000000000000000, 0.000000000000000000, -93.50000000000000000 ) ) ;
#4790 = CARTESIAN_POINT ( 'NONE',  ( -3.862796825714235105, -1.137203174285765561, -21.37100116288255691 ) ) ;
#4791 = CARTESIAN_POINT ( 'NONE',  ( 4.959369330385072772, -0.04063066961492747819, -30.08613448345569452 ) ) ;
#4792 = EDGE_CURVE ( 'NONE', #3113, #1514, #3326, .T. ) ;
#4793 = CARTESIAN_POINT ( 'NONE',  ( 0.000000000000000000, 0.000000000000000000, -117.5000000000000000 ) ) ;
#4794 = DIRECTION ( 'NONE',  ( 1.000000000000000000, 0.000000000000000000, 0.000000000000000000 ) ) ;
#4795 = EDGE_CURVE ( 'NONE', #7397, #8523, #2584, .T. ) ;
#4796 = CARTESIAN_POINT ( 'NONE',  ( 1.328041165545665203, -3.671958834454335019, -26.75000000000000355 ) ) ;
#4797 = CARTESIAN_POINT ( 'NONE',  ( 4.040089233413053371, -0.9599107665869476280, -37.47763427936022396 ) ) ;
#4798 = ADVANCED_FACE ( 'NONE', ( #4675 ), #1001, .T. ) ;
#4799 = CARTESIAN_POINT ( 'NONE',  ( 0.06459124883188714639, -4.935408751168110619, -94.77165234913505287 ) ) ;
#4800 = DIRECTION ( 'NONE',  ( 1.000000000000000000, 0.000000000000000000, 0.000000000000000000 ) ) ;
#4801 = ADVANCED_FACE ( 'NONE', ( #3359 ), #8302, .T. ) ;
#4802 = CARTESIAN_POINT ( 'NONE',  ( -5.000000000000000000, -1.505601063744518853E-15, -122.7037483383676602 ) ) ;
#4803 = CARTESIAN_POINT ( 'NONE',  ( 4.282386290039718268, -0.7176137099602819536, -103.2022287304152712 ) ) ;
#4804 = CARTESIAN_POINT ( 'NONE',  ( -0.1278684795020848808, -4.872131520497914536, -39.49259796944175349 ) ) ;
#4805 = CARTESIAN_POINT ( 'NONE',  ( -1.000000000000000000, 1.224646799147353207E-16, -60.49999999999999289 ) ) ;
#4806 = ORIENTED_EDGE ( 'NONE', *, *, #8344, .F. ) ;
#4807 = ORIENTED_EDGE ( 'NONE', *, *, #3095, .T. ) ;
#4808 = DIRECTION ( 'NONE',  ( -1.000000000000000000, 1.224646799147353207E-16, 0.000000000000000000 ) ) ;
#4809 = DIRECTION ( 'NONE',  ( 1.000000000000000000, 0.000000000000000000, 0.000000000000000000 ) ) ;
#4810 = EDGE_LOOP ( 'NONE', ( #1000, #7383, #2514 ) ) ;
#4811 = ORIENTED_EDGE ( 'NONE', *, *, #5988, .F. ) ;
#4812 = ADVANCED_FACE ( 'NONE', ( #6681 ), #7878, .T. ) ;
#4813 = CARTESIAN_POINT ( 'NONE',  ( -4.686141179201310791, -0.3138588207986893752, -80.53467868775797456 ) ) ;
#4814 = CARTESIAN_POINT ( 'NONE',  ( 3.904737509655568317, 0.000000000000000000, -109.2499999999999858 ) ) ;
#4815 = CARTESIAN_POINT ( 'NONE',  ( -1.000000000000000000, 1.224646799147353207E-16, -95.50000000000000000 ) ) ;
#4816 = DIRECTION ( 'NONE',  ( 1.000000000000000000, 0.000000000000000000, 0.000000000000000000 ) ) ;
#4817 = VERTEX_POINT ( 'NONE', #8080 ) ;
#4818 = ADVANCED_FACE ( 'NONE', ( #3526 ), #8591, .F. ) ;
#4819 = DIRECTION ( 'NONE',  ( -0.000000000000000000, -0.000000000000000000, 1.000000000000000000 ) ) ;
#4820 = CARTESIAN_POINT ( 'NONE',  ( -4.991957775357460214, -0.008042224642539586368, -84.20753412542731553 ) ) ;
#4821 = DIRECTION ( 'NONE',  ( -0.000000000000000000, -0.000000000000000000, 1.000000000000000000 ) ) ;
#4822 = CARTESIAN_POINT ( 'NONE',  ( 0.000000000000000000, 0.000000000000000000, -53.49999999999999289 ) ) ;
#4823 = ORIENTED_EDGE ( 'NONE', *, *, #1456, .T. ) ;
#4824 = CIRCLE ( 'NONE', #1533, 0.9999999999999986677 ) ;
#4825 = CARTESIAN_POINT ( 'NONE',  ( 0.4915337874163004939, -4.508466212583698507, -80.89376480692347116 ) ) ;
#4826 = DIRECTION ( 'NONE',  ( 0.000000000000000000, -1.000000000000000000, 0.000000000000000000 ) ) ;
#4827 = ADVANCED_FACE ( 'NONE', ( #7534 ), #8600, .T. ) ;
#4828 = CARTESIAN_POINT ( 'NONE',  ( 0.6401341107465310376, -4.359865889253468296, -87.89874954628004389 ) ) ;
#4829 = AXIS2_PLACEMENT_3D ( 'NONE', #1580, #6360, #5686 ) ;
#4830 = CARTESIAN_POINT ( 'NONE',  ( -3.671958834454334575, -1.328041165545665425, -48.75000000000000000 ) ) ;
#4831 = CIRCLE ( 'NONE', #7814, 2.000000000000001776 ) ;
#4832 = CARTESIAN_POINT ( 'NONE',  ( -4.959369330385070107, -0.04063066961493041335, -118.0861344834556945 ) ) ;
#4833 = CARTESIAN_POINT ( 'NONE',  ( -5.000000000000285105, 2.853331553957207015E-13, -35.00000000000021316 ) ) ;
#4834 = CARTESIAN_POINT ( 'NONE',  ( 4.872131520502830604, -0.1278684794971703953, -36.00740203054003530 ) ) ;
#4835 = CARTESIAN_POINT ( 'NONE',  ( -0.2608011982979983046, -4.739198801702002584, -22.59076228220567728 ) ) ;
#4836 = DIRECTION ( 'NONE',  ( 1.000000000000000000, 0.000000000000000000, 0.000000000000000000 ) ) ;
#4837 = CARTESIAN_POINT ( 'NONE',  ( 0.4321793203679912820, -4.567820679632009551, -16.72657376276974972 ) ) ;
#4838 = EDGE_CURVE ( 'NONE', #5708, #6188, #5589, .T. ) ;
#4839 = AXIS2_PLACEMENT_3D ( 'NONE', #4652, #3419, #642 ) ;
#4840 = AXIS2_PLACEMENT_3D ( 'NONE', #533, #6589, #2418 ) ;
#4841 = CARTESIAN_POINT ( 'NONE',  ( 4.959369330385070107, -0.04063066961493031620, -107.0861344834556945 ) ) ;
#4842 = CARTESIAN_POINT ( 'NONE',  ( -1.649490785659342531E-15, -5.000000000000002665, -57.14684353044862064 ) ) ;
#4843 = CARTESIAN_POINT ( 'NONE',  ( -4.935408751172080777, -0.06459124882791934807, -63.22834765084402164 ) ) ;
#4844 = AXIS2_PLACEMENT_3D ( 'NONE', #20, #1336, #6202 ) ;
#4845 = DIRECTION ( 'NONE',  ( -0.000000000000000000, -0.000000000000000000, 1.000000000000000000 ) ) ;
#4846 = ORIENTED_EDGE ( 'NONE', *, *, #4344, .T. ) ;
#4847 = EDGE_LOOP ( 'NONE', ( #1978, #1713, #4676 ) ) ;
#4848 = DIRECTION ( 'NONE',  ( 1.000000000000000000, 0.000000000000000000, 0.000000000000000000 ) ) ;
#4849 = EDGE_CURVE ( 'NONE', #7707, #6333, #8286, .T. ) ;
#4850 = CARTESIAN_POINT ( 'NONE',  ( 4.502552532152131803, -0.4974474678478672529, -14.88672757692826210 ) ) ;
#4851 = ORIENTED_EDGE ( 'NONE', *, *, #464, .T. ) ;
#4852 = AXIS2_PLACEMENT_3D ( 'NONE', #7590, #1457, #6786 ) ;
#4853 = ADVANCED_FACE ( 'NONE', ( #6814 ), #6139, .F. ) ;
#4854 = CARTESIAN_POINT ( 'NONE',  ( -3.671958834454343013, -1.328041165545656765, -92.74999999999998579 ) ) ;
#4855 = CARTESIAN_POINT ( 'NONE',  ( 4.840676868219843776, -0.1593231317801557245, -72.35321941568363968 ) ) ;
#4856 = DIRECTION ( 'NONE',  ( 1.000000000000000000, 0.000000000000000000, 0.000000000000000000 ) ) ;
#4857 = VECTOR ( 'NONE', #4609, 1000.000000000000000 ) ;
#4858 = CARTESIAN_POINT ( 'NONE',  ( 0.2608011983036361281, -4.739198801696363539, -44.59076228219166182 ) ) ;
#4859 = FACE_OUTER_BOUND ( 'NONE', #2196, .T. ) ;
#4860 = CARTESIAN_POINT ( 'NONE',  ( 0.1593231317747713927, -4.840676868225228802, -91.14678058429960572 ) ) ;
#4861 = EDGE_CURVE ( 'NONE', #6926, #377, #3011, .T. ) ;
#4862 = ORIENTED_EDGE ( 'NONE', *, *, #2710, .T. ) ;
#4863 = CARTESIAN_POINT ( 'NONE',  ( 0.000000000000000000, 0.000000000000000000, -122.9999999999999716 ) ) ;
#4864 = CARTESIAN_POINT ( 'NONE',  ( -5.000000000000281553, 2.811725620256466210E-13, -84.50000000000021316 ) ) ;
#4865 = DIRECTION ( 'NONE',  ( 1.224646799147353207E-16, 1.000000000000000000, 0.000000000000000000 ) ) ;
#4866 = CARTESIAN_POINT ( 'NONE',  ( 3.904737509655562988, 0.000000000000000000, -26.75000000000000355 ) ) ;
#4867 = ORIENTED_EDGE ( 'NONE', *, *, #8197, .T. ) ;
#4868 = CIRCLE ( 'NONE', #5438, 4.000000000000003553 ) ;
#4869 = ADVANCED_FACE ( 'NONE', ( #1528 ), #1159, .T. ) ;
#4870 = CARTESIAN_POINT ( 'NONE',  ( 0.000000000000000000, 0.000000000000000000, 0.000000000000000000 ) ) ;
#4871 = CARTESIAN_POINT ( 'NONE',  ( -0.7176137099602470926, -4.282386290039752907, -5.297771269584766074 ) ) ;
#4872 = CARTESIAN_POINT ( 'NONE',  ( -4.840676868219849105, -0.1593231317801520885, -61.35321941568363258 ) ) ;
#4873 = TOROIDAL_SURFACE ( 'NONE', #6872, 1.000000000000000000, 3.999999999999996447 ) ;
#4874 = DIRECTION ( 'NONE',  ( -0.000000000000000000, -0.000000000000000000, 1.000000000000000000 ) ) ;
#4875 = DIRECTION ( 'NONE',  ( -0.000000000000000000, -0.000000000000000000, 1.000000000000000000 ) ) ;
#4876 = FACE_OUTER_BOUND ( 'NONE', #479, .T. ) ;
#4877 = CARTESIAN_POINT ( 'NONE',  ( 1.328041165545665425, -3.671958834454334575, -59.75000000000000000 ) ) ;
#4878 = CARTESIAN_POINT ( 'NONE',  ( -4.959369330385070107, -0.04063066961493041335, -96.08613448345570873 ) ) ;
#4879 = DIRECTION ( 'NONE',  ( -0.000000000000000000, -0.000000000000000000, 1.000000000000000000 ) ) ;
#4880 = CARTESIAN_POINT ( 'NONE',  ( 4.041784260359807313, -0.9582157396401937977, -21.52377465029931969 ) ) ;
#4881 = TOROIDAL_SURFACE ( 'NONE', #7334, 1.000000000000000000, 2.000000000000001776 ) ;
#4882 = AXIS2_PLACEMENT_3D ( 'NONE', #6891, #1481, #6213 ) ;
#4883 = DIRECTION ( 'NONE',  ( 0.000000000000000000, -1.000000000000000000, 0.000000000000000000 ) ) ;
#4884 = CARTESIAN_POINT ( 'NONE',  ( 3.671958834454343013, -1.328041165545656987, -103.7500000000000000 ) ) ;
#4885 = DIRECTION ( 'NONE',  ( 1.000000000000000000, 0.000000000000000000, 0.000000000000000000 ) ) ;
#4886 = TOROIDAL_SURFACE ( 'NONE', #6167, 1.000000000000000000, 4.000000000000000000 ) ;
#4887 = FACE_OUTER_BOUND ( 'NONE', #1382, .T. ) ;
#4888 = ORIENTED_EDGE ( 'NONE', *, *, #4926, .F. ) ;
#4889 = ORIENTED_EDGE ( 'NONE', *, *, #8228, .F. ) ;
#4890 = CARTESIAN_POINT ( 'NONE',  ( 3.863136006094625596, -1.136863993905375292, -21.12878377920270623 ) ) ;
#4891 = DIRECTION ( 'NONE',  ( 1.000000000000000000, 0.000000000000000000, 0.000000000000000000 ) ) ;
#4892 = AXIS2_PLACEMENT_3D ( 'NONE', #931, #7118, #7163 ) ;
#4893 = ORIENTED_EDGE ( 'NONE', *, *, #6158, .T. ) ;
#4894 = AXIS2_PLACEMENT_3D ( 'NONE', #2902, #7618, #8322 ) ;
#4895 = CARTESIAN_POINT ( 'NONE',  ( -4.567820679631958924, -0.4321793203680420747, -91.77342623723033910 ) ) ;
#4896 = CARTESIAN_POINT ( 'NONE',  ( -8.185514644028741943E-16, -4.999999999999999112, -18.64684353044862419 ) ) ;
#4897 = CARTESIAN_POINT ( 'NONE',  ( -4.832344906989096245, -0.1676550930109019510, -47.14546193740918056 ) ) ;
#4898 = ADVANCED_FACE ( 'NONE', ( #4887 ), #289, .T. ) ;
#4899 = CIRCLE ( 'NONE', #6046, 3.904737509655565209 ) ;
#4900 = CARTESIAN_POINT ( 'NONE',  ( 1.021409690752719544E-12, -4.999999999998979483, -45.85274279208619674 ) ) ;
#4901 = CARTESIAN_POINT ( 'NONE',  ( -3.904737509655567873, 4.781924292710298509E-16, -76.25000000000000000 ) ) ;
#4902 = EDGE_CURVE ( 'NONE', #2972, #905, #5014, .T. ) ;
#4903 = CARTESIAN_POINT ( 'NONE',  ( -0.06404366727607774257, -4.935956332723923978, -52.22559813399348627 ) ) ;
#4904 = EDGE_LOOP ( 'NONE', ( #3182, #1864, #1709 ) ) ;
#4905 = CIRCLE ( 'NONE', #7910, 4.000000000000003553 ) ;
#4906 = CARTESIAN_POINT ( 'NONE',  ( 0.000000000000000000, 0.000000000000000000, 0.000000000000000000 ) ) ;
#4907 = EDGE_LOOP ( 'NONE', ( #1661, #8619, #1943 ) ) ;
#4908 = ADVANCED_FACE ( 'NONE', ( #5471 ), #7730, .T. ) ;
#4909 = CARTESIAN_POINT ( 'NONE',  ( -0.03993437491367647640, -4.960065625086322427, -96.08131021350182266 ) ) ;
#4910 = CARTESIAN_POINT ( 'NONE',  ( 0.9999999999999995559, 0.000000000000000000, 0.000000000000000000 ) ) ;
#4911 = CARTESIAN_POINT ( 'NONE',  ( -4.840676868219842888, -0.1593231317801557245, -72.35321941568363968 ) ) ;
#4912 = VERTEX_POINT ( 'NONE', #6857 ) ;
#4913 = CIRCLE ( 'NONE', #2905, 0.9999999999999985567 ) ;
#4914 = DIRECTION ( 'NONE',  ( 1.224646799147353207E-16, 1.000000000000000000, 0.000000000000000000 ) ) ;
#4915 = EDGE_LOOP ( 'NONE', ( #3682, #73, #1166 ) ) ;
#4916 = CARTESIAN_POINT ( 'NONE',  ( -1.000000000000000000, 1.224646799147353207E-16, -66.00000000000000000 ) ) ;
#4917 = CARTESIAN_POINT ( 'NONE',  ( 4.991957775357460214, -0.008042224642539692187, -78.70753412542732974 ) ) ;
#4918 = CARTESIAN_POINT ( 'NONE',  ( 3.862796825714234661, -1.137203174285766671, -81.87100116288257823 ) ) ;
#4919 = CARTESIAN_POINT ( 'NONE',  ( 0.03993437491706710446, -4.960065625082933138, -24.58131021352449963 ) ) ;
#4920 = CARTESIAN_POINT ( 'NONE',  ( 3.863136006094628705, -1.136863993905370407, -37.62878377920267781 ) ) ;
#4921 = CARTESIAN_POINT ( 'NONE',  ( -5.000000000000281553, 2.811725620256466210E-13, -95.50000000000021316 ) ) ;
#4922 = FACE_OUTER_BOUND ( 'NONE', #1511, .T. ) ;
#4923 = CARTESIAN_POINT ( 'NONE',  ( 0.008301598518898473111, -4.991698401481101222, -18.20374637064252354 ) ) ;
#4924 = CARTESIAN_POINT ( 'NONE',  ( 4.508466212578269072, -0.4915337874217309277, -66.10623519306793128 ) ) ;
#4925 = DIRECTION ( 'NONE',  ( 0.000000000000000000, -1.000000000000000000, 0.000000000000000000 ) ) ;
#4926 = EDGE_CURVE ( 'NONE', #5559, #7947, #7018, .T. ) ;
#4927 = FACE_OUTER_BOUND ( 'NONE', #354, .T. ) ;
#4928 = CARTESIAN_POINT ( 'NONE',  ( -0.3138588208042981664, -4.686141179195702833, -38.96532131222955542 ) ) ;
#4929 = DIRECTION ( 'NONE',  ( 1.000000000000000000, 0.000000000000000000, 0.000000000000000000 ) ) ;
#4930 = ORIENTED_EDGE ( 'NONE', *, *, #795, .F. ) ;
#4931 = VERTEX_POINT ( 'NONE', #1491 ) ;
#4932 = CARTESIAN_POINT ( 'NONE',  ( 0.000000000000000000, 0.000000000000000000, -2.000000000000000000 ) ) ;
#4933 = ORIENTED_EDGE ( 'NONE', *, *, #6492, .F. ) ;
#4934 = B_SPLINE_CURVE_WITH_KNOTS ( 'NONE', 3,
 ( #7715, #7040, #1584, #3586, #1672, #5612, #6915, #5564, #7671, #8299, #6954, #6282, #7638, #3627, #5689, #142 ),
 .UNSPECIFIED., .F., .F.,
 ( 4, 2, 2, 2, 2, 2, 2, 4 ),
 ( 4.818711198665871750E-07, 0.0008765200830274456944, 0.001314539188981235377, 0.001752558294935024951, 0.002190577400888814308, 0.002628596506842603882, 0.003066615612796393456, 0.003504634718750183030 ),
 .UNSPECIFIED. ) ;
#4935 = CARTESIAN_POINT ( 'NONE',  ( 4.282386290039718268, -0.7176137099602819536, -86.70222873041527123 ) ) ;
#4936 = FACE_OUTER_BOUND ( 'NONE', #4847, .T. ) ;
#4937 = CARTESIAN_POINT ( 'NONE',  ( -3.863136006094624708, -1.136863993905373071, -15.62878377920270268 ) ) ;
#4938 = CARTESIAN_POINT ( 'NONE',  ( -1.000000000000000000, 2.449293598294706907E-16, -4.000000000000000000 ) ) ;
#4939 = CARTESIAN_POINT ( 'NONE',  ( 0.000000000000000000, 0.000000000000000000, -123.0000000000000000 ) ) ;
#4940 = DIRECTION ( 'NONE',  ( -0.000000000000000000, -0.000000000000000000, 1.000000000000000000 ) ) ;
#4941 = ADVANCED_FACE ( 'NONE', ( #4210 ), #3866, .T. ) ;
#4942 = B_SPLINE_CURVE_WITH_KNOTS ( 'NONE', 3,
 ( #3832, #6576, #3173, #6387, #2315, #7386, #8102, #3968, #2590, #7344, #2638, #8724, #5991, #8678, #4566, #3303 ),
 .UNSPECIFIED., .F., .F.,
 ( 4, 2, 2, 2, 2, 2, 2, 4 ),
 ( 4.818711198599433662E-07, 0.0008765200830275083612, 0.001314539188981332521, 0.001752558294935156790, 0.002190577400888980841, 0.002628596506842805110, 0.003066615612796629378, 0.003504634718750453647 ),
 .UNSPECIFIED. ) ;
#4943 = ORIENTED_EDGE ( 'NONE', *, *, #6676, .T. ) ;
#4944 = EDGE_CURVE ( 'NONE', #2341, #3194, #6187, .T. ) ;
#4945 = CARTESIAN_POINT ( 'NONE',  ( -4.960065625082963336, -0.03993437491703635822, -17.91868978647572419 ) ) ;
#4946 = CARTESIAN_POINT ( 'NONE',  ( -0.008301598520831870998, -4.991698401479168545, -51.20374637061713941 ) ) ;
#4947 = DIRECTION ( 'NONE',  ( 0.000000000000000000, 0.000000000000000000, -1.000000000000000000 ) ) ;
#4948 = VERTEX_POINT ( 'NONE', #4805 ) ;
#4949 = ADVANCED_FACE ( 'NONE', ( #1398 ), #2448, .T. ) ;
#4950 = CARTESIAN_POINT ( 'NONE',  ( -1.000000000000000000, 1.224646799147353207E-16, -51.50000000000000711 ) ) ;
#4951 = EDGE_LOOP ( 'NONE', ( #7774, #3020, #6610, #3780 ) ) ;
#4952 = CC_DESIGN_PERSON_AND_ORGANIZATION_ASSIGNMENT ( #4003, #7374, ( #5916 ) ) ;
#4953 = ADVANCED_FACE ( 'NONE', ( #4118 ), #8308, .F. ) ;
#4954 = CARTESIAN_POINT ( 'NONE',  ( -0.9999999999999993339, 1.224646799147353207E-16, -86.50000000000000000 ) ) ;
#4955 = DIRECTION ( 'NONE',  ( 1.000000000000000000, 0.000000000000000000, 0.000000000000000000 ) ) ;
#4956 = CARTESIAN_POINT ( 'NONE',  ( -0.9582157396402080085, -4.041784260359792214, -64.97622534970069808 ) ) ;
#4957 = AXIS2_PLACEMENT_3D ( 'NONE', #7094, #8360, #240 ) ;
#4958 = CARTESIAN_POINT ( 'NONE',  ( 0.1593231317802018543, -4.840676868219798479, -25.14678058431653085 ) ) ;
#4959 = CARTESIAN_POINT ( 'NONE',  ( 5.000000000000281553, 2.809514862196180954E-13, -84.50000000000021316 ) ) ;
#4960 = CARTESIAN_POINT ( 'NONE',  ( 0.04063066961830684443, -4.959369330381691476, -94.91386551652202286 ) ) ;
#4961 = CARTESIAN_POINT ( 'NONE',  ( -1.000000000000000000, 1.224646799147353207E-16, -56.99999999999999289 ) ) ;
#4962 = DIRECTION ( 'NONE',  ( -0.000000000000000000, -0.000000000000000000, 1.000000000000000000 ) ) ;
#4963 = EDGE_CURVE ( 'NONE', #7796, #1077, #4266, .T. ) ;
#4964 = DIRECTION ( 'NONE',  ( 0.000000000000000000, 0.000000000000000000, -1.000000000000000000 ) ) ;
#4965 = AXIS2_PLACEMENT_3D ( 'NONE', #8317, #960, #871 ) ;
#4966 = LINE ( 'NONE', #4333, #6836 ) ;
#4967 = DIRECTION ( 'NONE',  ( -0.000000000000000000, -0.000000000000000000, 1.000000000000000000 ) ) ;
#4968 = CARTESIAN_POINT ( 'NONE',  ( 0.9582157396373289782, -4.041784260362669912, -42.97622534969822539 ) ) ;
#4969 = CARTESIAN_POINT ( 'NONE',  ( 0.6335913640883382714, -4.366408635911662728, -53.60619955115779334 ) ) ;
#4970 = ORIENTED_EDGE ( 'NONE', *, *, #1830, .T. ) ;
#4971 = AXIS2_PLACEMENT_3D ( 'NONE', #8178, #6701, #8057 ) ;
#4972 = ORIENTED_EDGE ( 'NONE', *, *, #7583, .T. ) ;
#4973 = TOROIDAL_SURFACE ( 'NONE', #3971, 1.000000000000000000, 4.000000000000000000 ) ;
#4974 = DIRECTION ( 'NONE',  ( 0.000000000000000000, 0.000000000000000000, -1.000000000000000000 ) ) ;
#4975 = ADVANCED_FACE ( 'NONE', ( #4291 ), #5727, .F. ) ;
#4976 = CARTESIAN_POINT ( 'NONE',  ( 0.6335913640883366060, -4.366408635911663616, -70.10619955115781465 ) ) ;
#4977 = ORIENTED_EDGE ( 'NONE', *, *, #6264, .T. ) ;
#4978 = DIRECTION ( 'NONE',  ( -1.000000000000000000, 1.224646799147353207E-16, 0.000000000000000000 ) ) ;
#4979 = VECTOR ( 'NONE', #8309, 1000.000000000000000 ) ;
#4980 = CARTESIAN_POINT ( 'NONE',  ( -1.137203174284277196, -3.862796825715722804, -48.62899883711651938 ) ) ;
#4981 = CARTESIAN_POINT ( 'NONE',  ( 5.000000000000281553, 2.809514862196180954E-13, -90.00000000000019895 ) ) ;
#4982 = CARTESIAN_POINT ( 'NONE',  ( -0.6401341107464958435, -4.359865889253503823, -109.8987495462800865 ) ) ;
#4983 = CARTESIAN_POINT ( 'NONE',  ( 0.9582157396402165572, -4.041784260359783332, -15.47622534970070340 ) ) ;
#4984 = TOROIDAL_SURFACE ( 'NONE', #3985, 1.000000000000000000, 3.999999999999996447 ) ;
#4985 = ORIENTED_EDGE ( 'NONE', *, *, #3242, .F. ) ;
#4986 = CARTESIAN_POINT ( 'NONE',  ( 5.000000000000285105, 2.855686632286915929E-13, -51.50000000000021316 ) ) ;
#4987 = VECTOR ( 'NONE', #5942, 1000.000000000000000 ) ;
#4988 = CARTESIAN_POINT ( 'NONE',  ( -1.328041165545665647, -3.671958834454334575, -48.75000000000000000 ) ) ;
#4989 = CARTESIAN_POINT ( 'NONE',  ( -4.508466212578261967, -0.4915337874217377001, -71.60623519306797391 ) ) ;
#4990 = ORIENTED_EDGE ( 'NONE', *, *, #5437, .T. ) ;
#4991 = CIRCLE ( 'NONE', #1433, 4.000000000000003553 ) ;
#4992 = CARTESIAN_POINT ( 'NONE',  ( 1.136863993905366188, -3.863136006094634478, -4.871216220797304430 ) ) ;
#4993 = ADVANCED_FACE ( 'NONE', ( #1754 ), #5774, .F. ) ;
#4994 = ORIENTED_EDGE ( 'NONE', *, *, #4926, .T. ) ;
#4995 = CARTESIAN_POINT ( 'NONE',  ( 5.000000000000281553, 2.809514862196180954E-13, -106.5000000000001990 ) ) ;
#4996 = VERTEX_POINT ( 'NONE', #2322 ) ;
#4997 = CARTESIAN_POINT ( 'NONE',  ( 3.671958834454343013, -1.328041165545656987, -76.25000000000000000 ) ) ;
#4998 = CARTESIAN_POINT ( 'NONE',  ( 0.000000000000000000, 0.000000000000000000, -112.0000000000000000 ) ) ;
#4999 = ADVANCED_FACE ( 'NONE', ( #7112 ), #861, .T. ) ;
#5000 = TOROIDAL_SURFACE ( 'NONE', #2716, 1.000000000000000000, 4.000000000000000000 ) ;
#5001 = CARTESIAN_POINT ( 'NONE',  ( -4.282386290039715604, -0.7176137099602857283, -26.20222873041528189 ) ) ;
#5002 = DIRECTION ( 'NONE',  ( 1.000000000000000000, 0.000000000000000000, 0.000000000000000000 ) ) ;
#5003 = FACE_OUTER_BOUND ( 'NONE', #4299, .T. ) ;
#5004 = CARTESIAN_POINT ( 'NONE',  ( -0.2608011983036583326, -4.739198801696341334, -28.09076228219161919 ) ) ;
#5005 = EDGE_CURVE ( 'NONE', #6648, #2329, #5310, .T. ) ;
#5006 = CARTESIAN_POINT ( 'NONE',  ( -3.863136006094630481, -1.136863993905370185, -37.62878377920269202 ) ) ;
#5007 = CARTESIAN_POINT ( 'NONE',  ( -1.000000000000000000, 1.224646799147353207E-16, -88.00000000000000000 ) ) ;
#5008 = CIRCLE ( 'NONE', #2012, 4.000000000000003553 ) ;
#5009 = DIRECTION ( 'NONE',  ( -0.000000000000000000, -0.000000000000000000, 1.000000000000000000 ) ) ;
#5010 = DIRECTION ( 'NONE',  ( -0.000000000000000000, -0.000000000000000000, 1.000000000000000000 ) ) ;
#5011 = DIRECTION ( 'NONE',  ( 1.000000000000000000, 0.000000000000000000, 0.000000000000000000 ) ) ;
#5012 = ORIENTED_EDGE ( 'NONE', *, *, #8290, .F. ) ;
#5013 = VECTOR ( 'NONE', #4731, 1000.000000000000000 ) ;
#5014 = CIRCLE ( 'NONE', #150, 3.904737509655567429 ) ;
#5015 = ORIENTED_EDGE ( 'NONE', *, *, #1844, .F. ) ;
#5016 = CARTESIAN_POINT ( 'NONE',  ( 0.000000000000000000, 0.000000000000000000, -112.0000000000000000 ) ) ;
#5017 = ORIENTED_EDGE ( 'NONE', *, *, #5005, .F. ) ;
#5018 = DIRECTION ( 'NONE',  ( -0.000000000000000000, -0.000000000000000000, 1.000000000000000000 ) ) ;
#5019 = AXIS2_PLACEMENT_3D ( 'NONE', #2520, #992, #5253 ) ;
#5020 = AXIS2_PLACEMENT_3D ( 'NONE', #5080, #2888, #1639 ) ;
#5021 = CARTESIAN_POINT ( 'NONE',  ( 4.991698401481084346, -0.008301598518915620853, -62.79625362935771449 ) ) ;
#5022 = DIRECTION ( 'NONE',  ( 1.000000000000000000, 0.000000000000000000, 0.000000000000000000 ) ) ;
#5023 = MANIFOLD_SOLID_BREP ( 'Cut-Extrude3', #6550 ) ;
#5024 = DIRECTION ( 'NONE',  ( -1.000000000000000000, 1.224646799147353207E-16, 0.000000000000000000 ) ) ;
#5025 = CARTESIAN_POINT ( 'NONE',  ( 0.008042224642554288150, -4.991957775357445115, -13.29246587457292073 ) ) ;
#5026 = CARTESIAN_POINT ( 'NONE',  ( 0.000000000000000000, 0.000000000000000000, -92.74999999999998579 ) ) ;
#5027 = AXIS2_PLACEMENT_3D ( 'NONE', #6259, #5587, #2984 ) ;
#5028 = AXIS2_PLACEMENT_3D ( 'NONE', #2309, #7013, #2980 ) ;
#5029 = CARTESIAN_POINT ( 'NONE',  ( 1.137203174284255658, -3.862796825715745896, -81.62899883711649807 ) ) ;
#5030 = ORIENTED_EDGE ( 'NONE', *, *, #5182, .T. ) ;
#5031 = CARTESIAN_POINT ( 'NONE',  ( -4.840676868219848217, -0.1593231317801513947, -11.85321941568364146 ) ) ;
#5032 = AXIS2_PLACEMENT_3D ( 'NONE', #591, #2616, #3451 ) ;
#5033 = AXIS2_PLACEMENT_3D ( 'NONE', #1043, #5299, #7223 ) ;
#5034 = PRODUCT_DEFINITION_SHAPE ( 'NONE', 'NONE',  #3742 ) ;
#5035 = CARTESIAN_POINT ( 'NONE',  ( -0.1593231317748066977, -4.840676868225194163, -36.14678058429972651 ) ) ;
#5036 = CARTESIAN_POINT ( 'NONE',  ( -1.016614237250531202E-12, -5.000000000001018741, -95.64684353042213161 ) ) ;
#5037 = ORIENTED_EDGE ( 'NONE', *, *, #7310, .T. ) ;
#5038 = AXIS2_PLACEMENT_3D ( 'NONE', #1800, #2415, #5917 ) ;
#5039 = CARTESIAN_POINT ( 'NONE',  ( 4.686141179201310791, -0.3138588207986893752, -113.5346786877579746 ) ) ;
#5040 = ORIENTED_EDGE ( 'NONE', *, *, #6528, .T. ) ;
#5041 = B_SPLINE_CURVE_WITH_KNOTS ( 'NONE', 3,
 ( #2969, #5036, #7811, #7136, #7646, #3723, #999, #2578, #3063, #3773, #7908, #6516 ),
 .UNSPECIFIED., .F., .F.,
 ( 4, 2, 2, 2, 2, 4 ),
 ( 0.003504634718722942233, 0.003941423334001238447, 0.004378211949279535095, 0.005251789179836127523, 0.006125366410392719951, 0.006998943640949313247 ),
 .UNSPECIFIED. ) ;
#5042 = DIRECTION ( 'NONE',  ( -0.000000000000000000, -0.000000000000000000, 1.000000000000000000 ) ) ;
#5043 = EDGE_LOOP ( 'NONE', ( #4985, #397, #8133 ) ) ;
#5044 = DIRECTION ( 'NONE',  ( 0.000000000000000000, -1.000000000000000000, 0.000000000000000000 ) ) ;
#5045 = VECTOR ( 'NONE', #7682, 1000.000000000000000 ) ;
#5046 = DIRECTION ( 'NONE',  ( 1.000000000000000000, 0.000000000000000000, 0.000000000000000000 ) ) ;
#5047 = CARTESIAN_POINT ( 'NONE',  ( 0.000000000000000000, 0.000000000000000000, -14.99999999999999822 ) ) ;
#5048 = DIRECTION ( 'NONE',  ( -0.000000000000000000, -0.000000000000000000, 1.000000000000000000 ) ) ;
#5049 = CARTESIAN_POINT ( 'NONE',  ( 1.000000000000000000, 0.000000000000000000, -115.4999999999999858 ) ) ;
#5050 = CARTESIAN_POINT ( 'NONE',  ( 4.991698401481084346, -0.008301598518917104041, -24.29625362935772870 ) ) ;
#5051 = EDGE_CURVE ( 'NONE', #5967, #5312, #2018, .T. ) ;
#5052 = CARTESIAN_POINT ( 'NONE',  ( 0.000000000000000000, 0.000000000000000000, -103.7500000000000000 ) ) ;
#5053 = EDGE_CURVE ( 'NONE', #2800, #5312, #5971, .T. ) ;
#5054 = B_SPLINE_CURVE_WITH_KNOTS ( 'NONE', 3,
 ( #4446, #6506, #1042, #3762, #363, #4497, #3148, #5876, #7939, #1806, #4666, #7396, #6721, #4027, #1256, #3978 ),
 .UNSPECIFIED., .F., .F.,
 ( 4, 2, 2, 2, 2, 2, 2, 4 ),
 ( 4.818711198521540512E-07, 0.0008765200830274497059, 0.001314539188981241882, 0.001752558294935034275, 0.002190577400888826451, 0.002628596506842618627, 0.003066615612796410803, 0.003504634718750202545 ),
 .UNSPECIFIED. ) ;
#5055 = DIRECTION ( 'NONE',  ( 1.000000000000000000, 0.000000000000000000, 0.000000000000000000 ) ) ;
#5056 = EDGE_CURVE ( 'NONE', #4912, #1308, #3198, .T. ) ;
#5057 = CARTESIAN_POINT ( 'NONE',  ( 0.000000000000000000, 0.000000000000000000, -59.00000000000000000 ) ) ;
#5058 = CARTESIAN_POINT ( 'NONE',  ( -1.328041165545656765, -3.671958834454343013, -76.25000000000000000 ) ) ;
#5059 = DIRECTION ( 'NONE',  ( -0.000000000000000000, -0.000000000000000000, 1.000000000000000000 ) ) ;
#5060 = ORIENTED_EDGE ( 'NONE', *, *, #4233, .F. ) ;
#5061 = ORIENTED_EDGE ( 'NONE', *, *, #7727, .T. ) ;
#5062 = DIRECTION ( 'NONE',  ( 1.000000000000000000, 0.000000000000000000, 0.000000000000000000 ) ) ;
#5063 = FACE_OUTER_BOUND ( 'NONE', #2910, .T. ) ;
#5064 = ORIENTED_EDGE ( 'NONE', *, *, #3077, .T. ) ;
#5065 = EDGE_CURVE ( 'NONE', #7663, #6188, #7463, .T. ) ;
#5066 = ORIENTED_EDGE ( 'NONE', *, *, #1006, .F. ) ;
#5067 = CARTESIAN_POINT ( 'NONE',  ( 0.000000000000000000, 0.000000000000000000, -112.0000000000000000 ) ) ;
#5068 = CARTESIAN_POINT ( 'NONE',  ( 4.872131520502828828, -0.1278684794971705618, -63.50740203054002109 ) ) ;
#5069 = ADVANCED_FACE ( 'NONE', ( #6627 ), #2594, .T. ) ;
#5070 = CARTESIAN_POINT ( 'NONE',  ( 1.328041165545656765, -3.671958834454343013, -109.2499999999999858 ) ) ;
#5071 = DIRECTION ( 'NONE',  ( 0.000000000000000000, -1.000000000000000000, 0.000000000000000000 ) ) ;
#5072 = CARTESIAN_POINT ( 'NONE',  ( 5.000000000000006217, 5.690932028285886497E-15, -111.8531564695516636 ) ) ;
#5073 = DIRECTION ( 'NONE',  ( 1.000000000000000000, 0.000000000000000000, 0.000000000000000000 ) ) ;
#5074 = CARTESIAN_POINT ( 'NONE',  ( -4.686141179201312568, -0.3138588207986880430, -9.034678687757988769 ) ) ;
#5075 = DIRECTION ( 'NONE',  ( 1.000000000000000000, 0.000000000000000000, 0.000000000000000000 ) ) ;
#5076 = EDGE_CURVE ( 'NONE', #735, #1178, #7313, .T. ) ;
#5077 = ORIENTED_EDGE ( 'NONE', *, *, #2807, .T. ) ;
#5078 = CARTESIAN_POINT ( 'NONE',  ( 4.739198801701951957, -0.2608011982980473209, -52.90923771779444706 ) ) ;
#5079 = CARTESIAN_POINT ( 'NONE',  ( -0.008042224640664997343, -4.991957775359335159, -35.29246587454773021 ) ) ;
#5080 = CARTESIAN_POINT ( 'NONE',  ( 0.000000000000000000, 0.000000000000000000, -90.00000000000000000 ) ) ;
#5081 = VERTEX_POINT ( 'NONE', #5197 ) ;
#5082 = CARTESIAN_POINT ( 'NONE',  ( 0.008301598518898089737, -4.991698401481102110, -7.203746370642512886 ) ) ;
#5083 = ORIENTED_EDGE ( 'NONE', *, *, #8029, .T. ) ;
#5084 = CARTESIAN_POINT ( 'NONE',  ( 0.000000000000000000, 0.000000000000000000, 0.000000000000000000 ) ) ;
#5085 = ORIENTED_EDGE ( 'NONE', *, *, #2654, .F. ) ;
#5086 = CARTESIAN_POINT ( 'NONE',  ( -0.9999999999999993339, 1.224646799147353207E-16, -69.99999999999998579 ) ) ;
#5087 = CARTESIAN_POINT ( 'NONE',  ( 5.000000000000281553, 2.809514862196180954E-13, -84.50000000000021316 ) ) ;
#5088 = DIRECTION ( 'NONE',  ( 0.000000000000000000, -1.000000000000000000, 0.000000000000000000 ) ) ;
#5089 = DIRECTION ( 'NONE',  ( -0.000000000000000000, -0.000000000000000000, 1.000000000000000000 ) ) ;
#5090 = CARTESIAN_POINT ( 'NONE',  ( -0.6401341107464959546, -4.359865889253503823, -65.89874954628010073 ) ) ;
#5091 = CARTESIAN_POINT ( 'NONE',  ( -0.6401341107465103875, -4.359865889253490501, -27.39874954628007231 ) ) ;
#5092 = CARTESIAN_POINT ( 'NONE',  ( 0.000000000000000000, 0.000000000000000000, -4.750000000000001776 ) ) ;
#5093 = DIRECTION ( 'NONE',  ( -0.000000000000000000, -0.000000000000000000, 1.000000000000000000 ) ) ;
#5094 = TOROIDAL_SURFACE ( 'NONE', #5263, 1.000000000000000000, 3.999999999999996447 ) ;
#5095 = CARTESIAN_POINT ( 'NONE',  ( -0.2517800035653571245, -4.748219996434642987, -25.40883637236998993 ) ) ;
#5096 = DIRECTION ( 'NONE',  ( 1.000000000000000000, 0.000000000000000000, 0.000000000000000000 ) ) ;
#5097 = CARTESIAN_POINT ( 'NONE',  ( -0.06404366728014532217, -4.935956332719855233, -74.22559813401497308 ) ) ;
#5098 = CARTESIAN_POINT ( 'NONE',  ( 0.06404366727607761767, -4.935956332723923978, -52.22559813399348627 ) ) ;
#5099 = EDGE_LOOP ( 'NONE', ( #7990, #409, #4487, #6557 ) ) ;
#5100 = EDGE_CURVE ( 'NONE', #7069, #4737, #7600, .T. ) ;
#5101 = VERTEX_POINT ( 'NONE', #7439 ) ;
#5102 = ORIENTED_EDGE ( 'NONE', *, *, #5701, .T. ) ;
#5103 = DIRECTION ( 'NONE',  ( 0.7071067811865474617, -0.7071067811865474617, 0.000000000000000000 ) ) ;
#5104 = AXIS2_PLACEMENT_3D ( 'NONE', #2285, #1537, #985 ) ;
#5105 = DIRECTION ( 'NONE',  ( -0.000000000000000000, -0.000000000000000000, 1.000000000000000000 ) ) ;
#5106 = ORIENTED_EDGE ( 'NONE', *, *, #4522, .F. ) ;
#5107 = CARTESIAN_POINT ( 'NONE',  ( 4.359865889258244920, -0.6401341107417566345, -86.60125045371350438 ) ) ;
#5108 = DIRECTION ( 'NONE',  ( 0.000000000000000000, 0.000000000000000000, -1.000000000000000000 ) ) ;
#5109 = CARTESIAN_POINT ( 'NONE',  ( -5.000000000000285105, 2.852501778065482102E-13, -13.00000000000021316 ) ) ;
#5110 = AXIS2_PLACEMENT_3D ( 'NONE', #4793, #4105, #8191 ) ;
#5111 = CARTESIAN_POINT ( 'NONE',  ( 0.000000000000000000, 0.000000000000000000, -13.00000000000000355 ) ) ;
#5112 = ORIENTED_EDGE ( 'NONE', *, *, #8269, .T. ) ;
#5113 = EDGE_CURVE ( 'NONE', #2684, #735, #2875, .T. ) ;
#5114 = CARTESIAN_POINT ( 'NONE',  ( -0.2608011983036451209, -4.739198801696356433, -110.5907622821916760 ) ) ;
#5115 = CARTESIAN_POINT ( 'NONE',  ( -5.000000000000285105, 2.853331553957207015E-13, -40.50000000000021316 ) ) ;
#5116 = CARTESIAN_POINT ( 'NONE',  ( 0.1676550930162019892, -4.832344906983798261, -39.35453806257385878 ) ) ;
#5117 = DIRECTION ( 'NONE',  ( -0.000000000000000000, -0.000000000000000000, 1.000000000000000000 ) ) ;
#5118 = EDGE_CURVE ( 'NONE', #4576, #2821, #2336, .T. ) ;
#5119 = AXIS2_PLACEMENT_3D ( 'NONE', #3922, #5317, #515 ) ;
#5120 = AXIS2_PLACEMENT_3D ( 'NONE', #3939, #4671, #6501 ) ;
#5121 = VERTEX_POINT ( 'NONE', #7926 ) ;
#5122 = CARTESIAN_POINT ( 'NONE',  ( -1.328041165545667868, -3.671958834454332354, -4.750000000000001776 ) ) ;
#5123 = VERTEX_POINT ( 'NONE', #3976 ) ;
#5124 = ADVANCED_FACE ( 'NONE', ( #8647 ), #3164, .T. ) ;
#5125 = AXIS2_PLACEMENT_3D ( 'NONE', #1051, #4459, #908 ) ;
#5126 = FACE_OUTER_BOUND ( 'NONE', #6583, .T. ) ;
#5127 = CARTESIAN_POINT ( 'NONE',  ( -0.7176137099602476477, -4.282386290039753796, -71.29777126958478561 ) ) ;
#5128 = ORIENTED_EDGE ( 'NONE', *, *, #2135, .T. ) ;
#5129 = DIRECTION ( 'NONE',  ( 1.000000000000000000, 0.000000000000000000, 0.000000000000000000 ) ) ;
#5130 = ORIENTED_EDGE ( 'NONE', *, *, #1065, .T. ) ;
#5131 = TOROIDAL_SURFACE ( 'NONE', #7568, 1.000000000000000000, 4.000000000000000000 ) ;
#5132 = ORIENTED_EDGE ( 'NONE', *, *, #2490, .F. ) ;
#5133 = CARTESIAN_POINT ( 'NONE',  ( 5.000000000000006217, 5.692061405548891968E-15, -117.3531564695516067 ) ) ;
#5134 = CARTESIAN_POINT ( 'NONE',  ( 0.008042224642555126021, -4.991957775357444227, -18.79246587457292250 ) ) ;
#5135 = ADVANCED_FACE ( 'NONE', ( #2553 ), #8442, .T. ) ;
#5136 = CARTESIAN_POINT ( 'NONE',  ( -4.686141179201311679, -0.3138588207986884870, -25.53467868775799232 ) ) ;
#5137 = CARTESIAN_POINT ( 'NONE',  ( -0.3138588208043027183, -4.686141179195698392, -66.46532131222956252 ) ) ;
#5138 = TOROIDAL_SURFACE ( 'NONE', #3281, 1.000000000000000000, 3.999999999999996447 ) ;
#5139 = CARTESIAN_POINT ( 'NONE',  ( -0.1593231317802003000, -4.840676868219799367, -8.646780584316521967 ) ) ;
#5140 = CARTESIAN_POINT ( 'NONE',  ( -0.008301598520836204337, -4.991698401479164104, -95.20374637061712519 ) ) ;
#5141 = CARTESIAN_POINT ( 'NONE',  ( -0.03993437491367647640, -4.960065625086322427, -101.5813102135018511 ) ) ;
#5142 = CIRCLE ( 'NONE', #701, 3.999999999999989786 ) ;
#5143 = CARTESIAN_POINT ( 'NONE',  ( 0.000000000000000000, 0.000000000000000000, -32.99999999999999289 ) ) ;
#5144 = CARTESIAN_POINT ( 'NONE',  ( 1.137203174285770224, -3.862796825714228000, -120.1289988371174218 ) ) ;
#5145 = CARTESIAN_POINT ( 'NONE',  ( 5.000000000000010658, 1.072502529901554095E-14, -56.85315646955161384 ) ) ;
#5146 = CARTESIAN_POINT ( 'NONE',  ( 0.9582157396373296443, -4.041784260362669023, -53.97622534969822539 ) ) ;
#5147 = ORIENTED_EDGE ( 'NONE', *, *, #4450, .T. ) ;
#5148 = ORIENTED_EDGE ( 'NONE', *, *, #3363, .F. ) ;
#5149 = ORIENTED_EDGE ( 'NONE', *, *, #6931, .T. ) ;
#5150 = CARTESIAN_POINT ( 'NONE',  ( 0.000000000000000000, 0.000000000000000000, -18.50000000000000355 ) ) ;
#5151 = AXIS2_PLACEMENT_3D ( 'NONE', #4200, #3348, #7482 ) ;
#5152 = CARTESIAN_POINT ( 'NONE',  ( 4.991957775357465543, -0.008042224642535627729, -45.70753412542728711 ) ) ;
#5153 = ORIENTED_EDGE ( 'NONE', *, *, #4795, .T. ) ;
#5154 = CARTESIAN_POINT ( 'NONE',  ( 0.000000000000000000, -5.000000000000000000, -78.99999999997200462 ) ) ;
#5155 = CARTESIAN_POINT ( 'NONE',  ( 0.000000000000000000, 0.000000000000000000, -113.9999999999999858 ) ) ;
#5156 = CYLINDRICAL_SURFACE ( 'NONE', #7712, 0.9999999999999995559 ) ;
#5157 = DIRECTION ( 'NONE',  ( 1.000000000000000000, 0.000000000000000000, 0.000000000000000000 ) ) ;
#5158 = VERTEX_POINT ( 'NONE', #6671 ) ;
#5159 = CARTESIAN_POINT ( 'NONE',  ( -0.6335913640883067410, -4.366408635911693814, -108.6061995511577578 ) ) ;
#5160 = CARTESIAN_POINT ( 'NONE',  ( 0.000000000000000000, -5.000000000000000000, -40.49999999997221778 ) ) ;
#5161 = B_SPLINE_CURVE_WITH_KNOTS ( 'NONE', 3,
 ( #3538, #1538, #2110, #6279, #3408, #6149, #771, #2748, #7588, #5, #8341, #8251, #5480, #3497, #2030, #8215 ),
 .UNSPECIFIED., .F., .F.,
 ( 4, 2, 2, 2, 2, 2, 2, 4 ),
 ( 4.818711198530449181E-07, 0.0008765200830274260703, 0.001314539188981219547, 0.001752558294935013241, 0.002190577400888806502, 0.002628596506842600412, 0.003066615612796393456, 0.003504634718750187367 ),
 .UNSPECIFIED. ) ;
#5162 = CARTESIAN_POINT ( 'NONE',  ( 0.000000000000000000, 0.000000000000000000, -48.00000000000000000 ) ) ;
#5163 = AXIS2_PLACEMENT_3D ( 'NONE', #3286, #8710, #7324 ) ;
#5164 = VERTEX_POINT ( 'NONE', #8017 ) ;
#5165 = CIRCLE ( 'NONE', #1010, 3.904737509655561212 ) ;
#5166 = ORIENTED_EDGE ( 'NONE', *, *, #1781, .F. ) ;
#5167 = EDGE_CURVE ( 'NONE', #8265, #2510, #3717, .T. ) ;
#5168 = DIRECTION ( 'NONE',  ( -0.000000000000000000, -0.000000000000000000, 1.000000000000000000 ) ) ;
#5169 = ADVANCED_FACE ( 'NONE', ( #3933 ), #4600, .T. ) ;
#5170 = B_SPLINE_CURVE_WITH_KNOTS ( 'NONE', 3,
 ( #2533, #3121, #5980, #2449, #6656, #3208, #3872, #513, #5185, #7916, #3165, #8633, #2495, #5226, #1820, #6614 ),
 .UNSPECIFIED., .F., .F.,
 ( 4, 2, 2, 2, 2, 2, 2, 4 ),
 ( 4.818711198524085846E-07, 0.0008765200830274246608, 0.001314539188981217813, 0.001752558294935011507, 0.002190577400888805201, 0.002628596506842598678, 0.003066615612796392155, 0.003504634718750185632 ),
 .UNSPECIFIED. ) ;
#5171 = EDGE_CURVE ( 'NONE', #2930, #6027, #7257, .T. ) ;
#5172 = AXIS2_PLACEMENT_3D ( 'NONE', #6906, #766, #4974 ) ;
#5173 = VERTEX_POINT ( 'NONE', #4877 ) ;
#5174 = CARTESIAN_POINT ( 'NONE',  ( 3.671958834454343013, -1.328041165545656987, -76.25000000000000000 ) ) ;
#5175 = DIRECTION ( 'NONE',  ( 1.224646799147353207E-16, 1.000000000000000000, 0.000000000000000000 ) ) ;
#5176 = ADVANCED_FACE ( 'NONE', ( #7486 ), #5538, .F. ) ;
#5177 = ORIENTED_EDGE ( 'NONE', *, *, #5647, .T. ) ;
#5178 =( NAMED_UNIT ( * ) PLANE_ANGLE_UNIT ( ) SI_UNIT ( $, .RADIAN. ) );
#5179 = VERTEX_POINT ( 'NONE', #5499 ) ;
#5180 = AXIS2_PLACEMENT_3D ( 'NONE', #7105, #2402, #3611 ) ;
#5181 = CIRCLE ( 'NONE', #3454, 3.904737509655567429 ) ;
#5182 = EDGE_CURVE ( 'NONE', #1689, #6778, #5165, .T. ) ;
#5183 = ORIENTED_EDGE ( 'NONE', *, *, #7981, .T. ) ;
#5184 = VERTEX_POINT ( 'NONE', #4153 ) ;
#5185 = CARTESIAN_POINT ( 'NONE',  ( -4.739198801701952846, -0.2608011982980474319, -52.90923771779445417 ) ) ;
#5186 = CARTESIAN_POINT ( 'NONE',  ( -3.550762114890114191E-15, -5.000000000000005329, -122.7029352953670411 ) ) ;
#5187 = CARTESIAN_POINT ( 'NONE',  ( 0.9999999999999993339, 0.000000000000000000, -59.00000000000000000 ) ) ;
#5188 = CARTESIAN_POINT ( 'NONE',  ( 0.4321793203735130318, -4.567820679626485969, -27.72657376275976304 ) ) ;
#5189 = TOROIDAL_SURFACE ( 'NONE', #5901, 1.000000000000000000, 4.000000000000000000 ) ;
#5190 = DIRECTION ( 'NONE',  ( -1.000000000000000000, 1.224646799147353454E-16, 0.000000000000000000 ) ) ;
#5191 = LINE ( 'NONE', #5766, #4035 ) ;
#5192 = CARTESIAN_POINT ( 'NONE',  ( 4.935408751172078112, -0.06459124882792163791, -24.72834765084401809 ) ) ;
#5193 = CARTESIAN_POINT ( 'NONE',  ( -0.4915337874163392407, -4.508466212583661203, -102.8937648069235422 ) ) ;
#5194 = AXIS2_PLACEMENT_3D ( 'NONE', #2732, #7399, #8693 ) ;
#5195 = CARTESIAN_POINT ( 'NONE',  ( -4.832344906989094468, -0.1676550930109067528, -107.6454619374092090 ) ) ;
#5196 = CARTESIAN_POINT ( 'NONE',  ( 0.3117974193816393513, -4.688202580618360926, -3.530133912790450079 ) ) ;
#5197 = CARTESIAN_POINT ( 'NONE',  ( 0.000000000000000000, -5.000000000000000000, -13.00000000000000533 ) ) ;
#5198 = VERTEX_POINT ( 'NONE', #2087 ) ;
#5199 = ORIENTED_EDGE ( 'NONE', *, *, #1599, .T. ) ;
#5200 = ORIENTED_EDGE ( 'NONE', *, *, #453, .T. ) ;
#5201 = DIRECTION ( 'NONE',  ( -0.000000000000000000, -0.000000000000000000, 1.000000000000000000 ) ) ;
#5202 = AXIS2_PLACEMENT_3D ( 'NONE', #4409, #6518, #8528 ) ;
#5203 = CARTESIAN_POINT ( 'NONE',  ( 5.000000000000285105, 2.852467898815543462E-13, -13.00000000000021316 ) ) ;
#5204 = ORIENTED_EDGE ( 'NONE', *, *, #4584, .F. ) ;
#5205 = EDGE_CURVE ( 'NONE', #7209, #5081, #8424, .T. ) ;
#5206 = CARTESIAN_POINT ( 'NONE',  ( -0.4321793203735337929, -4.567820679626464653, -77.22657376275975594 ) ) ;
#5207 = CARTESIAN_POINT ( 'NONE',  ( -5.000000000000000000, 0.000000000000000000, -2.000000000000000000 ) ) ;
#5208 = CARTESIAN_POINT ( 'NONE',  ( -4.366408635906906532, -0.6335913640930935786, -93.39380044883600362 ) ) ;
#5209 = CARTESIAN_POINT ( 'NONE',  ( -0.6391311900232893306, -4.360868809976711447, -4.099838678447258467 ) ) ;
#5210 = CARTESIAN_POINT ( 'NONE',  ( 0.000000000000000000, 0.000000000000000000, -40.50000000000000711 ) ) ;
#5211 = CARTESIAN_POINT ( 'NONE',  ( 0.2608011983036803705, -4.739198801696320018, -105.0907622821915623 ) ) ;
#5212 = CARTESIAN_POINT ( 'NONE',  ( -4.502552532152133580, -0.4974474678478685297, -9.386727576928269201 ) ) ;
#5213 = B_SPLINE_CURVE_WITH_KNOTS ( 'NONE', 3,
 ( #8439, #3509, #7775, #2303, #6248, #3603, #2850, #7686, #5578, #2176, #7651, #6967 ),
 .UNSPECIFIED., .F., .F.,
 ( 4, 2, 2, 2, 2, 4 ),
 ( 0.003504634718722713250, 0.003941423334001033750, 0.004378211949279353817, 0.005251789179835994817, 0.006125366410392634950, 0.006998943640949276818 ),
 .UNSPECIFIED. ) ;
#5214 = DIRECTION ( 'NONE',  ( 1.000000000000000000, 0.000000000000000000, 0.000000000000000000 ) ) ;
#5215 = ORIENTED_EDGE ( 'NONE', *, *, #2317, .T. ) ;
#5216 = ORIENTED_EDGE ( 'NONE', *, *, #5392, .T. ) ;
#5217 = CARTESIAN_POINT ( 'NONE',  ( -1.136906711513338886, -3.863093288486661336, -120.3711891356230694 ) ) ;
#5218 = ORIENTED_EDGE ( 'NONE', *, *, #3728, .T. ) ;
#5219 = CARTESIAN_POINT ( 'NONE',  ( 1.137203174284255658, -3.862796825715745896, -109.1289988371165265 ) ) ;
#5220 = CARTESIAN_POINT ( 'NONE',  ( -0.1676550930108601511, -4.832344906989139766, -72.35453806259094733 ) ) ;
#5221 = ORIENTED_EDGE ( 'NONE', *, *, #1676, .F. ) ;
#5222 = EDGE_CURVE ( 'NONE', #5442, #2593, #724, .T. ) ;
#5223 = PERSON_AND_ORGANIZATION ( #558, #2484 ) ;
#5224 = VERTEX_POINT ( 'NONE', #4202 ) ;
#5225 = VERTEX_POINT ( 'NONE', #704 ) ;
#5226 = CARTESIAN_POINT ( 'NONE',  ( -4.991698401481084346, -0.008301598518914836758, -51.79625362935772870 ) ) ;
#5227 = DIRECTION ( 'NONE',  ( -0.000000000000000000, -0.000000000000000000, 1.000000000000000000 ) ) ;
#5228 = LINE ( 'NONE', #7956, #5411 ) ;
#5229 = CARTESIAN_POINT ( 'NONE',  ( 0.6401341107465103875, -4.359865889253490501, -27.39874954628007941 ) ) ;
#5230 = EDGE_CURVE ( 'NONE', #3181, #8604, #4701, .T. ) ;
#5231 = B_SPLINE_CURVE_WITH_KNOTS ( 'NONE', 3,
 ( #1105, #6524, #560, #8637, #383, #5940, #8721, #3828, #2634, #4562, #5852, #4608 ),
 .UNSPECIFIED., .F., .F.,
 ( 4, 2, 2, 2, 2, 4 ),
 ( 0.003504634718750195607, 0.003941423334025081354, 0.004378211949299966668, 0.005251789179849739031, 0.006125366410399512261, 0.006998943640949285491 ),
 .UNSPECIFIED. ) ;
#5232 = CARTESIAN_POINT ( 'NONE',  ( -4.502552532152131803, -0.4974474678478680301, -31.38672757692825854 ) ) ;
#5233 = CARTESIAN_POINT ( 'NONE',  ( -4.935408751172079889, -0.06459124882791947297, -35.72834765084402164 ) ) ;
#5234 = CARTESIAN_POINT ( 'NONE',  ( 4.935956332719893425, -0.06404366728010782439, -17.77440186598522587 ) ) ;
#5235 = EDGE_CURVE ( 'NONE', #640, #1708, #1435, .T. ) ;
#5236 = DIRECTION ( 'NONE',  ( -0.000000000000000000, -0.000000000000000000, 1.000000000000000000 ) ) ;
#5237 = CARTESIAN_POINT ( 'NONE',  ( -4.567820679631958924, -0.4321793203680420747, -108.2734262372303533 ) ) ;
#5238 = CARTESIAN_POINT ( 'NONE',  ( -3.671958834454343013, -1.328041165545656765, -120.2499999999999858 ) ) ;
#5239 = CARTESIAN_POINT ( 'NONE',  ( 0.9999999999999993339, 0.000000000000000000, -80.99999999999998579 ) ) ;
#5240 = DIRECTION ( 'NONE',  ( -0.000000000000000000, -0.000000000000000000, 1.000000000000000000 ) ) ;
#5241 = ORIENTED_EDGE ( 'NONE', *, *, #4352, .F. ) ;
#5242 = VERTEX_POINT ( 'NONE', #2008 ) ;
#5243 = VERTEX_POINT ( 'NONE', #4756 ) ;
#5244 = CARTESIAN_POINT ( 'NONE',  ( 4.685980280040908497, -0.3140197199590894495, -3.535036328286938367 ) ) ;
#5245 = CARTESIAN_POINT ( 'NONE',  ( 0.000000000000000000, 0.000000000000000000, 0.000000000000000000 ) ) ;
#5246 = ORIENTED_EDGE ( 'NONE', *, *, #8502, .F. ) ;
#5247 = CARTESIAN_POINT ( 'NONE',  ( -1.136863993906876535, -3.863136006093125019, -76.37121622079637007 ) ) ;
#5248 = CARTESIAN_POINT ( 'NONE',  ( 4.366408635906907421, -0.6335913640930924684, -27.39380044883598941 ) ) ;
#5249 = DIRECTION ( 'NONE',  ( -0.000000000000000000, -0.000000000000000000, 1.000000000000000000 ) ) ;
#5250 = CARTESIAN_POINT ( 'NONE',  ( -1.000000000000000000, 1.224646799147353207E-16, -18.50000000000000355 ) ) ;
#5251 = AXIS2_PLACEMENT_3D ( 'NONE', #2029, #7505, #5607 ) ;
#5252 = CARTESIAN_POINT ( 'NONE',  ( -0.008042224640654392978, -4.991957775359346705, -106.7924658745475313 ) ) ;
#5253 = DIRECTION ( 'NONE',  ( 1.000000000000000000, 0.000000000000000000, 0.000000000000000000 ) ) ;
#5254 = CARTESIAN_POINT ( 'NONE',  ( 4.991698401481079905, -0.008301598518919086830, -117.7962536293577074 ) ) ;
#5255 = ORIENTED_EDGE ( 'NONE', *, *, #12, .T. ) ;
#5256 = EDGE_LOOP ( 'NONE', ( #8816, #1504, #6602, #727 ) ) ;
#5257 = CARTESIAN_POINT ( 'NONE',  ( -0.9599107665869267558, -4.040089233413072023, -16.02236572063979736 ) ) ;
#5258 = ORIENTED_EDGE ( 'NONE', *, *, #4353, .T. ) ;
#5259 = CARTESIAN_POINT ( 'NONE',  ( 4.502552532152134468, -0.4974474678478654210, -75.38672757692825144 ) ) ;
#5260 = CARTESIAN_POINT ( 'NONE',  ( 0.000000000000000000, 0.000000000000000000, -43.25000000000000711 ) ) ;
#5261 = ORIENTED_EDGE ( 'NONE', *, *, #1230, .F. ) ;
#5262 = AXIS2_PLACEMENT_3D ( 'NONE', #1241, #8720, #7338 ) ;
#5263 = AXIS2_PLACEMENT_3D ( 'NONE', #4287, #2316, #3522 ) ;
#5264 = PERSON_AND_ORGANIZATION ( #558, #2484 ) ;
#5265 = B_SPLINE_CURVE_WITH_KNOTS ( 'NONE', 3,
 ( #1744, #1788, #7241, #3785, #5090, #294, #6525, #5137, #4328, #965, #7103, #1649, #384, #3125, #5853, #2453 ),
 .UNSPECIFIED., .F., .F.,
 ( 4, 2, 2, 2, 2, 2, 2, 4 ),
 ( 4.818711199241922976E-07, 0.0008765200830206801644, 0.001314539188971057320, 0.001752558294921434693, 0.002190577400871811849, 0.002628596506822189222, 0.003066615612772566161, 0.003504634718722943101 ),
 .UNSPECIFIED. ) ;
#5266 = ORIENTED_EDGE ( 'NONE', *, *, #3115, .F. ) ;
#5267 = AXIS2_PLACEMENT_3D ( 'NONE', #8849, #4095, #6792 ) ;
#5268 = CARTESIAN_POINT ( 'NONE',  ( 0.7176137099645696349, -4.282386290035430143, -32.79777126957944944 ) ) ;
#5269 = CARTESIAN_POINT ( 'NONE',  ( 0.000000000000000000, -5.000000000000000000, -18.50000000000000355 ) ) ;
#5270 = CARTESIAN_POINT ( 'NONE',  ( 0.000000000000000000, 0.000000000000000000, -98.24999999999998579 ) ) ;
#5271 = CARTESIAN_POINT ( 'NONE',  ( 4.832344906989098909, -0.1676550930109018400, -58.14546193740918767 ) ) ;
#5272 = VERTEX_POINT ( 'NONE', #8861 ) ;
#5273 = CARTESIAN_POINT ( 'NONE',  ( -4.832344906989094468, -0.1676550930109057258, -30.64546193740920543 ) ) ;
#5274 = FACE_OUTER_BOUND ( 'NONE', #7944, .T. ) ;
#5275 = B_SPLINE_CURVE_WITH_KNOTS ( 'NONE', 3,
 ( #613, #3966, #1291, #4656, #647, #5232, #8007, #6036, #6078, #5273, #1870, #6660, #7384, #8808, #8141, #2636 ),
 .UNSPECIFIED., .F., .F.,
 ( 4, 2, 2, 2, 2, 2, 2, 4 ),
 ( 4.818711198530449181E-07, 0.0008765200830274468870, 0.001314539188981237762, 0.001752558294935029071, 0.002190577400888819946, 0.002628596506842611254, 0.003066615612796402563, 0.003504634718750193438 ),
 .UNSPECIFIED. ) ;
#5276 = CIRCLE ( 'NONE', #2840, 3.904737509655563876 ) ;
#5277 = CARTESIAN_POINT ( 'NONE',  ( -1.000000000000000000, 1.224646799147353207E-16, -29.50000000000000355 ) ) ;
#5278 = VERTEX_POINT ( 'NONE', #4108 ) ;
#5279 = CARTESIAN_POINT ( 'NONE',  ( -1.000000000000000000, 1.224646799147353207E-16, -90.00000000000000000 ) ) ;
#5280 = EDGE_CURVE ( 'NONE', #2629, #3906, #3937, .T. ) ;
#5281 = CARTESIAN_POINT ( 'NONE',  ( -4.686141179201310791, -0.3138588207986893752, -108.0346786877579746 ) ) ;
#5282 = CARTESIAN_POINT ( 'NONE',  ( 3.723027440537870353E-15, -4.999999999999997335, -117.6468435304486206 ) ) ;
#5283 = DIRECTION ( 'NONE',  ( 1.000000000000000000, 0.000000000000000000, 0.000000000000000000 ) ) ;
#5284 = DIRECTION ( 'NONE',  ( 1.000000000000000000, 0.000000000000000000, 0.000000000000000000 ) ) ;
#5285 = ADVANCED_FACE ( 'NONE', ( #6345 ), #2737, .T. ) ;
#5286 = ORIENTED_EDGE ( 'NONE', *, *, #8024, .F. ) ;
#5287 = CARTESIAN_POINT ( 'NONE',  ( 4.040010053637675291, -0.9599899463623234874, -4.477701613838375394 ) ) ;
#5288 = CARTESIAN_POINT ( 'NONE',  ( 4.508466212578261967, -0.4915337874217372560, -99.10623519306794549 ) ) ;
#5289 = EDGE_LOOP ( 'NONE', ( #3228, #4862, #3472 ) ) ;
#5290 = AXIS2_PLACEMENT_3D ( 'NONE', #8116, #5960, #1265 ) ;
#5291 = DIRECTION ( 'NONE',  ( 1.000000000000000000, 0.000000000000000000, 0.000000000000000000 ) ) ;
#5292 = ADVANCED_FACE ( 'NONE', ( #6383 ), #4605, .T. ) ;
#5293 = EDGE_CURVE ( 'NONE', #8435, #3104, #5735, .T. ) ;
#5294 = CARTESIAN_POINT ( 'NONE',  ( 4.935956332719889872, -0.06404366728011023913, -94.77440186598522587 ) ) ;
#5295 = DIRECTION ( 'NONE',  ( 1.000000000000000000, 0.000000000000000000, 0.000000000000000000 ) ) ;
#5296 = DIRECTION ( 'NONE',  ( -0.000000000000000000, -0.000000000000000000, 1.000000000000000000 ) ) ;
#5297 = ORIENTED_EDGE ( 'NONE', *, *, #5933, .T. ) ;
#5298 = AXIS2_PLACEMENT_3D ( 'NONE', #7055, #5626, #4237 ) ;
#5299 = DIRECTION ( 'NONE',  ( -0.000000000000000000, -0.000000000000000000, 1.000000000000000000 ) ) ;
#5300 = DIRECTION ( 'NONE',  ( -0.000000000000000000, -0.000000000000000000, 1.000000000000000000 ) ) ;
#5301 = CARTESIAN_POINT ( 'NONE',  ( -0.03993437491366195330, -4.960065625086339303, -30.08131021350176226 ) ) ;
#5302 = ORIENTED_EDGE ( 'NONE', *, *, #552, .T. ) ;
#5303 = ORIENTED_EDGE ( 'NONE', *, *, #6249, .F. ) ;
#5304 = AXIS2_PLACEMENT_3D ( 'NONE', #8117, #5296, #3852 ) ;
#5305 = CARTESIAN_POINT ( 'NONE',  ( 1.027174832278658784E-12, -4.999999999998975930, -67.85274279208620385 ) ) ;
#5306 = EDGE_LOOP ( 'NONE', ( #35, #3751, #4312, #5882 ) ) ;
#5307 = CARTESIAN_POINT ( 'NONE',  ( -0.1676550930162429842, -4.832344906983757404, -88.85453806257375220 ) ) ;
#5308 = CARTESIAN_POINT ( 'NONE',  ( -0.1278684794971300109, -4.872131520502869684, -72.49259796946017786 ) ) ;
#5309 = CIRCLE ( 'NONE', #2874, 3.904737509655567873 ) ;
#5310 = CIRCLE ( 'NONE', #6879, 0.9999999999999993339 ) ;
#5311 = COORDINATED_UNIVERSAL_TIME_OFFSET ( 3, 30, .AHEAD. ) ;
#5312 = VERTEX_POINT ( 'NONE', #342 ) ;
#5313 = TOROIDAL_SURFACE ( 'NONE', #6885, 1.000000000000000000, 1.999999999999994893 ) ;
#5314 = AXIS2_PLACEMENT_3D ( 'NONE', #4516, #1153, #1201 ) ;
#5315 = DIRECTION ( 'NONE',  ( 1.000000000000000000, 0.000000000000000000, 0.000000000000000000 ) ) ;
#5316 = CARTESIAN_POINT ( 'NONE',  ( 0.008042224640664976526, -4.991957775359335159, -35.29246587454773021 ) ) ;
#5317 = DIRECTION ( 'NONE',  ( -0.000000000000000000, -0.000000000000000000, 1.000000000000000000 ) ) ;
#5318 = CARTESIAN_POINT ( 'NONE',  ( 1.136863993906872539, -3.863136006093126351, -26.87121622079633809 ) ) ;
#5319 = VERTEX_POINT ( 'NONE', #2218 ) ;
#5320 = LINE ( 'NONE', #3213, #4857 ) ;
#5321 = DIRECTION ( 'NONE',  ( -0.000000000000000000, -0.000000000000000000, 1.000000000000000000 ) ) ;
#5322 = AXIS2_PLACEMENT_3D ( 'NONE', #2995, #2469, #3089 ) ;
#5323 = CIRCLE ( 'NONE', #878, 2.999999999999998668 ) ;
#5324 = CARTESIAN_POINT ( 'NONE',  ( -0.9599107665869293093, -4.040089233413069358, -60.02236572063979025 ) ) ;
#5325 = EDGE_CURVE ( 'NONE', #5243, #1237, #3072, .T. ) ;
#5326 = ORIENTED_EDGE ( 'NONE', *, *, #176, .F. ) ;
#5327 = CARTESIAN_POINT ( 'NONE',  ( 0.06404366727607954668, -4.935956332723921314, -85.22559813399345785 ) ) ;
#5328 = DIRECTION ( 'NONE',  ( -0.000000000000000000, -0.000000000000000000, 1.000000000000000000 ) ) ;
#5329 = CARTESIAN_POINT ( 'NONE',  ( 0.2517800035594497943, -4.748219996440550261, -113.4088363723556512 ) ) ;
#5330 = CIRCLE ( 'NONE', #1472, 3.904737509655567873 ) ;
#5331 = VECTOR ( 'NONE', #7131, 1000.000000000000000 ) ;
#5332 = CARTESIAN_POINT ( 'NONE',  ( -5.000000000000008882, 9.183213576775900758E-15, -34.85315646955161384 ) ) ;
#5333 = CARTESIAN_POINT ( 'NONE',  ( -0.4974474678478176815, -4.502552532152182430, -55.11327242307180541 ) ) ;
#5334 = EDGE_LOOP ( 'NONE', ( #6859, #4234, #2437, #4557 ) ) ;
#5335 = ORIENTED_EDGE ( 'NONE', *, *, #1890, .F. ) ;
#5336 = CARTESIAN_POINT ( 'NONE',  ( 0.000000000000000000, 0.000000000000000000, -68.00000000000000000 ) ) ;
#5337 = EDGE_CURVE ( 'NONE', #5198, #4005, #6748, .T. ) ;
#5338 = CARTESIAN_POINT ( 'NONE',  ( 4.960065625082963336, -0.03993437491703660802, -100.4186897864757384 ) ) ;
#5339 = AXIS2_PLACEMENT_3D ( 'NONE', #5543, #2942, #6261 ) ;
#5340 = ORIENTED_EDGE ( 'NONE', *, *, #671, .F. ) ;
#5341 = ADVANCED_FACE ( 'NONE', ( #3690 ), #2295, .F. ) ;
#5342 = EDGE_CURVE ( 'NONE', #2726, #101, #2883, .T. ) ;
#5343 = CARTESIAN_POINT ( 'NONE',  ( 4.282386290039718268, -0.7176137099602819536, -92.20222873041527123 ) ) ;
#5344 = DIRECTION ( 'NONE',  ( 1.224646799147353207E-16, 1.000000000000000000, 0.000000000000000000 ) ) ;
#5345 = ADVANCED_FACE ( 'NONE', ( #6431 ), #3589, .T. ) ;
#5346 = CARTESIAN_POINT ( 'NONE',  ( -4.935956332719889872, -0.06404366728011029464, -94.77440186598522587 ) ) ;
#5347 = DIRECTION ( 'NONE',  ( -0.000000000000000000, -0.000000000000000000, 1.000000000000000000 ) ) ;
#5348 = VERTEX_POINT ( 'NONE', #4280 ) ;
#5349 = TOROIDAL_SURFACE ( 'NONE', #3902, 1.000000000000000000, 4.000000000000000000 ) ;
#5350 = CARTESIAN_POINT ( 'NONE',  ( -0.4915337874217825531, -4.508466212578217558, -58.89376480693212557 ) ) ;
#5351 = B_SPLINE_CURVE_WITH_KNOTS ( 'NONE', 3,
 ( #5938, #1199, #5316, #3921, #6658, #1059, #5850, #514, #3249, #2583, #8058, #1919 ),
 .UNSPECIFIED., .F., .F.,
 ( 4, 2, 2, 2, 2, 4 ),
 ( 0.003504634718722896263, 0.003941423334001193345, 0.004378211949279489992, 0.005251789179836083288, 0.006125366410392676583, 0.006998943640949270746 ),
 .UNSPECIFIED. ) ;
#5352 = DIRECTION ( 'NONE',  ( 1.000000000000000000, 0.000000000000000000, 0.000000000000000000 ) ) ;
#5353 = ORIENTED_EDGE ( 'NONE', *, *, #7844, .F. ) ;
#5354 = ADVANCED_FACE ( 'NONE', ( #5629 ), #450, .T. ) ;
#5355 = VERTEX_POINT ( 'NONE', #4959 ) ;
#5356 = CARTESIAN_POINT ( 'NONE',  ( 0.000000000000000000, 0.000000000000000000, -22.00000000000000000 ) ) ;
#5357 = DIRECTION ( 'NONE',  ( 1.224646799147353207E-16, 1.000000000000000000, 0.000000000000000000 ) ) ;
#5358 = CARTESIAN_POINT ( 'NONE',  ( -1.034161160027613667E-12, -4.999999999998964384, -89.85274279208600490 ) ) ;
#5359 = DIRECTION ( 'NONE',  ( 0.000000000000000000, -0.000000000000000000, 1.000000000000000000 ) ) ;
#5360 = APPROVAL_DATE_TIME ( #2628, #7081 ) ;
#5361 = VERTEX_POINT ( 'NONE', #7691 ) ;
#5362 = B_SPLINE_CURVE_WITH_KNOTS ( 'NONE', 3,
 ( #2735, #8869, #3397, #6901, #762, #8285, #5549, #4928, #128, #2140, #4804, #663, #2864, #7533, #1397, #1443 ),
 .UNSPECIFIED., .F., .F.,
 ( 4, 2, 2, 2, 2, 2, 2, 4 ),
 ( 4.818711198784750707E-07, 0.0008765200830206374468, 0.001314539188971016988, 0.001752558294921396529, 0.002190577400871775854, 0.002628596506822155395, 0.003066615612772534936, 0.003504634718722914478 ),
 .UNSPECIFIED. ) ;
#5363 = CARTESIAN_POINT ( 'NONE',  ( -4.872131520502826163, -0.1278684794971741423, -85.50740203054003530 ) ) ;
#5364 = DIRECTION ( 'NONE',  ( -0.000000000000000000, -0.000000000000000000, 1.000000000000000000 ) ) ;
#5365 = DIRECTION ( 'NONE',  ( -0.000000000000000000, -0.000000000000000000, 1.000000000000000000 ) ) ;
#5366 = CARTESIAN_POINT ( 'NONE',  ( 4.739198801701951957, -0.2608011982980471544, -58.40923771779445417 ) ) ;
#5367 = ORIENTED_EDGE ( 'NONE', *, *, #942, .T. ) ;
#5368 = CARTESIAN_POINT ( 'NONE',  ( 5.000000000000008882, 9.116509732179624606E-15, -40.35315646955162094 ) ) ;
#5369 = ADVANCED_FACE ( 'NONE', ( #3608 ), #2938, .F. ) ;
#5370 = DIRECTION ( 'NONE',  ( -0.000000000000000000, -0.000000000000000000, 1.000000000000000000 ) ) ;
#5371 = CARTESIAN_POINT ( 'NONE',  ( 4.840676868219848217, -0.1593231317801527824, -17.35321941568363258 ) ) ;
#5372 = CARTESIAN_POINT ( 'NONE',  ( 0.9582157396373277569, -4.041784260362672576, -86.97622534969822539 ) ) ;
#5373 = CARTESIAN_POINT ( 'NONE',  ( -0.9999999999999986677, 1.224646799147351728E-16, -122.9999999999999716 ) ) ;
#5374 = CARTESIAN_POINT ( 'NONE',  ( 0.000000000000000000, 0.000000000000000000, -120.2499999999999858 ) ) ;
#5375 = CARTESIAN_POINT ( 'NONE',  ( 0.1278684794971299554, -4.872131520502869684, -72.49259796946017786 ) ) ;
#5376 = CARTESIAN_POINT ( 'NONE',  ( 0.4974474678478205125, -4.502552532152180653, -115.6132724230717912 ) ) ;
#5377 = CARTESIAN_POINT ( 'NONE',  ( -0.4321793203734952127, -4.567820679626504621, -33.22657376275979857 ) ) ;
#5378 = CARTESIAN_POINT ( 'NONE',  ( 0.000000000000000000, 0.000000000000000000, -117.5000000000000000 ) ) ;
#5379 = DIRECTION ( 'NONE',  ( 1.000000000000000000, 0.000000000000000000, 0.000000000000000000 ) ) ;
#5380 = VERTEX_POINT ( 'NONE', #7734 ) ;
#5381 = CARTESIAN_POINT ( 'NONE',  ( -4.991698401481079905, -0.008301598518919178771, -68.29625362935772159 ) ) ;
#5382 = CARTESIAN_POINT ( 'NONE',  ( 0.9582157396402195548, -4.041784260359780667, -9.976225349700708733 ) ) ;
#5383 = CARTESIAN_POINT ( 'NONE',  ( 0.9999999999999995559, 0.000000000000000000, 0.000000000000000000 ) ) ;
#5384 = EDGE_CURVE ( 'NONE', #589, #1552, #7169, .T. ) ;
#5385 = VERTEX_POINT ( 'NONE', #7240 ) ;
#5386 = CARTESIAN_POINT ( 'NONE',  ( -0.3138588208043030514, -4.686141179195698392, -82.96532131222956252 ) ) ;
#5387 = CARTESIAN_POINT ( 'NONE',  ( 6.422627322555733307E-16, -4.999999999999999112, -23.85274279211298776 ) ) ;
#5388 = ORIENTED_EDGE ( 'NONE', *, *, #8301, .F. ) ;
#5389 = ORIENTED_EDGE ( 'NONE', *, *, #8502, .T. ) ;
#5390 = DIRECTION ( 'NONE',  ( -0.000000000000000000, -0.000000000000000000, 1.000000000000000000 ) ) ;
#5391 = CARTESIAN_POINT ( 'NONE',  ( -0.7177365438799019337, -4.282263456120097622, -120.7976203301355582 ) ) ;
#5392 = EDGE_CURVE ( 'NONE', #6104, #3704, #3881, .T. ) ;
#5393 = AXIS2_PLACEMENT_3D ( 'NONE', #1517, #7609, #7051 ) ;
#5394 = B_SPLINE_CURVE_WITH_KNOTS ( 'NONE', 3,
 ( #3736, #8404, #7733, #1603, #917, #5712, #3644, #8446, #2308, #7779, #4365, #7101, #4698, #4010, #7381, #6703 ),
 .UNSPECIFIED., .F., .F.,
 ( 4, 2, 2, 2, 2, 2, 2, 4 ),
 ( 4.818711198921445942E-07, 0.0008765200830275162759, 0.001314539188981341412, 0.001752558294935166548, 0.002190577400888991250, 0.002628596506842816385, 0.003066615612796641521, 0.003504634718750467091 ),
 .UNSPECIFIED. ) ;
#5395 = CARTESIAN_POINT ( 'NONE',  ( -0.06459124883191534605, -4.935408751168083974, -105.7716523491349108 ) ) ;
#5396 = FACE_OUTER_BOUND ( 'NONE', #6794, .T. ) ;
#5397 = EDGE_CURVE ( 'NONE', #8224, #1689, #5231, .T. ) ;
#5398 = DIRECTION ( 'NONE',  ( 0.000000000000000000, 0.000000000000000000, 1.000000000000000000 ) ) ;
#5399 = CIRCLE ( 'NONE', #8534, 3.904737509655562544 ) ;
#5400 = ORIENTED_EDGE ( 'NONE', *, *, #5441, .F. ) ;
#5401 = EDGE_LOOP ( 'NONE', ( #6882, #7749, #6735, #1275 ) ) ;
#5402 = CARTESIAN_POINT ( 'NONE',  ( -3.671958834454343013, -1.328041165545656765, -87.25000000000000000 ) ) ;
#5403 = CARTESIAN_POINT ( 'NONE',  ( 0.6401341107417209964, -4.359865889258280447, -60.39874954628655956 ) ) ;
#5404 = AXIS2_PLACEMENT_3D ( 'NONE', #7511, #6832, #3339 ) ;
#5405 = DIRECTION ( 'NONE',  ( 1.000000000000000000, 0.000000000000000000, 0.000000000000000000 ) ) ;
#5406 = CARTESIAN_POINT ( 'NONE',  ( 4.872698163711064900, -0.1273018362889369592, -121.9946127906161166 ) ) ;
#5407 = ORIENTED_EDGE ( 'NONE', *, *, #5167, .F. ) ;
#5408 = DIRECTION ( 'NONE',  ( -0.000000000000000000, -0.000000000000000000, 1.000000000000000000 ) ) ;
#5409 = CARTESIAN_POINT ( 'NONE',  ( 0.000000000000000000, 0.000000000000000000, -95.50000000000000000 ) ) ;
#5410 = CYLINDRICAL_SURFACE ( 'NONE', #2626, 0.9999999999999995559 ) ;
#5411 = VECTOR ( 'NONE', #4561, 1000.000000000000000 ) ;
#5412 = CYLINDRICAL_SURFACE ( 'NONE', #4398, 0.9999999999999995559 ) ;
#5413 = CARTESIAN_POINT ( 'NONE',  ( -5.000000000000285105, 2.853331553957207015E-13, -51.50000000000021316 ) ) ;
#5414 = DIRECTION ( 'NONE',  ( 1.000000000000000000, 0.000000000000000000, 0.000000000000000000 ) ) ;
#5415 = DIRECTION ( 'NONE',  ( 1.000000000000000000, 0.000000000000000000, 0.000000000000000000 ) ) ;
#5416 = CARTESIAN_POINT ( 'NONE',  ( 0.6401341107417179987, -4.359865889258282223, -10.89874954628655779 ) ) ;
#5417 = ORIENTED_EDGE ( 'NONE', *, *, #1903, .T. ) ;
#5418 = FACE_OUTER_BOUND ( 'NONE', #4228, .T. ) ;
#5419 = CIRCLE ( 'NONE', #2408, 2.000000000000001776 ) ;
#5420 = LINE ( 'NONE', #4071, #8062 ) ;
#5421 = ORIENTED_EDGE ( 'NONE', *, *, #3910, .T. ) ;
#5422 = CARTESIAN_POINT ( 'NONE',  ( -4.739198801701949293, -0.2608011982980511512, -69.40923771779445417 ) ) ;
#5423 = CIRCLE ( 'NONE', #6854, 3.999999999999996447 ) ;
#5424 = CARTESIAN_POINT ( 'NONE',  ( 0.000000000000000000, 0.000000000000000000, -101.0000000000000000 ) ) ;
#5425 = CARTESIAN_POINT ( 'NONE',  ( 3.904737509655567873, 0.000000000000000000, -54.25000000000000000 ) ) ;
#5426 = DIRECTION ( 'NONE',  ( 1.000000000000000000, 0.000000000000000000, 0.000000000000000000 ) ) ;
#5427 = ORIENTED_EDGE ( 'NONE', *, *, #732, .F. ) ;
#5428 = EDGE_LOOP ( 'NONE', ( #4434, #5473, #2145 ) ) ;
#5429 = DIRECTION ( 'NONE',  ( 1.000000000000000000, 0.000000000000000000, 0.000000000000000000 ) ) ;
#5430 = CARTESIAN_POINT ( 'NONE',  ( 0.3138588207986363621, -4.686141179201362306, -22.46532131224214268 ) ) ;
#5431 = ORIENTED_EDGE ( 'NONE', *, *, #3566, .F. ) ;
#5432 = CARTESIAN_POINT ( 'NONE',  ( 0.000000000000000000, 0.000000000000000000, -42.49999999999999289 ) ) ;
#5433 = CARTESIAN_POINT ( 'NONE',  ( -0.2517800035653550705, -4.748219996434644763, -19.90883637236998283 ) ) ;
#5434 = CARTESIAN_POINT ( 'NONE',  ( -4.567820679631959813, -0.4321793203680409090, -14.77342623723035508 ) ) ;
#5435 = AXIS2_PLACEMENT_3D ( 'NONE', #5898, #8634, #8718 ) ;
#5436 = PLANE ( 'NONE',  #8758 ) ;
#5437 = EDGE_CURVE ( 'NONE', #6174, #8209, #6285, .T. ) ;
#5438 = AXIS2_PLACEMENT_3D ( 'NONE', #4560, #6570, #5981 ) ;
#5439 = ORIENTED_EDGE ( 'NONE', *, *, #6605, .T. ) ;
#5440 = EDGE_CURVE ( 'NONE', #5751, #7029, #6617, .T. ) ;
#5441 = EDGE_CURVE ( 'NONE', #501, #4533, #4458, .T. ) ;
#5442 = VERTEX_POINT ( 'NONE', #3168 ) ;
#5443 = CARTESIAN_POINT ( 'NONE',  ( -4.686141179201310791, -0.3138588207986893752, -86.03467868775797456 ) ) ;
#5444 = EDGE_CURVE ( 'NONE', #489, #5574, #302, .T. ) ;
#5445 = CARTESIAN_POINT ( 'NONE',  ( 0.000000000000000000, -5.000000000000000000, -62.50000000000000000 ) ) ;
#5446 = AXIS2_PLACEMENT_3D ( 'NONE', #1896, #3988, #6593 ) ;
#5447 = DIRECTION ( 'NONE',  ( -0.000000000000000000, -0.000000000000000000, 1.000000000000000000 ) ) ;
#5448 = CARTESIAN_POINT ( 'NONE',  ( 4.360868809976721217, -0.6391311900232802268, -120.9001613215527300 ) ) ;
#5449 = EDGE_LOOP ( 'NONE', ( #6475, #6837, #2866 ) ) ;
#5450 = CARTESIAN_POINT ( 'NONE',  ( 4.508466212578265520, -0.4915337874217327041, -38.60623519306795970 ) ) ;
#5451 = DIRECTION ( 'NONE',  ( -1.000000000000000000, 1.224646799147353207E-16, 0.000000000000000000 ) ) ;
#5452 = DIRECTION ( 'NONE',  ( 0.000000000000000000, -1.000000000000000000, 0.000000000000000000 ) ) ;
#5453 = CIRCLE ( 'NONE', #5881, 3.904737509655565209 ) ;
#5454 = CARTESIAN_POINT ( 'NONE',  ( 4.832344906989096245, -0.1676550930109041992, -30.64546193740920188 ) ) ;
#5455 = CARTESIAN_POINT ( 'NONE',  ( -3.862796825714234217, -1.137203174285766671, -48.87100116288254981 ) ) ;
#5456 = CARTESIAN_POINT ( 'NONE',  ( -1.000000000000000000, 1.224646799147353207E-16, -117.5000000000000000 ) ) ;
#5457 = DIRECTION ( 'NONE',  ( 0.000000000000000000, 0.000000000000000000, -1.000000000000000000 ) ) ;
#5458 = CARTESIAN_POINT ( 'NONE',  ( 0.7176137099602452052, -4.282386290039755572, -10.79777126958476785 ) ) ;
#5459 = CIRCLE ( 'NONE', #3321, 4.000000000000000000 ) ;
#5460 = CARTESIAN_POINT ( 'NONE',  ( 1.000000000000000000, 0.000000000000000000, -62.50000000000000000 ) ) ;
#5461 = CARTESIAN_POINT ( 'NONE',  ( 0.000000000000000000, 0.000000000000000000, -2.000000000000000000 ) ) ;
#5462 = VECTOR ( 'NONE', #5528, 1000.000000000000114 ) ;
#5463 = CARTESIAN_POINT ( 'NONE',  ( 1.328041165545661428, -3.671958834454339016, -15.75000000000000000 ) ) ;
#5464 = EDGE_CURVE ( 'NONE', #4554, #5225, #8060, .T. ) ;
#5465 = CARTESIAN_POINT ( 'NONE',  ( -4.872131520502827939, -0.1278684794971737537, -19.50740203054002819 ) ) ;
#5466 = CARTESIAN_POINT ( 'NONE',  ( 1.000000000000000000, 0.000000000000000000, -7.500000000000003553 ) ) ;
#5467 = AXIS2_PLACEMENT_3D ( 'NONE', #3103, #4396, #8617 ) ;
#5468 = CIRCLE ( 'NONE', #1183, 1.000000000000000000 ) ;
#5469 = CARTESIAN_POINT ( 'NONE',  ( 0.000000000000000000, 0.000000000000000000, -95.50000000000000000 ) ) ;
#5470 = FACE_OUTER_BOUND ( 'NONE', #946, .T. ) ;
#5471 = FACE_OUTER_BOUND ( 'NONE', #5552, .T. ) ;
#5472 = VERTEX_POINT ( 'NONE', #3964 ) ;
#5473 = ORIENTED_EDGE ( 'NONE', *, *, #4902, .T. ) ;
#5474 = CARTESIAN_POINT ( 'NONE',  ( -0.1593231317801983293, -4.840676868219801143, -58.14678058431651664 ) ) ;
#5475 = VECTOR ( 'NONE', #5642, 1000.000000000000000 ) ;
#5476 = VERTEX_POINT ( 'NONE', #1743 ) ;
#5477 = B_SPLINE_CURVE_WITH_KNOTS ( 'NONE', 3,
 ( #421, #3817, #1913, #3954, #1234, #3913, #4649, #4460, #3112, #6562, #5842, #3159, #3241, #5891, #1143, #1815 ),
 .UNSPECIFIED., .F., .F.,
 ( 4, 2, 2, 2, 2, 2, 2, 4 ),
 ( 4.818711198665871750E-07, 0.0008765200830274456944, 0.001314539188981235377, 0.001752558294935024951, 0.002190577400888814308, 0.002628596506842603882, 0.003066615612796393456, 0.003504634718750183030 ),
 .UNSPECIFIED. ) ;
#5478 = ORIENTED_EDGE ( 'NONE', *, *, #4692, .T. ) ;
#5479 = CARTESIAN_POINT ( 'NONE',  ( -4.991698401481079905, -0.008301598518919178771, -79.29625362935772159 ) ) ;
#5480 = CARTESIAN_POINT ( 'NONE',  ( 4.959369330385073660, -0.04063066961492575041, -41.08613448345568031 ) ) ;
#5481 = SECURITY_CLASSIFICATION ( '', '', #7951 ) ;
#5482 = CARTESIAN_POINT ( 'NONE',  ( -5.000000000000285993, 2.863267262836209146E-13, -57.00000000000020606 ) ) ;
#5483 = FACE_OUTER_BOUND ( 'NONE', #5449, .T. ) ;
#5484 = ORIENTED_EDGE ( 'NONE', *, *, #5944, .F. ) ;
#5485 = CARTESIAN_POINT ( 'NONE',  ( 0.06404366728014536381, -4.935956332719855233, -74.22559813401497308 ) ) ;
#5486 = CARTESIAN_POINT ( 'NONE',  ( -5.000000000000281553, 2.811725620256466210E-13, -84.50000000000021316 ) ) ;
#5487 = FACE_OUTER_BOUND ( 'NONE', #6445, .T. ) ;
#5488 = EDGE_CURVE ( 'NONE', #3224, #5797, #775, .T. ) ;
#5489 = CARTESIAN_POINT ( 'NONE',  ( -3.904737509655567429, 4.781924292710297523E-16, -37.75000000000000000 ) ) ;
#5490 = CARTESIAN_POINT ( 'NONE',  ( 4.740996707076430283, -0.2590032929235690506, -121.5954032727459122 ) ) ;
#5491 = EDGE_LOOP ( 'NONE', ( #3892, #5697, #3796 ) ) ;
#5492 = DIRECTION ( 'NONE',  ( 1.000000000000000000, 0.000000000000000000, 0.000000000000000000 ) ) ;
#5493 = CARTESIAN_POINT ( 'NONE',  ( 0.000000000000000000, 0.000000000000000000, -120.9999999999999716 ) ) ;
#5494 = CARTESIAN_POINT ( 'NONE',  ( 0.1278684795021247378, -4.872131520497876345, -88.99259796944160428 ) ) ;
#5495 = DIRECTION ( 'NONE',  ( -1.000000000000000000, 1.224646799147353454E-16, 0.000000000000000000 ) ) ;
#5496 = CARTESIAN_POINT ( 'NONE',  ( -4.282386290039718268, -0.7176137099602820646, -119.7022287304152712 ) ) ;
#5497 = EDGE_CURVE ( 'NONE', #782, #2232, #7893, .T. ) ;
#5498 = DIRECTION ( 'NONE',  ( -0.000000000000000000, -0.000000000000000000, 1.000000000000000000 ) ) ;
#5499 = CARTESIAN_POINT ( 'NONE',  ( -3.904737509655567873, 4.781924292710298509E-16, -103.7500000000000000 ) ) ;
#5500 = DIRECTION ( 'NONE',  ( -0.000000000000000000, -0.000000000000000000, 1.000000000000000000 ) ) ;
#5501 = DIRECTION ( 'NONE',  ( -0.000000000000000000, -0.000000000000000000, 1.000000000000000000 ) ) ;
#5502 = EDGE_CURVE ( 'NONE', #5272, #489, #8056, .T. ) ;
#5503 = CARTESIAN_POINT ( 'NONE',  ( 0.000000000000000000, 0.000000000000000000, 0.000000000000000000 ) ) ;
#5504 = CARTESIAN_POINT ( 'NONE',  ( -4.508466212578269072, -0.4915337874217310388, -104.6062351930679881 ) ) ;
#5505 = CARTESIAN_POINT ( 'NONE',  ( -4.872131520502826163, -0.1278684794971741423, -69.00740203054000688 ) ) ;
#5506 = CARTESIAN_POINT ( 'NONE',  ( 1.328041165545665425, -3.671958834454334575, -59.75000000000000000 ) ) ;
#5507 = CARTESIAN_POINT ( 'NONE',  ( -1.328041165545657876, -3.671958834454342124, -37.75000000000000000 ) ) ;
#5508 = CARTESIAN_POINT ( 'NONE',  ( 0.000000000000000000, 0.000000000000000000, -90.00000000000000000 ) ) ;
#5509 = ORIENTED_EDGE ( 'NONE', *, *, #5384, .T. ) ;
#5510 = ORIENTED_EDGE ( 'NONE', *, *, #2804, .T. ) ;
#5511 = CARTESIAN_POINT ( 'NONE',  ( -4.991957775357465543, -0.008042224642535390072, -56.70753412542730132 ) ) ;
#5512 = CARTESIAN_POINT ( 'NONE',  ( 1.027174926393432362E-12, -4.999999999998974154, -84.35274279208620385 ) ) ;
#5513 = VERTEX_POINT ( 'NONE', #6203 ) ;
#5514 = EDGE_LOOP ( 'NONE', ( #7086, #3578, #7542, #5302 ) ) ;
#5515 = CARTESIAN_POINT ( 'NONE',  ( 4.935956332719889872, -0.06404366728011023913, -72.77440186598521166 ) ) ;
#5516 = CARTESIAN_POINT ( 'NONE',  ( -3.671958834454334575, -1.328041165545665425, -48.75000000000000000 ) ) ;
#5517 = EDGE_CURVE ( 'NONE', #604, #1835, #3341, .T. ) ;
#5518 = ORIENTED_EDGE ( 'NONE', *, *, #3959, .T. ) ;
#5519 = CARTESIAN_POINT ( 'NONE',  ( -0.1278684795021247100, -4.872131520497876345, -105.4925979694415901 ) ) ;
#5520 = CARTESIAN_POINT ( 'NONE',  ( -1.000000000000000000, 1.224646799147353207E-16, -84.50000000000000000 ) ) ;
#5521 = CARTESIAN_POINT ( 'NONE',  ( 0.000000000000000000, 0.000000000000000000, -79.00000000000000000 ) ) ;
#5522 = ORIENTED_EDGE ( 'NONE', *, *, #3891, .F. ) ;
#5523 = CIRCLE ( 'NONE', #7117, 1.000000000000000000 ) ;
#5524 = DIRECTION ( 'NONE',  ( 1.000000000000000000, 0.000000000000000000, 0.000000000000000000 ) ) ;
#5525 = ORIENTED_EDGE ( 'NONE', *, *, #8522, .T. ) ;
#5526 = FACE_OUTER_BOUND ( 'NONE', #2837, .T. ) ;
#5527 = CARTESIAN_POINT ( 'NONE',  ( 0.000000000000000000, 0.000000000000000000, -4.000000000000000000 ) ) ;
#5528 = DIRECTION ( 'NONE',  ( 0.7071067811865474617, 0.7071067811865474617, 0.000000000000000000 ) ) ;
#5529 = ORIENTED_EDGE ( 'NONE', *, *, #5824, .T. ) ;
#5530 = AXIS2_PLACEMENT_3D ( 'NONE', #650, #6887, #7434 ) ;
#5531 = CARTESIAN_POINT ( 'NONE',  ( 0.000000000000000000, 0.000000000000000000, -73.50000000000001421 ) ) ;
#5532 = CARTESIAN_POINT ( 'NONE',  ( -4.935956332719893425, -0.06404366728010728316, -23.27440186598523297 ) ) ;
#5533 = CARTESIAN_POINT ( 'NONE',  ( -3.671958834454334575, -1.328041165545665425, -59.75000000000000000 ) ) ;
#5534 = CIRCLE ( 'NONE', #7975, 2.000000000000000000 ) ;
#5535 = CARTESIAN_POINT ( 'NONE',  ( 0.000000000000000000, 0.000000000000000000, -59.75000000000000000 ) ) ;
#5536 = DIRECTION ( 'NONE',  ( 1.000000000000000000, 0.000000000000000000, 0.000000000000000000 ) ) ;
#5537 = DIRECTION ( 'NONE',  ( -0.000000000000000000, -0.000000000000000000, 1.000000000000000000 ) ) ;
#5538 = CYLINDRICAL_SURFACE ( 'NONE', #6601, 0.9999999999999995559 ) ;
#5539 = CARTESIAN_POINT ( 'NONE',  ( -4.872131520502826163, -0.1278684794971741423, -96.50740203054000688 ) ) ;
#5540 = CARTESIAN_POINT ( 'NONE',  ( 4.991698401481086123, -0.008301598518914109909, -46.29625362935772159 ) ) ;
#5541 = CARTESIAN_POINT ( 'NONE',  ( 0.9999999999999995559, 0.000000000000000000, 0.000000000000000000 ) ) ;
#5542 = AXIS2_PLACEMENT_3D ( 'NONE', #2086, #5537, #161 ) ;
#5543 = CARTESIAN_POINT ( 'NONE',  ( 1.000000000000000000, 0.000000000000000000, -73.50000000000001421 ) ) ;
#5544 = AXIS2_PLACEMENT_3D ( 'NONE', #6799, #6759, #8103 ) ;
#5545 = EDGE_CURVE ( 'NONE', #857, #776, #4028, .T. ) ;
#5546 = CARTESIAN_POINT ( 'NONE',  ( -4.935408751172076336, -0.06459124882792278977, -68.72834765084402875 ) ) ;
#5547 = CARTESIAN_POINT ( 'NONE',  ( 4.999999999999986677, -1.267690684684465825E-14, -101.1472572078872503 ) ) ;
#5548 = ADVANCED_FACE ( 'NONE', ( #4699 ), #1462, .T. ) ;
#5549 = CARTESIAN_POINT ( 'NONE',  ( -0.4321793203734949351, -4.567820679626505509, -38.72657376275980567 ) ) ;
#5550 = CIRCLE ( 'NONE', #826, 2.000000000000001776 ) ;
#5551 = DIRECTION ( 'NONE',  ( 1.224646799147353207E-16, 1.000000000000000000, 0.000000000000000000 ) ) ;
#5552 = EDGE_LOOP ( 'NONE', ( #5843, #3284, #4439 ) ) ;
#5553 = ORIENTED_EDGE ( 'NONE', *, *, #2656, .F. ) ;
#5554 = FACE_OUTER_BOUND ( 'NONE', #7120, .T. ) ;
#5555 = EDGE_CURVE ( 'NONE', #2412, #5123, #4786, .T. ) ;
#5556 = ORIENTED_EDGE ( 'NONE', *, *, #1611, .F. ) ;
#5557 = EDGE_CURVE ( 'NONE', #8571, #5348, #6454, .T. ) ;
#5558 = AXIS2_PLACEMENT_3D ( 'NONE', #5611, #4260, #2920 ) ;
#5559 = VERTEX_POINT ( 'NONE', #4866 ) ;
#5560 = DIRECTION ( 'NONE',  ( -0.000000000000000000, -0.000000000000000000, 1.000000000000000000 ) ) ;
#5561 = CARTESIAN_POINT ( 'NONE',  ( -4.282386290039716492, -0.7176137099602828417, -48.20222873041527833 ) ) ;
#5562 = AXIS2_PLACEMENT_3D ( 'NONE', #2588, #4060, #5902 ) ;
#5563 = CARTESIAN_POINT ( 'NONE',  ( -0.4974474678531847216, -4.502552532146815167, -104.6132724230630231 ) ) ;
#5564 = CARTESIAN_POINT ( 'NONE',  ( 4.686141179201310791, -0.3138588207986893752, -69.53467868775797456 ) ) ;
#5565 = FACE_OUTER_BOUND ( 'NONE', #5428, .T. ) ;
#5566 = ORIENTED_EDGE ( 'NONE', *, *, #7141, .F. ) ;
#5567 = CIRCLE ( 'NONE', #1567, 0.9999999999999993339 ) ;
#5568 = CARTESIAN_POINT ( 'NONE',  ( 0.000000000000000000, -5.000000000000000000, -73.50000000000001421 ) ) ;
#5569 = ORIENTED_EDGE ( 'NONE', *, *, #2541, .F. ) ;
#5570 = CARTESIAN_POINT ( 'NONE',  ( 0.000000000000000000, -5.000000000000000000, 0.000000000000000000 ) ) ;
#5571 = B_SPLINE_CURVE_WITH_KNOTS ( 'NONE', 3,
 ( #1068, #5807, #386, #4331, #3128, #2404, #7061, #3649, #8590, #2986, #5717, #5192, #7921, #5050, #433, #8455 ),
 .UNSPECIFIED., .F., .F.,
 ( 4, 2, 2, 2, 2, 2, 2, 4 ),
 ( 4.818711198530449181E-07, 0.0008765200830274334429, 0.001314539188981226920, 0.001752558294935020614, 0.002190577400888814308, 0.002628596506842607351, 0.003066615612796400828, 0.003504634718750194305 ),
 .UNSPECIFIED. ) ;
#5572 = CARTESIAN_POINT ( 'NONE',  ( 0.000000000000000000, 0.000000000000000000, -46.00000000000000000 ) ) ;
#5573 = CYLINDRICAL_SURFACE ( 'NONE', #6030, 0.9999999999999988898 ) ;
#5574 = VERTEX_POINT ( 'NONE', #21 ) ;
#5575 = VECTOR ( 'NONE', #8777, 1000.000000000000000 ) ;
#5576 = CARTESIAN_POINT ( 'NONE',  ( 1.814768089492338476E-16, -5.000000000000000000, -7.352742792112993975 ) ) ;
#5577 = VERTEX_POINT ( 'NONE', #4190 ) ;
#5578 = CARTESIAN_POINT ( 'NONE',  ( -0.6335913640883067410, -4.366408635911693814, -92.10619955115775781 ) ) ;
#5579 = AXIS2_PLACEMENT_3D ( 'NONE', #537, #6009, #8745 ) ;
#5580 = DIRECTION ( 'NONE',  ( -0.000000000000000000, -0.000000000000000000, 1.000000000000000000 ) ) ;
#5581 = DIRECTION ( 'NONE',  ( -0.000000000000000000, -0.000000000000000000, 1.000000000000000000 ) ) ;
#5582 = DIRECTION ( 'NONE',  ( 1.000000000000000000, 0.000000000000000000, 0.000000000000000000 ) ) ;
#5583 = CARTESIAN_POINT ( 'NONE',  ( 4.502552532152134468, -0.4974474678478660872, -36.88672757692827275 ) ) ;
#5584 = B_SPLINE_CURVE_WITH_KNOTS ( 'NONE', 3,
 ( #4663, #5332, #3221, #2598, #2677, #4755, #8149, #4620, #3178, #1299, #1967, #1833 ),
 .UNSPECIFIED., .F., .F.,
 ( 4, 2, 2, 2, 2, 4 ),
 ( 0.003504634718750185632, 0.003941423334025070079, 0.004378211949299954525, 0.005251789179849724286, 0.006125366410399494047, 0.006998943640949262940 ),
 .UNSPECIFIED. ) ;
#5585 = CARTESIAN_POINT ( 'NONE',  ( 0.1278684795020899323, -4.872131520497910095, -94.49259796944174639 ) ) ;
#5586 = CARTESIAN_POINT ( 'NONE',  ( 3.671958834454334575, -1.328041165545665647, -48.75000000000000000 ) ) ;
#5587 = DIRECTION ( 'NONE',  ( -0.000000000000000000, -0.000000000000000000, 1.000000000000000000 ) ) ;
#5588 = TOROIDAL_SURFACE ( 'NONE', #2446, 1.000000000000000000, 4.000000000000000000 ) ;
#5589 = CIRCLE ( 'NONE', #1453, 2.000000000000001776 ) ;
#5590 = CARTESIAN_POINT ( 'NONE',  ( 0.4974474678531453642, -4.502552532146853359, -110.1132724230630799 ) ) ;
#5591 = B_SPLINE_CURVE_WITH_KNOTS ( 'NONE', 3,
 ( #1783, #3248, #1101, #5268, #3734, #5897, #1740, #4512, #1058, #4471, #7144, #3920, #3781, #379, #1691, #426 ),
 .UNSPECIFIED., .F., .F.,
 ( 4, 2, 2, 2, 2, 2, 2, 4 ),
 ( 4.818711198576264135E-07, 0.0008765200830206172807, 0.001314539188970997039, 0.001752558294921376797, 0.002190577400871756772, 0.002628596506822136747, 0.003066615612772516288, 0.003504634718722896263 ),
 .UNSPECIFIED. ) ;
#5592 = DIRECTION ( 'NONE',  ( -1.000000000000000000, 1.224646799147353207E-16, 0.000000000000000000 ) ) ;
#5593 = CARTESIAN_POINT ( 'NONE',  ( -4.832344906989098021, -0.1676550930109025062, -63.64546193740920899 ) ) ;
#5594 = TOROIDAL_SURFACE ( 'NONE', #6746, 1.000000000000000000, 3.999999999999996447 ) ;
#5595 = AXIS2_PLACEMENT_3D ( 'NONE', #7046, #7771, #6374 ) ;
#5596 = DIRECTION ( 'NONE',  ( -0.000000000000000000, -0.000000000000000000, 1.000000000000000000 ) ) ;
#5597 = ORIENTED_EDGE ( 'NONE', *, *, #347, .F. ) ;
#5598 = EDGE_CURVE ( 'NONE', #3133, #2754, #8751, .T. ) ;
#5599 = VERTEX_POINT ( 'NONE', #1423 ) ;
#5600 = CARTESIAN_POINT ( 'NONE',  ( 0.9999999999999986677, 0.000000000000000000, -131.9999999999999716 ) ) ;
#5601 = EDGE_CURVE ( 'NONE', #6929, #4743, #4760, .T. ) ;
#5602 = DIRECTION ( 'NONE',  ( 1.000000000000000000, 0.000000000000000000, 0.000000000000000000 ) ) ;
#5603 = TOROIDAL_SURFACE ( 'NONE', #5322, 1.000000000000000000, 4.000000000000001776 ) ;
#5604 = ORIENTED_EDGE ( 'NONE', *, *, #402, .F. ) ;
#5605 = AXIS2_PLACEMENT_3D ( 'NONE', #2160, #2960, #7763 ) ;
#5606 = FACE_OUTER_BOUND ( 'NONE', #3342, .T. ) ;
#5607 = DIRECTION ( 'NONE',  ( 1.000000000000000000, 0.000000000000000000, 0.000000000000000000 ) ) ;
#5608 = DIRECTION ( 'NONE',  ( -0.000000000000000000, -0.000000000000000000, 1.000000000000000000 ) ) ;
#5609 = TOROIDAL_SURFACE ( 'NONE', #2173, 1.000000000000000000, 3.999999999999996447 ) ;
#5610 = EDGE_CURVE ( 'NONE', #1308, #2821, #2152, .T. ) ;
#5611 = CARTESIAN_POINT ( 'NONE',  ( 0.000000000000000000, 0.000000000000000000, -38.50000000000000000 ) ) ;
#5612 = CARTESIAN_POINT ( 'NONE',  ( 4.502552532152134468, -0.4974474678478654210, -69.88672757692823723 ) ) ;
#5613 = DIRECTION ( 'NONE',  ( 1.000000000000000000, 0.000000000000000000, 0.000000000000000000 ) ) ;
#5614 = EDGE_CURVE ( 'NONE', #1077, #1099, #1167, .T. ) ;
#5615 = VERTEX_POINT ( 'NONE', #196 ) ;
#5616 = CARTESIAN_POINT ( 'NONE',  ( 1.000000000000000000, 0.000000000000000000, -79.00000000000000000 ) ) ;
#5617 = EDGE_CURVE ( 'NONE', #7947, #3046, #157, .T. ) ;
#5618 = CARTESIAN_POINT ( 'NONE',  ( -0.06404366727607774257, -4.935956332723923978, -35.72559813399347917 ) ) ;
#5619 = CARTESIAN_POINT ( 'NONE',  ( 0.04063066961489580214, -4.959369330385102970, -56.41386551654450443 ) ) ;
#5620 = ORIENTED_EDGE ( 'NONE', *, *, #5598, .F. ) ;
#5621 = AXIS2_PLACEMENT_3D ( 'NONE', #6798, #2544, #649 ) ;
#5622 = CARTESIAN_POINT ( 'NONE',  ( -3.671958834454338572, -1.328041165545661428, -21.24999999999999645 ) ) ;
#5623 = ORIENTED_EDGE ( 'NONE', *, *, #7539, .F. ) ;
#5624 = CARTESIAN_POINT ( 'NONE',  ( -4.960065625082965113, -0.03993437491703469289, -61.91868978647572419 ) ) ;
#5625 = CARTESIAN_POINT ( 'NONE',  ( 0.000000000000000000, 0.000000000000000000, -59.00000000000000000 ) ) ;
#5626 = DIRECTION ( 'NONE',  ( -0.000000000000000000, -0.000000000000000000, 1.000000000000000000 ) ) ;
#5627 = ADVANCED_FACE ( 'NONE', ( #278 ), #594, .T. ) ;
#5628 = DIRECTION ( 'NONE',  ( -0.000000000000000000, -0.000000000000000000, 1.000000000000000000 ) ) ;
#5629 = FACE_OUTER_BOUND ( 'NONE', #424, .T. ) ;
#5630 = CARTESIAN_POINT ( 'NONE',  ( 0.4321793203734998756, -4.567820679626500180, -93.72657376275982699 ) ) ;
#5631 = CYLINDRICAL_SURFACE ( 'NONE', #601, 0.9999999999999995559 ) ;
#5632 = CARTESIAN_POINT ( 'NONE',  ( 0.04063066961489641277, -4.959369330385103858, -17.91386551654451864 ) ) ;
#5633 = DIRECTION ( 'NONE',  ( 1.000000000000000000, 0.000000000000000000, 0.000000000000000000 ) ) ;
#5634 = DIRECTION ( 'NONE',  ( -0.000000000000000000, -0.000000000000000000, 1.000000000000000000 ) ) ;
#5635 = CARTESIAN_POINT ( 'NONE',  ( -0.4915337874163394072, -4.508466212583661203, -86.39376480692351379 ) ) ;
#5636 = CARTESIAN_POINT ( 'NONE',  ( 0.000000000000000000, -5.000000000000000000, -40.49999999997221778 ) ) ;
#5637 = EDGE_CURVE ( 'NONE', #5184, #8571, #7677, .T. ) ;
#5638 = CARTESIAN_POINT ( 'NONE',  ( -4.935956332719889872, -0.06404366728011053056, -78.27440186598522587 ) ) ;
#5639 = EDGE_LOOP ( 'NONE', ( #844, #3365, #1419 ) ) ;
#5640 = ORIENTED_EDGE ( 'NONE', *, *, #7034, .T. ) ;
#5641 = DIRECTION ( 'NONE',  ( -1.000000000000000000, 1.224646799147353207E-16, 0.000000000000000000 ) ) ;
#5642 = DIRECTION ( 'NONE',  ( -0.000000000000000000, -0.000000000000000000, 1.000000000000000000 ) ) ;
#5643 = EDGE_LOOP ( 'NONE', ( #4614, #2705, #7792 ) ) ;
#5644 = CARTESIAN_POINT ( 'NONE',  ( 4.959369330385070107, -0.04063066961493031620, -85.08613448345570873 ) ) ;
#5645 = CARTESIAN_POINT ( 'NONE',  ( -1.000000000000000000, 1.224646799147353207E-16, -13.00000000000000355 ) ) ;
#5646 = FACE_OUTER_BOUND ( 'NONE', #2828, .T. ) ;
#5647 = EDGE_CURVE ( 'NONE', #1916, #2347, #1747, .T. ) ;
#5648 = CARTESIAN_POINT ( 'NONE',  ( 1.000000000000000000, 0.000000000000000000, -32.99999999999999289 ) ) ;
#5649 = CARTESIAN_POINT ( 'NONE',  ( 1.137203174285775775, -3.862796825714225779, -15.62899883711745730 ) ) ;
#5650 = CARTESIAN_POINT ( 'NONE',  ( 0.03993437491365121189, -4.960065625086347296, -90.58131021350165213 ) ) ;
#5651 = VERTEX_POINT ( 'NONE', #8489 ) ;
#5652 = EDGE_CURVE ( 'NONE', #8604, #4817, #6168, .T. ) ;
#5653 = CARTESIAN_POINT ( 'NONE',  ( -4.999999999999986677, -1.245921937940029991E-14, -112.1472572078872645 ) ) ;
#5654 = ADVANCED_FACE ( 'NONE', ( #3017 ), #5573, .F. ) ;
#5655 = CARTESIAN_POINT ( 'NONE',  ( -1.137203174284270757, -3.862796825715730353, -37.62899883711651228 ) ) ;
#5656 = DIRECTION ( 'NONE',  ( -0.000000000000000000, -0.000000000000000000, 1.000000000000000000 ) ) ;
#5657 = VERTEX_POINT ( 'NONE', #4406 ) ;
#5658 = ORIENTED_EDGE ( 'NONE', *, *, #5704, .T. ) ;
#5659 = EDGE_CURVE ( 'NONE', #532, #5380, #8568, .T. ) ;
#5660 = CARTESIAN_POINT ( 'NONE',  ( 0.000000000000000000, -5.000000000000000000, -131.9999999999999716 ) ) ;
#5661 = EDGE_LOOP ( 'NONE', ( #1733, #4716, #5620, #5335 ) ) ;
#5662 = CARTESIAN_POINT ( 'NONE',  ( 0.000000000000000000, 0.000000000000000000, -101.0000000000000000 ) ) ;
#5663 = CARTESIAN_POINT ( 'NONE',  ( 0.7177365438799021558, -4.282263456120096734, -120.7976203301355582 ) ) ;
#5664 = AXIS2_PLACEMENT_3D ( 'NONE', #138, #5560, #2071 ) ;
#5665 = CARTESIAN_POINT ( 'NONE',  ( 1.000000000000000000, 0.000000000000000000, -46.00000000000000000 ) ) ;
#5666 = DIRECTION ( 'NONE',  ( -0.000000000000000000, -0.000000000000000000, 1.000000000000000000 ) ) ;
#5667 = CARTESIAN_POINT ( 'NONE',  ( -4.567820679631958924, -0.4321793203680420747, -97.27342623723035331 ) ) ;
#5668 = DIRECTION ( 'NONE',  ( -1.000000000000000000, 1.224646799147353454E-16, 0.000000000000000000 ) ) ;
#5669 = CARTESIAN_POINT ( 'NONE',  ( 0.000000000000000000, -5.000000000000000000, -45.99999999997221067 ) ) ;
#5670 = CARTESIAN_POINT ( 'NONE',  ( -4.960065625082965113, -0.03993437491703619863, -105.9186897864757526 ) ) ;
#5671 = AXIS2_PLACEMENT_3D ( 'NONE', #42, #2318, #5592 ) ;
#5672 = CYLINDRICAL_SURFACE ( 'NONE', #7417, 0.9999999999999995559 ) ;
#5673 = CARTESIAN_POINT ( 'NONE',  ( -0.6335913640931378765, -4.366408635906863900, -26.10619955116407809 ) ) ;
#5674 = DIRECTION ( 'NONE',  ( -1.000000000000000000, 1.224646799147353207E-16, 0.000000000000000000 ) ) ;
#5675 = CARTESIAN_POINT ( 'NONE',  ( 5.000000000000285993, 2.862826807771588442E-13, -57.00000000000020606 ) ) ;
#5676 = ORIENTED_EDGE ( 'NONE', *, *, #7577, .F. ) ;
#5677 = AXIS2_PLACEMENT_3D ( 'NONE', #8586, #3123, #2979 ) ;
#5678 = VERTEX_POINT ( 'NONE', #5750 ) ;
#5679 = CIRCLE ( 'NONE', #2808, 1.999999999999994893 ) ;
#5680 = DIRECTION ( 'NONE',  ( 1.000000000000000000, 0.000000000000000000, 0.000000000000000000 ) ) ;
#5681 = B_SPLINE_CURVE_WITH_KNOTS ( 'NONE', 3,
 ( #5174, #1192, #3912, #2527, #6650, #5259, #8048, #3289, #506, #4552, #4597, #7328, #3240, #7995, #5890, #1860 ),
 .UNSPECIFIED., .F., .F.,
 ( 4, 2, 2, 2, 2, 2, 2, 4 ),
 ( 4.818711198665871750E-07, 0.0008765200830274456944, 0.001314539188981235377, 0.001752558294935024951, 0.002190577400888814308, 0.002628596506842603882, 0.003066615612796393456, 0.003504634718750183030 ),
 .UNSPECIFIED. ) ;
#5682 = CARTESIAN_POINT ( 'NONE',  ( 4.040089233413050707, -0.9599107665869495154, -15.47763427936022751 ) ) ;
#5683 = ORIENTED_EDGE ( 'NONE', *, *, #7750, .F. ) ;
#5684 = DIRECTION ( 'NONE',  ( -0.000000000000000000, -0.000000000000000000, 1.000000000000000000 ) ) ;
#5685 = CIRCLE ( 'NONE', #6842, 3.904737509655567873 ) ;
#5686 = DIRECTION ( 'NONE',  ( 0.000000000000000000, 0.000000000000000000, -1.000000000000000000 ) ) ;
#5687 = CARTESIAN_POINT ( 'NONE',  ( 4.041784260359807313, -0.9582157396401911331, -87.52377465029933035 ) ) ;
#5688 = CARTESIAN_POINT ( 'NONE',  ( -0.06459124883188710475, -4.935408751168113284, -111.2716523491350387 ) ) ;
#5689 = CARTESIAN_POINT ( 'NONE',  ( 4.999999999999986677, -1.267690684684465825E-14, -68.14725720788726449 ) ) ;
#5690 = DIRECTION ( 'NONE',  ( -0.000000000000000000, -0.000000000000000000, 1.000000000000000000 ) ) ;
#5691 = B_SPLINE_CURVE_WITH_KNOTS ( 'NONE', 3,
 ( #6021, #2438, #7275, #8625, #1093, #3158, #5973, #8759, #7907, #5307, #1912, #4648, #7371, #2624, #5358, #1948 ),
 .UNSPECIFIED., .F., .F.,
 ( 4, 2, 2, 2, 2, 2, 2, 4 ),
 ( 4.818711198921445942E-07, 0.0008765200830206167385, 0.001314539188970966247, 0.001752558294921315648, 0.002190577400871664832, 0.002628596506822014015, 0.003066615612772363633, 0.003504634718722713250 ),
 .UNSPECIFIED. ) ;
#5692 = AXIS2_PLACEMENT_3D ( 'NONE', #6068, #4050, #7637 ) ;
#5693 = CARTESIAN_POINT ( 'NONE',  ( -1.024133666360662847E-12, -5.000000000001025846, -79.14684353042196108 ) ) ;
#5694 = ORIENTED_EDGE ( 'NONE', *, *, #7969, .T. ) ;
#5695 = CARTESIAN_POINT ( 'NONE',  ( -4.991957775357461990, -0.008042224642536831627, -12.70753412542731375 ) ) ;
#5696 = CIRCLE ( 'NONE', #7437, 0.9999999999999993339 ) ;
#5697 = ORIENTED_EDGE ( 'NONE', *, *, #8669, .T. ) ;
#5698 = CARTESIAN_POINT ( 'NONE',  ( -5.000000000000281553, 2.811725620256466210E-13, -73.50000000000021316 ) ) ;
#5699 = ORIENTED_EDGE ( 'NONE', *, *, #3152, .F. ) ;
#5700 = ADVANCED_FACE ( 'NONE', ( #2346 ), #7026, .T. ) ;
#5701 = EDGE_CURVE ( 'NONE', #5745, #5777, #3445, .T. ) ;
#5702 = CIRCLE ( 'NONE', #7581, 2.000000000000001776 ) ;
#5703 = APPLICATION_PROTOCOL_DEFINITION ( 'international standard', 'config_control_design', 1994, #6720 ) ;
#5704 = EDGE_CURVE ( 'NONE', #6292, #8632, #5041, .T. ) ;
#5705 = VERTEX_POINT ( 'NONE', #2439 ) ;
#5706 = EDGE_CURVE ( 'NONE', #1237, #2341, #8454, .T. ) ;
#5707 = CARTESIAN_POINT ( 'NONE',  ( -1.000000000000000000, 1.224646799147353207E-16, -13.00000000000000355 ) ) ;
#5708 = VERTEX_POINT ( 'NONE', #7861 ) ;
#5709 = CARTESIAN_POINT ( 'NONE',  ( -5.000000000000281553, 2.811725620256466210E-13, -101.0000000000002132 ) ) ;
#5710 = CARTESIAN_POINT ( 'NONE',  ( 5.000000000000006217, 5.690932028285886497E-15, -84.35315646955163515 ) ) ;
#5711 = AXIS2_PLACEMENT_3D ( 'NONE', #1655, #4374, #4430 ) ;
#5712 = CARTESIAN_POINT ( 'NONE',  ( -0.4974474678478218448, -4.502552532152178877, -115.6132724230718054 ) ) ;
#5713 = CARTESIAN_POINT ( 'NONE',  ( 4.502552532152134468, -0.4974474678478654210, -97.38672757692825144 ) ) ;
#5714 = DIRECTION ( 'NONE',  ( -1.000000000000000000, 1.224646799147353207E-16, 0.000000000000000000 ) ) ;
#5715 = CARTESIAN_POINT ( 'NONE',  ( 5.000000000000284217, 2.845106866107319290E-13, -7.500000000000213163 ) ) ;
#5716 = CARTESIAN_POINT ( 'NONE',  ( -5.000000000000007105, 5.907101895033082199E-15, -100.8531564695516209 ) ) ;
#5717 = CARTESIAN_POINT ( 'NONE',  ( 4.872131520502826163, -0.1278684794971735594, -25.00740203054002464 ) ) ;
#5718 = ADVANCED_FACE ( 'NONE', ( #7232 ), #6694, .F. ) ;
#5719 = AXIS2_PLACEMENT_3D ( 'NONE', #2077, #5364, #1954 ) ;
#5720 = CARTESIAN_POINT ( 'NONE',  ( -0.6335913640883368281, -4.366408635911663616, -114.1061995511577862 ) ) ;
#5721 = DIRECTION ( 'NONE',  ( 1.000000000000000000, 0.000000000000000000, 0.000000000000000000 ) ) ;
#5722 = CARTESIAN_POINT ( 'NONE',  ( 0.06404366727607806176, -4.935956332723922202, -41.22559813399349338 ) ) ;
#5723 = CARTESIAN_POINT ( 'NONE',  ( 0.6391311900232894416, -4.360868809976712335, -4.099838678447260243 ) ) ;
#5724 = CARTESIAN_POINT ( 'NONE',  ( 4.960065625082964225, -0.03993437491703567127, -50.91868978647571709 ) ) ;
#5725 = ORIENTED_EDGE ( 'NONE', *, *, #4259, .F. ) ;
#5726 = AXIS2_PLACEMENT_3D ( 'NONE', #3416, #6334, #5524 ) ;
#5727 = TOROIDAL_SURFACE ( 'NONE', #6307, 1.000000000000000000, 2.000000000000001776 ) ;
#5728 = EDGE_CURVE ( 'NONE', #2657, #6816, #7949, .T. ) ;
#5729 = ORIENTED_EDGE ( 'NONE', *, *, #4129, .T. ) ;
#5730 = DIRECTION ( 'NONE',  ( 0.000000000000000000, -1.000000000000000000, 0.000000000000000000 ) ) ;
#5731 = CARTESIAN_POINT ( 'NONE',  ( -4.282386290039715604, -0.7176137099602839520, -20.70222873041527478 ) ) ;
#5732 = EDGE_LOOP ( 'NONE', ( #3490, #57, #1888, #4679 ) ) ;
#5733 = DIRECTION ( 'NONE',  ( -0.000000000000000000, -0.000000000000000000, 1.000000000000000000 ) ) ;
#5734 = AXIS2_PLACEMENT_3D ( 'NONE', #4534, #7838, #3657 ) ;
#5735 = CIRCLE ( 'NONE', #5028, 1.000000000000000000 ) ;
#5736 = DIRECTION ( 'NONE',  ( 1.000000000000000000, 0.000000000000000000, 0.000000000000000000 ) ) ;
#5737 = DIRECTION ( 'NONE',  ( 1.000000000000000000, 0.000000000000000000, 0.000000000000000000 ) ) ;
#5738 = CARTESIAN_POINT ( 'NONE',  ( -0.2517800035594496832, -4.748219996440550261, -96.90883637235562276 ) ) ;
#5739 = CARTESIAN_POINT ( 'NONE',  ( 4.991957775357460214, -0.008042224642539515245, -111.7075341254273297 ) ) ;
#5740 = CARTESIAN_POINT ( 'NONE',  ( -1.000000000000000000, 1.224646799147353207E-16, -32.99999999999999289 ) ) ;
#5741 = CARTESIAN_POINT ( 'NONE',  ( 1.023089380615815288E-12, -4.999999999998977707, -40.35274279208621095 ) ) ;
#5742 = AXIS2_PLACEMENT_3D ( 'NONE', #1871, #3879, #3967 ) ;
#5743 = TOROIDAL_SURFACE ( 'NONE', #8323, 1.000000000000000000, 3.999999999999996447 ) ;
#5744 = CARTESIAN_POINT ( 'NONE',  ( 0.000000000000000000, -5.000000000000000000, -78.99999999997200462 ) ) ;
#5745 = VERTEX_POINT ( 'NONE', #8576 ) ;
#5746 = CARTESIAN_POINT ( 'NONE',  ( -4.041784260359807313, -0.9582157396401930205, -10.52377465029932146 ) ) ;
#5747 = AXIS2_PLACEMENT_3D ( 'NONE', #4870, #904, #2340 ) ;
#5748 = AXIS2_PLACEMENT_3D ( 'NONE', #8480, #1769, #7175 ) ;
#5749 = CARTESIAN_POINT ( 'NONE',  ( -1.136863993906868986, -3.863136006093129016, -48.87121622079634875 ) ) ;
#5750 = CARTESIAN_POINT ( 'NONE',  ( -5.000000000000281553, 2.811725620256466210E-13, -84.50000000000021316 ) ) ;
#5751 = VERTEX_POINT ( 'NONE', #8526 ) ;
#5752 = CIRCLE ( 'NONE', #4048, 3.999999999999989786 ) ;
#5753 = EDGE_CURVE ( 'NONE', #995, #6722, #8359, .T. ) ;
#5754 = FACE_OUTER_BOUND ( 'NONE', #7751, .T. ) ;
#5755 = ORIENTED_EDGE ( 'NONE', *, *, #3077, .F. ) ;
#5756 = DIRECTION ( 'NONE',  ( 1.000000000000000000, 0.000000000000000000, 0.000000000000000000 ) ) ;
#5757 = EDGE_CURVE ( 'NONE', #7467, #8797, #5477, .T. ) ;
#5758 = ORIENTED_EDGE ( 'NONE', *, *, #8269, .F. ) ;
#5759 = DIRECTION ( 'NONE',  ( -0.000000000000000000, -0.000000000000000000, 1.000000000000000000 ) ) ;
#5760 = CIRCLE ( 'NONE', #7196, 3.904737509655562988 ) ;
#5761 = CARTESIAN_POINT ( 'NONE',  ( 0.1676550930162027386, -4.832344906983796484, -50.35453806257385878 ) ) ;
#5762 = DIRECTION ( 'NONE',  ( 1.224646799147353207E-16, 1.000000000000000000, 0.000000000000000000 ) ) ;
#5763 = B_SPLINE_CURVE_WITH_KNOTS ( 'NONE', 3,
 ( #7895, #4390, #2476, #3712, #1765, #2169, #3666, #6407, #4496, #5209, #7219, #1467, #319, #362 ),
 .UNSPECIFIED., .F., .F.,
 ( 4, 2, 2, 2, 2, 2, 4 ),
 ( 1.970071025772010310E-07, 0.0008756576440557241802, 0.001313387962532297634, 0.001751118281008871196, 0.002188848599485444975, 0.002626578917962018971, 0.003502039554915169130 ),
 .UNSPECIFIED. ) ;
#5764 = FACE_OUTER_BOUND ( 'NONE', #4575, .T. ) ;
#5765 = CARTESIAN_POINT ( 'NONE',  ( 4.872131520502827051, -0.1278684794971728933, -8.507402030540029969 ) ) ;
#5766 = CARTESIAN_POINT ( 'NONE',  ( 8.673617379884035472E-16, -5.000000000000000000, 0.000000000000000000 ) ) ;
#5767 = CARTESIAN_POINT ( 'NONE',  ( -1.136863993906869652, -3.863136006093129460, -92.87121622079631322 ) ) ;
#5768 = CC_DESIGN_SECURITY_CLASSIFICATION ( #5481, ( #5916 ) ) ;
#5769 = CARTESIAN_POINT ( 'NONE',  ( -0.008042224640668282909, -4.991957775359332494, -112.2924658745477444 ) ) ;
#5770 = ADVANCED_FACE ( 'NONE', ( #507, #8626 ), #2488, .F. ) ;
#5771 = CARTESIAN_POINT ( 'NONE',  ( -0.008042224640668282909, -4.991957775359332494, -84.79246587454774442 ) ) ;
#5772 = CARTESIAN_POINT ( 'NONE',  ( 0.6335913640883379383, -4.366408635911662728, -42.60619955115780755 ) ) ;
#5773 = DIRECTION ( 'NONE',  ( 1.224646799147353207E-16, 1.000000000000000000, 0.000000000000000000 ) ) ;
#5774 = CYLINDRICAL_SURFACE ( 'NONE', #2292, 0.9999999999999995559 ) ;
#5775 = EDGE_LOOP ( 'NONE', ( #5353, #8378, #1545, #6514 ) ) ;
#5776 = EDGE_CURVE ( 'NONE', #2213, #3234, #298, .T. ) ;
#5777 = VERTEX_POINT ( 'NONE', #2528 ) ;
#5778 = ORIENTED_EDGE ( 'NONE', *, *, #5293, .F. ) ;
#5779 = CARTESIAN_POINT ( 'NONE',  ( 0.000000000000000000, 0.000000000000000000, -59.75000000000000000 ) ) ;
#5780 = DIRECTION ( 'NONE',  ( 1.000000000000000000, 0.000000000000000000, 0.000000000000000000 ) ) ;
#5781 = ORIENTED_EDGE ( 'NONE', *, *, #2996, .T. ) ;
#5782 = CARTESIAN_POINT ( 'NONE',  ( 4.040089233413053371, -0.9599107665869472950, -86.97763427936018843 ) ) ;
#5783 = CARTESIAN_POINT ( 'NONE',  ( 4.508466212578269072, -0.4915337874217309277, -88.10623519306794549 ) ) ;
#5784 = DIRECTION ( 'NONE',  ( 1.000000000000000000, 0.000000000000000000, 0.000000000000000000 ) ) ;
#5785 = ORIENTED_EDGE ( 'NONE', *, *, #6947, .T. ) ;
#5786 = CARTESIAN_POINT ( 'NONE',  ( 4.935956332719889872, -0.06404366728011023913, -111.2744018659852117 ) ) ;
#5787 = CARTESIAN_POINT ( 'NONE',  ( 0.9599107665897317343, -4.040089233410269820, -104.0223657206374241 ) ) ;
#5788 = DIRECTION ( 'NONE',  ( 1.000000000000000000, 0.000000000000000000, 0.000000000000000000 ) ) ;
#5789 = CARTESIAN_POINT ( 'NONE',  ( -0.2517800035594085495, -4.748219996440591117, -80.40883637235553749 ) ) ;
#5790 = ORIENTED_EDGE ( 'NONE', *, *, #3563, .T. ) ;
#5791 = EDGE_CURVE ( 'NONE', #735, #8851, #5181, .T. ) ;
#5792 = FACE_OUTER_BOUND ( 'NONE', #5643, .T. ) ;
#5793 = B_SPLINE_CURVE_WITH_KNOTS ( 'NONE', 3,
 ( #5516, #4132, #8296, #5561, #6825, #1412, #6866, #2072, #2157, #4897, #810, #7635, #8837, #7670, #4218, #726 ),
 .UNSPECIFIED., .F., .F.,
 ( 4, 2, 2, 2, 2, 2, 2, 4 ),
 ( 4.818711198521540512E-07, 0.0008765200830274497059, 0.001314539188981241882, 0.001752558294935034275, 0.002190577400888826451, 0.002628596506842618627, 0.003066615612796410803, 0.003504634718750202545 ),
 .UNSPECIFIED. ) ;
#5794 = ORIENTED_EDGE ( 'NONE', *, *, #6435, .F. ) ;
#5795 = DIRECTION ( 'NONE',  ( 1.000000000000000000, 0.000000000000000000, 0.000000000000000000 ) ) ;
#5796 = CARTESIAN_POINT ( 'NONE',  ( -1.000000000000000000, 1.224646799147353207E-16, -95.50000000000000000 ) ) ;
#5797 = VERTEX_POINT ( 'NONE', #3290 ) ;
#5798 = EDGE_LOOP ( 'NONE', ( #2561, #3092, #2026 ) ) ;
#5799 = DIRECTION ( 'NONE',  ( 1.000000000000000000, 0.000000000000000000, 0.000000000000000000 ) ) ;
#5800 = ORIENTED_EDGE ( 'NONE', *, *, #2849, .F. ) ;
#5801 = CARTESIAN_POINT ( 'NONE',  ( -0.4915337874163392407, -4.508466212583661203, -69.89376480692351379 ) ) ;
#5802 = DIRECTION ( 'NONE',  ( -0.000000000000000000, -0.000000000000000000, 1.000000000000000000 ) ) ;
#5803 = CARTESIAN_POINT ( 'NONE',  ( -3.671958834454343013, -1.328041165545656765, -92.74999999999998579 ) ) ;
#5804 = CARTESIAN_POINT ( 'NONE',  ( -3.904737509655567873, 4.781924292710298509E-16, -54.25000000000000000 ) ) ;
#5805 = DIRECTION ( 'NONE',  ( 1.224646799147353207E-16, 1.000000000000000000, 0.000000000000000000 ) ) ;
#5806 = CARTESIAN_POINT ( 'NONE',  ( -4.991957775357460214, -0.008042224642539586368, -100.7075341254273724 ) ) ;
#5807 = CARTESIAN_POINT ( 'NONE',  ( 3.863136006094623376, -1.136863993905377734, -26.62878377920271333 ) ) ;
#5808 = ADVANCED_FACE ( 'NONE', ( #5483 ), #5743, .T. ) ;
#5809 = FACE_OUTER_BOUND ( 'NONE', #502, .T. ) ;
#5810 = AXIS2_PLACEMENT_3D ( 'NONE', #5645, #7170, #7073 ) ;
#5811 = DIRECTION ( 'NONE',  ( 1.000000000000000000, 0.000000000000000000, 0.000000000000000000 ) ) ;
#5812 = CARTESIAN_POINT ( 'NONE',  ( -0.4915337874217784453, -4.508466212578221999, -75.39376480693215399 ) ) ;
#5813 = CARTESIAN_POINT ( 'NONE',  ( 4.991957775357462879, -0.008042224642537081428, -51.20753412542730132 ) ) ;
#5814 = ORIENTED_EDGE ( 'NONE', *, *, #702, .T. ) ;
#5815 = ORIENTED_EDGE ( 'NONE', *, *, #7488, .F. ) ;
#5816 = ORIENTED_EDGE ( 'NONE', *, *, #3625, .T. ) ;
#5817 = CARTESIAN_POINT ( 'NONE',  ( 0.000000000000000000, 0.000000000000000000, -82.50000000000000000 ) ) ;
#5818 = ADVANCED_FACE ( 'NONE', ( #6151 ), #6022, .F. ) ;
#5819 = B_SPLINE_CURVE_WITH_KNOTS ( 'NONE', 3,
 ( #7923, #1792, #8593, #1209, #3930, #6668, #5993, #6489, #8069, #1929, #1113, #3129 ),
 .UNSPECIFIED., .F., .F.,
 ( 4, 2, 2, 2, 2, 4 ),
 ( 0.003504634718750448442, 0.003941423334025299062, 0.004378211949300150549, 0.005251789179849851788, 0.006125366410399553027, 0.006998943640949255134 ),
 .UNSPECIFIED. ) ;
#5820 = AXIS2_PLACEMENT_3D ( 'NONE', #4115, #4767, #8159 ) ;
#5821 = CARTESIAN_POINT ( 'NONE',  ( -4.991957775357463767, -0.008042224642536555806, -7.207534125427317306 ) ) ;
#5822 = EDGE_LOOP ( 'NONE', ( #8829, #5553, #8650, #3202 ) ) ;
#5823 = ADVANCED_FACE ( 'NONE', ( #54 ), #1608, .T. ) ;
#5824 = EDGE_CURVE ( 'NONE', #5577, #4948, #7756, .T. ) ;
#5825 = CARTESIAN_POINT ( 'NONE',  ( -0.2608011983036800929, -4.739198801696320018, -77.59076228219156235 ) ) ;
#5826 = CARTESIAN_POINT ( 'NONE',  ( 3.862796825714234661, -1.137203174285766671, -70.87100116288257823 ) ) ;
#5827 = DIRECTION ( 'NONE',  ( -0.000000000000000000, -0.000000000000000000, 1.000000000000000000 ) ) ;
#5828 = AXIS2_PLACEMENT_3D ( 'NONE', #3607, #5088, #6344 ) ;
#5829 = CARTESIAN_POINT ( 'NONE',  ( 0.000000000000000000, 0.000000000000000000, 0.000000000000000000 ) ) ;
#5830 = CARTESIAN_POINT ( 'NONE',  ( -0.1278684795020865461, -4.872131520497913648, -33.99259796944174639 ) ) ;
#5831 = CARTESIAN_POINT ( 'NONE',  ( -4.359865889258244920, -0.6401341107417566345, -75.60125045371349017 ) ) ;
#5832 = CARTESIAN_POINT ( 'NONE',  ( -4.040089233413048930, -0.9599107665869528461, -9.977634279360227509 ) ) ;
#5833 = CARTESIAN_POINT ( 'NONE',  ( 0.000000000000000000, 0.000000000000000000, -11.00000000000000000 ) ) ;
#5834 = VERTEX_POINT ( 'NONE', #4001 ) ;
#5835 = AXIS2_PLACEMENT_3D ( 'NONE', #371, #3062, #5795 ) ;
#5836 = AXIS2_PLACEMENT_3D ( 'NONE', #5466, #6810, #8203 ) ;
#5837 = ORIENTED_EDGE ( 'NONE', *, *, #3959, .F. ) ;
#5838 = FACE_OUTER_BOUND ( 'NONE', #825, .T. ) ;
#5839 = B_SPLINE_CURVE_WITH_KNOTS ( 'NONE', 3,
 ( #252, #1566, #5769, #7621, #2987, #6980, #838, #923, #5720, #3565, #301, #6309 ),
 .UNSPECIFIED., .F., .F.,
 ( 4, 2, 2, 2, 2, 4 ),
 ( 0.003504634718722943101, 0.003941423334001239315, 0.004378211949279535962, 0.005251789179836129258, 0.006125366410392721686, 0.006998943640949314982 ),
 .UNSPECIFIED. ) ;
#5840 = EDGE_LOOP ( 'NONE', ( #3572, #7717, #7180 ) ) ;
#5841 = CIRCLE ( 'NONE', #5125, 3.904737509655567873 ) ;
#5842 = CARTESIAN_POINT ( 'NONE',  ( 4.872131520502826163, -0.1278684794971743088, -80.00740203054002109 ) ) ;
#5843 = ORIENTED_EDGE ( 'NONE', *, *, #2611, .F. ) ;
#5844 = CARTESIAN_POINT ( 'NONE',  ( 4.872131520502826163, -0.1278684794971743088, -113.0074020305400353 ) ) ;
#5845 = ORIENTED_EDGE ( 'NONE', *, *, #2996, .F. ) ;
#5846 = CIRCLE ( 'NONE', #6709, 3.999999999999989786 ) ;
#5847 = ORIENTED_EDGE ( 'NONE', *, *, #626, .F. ) ;
#5848 = ORIENTED_EDGE ( 'NONE', *, *, #2985, .T. ) ;
#5849 = CARTESIAN_POINT ( 'NONE',  ( 4.041784260359807313, -0.9582157396401911331, -115.0237746502993019 ) ) ;
#5850 = CARTESIAN_POINT ( 'NONE',  ( 0.2517800035594487951, -4.748219996440551149, -36.40883637235563697 ) ) ;
#5851 = CARTESIAN_POINT ( 'NONE',  ( 0.000000000000000000, 0.000000000000000000, -122.9999999999999716 ) ) ;
#5852 = CARTESIAN_POINT ( 'NONE',  ( 3.862796825714229776, -1.137203174285768892, -4.871001162882553359 ) ) ;
#5853 = CARTESIAN_POINT ( 'NONE',  ( -1.027093305357485558E-12, -4.999999999998975930, -67.85274279208620385 ) ) ;
#5854 = VECTOR ( 'NONE', #5951, 1000.000000000000000 ) ;
#5855 = DIRECTION ( 'NONE',  ( 1.000000000000000000, 0.000000000000000000, 0.000000000000000000 ) ) ;
#5856 = CARTESIAN_POINT ( 'NONE',  ( -0.1278684795020899323, -4.872131520497910095, -94.49259796944171796 ) ) ;
#5857 = DIRECTION ( 'NONE',  ( -0.000000000000000000, -0.000000000000000000, 1.000000000000000000 ) ) ;
#5858 = VECTOR ( 'NONE', #7980, 1000.000000000000000 ) ;
#5859 = DIRECTION ( 'NONE',  ( 1.000000000000000000, 0.000000000000000000, 0.000000000000000000 ) ) ;
#5860 = FACE_OUTER_BOUND ( 'NONE', #4634, .T. ) ;
#5861 = CARTESIAN_POINT ( 'NONE',  ( 0.000000000000000000, -5.000000000000000000, -2.000000000000000000 ) ) ;
#5862 = CARTESIAN_POINT ( 'NONE',  ( -1.328041165545657876, -3.671958834454342124, -54.25000000000000000 ) ) ;
#5863 = ORIENTED_EDGE ( 'NONE', *, *, #4174, .F. ) ;
#5864 = ORIENTED_EDGE ( 'NONE', *, *, #1512, .F. ) ;
#5865 = ORIENTED_EDGE ( 'NONE', *, *, #6019, .F. ) ;
#5866 = DIRECTION ( 'NONE',  ( 1.000000000000000000, 0.000000000000000000, 0.000000000000000000 ) ) ;
#5867 = AXIS2_PLACEMENT_3D ( 'NONE', #1519, #5759, #1646 ) ;
#5868 = DIRECTION ( 'NONE',  ( -1.000000000000000000, 1.224646799147353207E-16, 0.000000000000000000 ) ) ;
#5869 = EDGE_LOOP ( 'NONE', ( #4757, #310, #6497 ) ) ;
#5870 = FACE_OUTER_BOUND ( 'NONE', #1684, .T. ) ;
#5871 = CARTESIAN_POINT ( 'NONE',  ( -4.966947320427848922, -0.03305267957215207719, -2.589458457562409333 ) ) ;
#5872 = CARTESIAN_POINT ( 'NONE',  ( 0.4321793203734998756, -4.567820679626500180, -99.22657376275984120 ) ) ;
#5873 = EDGE_CURVE ( 'NONE', #1983, #5678, #3887, .T. ) ;
#5874 = CIRCLE ( 'NONE', #8737, 1.000000000000000000 ) ;
#5875 = CARTESIAN_POINT ( 'NONE',  ( 1.000000000000000000, 0.000000000000000000, -90.00000000000000000 ) ) ;
#5876 = CARTESIAN_POINT ( 'NONE',  ( -4.686141179201315232, -0.3138588207986853784, -58.53467868775798877 ) ) ;
#5877 = CARTESIAN_POINT ( 'NONE',  ( 0.3138588208043429084, -4.686141179195654871, -104.9653213122294204 ) ) ;
#5878 = CYLINDRICAL_SURFACE ( 'NONE', #6313, 0.9999999999999995559 ) ;
#5879 = B_SPLINE_CURVE_WITH_KNOTS ( 'NONE', 3,
 ( #8221, #8261, #2335, #4909, #779, #8517, #5738, #938, #3502, #408, #8476, #6549 ),
 .UNSPECIFIED., .F., .F.,
 ( 4, 2, 2, 2, 2, 4 ),
 ( 0.003504634718722943101, 0.003941423334001239315, 0.004378211949279535962, 0.005251789179836128391, 0.006125366410392720819, 0.006998943640949313247 ),
 .UNSPECIFIED. ) ;
#5880 = EDGE_CURVE ( 'NONE', #2021, #7258, #6613, .T. ) ;
#5881 = AXIS2_PLACEMENT_3D ( 'NONE', #3945, #2741, #6012 ) ;
#5882 = ORIENTED_EDGE ( 'NONE', *, *, #5728, .F. ) ;
#5883 = AXIS2_PLACEMENT_3D ( 'NONE', #4250, #3446, #7497 ) ;
#5884 = ORIENTED_EDGE ( 'NONE', *, *, #13, .T. ) ;
#5885 = CARTESIAN_POINT ( 'NONE',  ( 4.567820679631962477, -0.4321793203680380779, -53.27342623723036041 ) ) ;
#5886 = EDGE_CURVE ( 'NONE', #326, #6830, #1328, .T. ) ;
#5887 = AXIS2_PLACEMENT_3D ( 'NONE', #5503, #2903, #2185 ) ;
#5888 = ORIENTED_EDGE ( 'NONE', *, *, #5293, .T. ) ;
#5889 = AXIS2_PLACEMENT_3D ( 'NONE', #4357, #863, #6418 ) ;
#5890 = CARTESIAN_POINT ( 'NONE',  ( 4.999999999999986677, -1.267690684684465825E-14, -73.64725720788725027 ) ) ;
#5891 = CARTESIAN_POINT ( 'NONE',  ( 4.991698401481079905, -0.008301598518919086830, -79.29625362935772159 ) ) ;
#5892 = ADVANCED_FACE ( 'NONE', ( #5396 ), #5436, .T. ) ;
#5893 = ORIENTED_EDGE ( 'NONE', *, *, #300, .F. ) ;
#5894 = EDGE_LOOP ( 'NONE', ( #7452, #1118, #1255, #4402 ) ) ;
#5895 = CIRCLE ( 'NONE', #7622, 1.000000000000000000 ) ;
#5896 = AXIS2_PLACEMENT_3D ( 'NONE', #6130, #76, #6177 ) ;
#5897 = CARTESIAN_POINT ( 'NONE',  ( 0.4974474678531436433, -4.502552532146856912, -33.11327242306310126 ) ) ;
#5898 = CARTESIAN_POINT ( 'NONE',  ( 0.000000000000000000, 0.000000000000000000, -68.00000000000000000 ) ) ;
#5899 = DIRECTION ( 'NONE',  ( -0.000000000000000000, -0.000000000000000000, 1.000000000000000000 ) ) ;
#5900 = CARTESIAN_POINT ( 'NONE',  ( 0.1676550930162216957, -4.832344906983778721, -28.35453806257380194 ) ) ;
#5901 = AXIS2_PLACEMENT_3D ( 'NONE', #3192, #3151, #3856 ) ;
#5902 = DIRECTION ( 'NONE',  ( 0.000000000000000000, 0.000000000000000000, -1.000000000000000000 ) ) ;
#5903 = FACE_OUTER_BOUND ( 'NONE', #4951, .T. ) ;
#5904 = CARTESIAN_POINT ( 'NONE',  ( -0.9599107665897164132, -4.040089233410284031, -93.02236572063742415 ) ) ;
#5905 = DIRECTION ( 'NONE',  ( -0.000000000000000000, -0.000000000000000000, 1.000000000000000000 ) ) ;
#5906 = AXIS2_PLACEMENT_3D ( 'NONE', #5245, #6542, #5780 ) ;
#5907 = ADVANCED_FACE ( 'NONE', ( #1373 ), #4466, .T. ) ;
#5908 = CARTESIAN_POINT ( 'NONE',  ( -4.282386290039721821, -0.7176137099602799552, -42.70222873041529255 ) ) ;
#5909 = CARTESIAN_POINT ( 'NONE',  ( 0.1593231317748074471, -4.840676868225192386, -102.1467805842997052 ) ) ;
#5910 = DIRECTION ( 'NONE',  ( 1.000000000000000000, 0.000000000000000000, 0.000000000000000000 ) ) ;
#5911 = DIRECTION ( 'NONE',  ( -0.000000000000000000, -0.000000000000000000, 1.000000000000000000 ) ) ;
#5912 = VERTEX_POINT ( 'NONE', #6787 ) ;
#5913 = ORIENTED_EDGE ( 'NONE', *, *, #5517, .T. ) ;
#5914 = ORIENTED_EDGE ( 'NONE', *, *, #1066, .T. ) ;
#5915 = FACE_OUTER_BOUND ( 'NONE', #1782, .T. ) ;
#5916 = PRODUCT_DEFINITION_FORMATION_WITH_SPECIFIED_SOURCE ( 'ANY', '', #6823, .NOT_KNOWN. ) ;
#5917 = DIRECTION ( 'NONE',  ( 1.000000000000000000, 0.000000000000000000, 0.000000000000000000 ) ) ;
#5918 = ORIENTED_EDGE ( 'NONE', *, *, #6564, .T. ) ;
#5919 = DIRECTION ( 'NONE',  ( -0.000000000000000000, -0.000000000000000000, 1.000000000000000000 ) ) ;
#5920 = CARTESIAN_POINT ( 'NONE',  ( 4.960065625082964225, -0.03993437491703551862, -28.91868978647572419 ) ) ;
#5921 = CARTESIAN_POINT ( 'NONE',  ( -4.359865889258248473, -0.6401341107417514165, -64.60125045371350438 ) ) ;
#5922 = DIRECTION ( 'NONE',  ( -0.000000000000000000, -0.000000000000000000, 1.000000000000000000 ) ) ;
#5923 = CARTESIAN_POINT ( 'NONE',  ( 1.033939237395428799E-12, -4.999999999998966160, -106.3527427920860049 ) ) ;
#5924 = CARTESIAN_POINT ( 'NONE',  ( -4.991698401481084346, -0.008301598518915823816, -7.796253629357722481 ) ) ;
#5925 = CARTESIAN_POINT ( 'NONE',  ( 4.686141179201310791, -0.3138588207986893752, -119.0346786877579603 ) ) ;
#5926 = ORIENTED_EDGE ( 'NONE', *, *, #6154, .F. ) ;
#5927 = ORIENTED_EDGE ( 'NONE', *, *, #6733, .F. ) ;
#5928 = DIRECTION ( 'NONE',  ( 1.000000000000000000, 0.000000000000000000, 0.000000000000000000 ) ) ;
#5929 = ORIENTED_EDGE ( 'NONE', *, *, #2435, .T. ) ;
#5930 = CARTESIAN_POINT ( 'NONE',  ( 0.000000000000000000, 0.000000000000000000, -103.7500000000000000 ) ) ;
#5931 = CARTESIAN_POINT ( 'NONE',  ( 0.000000000000000000, -5.000000000000000000, -73.50000000000001421 ) ) ;
#5932 = EDGE_LOOP ( 'NONE', ( #8624, #5929, #1530 ) ) ;
#5933 = EDGE_CURVE ( 'NONE', #108, #7209, #8616, .T. ) ;
#5934 = APPROVAL_STATUS ( 'not_yet_approved' ) ;
#5935 = VERTEX_POINT ( 'NONE', #7461 ) ;
#5936 = ADVANCED_FACE ( 'NONE', ( #4180 ), #4172, .T. ) ;
#5937 = CARTESIAN_POINT ( 'NONE',  ( 1.016695234776112395E-12, -5.000000000001018741, -68.14684353042213161 ) ) ;
#5938 = CARTESIAN_POINT ( 'NONE',  ( 0.000000000000000000, -5.000000000000000000, -34.99999999997221067 ) ) ;
#5939 = CARTESIAN_POINT ( 'NONE',  ( 0.000000000000000000, 0.000000000000000000, -114.7499999999999858 ) ) ;
#5940 = CARTESIAN_POINT ( 'NONE',  ( 4.840676868219846440, -0.1593231317801523939, -6.353219415683635241 ) ) ;
#5941 = ORIENTED_EDGE ( 'NONE', *, *, #1290, .T. ) ;
#5942 = DIRECTION ( 'NONE',  ( -0.000000000000000000, -0.000000000000000000, 1.000000000000000000 ) ) ;
#5943 = ADVANCED_FACE ( 'NONE', ( #4859 ), #4612, .T. ) ;
#5944 = EDGE_CURVE ( 'NONE', #2213, #7557, #6332, .T. ) ;
#5945 = CARTESIAN_POINT ( 'NONE',  ( 0.000000000000000000, 0.000000000000000000, 0.000000000000000000 ) ) ;
#5946 = ORIENTED_EDGE ( 'NONE', *, *, #8541, .F. ) ;
#5947 = CARTESIAN_POINT ( 'NONE',  ( -0.9999999999999993339, 1.224646799147353207E-16, -42.49999999999999289 ) ) ;
#5948 = CARTESIAN_POINT ( 'NONE',  ( -4.282386290039718268, -0.7176137099602820646, -108.7022287304152854 ) ) ;
#5949 = CARTESIAN_POINT ( 'NONE',  ( 1.137203174284266316, -3.862796825715733906, -103.6289988371164839 ) ) ;
#5950 = B_SPLINE_CURVE_WITH_KNOTS ( 'NONE', 3,
 ( #4995, #4322, #4361, #4235, #4197, #2126, #827, #67, #8397, #7008, #200, #1554 ),
 .UNSPECIFIED., .F., .F.,
 ( 4, 2, 2, 2, 2, 4 ),
 ( 0.003504634718750183030, 0.003941423334025066609, 0.004378211949299949321, 0.005251789179849716480, 0.006125366410399483638, 0.006998943640949250797 ),
 .UNSPECIFIED. ) ;
#5951 = DIRECTION ( 'NONE',  ( -0.000000000000000000, -0.000000000000000000, 1.000000000000000000 ) ) ;
#5952 = CARTESIAN_POINT ( 'NONE',  ( 0.000000000000000000, -5.000000000000000000, -56.99999999999999289 ) ) ;
#5953 = ORIENTED_EDGE ( 'NONE', *, *, #7310, .F. ) ;
#5954 = ORIENTED_EDGE ( 'NONE', *, *, #4592, .F. ) ;
#5955 = DIRECTION ( 'NONE',  ( 0.000000000000000000, -1.000000000000000000, 0.000000000000000000 ) ) ;
#5956 = CARTESIAN_POINT ( 'NONE',  ( 4.041784260359807313, -0.9582157396401936866, -98.52377465029933035 ) ) ;
#5957 = EDGE_LOOP ( 'NONE', ( #8832, #7632, #5694 ) ) ;
#5958 = CARTESIAN_POINT ( 'NONE',  ( -1.000000000000000000, 1.224646799147353207E-16, -79.00000000000000000 ) ) ;
#5959 = CARTESIAN_POINT ( 'NONE',  ( -4.840676868219845552, -0.1593231317801558078, -116.3532194156836113 ) ) ;
#5960 = DIRECTION ( 'NONE',  ( -0.000000000000000000, -0.000000000000000000, 1.000000000000000000 ) ) ;
#5961 = CARTESIAN_POINT ( 'NONE',  ( -0.9999999999999986677, 1.224646799147351728E-16, -131.9999999999999716 ) ) ;
#5962 = AXIS2_PLACEMENT_3D ( 'NONE', #3553, #2803, #2258 ) ;
#5963 = CARTESIAN_POINT ( 'NONE',  ( -3.671958834454339016, -1.328041165545661206, -15.75000000000000000 ) ) ;
#5964 = CARTESIAN_POINT ( 'NONE',  ( 0.9999999999999986677, 0.000000000000000000, -122.9999999999999858 ) ) ;
#5965 = FACE_OUTER_BOUND ( 'NONE', #547, .T. ) ;
#5966 = EDGE_LOOP ( 'NONE', ( #6654, #197, #4485, #2697 ) ) ;
#5967 = VERTEX_POINT ( 'NONE', #4901 ) ;
#5968 = AXIS2_PLACEMENT_3D ( 'NONE', #5424, #1396, #6942 ) ;
#5969 = CARTESIAN_POINT ( 'NONE',  ( 0.9599107665897143038, -4.040089233410286695, -65.52236572063746678 ) ) ;
#5970 = CARTESIAN_POINT ( 'NONE',  ( -1.328041165545656765, -3.671958834454343013, -120.2499999999999858 ) ) ;
#5971 = B_SPLINE_CURVE_WITH_KNOTS ( 'NONE', 3,
 ( #976, #8464, #6536, #7066, #5638, #886, #3654, #927, #6395, #7789, #1657, #2364 ),
 .UNSPECIFIED., .F., .F.,
 ( 4, 2, 2, 2, 2, 4 ),
 ( 0.003504634718750183030, 0.003941423334025066609, 0.004378211949299949321, 0.005251789179849716480, 0.006125366410399483638, 0.006998943640949250797 ),
 .UNSPECIFIED. ) ;
#5972 = ORIENTED_EDGE ( 'NONE', *, *, #8239, .T. ) ;
#5973 = CARTESIAN_POINT ( 'NONE',  ( -0.4321793203735343480, -4.567820679626463765, -88.22657376275972752 ) ) ;
#5974 = DIRECTION ( 'NONE',  ( -0.000000000000000000, -0.000000000000000000, 1.000000000000000000 ) ) ;
#5975 = AXIS2_PLACEMENT_3D ( 'NONE', #3167, #5983, #1920 ) ;
#5976 = AXIS2_PLACEMENT_3D ( 'NONE', #2405, #5905, #4426 ) ;
#5977 = DATE_AND_TIME ( #7998, #8635 ) ;
#5978 = VERTEX_POINT ( 'NONE', #5740 ) ;
#5979 = ORIENTED_EDGE ( 'NONE', *, *, #1989, .T. ) ;
#5980 = CARTESIAN_POINT ( 'NONE',  ( -4.040089233413053371, -0.9599107665869468509, -53.97763427936022396 ) ) ;
#5981 = DIRECTION ( 'NONE',  ( 0.000000000000000000, 0.000000000000000000, -1.000000000000000000 ) ) ;
#5982 = EDGE_CURVE ( 'NONE', #5081, #8845, #2696, .T. ) ;
#5983 = DIRECTION ( 'NONE',  ( -0.000000000000000000, -0.000000000000000000, 1.000000000000000000 ) ) ;
#5984 = CARTESIAN_POINT ( 'NONE',  ( 4.991698401481086123, -0.008301598518914109909, -57.29625362935770738 ) ) ;
#5985 = ORIENTED_EDGE ( 'NONE', *, *, #7850, .T. ) ;
#5986 = FACE_OUTER_BOUND ( 'NONE', #7364, .T. ) ;
#5987 = EDGE_CURVE ( 'NONE', #6778, #955, #736, .T. ) ;
#5988 = EDGE_CURVE ( 'NONE', #2385, #3404, #4934, .T. ) ;
#5989 = CARTESIAN_POINT ( 'NONE',  ( 0.000000000000000000, 0.000000000000000000, -81.74999999999998579 ) ) ;
#5990 = AXIS2_PLACEMENT_3D ( 'NONE', #3585, #1541, #6281 ) ;
#5991 = CARTESIAN_POINT ( 'NONE',  ( -0.04063066961489633644, -4.959369330385103858, -12.41386551654451686 ) ) ;
#5992 = FACE_OUTER_BOUND ( 'NONE', #2690, .T. ) ;
#5993 = CARTESIAN_POINT ( 'NONE',  ( 0.2517800035653531276, -4.748219996434646539, -63.90883637236996151 ) ) ;
#5994 = CIRCLE ( 'NONE', #555, 1.000000000000000000 ) ;
#5995 = B_SPLINE_CURVE_WITH_KNOTS ( 'NONE', 3,
 ( #6235, #224, #6997, #3542, #4903, #2289, #55, #1634, #7041, #2961, #2794, #99 ),
 .UNSPECIFIED., .F., .F.,
 ( 4, 2, 2, 2, 2, 4 ),
 ( 0.003504634718722896263, 0.003941423334001193345, 0.004378211949279490860, 0.005251789179836084155, 0.006125366410392678318, 0.006998943640949272481 ),
 .UNSPECIFIED. ) ;
#5996 = CARTESIAN_POINT ( 'NONE',  ( 0.3138588207986410250, -4.686141179201358753, -71.96532131224215334 ) ) ;
#5997 = DIRECTION ( 'NONE',  ( -0.000000000000000000, -0.000000000000000000, 1.000000000000000000 ) ) ;
#5998 = ORIENTED_EDGE ( 'NONE', *, *, #4518, .F. ) ;
#5999 = EDGE_LOOP ( 'NONE', ( #933, #8638, #7578, #4039 ) ) ;
#6000 = EDGE_CURVE ( 'NONE', #2726, #6443, #4766, .T. ) ;
#6001 = DIRECTION ( 'NONE',  ( 1.000000000000000000, 0.000000000000000000, 0.000000000000000000 ) ) ;
#6002 = CARTESIAN_POINT ( 'NONE',  ( -1.328041165545656765, -3.671958834454343013, -92.74999999999998579 ) ) ;
#6003 = ORIENTED_EDGE ( 'NONE', *, *, #5873, .T. ) ;
#6004 = AXIS2_PLACEMENT_3D ( 'NONE', #3898, #3276, #8697 ) ;
#6005 = CARTESIAN_POINT ( 'NONE',  ( -1.328041165545656765, -3.671958834454343013, -76.25000000000000000 ) ) ;
#6006 = CARTESIAN_POINT ( 'NONE',  ( -4.991957775357460214, -0.008042224642539145749, -117.2075341254273297 ) ) ;
#6007 = CARTESIAN_POINT ( 'NONE',  ( -5.000000000000281553, 2.811725620256466210E-13, -95.50000000000021316 ) ) ;
#6008 = EDGE_CURVE ( 'NONE', #1202, #3491, #1310, .T. ) ;
#6009 = DIRECTION ( 'NONE',  ( -0.000000000000000000, -0.000000000000000000, 1.000000000000000000 ) ) ;
#6010 = ORIENTED_EDGE ( 'NONE', *, *, #2924, .F. ) ;
#6011 = TOROIDAL_SURFACE ( 'NONE', #1145, 1.000000000000000000, 1.999999999999998224 ) ;
#6012 = DIRECTION ( 'NONE',  ( 1.000000000000000000, 0.000000000000000000, 0.000000000000000000 ) ) ;
#6013 = DIRECTION ( 'NONE',  ( -1.000000000000000000, 1.224646799147353207E-16, 0.000000000000000000 ) ) ;
#6014 = EDGE_LOOP ( 'NONE', ( #7993, #2293, #3821 ) ) ;
#6015 = ORIENTED_EDGE ( 'NONE', *, *, #1924, .F. ) ;
#6016 = AXIS2_PLACEMENT_3D ( 'NONE', #1718, #2376, #7125 ) ;
#6017 = CARTESIAN_POINT ( 'NONE',  ( 0.06459124883188724353, -4.935408751168113284, -67.27165234913506708 ) ) ;
#6018 = CARTESIAN_POINT ( 'NONE',  ( -5.000000000000281553, 2.811725620256466210E-13, -95.50000000000021316 ) ) ;
#6019 = EDGE_CURVE ( 'NONE', #3138, #4182, #5323, .T. ) ;
#6020 = EDGE_LOOP ( 'NONE', ( #8350, #6910, #6773, #2746 ) ) ;
#6021 = CARTESIAN_POINT ( 'NONE',  ( -1.328041165545656987, -3.671958834454343013, -87.25000000000000000 ) ) ;
#6022 = CYLINDRICAL_SURFACE ( 'NONE', #8187, 0.9999999999999995559 ) ;
#6023 = AXIS2_PLACEMENT_3D ( 'NONE', #14, #4819, #2796 ) ;
#6024 = AXIS2_PLACEMENT_3D ( 'NONE', #2508, #5240, #1834 ) ;
#6025 = B_SPLINE_CURVE_WITH_KNOTS ( 'NONE', 3,
 ( #6144, #2024, #8211, #5301, #541, #3282, #632, #8084, #1271, #3994, #6862, #4125 ),
 .UNSPECIFIED., .F., .F.,
 ( 4, 2, 2, 2, 2, 4 ),
 ( 0.003504634718722794348, 0.003941423334001104006, 0.004378211949279413664, 0.005251789179836032981, 0.006125366410392653164, 0.006998943640949272481 ),
 .UNSPECIFIED. ) ;
#6026 = DATE_AND_TIME ( #1195, #3195 ) ;
#6027 = VERTEX_POINT ( 'NONE', #1542 ) ;
#6028 = TOROIDAL_SURFACE ( 'NONE', #860, 1.000000000000000000, 3.999999999999996447 ) ;
#6029 = ORIENTED_EDGE ( 'NONE', *, *, #1532, .T. ) ;
#6030 = AXIS2_PLACEMENT_3D ( 'NONE', #2171, #5656, #4268 ) ;
#6031 = CARTESIAN_POINT ( 'NONE',  ( 4.935956332719893425, -0.06404366728010718601, -34.27440186598523297 ) ) ;
#6032 = CARTESIAN_POINT ( 'NONE',  ( 0.1676550930108566539, -4.832344906989144206, -61.35453806259097576 ) ) ;
#6033 = CARTESIAN_POINT ( 'NONE',  ( 0.000000000000000000, 0.000000000000000000, -54.99999999999999289 ) ) ;
#6034 = DIRECTION ( 'NONE',  ( -0.000000000000000000, -0.000000000000000000, -1.000000000000000000 ) ) ;
#6035 = ORIENTED_EDGE ( 'NONE', *, *, #3357, .T. ) ;
#6036 = CARTESIAN_POINT ( 'NONE',  ( -4.686141179201313456, -0.3138588207986879319, -31.03467868775798522 ) ) ;
#6037 = CARTESIAN_POINT ( 'NONE',  ( -4.959369330385075436, -0.04063066961492567408, -35.58613448345568742 ) ) ;
#6038 = AXIS2_PLACEMENT_3D ( 'NONE', #5336, #658, #2512 ) ;
#6039 = CIRCLE ( 'NONE', #6757, 0.9999999999999993339 ) ;
#6040 = CARTESIAN_POINT ( 'NONE',  ( -0.1278684794971282068, -4.872131520502872348, -61.49259796946014944 ) ) ;
#6041 = EDGE_CURVE ( 'NONE', #600, #4775, #7900, .T. ) ;
#6042 = EDGE_LOOP ( 'NONE', ( #3527, #5061, #6496 ) ) ;
#6043 = DIRECTION ( 'NONE',  ( 1.000000000000000000, 0.000000000000000000, 0.000000000000000000 ) ) ;
#6044 = CARTESIAN_POINT ( 'NONE',  ( 0.06404366727606396192, -4.935956332723937301, -30.22559813399339390 ) ) ;
#6045 = CARTESIAN_POINT ( 'NONE',  ( 0.008042224640668390462, -4.991957775359332494, -101.2924658745477444 ) ) ;
#6046 = AXIS2_PLACEMENT_3D ( 'NONE', #695, #742, #1383 ) ;
#6047 = FACE_OUTER_BOUND ( 'NONE', #4045, .T. ) ;
#6048 = CARTESIAN_POINT ( 'NONE',  ( -0.1676550930108545445, -4.832344906989146871, -55.85453806259096154 ) ) ;
#6049 = CARTESIAN_POINT ( 'NONE',  ( 0.000000000000000000, 0.000000000000000000, -32.25000000000000000 ) ) ;
#6050 = CARTESIAN_POINT ( 'NONE',  ( 0.000000000000000000, 0.000000000000000000, -7.500000000000003553 ) ) ;
#6051 = CARTESIAN_POINT ( 'NONE',  ( -4.935408751172078112, -0.06459124882792180444, -19.22834765084402164 ) ) ;
#6052 = CIRCLE ( 'NONE', #5339, 2.000000000000001776 ) ;
#6053 = ADVANCED_FACE ( 'NONE', ( #4393 ), #2032, .T. ) ;
#6054 = ORIENTED_EDGE ( 'NONE', *, *, #4084, .F. ) ;
#6055 = CARTESIAN_POINT ( 'NONE',  ( 4.935408751172076336, -0.06459124882792298405, -90.72834765084402875 ) ) ;
#6056 = CARTESIAN_POINT ( 'NONE',  ( -4.685980280040908497, -0.3140197199590894495, -3.535036328286938367 ) ) ;
#6057 = EDGE_CURVE ( 'NONE', #5312, #532, #4630, .T. ) ;
#6058 = DIRECTION ( 'NONE',  ( -0.000000000000000000, -0.000000000000000000, 1.000000000000000000 ) ) ;
#6059 = CARTESIAN_POINT ( 'NONE',  ( 0.000000000000000000, 0.000000000000000000, -2.000000000000000000 ) ) ;
#6060 = ORIENTED_EDGE ( 'NONE', *, *, #587, .F. ) ;
#6061 = CARTESIAN_POINT ( 'NONE',  ( 0.000000000000000000, 0.000000000000000000, -32.99999999999999289 ) ) ;
#6062 = CARTESIAN_POINT ( 'NONE',  ( 0.000000000000000000, 0.000000000000000000, -95.50000000000000000 ) ) ;
#6063 = ORIENTED_EDGE ( 'NONE', *, *, #3726, .T. ) ;
#6064 = CARTESIAN_POINT ( 'NONE',  ( -4.991698401481079905, -0.008301598518919178771, -90.29625362935772159 ) ) ;
#6065 = CARTESIAN_POINT ( 'NONE',  ( 0.7176137099645694128, -4.282386290035430143, -65.79777126957945654 ) ) ;
#6066 = CARTESIAN_POINT ( 'NONE',  ( -0.06459124882788504218, -4.935408751172115416, -17.77165234915617376 ) ) ;
#6067 = B_SPLINE_CURVE_WITH_KNOTS ( 'NONE', 3,
 ( #2916, #2197, #5782, #4935, #5107, #3708, #1666, #7758, #2331, #219, #1715, #3533, #5644, #3662, #7799, #8339 ),
 .UNSPECIFIED., .F., .F.,
 ( 4, 2, 2, 2, 2, 2, 2, 4 ),
 ( 4.818711198665871750E-07, 0.0008765200830274456944, 0.001314539188981235377, 0.001752558294935024951, 0.002190577400888814308, 0.002628596506842603882, 0.003066615612796393456, 0.003504634718750183030 ),
 .UNSPECIFIED. ) ;
#6068 = CARTESIAN_POINT ( 'NONE',  ( 0.000000000000000000, 0.000000000000000000, -51.50000000000000711 ) ) ;
#6069 = DIRECTION ( 'NONE',  ( 1.000000000000000000, 0.000000000000000000, 0.000000000000000000 ) ) ;
#6070 = EDGE_CURVE ( 'NONE', #5278, #4454, #4404, .T. ) ;
#6071 = ORIENTED_EDGE ( 'NONE', *, *, #2924, .T. ) ;
#6072 = VERTEX_POINT ( 'NONE', #5963 ) ;
#6073 = FACE_OUTER_BOUND ( 'NONE', #2211, .T. ) ;
#6074 = CARTESIAN_POINT ( 'NONE',  ( -1.328041165545656987, -3.671958834454343013, -87.25000000000000000 ) ) ;
#6075 = DIRECTION ( 'NONE',  ( 1.000000000000000000, 0.000000000000000000, 0.000000000000000000 ) ) ;
#6076 = CARTESIAN_POINT ( 'NONE',  ( 0.3138588207986335310, -4.686141179201365858, -55.46532131224211781 ) ) ;
#6077 = ORIENTED_EDGE ( 'NONE', *, *, #5753, .F. ) ;
#6078 = CARTESIAN_POINT ( 'NONE',  ( -4.739198801701948405, -0.2608011982980510957, -30.90923771779446128 ) ) ;
#6079 = DIRECTION ( 'NONE',  ( 1.000000000000000000, 0.000000000000000000, 0.000000000000000000 ) ) ;
#6080 = FACE_OUTER_BOUND ( 'NONE', #7500, .T. ) ;
#6081 = FACE_OUTER_BOUND ( 'NONE', #1154, .T. ) ;
#6082 = CARTESIAN_POINT ( 'NONE',  ( 0.2517800035594300323, -4.748219996440570689, -30.90883637235559078 ) ) ;
#6083 = CARTESIAN_POINT ( 'NONE',  ( 0.000000000000000000, 0.000000000000000000, -103.0000000000000000 ) ) ;
#6084 = DIRECTION ( 'NONE',  ( 1.000000000000000000, 0.000000000000000000, 0.000000000000000000 ) ) ;
#6085 = DIRECTION ( 'NONE',  ( 1.000000000000000000, 0.000000000000000000, 0.000000000000000000 ) ) ;
#6086 = EDGE_LOOP ( 'NONE', ( #8490, #769, #803, #4624 ) ) ;
#6087 = DIRECTION ( 'NONE',  ( 0.000000000000000000, -1.000000000000000000, 0.000000000000000000 ) ) ;
#6088 = CARTESIAN_POINT ( 'NONE',  ( 4.832192940297736605, -0.1678070597022649768, -3.145947905968863534 ) ) ;
#6089 = ADVANCED_FACE ( 'NONE', ( #7897 ), #1466, .T. ) ;
#6090 = DIRECTION ( 'NONE',  ( 1.000000000000000000, 0.000000000000000000, 0.000000000000000000 ) ) ;
#6091 = ORIENTED_EDGE ( 'NONE', *, *, #2180, .F. ) ;
#6092 = CARTESIAN_POINT ( 'NONE',  ( 4.832344906989094468, -0.1676550930109069470, -91.14546193740919477 ) ) ;
#6093 = CARTESIAN_POINT ( 'NONE',  ( 1.328041165545656987, -3.671958834454343013, -76.25000000000000000 ) ) ;
#6094 = FACE_OUTER_BOUND ( 'NONE', #492, .T. ) ;
#6095 = ORIENTED_EDGE ( 'NONE', *, *, #5598, .T. ) ;
#6096 = EDGE_CURVE ( 'NONE', #4121, #5278, #6649, .T. ) ;
#6097 = ORIENTED_EDGE ( 'NONE', *, *, #1787, .T. ) ;
#6098 = CARTESIAN_POINT ( 'NONE',  ( -0.4321793203734997091, -4.567820679626501068, -82.72657376275979857 ) ) ;
#6099 = EDGE_CURVE ( 'NONE', #6204, #2744, #6534, .T. ) ;
#6100 = FACE_OUTER_BOUND ( 'NONE', #7997, .T. ) ;
#6101 = EDGE_CURVE ( 'NONE', #5708, #7335, #3595, .T. ) ;
#6102 = EDGE_LOOP ( 'NONE', ( #2423, #1677, #4486 ) ) ;
#6103 = EDGE_CURVE ( 'NONE', #4085, #4931, #3022, .T. ) ;
#6104 = VERTEX_POINT ( 'NONE', #3483 ) ;
#6105 = LINE ( 'NONE', #2661, #5013 ) ;
#6106 = AXIS2_PLACEMENT_3D ( 'NONE', #5356, #7142, #3285 ) ;
#6107 = ORIENTED_EDGE ( 'NONE', *, *, #4902, .F. ) ;
#6108 = ADVANCED_FACE ( 'NONE', ( #119 ), #5631, .F. ) ;
#6109 = DIRECTION ( 'NONE',  ( -0.000000000000000000, -0.000000000000000000, 1.000000000000000000 ) ) ;
#6110 = CARTESIAN_POINT ( 'NONE',  ( 0.000000000000000000, 0.000000000000000000, -62.50000000000000000 ) ) ;
#6111 = CIRCLE ( 'NONE', #4548, 0.9999999999999993339 ) ;
#6112 = EDGE_LOOP ( 'NONE', ( #778, #6153, #2606 ) ) ;
#6113 = DIRECTION ( 'NONE',  ( -0.000000000000000000, -0.000000000000000000, 1.000000000000000000 ) ) ;
#6114 = CARTESIAN_POINT ( 'NONE',  ( -4.748219996434699830, -0.2517800035652998369, -44.59116362763014507 ) ) ;
#6115 = B_SPLINE_CURVE_WITH_KNOTS ( 'NONE', 3,
 ( #4320, #7724, #7813, #283, #1096, #3637, #8437, #5039, #3019, #1734, #5844, #7773, #1641, #2348, #3065, #1686 ),
 .UNSPECIFIED., .F., .F.,
 ( 4, 2, 2, 2, 2, 2, 2, 4 ),
 ( 4.818711198665871750E-07, 0.0008765200830274456944, 0.001314539188981235377, 0.001752558294935024951, 0.002190577400888814308, 0.002628596506842603882, 0.003066615612796393456, 0.003504634718750183030 ),
 .UNSPECIFIED. ) ;
#6116 = CIRCLE ( 'NONE', #5828, 4.000000000000003553 ) ;
#6117 = FACE_OUTER_BOUND ( 'NONE', #1124, .T. ) ;
#6118 = DIRECTION ( 'NONE',  ( -0.000000000000000000, -0.000000000000000000, 1.000000000000000000 ) ) ;
#6119 = CIRCLE ( 'NONE', #2244, 3.904737509655567873 ) ;
#6120 = ORIENTED_EDGE ( 'NONE', *, *, #1230, .T. ) ;
#6121 = CARTESIAN_POINT ( 'NONE',  ( 4.935956332719893425, -0.06404366728010719989, -39.77440186598524008 ) ) ;
#6122 = CARTESIAN_POINT ( 'NONE',  ( 0.6335913640883061859, -4.366408635911693814, -81.10619955115775781 ) ) ;
#6123 = DIRECTION ( 'NONE',  ( 1.224646799147353207E-16, 1.000000000000000000, 0.000000000000000000 ) ) ;
#6124 = AXIS2_PLACEMENT_3D ( 'NONE', #7135, #2296, #6515 ) ;
#6125 = CARTESIAN_POINT ( 'NONE',  ( 0.1676550930162432340, -4.832344906983754740, -88.85453806257370957 ) ) ;
#6126 = CARTESIAN_POINT ( 'NONE',  ( 0.1593231317747888232, -4.840676868225211926, -30.64678058429968033 ) ) ;
#6127 = CARTESIAN_POINT ( 'NONE',  ( -1.328041165545648550, -3.671958834454351450, -65.24999999999998579 ) ) ;
#6128 = CARTESIAN_POINT ( 'NONE',  ( -0.9999999999999995559, 1.224646799147352714E-16, 0.000000000000000000 ) ) ;
#6129 = CARTESIAN_POINT ( 'NONE',  ( -0.3138588208042984440, -4.686141179195701945, -33.46532131222954831 ) ) ;
#6130 = CARTESIAN_POINT ( 'NONE',  ( 0.000000000000000000, 0.000000000000000000, -79.00000000000000000 ) ) ;
#6131 = AXIS2_PLACEMENT_3D ( 'NONE', #5930, #8666, #6914 ) ;
#6132 = CARTESIAN_POINT ( 'NONE',  ( 4.960065625082964225, -0.03993437491703594189, -23.41868978647572419 ) ) ;
#6133 = DIRECTION ( 'NONE',  ( -0.000000000000000000, -0.000000000000000000, 1.000000000000000000 ) ) ;
#6134 = CARTESIAN_POINT ( 'NONE',  ( 4.872131520502826163, -0.1278684794971743088, -107.5074020305400211 ) ) ;
#6135 = AXIS2_PLACEMENT_3D ( 'NONE', #936, #7124, #8516 ) ;
#6136 = B_SPLINE_CURVE_WITH_KNOTS ( 'NONE', 3,
 ( #5413, #699, #2083, #7610, #2722, #3478, #68, #7435, #1297, #1345, #5455, #4830 ),
 .UNSPECIFIED., .F., .F.,
 ( 4, 2, 2, 2, 2, 4 ),
 ( 0.003504634718750185632, 0.003941423334025070946, 0.004378211949299955393, 0.005251789179849725153, 0.006125366410399494914, 0.006998943640949264675 ),
 .UNSPECIFIED. ) ;
#6137 = CARTESIAN_POINT ( 'NONE',  ( 4.935408751172076336, -0.06459124882792298405, -101.7283476508440287 ) ) ;
#6138 = DIRECTION ( 'NONE',  ( 0.000000000000000000, -1.000000000000000000, 0.000000000000000000 ) ) ;
#6139 = CYLINDRICAL_SURFACE ( 'NONE', #3871, 0.9999999999999995559 ) ;
#6140 = ORIENTED_EDGE ( 'NONE', *, *, #7641, .T. ) ;
#6141 = ORIENTED_EDGE ( 'NONE', *, *, #1238, .F. ) ;
#6142 = DIRECTION ( 'NONE',  ( 0.000000000000000000, -1.000000000000000000, 0.000000000000000000 ) ) ;
#6143 = AXIS2_PLACEMENT_3D ( 'NONE', #221, #7711, #3710 ) ;
#6144 = CARTESIAN_POINT ( 'NONE',  ( 0.000000000000000000, -5.000000000000000000, -29.49999999997211830 ) ) ;
#6145 = ORIENTED_EDGE ( 'NONE', *, *, #1636, .F. ) ;
#6146 = EDGE_LOOP ( 'NONE', ( #5778, #1571, #6780, #2054 ) ) ;
#6147 = ADVANCED_FACE ( 'NONE', ( #4922 ), #1483, .F. ) ;
#6148 = CARTESIAN_POINT ( 'NONE',  ( -0.9582157396402182226, -4.041784260359782444, -20.97622534970070163 ) ) ;
#6149 = CARTESIAN_POINT ( 'NONE',  ( 4.502552532152134468, -0.4974474678478660872, -42.38672757692827275 ) ) ;
#6150 = CARTESIAN_POINT ( 'NONE',  ( 0.000000000000000000, 0.000000000000000000, -18.50000000000000355 ) ) ;
#6151 = FACE_OUTER_BOUND ( 'NONE', #6086, .T. ) ;
#6152 = VECTOR ( 'NONE', #3097, 1000.000000000000000 ) ;
#6153 = ORIENTED_EDGE ( 'NONE', *, *, #5659, .T. ) ;
#6154 = EDGE_CURVE ( 'NONE', #7707, #4554, #3390, .T. ) ;
#6155 = CARTESIAN_POINT ( 'NONE',  ( -4.991957775357462879, -0.008042224642538269713, -18.20753412542731553 ) ) ;
#6156 = ORIENTED_EDGE ( 'NONE', *, *, #4640, .T. ) ;
#6157 = CARTESIAN_POINT ( 'NONE',  ( 4.840676868219848217, -0.1593231317801518110, -33.85321941568363968 ) ) ;
#6158 = EDGE_CURVE ( 'NONE', #1077, #7929, #549, .T. ) ;
#6159 = DIRECTION ( 'NONE',  ( 1.000000000000000000, 0.000000000000000000, 0.000000000000000000 ) ) ;
#6160 = VECTOR ( 'NONE', #6371, 1000.000000000000000 ) ;
#6161 = AXIS2_PLACEMENT_3D ( 'NONE', #6315, #2191, #4929 ) ;
#6162 = DIRECTION ( 'NONE',  ( -0.000000000000000000, -0.000000000000000000, 1.000000000000000000 ) ) ;
#6163 = CARTESIAN_POINT ( 'NONE',  ( 3.862796825714234217, -1.137203174285766227, -59.87100116288255691 ) ) ;
#6164 = ORIENTED_EDGE ( 'NONE', *, *, #2158, .F. ) ;
#6165 = CARTESIAN_POINT ( 'NONE',  ( 0.000000000000000000, 0.000000000000000000, -21.24999999999999645 ) ) ;
#6166 = CARTESIAN_POINT ( 'NONE',  ( -5.000000000000008882, 8.565726558227515811E-15, -23.85315646955162805 ) ) ;
#6167 = AXIS2_PLACEMENT_3D ( 'NONE', #590, #6817, #4638 ) ;
#6168 = CIRCLE ( 'NONE', #5889, 4.000000000000003553 ) ;
#6169 = ADVANCED_FACE ( 'NONE', ( #657 ), #3731, .T. ) ;
#6170 = CARTESIAN_POINT ( 'NONE',  ( -4.991698401481079905, -0.008301598518919178771, -101.2962536293577216 ) ) ;
#6171 = DIRECTION ( 'NONE',  ( 1.000000000000000000, 0.000000000000000000, 0.000000000000000000 ) ) ;
#6172 = CARTESIAN_POINT ( 'NONE',  ( -4.366408635906907421, -0.6335913640930938007, -27.39380044883598586 ) ) ;
#6173 = CARTESIAN_POINT ( 'NONE',  ( 0.000000000000000000, 0.000000000000000000, -4.750000000000001776 ) ) ;
#6174 = VERTEX_POINT ( 'NONE', #7657 ) ;
#6175 = AXIS2_PLACEMENT_3D ( 'NONE', #8781, #5955, #1169 ) ;
#6176 = CARTESIAN_POINT ( 'NONE',  ( 0.4974474678531453642, -4.502552532146853359, -93.61327242306309415 ) ) ;
#6177 = DIRECTION ( 'NONE',  ( 1.000000000000000000, 0.000000000000000000, 0.000000000000000000 ) ) ;
#6178 = AXIS2_PLACEMENT_3D ( 'NONE', #7361, #3517, #7567 ) ;
#6179 = CARTESIAN_POINT ( 'NONE',  ( -4.840676868219842888, -0.1593231317801557245, -110.8532194156836255 ) ) ;
#6180 = CARTESIAN_POINT ( 'NONE',  ( 0.000000000000000000, 0.000000000000000000, 0.000000000000000000 ) ) ;
#6181 = EDGE_CURVE ( 'NONE', #5123, #7029, #6039, .T. ) ;
#6182 = CARTESIAN_POINT ( 'NONE',  ( -3.863136006094629149, -1.136863993905370629, -70.62878377920269202 ) ) ;
#6183 = AXIS2_PLACEMENT_3D ( 'NONE', #7517, #2123, #23 ) ;
#6184 = TOROIDAL_SURFACE ( 'NONE', #1474, 1.000000000000002220, 3.999999999999994671 ) ;
#6185 = FACE_OUTER_BOUND ( 'NONE', #3066, .T. ) ;
#6186 = FACE_OUTER_BOUND ( 'NONE', #7340, .T. ) ;
#6187 = LINE ( 'NONE', #4077, #2155 ) ;
#6188 = VERTEX_POINT ( 'NONE', #4637 ) ;
#6189 = ORIENTED_EDGE ( 'NONE', *, *, #4592, .T. ) ;
#6190 = CARTESIAN_POINT ( 'NONE',  ( -4.041784260359810865, -0.9582157396401889127, -54.52377465029930903 ) ) ;
#6191 = CARTESIAN_POINT ( 'NONE',  ( 0.1676550930108554049, -4.832344906989142430, -22.85453806259096865 ) ) ;
#6192 = VERTEX_POINT ( 'NONE', #1437 ) ;
#6193 = CARTESIAN_POINT ( 'NONE',  ( -4.686141179201310791, -0.3138588207986893752, -91.53467868775796035 ) ) ;
#6194 = CARTESIAN_POINT ( 'NONE',  ( -0.008042224642554392233, -4.991957775357446003, -18.79246587457291895 ) ) ;
#6195 = CARTESIAN_POINT ( 'NONE',  ( -4.739198801701951069, -0.2608011982980495413, -14.40923771779446128 ) ) ;
#6196 = CARTESIAN_POINT ( 'NONE',  ( -1.328041165545656765, -3.671958834454343013, -103.7500000000000000 ) ) ;
#6197 = DIRECTION ( 'NONE',  ( -0.000000000000000000, -0.000000000000000000, 1.000000000000000000 ) ) ;
#6198 = FACE_OUTER_BOUND ( 'NONE', #3640, .T. ) ;
#6199 = EDGE_LOOP ( 'NONE', ( #1593, #2847, #1755 ) ) ;
#6200 = DIRECTION ( 'NONE',  ( -0.000000000000000000, -0.000000000000000000, 1.000000000000000000 ) ) ;
#6201 = CARTESIAN_POINT ( 'NONE',  ( -4.041784260359808201, -0.9582157396401930205, -82.02377465029930192 ) ) ;
#6202 = DIRECTION ( 'NONE',  ( -1.000000000000000000, 1.224646799147353207E-16, 0.000000000000000000 ) ) ;
#6203 = CARTESIAN_POINT ( 'NONE',  ( -3.671958834454336351, -1.328041165545663871, -10.25000000000000178 ) ) ;
#6204 = VERTEX_POINT ( 'NONE', #2813 ) ;
#6205 = EDGE_CURVE ( 'NONE', #6333, #6918, #7327, .T. ) ;
#6206 = CARTESIAN_POINT ( 'NONE',  ( 0.06404366727605249887, -4.935956332723947071, -79.72559813399331574 ) ) ;
#6207 = CARTESIAN_POINT ( 'NONE',  ( -0.04063066961489658624, -4.959369330385102970, -6.913865516544511536 ) ) ;
#6208 = EDGE_CURVE ( 'NONE', #5777, #640, #4036, .T. ) ;
#6209 = FACE_OUTER_BOUND ( 'NONE', #8375, .T. ) ;
#6210 = CARTESIAN_POINT ( 'NONE',  ( 0.9582157396373258695, -4.041784260362675241, -31.97622534969821118 ) ) ;
#6211 = DIRECTION ( 'NONE',  ( -0.000000000000000000, -0.000000000000000000, 1.000000000000000000 ) ) ;
#6212 = DIRECTION ( 'NONE',  ( -0.000000000000000000, -0.000000000000000000, 1.000000000000000000 ) ) ;
#6213 = DIRECTION ( 'NONE',  ( 0.000000000000000000, 0.000000000000000000, -1.000000000000000000 ) ) ;
#6214 = VERTEX_POINT ( 'NONE', #2090 ) ;
#6215 = FACE_OUTER_BOUND ( 'NONE', #4915, .T. ) ;
#6216 = CARTESIAN_POINT ( 'NONE',  ( 4.686141179201313456, -0.3138588207986856005, -47.53467868775796745 ) ) ;
#6217 = EDGE_CURVE ( 'NONE', #4510, #1496, #2463, .T. ) ;
#6218 = CARTESIAN_POINT ( 'NONE',  ( -4.041784260359808201, -0.9582157396401930205, -109.5237746502993161 ) ) ;
#6219 = CARTESIAN_POINT ( 'NONE',  ( 4.748219996434698054, -0.2517800035653025015, -66.59116362763018060 ) ) ;
#6220 = CARTESIAN_POINT ( 'NONE',  ( 4.359865889258244920, -0.6401341107417566345, -108.6012504537135044 ) ) ;
#6221 = B_SPLINE_CURVE_WITH_KNOTS ( 'NONE', 3,
 ( #5675, #5145, #6493, #3084, #7157, #8505, #6581, #1656, #2946, #1618, #3700, #7747 ),
 .UNSPECIFIED., .F., .F.,
 ( 4, 2, 2, 2, 2, 4 ),
 ( 0.003504634718750202979, 0.003941423334025087426, 0.004378211949299971872, 0.005251789179849739898, 0.006125366410399507924, 0.006998943640949276818 ),
 .UNSPECIFIED. ) ;
#6222 = CARTESIAN_POINT ( 'NONE',  ( 3.862796825714234661, -1.137203174285765561, -26.87100116288255336 ) ) ;
#6223 = CARTESIAN_POINT ( 'NONE',  ( -4.991698401481084346, -0.008301598518915521974, -62.79625362935771449 ) ) ;
#6224 = CARTESIAN_POINT ( 'NONE',  ( 0.000000000000000000, 0.000000000000000000, 0.000000000000000000 ) ) ;
#6225 = VERTEX_POINT ( 'NONE', #2133 ) ;
#6226 = ORIENTED_EDGE ( 'NONE', *, *, #4206, .T. ) ;
#6227 = DIRECTION ( 'NONE',  ( 0.000000000000000000, -1.000000000000000000, 0.000000000000000000 ) ) ;
#6228 = CARTESIAN_POINT ( 'NONE',  ( 4.872131520502827939, -0.1278684794971726990, -14.00740203054002997 ) ) ;
#6229 = ORIENTED_EDGE ( 'NONE', *, *, #2698, .T. ) ;
#6230 = ORIENTED_EDGE ( 'NONE', *, *, #3914, .T. ) ;
#6231 = CARTESIAN_POINT ( 'NONE',  ( -4.999999999999986677, -1.245921937940029991E-14, -79.14725720788725027 ) ) ;
#6232 = CARTESIAN_POINT ( 'NONE',  ( -3.671958834454339016, -1.328041165545661206, -15.75000000000000000 ) ) ;
#6233 = CARTESIAN_POINT ( 'NONE',  ( 0.000000000000000000, -5.000000000000000000, -45.99999999997221067 ) ) ;
#6234 = CARTESIAN_POINT ( 'NONE',  ( 0.000000000000000000, -5.000000000000000000, -13.00000000000000533 ) ) ;
#6235 = CARTESIAN_POINT ( 'NONE',  ( 0.000000000000000000, -5.000000000000000000, -51.49999999997221067 ) ) ;
#6236 = VERTEX_POINT ( 'NONE', #5049 ) ;
#6237 = AXIS2_PLACEMENT_3D ( 'NONE', #3023, #6644, #503 ) ;
#6238 = FACE_OUTER_BOUND ( 'NONE', #4130, .T. ) ;
#6239 = CARTESIAN_POINT ( 'NONE',  ( 0.000000000000000000, 0.000000000000000000, -15.75000000000000000 ) ) ;
#6240 = EDGE_CURVE ( 'NONE', #1463, #8209, #6416, .T. ) ;
#6241 = CARTESIAN_POINT ( 'NONE',  ( 0.000000000000000000, 0.000000000000000000, -35.00000000000000000 ) ) ;
#6242 = CARTESIAN_POINT ( 'NONE',  ( 5.000000000000284217, 2.846191403287952879E-13, -62.50000000000020606 ) ) ;
#6243 = EDGE_LOOP ( 'NONE', ( #3890, #6229, #3406 ) ) ;
#6244 = B_SPLINE_CURVE_WITH_KNOTS ( 'NONE', 3,
 ( #7936, #1175, #6006, #7217, #3230, #5959, #7309, #8696, #3897, #1218, #8741, #2564 ),
 .UNSPECIFIED., .F., .F.,
 ( 4, 2, 2, 2, 2, 4 ),
 ( 0.003504634718750183030, 0.003941423334025066609, 0.004378211949299949321, 0.005251789179849716480, 0.006125366410399483638, 0.006998943640949250797 ),
 .UNSPECIFIED. ) ;
#6245 = AXIS2_PLACEMENT_3D ( 'NONE', #913, #6932, #2975 ) ;
#6246 = FACE_OUTER_BOUND ( 'NONE', #6102, .T. ) ;
#6247 = ORIENTED_EDGE ( 'NONE', *, *, #1516, .F. ) ;
#6248 = CARTESIAN_POINT ( 'NONE',  ( -0.06404366727605258214, -4.935956332723947071, -90.72559813399330153 ) ) ;
#6249 = EDGE_CURVE ( 'NONE', #2510, #2972, #7478, .T. ) ;
#6250 = VECTOR ( 'NONE', #8371, 1000.000000000000000 ) ;
#6251 = CARTESIAN_POINT ( 'NONE',  ( 4.041784260359807313, -0.9582157396401930205, -10.52377465029932146 ) ) ;
#6252 = DIRECTION ( 'NONE',  ( 1.000000000000000000, 0.000000000000000000, 0.000000000000000000 ) ) ;
#6253 = EDGE_CURVE ( 'NONE', #1916, #2635, #3177, .T. ) ;
#6254 = CARTESIAN_POINT ( 'NONE',  ( 0.9582157396402211091, -4.041784260359779779, -26.47622534970071229 ) ) ;
#6255 = CARTESIAN_POINT ( 'NONE',  ( 3.671958834454342124, -1.328041165545657876, -37.75000000000000000 ) ) ;
#6256 = EDGE_CURVE ( 'NONE', #807, #6918, #7059, .T. ) ;
#6257 = CARTESIAN_POINT ( 'NONE',  ( 0.7176137099645706341, -4.282386290035427479, -93.29777126957944233 ) ) ;
#6258 = CARTESIAN_POINT ( 'NONE',  ( 4.959369330385074548, -0.04063066961492557694, -46.58613448345570163 ) ) ;
#6259 = CARTESIAN_POINT ( 'NONE',  ( 0.000000000000000000, 0.000000000000000000, -117.5000000000000000 ) ) ;
#6260 = CIRCLE ( 'NONE', #7687, 0.9999999999999993339 ) ;
#6261 = DIRECTION ( 'NONE',  ( 0.000000000000000000, 0.000000000000000000, -1.000000000000000000 ) ) ;
#6262 = TOROIDAL_SURFACE ( 'NONE', #89, 1.000000000000000000, 3.999999999999996447 ) ;
#6263 = CARTESIAN_POINT ( 'NONE',  ( 0.000000000000000000, 0.000000000000000000, -2.000000000000000000 ) ) ;
#6264 = EDGE_CURVE ( 'NONE', #7236, #8224, #8450, .T. ) ;
#6265 = B_SPLINE_CURVE_WITH_KNOTS ( 'NONE', 3,
 ( #2094, #6182, #2015, #8786, #3395, #4718, #2647, #2685, #5422, #41, #5505, #5546, #4764, #5381, #8114, #7493 ),
 .UNSPECIFIED., .F., .F.,
 ( 4, 2, 2, 2, 2, 2, 2, 4 ),
 ( 4.818711198664599083E-07, 0.0008765200830274455859, 0.001314539188981235160, 0.001752558294935024734, 0.002190577400888814308, 0.002628596506842603882, 0.003066615612796393456, 0.003504634718750183030 ),
 .UNSPECIFIED. ) ;
#6266 = CARTESIAN_POINT ( 'NONE',  ( 0.6335913640931364332, -4.366408635906863012, -9.606199551164072759 ) ) ;
#6267 = FACE_OUTER_BOUND ( 'NONE', #4469, .T. ) ;
#6268 = CC_DESIGN_PERSON_AND_ORGANIZATION_ASSIGNMENT ( #6653, #1817, ( #6823 ) ) ;
#6269 = CIRCLE ( 'NONE', #1547, 4.000000000000003553 ) ;
#6270 = ORIENTED_EDGE ( 'NONE', *, *, #1949, .T. ) ;
#6271 = EDGE_CURVE ( 'NONE', #8066, #6585, #3109, .T. ) ;
#6272 = ORIENTED_EDGE ( 'NONE', *, *, #3196, .F. ) ;
#6273 = CARTESIAN_POINT ( 'NONE',  ( -4.840676868219849105, -0.1593231317801506175, -55.85321941568361126 ) ) ;
#6274 = CARTESIAN_POINT ( 'NONE',  ( 0.7176137099645706341, -4.282386290035427479, -82.29777126957945654 ) ) ;
#6275 = ORIENTED_EDGE ( 'NONE', *, *, #5873, .F. ) ;
#6276 = CIRCLE ( 'NONE', #255, 3.999999999999994671 ) ;
#6277 = CARTESIAN_POINT ( 'NONE',  ( 0.9999999999999986677, 0.000000000000000000, -122.9999999999999716 ) ) ;
#6278 = CARTESIAN_POINT ( 'NONE',  ( -4.872131520502826163, -0.1278684794971741423, -80.00740203054002109 ) ) ;
#6279 = CARTESIAN_POINT ( 'NONE',  ( 4.282386290039720045, -0.7176137099602802882, -42.70222873041525702 ) ) ;
#6280 = TOROIDAL_SURFACE ( 'NONE', #4422, 1.000000000000000000, 4.000000000000001776 ) ;
#6281 = DIRECTION ( 'NONE',  ( 0.000000000000000000, 0.000000000000000000, -1.000000000000000000 ) ) ;
#6282 = CARTESIAN_POINT ( 'NONE',  ( 4.935408751172076336, -0.06459124882792298405, -68.72834765084402875 ) ) ;
#6283 = LINE ( 'NONE', #2203, #4451 ) ;
#6284 = ORIENTED_EDGE ( 'NONE', *, *, #431, .F. ) ;
#6285 = B_SPLINE_CURVE_WITH_KNOTS ( 'NONE', 3,
 ( #8006, #5318, #6572, #1869, #5229, #2498, #5188, #8587, #8674, #5900, #429, #2452, #3299, #7957, #7918, #2538 ),
 .UNSPECIFIED., .F., .F.,
 ( 4, 2, 2, 2, 2, 2, 2, 4 ),
 ( 4.818711198494554043E-07, 0.0008765200830205810683, 0.001314539188970950201, 0.001752558294921319117, 0.002190577400871687817, 0.002628596506822056950, 0.003066615612772425649, 0.003504634718722794782 ),
 .UNSPECIFIED. ) ;
#6286 = TOROIDAL_SURFACE ( 'NONE', #6861, 1.000000000000000000, 4.000000000000001776 ) ;
#6287 = EDGE_CURVE ( 'NONE', #101, #1884, #5468, .T. ) ;
#6288 = CARTESIAN_POINT ( 'NONE',  ( -5.000000000000284217, 2.844285577088679172E-13, -62.50000000000020606 ) ) ;
#6289 = EDGE_LOOP ( 'NONE', ( #6095, #8313, #7370, #8124, #8649, #1813 ) ) ;
#6290 = DIRECTION ( 'NONE',  ( 1.000000000000000000, 0.000000000000000000, 0.000000000000000000 ) ) ;
#6291 = CARTESIAN_POINT ( 'NONE',  ( -4.366408635906906532, -0.6335913640930935786, -71.39380044883600362 ) ) ;
#6292 = VERTEX_POINT ( 'NONE', #2166 ) ;
#6293 = CIRCLE ( 'NONE', #1440, 3.904737509655567873 ) ;
#6294 = DIRECTION ( 'NONE',  ( -1.000000000000000000, 1.224646799147352961E-16, 0.000000000000000000 ) ) ;
#6295 = EDGE_LOOP ( 'NONE', ( #593, #1226, #7229 ) ) ;
#6296 = FACE_OUTER_BOUND ( 'NONE', #4659, .T. ) ;
#6297 = AXIS2_PLACEMENT_3D ( 'NONE', #7404, #3942, #1267 ) ;
#6298 = CARTESIAN_POINT ( 'NONE',  ( 0.9999999999999993339, 0.000000000000000000, -64.49999999999998579 ) ) ;
#6299 = CARTESIAN_POINT ( 'NONE',  ( 4.041784260359807313, -0.9582157396401936866, -82.02377465029930192 ) ) ;
#6300 = ADVANCED_FACE ( 'NONE', ( #58 ), #6184, .T. ) ;
#6301 = CARTESIAN_POINT ( 'NONE',  ( 0.000000000000000000, 0.000000000000000000, -51.50000000000000711 ) ) ;
#6302 = DIRECTION ( 'NONE',  ( 1.000000000000000000, 0.000000000000000000, 0.000000000000000000 ) ) ;
#6303 = CARTESIAN_POINT ( 'NONE',  ( -0.4974474678478200684, -4.502552532152180653, -22.11327242307182317 ) ) ;
#6304 = DIRECTION ( 'NONE',  ( 1.000000000000000000, 0.000000000000000000, 0.000000000000000000 ) ) ;
#6305 = CARTESIAN_POINT ( 'NONE',  ( -4.748219996434693613, -0.2517800035653069424, -110.5911636276301522 ) ) ;
#6306 = AXIS2_PLACEMENT_3D ( 'NONE', #3675, #2434, #417 ) ;
#6307 = AXIS2_PLACEMENT_3D ( 'NONE', #4484, #213, #7748 ) ;
#6308 = DIRECTION ( 'NONE',  ( -0.000000000000000000, -0.000000000000000000, 1.000000000000000000 ) ) ;
#6309 = CARTESIAN_POINT ( 'NONE',  ( -1.328041165545656987, -3.671958834454343013, -114.7499999999999858 ) ) ;
#6310 = B_SPLINE_CURVE_WITH_KNOTS ( 'NONE', 3,
 ( #8799, #1326, #6785, #5650, #7080, #4860, #7592, #902, #7672, #815, #8300, #8428 ),
 .UNSPECIFIED., .F., .F.,
 ( 4, 2, 2, 2, 2, 4 ),
 ( 0.003504634718722721056, 0.003941423334001042424, 0.004378211949279363358, 0.005251789179836006093, 0.006125366410392648828, 0.006998943640949292430 ),
 .UNSPECIFIED. ) ;
#6311 = FACE_BOUND ( 'NONE', #866, .T. ) ;
#6312 = CARTESIAN_POINT ( 'NONE',  ( 0.000000000000000000, 0.000000000000000000, 0.000000000000000000 ) ) ;
#6313 = AXIS2_PLACEMENT_3D ( 'NONE', #3102, #4544, #8614 ) ;
#6314 = AXIS2_PLACEMENT_3D ( 'NONE', #8536, #2399, #4240 ) ;
#6315 = CARTESIAN_POINT ( 'NONE',  ( 0.000000000000000000, 0.000000000000000000, -95.50000000000000000 ) ) ;
#6316 = ORIENTED_EDGE ( 'NONE', *, *, #6931, .F. ) ;
#6317 = ORIENTED_EDGE ( 'NONE', *, *, #2198, .T. ) ;
#6318 = DIRECTION ( 'NONE',  ( -0.000000000000000000, -0.000000000000000000, 1.000000000000000000 ) ) ;
#6319 = EDGE_CURVE ( 'NONE', #2576, #1318, #2730, .T. ) ;
#6320 = CARTESIAN_POINT ( 'NONE',  ( -1.016614237250531202E-12, -5.000000000001018741, -68.14684353042213161 ) ) ;
#6321 = VECTOR ( 'NONE', #5103, 1000.000000000000114 ) ;
#6322 = ORIENTED_EDGE ( 'NONE', *, *, #6760, .F. ) ;
#6323 = AXIS2_PLACEMENT_3D ( 'NONE', #707, #4879, #3436 ) ;
#6324 = EDGE_CURVE ( 'NONE', #2232, #6072, #7928, .T. ) ;
#6325 = CARTESIAN_POINT ( 'NONE',  ( -0.4915337874163404064, -4.508466212583660315, -42.39376480692352800 ) ) ;
#6326 = CARTESIAN_POINT ( 'NONE',  ( -0.6335913640883421571, -4.366408635911657399, -48.10619955115780044 ) ) ;
#6327 = DIRECTION ( 'NONE',  ( 1.000000000000000000, 0.000000000000000000, 0.000000000000000000 ) ) ;
#6328 = CIRCLE ( 'NONE', #7333, 1.000000000000000000 ) ;
#6329 = CARTESIAN_POINT ( 'NONE',  ( 0.000000000000000000, 0.000000000000000000, -4.000000000000000000 ) ) ;
#6330 = CARTESIAN_POINT ( 'NONE',  ( 0.008301598520849608545, -4.991698401479151670, -78.70374637061695466 ) ) ;
#6331 = DIRECTION ( 'NONE',  ( -0.000000000000000000, -0.000000000000000000, 1.000000000000000000 ) ) ;
#6332 = B_SPLINE_CURVE_WITH_KNOTS ( 'NONE', 3,
 ( #8092, #1458, #4689, #7415, #4779, #4089, #7547, #2753, #1414, #8384, #6996, #6365, #2921, #223, #3499, #901 ),
 .UNSPECIFIED., .F., .F.,
 ( 4, 2, 2, 2, 2, 2, 2, 4 ),
 ( 4.818711198449750235E-07, 0.0008765200830206021018, 0.001314539188970981209, 0.001752558294921360317, 0.002190577400871739425, 0.002628596506822118532, 0.003066615612772497206, 0.003504634718722876748 ),
 .UNSPECIFIED. ) ;
#6333 = VERTEX_POINT ( 'NONE', #193 ) ;
#6334 = DIRECTION ( 'NONE',  ( -0.000000000000000000, -0.000000000000000000, 1.000000000000000000 ) ) ;
#6335 = CARTESIAN_POINT ( 'NONE',  ( -0.6335913640883387155, -4.366408635911661840, -37.10619955115780755 ) ) ;
#6336 = CARTESIAN_POINT ( 'NONE',  ( 0.1278684794971262362, -4.872131520502874125, -55.99259796946014944 ) ) ;
#6337 = ORIENTED_EDGE ( 'NONE', *, *, #347, .T. ) ;
#6338 = AXIS2_PLACEMENT_3D ( 'NONE', #4650, #5398, #3244 ) ;
#6339 = CARTESIAN_POINT ( 'NONE',  ( 3.904737509655565209, 0.000000000000000000, -15.75000000000000000 ) ) ;
#6340 = VERTEX_POINT ( 'NONE', #2926 ) ;
#6341 = DIRECTION ( 'NONE',  ( 1.000000000000000000, 0.000000000000000000, 0.000000000000000000 ) ) ;
#6342 = CARTESIAN_POINT ( 'NONE',  ( 4.960065625082965113, -0.03993437491703484554, -12.41868978647572774 ) ) ;
#6343 = DIRECTION ( 'NONE',  ( -0.000000000000000000, -0.000000000000000000, 1.000000000000000000 ) ) ;
#6344 = DIRECTION ( 'NONE',  ( 0.000000000000000000, 0.000000000000000000, -1.000000000000000000 ) ) ;
#6345 = FACE_OUTER_BOUND ( 'NONE', #8072, .T. ) ;
#6346 = CARTESIAN_POINT ( 'NONE',  ( -4.502552532152134468, -0.4974474678478655321, -97.38672757692825144 ) ) ;
#6347 = CARTESIAN_POINT ( 'NONE',  ( -1.000000000000000000, 1.224646799147353207E-16, -24.00000000000000355 ) ) ;
#6348 = DIRECTION ( 'NONE',  ( 0.000000000000000000, 0.000000000000000000, -1.000000000000000000 ) ) ;
#6349 = DIRECTION ( 'NONE',  ( 0.000000000000000000, -1.000000000000000000, 0.000000000000000000 ) ) ;
#6350 = CARTESIAN_POINT ( 'NONE',  ( 1.000000000000000000, 0.000000000000000000, -62.50000000000000000 ) ) ;
#6351 = DIRECTION ( 'NONE',  ( -0.000000000000000000, -0.000000000000000000, 1.000000000000000000 ) ) ;
#6352 = FACE_OUTER_BOUND ( 'NONE', #4097, .T. ) ;
#6353 = CARTESIAN_POINT ( 'NONE',  ( 3.671958834454334575, -1.328041165545665647, -48.75000000000000000 ) ) ;
#6354 = ORIENTED_EDGE ( 'NONE', *, *, #5118, .T. ) ;
#6355 = EDGE_LOOP ( 'NONE', ( #1778, #5525, #717 ) ) ;
#6356 = DIRECTION ( 'NONE',  ( 1.000000000000000000, 0.000000000000000000, 0.000000000000000000 ) ) ;
#6357 = CARTESIAN_POINT ( 'NONE',  ( 0.9582157396373277569, -4.041784260362672576, -70.47622534969821118 ) ) ;
#6358 = ORIENTED_EDGE ( 'NONE', *, *, #891, .T. ) ;
#6359 = DIRECTION ( 'NONE',  ( 0.000000000000000000, -1.000000000000000000, 0.000000000000000000 ) ) ;
#6360 = DIRECTION ( 'NONE',  ( 0.000000000000000000, -1.000000000000000000, 0.000000000000000000 ) ) ;
#6361 = CARTESIAN_POINT ( 'NONE',  ( 5.000000000000006217, 5.692061405548891968E-15, -89.85315646955160673 ) ) ;
#6362 = EDGE_CURVE ( 'NONE', #466, #1100, #3865, .T. ) ;
#6363 = EDGE_CURVE ( 'NONE', #4743, #6929, #7462, .T. ) ;
#6364 = CYLINDRICAL_SURFACE ( 'NONE', #7127, 0.9999999999999995559 ) ;
#6365 = CARTESIAN_POINT ( 'NONE',  ( -0.06459124883188098465, -4.935408751168118613, -45.27165234913506708 ) ) ;
#6366 = ADVANCED_FACE ( 'NONE', ( #8260 ), #6831, .F. ) ;
#6367 = DIRECTION ( 'NONE',  ( 0.000000000000000000, -1.000000000000000000, 0.000000000000000000 ) ) ;
#6368 = CARTESIAN_POINT ( 'NONE',  ( 0.03993437491365121189, -4.960065625086347296, -79.58131021350166634 ) ) ;
#6369 = EDGE_CURVE ( 'NONE', #6722, #1202, #8345, .T. ) ;
#6370 = EDGE_LOOP ( 'NONE', ( #8807, #4145, #7162, #2075 ) ) ;
#6371 = DIRECTION ( 'NONE',  ( -0.000000000000000000, -0.000000000000000000, 1.000000000000000000 ) ) ;
#6372 = ADVANCED_FACE ( 'NONE', ( #6238 ), #8304, .F. ) ;
#6373 = CARTESIAN_POINT ( 'NONE',  ( -2.500000000000000000, -2.500000000000000000, 8.000000000000007105 ) ) ;
#6374 = DIRECTION ( 'NONE',  ( 1.000000000000000000, 0.000000000000000000, 0.000000000000000000 ) ) ;
#6375 = ORIENTED_EDGE ( 'NONE', *, *, #1006, .T. ) ;
#6376 = ORIENTED_EDGE ( 'NONE', *, *, #8515, .F. ) ;
#6377 = CARTESIAN_POINT ( 'NONE',  ( -4.935956332719893425, -0.06404366728010724152, -61.77440186598523297 ) ) ;
#6378 = EDGE_LOOP ( 'NONE', ( #1187, #64, #1016 ) ) ;
#6379 = DIRECTION ( 'NONE',  ( 1.000000000000000000, 0.000000000000000000, 0.000000000000000000 ) ) ;
#6380 = CARTESIAN_POINT ( 'NONE',  ( -0.2517800035653530721, -4.748219996434646539, -63.90883637236996151 ) ) ;
#6381 = AXIS2_PLACEMENT_3D ( 'NONE', #2199, #725, #6951 ) ;
#6382 = CARTESIAN_POINT ( 'NONE',  ( 0.7176137099645699680, -4.282386290035430143, -49.29777126957945654 ) ) ;
#6383 = FACE_OUTER_BOUND ( 'NONE', #6243, .T. ) ;
#6384 = CARTESIAN_POINT ( 'NONE',  ( 0.000000000000000000, 0.000000000000000000, -81.74999999999998579 ) ) ;
#6385 = CARTESIAN_POINT ( 'NONE',  ( 4.739198801701948405, -0.2608011982980503185, -8.909237717794461275 ) ) ;
#6386 = DIRECTION ( 'NONE',  ( -0.000000000000000000, -0.000000000000000000, 1.000000000000000000 ) ) ;
#6387 = CARTESIAN_POINT ( 'NONE',  ( -0.7176137099602450942, -4.282386290039755572, -10.79777126958476785 ) ) ;
#6388 = CIRCLE ( 'NONE', #2536, 1.000000000000000000 ) ;
#6389 = AXIS2_PLACEMENT_3D ( 'NONE', #5067, #2954, #4440 ) ;
#6390 = CARTESIAN_POINT ( 'NONE',  ( 0.6401341107464960656, -4.359865889253503823, -109.8987495462801007 ) ) ;
#6391 = EDGE_CURVE ( 'NONE', #3319, #5751, #2592, .T. ) ;
#6392 = DIRECTION ( 'NONE',  ( -0.000000000000000000, -0.000000000000000000, 1.000000000000000000 ) ) ;
#6393 = CARTESIAN_POINT ( 'NONE',  ( 0.000000000000000000, 0.000000000000000000, -92.74999999999998579 ) ) ;
#6394 = CARTESIAN_POINT ( 'NONE',  ( 0.1668769287816705971, -4.833123071218330402, -3.142795131292744681 ) ) ;
#6395 = CARTESIAN_POINT ( 'NONE',  ( -4.366408635906908309, -0.6335913640930921353, -76.89380044883598941 ) ) ;
#6396 = ORIENTED_EDGE ( 'NONE', *, *, #5757, .F. ) ;
#6397 = AXIS2_PLACEMENT_3D ( 'NONE', #2585, #3827, #1200 ) ;
#6398 = VERTEX_POINT ( 'NONE', #6288 ) ;
#6399 = AXIS2_PLACEMENT_3D ( 'NONE', #6350, #4925, #798 ) ;
#6400 = CARTESIAN_POINT ( 'NONE',  ( 4.359865889258240479, -0.6401341107417601872, -20.60125045371350083 ) ) ;
#6401 = DIRECTION ( 'NONE',  ( 1.000000000000000000, 0.000000000000000000, 0.000000000000000000 ) ) ;
#6402 = ORIENTED_EDGE ( 'NONE', *, *, #3363, .T. ) ;
#6403 = CARTESIAN_POINT ( 'NONE',  ( -5.000000000000281553, 2.811725620256466210E-13, -90.00000000000019895 ) ) ;
#6404 = CIRCLE ( 'NONE', #2556, 3.904737509655563876 ) ;
#6405 = CARTESIAN_POINT ( 'NONE',  ( -0.06404366727607592458, -4.935956332723924866, -46.72559813399347917 ) ) ;
#6406 = CARTESIAN_POINT ( 'NONE',  ( 0.000000000000000000, 0.000000000000000000, 0.000000000000000000 ) ) ;
#6407 = CARTESIAN_POINT ( 'NONE',  ( -0.4306231363298302361, -4.569376863670170152, -3.770659893811339369 ) ) ;
#6408 = DIRECTION ( 'NONE',  ( 1.000000000000000000, 0.000000000000000000, 0.000000000000000000 ) ) ;
#6409 = CARTESIAN_POINT ( 'NONE',  ( 0.04063066961833027013, -4.959369330381669272, -78.41386551652185233 ) ) ;
#6410 = FACE_OUTER_BOUND ( 'NONE', #4769, .T. ) ;
#6411 = CARTESIAN_POINT ( 'NONE',  ( 5.000000000000000000, 0.000000000000000000, 0.000000000000000000 ) ) ;
#6412 = ADVANCED_FACE ( 'NONE', ( #146 ), #744, .F. ) ;
#6413 = ORIENTED_EDGE ( 'NONE', *, *, #746, .F. ) ;
#6414 = CARTESIAN_POINT ( 'NONE',  ( -4.960065625082965113, -0.03993437491703484554, -12.41868978647572774 ) ) ;
#6415 = AXIS2_PLACEMENT_3D ( 'NONE', #8771, #1825, #7341 ) ;
#6416 = B_SPLINE_CURVE_WITH_KNOTS ( 'NONE', 3,
 ( #2357, #7015, #877, #3032, #5091, #207, #343, #3610, #5004, #4282, #2940, #7736, #4329, #3074, #6484, #1561 ),
 .UNSPECIFIED., .F., .F.,
 ( 4, 2, 2, 2, 2, 2, 2, 4 ),
 ( 4.818711198500916319E-07, 0.0008765200830205815020, 0.001314539188970950418, 0.001752558294921319334, 0.002190577400871687817, 0.002628596506822056516, 0.003066615612772425649, 0.003504634718722794348 ),
 .UNSPECIFIED. ) ;
#6417 = CARTESIAN_POINT ( 'NONE',  ( -0.7176137099645701900, -4.282386290035430143, -49.29777126957945654 ) ) ;
#6418 = DIRECTION ( 'NONE',  ( 0.000000000000000000, 0.000000000000000000, -1.000000000000000000 ) ) ;
#6419 = ORIENTED_EDGE ( 'NONE', *, *, #3027, .F. ) ;
#6420 = ADVANCED_FACE ( 'NONE', ( #1728 ), #287, .T. ) ;
#6421 = AXIS2_PLACEMENT_3D ( 'NONE', #6406, #2286, #8382 ) ;
#6422 = DIRECTION ( 'NONE',  ( -0.000000000000000000, -0.000000000000000000, 1.000000000000000000 ) ) ;
#6423 = ORIENTED_EDGE ( 'NONE', *, *, #5488, .T. ) ;
#6424 = EDGE_CURVE ( 'NONE', #5243, #8294, #1158, .T. ) ;
#6425 = CARTESIAN_POINT ( 'NONE',  ( 0.3138588208043028849, -4.686141179195698392, -66.46532131222956252 ) ) ;
#6426 = ORIENTED_EDGE ( 'NONE', *, *, #7768, .F. ) ;
#6427 = CARTESIAN_POINT ( 'NONE',  ( 1.000000000000000000, 0.000000000000000000, -13.00000000000000355 ) ) ;
#6428 = DIRECTION ( 'NONE',  ( 0.000000000000000000, 0.000000000000000000, -1.000000000000000000 ) ) ;
#6429 = CIRCLE ( 'NONE', #3705, 1.000000000000000000 ) ;
#6430 = CARTESIAN_POINT ( 'NONE',  ( -4.935408751172079000, -0.06459124882792185995, -24.72834765084402164 ) ) ;
#6431 = FACE_OUTER_BOUND ( 'NONE', #5043, .T. ) ;
#6432 = CARTESIAN_POINT ( 'NONE',  ( -4.508466212578269072, -0.4915337874217310388, -88.10623519306797391 ) ) ;
#6433 = CARTESIAN_POINT ( 'NONE',  ( 4.359865889258239591, -0.6401341107417611864, -9.601250453713506161 ) ) ;
#6434 = DIRECTION ( 'NONE',  ( 1.224646799147353207E-16, 1.000000000000000000, 0.000000000000000000 ) ) ;
#6435 = EDGE_CURVE ( 'NONE', #6104, #7796, #8353, .T. ) ;
#6436 = CARTESIAN_POINT ( 'NONE',  ( -4.840676868219845552, -0.1593231317801558078, -66.85321941568361126 ) ) ;
#6437 = VECTOR ( 'NONE', #6777, 1000.000000000000000 ) ;
#6438 = CARTESIAN_POINT ( 'NONE',  ( 5.000000000000281553, 2.809514862196180954E-13, -106.5000000000001990 ) ) ;
#6439 = CARTESIAN_POINT ( 'NONE',  ( -0.06404366728014440624, -4.935956332719857897, -24.72559813401497664 ) ) ;
#6440 = CARTESIAN_POINT ( 'NONE',  ( 5.000000000000281553, 2.809514862196180954E-13, -95.50000000000021316 ) ) ;
#6441 = CARTESIAN_POINT ( 'NONE',  ( -1.137203174285770002, -3.862796825714230220, -76.12899883711746440 ) ) ;
#6442 = DIRECTION ( 'NONE',  ( -0.000000000000000000, -0.000000000000000000, 1.000000000000000000 ) ) ;
#6443 = VERTEX_POINT ( 'NONE', #7719 ) ;
#6444 = AXIS2_PLACEMENT_3D ( 'NONE', #3908, #8755, #1908 ) ;
#6445 = EDGE_LOOP ( 'NONE', ( #3619, #5040, #1050, #1951 ) ) ;
#6446 = AXIS2_PLACEMENT_3D ( 'NONE', #351, #2992, #1570 ) ;
#6447 = ORIENTED_EDGE ( 'NONE', *, *, #4293, .T. ) ;
#6448 = CARTESIAN_POINT ( 'NONE',  ( -1.000000000000000000, 1.224646799147353207E-16, -51.50000000000000711 ) ) ;
#6449 = ADVANCED_FACE ( 'NONE', ( #5838 ), #149, .T. ) ;
#6450 = CARTESIAN_POINT ( 'NONE',  ( 5.000000000000285993, 2.862826807771588442E-13, -46.00000000000020606 ) ) ;
#6451 = ORIENTED_EDGE ( 'NONE', *, *, #6363, .T. ) ;
#6452 = CARTESIAN_POINT ( 'NONE',  ( 0.000000000000000000, -5.000000000000000000, -40.49999999997221778 ) ) ;
#6453 = CIRCLE ( 'NONE', #2600, 3.904737509655567873 ) ;
#6454 = CIRCLE ( 'NONE', #869, 0.9999999999999993339 ) ;
#6455 = CARTESIAN_POINT ( 'NONE',  ( 4.366408635906906532, -0.6335913640930934676, -71.39380044883600362 ) ) ;
#6456 = CARTESIAN_POINT ( 'NONE',  ( 3.862796825714239546, -1.137203174285761786, -87.37100116288260665 ) ) ;
#6457 = LINE ( 'NONE', #1041, #6152 ) ;
#6458 = CARTESIAN_POINT ( 'NONE',  ( 3.671958834454342124, -1.328041165545657876, -43.25000000000000711 ) ) ;
#6459 = DIRECTION ( 'NONE',  ( 1.000000000000000000, 0.000000000000000000, 0.000000000000000000 ) ) ;
#6460 = CARTESIAN_POINT ( 'NONE',  ( 0.000000000000000000, 0.000000000000000000, -2.000000000000000000 ) ) ;
#6461 = VECTOR ( 'NONE', #7301, 1000.000000000000000 ) ;
#6462 = AXIS2_PLACEMENT_3D ( 'NONE', #6870, #2663, #3412 ) ;
#6463 = CARTESIAN_POINT ( 'NONE',  ( 4.502552532152134468, -0.4974474678478654210, -119.3867275769282514 ) ) ;
#6464 = ORIENTED_EDGE ( 'NONE', *, *, #1670, .T. ) ;
#6465 = CARTESIAN_POINT ( 'NONE',  ( 4.686141179201316120, -0.3138588207986843237, -53.03467868775796745 ) ) ;
#6466 = AXIS2_PLACEMENT_3D ( 'NONE', #5409, #8225, #3380 ) ;
#6467 = CIRCLE ( 'NONE', #8031, 3.999999999999996447 ) ;
#6468 = FACE_OUTER_BOUND ( 'NONE', #6020, .T. ) ;
#6469 = DIRECTION ( 'NONE',  ( 1.000000000000000000, 0.000000000000000000, 0.000000000000000000 ) ) ;
#6470 = EDGE_LOOP ( 'NONE', ( #910, #2581, #6600 ) ) ;
#6471 = AXIS2_PLACEMENT_3D ( 'NONE', #3485, #1525, #5633 ) ;
#6472 = CARTESIAN_POINT ( 'NONE',  ( 0.000000000000000000, -5.000000000000000000, -7.500000000000003553 ) ) ;
#6473 = EDGE_LOOP ( 'NONE', ( #8466, #4622, #5128, #2668, #4410, #3216 ) ) ;
#6474 = CARTESIAN_POINT ( 'NONE',  ( 0.000000000000000000, 0.000000000000000000, -104.5000000000000000 ) ) ;
#6475 = ORIENTED_EDGE ( 'NONE', *, *, #4579, .T. ) ;
#6476 = ORIENTED_EDGE ( 'NONE', *, *, #4029, .F. ) ;
#6477 = DIRECTION ( 'NONE',  ( -0.000000000000000000, -0.000000000000000000, 1.000000000000000000 ) ) ;
#6478 = CARTESIAN_POINT ( 'NONE',  ( 0.000000000000000000, 0.000000000000000000, -32.25000000000000000 ) ) ;
#6479 = AXIS2_PLACEMENT_3D ( 'NONE', #6940, #6349, #209 ) ;
#6480 = ADVANCED_FACE ( 'NONE', ( #1774 ), #7599, .T. ) ;
#6481 = DIRECTION ( 'NONE',  ( 0.000000000000000000, -1.000000000000000000, 0.000000000000000000 ) ) ;
#6482 = ORIENTED_EDGE ( 'NONE', *, *, #3418, .F. ) ;
#6483 = DIRECTION ( 'NONE',  ( 1.000000000000000000, 0.000000000000000000, 0.000000000000000000 ) ) ;
#6484 = CARTESIAN_POINT ( 'NONE',  ( -1.026544004491193769E-12, -4.999999999998975930, -29.35274279208611503 ) ) ;
#6485 = EDGE_CURVE ( 'NONE', #3104, #7791, #6558, .T. ) ;
#6486 = CARTESIAN_POINT ( 'NONE',  ( -5.000000000000281553, 2.811725620256466210E-13, -101.0000000000002132 ) ) ;
#6487 = CARTESIAN_POINT ( 'NONE',  ( 0.000000000000000000, 0.000000000000000000, -29.50000000000000355 ) ) ;
#6488 = DIRECTION ( 'NONE',  ( 1.000000000000000000, 0.000000000000000000, 0.000000000000000000 ) ) ;
#6489 = CARTESIAN_POINT ( 'NONE',  ( 0.4915337874217769465, -4.508466212578221999, -64.39376480693213978 ) ) ;
#6490 = DIRECTION ( 'NONE',  ( 1.000000000000000000, 0.000000000000000000, 0.000000000000000000 ) ) ;
#6491 = ADVANCED_FACE ( 'NONE', ( #3061 ), #1452, .T. ) ;
#6492 = EDGE_CURVE ( 'NONE', #7345, #5513, #6, .T. ) ;
#6493 = CARTESIAN_POINT ( 'NONE',  ( 4.991957775357465543, -0.008042224642535627729, -56.70753412542730132 ) ) ;
#6494 = DIRECTION ( 'NONE',  ( -0.000000000000000000, -0.000000000000000000, 1.000000000000000000 ) ) ;
#6495 = ORIENTED_EDGE ( 'NONE', *, *, #722, .T. ) ;
#6496 = ORIENTED_EDGE ( 'NONE', *, *, #6976, .T. ) ;
#6497 = ORIENTED_EDGE ( 'NONE', *, *, #464, .F. ) ;
#6498 = FACE_OUTER_BOUND ( 'NONE', #470, .T. ) ;
#6499 = DIRECTION ( 'NONE',  ( 1.000000000000000000, 0.000000000000000000, 0.000000000000000000 ) ) ;
#6500 = ORIENTED_EDGE ( 'NONE', *, *, #4293, .F. ) ;
#6501 = DIRECTION ( 'NONE',  ( 1.000000000000000000, 0.000000000000000000, 0.000000000000000000 ) ) ;
#6502 = CARTESIAN_POINT ( 'NONE',  ( 4.935408751172080777, -0.06459124882791941746, -63.22834765084402164 ) ) ;
#6503 = CARTESIAN_POINT ( 'NONE',  ( -3.671958834454336351, -1.328041165545663871, -32.25000000000000000 ) ) ;
#6504 = CYLINDRICAL_SURFACE ( 'NONE', #7303, 0.9999999999999995559 ) ;
#6505 = EDGE_LOOP ( 'NONE', ( #3157, #4380, #4687, #7912 ) ) ;
#6506 = CARTESIAN_POINT ( 'NONE',  ( -3.863136006094622932, -1.136863993905375958, -59.62878377920268491 ) ) ;
#6507 = DIRECTION ( 'NONE',  ( 1.000000000000000000, 0.000000000000000000, 0.000000000000000000 ) ) ;
#6508 = DIRECTION ( 'NONE',  ( -0.000000000000000000, -0.000000000000000000, 1.000000000000000000 ) ) ;
#6509 = FACE_OUTER_BOUND ( 'NONE', #4763, .T. ) ;
#6510 = ORIENTED_EDGE ( 'NONE', *, *, #732, .T. ) ;
#6511 = ORIENTED_EDGE ( 'NONE', *, *, #1682, .T. ) ;
#6512 = CARTESIAN_POINT ( 'NONE',  ( 4.991698401481086123, -0.008301598518914900943, -51.79625362935774291 ) ) ;
#6513 = B_SPLINE_CURVE_WITH_KNOTS ( 'NONE', 3,
 ( #6877, #19, #4007, #7512, #5403, #6702, #4056, #2759, #6833, #6032, #3296, #2119, #6750, #738, #6791, #5445 ),
 .UNSPECIFIED., .F., .F.,
 ( 4, 2, 2, 2, 2, 2, 2, 4 ),
 ( 4.818711198560992131E-07, 0.0008765200830275130233, 0.001314539188981335340, 0.001752558294935158091, 0.002190577400888980408, 0.002628596506842802941, 0.003066615612796625909, 0.003504634718750448442 ),
 .UNSPECIFIED. ) ;
#6514 = ORIENTED_EDGE ( 'NONE', *, *, #1614, .F. ) ;
#6515 = DIRECTION ( 'NONE',  ( 1.000000000000000000, 0.000000000000000000, 0.000000000000000000 ) ) ;
#6516 = CARTESIAN_POINT ( 'NONE',  ( 1.328041165545656987, -3.671958834454343013, -98.24999999999998579 ) ) ;
#6517 = ORIENTED_EDGE ( 'NONE', *, *, #2551, .F. ) ;
#6518 = DIRECTION ( 'NONE',  ( -0.000000000000000000, -0.000000000000000000, 1.000000000000000000 ) ) ;
#6519 = ORIENTED_EDGE ( 'NONE', *, *, #2811, .F. ) ;
#6520 = ORIENTED_EDGE ( 'NONE', *, *, #2922, .F. ) ;
#6521 = CARTESIAN_POINT ( 'NONE',  ( 5.000000000000281553, 2.809514862196180954E-13, -117.5000000000001990 ) ) ;
#6522 = CARTESIAN_POINT ( 'NONE',  ( 0.3140197199590834543, -4.685980280040914714, -121.4649636717130221 ) ) ;
#6523 = CARTESIAN_POINT ( 'NONE',  ( -4.040089233413046266, -0.9599107665869534012, -26.47763427936022396 ) ) ;
#6524 = CARTESIAN_POINT ( 'NONE',  ( 5.000000000000009770, 9.431429523360849184E-15, -7.353156469551620944 ) ) ;
#6525 = CARTESIAN_POINT ( 'NONE',  ( -0.4321793203734989874, -4.567820679626500180, -66.22657376275981278 ) ) ;
#6526 = CARTESIAN_POINT ( 'NONE',  ( -4.840676868219842888, -0.1593231317801557245, -99.85321941568362547 ) ) ;
#6527 = DIRECTION ( 'NONE',  ( 1.000000000000000000, 0.000000000000000000, 0.000000000000000000 ) ) ;
#6528 = EDGE_CURVE ( 'NONE', #4533, #6192, #2343, .T. ) ;
#6529 = CARTESIAN_POINT ( 'NONE',  ( 0.9999999999999993339, 0.000000000000000000, -97.49999999999998579 ) ) ;
#6530 = ADVANCED_FACE ( 'NONE', ( #5792 ), #8307, .T. ) ;
#6531 = TOROIDAL_SURFACE ( 'NONE', #8113, 1.000000000000000000, 4.000000000000001776 ) ;
#6532 = CARTESIAN_POINT ( 'NONE',  ( -4.739198801701952846, -0.2608011982980474319, -41.90923771779446128 ) ) ;
#6533 = CARTESIAN_POINT ( 'NONE',  ( 0.008042224640668390462, -4.991957775359332494, -112.2924658745477444 ) ) ;
#6534 = B_SPLINE_CURVE_WITH_KNOTS ( 'NONE', 3,
 ( #5115, #1180, #3903, #498, #8703, #7849, #1722, #165, #2857, #1523, #1898, #2728 ),
 .UNSPECIFIED., .F., .F.,
 ( 4, 2, 2, 2, 2, 4 ),
 ( 0.003504634718750185632, 0.003941423334025070079, 0.004378211949299954525, 0.005251789179849723418, 0.006125366410399493179, 0.006998943640949262072 ),
 .UNSPECIFIED. ) ;
#6535 = CARTESIAN_POINT ( 'NONE',  ( 0.4306231363298300696, -4.569376863670169264, -3.770659893811337593 ) ) ;
#6536 = CARTESIAN_POINT ( 'NONE',  ( -4.991957775357460214, -0.008042224642539145749, -78.70753412542732974 ) ) ;
#6537 = EDGE_LOOP ( 'NONE', ( #1283, #2691, #3110 ) ) ;
#6538 = VERTEX_POINT ( 'NONE', #5122 ) ;
#6539 = ORIENTED_EDGE ( 'NONE', *, *, #2233, .F. ) ;
#6540 = CARTESIAN_POINT ( 'NONE',  ( 0.000000000000000000, 0.000000000000000000, -70.75000000000000000 ) ) ;
#6541 = TOROIDAL_SURFACE ( 'NONE', #8392, 1.000000000000000000, 3.999999999999999112 ) ;
#6542 = DIRECTION ( 'NONE',  ( -0.000000000000000000, -0.000000000000000000, 1.000000000000000000 ) ) ;
#6543 = EDGE_CURVE ( 'NONE', #4576, #1308, #315, .T. ) ;
#6544 = VERTEX_POINT ( 'NONE', #637 ) ;
#6545 = CYLINDRICAL_SURFACE ( 'NONE', #2674, 0.9999999999999995559 ) ;
#6546 = EDGE_CURVE ( 'NONE', #7817, #6719, #7179, .T. ) ;
#6547 = LINE ( 'NONE', #2475, #4278 ) ;
#6548 = TOROIDAL_SURFACE ( 'NONE', #3819, 1.000000000000000000, 1.999999999999994893 ) ;
#6549 = CARTESIAN_POINT ( 'NONE',  ( -1.328041165545656765, -3.671958834454343013, -98.24999999999998579 ) ) ;
#6550 = CLOSED_SHELL ( 'NONE', ( #2252, #1938, #5654, #4953, #3467, #6666, #4647, #7471, #4229, #1179, #1072, #368, #6818, #7203, #4120, #868, #8370, #6687, #5718, #3676, #1503, #1836, #3091, #7601, #8352, #6764, #8654, #8380, #3803, #469, #7683, #1952, #4514, #2278, #2627, #7199, #3850, #7643, #4993, #3919, #1694, #4636, #7650, #4288, #6147, #4818, #3258, #239, #7369, #2372, #994, #4124, #7857, #1996, #786, #5069, #2911, #3847, #3313, #2051, #5169, #5700, #858, #7955, #8451, #3725, #4869, #3568, #565, #6919, #2190, #2605, #4075, #2776, #6917, #4941, #7260, #3307, #4462, #563, #2558, #6706, #5354, #2848, #598, #1889, #845, #1797, #5943, #5292, #7862, #6449, #4567, #3779, #7317, #4673, #2039, #7087, #4283, #7593, #1185, #737, #6169, #1392, #6711, #572, #4827, #7024, #3146, #5627, #1425, #2764, #7027, #4908, #7681, #4999, #8259, #284, #7496, #3525, #6480, #2205, #5808, #6530, #4231, #8189, #61, #6053, #5548, #1375, #399, #3466, #7322, #5936, #7613, #6300, #7431, #5135, #7083, #3917, #4686, #6971, #5345, #8838, #1616, #3899, #1505, #5823, #944, #1227, #8841, #182, #3909, #4949, #5124, #4812, #4801, #4142, #4601, #28, #7794, #2708, #1358, #77, #3771, #4388, #359, #673, #4898, #336, #8243, #8085, #6420, #759, #1791, #2149, #3579, #3254, #6491, #3105, #3843, #4798, #1137, #5907, #8563, #8460, #4015, #8125, #5285, #6089, #2535, #1488, #7306, #1231, #7076, #2424, #4415, #2658, #2494, #8788, #2838, #7378, #5892, #5770, #8500, #8090, #4684, #4744, #6412, #3518, #8332, #6366, #4022, #5818, #7421, #6108, #7244, #329, #5341, #1659, #84, #4519, #4681, #8233, #7376, #8809, #4975, #3503, #6643, #690, #2767, #2919, #8627, #3463, #8312, #2208, #508, #6372, #83, #5176, #8082, #8132, #4407, #95, #2023, #4853, #1302, #557, #7330, #5369, #2324, #1274, #8679, #7022, #2304 ) ) ;
#6551 = CARTESIAN_POINT ( 'NONE',  ( -1.328041165545665647, -3.671958834454334575, -59.75000000000000000 ) ) ;
#6552 = DIRECTION ( 'NONE',  ( -0.000000000000000000, -0.000000000000000000, 1.000000000000000000 ) ) ;
#6553 = CARTESIAN_POINT ( 'NONE',  ( 0.000000000000000000, 0.000000000000000000, -11.00000000000000000 ) ) ;
#6554 = CARTESIAN_POINT ( 'NONE',  ( 4.959369330385070107, -0.04063066961493031620, -118.0861344834556945 ) ) ;
#6555 = ORIENTED_EDGE ( 'NONE', *, *, #4792, .T. ) ;
#6556 = CIRCLE ( 'NONE', #3120, 1.999999999999998224 ) ;
#6557 = ORIENTED_EDGE ( 'NONE', *, *, #6956, .F. ) ;
#6558 = LINE ( 'NONE', #3632, #6160 ) ;
#6559 = EDGE_LOOP ( 'NONE', ( #45, #5367, #6985 ) ) ;
#6560 = AXIS2_PLACEMENT_3D ( 'NONE', #6150, #4219, #2033 ) ;
#6561 = CARTESIAN_POINT ( 'NONE',  ( 0.6335913640883061859, -4.366408635911693814, -108.6061995511577578 ) ) ;
#6562 = CARTESIAN_POINT ( 'NONE',  ( 4.832344906989094468, -0.1676550930109069470, -80.14546193740916635 ) ) ;
#6563 = ORIENTED_EDGE ( 'NONE', *, *, #1599, .F. ) ;
#6564 = EDGE_CURVE ( 'NONE', #5472, #6648, #6105, .T. ) ;
#6565 = APPROVAL_STATUS ( 'not_yet_approved' ) ;
#6566 = ORIENTED_EDGE ( 'NONE', *, *, #7844, .T. ) ;
#6567 = CIRCLE ( 'NONE', #4134, 3.904737509655567873 ) ;
#6568 = ORIENTED_EDGE ( 'NONE', *, *, #1781, .T. ) ;
#6569 = DIRECTION ( 'NONE',  ( 1.000000000000000000, 0.000000000000000000, 0.000000000000000000 ) ) ;
#6570 = DIRECTION ( 'NONE',  ( 0.000000000000000000, -1.000000000000000000, 0.000000000000000000 ) ) ;
#6571 = DIRECTION ( 'NONE',  ( 1.000000000000000000, 0.000000000000000000, 0.000000000000000000 ) ) ;
#6572 = CARTESIAN_POINT ( 'NONE',  ( 0.9599107665897230746, -4.040089233410276925, -27.02236572063741349 ) ) ;
#6573 = CARTESIAN_POINT ( 'NONE',  ( 0.000000000000000000, 0.000000000000000000, 0.000000000000000000 ) ) ;
#6574 = AXIS2_PLACEMENT_3D ( 'NONE', #7156, #304, #7110 ) ;
#6575 = CARTESIAN_POINT ( 'NONE',  ( -4.359865889258241367, -0.6401341107417585219, -37.10125045371349728 ) ) ;
#6576 = CARTESIAN_POINT ( 'NONE',  ( -1.136863993905363079, -3.863136006094637143, -10.37121622079730443 ) ) ;
#6577 = CARTESIAN_POINT ( 'NONE',  ( -0.9582157396373277569, -4.041784260362672576, -103.4762253496982112 ) ) ;
#6578 = TOROIDAL_SURFACE ( 'NONE', #5711, 1.000000000000000000, 1.999999999999998224 ) ;
#6579 = DIRECTION ( 'NONE',  ( -0.000000000000000000, -0.000000000000000000, 1.000000000000000000 ) ) ;
#6580 = DIRECTION ( 'NONE',  ( 1.224646799147353207E-16, 1.000000000000000000, 0.000000000000000000 ) ) ;
#6581 = CARTESIAN_POINT ( 'NONE',  ( 4.748219996434699830, -0.2517800035652998925, -55.59116362763014507 ) ) ;
#6582 = DIRECTION ( 'NONE',  ( 1.000000000000000000, 0.000000000000000000, 0.000000000000000000 ) ) ;
#6583 = EDGE_LOOP ( 'NONE', ( #2468, #4603, #6712, #7536 ) ) ;
#6584 = ORIENTED_EDGE ( 'NONE', *, *, #2710, .F. ) ;
#6585 = VERTEX_POINT ( 'NONE', #2485 ) ;
#6586 = CARTESIAN_POINT ( 'NONE',  ( -2.500000000000000000, -2.500000000000000000, 0.000000000000000000 ) ) ;
#6587 = AXIS2_PLACEMENT_3D ( 'NONE', #3070, #1866, #7282 ) ;
#6588 = ORIENTED_EDGE ( 'NONE', *, *, #4084, .T. ) ;
#6589 = DIRECTION ( 'NONE',  ( -0.000000000000000000, -0.000000000000000000, 1.000000000000000000 ) ) ;
#6590 = CARTESIAN_POINT ( 'NONE',  ( -4.359730172326965025, -0.6402698276730349747, -4.101434051222929256 ) ) ;
#6591 = CARTESIAN_POINT ( 'NONE',  ( 1.136863993906869874, -3.863136006093129904, -98.37121622079632743 ) ) ;
#6592 = AXIS2_PLACEMENT_3D ( 'NONE', #6059, #3277, #6730 ) ;
#6593 = DIRECTION ( 'NONE',  ( 1.000000000000000000, 0.000000000000000000, 0.000000000000000000 ) ) ;
#6594 = EDGE_CURVE ( 'NONE', #6204, #2207, #7160, .T. ) ;
#6595 = CARTESIAN_POINT ( 'NONE',  ( 0.04063066961833027013, -4.959369330381669272, -105.9138655165218523 ) ) ;
#6596 = FACE_OUTER_BOUND ( 'NONE', #2557, .T. ) ;
#6597 = CARTESIAN_POINT ( 'NONE',  ( -1.000000000000000000, 1.224646799147353207E-16, -7.500000000000003553 ) ) ;
#6598 = EDGE_CURVE ( 'NONE', #3266, #5179, #6467, .T. ) ;
#6599 = CIRCLE ( 'NONE', #4604, 4.000000000000003553 ) ;
#6600 = ORIENTED_EDGE ( 'NONE', *, *, #8669, .F. ) ;
#6601 = AXIS2_PLACEMENT_3D ( 'NONE', #752, #8815, #6085 ) ;
#6602 = ORIENTED_EDGE ( 'NONE', *, *, #1249, .T. ) ;
#6603 = CARTESIAN_POINT ( 'NONE',  ( -0.1278684794971282346, -4.872131520502871460, -17.49259796946014589 ) ) ;
#6604 = TOROIDAL_SURFACE ( 'NONE', #5027, 1.000000000000000000, 3.999999999999996447 ) ;
#6605 = EDGE_CURVE ( 'NONE', #3996, #6944, #585, .T. ) ;
#6606 = VERTEX_POINT ( 'NONE', #6018 ) ;
#6607 = VECTOR ( 'NONE', #8390, 1000.000000000000000 ) ;
#6608 = DIRECTION ( 'NONE',  ( -0.000000000000000000, -0.000000000000000000, 1.000000000000000000 ) ) ;
#6609 = DIRECTION ( 'NONE',  ( 1.000000000000000000, 0.000000000000000000, 0.000000000000000000 ) ) ;
#6610 = ORIENTED_EDGE ( 'NONE', *, *, #4705, .T. ) ;
#6611 = ORIENTED_EDGE ( 'NONE', *, *, #280, .T. ) ;
#6612 = AXIS2_PLACEMENT_3D ( 'NONE', #8569, #1724, #7128 ) ;
#6613 = CIRCLE ( 'NONE', #3322, 1.000000000000000000 ) ;
#6614 = CARTESIAN_POINT ( 'NONE',  ( -5.000000000000285105, 2.853331553957207015E-13, -51.50000000000021316 ) ) ;
#6615 = FACE_OUTER_BOUND ( 'NONE', #3154, .T. ) ;
#6616 = CARTESIAN_POINT ( 'NONE',  ( 0.9999999999999995559, 0.000000000000000000, 0.000000000000000000 ) ) ;
#6617 = LINE ( 'NONE', #1824, #2745 ) ;
#6618 = AXIS2_PLACEMENT_3D ( 'NONE', #4932, #2952, #2282 ) ;
#6619 = CARTESIAN_POINT ( 'NONE',  ( -1.000000000000000000, 1.224646799147353207E-16, -29.50000000000000355 ) ) ;
#6620 = CARTESIAN_POINT ( 'NONE',  ( 0.000000000000000000, 0.000000000000000000, -62.50000000000000000 ) ) ;
#6621 = CARTESIAN_POINT ( 'NONE',  ( 3.684593320556205859E-17, -5.000000000000000888, -62.35274279211301263 ) ) ;
#6622 = DIRECTION ( 'NONE',  ( 1.000000000000000000, 0.000000000000000000, 0.000000000000000000 ) ) ;
#6623 = LOCAL_TIME ( 3, 32, 11.00000000000000000, #5311 ) ;
#6624 = DIRECTION ( 'NONE',  ( 1.000000000000000000, 0.000000000000000000, 0.000000000000000000 ) ) ;
#6625 = CARTESIAN_POINT ( 'NONE',  ( 0.03993437491367660824, -4.960065625086322427, -112.5813102135018227 ) ) ;
#6626 = DIRECTION ( 'NONE',  ( -0.000000000000000000, -0.000000000000000000, 1.000000000000000000 ) ) ;
#6627 = FACE_OUTER_BOUND ( 'NONE', #1168, .T. ) ;
#6628 = ORIENTED_EDGE ( 'NONE', *, *, #7390, .F. ) ;
#6629 = EDGE_LOOP ( 'NONE', ( #110, #1529, #8166, #2567 ) ) ;
#6630 = CARTESIAN_POINT ( 'NONE',  ( 0.000000000000000000, 0.000000000000000000, -122.9999999999999716 ) ) ;
#6631 = CARTESIAN_POINT ( 'NONE',  ( 4.748219996434693613, -0.2517800035653064428, -99.59116362763015218 ) ) ;
#6632 = VERTEX_POINT ( 'NONE', #1856 ) ;
#6633 = CARTESIAN_POINT ( 'NONE',  ( 3.904737509655568317, 0.000000000000000000, -92.74999999999998579 ) ) ;
#6634 = CARTESIAN_POINT ( 'NONE',  ( 5.000000000000006217, 5.690932028285886497E-15, -95.35315646955162094 ) ) ;
#6635 = CARTESIAN_POINT ( 'NONE',  ( -3.863136006094638475, -1.136863993905363079, -65.12878377920270623 ) ) ;
#6636 = CARTESIAN_POINT ( 'NONE',  ( 0.000000000000000000, -5.000000000000000000, -62.50000000000000000 ) ) ;
#6637 = ORIENTED_EDGE ( 'NONE', *, *, #2998, .T. ) ;
#6638 = CARTESIAN_POINT ( 'NONE',  ( 0.06459124883191524891, -4.935408751168084862, -105.7716523491349108 ) ) ;
#6639 = CARTESIAN_POINT ( 'NONE',  ( -1.328041165545665647, -3.671958834454334575, -59.75000000000000000 ) ) ;
#6640 = CARTESIAN_POINT ( 'NONE',  ( 5.000000000000281553, 2.809514862196180954E-13, -117.5000000000001990 ) ) ;
#6641 = ORIENTED_EDGE ( 'NONE', *, *, #1456, .F. ) ;
#6642 = ORIENTED_EDGE ( 'NONE', *, *, #8818, .F. ) ;
#6643 = ADVANCED_FACE ( 'NONE', ( #4595 ), #2291, .F. ) ;
#6644 = DIRECTION ( 'NONE',  ( 0.000000000000000000, -1.000000000000000000, 0.000000000000000000 ) ) ;
#6645 = DIRECTION ( 'NONE',  ( 1.224646799147353207E-16, 1.000000000000000000, 0.000000000000000000 ) ) ;
#6646 = EDGE_CURVE ( 'NONE', #5912, #4781, #1873, .T. ) ;
#6647 = EDGE_CURVE ( 'NONE', #2388, #5242, #2239, .T. ) ;
#6648 = VERTEX_POINT ( 'NONE', #6738 ) ;
#6649 = B_SPLINE_CURVE_WITH_KNOTS ( 'NONE', 3,
 ( #3149, #3057, #5787, #4498, #1132, #7985, #8519, #5877, #5211, #3854, #7315, #6638, #6595, #455, #5923, #1850 ),
 .UNSPECIFIED., .F., .F.,
 ( 4, 2, 2, 2, 2, 2, 2, 4 ),
 ( 4.818711198930354611E-07, 0.0008765200830205804178, 0.001314539188970937191, 0.001752558294921293964, 0.002190577400871650954, 0.002628596506822007510, 0.003066615612772364500, 0.003504634718722721056 ),
 .UNSPECIFIED. ) ;
#6650 = CARTESIAN_POINT ( 'NONE',  ( 4.359865889258244920, -0.6401341107417566345, -75.60125045371349017 ) ) ;
#6651 = CARTESIAN_POINT ( 'NONE',  ( -1.328041165545656765, -3.671958834454343013, -70.75000000000000000 ) ) ;
#6652 = EDGE_CURVE ( 'NONE', #979, #850, #6310, .T. ) ;
#6653 = PERSON_AND_ORGANIZATION ( #558, #2484 ) ;
#6654 = ORIENTED_EDGE ( 'NONE', *, *, #2164, .F. ) ;
#6655 = ORIENTED_EDGE ( 'NONE', *, *, #6363, .F. ) ;
#6656 = CARTESIAN_POINT ( 'NONE',  ( -4.359865889258241367, -0.6401341107417585219, -53.60125045371349017 ) ) ;
#6657 = EDGE_CURVE ( 'NONE', #7663, #2255, #6283, .T. ) ;
#6658 = CARTESIAN_POINT ( 'NONE',  ( 0.06404366727607761767, -4.935956332723923978, -35.72559813399347917 ) ) ;
#6659 = CARTESIAN_POINT ( 'NONE',  ( 4.935408751172081665, -0.06459124882791904276, -57.72834765084402875 ) ) ;
#6660 = CARTESIAN_POINT ( 'NONE',  ( -4.935408751172080777, -0.06459124882792058320, -30.22834765084402164 ) ) ;
#6661 = B_SPLINE_CURVE_WITH_KNOTS ( 'NONE', 3,
 ( #4988, #5749, #4356, #6417, #3772, #4317, #2928, #7810, #8354, #2209, #998, #4267, #7185, #4946, #231, #7676 ),
 .UNSPECIFIED., .F., .F.,
 ( 4, 2, 2, 2, 2, 2, 2, 4 ),
 ( 4.818711198557174130E-07, 0.0008765200830206158712, 0.001314539188970996171, 0.001752558294921376146, 0.002190577400871755905, 0.002628596506822136313, 0.003066615612772516288, 0.003504634718722896263 ),
 .UNSPECIFIED. ) ;
#6662 = CARTESIAN_POINT ( 'NONE',  ( -4.567820679631962477, -0.4321793203680380224, -36.77342623723036041 ) ) ;
#6663 = ORIENTED_EDGE ( 'NONE', *, *, #5557, .F. ) ;
#6664 = CARTESIAN_POINT ( 'NONE',  ( -0.04063066961489682216, -4.959369330385103858, -61.91386551654449732 ) ) ;
#6665 = ORIENTED_EDGE ( 'NONE', *, *, #4391, .F. ) ;
#6666 = ADVANCED_FACE ( 'NONE', ( #2161 ), #3438, .F. ) ;
#6667 = CARTESIAN_POINT ( 'NONE',  ( -0.6335913640883366060, -4.366408635911663616, -103.1061995511578147 ) ) ;
#6668 = CARTESIAN_POINT ( 'NONE',  ( 0.1593231317801990510, -4.840676868219801143, -63.64678058431650953 ) ) ;
#6669 = DIRECTION ( 'NONE',  ( -0.000000000000000000, -0.000000000000000000, 1.000000000000000000 ) ) ;
#6670 = DIRECTION ( 'NONE',  ( 1.000000000000000000, 0.000000000000000000, 0.000000000000000000 ) ) ;
#6671 = CARTESIAN_POINT ( 'NONE',  ( 0.9999999999999993339, 0.000000000000000000, -103.0000000000000000 ) ) ;
#6672 = ORIENTED_EDGE ( 'NONE', *, *, #6391, .T. ) ;
#6673 = EDGE_LOOP ( 'NONE', ( #1665, #332, #2300, #6035 ) ) ;
#6674 = CARTESIAN_POINT ( 'NONE',  ( 4.991957775357460214, -0.008042224642539515245, -100.7075341254273582 ) ) ;
#6675 = ORIENTED_EDGE ( 'NONE', *, *, #1415, .T. ) ;
#6676 = EDGE_CURVE ( 'NONE', #7335, #7663, #2313, .T. ) ;
#6677 = AXIS2_PLACEMENT_3D ( 'NONE', #5052, #7785, #970 ) ;
#6678 = CARTESIAN_POINT ( 'NONE',  ( -0.7176137099645710782, -4.282386290035430143, -98.79777126957944233 ) ) ;
#6679 = CARTESIAN_POINT ( 'NONE',  ( 4.508466212578265520, -0.4915337874217340919, -27.60623519306795259 ) ) ;
#6680 = CARTESIAN_POINT ( 'NONE',  ( 1.027184996674027653E-12, -4.999999999998975042, -100.8527427920861896 ) ) ;
#6681 = FACE_OUTER_BOUND ( 'NONE', #3327, .T. ) ;
#6682 = ORIENTED_EDGE ( 'NONE', *, *, #6875, .T. ) ;
#6683 = AXIS2_PLACEMENT_3D ( 'NONE', #8340, #8214, #8169 ) ;
#6684 = CARTESIAN_POINT ( 'NONE',  ( -0.06404366728014139476, -4.935956332719859674, -57.72559813401495887 ) ) ;
#6685 = CARTESIAN_POINT ( 'NONE',  ( 0.06459124882788490341, -4.935408751172116304, -23.27165234915617731 ) ) ;
#6686 = EDGE_LOOP ( 'NONE', ( #8557, #8532, #741, #3732 ) ) ;
#6687 = ADVANCED_FACE ( 'NONE', ( #1543 ), #4599, .F. ) ;
#6688 = VERTEX_POINT ( 'NONE', #4221 ) ;
#6689 = AXIS2_PLACEMENT_3D ( 'NONE', #7699, #6351, #211 ) ;
#6690 = FACE_OUTER_BOUND ( 'NONE', #5869, .T. ) ;
#6691 = CARTESIAN_POINT ( 'NONE',  ( -1.136863993905362191, -3.863136006094637143, -15.87121622079730088 ) ) ;
#6692 = EDGE_LOOP ( 'NONE', ( #6655, #352, #8213, #1268 ) ) ;
#6693 = CARTESIAN_POINT ( 'NONE',  ( 0.000000000000000000, 0.000000000000000000, -13.00000000000000355 ) ) ;
#6694 = CYLINDRICAL_SURFACE ( 'NONE', #4164, 0.9999999999999995559 ) ;
#6695 = EDGE_CURVE ( 'NONE', #4510, #4085, #3628, .T. ) ;
#6696 = TOROIDAL_SURFACE ( 'NONE', #5119, 1.000000000000000000, 3.999999999999996447 ) ;
#6697 = TOROIDAL_SURFACE ( 'NONE', #1269, 1.000000000000000000, 4.000000000000000000 ) ;
#6698 = COORDINATED_UNIVERSAL_TIME_OFFSET ( 3, 30, .AHEAD. ) ;
#6699 = ORIENTED_EDGE ( 'NONE', *, *, #7806, .F. ) ;
#6700 = AXIS2_PLACEMENT_3D ( 'NONE', #4226, #4821, #1422 ) ;
#6701 = DIRECTION ( 'NONE',  ( -0.000000000000000000, -0.000000000000000000, 1.000000000000000000 ) ) ;
#6702 = CARTESIAN_POINT ( 'NONE',  ( 0.4974474678478226775, -4.502552532152177989, -60.61327242307181251 ) ) ;
#6703 = CARTESIAN_POINT ( 'NONE',  ( 0.000000000000000000, -5.000000000000000000, -117.5000000000000000 ) ) ;
#6704 = CARTESIAN_POINT ( 'NONE',  ( 4.359865889258239591, -0.6401341107417609644, -59.10125045371349728 ) ) ;
#6705 = ORIENTED_EDGE ( 'NONE', *, *, #230, .F. ) ;
#6706 = ADVANCED_FACE ( 'NONE', ( #5565 ), #5588, .T. ) ;
#6707 = CARTESIAN_POINT ( 'NONE',  ( 0.000000000000000000, 0.000000000000000000, -69.99999999999998579 ) ) ;
#6708 = DIRECTION ( 'NONE',  ( 1.000000000000000000, 0.000000000000000000, 0.000000000000000000 ) ) ;
#6709 = AXIS2_PLACEMENT_3D ( 'NONE', #2727, #6087, #1969 ) ;
#6710 = CARTESIAN_POINT ( 'NONE',  ( -0.6401341107417212184, -4.359865889258280447, -60.39874954628655956 ) ) ;
#6711 = ADVANCED_FACE ( 'NONE', ( #6198 ), #6742, .T. ) ;
#6712 = ORIENTED_EDGE ( 'NONE', *, *, #70, .T. ) ;
#6713 = FACE_OUTER_BOUND ( 'NONE', #2618, .T. ) ;
#6714 = CARTESIAN_POINT ( 'NONE',  ( -4.935408751172076336, -0.06459124882792278977, -101.7283476508440287 ) ) ;
#6715 = CARTESIAN_POINT ( 'NONE',  ( 0.4915337874163392407, -4.508466212583661203, -102.8937648069235422 ) ) ;
#6716 = CIRCLE ( 'NONE', #5562, 1.999999999999998224 ) ;
#6717 = CARTESIAN_POINT ( 'NONE',  ( 0.000000000000000000, 0.000000000000000000, -46.00000000000000000 ) ) ;
#6718 = CARTESIAN_POINT ( 'NONE',  ( 0.7176137099602434288, -4.282386290039759125, -115.2977712695847714 ) ) ;
#6719 = VERTEX_POINT ( 'NONE', #1502 ) ;
#6720 = APPLICATION_CONTEXT ( 'configuration controlled 3d designs of mechanical parts and assemblies' ) ;
#6721 = CARTESIAN_POINT ( 'NONE',  ( -4.959369330385075436, -0.04063066961492552143, -57.58613448345571584 ) ) ;
#6722 = VERTEX_POINT ( 'NONE', #4309 ) ;
#6723 = DIRECTION ( 'NONE',  ( -1.000000000000000000, 1.224646799147353207E-16, 0.000000000000000000 ) ) ;
#6724 = CARTESIAN_POINT ( 'NONE',  ( 1.000000000000000000, 0.000000000000000000, -99.00000000000000000 ) ) ;
#6725 = ORIENTED_EDGE ( 'NONE', *, *, #5637, .F. ) ;
#6726 = TOROIDAL_SURFACE ( 'NONE', #3697, 1.000000000000000000, 3.999999999999996447 ) ;
#6727 = CARTESIAN_POINT ( 'NONE',  ( -4.833123071218334843, -0.1668769287816652402, -121.8572048687072851 ) ) ;
#6728 = CARTESIAN_POINT ( 'NONE',  ( 0.000000000000000000, 0.000000000000000000, 0.000000000000000000 ) ) ;
#6729 = CARTESIAN_POINT ( 'NONE',  ( -0.9999999999999993339, 1.224646799147353207E-16, -31.50000000000000000 ) ) ;
#6730 = DIRECTION ( 'NONE',  ( 1.000000000000000000, 0.000000000000000000, 0.000000000000000000 ) ) ;
#6731 = ORIENTED_EDGE ( 'NONE', *, *, #6324, .F. ) ;
#6732 = AXIS2_PLACEMENT_3D ( 'NONE', #1569, #349, #4290 ) ;
#6733 = EDGE_CURVE ( 'NONE', #4912, #4576, #5995, .T. ) ;
#6734 = DIRECTION ( 'NONE',  ( -0.000000000000000000, -0.000000000000000000, 1.000000000000000000 ) ) ;
#6735 = ORIENTED_EDGE ( 'NONE', *, *, #8719, .T. ) ;
#6736 = ORIENTED_EDGE ( 'NONE', *, *, #5701, .F. ) ;
#6737 = DIRECTION ( 'NONE',  ( 1.000000000000000000, 0.000000000000000000, 0.000000000000000000 ) ) ;
#6738 = CARTESIAN_POINT ( 'NONE',  ( -0.9999999999999993339, 1.224646799147353207E-16, -9.499999999999998224 ) ) ;
#6739 = B_SPLINE_CURVE_WITH_KNOTS ( 'NONE', 3,
 ( #2216, #2897, #3735, #2936, #3642, #2307, #6380, #115, #8318, #4956, #962, #7690 ),
 .UNSPECIFIED., .F., .F.,
 ( 4, 2, 2, 2, 2, 4 ),
 ( 0.003504634718750448442, 0.003941423334025299062, 0.004378211949300150549, 0.005251789179849851788, 0.006125366410399553894, 0.006998943640949256001 ),
 .UNSPECIFIED. ) ;
#6740 = DIRECTION ( 'NONE',  ( -0.000000000000000000, -0.000000000000000000, 1.000000000000000000 ) ) ;
#6741 = CARTESIAN_POINT ( 'NONE',  ( 0.000000000000000000, 0.000000000000000000, -101.0000000000000000 ) ) ;
#6742 = TOROIDAL_SURFACE ( 'NONE', #8055, 1.000000000000000000, 3.999999999999996447 ) ;
#6743 = AXIS2_PLACEMENT_3D ( 'NONE', #307, #6494, #5011 ) ;
#6744 = PERSON_AND_ORGANIZATION ( #558, #2484 ) ;
#6745 = ORIENTED_EDGE ( 'NONE', *, *, #1729, .F. ) ;
#6746 = AXIS2_PLACEMENT_3D ( 'NONE', #4677, #1899, #7453 ) ;
#6747 = ORIENTED_EDGE ( 'NONE', *, *, #5065, .T. ) ;
#6748 = CIRCLE ( 'NONE', #2601, 0.9999999999999993339 ) ;
#6749 = CARTESIAN_POINT ( 'NONE',  ( -4.935408751172076336, -0.06459124882792278977, -85.22834765084402875 ) ) ;
#6750 = CARTESIAN_POINT ( 'NONE',  ( 0.04063066961489664175, -4.959369330385103858, -61.91386551654449732 ) ) ;
#6751 = DIRECTION ( 'NONE',  ( -0.000000000000000000, -0.000000000000000000, 1.000000000000000000 ) ) ;
#6752 = CARTESIAN_POINT ( 'NONE',  ( 0.4974474678478175704, -4.502552532152181541, -55.11327242307179830 ) ) ;
#6753 = ORIENTED_EDGE ( 'NONE', *, *, #7099, .F. ) ;
#6754 = CARTESIAN_POINT ( 'NONE',  ( -0.9582157396402132266, -4.041784260359787773, -119.9762253497006839 ) ) ;
#6755 = DIRECTION ( 'NONE',  ( 0.000000000000000000, 0.000000000000000000, -1.000000000000000000 ) ) ;
#6756 = CIRCLE ( 'NONE', #7899, 4.000000000000003553 ) ;
#6757 = AXIS2_PLACEMENT_3D ( 'NONE', #8863, #794, #6304 ) ;
#6758 = CARTESIAN_POINT ( 'NONE',  ( -1.136863993905365744, -3.863136006094634034, -59.87121622079728667 ) ) ;
#6759 = DIRECTION ( 'NONE',  ( -0.000000000000000000, -0.000000000000000000, 1.000000000000000000 ) ) ;
#6760 = EDGE_CURVE ( 'NONE', #4173, #1917, #5309, .T. ) ;
#6761 = CARTESIAN_POINT ( 'NONE',  ( 0.4915337874163243637, -4.508466212583674526, -31.39376480692349958 ) ) ;
#6762 = DIRECTION ( 'NONE',  ( 1.000000000000000000, 0.000000000000000000, 0.000000000000000000 ) ) ;
#6763 = AXIS2_PLACEMENT_3D ( 'NONE', #6165, #4147, #2801 ) ;
#6764 = ADVANCED_FACE ( 'NONE', ( #2880 ), #4881, .F. ) ;
#6765 = FACE_OUTER_BOUND ( 'NONE', #6537, .T. ) ;
#6766 = CARTESIAN_POINT ( 'NONE',  ( 4.999999999999992006, -9.243388209070470239E-15, -35.14725720788727159 ) ) ;
#6767 = EDGE_CURVE ( 'NONE', #6632, #2432, #2688, .T. ) ;
#6768 = CARTESIAN_POINT ( 'NONE',  ( -0.4974474678531437544, -4.502552532146855135, -33.11327242306310126 ) ) ;
#6769 = EDGE_CURVE ( 'NONE', #7859, #5559, #3716, .T. ) ;
#6770 = DIRECTION ( 'NONE',  ( -0.000000000000000000, -0.000000000000000000, 1.000000000000000000 ) ) ;
#6771 = FACE_OUTER_BOUND ( 'NONE', #1450, .T. ) ;
#6772 = AXIS2_PLACEMENT_3D ( 'NONE', #3270, #659, #3318 ) ;
#6773 = ORIENTED_EDGE ( 'NONE', *, *, #6930, .T. ) ;
#6774 = CARTESIAN_POINT ( 'NONE',  ( -5.000000000000000000, 0.000000000000000000, -123.0000000000000000 ) ) ;
#6775 = CARTESIAN_POINT ( 'NONE',  ( 0.06404366728014300458, -4.935956332719856121, -8.225598134014973084 ) ) ;
#6776 = CARTESIAN_POINT ( 'NONE',  ( -4.567820679631964254, -0.4321793203680371898, -64.27342623723035331 ) ) ;
#6777 = DIRECTION ( 'NONE',  ( -0.000000000000000000, -0.000000000000000000, 1.000000000000000000 ) ) ;
#6778 = VERTEX_POINT ( 'NONE', #2339 ) ;
#6779 = AXIS2_PLACEMENT_3D ( 'NONE', #4950, #4914, #6294 ) ;
#6780 = ORIENTED_EDGE ( 'NONE', *, *, #2254, .T. ) ;
#6781 = CARTESIAN_POINT ( 'NONE',  ( 0.008301598518898375967, -4.991698401481102110, -23.70374637064251289 ) ) ;
#6782 = EDGE_LOOP ( 'NONE', ( #1621, #6120, #3617, #5132, #425, #49 ) ) ;
#6783 = ORIENTED_EDGE ( 'NONE', *, *, #1620, .T. ) ;
#6784 = CARTESIAN_POINT ( 'NONE',  ( -4.040089233413053371, -0.9599107665869472950, -81.47763427936018843 ) ) ;
#6785 = CARTESIAN_POINT ( 'NONE',  ( 0.008042224640654448489, -4.991957775359346705, -90.29246587454757389 ) ) ;
#6786 = DIRECTION ( 'NONE',  ( -1.000000000000000000, 1.224646799147353207E-16, 0.000000000000000000 ) ) ;
#6787 = CARTESIAN_POINT ( 'NONE',  ( -3.904737509655563876, 4.781924292710295550E-16, -32.25000000000000000 ) ) ;
#6788 = EDGE_LOOP ( 'NONE', ( #3055, #2773, #5326 ) ) ;
#6789 = EDGE_LOOP ( 'NONE', ( #3212, #1362, #6682 ) ) ;
#6790 = DIRECTION ( 'NONE',  ( -0.000000000000000000, -0.000000000000000000, 1.000000000000000000 ) ) ;
#6791 = CARTESIAN_POINT ( 'NONE',  ( -1.291725244562808264E-16, -5.000000000000000888, -62.35274279211301263 ) ) ;
#6792 = DIRECTION ( 'NONE',  ( 1.000000000000000000, 0.000000000000000000, 0.000000000000000000 ) ) ;
#6793 = CARTESIAN_POINT ( 'NONE',  ( 4.041784260359806424, -0.9582157396401941307, -60.02377465029932324 ) ) ;
#6794 = EDGE_LOOP ( 'NONE', ( #7808, #8601, #5926 ) ) ;
#6795 = B_SPLINE_CURVE_WITH_KNOTS ( 'NONE', 3,
 ( #2648, #7494, #2780, #3523, #6775, #2686, #1359, #6855, #6266, #5382, #8115, #1974 ),
 .UNSPECIFIED., .F., .F.,
 ( 4, 2, 2, 2, 2, 4 ),
 ( 0.003504634718750452779, 0.003941423334025307736, 0.004378211949300159223, 0.005251789179849868268, 0.006125366410399577313, 0.006998943640949285491 ),
 .UNSPECIFIED. ) ;
#6796 = CARTESIAN_POINT ( 'NONE',  ( -0.03993437491706839509, -4.960065625082931362, -118.0813102135245174 ) ) ;
#6797 = CARTESIAN_POINT ( 'NONE',  ( -1.328041165545661428, -3.671958834454339016, -15.75000000000000000 ) ) ;
#6798 = CARTESIAN_POINT ( 'NONE',  ( 0.000000000000000000, 0.000000000000000000, -114.7499999999999858 ) ) ;
#6799 = CARTESIAN_POINT ( 'NONE',  ( 0.000000000000000000, 0.000000000000000000, -46.00000000000000000 ) ) ;
#6800 = CARTESIAN_POINT ( 'NONE',  ( -4.359865889258244920, -0.6401341107417566345, -103.1012504537135044 ) ) ;
#6801 = CARTESIAN_POINT ( 'NONE',  ( -4.935408751172076336, -0.06459124882792278977, -118.2283476508440145 ) ) ;
#6802 = CARTESIAN_POINT ( 'NONE',  ( 1.000000000000000000, 0.000000000000000000, -104.5000000000000000 ) ) ;
#6803 = CARTESIAN_POINT ( 'NONE',  ( 0.2608011982980000254, -4.739198801701999919, -116.0907622822056879 ) ) ;
#6804 = ORIENTED_EDGE ( 'NONE', *, *, #3353, .T. ) ;
#6805 = CARTESIAN_POINT ( 'NONE',  ( -0.1676550930162029607, -4.832344906983796484, -33.85453806257385878 ) ) ;
#6806 = DIRECTION ( 'NONE',  ( -0.7071067811865474617, -0.7071067811865474617, -0.000000000000000000 ) ) ;
#6807 = DIRECTION ( 'NONE',  ( 1.000000000000000000, 0.000000000000000000, 0.000000000000000000 ) ) ;
#6808 = EDGE_CURVE ( 'NONE', #6443, #1884, #4619, .T. ) ;
#6809 = DIRECTION ( 'NONE',  ( -0.000000000000000000, -0.000000000000000000, 1.000000000000000000 ) ) ;
#6810 = DIRECTION ( 'NONE',  ( 0.000000000000000000, -1.000000000000000000, 0.000000000000000000 ) ) ;
#6811 = B_SPLINE_CURVE_WITH_KNOTS ( 'NONE', 3,
 ( #6452, #6991, #851, #316, #3051, #3580, #7167, #6325, #2234, #183, #7709, #1579 ),
 .UNSPECIFIED., .F., .F.,
 ( 4, 2, 2, 2, 2, 4 ),
 ( 0.003504634718722914478, 0.003941423334001211559, 0.004378211949279508207, 0.005251789179836103237, 0.006125366410392697400, 0.006998943640949292430 ),
 .UNSPECIFIED. ) ;
#6812 = CARTESIAN_POINT ( 'NONE',  ( 0.9582157396402207761, -4.041784260359781555, -59.47622534970071229 ) ) ;
#6813 = DIRECTION ( 'NONE',  ( -0.000000000000000000, -0.000000000000000000, 1.000000000000000000 ) ) ;
#6814 = FACE_OUTER_BOUND ( 'NONE', #6673, .T. ) ;
#6815 = ORIENTED_EDGE ( 'NONE', *, *, #4467, .T. ) ;
#6816 = VERTEX_POINT ( 'NONE', #3058 ) ;
#6817 = DIRECTION ( 'NONE',  ( -0.000000000000000000, -0.000000000000000000, 1.000000000000000000 ) ) ;
#6818 = ADVANCED_FACE ( 'NONE', ( #1087 ), #5878, .F. ) ;
#6819 = DIRECTION ( 'NONE',  ( 1.000000000000000000, 0.000000000000000000, 0.000000000000000000 ) ) ;
#6820 = ORIENTED_EDGE ( 'NONE', *, *, #2656, .T. ) ;
#6821 = EDGE_CURVE ( 'NONE', #4931, #1492, #6899, .T. ) ;
#6822 = CARTESIAN_POINT ( 'NONE',  ( -3.863136006094629149, -1.136863993905370629, -92.62878377920269202 ) ) ;
#6823 = PRODUCT ( '2mm_part1', '2mm_part1', '', ( #1146 ) ) ;
#6824 = CARTESIAN_POINT ( 'NONE',  ( 5.000000000000006217, 5.690932028285886497E-15, -73.35315646955163515 ) ) ;
#6825 = CARTESIAN_POINT ( 'NONE',  ( -4.359865889258240479, -0.6401341107417611864, -48.10125045371351149 ) ) ;
#6826 = TOROIDAL_SURFACE ( 'NONE', #6245, 1.000000000000000000, 4.000000000000000000 ) ;
#6827 = CARTESIAN_POINT ( 'NONE',  ( -0.008301598520849530483, -4.991698401479150782, -106.2037463706169405 ) ) ;
#6828 = DIRECTION ( 'NONE',  ( 1.000000000000000000, 0.000000000000000000, 0.000000000000000000 ) ) ;
#6829 = VECTOR ( 'NONE', #253, 1000.000000000000000 ) ;
#6830 = VERTEX_POINT ( 'NONE', #7941 ) ;
#6831 = CYLINDRICAL_SURFACE ( 'NONE', #3304, 0.9999999999999995559 ) ;
#6832 = DIRECTION ( 'NONE',  ( -0.000000000000000000, -0.000000000000000000, 1.000000000000000000 ) ) ;
#6833 = CARTESIAN_POINT ( 'NONE',  ( 0.2608011982979994703, -4.739198801702000807, -61.09076228220567373 ) ) ;
#6834 = CYLINDRICAL_SURFACE ( 'NONE', #2114, 0.9999999999999995559 ) ;
#6835 = CARTESIAN_POINT ( 'NONE',  ( -1.000000000000000000, 1.224646799147353207E-16, -18.50000000000000355 ) ) ;
#6836 = VECTOR ( 'NONE', #7062, 1000.000000000000000 ) ;
#6837 = ORIENTED_EDGE ( 'NONE', *, *, #8136, .T. ) ;
#6838 = CARTESIAN_POINT ( 'NONE',  ( 4.960065625082964225, -0.03993437491703575454, -39.91868978647570287 ) ) ;
#6839 = EDGE_CURVE ( 'NONE', #4413, #1535, #1746, .T. ) ;
#6840 = CARTESIAN_POINT ( 'NONE',  ( 0.000000000000000000, 0.000000000000000000, -110.0000000000000000 ) ) ;
#6841 = CARTESIAN_POINT ( 'NONE',  ( -3.671958834454343013, -1.328041165545656765, -81.74999999999998579 ) ) ;
#6842 = AXIS2_PLACEMENT_3D ( 'NONE', #2577, #6740, #2487 ) ;
#6843 = CARTESIAN_POINT ( 'NONE',  ( 4.935408751172079889, -0.06459124882792040279, -30.22834765084402164 ) ) ;
#6844 = CARTESIAN_POINT ( 'NONE',  ( -4.872131520502826163, -0.1278684794971741423, -102.0074020305400211 ) ) ;
#6845 = CARTESIAN_POINT ( 'NONE',  ( 0.000000000000000000, 0.000000000000000000, -79.00000000000000000 ) ) ;
#6846 = CARTESIAN_POINT ( 'NONE',  ( -5.000000000000285105, 2.853348811012736403E-13, -29.50000000000020961 ) ) ;
#6847 = DIRECTION ( 'NONE',  ( 1.000000000000000000, 0.000000000000000000, 0.000000000000000000 ) ) ;
#6848 = FACE_OUTER_BOUND ( 'NONE', #1874, .T. ) ;
#6849 = DIRECTION ( 'NONE',  ( 1.000000000000000000, 0.000000000000000000, 0.000000000000000000 ) ) ;
#6850 = VECTOR ( 'NONE', #1303, 1000.000000000000000 ) ;
#6851 = CARTESIAN_POINT ( 'NONE',  ( 0.6401341107417175547, -4.359865889258282223, -16.39874954628655956 ) ) ;
#6852 = DIRECTION ( 'NONE',  ( -0.000000000000000000, -0.000000000000000000, 1.000000000000000000 ) ) ;
#6853 = CARTESIAN_POINT ( 'NONE',  ( -4.284940244090484462, -0.7150597559095159816, -120.8009639027861226 ) ) ;
#6854 = AXIS2_PLACEMENT_3D ( 'NONE', #248, #2981, #5714 ) ;
#6855 = CARTESIAN_POINT ( 'NONE',  ( 0.4915337874217821090, -4.508466212578217558, -9.393764806932125566 ) ) ;
#6856 = FACE_OUTER_BOUND ( 'NONE', #7042, .T. ) ;
#6857 = CARTESIAN_POINT ( 'NONE',  ( 0.000000000000000000, -5.000000000000000000, -51.49999999997221067 ) ) ;
#6858 = EDGE_LOOP ( 'NONE', ( #5017, #3702, #5147, #3247 ) ) ;
#6859 = ORIENTED_EDGE ( 'NONE', *, *, #8793, .F. ) ;
#6860 = CARTESIAN_POINT ( 'NONE',  ( -3.671958834454342124, -1.328041165545657876, -54.25000000000000000 ) ) ;
#6861 = AXIS2_PLACEMENT_3D ( 'NONE', #4632, #5249, #5295 ) ;
#6862 = CARTESIAN_POINT ( 'NONE',  ( -1.137203174284269869, -3.862796825715729909, -32.12899883711650517 ) ) ;
#6863 = EDGE_LOOP ( 'NONE', ( #3677, #1272, #5676 ) ) ;
#6864 = ORIENTED_EDGE ( 'NONE', *, *, #2974, .T. ) ;
#6865 = FACE_OUTER_BOUND ( 'NONE', #2117, .T. ) ;
#6866 = CARTESIAN_POINT ( 'NONE',  ( -4.567820679631958924, -0.4321793203680396322, -47.77342623723033910 ) ) ;
#6867 = EDGE_CURVE ( 'NONE', #6989, #7227, #3588, .T. ) ;
#6868 = TOROIDAL_SURFACE ( 'NONE', #1862, 1.000000000000000000, 3.999999999999996447 ) ;
#6869 = DIRECTION ( 'NONE',  ( 1.224646799147353207E-16, 1.000000000000000000, 0.000000000000000000 ) ) ;
#6870 = CARTESIAN_POINT ( 'NONE',  ( 0.000000000000000000, 0.000000000000000000, -65.24999999999998579 ) ) ;
#6871 = EDGE_CURVE ( 'NONE', #5472, #3818, #441, .T. ) ;
#6872 = AXIS2_PLACEMENT_3D ( 'NONE', #7644, #3054, #7075 ) ;
#6873 = ORIENTED_EDGE ( 'NONE', *, *, #56, .T. ) ;
#6874 = CARTESIAN_POINT ( 'NONE',  ( -5.000000000000008882, 8.403731507065130871E-15, -18.35315646955162450 ) ) ;
#6875 = EDGE_CURVE ( 'NONE', #5513, #5361, #4272, .T. ) ;
#6876 = B_SPLINE_CURVE_WITH_KNOTS ( 'NONE', 3,
 ( #4745, #5368, #8100, #6838, #6121, #2715, #8852, #5450, #8184, #2044, #3377, #4788 ),
 .UNSPECIFIED., .F., .F.,
 ( 4, 2, 2, 2, 2, 4 ),
 ( 0.003504634718750187367, 0.003941423334025071813, 0.004378211949299956260, 0.005251789179849725153, 0.006125366410399494047, 0.006998943640949262940 ),
 .UNSPECIFIED. ) ;
#6877 = CARTESIAN_POINT ( 'NONE',  ( 1.328041165545665425, -3.671958834454334575, -59.75000000000000000 ) ) ;
#6878 = VECTOR ( 'NONE', #4940, 1000.000000000000000 ) ;
#6879 = AXIS2_PLACEMENT_3D ( 'NONE', #1619, #4337, #3085 ) ;
#6880 = DIRECTION ( 'NONE',  ( 1.000000000000000000, 0.000000000000000000, 0.000000000000000000 ) ) ;
#6881 = CARTESIAN_POINT ( 'NONE',  ( 0.000000000000000000, 0.000000000000000000, -119.4999999999999858 ) ) ;
#6882 = ORIENTED_EDGE ( 'NONE', *, *, #3846, .F. ) ;
#6883 = CARTESIAN_POINT ( 'NONE',  ( -0.008042224642554411315, -4.991957775357445115, -13.29246587457292073 ) ) ;
#6884 = DIRECTION ( 'NONE',  ( 1.000000000000000000, 0.000000000000000000, 0.000000000000000000 ) ) ;
#6885 = AXIS2_PLACEMENT_3D ( 'NONE', #1078, #1711, #445 ) ;
#6886 = AXIS2_PLACEMENT_3D ( 'NONE', #6881, #740, #6925 ) ;
#6887 = DIRECTION ( 'NONE',  ( -0.000000000000000000, -0.000000000000000000, 1.000000000000000000 ) ) ;
#6888 = CARTESIAN_POINT ( 'NONE',  ( -4.567820679631958924, -0.4321793203680420747, -102.7734262372303533 ) ) ;
#6889 = CARTESIAN_POINT ( 'NONE',  ( 0.000000000000000000, 0.000000000000000000, 0.000000000000000000 ) ) ;
#6890 = CARTESIAN_POINT ( 'NONE',  ( 5.000000000000000000, 0.000000000000000000, -131.9999999999999716 ) ) ;
#6891 = CARTESIAN_POINT ( 'NONE',  ( 1.000000000000000000, 0.000000000000000000, -112.0000000000000000 ) ) ;
#6892 = AXIS2_PLACEMENT_3D ( 'NONE', #4204, #7658, #6896 ) ;
#6893 = CARTESIAN_POINT ( 'NONE',  ( -3.863136006094629149, -1.136863993905370629, -98.12878377920270623 ) ) ;
#6894 = CARTESIAN_POINT ( 'NONE',  ( 0.000000000000000000, 0.000000000000000000, 0.000000000000000000 ) ) ;
#6895 = AXIS2_PLACEMENT_3D ( 'NONE', #4261, #3101, #6507 ) ;
#6896 = DIRECTION ( 'NONE',  ( 1.000000000000000000, 0.000000000000000000, 0.000000000000000000 ) ) ;
#6897 = CARTESIAN_POINT ( 'NONE',  ( -0.9999999999999993339, 1.224646799147353207E-16, -113.9999999999999858 ) ) ;
#6898 = CIRCLE ( 'NONE', #6612, 4.000000000000000000 ) ;
#6899 = CIRCLE ( 'NONE', #3163, 3.000000000000000000 ) ;
#6900 = CARTESIAN_POINT ( 'NONE',  ( 4.040089233413053371, -0.9599107665869472950, -103.4776342793602169 ) ) ;
#6901 = CARTESIAN_POINT ( 'NONE',  ( -0.7176137099645679696, -4.282386290035431919, -38.29777126957947786 ) ) ;
#6902 = DIRECTION ( 'NONE',  ( 1.000000000000000000, 0.000000000000000000, 0.000000000000000000 ) ) ;
#6903 = VERTEX_POINT ( 'NONE', #3855 ) ;
#6904 = B_SPLINE_CURVE_WITH_KNOTS ( 'NONE', 3,
 ( #2146, #4890, #7628, #4213, #6400, #7752, #980, #7253, #1662, #1623, #7888, #4436, #1799, #8467, #7213, #8555 ),
 .UNSPECIFIED., .F., .F.,
 ( 4, 2, 2, 2, 2, 2, 2, 4 ),
 ( 4.818711198500916319E-07, 0.0008765200830274302987, 0.001314539188981223017, 0.001752558294935015627, 0.002190577400888807803, 0.002628596506842599979, 0.003066615612796393022, 0.003504634718750185632 ),
 .UNSPECIFIED. ) ;
#6905 = ORIENTED_EDGE ( 'NONE', *, *, #7130, .F. ) ;
#6906 = CARTESIAN_POINT ( 'NONE',  ( 1.000000000000000000, 0.000000000000000000, -73.50000000000001421 ) ) ;
#6907 = TOROIDAL_SURFACE ( 'NONE', #3606, 1.000000000000000000, 1.999999999999999112 ) ;
#6908 = B_SPLINE_CURVE_WITH_KNOTS ( 'NONE', 3,
 ( #1311, #4842, #2818, #662, #2095, #2139, #7623, #4161, #8204, #6812, #7573, #5506 ),
 .UNSPECIFIED., .F., .F.,
 ( 4, 2, 2, 2, 2, 4 ),
 ( 0.003504634718750429360, 0.003941423334025284317, 0.004378211949300140141, 0.005251789179849850053, 0.006125366410399559966, 0.006998943640949270746 ),
 .UNSPECIFIED. ) ;
#6909 = CARTESIAN_POINT ( 'NONE',  ( 1.136863993906870762, -3.863136006093128128, -81.87121622079632743 ) ) ;
#6910 = ORIENTED_EDGE ( 'NONE', *, *, #3196, .T. ) ;
#6911 = ORIENTED_EDGE ( 'NONE', *, *, #7302, .T. ) ;
#6912 = DIRECTION ( 'NONE',  ( -0.000000000000000000, -0.000000000000000000, 1.000000000000000000 ) ) ;
#6913 = AXIS2_PLACEMENT_3D ( 'NONE', #7243, #7877, #1748 ) ;
#6914 = DIRECTION ( 'NONE',  ( 1.000000000000000000, 0.000000000000000000, 0.000000000000000000 ) ) ;
#6915 = CARTESIAN_POINT ( 'NONE',  ( 4.567820679631958924, -0.4321793203680420747, -69.77342623723033910 ) ) ;
#6916 = DIRECTION ( 'NONE',  ( 1.000000000000000000, 0.000000000000000000, 0.000000000000000000 ) ) ;
#6917 = ADVANCED_FACE ( 'NONE', ( #6596 ), #7017, .T. ) ;
#6918 = VERTEX_POINT ( 'NONE', #943 ) ;
#6919 = ADVANCED_FACE ( 'NONE', ( #6410 ), #4886, .T. ) ;
#6920 = EDGE_CURVE ( 'NONE', #1100, #5380, #2017, .T. ) ;
#6921 = CARTESIAN_POINT ( 'NONE',  ( 3.514339698158091318E-15, -4.999999999999997335, -73.64684353044862064 ) ) ;
#6922 = ORIENTED_EDGE ( 'NONE', *, *, #134, .T. ) ;
#6923 = CARTESIAN_POINT ( 'NONE',  ( 0.000000000000000000, 0.000000000000000000, -79.00000000000000000 ) ) ;
#6924 = CARTESIAN_POINT ( 'NONE',  ( 1.000000000000000000, 0.000000000000000000, -40.50000000000000711 ) ) ;
#6925 = DIRECTION ( 'NONE',  ( 1.000000000000000000, 0.000000000000000000, 0.000000000000000000 ) ) ;
#6926 = VERTEX_POINT ( 'NONE', #5964 ) ;
#6927 = CARTESIAN_POINT ( 'NONE',  ( -0.03993437491706609832, -4.960065625082934027, -13.58131021352449075 ) ) ;
#6928 = CARTESIAN_POINT ( 'NONE',  ( 0.000000000000000000, -5.000000000000000000, -7.500000000000003553 ) ) ;
#6929 = VERTEX_POINT ( 'NONE', #3402 ) ;
#6930 = EDGE_CURVE ( 'NONE', #5978, #2657, #2736, .T. ) ;
#6931 = EDGE_CURVE ( 'NONE', #3288, #3194, #592, .T. ) ;
#6932 = DIRECTION ( 'NONE',  ( -0.000000000000000000, -0.000000000000000000, 1.000000000000000000 ) ) ;
#6933 = CARTESIAN_POINT ( 'NONE',  ( 5.000000000000007105, 5.689837944062354162E-15, -78.85315646955162094 ) ) ;
#6934 = DIRECTION ( 'NONE',  ( 1.224646799147353207E-16, 1.000000000000000000, 0.000000000000000000 ) ) ;
#6935 = CARTESIAN_POINT ( 'NONE',  ( -4.041784260359805536, -0.9582157396401942417, -27.02377465029933035 ) ) ;
#6936 = CARTESIAN_POINT ( 'NONE',  ( 0.008301598518897982185, -4.991698401481102110, -12.70374637064251289 ) ) ;
#6937 = CARTESIAN_POINT ( 'NONE',  ( -0.9599107665869276440, -4.040089233413072023, -21.52236572063980802 ) ) ;
#6938 = CARTESIAN_POINT ( 'NONE',  ( 4.872131520502827939, -0.1278684794971708116, -47.00740203054003530 ) ) ;
#6939 = EDGE_CURVE ( 'NONE', #4292, #3319, #1165, .T. ) ;
#6940 = CARTESIAN_POINT ( 'NONE',  ( 1.000000000000000000, 0.000000000000000000, -7.500000000000003553 ) ) ;
#6941 = CARTESIAN_POINT ( 'NONE',  ( 1.027174926393432362E-12, -4.999999999998974154, -111.8527427920862038 ) ) ;
#6942 = DIRECTION ( 'NONE',  ( 1.000000000000000000, 0.000000000000000000, 0.000000000000000000 ) ) ;
#6943 = CARTESIAN_POINT ( 'NONE',  ( -1.000000000000000000, 1.224646799147353207E-16, -101.0000000000000000 ) ) ;
#6944 = VERTEX_POINT ( 'NONE', #3362 ) ;
#6945 = ORIENTED_EDGE ( 'NONE', *, *, #353, .F. ) ;
#6946 = FACE_OUTER_BOUND ( 'NONE', #8441, .T. ) ;
#6947 = EDGE_CURVE ( 'NONE', #2972, #8665, #7607, .T. ) ;
#6948 = CARTESIAN_POINT ( 'NONE',  ( 0.000000000000000000, -5.000000000000000000, -84.49999999997220357 ) ) ;
#6949 = ORIENTED_EDGE ( 'NONE', *, *, #8228, .T. ) ;
#6950 = ORIENTED_EDGE ( 'NONE', *, *, #282, .T. ) ;
#6951 = DIRECTION ( 'NONE',  ( 0.000000000000000000, 0.000000000000000000, -1.000000000000000000 ) ) ;
#6952 = CARTESIAN_POINT ( 'NONE',  ( 0.000000000000000000, -5.000000000000000000, -73.50000000000001421 ) ) ;
#6953 = CARTESIAN_POINT ( 'NONE',  ( -0.9599107665897150810, -4.040089233410284031, -32.52236572063742415 ) ) ;
#6954 = CARTESIAN_POINT ( 'NONE',  ( 4.872131520502826163, -0.1278684794971743088, -69.00740203054000688 ) ) ;
#6955 = DIRECTION ( 'NONE',  ( -0.000000000000000000, -0.000000000000000000, 1.000000000000000000 ) ) ;
#6956 = EDGE_CURVE ( 'NONE', #6816, #1816, #7466, .T. ) ;
#6957 = ORIENTED_EDGE ( 'NONE', *, *, #676, .F. ) ;
#6958 = TOROIDAL_SURFACE ( 'NONE', #5104, 1.000000000000000000, 3.999999999999996447 ) ;
#6959 = DIRECTION ( 'NONE',  ( 1.000000000000000000, 0.000000000000000000, 0.000000000000000000 ) ) ;
#6960 = EDGE_CURVE ( 'NONE', #857, #3193, #4735, .T. ) ;
#6961 = CARTESIAN_POINT ( 'NONE',  ( 1.000000000000000000, 0.000000000000000000, -90.00000000000000000 ) ) ;
#6962 = DIRECTION ( 'NONE',  ( 0.000000000000000000, -1.000000000000000000, 0.000000000000000000 ) ) ;
#6963 = ORIENTED_EDGE ( 'NONE', *, *, #7798, .F. ) ;
#6964 = AXIS2_PLACEMENT_3D ( 'NONE', #8857, #4753, #3430 ) ;
#6965 = CARTESIAN_POINT ( 'NONE',  ( -0.1676550930108563764, -4.832344906989142430, -6.354538062590958880 ) ) ;
#6966 = ORIENTED_EDGE ( 'NONE', *, *, #7342, .T. ) ;
#6967 = CARTESIAN_POINT ( 'NONE',  ( -1.328041165545656765, -3.671958834454343013, -92.74999999999998579 ) ) ;
#6968 = AXIS2_PLACEMENT_3D ( 'NONE', #7426, #6751, #2497 ) ;
#6969 = CARTESIAN_POINT ( 'NONE',  ( 3.671958834454336795, -1.328041165545663649, -10.25000000000000178 ) ) ;
#6970 = CARTESIAN_POINT ( 'NONE',  ( 0.000000000000000000, 0.000000000000000000, -22.00000000000000000 ) ) ;
#6971 = ADVANCED_FACE ( 'NONE', ( #4771 ), #5594, .T. ) ;
#6972 = CARTESIAN_POINT ( 'NONE',  ( 3.671958834454339016, -1.328041165545661206, -15.75000000000000000 ) ) ;
#6973 = CARTESIAN_POINT ( 'NONE',  ( 0.000000000000000000, 0.000000000000000000, -35.00000000000000000 ) ) ;
#6974 = CARTESIAN_POINT ( 'NONE',  ( -0.7176137099602454272, -4.282386290039754684, -21.79777126958476785 ) ) ;
#6975 = CARTESIAN_POINT ( 'NONE',  ( 3.863136006094624708, -1.136863993905376402, -48.62878377920270623 ) ) ;
#6976 = EDGE_CURVE ( 'NONE', #7817, #8845, #5453, .T. ) ;
#6977 = CARTESIAN_POINT ( 'NONE',  ( -3.671958834454343013, -1.328041165545656765, -109.2499999999999858 ) ) ;
#6978 = AXIS2_PLACEMENT_3D ( 'NONE', #5572, #2078, #6290 ) ;
#6979 = CARTESIAN_POINT ( 'NONE',  ( -3.671958834454343013, -1.328041165545656765, -98.24999999999998579 ) ) ;
#6980 = CARTESIAN_POINT ( 'NONE',  ( -0.1593231317748076414, -4.840676868225192386, -113.1467805842996768 ) ) ;
#6981 = CARTESIAN_POINT ( 'NONE',  ( 0.000000000000000000, -5.000000000000000000, -24.00000000000000711 ) ) ;
#6982 = DIRECTION ( 'NONE',  ( 1.224646799147353207E-16, 1.000000000000000000, 0.000000000000000000 ) ) ;
#6983 = AXIS2_PLACEMENT_3D ( 'NONE', #6384, #7058, #7823 ) ;
#6984 = DIRECTION ( 'NONE',  ( -0.000000000000000000, -0.000000000000000000, 1.000000000000000000 ) ) ;
#6985 = ORIENTED_EDGE ( 'NONE', *, *, #511, .F. ) ;
#6986 = ORIENTED_EDGE ( 'NONE', *, *, #4174, .T. ) ;
#6987 = FACE_OUTER_BOUND ( 'NONE', #7790, .T. ) ;
#6988 = CARTESIAN_POINT ( 'NONE',  ( 0.000000000000000000, 0.000000000000000000, 0.000000000000000000 ) ) ;
#6989 = VERTEX_POINT ( 'NONE', #2692 ) ;
#6990 = AXIS2_PLACEMENT_3D ( 'NONE', #6573, #8406, #7735 ) ;
#6991 = CARTESIAN_POINT ( 'NONE',  ( 1.020306524453690962E-12, -5.000000000001020517, -40.64684353042216003 ) ) ;
#6992 = FACE_OUTER_BOUND ( 'NONE', #8802, .T. ) ;
#6993 = CARTESIAN_POINT ( 'NONE',  ( -4.282386290039716492, -0.7176137099602823977, -15.20222873041528189 ) ) ;
#6994 = AXIS2_PLACEMENT_3D ( 'NONE', #2832, #4087, #681 ) ;
#6995 = CARTESIAN_POINT ( 'NONE',  ( -0.9599107665897164132, -4.040089233410284031, -109.5223657206374384 ) ) ;
#6996 = CARTESIAN_POINT ( 'NONE',  ( -0.1278684795020828546, -4.872131520497917201, -44.99259796944174639 ) ) ;
#6997 = CARTESIAN_POINT ( 'NONE',  ( -0.008042224640664997343, -4.991957775359335159, -51.79246587454773021 ) ) ;
#6998 = ORIENTED_EDGE ( 'NONE', *, *, #783, .F. ) ;
#6999 = AXIS2_PLACEMENT_3D ( 'NONE', #4249, #6982, #5674 ) ;
#7000 = CARTESIAN_POINT ( 'NONE',  ( -5.000000000000283329, 2.837136602470240626E-13, -18.50000000000020961 ) ) ;
#7001 = DIRECTION ( 'NONE',  ( 0.000000000000000000, -1.000000000000000000, 0.000000000000000000 ) ) ;
#7002 = CARTESIAN_POINT ( 'NONE',  ( -4.935956332719889872, -0.06404366728011029464, -72.77440186598522587 ) ) ;
#7003 = ORIENTED_EDGE ( 'NONE', *, *, #2873, .F. ) ;
#7004 = AXIS2_PLACEMENT_3D ( 'NONE', #6970, #160, #1602 ) ;
#7005 = B_SPLINE_CURVE_WITH_KNOTS ( 'NONE', 3,
 ( #4854, #6822, #677, #721, #3455, #2106, #4895, #6193, #7586, #4216, #808, #1451, #2788, #6064, #3001, #6403 ),
 .UNSPECIFIED., .F., .F.,
 ( 4, 2, 2, 2, 2, 2, 2, 4 ),
 ( 4.818711198664599083E-07, 0.0008765200830274455859, 0.001314539188981235160, 0.001752558294935024734, 0.002190577400888814308, 0.002628596506842603882, 0.003066615612796393456, 0.003504634718750183030 ),
 .UNSPECIFIED. ) ;
#7006 = CARTESIAN_POINT ( 'NONE',  ( -4.840676868219848217, -0.1593231317801519220, -22.85321941568363613 ) ) ;
#7007 = ORIENTED_EDGE ( 'NONE', *, *, #6217, .T. ) ;
#7008 = CARTESIAN_POINT ( 'NONE',  ( 4.041784260359809089, -0.9582157396401910221, -104.0237746502993019 ) ) ;
#7009 = TOROIDAL_SURFACE ( 'NONE', #8436, 1.000000000000000000, 1.999999999999999112 ) ;
#7010 = DIRECTION ( 'NONE',  ( -0.000000000000000000, -0.000000000000000000, 1.000000000000000000 ) ) ;
#7011 = CARTESIAN_POINT ( 'NONE',  ( 3.671958834454343013, -1.328041165545656987, -81.74999999999998579 ) ) ;
#7012 = CARTESIAN_POINT ( 'NONE',  ( 0.000000000000000000, 0.000000000000000000, -56.99999999999999289 ) ) ;
#7013 = DIRECTION ( 'NONE',  ( -0.000000000000000000, -0.000000000000000000, 1.000000000000000000 ) ) ;
#7014 = CARTESIAN_POINT ( 'NONE',  ( -4.282386290039718268, -0.7176137099602820646, -97.70222873041527123 ) ) ;
#7015 = CARTESIAN_POINT ( 'NONE',  ( -1.136863993906872761, -3.863136006093126351, -26.87121622079633809 ) ) ;
#7016 = CARTESIAN_POINT ( 'NONE',  ( 0.000000000000000000, -5.000000000000000000, -18.50000000000000355 ) ) ;
#7017 = TOROIDAL_SURFACE ( 'NONE', #5019, 1.000000000000000000, 4.000000000000000000 ) ;
#7018 = CIRCLE ( 'NONE', #4751, 4.000000000000000000 ) ;
#7019 = DIRECTION ( 'NONE',  ( 1.000000000000000000, 0.000000000000000000, 0.000000000000000000 ) ) ;
#7020 = EDGE_CURVE ( 'NONE', #2821, #2784, #1574, .T. ) ;
#7021 = CARTESIAN_POINT ( 'NONE',  ( 0.3138588208043033290, -4.686141179195698392, -110.4653213122295483 ) ) ;
#7022 = ADVANCED_FACE ( 'NONE', ( #499 ), #7407, .F. ) ;
#7023 = CARTESIAN_POINT ( 'NONE',  ( -0.03993437491706693793, -4.960065625082934027, -24.58131021352449963 ) ) ;
#7024 = ADVANCED_FACE ( 'NONE', ( #6946 ), #1589, .T. ) ;
#7025 = AXIS2_PLACEMENT_3D ( 'NONE', #6050, #6770, #6001 ) ;
#7026 = TOROIDAL_SURFACE ( 'NONE', #5595, 1.000000000000000000, 3.999999999999999112 ) ;
#7027 = ADVANCED_FACE ( 'NONE', ( #2913 ), #2881, .T. ) ;
#7028 = EDGE_LOOP ( 'NONE', ( #4511, #4059, #6517 ) ) ;
#7029 = VERTEX_POINT ( 'NONE', #8289 ) ;
#7030 = DIRECTION ( 'NONE',  ( -0.000000000000000000, -0.000000000000000000, 1.000000000000000000 ) ) ;
#7031 = CARTESIAN_POINT ( 'NONE',  ( 0.4321793203734998756, -4.567820679626500180, -82.72657376275979857 ) ) ;
#7032 = ORIENTED_EDGE ( 'NONE', *, *, #5337, .T. ) ;
#7033 = AXIS2_PLACEMENT_3D ( 'NONE', #4961, #5805, #5668 ) ;
#7034 = EDGE_CURVE ( 'NONE', #5179, #7450, #8173, .T. ) ;
#7035 = DIRECTION ( 'NONE',  ( -0.000000000000000000, -0.000000000000000000, 1.000000000000000000 ) ) ;
#7036 = DIRECTION ( 'NONE',  ( 1.000000000000000000, 0.000000000000000000, 0.000000000000000000 ) ) ;
#7037 = DIRECTION ( 'NONE',  ( -0.000000000000000000, -0.000000000000000000, 1.000000000000000000 ) ) ;
#7038 = CIRCLE ( 'NONE', #179, 3.999999999999996447 ) ;
#7039 = CARTESIAN_POINT ( 'NONE',  ( 3.862796825714234661, -1.137203174285766671, -109.3710011628825640 ) ) ;
#7040 = CARTESIAN_POINT ( 'NONE',  ( 3.863136006094629149, -1.136863993905370185, -70.62878377920269202 ) ) ;
#7041 = CARTESIAN_POINT ( 'NONE',  ( -0.6335913640883387155, -4.366408635911661840, -53.60619955115779334 ) ) ;
#7042 = EDGE_LOOP ( 'NONE', ( #1141, #2065, #2545, #4399 ) ) ;
#7043 = CIRCLE ( 'NONE', #6479, 4.000000000000000000 ) ;
#7044 = DIRECTION ( 'NONE',  ( -0.000000000000000000, -0.000000000000000000, 1.000000000000000000 ) ) ;
#7045 = CARTESIAN_POINT ( 'NONE',  ( 1.020244832220700351E-12, -5.000000000001020517, -35.14684353042214582 ) ) ;
#7046 = CARTESIAN_POINT ( 'NONE',  ( 0.000000000000000000, 0.000000000000000000, -24.00000000000000355 ) ) ;
#7047 = ORIENTED_EDGE ( 'NONE', *, *, #191, .T. ) ;
#7048 = AXIS2_PLACEMENT_3D ( 'NONE', #784, #8188, #3507 ) ;
#7049 = EDGE_CURVE ( 'NONE', #2510, #905, #8403, .T. ) ;
#7050 = EDGE_LOOP ( 'NONE', ( #4078, #3661, #5427 ) ) ;
#7051 = DIRECTION ( 'NONE',  ( 1.000000000000000000, 0.000000000000000000, 0.000000000000000000 ) ) ;
#7052 = ORIENTED_EDGE ( 'NONE', *, *, #6096, .T. ) ;
#7053 = ORIENTED_EDGE ( 'NONE', *, *, #3413, .T. ) ;
#7054 = CARTESIAN_POINT ( 'NONE',  ( 5.000000000000009770, 9.310903793574489690E-15, -12.85315646955162627 ) ) ;
#7055 = CARTESIAN_POINT ( 'NONE',  ( 0.000000000000000000, 0.000000000000000000, -7.500000000000003553 ) ) ;
#7056 = CARTESIAN_POINT ( 'NONE',  ( 0.3138588208042985550, -4.686141179195701945, -49.96532131222954831 ) ) ;
#7057 = CARTESIAN_POINT ( 'NONE',  ( 5.000000000000281553, 2.809514862196180954E-13, -95.50000000000021316 ) ) ;
#7058 = DIRECTION ( 'NONE',  ( -0.000000000000000000, -0.000000000000000000, 1.000000000000000000 ) ) ;
#7059 = LINE ( 'NONE', #8407, #458 ) ;
#7060 = DIRECTION ( 'NONE',  ( 1.000000000000000000, 0.000000000000000000, 0.000000000000000000 ) ) ;
#7061 = CARTESIAN_POINT ( 'NONE',  ( 4.567820679631958036, -0.4321793203680427964, -25.77342623723036041 ) ) ;
#7062 = DIRECTION ( 'NONE',  ( -0.000000000000000000, -0.000000000000000000, 1.000000000000000000 ) ) ;
#7063 = CARTESIAN_POINT ( 'NONE',  ( -1.137203174284266538, -3.862796825715733906, -87.12899883711651228 ) ) ;
#7064 = DIRECTION ( 'NONE',  ( 1.000000000000000000, 0.000000000000000000, 0.000000000000000000 ) ) ;
#7065 = DIRECTION ( 'NONE',  ( -1.000000000000000000, 1.224646799147352961E-16, 0.000000000000000000 ) ) ;
#7066 = CARTESIAN_POINT ( 'NONE',  ( -4.960065625082965113, -0.03993437491703619863, -78.41868978647573840 ) ) ;
#7067 = ORIENTED_EDGE ( 'NONE', *, *, #6101, .F. ) ;
#7068 = EDGE_CURVE ( 'NONE', #2207, #1811, #8598, .T. ) ;
#7069 = VERTEX_POINT ( 'NONE', #5600 ) ;
#7070 = CARTESIAN_POINT ( 'NONE',  ( 3.671958834454339016, -1.328041165545661206, -15.75000000000000000 ) ) ;
#7071 = EDGE_LOOP ( 'NONE', ( #6663, #8527, #1120, #1032 ) ) ;
#7072 = DIRECTION ( 'NONE',  ( 0.000000000000000000, 0.000000000000000000, -1.000000000000000000 ) ) ;
#7073 = DIRECTION ( 'NONE',  ( -1.000000000000000000, 1.224646799147352961E-16, 0.000000000000000000 ) ) ;
#7074 = FACE_OUTER_BOUND ( 'NONE', #8025, .T. ) ;
#7075 = DIRECTION ( 'NONE',  ( 1.000000000000000000, 0.000000000000000000, 0.000000000000000000 ) ) ;
#7076 = ADVANCED_FACE ( 'NONE', ( #88 ), #2294, .T. ) ;
#7077 = CARTESIAN_POINT ( 'NONE',  ( -1.328041165545663649, -3.671958834454336795, -32.25000000000000000 ) ) ;
#7078 = CARTESIAN_POINT ( 'NONE',  ( 0.4915337874217811653, -4.508466212578220222, -14.89376480693212557 ) ) ;
#7079 = B_SPLINE_CURVE_WITH_KNOTS ( 'NONE', 3,
 ( #5463, #1391, #836, #4244, #6851, #2729, #4837, #2221, #2091, #8200, #2858, #8278, #5632, #4923, #7569, #7016 ),
 .UNSPECIFIED., .F., .F.,
 ( 4, 2, 2, 2, 2, 2, 2, 4 ),
 ( 4.818711198649328138E-07, 0.0008765200830275122644, 0.001314539188981335991, 0.001752558294935159609, 0.002190577400888983443, 0.002628596506842807278, 0.003066615612796630679, 0.003504634718750454514 ),
 .UNSPECIFIED. ) ;
#7080 = CARTESIAN_POINT ( 'NONE',  ( 0.06404366727605249887, -4.935956332723947071, -90.72559813399330153 ) ) ;
#7081 = APPROVAL ( #6565, 'UNSPECIFIED' ) ;
#7082 = CYLINDRICAL_SURFACE ( 'NONE', #5747, 0.9999999999999995559 ) ;
#7083 = ADVANCED_FACE ( 'NONE', ( #216 ), #3444, .T. ) ;
#7084 = ORIENTED_EDGE ( 'NONE', *, *, #8293, .T. ) ;
#7085 = CARTESIAN_POINT ( 'NONE',  ( 4.502552532152134468, -0.4974474678478660872, -53.38672757692826565 ) ) ;
#7086 = ORIENTED_EDGE ( 'NONE', *, *, #134, .F. ) ;
#7087 = ADVANCED_FACE ( 'NONE', ( #6987 ), #6028, .T. ) ;
#7088 = DIRECTION ( 'NONE',  ( 0.000000000000000000, 0.000000000000000000, -1.000000000000000000 ) ) ;
#7089 = DIRECTION ( 'NONE',  ( 0.000000000000000000, -1.000000000000000000, 0.000000000000000000 ) ) ;
#7090 = EDGE_LOOP ( 'NONE', ( #3118, #8131, #7220, #5699 ) ) ;
#7091 = FACE_OUTER_BOUND ( 'NONE', #4574, .T. ) ;
#7092 = AXIS2_PLACEMENT_3D ( 'NONE', #2284, #5018, #1628 ) ;
#7093 = ORIENTED_EDGE ( 'NONE', *, *, #2617, .T. ) ;
#7094 = CARTESIAN_POINT ( 'NONE',  ( 1.000000000000000000, 0.000000000000000000, -101.0000000000000000 ) ) ;
#7095 = ORIENTED_EDGE ( 'NONE', *, *, #8782, .T. ) ;
#7096 = DIRECTION ( 'NONE',  ( 1.000000000000000000, 0.000000000000000000, 0.000000000000000000 ) ) ;
#7097 = FACE_OUTER_BOUND ( 'NONE', #6014, .T. ) ;
#7098 = B_SPLINE_CURVE_WITH_KNOTS ( 'NONE', 3,
 ( #1454, #4046, #6784, #8295, #8835, #3496, #1498, #4813, #770, #809, #6278, #2156, #3456, #5479, #6231, #2699 ),
 .UNSPECIFIED., .F., .F.,
 ( 4, 2, 2, 2, 2, 2, 2, 4 ),
 ( 4.818711198664599083E-07, 0.0008765200830274455859, 0.001314539188981235160, 0.001752558294935024734, 0.002190577400888814308, 0.002628596506842603882, 0.003066615612796393456, 0.003504634718750183030 ),
 .UNSPECIFIED. ) ;
#7099 = EDGE_CURVE ( 'NONE', #6538, #6225, #4026, .T. ) ;
#7100 = AXIS2_PLACEMENT_3D ( 'NONE', #3236, #7366, #1228 ) ;
#7101 = CARTESIAN_POINT ( 'NONE',  ( -0.06459124882788699895, -4.935408751172113639, -116.7716523491561560 ) ) ;
#7102 = CARTESIAN_POINT ( 'NONE',  ( 4.739198801701949293, -0.2608011982980512622, -96.90923771779445417 ) ) ;
#7103 = CARTESIAN_POINT ( 'NONE',  ( -0.1278684795020899045, -4.872131520497909207, -66.99259796944171796 ) ) ;
#7104 = CARTESIAN_POINT ( 'NONE',  ( -4.567820679631958924, -0.4321793203680420747, -113.7734262372303533 ) ) ;
#7105 = CARTESIAN_POINT ( 'NONE',  ( 0.000000000000000000, 0.000000000000000000, -27.49999999999999645 ) ) ;
#7106 = CARTESIAN_POINT ( 'NONE',  ( 0.000000000000000000, -5.000000000000000000, -95.49999999997220357 ) ) ;
#7107 = TOROIDAL_SURFACE ( 'NONE', #3107, 1.000000000000000000, 4.000000000000000000 ) ;
#7108 = CARTESIAN_POINT ( 'NONE',  ( 0.4321793203734998756, -4.567820679626500180, -110.2265737627597986 ) ) ;
#7109 = DIRECTION ( 'NONE',  ( -0.000000000000000000, -0.000000000000000000, 1.000000000000000000 ) ) ;
#7110 = DIRECTION ( 'NONE',  ( 1.000000000000000000, 0.000000000000000000, 0.000000000000000000 ) ) ;
#7111 = CARTESIAN_POINT ( 'NONE',  ( -0.1593231317802005775, -4.840676868219799367, -74.64678058431651664 ) ) ;
#7112 = FACE_OUTER_BOUND ( 'NONE', #2466, .T. ) ;
#7113 = ORIENTED_EDGE ( 'NONE', *, *, #4072, .F. ) ;
#7114 = ORIENTED_EDGE ( 'NONE', *, *, #1035, .T. ) ;
#7115 = TOROIDAL_SURFACE ( 'NONE', #1690, 1.000000000000000000, 1.999999999999994893 ) ;
#7116 = EDGE_LOOP ( 'NONE', ( #7684, #3598, #4693 ) ) ;
#7117 = AXIS2_PLACEMENT_3D ( 'NONE', #7519, #2004, #3428 ) ;
#7118 = DIRECTION ( 'NONE',  ( -0.000000000000000000, -0.000000000000000000, 1.000000000000000000 ) ) ;
#7119 = CARTESIAN_POINT ( 'NONE',  ( 3.671958834454342124, -1.328041165545657876, -43.25000000000000711 ) ) ;
#7120 = EDGE_LOOP ( 'NONE', ( #3801, #5758, #2365, #5781 ) ) ;
#7121 = CARTESIAN_POINT ( 'NONE',  ( -1.000000000000000000, 1.224646799147353207E-16, -112.0000000000000000 ) ) ;
#7122 = AXIS2_PLACEMENT_3D ( 'NONE', #6033, #5365, #1785 ) ;
#7123 = CARTESIAN_POINT ( 'NONE',  ( 3.671958834454351450, -1.328041165545648550, -65.24999999999998579 ) ) ;
#7124 = DIRECTION ( 'NONE',  ( -0.000000000000000000, -0.000000000000000000, 1.000000000000000000 ) ) ;
#7125 = DIRECTION ( 'NONE',  ( 1.000000000000000000, 0.000000000000000000, 0.000000000000000000 ) ) ;
#7126 = CARTESIAN_POINT ( 'NONE',  ( -0.4915337874163011600, -4.508466212583699395, -108.3937648069234569 ) ) ;
#7127 = AXIS2_PLACEMENT_3D ( 'NONE', #3006, #1671, #7762 ) ;
#7128 = DIRECTION ( 'NONE',  ( 0.000000000000000000, 0.000000000000000000, -1.000000000000000000 ) ) ;
#7129 = ORIENTED_EDGE ( 'NONE', *, *, #5113, .F. ) ;
#7130 = EDGE_CURVE ( 'NONE', #6188, #501, #3575, .T. ) ;
#7131 = DIRECTION ( 'NONE',  ( -0.000000000000000000, -0.000000000000000000, 1.000000000000000000 ) ) ;
#7132 = CIRCLE ( 'NONE', #2983, 3.904737509655562988 ) ;
#7133 = EDGE_CURVE ( 'NONE', #7896, #466, #8453, .T. ) ;
#7134 = ORIENTED_EDGE ( 'NONE', *, *, #4353, .F. ) ;
#7135 = CARTESIAN_POINT ( 'NONE',  ( 0.000000000000000000, 0.000000000000000000, -35.00000000000000000 ) ) ;
#7136 = CARTESIAN_POINT ( 'NONE',  ( 0.03993437491367660824, -4.960065625086322427, -96.08131021350182266 ) ) ;
#7137 = ORIENTED_EDGE ( 'NONE', *, *, #7529, .F. ) ;
#7138 = CIRCLE ( 'NONE', #1720, 3.904737509655567429 ) ;
#7139 = CARTESIAN_POINT ( 'NONE',  ( 0.4321793203679926698, -4.567820679632006886, -5.726573762769739950 ) ) ;
#7140 = ORIENTED_EDGE ( 'NONE', *, *, #4394, .F. ) ;
#7141 = EDGE_CURVE ( 'NONE', #5574, #3704, #6599, .T. ) ;
#7142 = DIRECTION ( 'NONE',  ( -0.000000000000000000, -0.000000000000000000, 1.000000000000000000 ) ) ;
#7143 = EDGE_LOOP ( 'NONE', ( #8752, #4251, #8012 ) ) ;
#7144 = CARTESIAN_POINT ( 'NONE',  ( 0.1278684795020863796, -4.872131520497913648, -33.99259796944174639 ) ) ;
#7145 = CYLINDRICAL_SURFACE ( 'NONE', #5867, 0.9999999999999995559 ) ;
#7146 = TOROIDAL_SURFACE ( 'NONE', #2579, 1.000000000000000000, 4.000000000000000000 ) ;
#7147 = DIRECTION ( 'NONE',  ( 0.000000000000000000, 0.000000000000000000, -1.000000000000000000 ) ) ;
#7148 = CARTESIAN_POINT ( 'NONE',  ( 4.872131520502826163, -0.1278684794971743088, -96.50740203054000688 ) ) ;
#7149 = CARTESIAN_POINT ( 'NONE',  ( -2.500000000000000000, -2.500000000000000000, -131.9999999999999716 ) ) ;
#7150 = CARTESIAN_POINT ( 'NONE',  ( 4.832344906989096245, -0.1676550930109050319, -8.645461937409200104 ) ) ;
#7151 = CARTESIAN_POINT ( 'NONE',  ( -4.366408635906906532, -0.6335913640930935786, -98.89380044883600362 ) ) ;
#7152 = DIRECTION ( 'NONE',  ( -0.000000000000000000, -0.000000000000000000, 1.000000000000000000 ) ) ;
#7153 = AXIS2_PLACEMENT_3D ( 'NONE', #8672, #2450, #2534 ) ;
#7154 = CARTESIAN_POINT ( 'NONE',  ( 0.000000000000000000, 0.000000000000000000, -81.74999999999998579 ) ) ;
#7155 = CARTESIAN_POINT ( 'NONE',  ( 0.000000000000000000, -5.000000000000000000, -84.49999999997220357 ) ) ;
#7156 = CARTESIAN_POINT ( 'NONE',  ( 0.000000000000000000, 0.000000000000000000, -90.00000000000000000 ) ) ;
#7157 = CARTESIAN_POINT ( 'NONE',  ( 4.935956332719894313, -0.06404366728010570109, -56.27440186598521876 ) ) ;
#7158 = CARTESIAN_POINT ( 'NONE',  ( 0.000000000000000000, 0.000000000000000000, 0.000000000000000000 ) ) ;
#7159 = ORIENTED_EDGE ( 'NONE', *, *, #6435, .T. ) ;
#7160 = CIRCLE ( 'NONE', #7885, 4.000000000000000000 ) ;
#7161 = ORIENTED_EDGE ( 'NONE', *, *, #6019, .T. ) ;
#7162 = ORIENTED_EDGE ( 'NONE', *, *, #2151, .T. ) ;
#7163 = DIRECTION ( 'NONE',  ( 1.000000000000000000, 0.000000000000000000, 0.000000000000000000 ) ) ;
#7164 = FACE_OUTER_BOUND ( 'NONE', #2651, .T. ) ;
#7165 = ORIENTED_EDGE ( 'NONE', *, *, #1844, .T. ) ;
#7166 = EDGE_LOOP ( 'NONE', ( #3223, #1009, #5509 ) ) ;
#7167 = CARTESIAN_POINT ( 'NONE',  ( -0.2517800035594491836, -4.748219996440551149, -41.90883637235563697 ) ) ;
#7168 = AXIS2_PLACEMENT_3D ( 'NONE', #1319, #7501, #5429 ) ;
#7169 = CIRCLE ( 'NONE', #3015, 3.904737509655563876 ) ;
#7170 = DIRECTION ( 'NONE',  ( 1.224646799147353207E-16, 1.000000000000000000, 0.000000000000000000 ) ) ;
#7171 = FACE_OUTER_BOUND ( 'NONE', #8512, .T. ) ;
#7172 = DIRECTION ( 'NONE',  ( 1.000000000000000000, 0.000000000000000000, 0.000000000000000000 ) ) ;
#7173 = DIRECTION ( 'NONE',  ( -0.000000000000000000, -0.000000000000000000, 1.000000000000000000 ) ) ;
#7174 = CARTESIAN_POINT ( 'NONE',  ( -5.000000000000281553, 2.811725620256466210E-13, -73.50000000000021316 ) ) ;
#7175 = DIRECTION ( 'NONE',  ( 0.000000000000000000, 0.000000000000000000, -1.000000000000000000 ) ) ;
#7176 = AXIS2_PLACEMENT_3D ( 'NONE', #5378, #4714, #6807 ) ;
#7177 = AXIS2_PLACEMENT_3D ( 'NONE', #6741, #8217, #6828 ) ;
#7178 = CARTESIAN_POINT ( 'NONE',  ( 4.872131520502826163, -0.1278684794971743088, -118.5074020305400069 ) ) ;
#7179 = B_SPLINE_CURVE_WITH_KNOTS ( 'NONE', 3,
 ( #3197, #6691, #5257, #3950, #462, #1985, #8044, #3860, #546, #1812, #6603, #6066, #597, #8664, #7946, #1188 ),
 .UNSPECIFIED., .F., .F.,
 ( 4, 2, 2, 2, 2, 2, 2, 4 ),
 ( 4.818711198650599746E-07, 0.0008765200830275124812, 0.001314539188981336208, 0.001752558294935160042, 0.002190577400888983877, 0.002628596506842807278, 0.003066615612796631113, 0.003504634718750454948 ),
 .UNSPECIFIED. ) ;
#7180 = ORIENTED_EDGE ( 'NONE', *, *, #6158, .F. ) ;
#7181 = ORIENTED_EDGE ( 'NONE', *, *, #6767, .T. ) ;
#7182 = CARTESIAN_POINT ( 'NONE',  ( 4.935408751172079889, -0.06459124882791927869, -52.22834765084400743 ) ) ;
#7183 = CIRCLE ( 'NONE', #1605, 0.9999999999999993339 ) ;
#7184 = EDGE_LOOP ( 'NONE', ( #59, #8577, #4339, #7440 ) ) ;
#7185 = CARTESIAN_POINT ( 'NONE',  ( -0.04063066961830195251, -4.959369330381697694, -50.91386551652202286 ) ) ;
#7186 = CARTESIAN_POINT ( 'NONE',  ( -0.9599107665869289763, -4.040089233413071135, -71.02236572063978315 ) ) ;
#7187 = VERTEX_POINT ( 'NONE', #2825 ) ;
#7188 = EDGE_CURVE ( 'NONE', #8530, #7757, #6904, .T. ) ;
#7189 = EDGE_CURVE ( 'NONE', #1835, #7977, #730, .T. ) ;
#7190 = CARTESIAN_POINT ( 'NONE',  ( -3.904737509655567873, 4.781924292710298509E-16, -43.25000000000000711 ) ) ;
#7191 = ORIENTED_EDGE ( 'NONE', *, *, #6543, .F. ) ;
#7192 = LINE ( 'NONE', #2392, #805 ) ;
#7193 = ORIENTED_EDGE ( 'NONE', *, *, #6362, .T. ) ;
#7194 = FACE_OUTER_BOUND ( 'NONE', #4133, .T. ) ;
#7195 = CARTESIAN_POINT ( 'NONE',  ( 3.671958834454343013, -1.328041165545656987, -103.7500000000000000 ) ) ;
#7196 = AXIS2_PLACEMENT_3D ( 'NONE', #2802, #7648, #1428 ) ;
#7197 = CARTESIAN_POINT ( 'NONE',  ( 0.1278684795020862131, -4.872131520497913648, -50.49259796944175349 ) ) ;
#7198 = CARTESIAN_POINT ( 'NONE',  ( 4.999999999999992006, -7.634519711839822531E-15, -57.14725720788724317 ) ) ;
#7199 = ADVANCED_FACE ( 'NONE', ( #1758 ), #1882, .F. ) ;
#7200 = CARTESIAN_POINT ( 'NONE',  ( -3.671958834454343013, -1.328041165545656765, -87.25000000000000000 ) ) ;
#7201 = DIRECTION ( 'NONE',  ( -0.000000000000000000, -0.000000000000000000, 1.000000000000000000 ) ) ;
#7202 = CARTESIAN_POINT ( 'NONE',  ( -0.04063066961830674034, -4.959369330381694141, -94.91386551652203707 ) ) ;
#7203 = ADVANCED_FACE ( 'NONE', ( #1034 ), #5313, .F. ) ;
#7204 = DIRECTION ( 'NONE',  ( -0.000000000000000000, -0.000000000000000000, 1.000000000000000000 ) ) ;
#7205 = CARTESIAN_POINT ( 'NONE',  ( -4.872131520502826163, -0.1278684794971741423, -107.5074020305400211 ) ) ;
#7206 = CARTESIAN_POINT ( 'NONE',  ( -1.000000000000000000, 1.224646799147353207E-16, -24.00000000000000355 ) ) ;
#7207 = CARTESIAN_POINT ( 'NONE',  ( -0.2517800035653549040, -4.748219996434644763, -74.90883637236997572 ) ) ;
#7208 = CARTESIAN_POINT ( 'NONE',  ( 0.000000000000000000, 0.000000000000000000, -76.25000000000000000 ) ) ;
#7209 = VERTEX_POINT ( 'NONE', #260 ) ;
#7210 = ORIENTED_EDGE ( 'NONE', *, *, #7221, .T. ) ;
#7211 = EDGE_CURVE ( 'NONE', #3404, #326, #8038, .T. ) ;
#7212 = ORIENTED_EDGE ( 'NONE', *, *, #7850, .F. ) ;
#7213 = CARTESIAN_POINT ( 'NONE',  ( 4.999999999999991118, -1.021206449902765528E-14, -18.64725720788726093 ) ) ;
#7214 = CARTESIAN_POINT ( 'NONE',  ( -3.671958834454338572, -1.328041165545661428, -21.24999999999999645 ) ) ;
#7215 = EDGE_LOOP ( 'NONE', ( #1798, #258, #8574 ) ) ;
#7216 = CARTESIAN_POINT ( 'NONE',  ( -0.7176137099646010542, -4.282386290035399057, -76.79777126957942812 ) ) ;
#7217 = CARTESIAN_POINT ( 'NONE',  ( -4.960065625082965113, -0.03993437491703619863, -116.9186897864757526 ) ) ;
#7218 = FACE_OUTER_BOUND ( 'NONE', #5256, .T. ) ;
#7219 = CARTESIAN_POINT ( 'NONE',  ( -0.7150597559095267508, -4.284940244090472916, -4.199036097213864949 ) ) ;
#7220 = ORIENTED_EDGE ( 'NONE', *, *, #4391, .T. ) ;
#7221 = EDGE_CURVE ( 'NONE', #8665, #1839, #297, .T. ) ;
#7222 = CARTESIAN_POINT ( 'NONE',  ( 0.000000000000000000, 0.000000000000000000, -10.25000000000000178 ) ) ;
#7223 = DIRECTION ( 'NONE',  ( 1.000000000000000000, 0.000000000000000000, 0.000000000000000000 ) ) ;
#7224 = CARTESIAN_POINT ( 'NONE',  ( 0.7176137099645670814, -4.282386290035433696, -38.29777126957947786 ) ) ;
#7225 = CARTESIAN_POINT ( 'NONE',  ( 4.935408751172076336, -0.06459124882792298405, -118.2283476508440145 ) ) ;
#7226 = ORIENTED_EDGE ( 'NONE', *, *, #1890, .T. ) ;
#7227 = VERTEX_POINT ( 'NONE', #7793 ) ;
#7228 = DIRECTION ( 'NONE',  ( -0.000000000000000000, -0.000000000000000000, 1.000000000000000000 ) ) ;
#7229 = ORIENTED_EDGE ( 'NONE', *, *, #4441, .F. ) ;
#7230 = EDGE_CURVE ( 'NONE', #995, #3907, #6453, .T. ) ;
#7231 = CARTESIAN_POINT ( 'NONE',  ( -1.024133666360662847E-12, -5.000000000001025846, -106.6468435304219469 ) ) ;
#7232 = FACE_OUTER_BOUND ( 'NONE', #1136, .T. ) ;
#7233 = ORIENTED_EDGE ( 'NONE', *, *, #6208, .F. ) ;
#7234 = FACE_OUTER_BOUND ( 'NONE', #7299, .T. ) ;
#7235 = ORIENTED_EDGE ( 'NONE', *, *, #5325, .T. ) ;
#7236 = VERTEX_POINT ( 'NONE', #3183 ) ;
#7237 = CARTESIAN_POINT ( 'NONE',  ( -0.03993437491367647640, -4.960065625086322427, -68.58131021350182266 ) ) ;
#7238 = CARTESIAN_POINT ( 'NONE',  ( 9.262305278225770263E-16, -4.999999999999999112, -18.64684353044862419 ) ) ;
#7239 = CARTESIAN_POINT ( 'NONE',  ( 0.000000000000000000, 0.000000000000000000, -37.75000000000000000 ) ) ;
#7240 = CARTESIAN_POINT ( 'NONE',  ( 0.000000000000000000, -5.000000000000000000, -24.00000000000000711 ) ) ;
#7241 = CARTESIAN_POINT ( 'NONE',  ( -0.9599107665897143038, -4.040089233410286695, -65.52236572063746678 ) ) ;
#7242 = CARTESIAN_POINT ( 'NONE',  ( -4.960065625082965113, -0.03993437491703669823, -100.4186897864757384 ) ) ;
#7243 = CARTESIAN_POINT ( 'NONE',  ( 0.000000000000000000, 0.000000000000000000, -43.25000000000000711 ) ) ;
#7244 = ADVANCED_FACE ( 'NONE', ( #5915 ), #3720, .F. ) ;
#7245 = CIRCLE ( 'NONE', #6237, 4.000000000000003553 ) ;
#7246 = DIRECTION ( 'NONE',  ( 1.000000000000000000, 0.000000000000000000, 0.000000000000000000 ) ) ;
#7247 = CARTESIAN_POINT ( 'NONE',  ( 0.000000000000000000, 0.000000000000000000, -90.00000000000000000 ) ) ;
#7248 = CARTESIAN_POINT ( 'NONE',  ( 0.000000000000000000, 0.000000000000000000, -131.9999999999999716 ) ) ;
#7249 = VERTEX_POINT ( 'NONE', #3842 ) ;
#7250 = EDGE_CURVE ( 'NONE', #5935, #8265, #8756, .T. ) ;
#7251 = ORIENTED_EDGE ( 'NONE', *, *, #2829, .F. ) ;
#7252 = ORIENTED_EDGE ( 'NONE', *, *, #8157, .T. ) ;
#7253 = CARTESIAN_POINT ( 'NONE',  ( 4.686141179201314344, -0.3138588207986869882, -20.03467868775798522 ) ) ;
#7254 = CIRCLE ( 'NONE', #1964, 1.000000000000000000 ) ;
#7255 = CARTESIAN_POINT ( 'NONE',  ( 4.041784260359810865, -0.9582157396401889127, -43.52377465029933035 ) ) ;
#7256 = AXIS2_PLACEMENT_3D ( 'NONE', #984, #6359, #7840 ) ;
#7257 = B_SPLINE_CURVE_WITH_KNOTS ( 'NONE', 3,
 ( #1931, #4664, #4573, #6718, #2642, #5376, #1968, #4711, #6803, #2725, #2772, #792, #117, #3481, #2810, #34 ),
 .UNSPECIFIED., .F., .F.,
 ( 4, 2, 2, 2, 2, 2, 2, 4 ),
 ( 4.818711198930354611E-07, 0.0008765200830275385021, 0.001314539188981361361, 0.001752558294935184112, 0.002190577400889006428, 0.002628596506842829396, 0.003066615612796652363, 0.003504634718750474897 ),
 .UNSPECIFIED. ) ;
#7258 = VERTEX_POINT ( 'NONE', #2414 ) ;
#7259 = DIRECTION ( 'NONE',  ( 1.224646799147353207E-16, 1.000000000000000000, 0.000000000000000000 ) ) ;
#7260 = ADVANCED_FACE ( 'NONE', ( #8602 ), #5603, .T. ) ;
#7261 = CARTESIAN_POINT ( 'NONE',  ( 4.508466212578261967, -0.4915337874217372560, -93.60623519306794549 ) ) ;
#7262 = CARTESIAN_POINT ( 'NONE',  ( -4.960065625082965113, -0.03993437491703669823, -94.91868978647576682 ) ) ;
#7263 = AXIS2_PLACEMENT_3D ( 'NONE', #5851, #1647, #5046 ) ;
#7264 = CARTESIAN_POINT ( 'NONE',  ( 0.000000000000000000, 0.000000000000000000, -60.49999999999999289 ) ) ;
#7265 = ORIENTED_EDGE ( 'NONE', *, *, #2096, .T. ) ;
#7266 = AXIS2_PLACEMENT_3D ( 'NONE', #3745, #5857, #1702 ) ;
#7267 = CARTESIAN_POINT ( 'NONE',  ( 0.000000000000000000, -5.000000000000000000, -106.4999999999720046 ) ) ;
#7268 = CARTESIAN_POINT ( 'NONE',  ( -4.832344906989093580, -0.1676550930109054205, -8.645461937409200104 ) ) ;
#7269 = ORIENTED_EDGE ( 'NONE', *, *, #8753, .T. ) ;
#7270 = AXIS2_PLACEMENT_3D ( 'NONE', #3679, #3016, #1233 ) ;
#7271 = ORIENTED_EDGE ( 'NONE', *, *, #8157, .F. ) ;
#7272 = CARTESIAN_POINT ( 'NONE',  ( -0.9599899463623128293, -4.040010053637688614, -120.5222983861616228 ) ) ;
#7273 = ORIENTED_EDGE ( 'NONE', *, *, #8513, .F. ) ;
#7274 = AXIS2_PLACEMENT_3D ( 'NONE', #8171, #1329, #7507 ) ;
#7275 = CARTESIAN_POINT ( 'NONE',  ( -0.9599107665897343988, -4.040089233410265379, -87.52236572063740994 ) ) ;
#7276 = CARTESIAN_POINT ( 'NONE',  ( 0.000000000000000000, 0.000000000000000000, -131.9999999999999716 ) ) ;
#7277 = ORIENTED_EDGE ( 'NONE', *, *, #6960, .F. ) ;
#7278 = ORIENTED_EDGE ( 'NONE', *, *, #4522, .T. ) ;
#7279 = AXIS2_PLACEMENT_3D ( 'NONE', #480, #1958, #3343 ) ;
#7280 = ORIENTED_EDGE ( 'NONE', *, *, #7869, .T. ) ;
#7281 = CARTESIAN_POINT ( 'NONE',  ( 3.862796825714239546, -1.137203174285761786, -114.8710011628825782 ) ) ;
#7282 = DIRECTION ( 'NONE',  ( -1.000000000000000000, 1.224646799147353207E-16, 0.000000000000000000 ) ) ;
#7283 = CARTESIAN_POINT ( 'NONE',  ( -3.904737509655567873, 4.781924292710298509E-16, -87.25000000000000000 ) ) ;
#7284 = CARTESIAN_POINT ( 'NONE',  ( 3.671958834454334575, -1.328041165545665647, -59.75000000000000000 ) ) ;
#7285 = LINE ( 'NONE', #562, #4987 ) ;
#7286 = TOROIDAL_SURFACE ( 'NONE', #8008, 1.000000000000000000, 3.999999999999996447 ) ;
#7287 = CARTESIAN_POINT ( 'NONE',  ( -4.999999999999990230, -9.175390286360334753E-15, -35.14725720788725738 ) ) ;
#7288 = CARTESIAN_POINT ( 'NONE',  ( -0.4974474678478228995, -4.502552532152177989, -60.61327242307182672 ) ) ;
#7289 = EDGE_CURVE ( 'NONE', #807, #4554, #4381, .T. ) ;
#7290 = DIRECTION ( 'NONE',  ( -0.000000000000000000, -0.000000000000000000, 1.000000000000000000 ) ) ;
#7291 = CIRCLE ( 'NONE', #3424, 3.904737509655562544 ) ;
#7292 = B_SPLINE_CURVE_WITH_KNOTS ( 'NONE', 3,
 ( #8800, #7546, #682, #8839, #1987, #8298, #3411, #8216, #4858, #1413, #2159, #4733, #2833, #7460, #4900, #6233 ),
 .UNSPECIFIED., .F., .F.,
 ( 4, 2, 2, 2, 2, 2, 2, 4 ),
 ( 4.818711198454839844E-07, 0.0008765200830206025355, 0.001314539188970981426, 0.001752558294921360534, 0.002190577400871739858, 0.002628596506822118966, 0.003066615612772498074, 0.003504634718722877615 ),
 .UNSPECIFIED. ) ;
#7293 = CARTESIAN_POINT ( 'NONE',  ( -4.991698401481084346, -0.008301598518914836758, -40.79625362935772870 ) ) ;
#7294 = B_SPLINE_CURVE_WITH_KNOTS ( 'NONE', 3,
 ( #7695, #3437, #2058, #6132, #708, #1564, #1438, #796, #4156, #4880, #38, #7619 ),
 .UNSPECIFIED., .F., .F.,
 ( 4, 2, 2, 2, 2, 4 ),
 ( 0.003504634718750194305, 0.003941423334025079619, 0.004378211949299964934, 0.005251789179849734694, 0.006125366410399504455, 0.006998943640949275083 ),
 .UNSPECIFIED. ) ;
#7295 = CARTESIAN_POINT ( 'NONE',  ( 0.6335913640931327695, -4.366408635906868341, -119.6061995511640532 ) ) ;
#7296 = CARTESIAN_POINT ( 'NONE',  ( 0.9999999999999993339, 0.000000000000000000, -91.99999999999998579 ) ) ;
#7297 = CARTESIAN_POINT ( 'NONE',  ( -1.136863993905357972, -3.863136006094642028, -54.37121622079727956 ) ) ;
#7298 = ORIENTED_EDGE ( 'NONE', *, *, #8051, .T. ) ;
#7299 = EDGE_LOOP ( 'NONE', ( #6725, #3681, #6156, #4225 ) ) ;
#7300 = ORIENTED_EDGE ( 'NONE', *, *, #6867, .T. ) ;
#7301 = DIRECTION ( 'NONE',  ( -0.000000000000000000, -0.000000000000000000, 1.000000000000000000 ) ) ;
#7302 = EDGE_CURVE ( 'NONE', #1983, #4536, #1027, .T. ) ;
#7303 = AXIS2_PLACEMENT_3D ( 'NONE', #5829, #2422, #5157 ) ;
#7304 = DIRECTION ( 'NONE',  ( -0.000000000000000000, -0.000000000000000000, 1.000000000000000000 ) ) ;
#7305 = ORIENTED_EDGE ( 'NONE', *, *, #4944, .T. ) ;
#7306 = ADVANCED_FACE ( 'NONE', ( #6498 ), #2167, .T. ) ;
#7307 = EDGE_CURVE ( 'NONE', #4775, #600, #1173, .T. ) ;
#7308 = CARTESIAN_POINT ( 'NONE',  ( -1.027098599313404079E-12, -4.999999999998974154, -100.8527427920862323 ) ) ;
#7309 = CARTESIAN_POINT ( 'NONE',  ( -4.748219996434698054, -0.2517800035653024460, -116.0911636276301522 ) ) ;
#7310 = EDGE_CURVE ( 'NONE', #7557, #2115, #1858, .T. ) ;
#7311 = CARTESIAN_POINT ( 'NONE',  ( -4.748219996434693613, -0.2517800035653069424, -94.09116362763015218 ) ) ;
#7312 = AXIS2_PLACEMENT_3D ( 'NONE', #4683, #6645, #7413 ) ;
#7313 = CIRCLE ( 'NONE', #3582, 4.000000000000003553 ) ;
#7314 = CARTESIAN_POINT ( 'NONE',  ( 0.000000000000000000, 0.000000000000000000, 0.000000000000000000 ) ) ;
#7315 = CARTESIAN_POINT ( 'NONE',  ( 0.1278684795021247378, -4.872131520497878121, -105.4925979694416327 ) ) ;
#7316 = DIRECTION ( 'NONE',  ( 1.224646799147353207E-16, 1.000000000000000000, 0.000000000000000000 ) ) ;
#7317 = ADVANCED_FACE ( 'NONE', ( #8110 ), #4465, .T. ) ;
#7318 = CARTESIAN_POINT ( 'NONE',  ( 4.739198801701949293, -0.2608011982980512622, -118.9092377177944400 ) ) ;
#7319 = AXIS2_PLACEMENT_3D ( 'NONE', #3991, #7579, #7665 ) ;
#7320 = EDGE_LOOP ( 'NONE', ( #6447, #4414, #1406, #11, #527, #4888 ) ) ;
#7321 = AXIS2_PLACEMENT_3D ( 'NONE', #7874, #8364, #6302 ) ;
#7322 = ADVANCED_FACE ( 'NONE', ( #490 ), #1465, .T. ) ;
#7323 = EDGE_LOOP ( 'NONE', ( #8711, #3812, #2193, #4362 ) ) ;
#7324 = DIRECTION ( 'NONE',  ( 0.000000000000000000, 0.000000000000000000, -1.000000000000000000 ) ) ;
#7325 = CIRCLE ( 'NONE', #1327, 3.999999999999996447 ) ;
#7326 = ORIENTED_EDGE ( 'NONE', *, *, #7959, .F. ) ;
#7327 = CIRCLE ( 'NONE', #166, 5.000000000000000000 ) ;
#7328 = CARTESIAN_POINT ( 'NONE',  ( 4.935408751172076336, -0.06459124882792298405, -74.22834765084402875 ) ) ;
#7329 = CARTESIAN_POINT ( 'NONE',  ( -3.433659809932120394E-15, -4.999999999999995559, -73.35274279211301973 ) ) ;
#7330 = ADVANCED_FACE ( 'NONE', ( #1885 ), #8459, .F. ) ;
#7331 = APPROVAL_DATE_TIME ( #6026, #190 ) ;
#7332 = VERTEX_POINT ( 'NONE', #8651 ) ;
#7333 = AXIS2_PLACEMENT_3D ( 'NONE', #4789, #648, #8482 ) ;
#7334 = AXIS2_PLACEMENT_3D ( 'NONE', #2113, #5690, #5613 ) ;
#7335 = VERTEX_POINT ( 'NONE', #8736 ) ;
#7336 = CARTESIAN_POINT ( 'NONE',  ( 3.671958834454343013, -1.328041165545656987, -114.7499999999999858 ) ) ;
#7337 = CARTESIAN_POINT ( 'NONE',  ( 0.9582157396402174454, -4.041784260359782444, -20.97622534970070163 ) ) ;
#7338 = DIRECTION ( 'NONE',  ( 0.000000000000000000, 0.000000000000000000, -1.000000000000000000 ) ) ;
#7339 = CARTESIAN_POINT ( 'NONE',  ( 4.872131520502827939, -0.1278684794971708116, -58.00740203054002819 ) ) ;
#7340 = EDGE_LOOP ( 'NONE', ( #1859, #8002, #7047 ) ) ;
#7341 = DIRECTION ( 'NONE',  ( 1.000000000000000000, 0.000000000000000000, 0.000000000000000000 ) ) ;
#7342 = EDGE_CURVE ( 'NONE', #1689, #6333, #8000, .T. ) ;
#7343 = DIRECTION ( 'NONE',  ( -0.000000000000000000, -0.000000000000000000, 1.000000000000000000 ) ) ;
#7344 = CARTESIAN_POINT ( 'NONE',  ( -0.1676550930108558213, -4.832344906989145095, -11.85453806259096332 ) ) ;
#7345 = VERTEX_POINT ( 'NONE', #7353 ) ;
#7346 = CARTESIAN_POINT ( 'NONE',  ( 4.359865889258241367, -0.6401341107417610754, -31.60125045371350794 ) ) ;
#7347 = AXIS2_PLACEMENT_3D ( 'NONE', #5945, #2718, #6884 ) ;
#7348 = CARTESIAN_POINT ( 'NONE',  ( -4.872131520502827939, -0.1278684794971705618, -41.50740203054002819 ) ) ;
#7349 = DIRECTION ( 'NONE',  ( 1.000000000000000000, 0.000000000000000000, 0.000000000000000000 ) ) ;
#7350 = DIRECTION ( 'NONE',  ( 1.000000000000000000, 0.000000000000000000, 0.000000000000000000 ) ) ;
#7351 = CARTESIAN_POINT ( 'NONE',  ( -0.7176137099602423186, -4.282386290039758237, -54.79777126958475009 ) ) ;
#7352 = EDGE_LOOP ( 'NONE', ( #5865, #3911, #6986, #3552 ) ) ;
#7353 = CARTESIAN_POINT ( 'NONE',  ( -5.000000000000285105, 2.852501778065482102E-13, -13.00000000000021316 ) ) ;
#7354 = CARTESIAN_POINT ( 'NONE',  ( 0.000000000000000000, 0.000000000000000000, 0.000000000000000000 ) ) ;
#7355 = ORIENTED_EDGE ( 'NONE', *, *, #8301, .T. ) ;
#7356 = DIRECTION ( 'NONE',  ( -0.000000000000000000, -0.000000000000000000, 1.000000000000000000 ) ) ;
#7357 = DIRECTION ( 'NONE',  ( 1.224646799147353207E-16, 1.000000000000000000, 0.000000000000000000 ) ) ;
#7358 = CARTESIAN_POINT ( 'NONE',  ( 0.2608011983036452319, -4.739198801696355545, -99.59076228219167604 ) ) ;
#7359 = EDGE_CURVE ( 'NONE', #1811, #5912, #5459, .T. ) ;
#7360 = VERTEX_POINT ( 'NONE', #4030 ) ;
#7361 = CARTESIAN_POINT ( 'NONE',  ( 0.000000000000000000, 0.000000000000000000, -48.00000000000000000 ) ) ;
#7362 = CARTESIAN_POINT ( 'NONE',  ( -1.328041165545656765, -3.671958834454343013, -81.74999999999998579 ) ) ;
#7363 = DIRECTION ( 'NONE',  ( -1.000000000000000000, 1.224646799147353207E-16, 0.000000000000000000 ) ) ;
#7364 = EDGE_LOOP ( 'NONE', ( #8472, #8218, #4972, #2227 ) ) ;
#7365 = ORIENTED_EDGE ( 'NONE', *, *, #1128, .F. ) ;
#7366 = DIRECTION ( 'NONE',  ( 1.224646799147353207E-16, 1.000000000000000000, 0.000000000000000000 ) ) ;
#7367 = CARTESIAN_POINT ( 'NONE',  ( -0.03305267957215302088, -4.966947320427848034, -122.4105415424376133 ) ) ;
#7368 = EDGE_CURVE ( 'NONE', #7535, #5198, #578, .T. ) ;
#7369 = ADVANCED_FACE ( 'NONE', ( #8819 ), #2025, .T. ) ;
#7370 = ORIENTED_EDGE ( 'NONE', *, *, #7389, .T. ) ;
#7371 = CARTESIAN_POINT ( 'NONE',  ( -0.04063066961833022850, -4.959369330381668384, -89.41386551652185233 ) ) ;
#7372 = DIRECTION ( 'NONE',  ( 1.000000000000000000, 0.000000000000000000, 0.000000000000000000 ) ) ;
#7373 = EDGE_CURVE ( 'NONE', #5935, #5574, #4310, .T. ) ;
#7374 = PERSON_AND_ORGANIZATION_ROLE ( 'creator' ) ;
#7375 = ORIENTED_EDGE ( 'NONE', *, *, #8396, .T. ) ;
#7376 = ADVANCED_FACE ( 'NONE', ( #2681 ), #2301, .F. ) ;
#7377 = ORIENTED_EDGE ( 'NONE', *, *, #2459, .F. ) ;
#7378 = ADVANCED_FACE ( 'NONE', ( #8691 ), #879, .T. ) ;
#7379 = DIRECTION ( 'NONE',  ( 0.000000000000000000, 0.000000000000000000, -1.000000000000000000 ) ) ;
#7380 = CARTESIAN_POINT ( 'NONE',  ( 0.000000000000000000, 0.000000000000000000, -26.00000000000000000 ) ) ;
#7381 = CARTESIAN_POINT ( 'NONE',  ( -3.632924310773694154E-15, -4.999999999999995559, -117.3527427921129913 ) ) ;
#7382 = CARTESIAN_POINT ( 'NONE',  ( 4.282386290039716492, -0.7176137099602829528, -59.20222873041527123 ) ) ;
#7383 = ORIENTED_EDGE ( 'NONE', *, *, #812, .T. ) ;
#7384 = CARTESIAN_POINT ( 'NONE',  ( -4.959369330385072772, -0.04063066961492743656, -30.08613448345569452 ) ) ;
#7385 = CARTESIAN_POINT ( 'NONE',  ( 0.000000000000000000, 0.000000000000000000, -120.2499999999999858 ) ) ;
#7386 = CARTESIAN_POINT ( 'NONE',  ( -0.4974474678478201795, -4.502552532152179765, -11.11327242307181962 ) ) ;
#7387 = ORIENTED_EDGE ( 'NONE', *, *, #7585, .T. ) ;
#7388 = FACE_OUTER_BOUND ( 'NONE', #4343, .T. ) ;
#7389 = EDGE_CURVE ( 'NONE', #2795, #1600, #1596, .T. ) ;
#7390 = EDGE_CURVE ( 'NONE', #7833, #3288, #8236, .T. ) ;
#7391 = CARTESIAN_POINT ( 'NONE',  ( 0.9999999999999985567, 0.000000000000000000, -120.9999999999999716 ) ) ;
#7392 = DIRECTION ( 'NONE',  ( -0.000000000000000000, -0.000000000000000000, 1.000000000000000000 ) ) ;
#7393 = FACE_OUTER_BOUND ( 'NONE', #218, .T. ) ;
#7394 = DIRECTION ( 'NONE',  ( 0.000000000000000000, 0.000000000000000000, -1.000000000000000000 ) ) ;
#7395 = ORIENTED_EDGE ( 'NONE', *, *, #203, .T. ) ;
#7396 = CARTESIAN_POINT ( 'NONE',  ( -4.935408751172081665, -0.06459124882791912603, -57.72834765084403585 ) ) ;
#7397 = VERTEX_POINT ( 'NONE', #4110 ) ;
#7398 = CARTESIAN_POINT ( 'NONE',  ( 1.328041165545665425, -3.671958834454334575, -48.75000000000000000 ) ) ;
#7399 = DIRECTION ( 'NONE',  ( 1.224646799147353207E-16, 1.000000000000000000, 0.000000000000000000 ) ) ;
#7400 = ORIENTED_EDGE ( 'NONE', *, *, #5051, .T. ) ;
#7401 = TOROIDAL_SURFACE ( 'NONE', #5664, 1.000000000000000000, 1.999999999999994893 ) ;
#7402 = CARTESIAN_POINT ( 'NONE',  ( 4.872131520502826163, -0.1278684794971743088, -91.00740203054002109 ) ) ;
#7403 = CARTESIAN_POINT ( 'NONE',  ( -4.871990604756819110, -0.1280093952431808624, -3.007924780534963372 ) ) ;
#7404 = CARTESIAN_POINT ( 'NONE',  ( 0.000000000000000000, 0.000000000000000000, -103.0000000000000000 ) ) ;
#7405 = ORIENTED_EDGE ( 'NONE', *, *, #7368, .T. ) ;
#7406 = AXIS2_PLACEMENT_3D ( 'NONE', #5373, #748, #5495 ) ;
#7407 = PLANE ( 'NONE',  #7319 ) ;
#7408 = CARTESIAN_POINT ( 'NONE',  ( 0.000000000000000000, -5.000000000000000000, -24.00000000000000711 ) ) ;
#7409 = ORIENTED_EDGE ( 'NONE', *, *, #4838, .T. ) ;
#7410 = ORIENTED_EDGE ( 'NONE', *, *, #3095, .F. ) ;
#7411 = AXIS2_PLACEMENT_3D ( 'NONE', #1965, #2640, #7481 ) ;
#7412 = CARTESIAN_POINT ( 'NONE',  ( 0.000000000000000000, -5.000000000000000000, -67.99999999997220357 ) ) ;
#7413 = DIRECTION ( 'NONE',  ( -1.000000000000000000, 1.224646799147353207E-16, 0.000000000000000000 ) ) ;
#7414 = CARTESIAN_POINT ( 'NONE',  ( 0.000000000000000000, -5.000000000000000000, -106.4999999999720046 ) ) ;
#7415 = CARTESIAN_POINT ( 'NONE',  ( -0.7176137099645634176, -4.282386290035436360, -43.79777126957945654 ) ) ;
#7416 = AXIS2_PLACEMENT_3D ( 'NONE', #8097, #8059, #5405 ) ;
#7417 = AXIS2_PLACEMENT_3D ( 'NONE', #8456, #2223, #8411 ) ;
#7418 = EDGE_CURVE ( 'NONE', #8845, #6719, #7079, .T. ) ;
#7419 = ORIENTED_EDGE ( 'NONE', *, *, #971, .T. ) ;
#7420 = EDGE_CURVE ( 'NONE', #7947, #8530, #7294, .T. ) ;
#7421 = ADVANCED_FACE ( 'NONE', ( #78 ), #2462, .F. ) ;
#7422 = EDGE_CURVE ( 'NONE', #6585, #1318, #3764, .T. ) ;
#7423 = TOROIDAL_SURFACE ( 'NONE', #396, 1.000000000000000000, 4.000000000000000000 ) ;
#7424 = CARTESIAN_POINT ( 'NONE',  ( -4.832344906989094468, -0.1676550930109067528, -85.64546193740922320 ) ) ;
#7425 = CARTESIAN_POINT ( 'NONE',  ( -4.508466212578261967, -0.4915337874217377001, -82.60623519306795970 ) ) ;
#7426 = CARTESIAN_POINT ( 'NONE',  ( 0.000000000000000000, 0.000000000000000000, -40.50000000000000711 ) ) ;
#7427 = DIRECTION ( 'NONE',  ( -0.000000000000000000, -0.000000000000000000, 1.000000000000000000 ) ) ;
#7428 = ORIENTED_EDGE ( 'NONE', *, *, #3083, .T. ) ;
#7429 = CARTESIAN_POINT ( 'NONE',  ( -3.630594970168744828E-15, -4.999999999999997335, -117.6468435304486206 ) ) ;
#7430 = FACE_OUTER_BOUND ( 'NONE', #4810, .T. ) ;
#7431 = ADVANCED_FACE ( 'NONE', ( #121 ), #6604, .T. ) ;
#7432 = CIRCLE ( 'NONE', #2695, 1.000000000000000000 ) ;
#7433 = DIRECTION ( 'NONE',  ( -0.000000000000000000, -0.000000000000000000, 1.000000000000000000 ) ) ;
#7434 = DIRECTION ( 'NONE',  ( 1.000000000000000000, 0.000000000000000000, 0.000000000000000000 ) ) ;
#7435 = CARTESIAN_POINT ( 'NONE',  ( -4.508466212578267296, -0.4915337874217334257, -49.60623519306796680 ) ) ;
#7436 = CARTESIAN_POINT ( 'NONE',  ( -4.999999999999986677, -1.245921937940029991E-14, -117.6472572078872503 ) ) ;
#7437 = AXIS2_PLACEMENT_3D ( 'NONE', #852, #1455, #52 ) ;
#7438 = CARTESIAN_POINT ( 'NONE',  ( 0.06459124882788715161, -4.935408751172113639, -72.77165234915618441 ) ) ;
#7439 = CARTESIAN_POINT ( 'NONE',  ( -3.671958834454351450, -1.328041165545648550, -65.24999999999998579 ) ) ;
#7440 = ORIENTED_EDGE ( 'NONE', *, *, #1249, .F. ) ;
#7441 = CARTESIAN_POINT ( 'NONE',  ( -5.000000000000281553, 2.811725620256466210E-13, -117.5000000000001990 ) ) ;
#7442 = CARTESIAN_POINT ( 'NONE',  ( 4.282263456120089629, -0.7177365438799112596, -4.202379669864444445 ) ) ;
#7443 = CARTESIAN_POINT ( 'NONE',  ( -4.739198801701948405, -0.2608011982980497634, -19.90923771779445772 ) ) ;
#7444 = EDGE_LOOP ( 'NONE', ( #4680, #5083, #7095, #6736 ) ) ;
#7445 = AXIS2_PLACEMENT_3D ( 'NONE', #6312, #5009, #3569 ) ;
#7446 = CARTESIAN_POINT ( 'NONE',  ( 4.999999999999986677, -1.267690684684465825E-14, -90.14725720788723606 ) ) ;
#7447 = CARTESIAN_POINT ( 'NONE',  ( 4.872131520502826163, -0.1278684794971743088, -102.0074020305400211 ) ) ;
#7448 = CARTESIAN_POINT ( 'NONE',  ( 1.000000000000000000, 0.000000000000000000, -101.0000000000000000 ) ) ;
#7449 = DIRECTION ( 'NONE',  ( 1.000000000000000000, 0.000000000000000000, 0.000000000000000000 ) ) ;
#7450 = VERTEX_POINT ( 'NONE', #3519 ) ;
#7451 = AXIS2_PLACEMENT_3D ( 'NONE', #1114, #3791, #2461 ) ;
#7452 = ORIENTED_EDGE ( 'NONE', *, *, #4275, .F. ) ;
#7453 = DIRECTION ( 'NONE',  ( 1.000000000000000000, 0.000000000000000000, 0.000000000000000000 ) ) ;
#7454 = CARTESIAN_POINT ( 'NONE',  ( -1.000000000000000000, 1.224646799147353207E-16, -68.00000000000000000 ) ) ;
#7455 = ORIENTED_EDGE ( 'NONE', *, *, #4861, .F. ) ;
#7456 = ORIENTED_EDGE ( 'NONE', *, *, #6760, .T. ) ;
#7457 = CIRCLE ( 'NONE', #3004, 3.904737509655567873 ) ;
#7458 = DIRECTION ( 'NONE',  ( 1.000000000000000000, 0.000000000000000000, 0.000000000000000000 ) ) ;
#7459 = CARTESIAN_POINT ( 'NONE',  ( -0.3140197199590832322, -4.685980280040913826, -121.4649636717130221 ) ) ;
#7460 = CARTESIAN_POINT ( 'NONE',  ( 0.008301598520829216871, -4.991698401479171210, -45.70374637061713230 ) ) ;
#7461 = CARTESIAN_POINT ( 'NONE',  ( 3.904737509655562544, 0.000000000000000000, -59.75000000000000000 ) ) ;
#7462 = CIRCLE ( 'NONE', #3460, 0.9999999999999993339 ) ;
#7463 = CIRCLE ( 'NONE', #1590, 1.000000000000000000 ) ;
#7464 = APPLICATION_PROTOCOL_DEFINITION ( 'international standard', 'config_control_design', 1994, #3338 ) ;
#7465 = ORIENTED_EDGE ( 'NONE', *, *, #8029, .F. ) ;
#7466 = CIRCLE ( 'NONE', #3869, 1.999999999999998224 ) ;
#7467 = VERTEX_POINT ( 'NONE', #1651 ) ;
#7468 = VECTOR ( 'NONE', #3029, 1000.000000000000000 ) ;
#7469 = CARTESIAN_POINT ( 'NONE',  ( 3.671958834454332354, -1.328041165545667868, -4.750000000000001776 ) ) ;
#7470 = CARTESIAN_POINT ( 'NONE',  ( 0.000000000000000000, 0.000000000000000000, 0.000000000000000000 ) ) ;
#7471 = ADVANCED_FACE ( 'NONE', ( #344 ), #3880, .F. ) ;
#7472 = DIRECTION ( 'NONE',  ( 1.000000000000000000, 0.000000000000000000, 0.000000000000000000 ) ) ;
#7473 = CARTESIAN_POINT ( 'NONE',  ( 4.284940244090484462, -0.7150597559095159816, -120.8009639027861226 ) ) ;
#7474 = EDGE_LOOP ( 'NONE', ( #1957, #4593, #3757, #3858 ) ) ;
#7475 = CARTESIAN_POINT ( 'NONE',  ( -1.328041165545656765, -3.671958834454343013, -120.2499999999999858 ) ) ;
#7476 = DIRECTION ( 'NONE',  ( -0.000000000000000000, -0.000000000000000000, 1.000000000000000000 ) ) ;
#7477 = AXIS2_PLACEMENT_3D ( 'NONE', #2358, #921, #2941 ) ;
#7478 = CIRCLE ( 'NONE', #7033, 4.000000000000001776 ) ;
#7479 = CARTESIAN_POINT ( 'NONE',  ( 0.000000000000000000, -5.000000000000000000, -62.50000000000000000 ) ) ;
#7480 = CARTESIAN_POINT ( 'NONE',  ( -1.016614237250531202E-12, -5.000000000001018741, -84.64684353042214582 ) ) ;
#7481 = DIRECTION ( 'NONE',  ( 1.000000000000000000, 0.000000000000000000, 0.000000000000000000 ) ) ;
#7482 = DIRECTION ( 'NONE',  ( 1.000000000000000000, 0.000000000000000000, 0.000000000000000000 ) ) ;
#7483 = AXIS2_PLACEMENT_3D ( 'NONE', #3214, #5321, #4016 ) ;
#7484 = EDGE_CURVE ( 'NONE', #6214, #7802, #6756, .T. ) ;
#7485 = FACE_OUTER_BOUND ( 'NONE', #395, .T. ) ;
#7486 = FACE_OUTER_BOUND ( 'NONE', #1990, .T. ) ;
#7487 = FACE_OUTER_BOUND ( 'NONE', #7887, .T. ) ;
#7488 = EDGE_CURVE ( 'NONE', #7450, #8395, #3141, .T. ) ;
#7489 = CARTESIAN_POINT ( 'NONE',  ( 0.9582157396373358615, -4.041784260362662806, -48.47622534969823249 ) ) ;
#7490 = CARTESIAN_POINT ( 'NONE',  ( -5.000000000000283329, 2.837136602470240626E-13, -18.50000000000020961 ) ) ;
#7491 = AXIS2_PLACEMENT_3D ( 'NONE', #1485, #6852, #7019 ) ;
#7492 = VERTEX_POINT ( 'NONE', #3126 ) ;
#7493 = CARTESIAN_POINT ( 'NONE',  ( -5.000000000000281553, 2.811725620256466210E-13, -68.00000000000021316 ) ) ;
#7494 = CARTESIAN_POINT ( 'NONE',  ( 2.382280164152718779E-17, -4.999999999999999112, -7.646843530448624193 ) ) ;
#7495 = DIRECTION ( 'NONE',  ( -0.000000000000000000, -0.000000000000000000, 1.000000000000000000 ) ) ;
#7496 = ADVANCED_FACE ( 'NONE', ( #1019 ), #2609, .T. ) ;
#7497 = DIRECTION ( 'NONE',  ( 1.000000000000000000, 0.000000000000000000, 0.000000000000000000 ) ) ;
#7498 = ORIENTED_EDGE ( 'NONE', *, *, #7963, .T. ) ;
#7499 = CIRCLE ( 'NONE', #6779, 1.999999999999998224 ) ;
#7500 = EDGE_LOOP ( 'NONE', ( #3840, #238, #2532, #1338 ) ) ;
#7501 = DIRECTION ( 'NONE',  ( -0.000000000000000000, -0.000000000000000000, 1.000000000000000000 ) ) ;
#7502 = CARTESIAN_POINT ( 'NONE',  ( -1.000000000000000000, 1.224646799147353207E-16, -84.50000000000000000 ) ) ;
#7503 = ORIENTED_EDGE ( 'NONE', *, *, #3267, .F. ) ;
#7504 = ORIENTED_EDGE ( 'NONE', *, *, #634, .T. ) ;
#7505 = DIRECTION ( 'NONE',  ( -0.000000000000000000, -0.000000000000000000, 1.000000000000000000 ) ) ;
#7506 = CARTESIAN_POINT ( 'NONE',  ( 3.904737509655567873, 0.000000000000000000, -87.25000000000000000 ) ) ;
#7507 = DIRECTION ( 'NONE',  ( 1.000000000000000000, 0.000000000000000000, 0.000000000000000000 ) ) ;
#7508 = DIRECTION ( 'NONE',  ( -0.000000000000000000, -0.000000000000000000, 1.000000000000000000 ) ) ;
#7509 = ORIENTED_EDGE ( 'NONE', *, *, #1262, .T. ) ;
#7510 = DIRECTION ( 'NONE',  ( 1.000000000000000000, 0.000000000000000000, 0.000000000000000000 ) ) ;
#7511 = CARTESIAN_POINT ( 'NONE',  ( 0.000000000000000000, 0.000000000000000000, -87.25000000000000000 ) ) ;
#7512 = CARTESIAN_POINT ( 'NONE',  ( 0.7176137099602469815, -4.282386290039752907, -60.29777126958475009 ) ) ;
#7513 = FACE_OUTER_BOUND ( 'NONE', #1578, .T. ) ;
#7514 = DIRECTION ( 'NONE',  ( 1.000000000000000000, 0.000000000000000000, 0.000000000000000000 ) ) ;
#7515 = ORIENTED_EDGE ( 'NONE', *, *, #7847, .F. ) ;
#7516 = CARTESIAN_POINT ( 'NONE',  ( 1.000000000000000000, 0.000000000000000000, -88.00000000000000000 ) ) ;
#7517 = CARTESIAN_POINT ( 'NONE',  ( 1.000000000000000000, 0.000000000000000000, -2.000000000000000000 ) ) ;
#7518 = CARTESIAN_POINT ( 'NONE',  ( -4.366408635906905644, -0.6335913640930941337, -21.89380044883598586 ) ) ;
#7519 = CARTESIAN_POINT ( 'NONE',  ( 0.000000000000000000, 0.000000000000000000, -110.0000000000000000 ) ) ;
#7520 = CARTESIAN_POINT ( 'NONE',  ( -3.671958834454343013, -1.328041165545656765, -103.7500000000000000 ) ) ;
#7521 = DIRECTION ( 'NONE',  ( -1.000000000000000000, 1.224646799147353207E-16, 0.000000000000000000 ) ) ;
#7522 = CARTESIAN_POINT ( 'NONE',  ( -4.991957775357462879, -0.008042224642537411025, -29.20753412542732264 ) ) ;
#7523 = CARTESIAN_POINT ( 'NONE',  ( 4.359865889258242255, -0.6401341107417586329, -37.10125045371349728 ) ) ;
#7524 = ORIENTED_EDGE ( 'NONE', *, *, #2103, .T. ) ;
#7525 = CARTESIAN_POINT ( 'NONE',  ( 0.1676550930162090114, -4.832344906983791155, -94.35453806257386589 ) ) ;
#7526 = CARTESIAN_POINT ( 'NONE',  ( 2.500000000000000000, -2.500000000000000000, 0.000000000000000000 ) ) ;
#7527 = CARTESIAN_POINT ( 'NONE',  ( -4.960065625082965113, -0.03993437491703669823, -111.4186897864757526 ) ) ;
#7528 = CARTESIAN_POINT ( 'NONE',  ( 4.840676868219843776, -0.1593231317801557245, -99.85321941568366810 ) ) ;
#7529 = EDGE_CURVE ( 'NONE', #604, #5242, #5191, .T. ) ;
#7530 = CARTESIAN_POINT ( 'NONE',  ( -4.740996707076430283, -0.2590032929235690506, -121.5954032727459122 ) ) ;
#7531 = CARTESIAN_POINT ( 'NONE',  ( 4.739198801701949293, -0.2608011982980512622, -102.4092377177944684 ) ) ;
#7532 = EDGE_CURVE ( 'NONE', #1816, #3312, #163, .T. ) ;
#7533 = CARTESIAN_POINT ( 'NONE',  ( -0.008301598520831909161, -4.991698401479168545, -40.20374637061713941 ) ) ;
#7534 = FACE_OUTER_BOUND ( 'NONE', #2098, .T. ) ;
#7535 = VERTEX_POINT ( 'NONE', #4477 ) ;
#7536 = ORIENTED_EDGE ( 'NONE', *, *, #8764, .T. ) ;
#7537 = CARTESIAN_POINT ( 'NONE',  ( 0.000000000000000000, 0.000000000000000000, -73.50000000000001421 ) ) ;
#7538 = CARTESIAN_POINT ( 'NONE',  ( -1.000000000000000000, 1.224646799147353207E-16, -90.00000000000000000 ) ) ;
#7539 = EDGE_CURVE ( 'NONE', #4173, #4996, #7325, .T. ) ;
#7540 = EDGE_LOOP ( 'NONE', ( #181, #3794, #2499 ) ) ;
#7541 = EDGE_CURVE ( 'NONE', #6903, #7896, #734, .T. ) ;
#7542 = ORIENTED_EDGE ( 'NONE', *, *, #5222, .T. ) ;
#7543 = CARTESIAN_POINT ( 'NONE',  ( -0.03993437491706595954, -4.960065625082934027, -19.08131021352448187 ) ) ;
#7544 = CARTESIAN_POINT ( 'NONE',  ( 0.000000000000000000, 0.000000000000000000, -108.4999999999999858 ) ) ;
#7545 = CIRCLE ( 'NONE', #4238, 0.9999999999999993339 ) ;
#7546 = CARTESIAN_POINT ( 'NONE',  ( 1.136863993906861880, -3.863136006093138786, -43.37121622079636296 ) ) ;
#7547 = CARTESIAN_POINT ( 'NONE',  ( -0.4321793203734922706, -4.567820679626507285, -44.22657376275979857 ) ) ;
#7548 = AXIS2_PLACEMENT_3D ( 'NONE', #436, #1831, #6624 ) ;
#7549 = EDGE_LOOP ( 'NONE', ( #1324, #460, #3901, #3532 ) ) ;
#7550 = CARTESIAN_POINT ( 'NONE',  ( 0.6335913640931311042, -4.366408635906869229, -75.60619955116406743 ) ) ;
#7551 = ORIENTED_EDGE ( 'NONE', *, *, #4008, .T. ) ;
#7552 = CARTESIAN_POINT ( 'NONE',  ( -5.000000000000285993, 2.863267262836209146E-13, -46.00000000000020606 ) ) ;
#7553 = CIRCLE ( 'NONE', #4839, 3.999999999999989786 ) ;
#7554 = DIRECTION ( 'NONE',  ( -0.000000000000000000, -0.000000000000000000, 1.000000000000000000 ) ) ;
#7555 = CARTESIAN_POINT ( 'NONE',  ( 0.000000000000000000, 0.000000000000000000, -120.2499999999999858 ) ) ;
#7556 = AXIS2_PLACEMENT_3D ( 'NONE', #7741, #7698, #1612 ) ;
#7557 = VERTEX_POINT ( 'NONE', #5669 ) ;
#7558 = CARTESIAN_POINT ( 'NONE',  ( 3.904737509655567873, 0.000000000000000000, -114.7499999999999858 ) ) ;
#7559 = CARTESIAN_POINT ( 'NONE',  ( -5.000000000000000000, 0.000000000000000000, -123.0000000000000000 ) ) ;
#7560 = CIRCLE ( 'NONE', #2968, 3.904737509655567873 ) ;
#7561 = CARTESIAN_POINT ( 'NONE',  ( 4.999999999999992006, -9.130379896690894842E-15, -29.64725720788726449 ) ) ;
#7562 = CARTESIAN_POINT ( 'NONE',  ( -4.686141179201310791, -0.3138588207986893752, -102.5346786877579603 ) ) ;
#7563 = CARTESIAN_POINT ( 'NONE',  ( -3.863136006094629149, -1.136863993905370629, -120.1287837792026920 ) ) ;
#7564 = CARTESIAN_POINT ( 'NONE',  ( 0.000000000000000000, 0.000000000000000000, -21.24999999999999645 ) ) ;
#7565 = CARTESIAN_POINT ( 'NONE',  ( 4.739198801701951957, -0.2608011982980473209, -36.40923771779444706 ) ) ;
#7566 = CARTESIAN_POINT ( 'NONE',  ( -0.1278684794971282346, -4.872131520502871460, -22.99259796946014589 ) ) ;
#7567 = DIRECTION ( 'NONE',  ( 1.000000000000000000, 0.000000000000000000, 0.000000000000000000 ) ) ;
#7568 = AXIS2_PLACEMENT_3D ( 'NONE', #602, #6109, #4135 ) ;
#7569 = CARTESIAN_POINT ( 'NONE',  ( 9.219953630863061163E-16, -4.999999999999999112, -18.35274279211299486 ) ) ;
#7570 = CYLINDRICAL_SURFACE ( 'NONE', #2043, 5.000000000000000000 ) ;
#7571 = CARTESIAN_POINT ( 'NONE',  ( -4.569376863670179922, -0.4306231363298201886, -121.2293401061886584 ) ) ;
#7572 = AXIS2_PLACEMENT_3D ( 'NONE', #1211, #438, #5415 ) ;
#7573 = CARTESIAN_POINT ( 'NONE',  ( 1.137203174285781326, -3.862796825714219118, -59.62899883711745730 ) ) ;
#7574 = CARTESIAN_POINT ( 'NONE',  ( 0.000000000000000000, 0.000000000000000000, -68.00000000000000000 ) ) ;
#7575 = DIRECTION ( 'NONE',  ( -0.000000000000000000, -0.000000000000000000, 1.000000000000000000 ) ) ;
#7576 = ORIENTED_EDGE ( 'NONE', *, *, #6676, .F. ) ;
#7577 = EDGE_CURVE ( 'NONE', #955, #8099, #3452, .T. ) ;
#7578 = ORIENTED_EDGE ( 'NONE', *, *, #4717, .T. ) ;
#7579 = DIRECTION ( 'NONE',  ( -0.7071067811865475727, 0.7071067811865475727, 0.000000000000000000 ) ) ;
#7580 = EDGE_CURVE ( 'NONE', #5705, #108, #4032, .T. ) ;
#7581 = AXIS2_PLACEMENT_3D ( 'NONE', #4076, #6138, #8205 ) ;
#7582 = CARTESIAN_POINT ( 'NONE',  ( 4.832344906989096245, -0.1676550930109043658, -14.14546193740919833 ) ) ;
#7583 = EDGE_CURVE ( 'NONE', #1708, #1550, #3592, .T. ) ;
#7584 = ORIENTED_EDGE ( 'NONE', *, *, #5706, .T. ) ;
#7585 = EDGE_CURVE ( 'NONE', #2744, #1811, #4401, .T. ) ;
#7586 = CARTESIAN_POINT ( 'NONE',  ( -4.739198801701949293, -0.2608011982980511512, -91.40923771779445417 ) ) ;
#7587 = CARTESIAN_POINT ( 'NONE',  ( 4.748219996434693613, -0.2517800035653064428, -72.09116362763015218 ) ) ;
#7588 = CARTESIAN_POINT ( 'NONE',  ( 4.739198801701951957, -0.2608011982980473209, -41.90923771779446128 ) ) ;
#7589 = AXIS2_PLACEMENT_3D ( 'NONE', #3605, #8362, #2178 ) ;
#7590 = CARTESIAN_POINT ( 'NONE',  ( -1.000000000000000000, 1.224646799147353207E-16, -40.50000000000000711 ) ) ;
#7591 = DIRECTION ( 'NONE',  ( -1.000000000000000000, 1.224646799147353207E-16, 0.000000000000000000 ) ) ;
#7592 = CARTESIAN_POINT ( 'NONE',  ( 0.2517800035594076058, -4.748219996440592894, -91.40883637235552328 ) ) ;
#7593 = ADVANCED_FACE ( 'NONE', ( #5274 ), #7745, .T. ) ;
#7594 = EDGE_CURVE ( 'NONE', #1514, #5745, #15, .T. ) ;
#7595 = AXIS2_PLACEMENT_3D ( 'NONE', #5250, #1848, #8699 ) ;
#7596 = ORIENTED_EDGE ( 'NONE', *, *, #2918, .T. ) ;
#7597 = B_SPLINE_CURVE_WITH_KNOTS ( 'NONE', 3,
 ( #5087, #5710, #7778, #2261, #291, #4364, #872, #7653, #7732, #6299, #4918, #7011 ),
 .UNSPECIFIED., .F., .F.,
 ( 4, 2, 2, 2, 2, 4 ),
 ( 0.003504634718750183030, 0.003941423334025067476, 0.004378211949299951056, 0.005251789179849720816, 0.006125366410399489710, 0.006998943640949258603 ),
 .UNSPECIFIED. ) ;
#7598 = CARTESIAN_POINT ( 'NONE',  ( -5.000000000000007105, 5.907101895033082199E-15, -84.35315646955164937 ) ) ;
#7599 = TOROIDAL_SURFACE ( 'NONE', #7728, 1.000000000000000000, 3.999999999999996447 ) ;
#7600 = CIRCLE ( 'NONE', #4453, 0.9999999999999986677 ) ;
#7601 = ADVANCED_FACE ( 'NONE', ( #5903 ), #3021, .F. ) ;
#7602 = DIRECTION ( 'NONE',  ( 1.000000000000000000, 0.000000000000000000, 0.000000000000000000 ) ) ;
#7603 = CARTESIAN_POINT ( 'NONE',  ( 4.967796004299648516, -0.03220399570035233083, -122.4154637256984870 ) ) ;
#7604 = ORIENTED_EDGE ( 'NONE', *, *, #702, .F. ) ;
#7605 = CARTESIAN_POINT ( 'NONE',  ( 0.9582157396373103264, -4.041784260362688563, -81.47622534969818275 ) ) ;
#7606 = CARTESIAN_POINT ( 'NONE',  ( -0.2608011982979995813, -4.739198801702001695, -6.090762282205671063 ) ) ;
#7607 = CIRCLE ( 'NONE', #1020, 4.000000000000000000 ) ;
#7608 = AXIS2_PLACEMENT_3D ( 'NONE', #6835, #2079, #2799 ) ;
#7609 = DIRECTION ( 'NONE',  ( -0.000000000000000000, -0.000000000000000000, 1.000000000000000000 ) ) ;
#7610 = CARTESIAN_POINT ( 'NONE',  ( -4.960065625082964225, -0.03993437491703551168, -50.91868978647571709 ) ) ;
#7611 = CARTESIAN_POINT ( 'NONE',  ( -4.739198801701949293, -0.2608011982980511512, -118.9092377177944400 ) ) ;
#7612 = EDGE_CURVE ( 'NONE', #6903, #5967, #7616, .T. ) ;
#7613 = ADVANCED_FACE ( 'NONE', ( #3302 ), #8615, .T. ) ;
#7614 = CARTESIAN_POINT ( 'NONE',  ( -3.671958834454335019, -1.328041165545665203, -26.75000000000000355 ) ) ;
#7615 = CARTESIAN_POINT ( 'NONE',  ( 0.000000000000000000, -5.000000000000000000, -13.00000000000000533 ) ) ;
#7616 = CIRCLE ( 'NONE', #305, 3.904737509655567873 ) ;
#7617 = CARTESIAN_POINT ( 'NONE',  ( 1.136863993906870762, -3.863136006093128128, -92.87121622079632743 ) ) ;
#7618 = DIRECTION ( 'NONE',  ( 0.000000000000000000, -1.000000000000000000, 0.000000000000000000 ) ) ;
#7619 = CARTESIAN_POINT ( 'NONE',  ( 3.671958834454338572, -1.328041165545661428, -21.24999999999999645 ) ) ;
#7620 = DIRECTION ( 'NONE',  ( 1.000000000000000000, 0.000000000000000000, 0.000000000000000000 ) ) ;
#7621 = CARTESIAN_POINT ( 'NONE',  ( -0.03993437491367648334, -4.960065625086322427, -112.5813102135018227 ) ) ;
#7622 = AXIS2_PLACEMENT_3D ( 'NONE', #6840, #8705, #2481 ) ;
#7623 = CARTESIAN_POINT ( 'NONE',  ( 0.2517800035653544599, -4.748219996434644763, -58.40883637236998993 ) ) ;
#7624 = CARTESIAN_POINT ( 'NONE',  ( -4.999999999999992006, -9.191789785366830039E-15, -62.64725720788725738 ) ) ;
#7625 = EDGE_CURVE ( 'NONE', #4775, #3319, #566, .T. ) ;
#7626 = VERTEX_POINT ( 'NONE', #8009 ) ;
#7627 = ORIENTED_EDGE ( 'NONE', *, *, #6057, .T. ) ;
#7628 = CARTESIAN_POINT ( 'NONE',  ( 4.040089233413048930, -0.9599107665869512918, -20.97763427936022040 ) ) ;
#7629 = AXIS2_PLACEMENT_3D ( 'NONE', #621, #6133, #6090 ) ;
#7630 = CARTESIAN_POINT ( 'NONE',  ( 1.328041165545656765, -3.671958834454343013, -81.74999999999998579 ) ) ;
#7631 = ORIENTED_EDGE ( 'NONE', *, *, #1729, .T. ) ;
#7632 = ORIENTED_EDGE ( 'NONE', *, *, #321, .T. ) ;
#7633 = EDGE_CURVE ( 'NONE', #5224, #2726, #8640, .T. ) ;
#7634 = CARTESIAN_POINT ( 'NONE',  ( -0.06404366728014407317, -4.935956332719856121, -19.22559813401497308 ) ) ;
#7635 = CARTESIAN_POINT ( 'NONE',  ( -4.935408751172081665, -0.06459124882791912603, -46.72834765084402875 ) ) ;
#7636 = CIRCLE ( 'NONE', #5621, 3.904737509655567873 ) ;
#7637 = DIRECTION ( 'NONE',  ( 1.000000000000000000, 0.000000000000000000, 0.000000000000000000 ) ) ;
#7638 = CARTESIAN_POINT ( 'NONE',  ( 4.959369330385070107, -0.04063066961493031620, -68.58613448345570873 ) ) ;
#7639 = CARTESIAN_POINT ( 'NONE',  ( 0.000000000000000000, 0.000000000000000000, -51.50000000000000711 ) ) ;
#7640 = ORIENTED_EDGE ( 'NONE', *, *, #6605, .F. ) ;
#7641 = EDGE_CURVE ( 'NONE', #7467, #3989, #605, .T. ) ;
#7642 = DIRECTION ( 'NONE',  ( -0.000000000000000000, -0.000000000000000000, 1.000000000000000000 ) ) ;
#7643 = ADVANCED_FACE ( 'NONE', ( #1156 ), #4177, .F. ) ;
#7644 = CARTESIAN_POINT ( 'NONE',  ( 0.000000000000000000, 0.000000000000000000, -68.00000000000000000 ) ) ;
#7645 = CYLINDRICAL_SURFACE ( 'NONE', #6700, 0.9999999999999986677 ) ;
#7646 = CARTESIAN_POINT ( 'NONE',  ( 0.06404366727607954668, -4.935956332723921314, -96.22559813399345785 ) ) ;
#7647 = ORIENTED_EDGE ( 'NONE', *, *, #7768, .T. ) ;
#7648 = DIRECTION ( 'NONE',  ( -0.000000000000000000, -0.000000000000000000, 1.000000000000000000 ) ) ;
#7649 = ORIENTED_EDGE ( 'NONE', *, *, #3683, .F. ) ;
#7650 = ADVANCED_FACE ( 'NONE', ( #4703 ), #3926, .F. ) ;
#7651 = CARTESIAN_POINT ( 'NONE',  ( -1.137203174284255436, -3.862796825715746341, -92.62899883711648386 ) ) ;
#7652 = CARTESIAN_POINT ( 'NONE',  ( 4.508466212578269072, -0.4915337874217309277, -77.10623519306797391 ) ) ;
#7653 = CARTESIAN_POINT ( 'NONE',  ( 4.508466212578261967, -0.4915337874217372560, -82.60623519306795970 ) ) ;
#7654 = CARTESIAN_POINT ( 'NONE',  ( 0.000000000000000000, -5.000000000000000000, -24.00000000000000711 ) ) ;
#7655 = DIRECTION ( 'NONE',  ( -0.000000000000000000, -0.000000000000000000, 1.000000000000000000 ) ) ;
#7656 = CARTESIAN_POINT ( 'NONE',  ( 0.008301598520836291073, -4.991698401479165881, -95.20374637061715362 ) ) ;
#7657 = CARTESIAN_POINT ( 'NONE',  ( 1.328041165545665203, -3.671958834454335019, -26.75000000000000355 ) ) ;
#7658 = DIRECTION ( 'NONE',  ( -0.000000000000000000, -0.000000000000000000, 1.000000000000000000 ) ) ;
#7659 = DIRECTION ( 'NONE',  ( -0.000000000000000000, -0.000000000000000000, 1.000000000000000000 ) ) ;
#7660 = EDGE_CURVE ( 'NONE', #3704, #7796, #4315, .T. ) ;
#7661 = CYLINDRICAL_SURFACE ( 'NONE', #7445, 0.9999999999999995559 ) ;
#7662 = DIRECTION ( 'NONE',  ( 0.000000000000000000, -1.000000000000000000, 0.000000000000000000 ) ) ;
#7663 = VERTEX_POINT ( 'NONE', #4657 ) ;
#7664 = ORIENTED_EDGE ( 'NONE', *, *, #5502, .T. ) ;
#7665 = DIRECTION ( 'NONE',  ( -0.7071067811865474617, -0.7071067811865474617, 0.000000000000000000 ) ) ;
#7666 = CARTESIAN_POINT ( 'NONE',  ( 0.04063066961830684443, -4.959369330381691476, -83.91386551652199444 ) ) ;
#7667 = ORIENTED_EDGE ( 'NONE', *, *, #230, .T. ) ;
#7668 = FACE_OUTER_BOUND ( 'NONE', #1377, .T. ) ;
#7669 = CARTESIAN_POINT ( 'NONE',  ( 3.671958834454343013, -1.328041165545656987, -70.75000000000000000 ) ) ;
#7670 = CARTESIAN_POINT ( 'NONE',  ( -4.991698401481086123, -0.008301598518914057867, -46.29625362935771449 ) ) ;
#7671 = CARTESIAN_POINT ( 'NONE',  ( 4.739198801701949293, -0.2608011982980512622, -69.40923771779445417 ) ) ;
#7672 = CARTESIAN_POINT ( 'NONE',  ( 0.6335913640883061859, -4.366408635911693814, -92.10619955115775781 ) ) ;
#7673 = EDGE_LOOP ( 'NONE', ( #7834, #4433, #6641 ) ) ;
#7674 = AXIS2_PLACEMENT_3D ( 'NONE', #5084, #7816, #8754 ) ;
#7675 = CARTESIAN_POINT ( 'NONE',  ( -5.000000000000281553, 2.811725620256466210E-13, -112.0000000000002132 ) ) ;
#7676 = CARTESIAN_POINT ( 'NONE',  ( 0.000000000000000000, -5.000000000000000000, -51.49999999997221067 ) ) ;
#7677 = LINE ( 'NONE', #2929, #6607 ) ;
#7678 = ORIENTED_EDGE ( 'NONE', *, *, #2440, .F. ) ;
#7679 = EDGE_CURVE ( 'NONE', #5797, #3133, #2310, .T. ) ;
#7680 = TOROIDAL_SURFACE ( 'NONE', #7548, 1.000000000000000000, 3.999999999999996447 ) ;
#7681 = ADVANCED_FACE ( 'NONE', ( #7430 ), #2036, .T. ) ;
#7682 = DIRECTION ( 'NONE',  ( -0.000000000000000000, -0.000000000000000000, 1.000000000000000000 ) ) ;
#7683 = ADVANCED_FACE ( 'NONE', ( #8810 ), #7082, .F. ) ;
#7684 = ORIENTED_EDGE ( 'NONE', *, *, #1294, .F. ) ;
#7685 = EDGE_CURVE ( 'NONE', #7833, #2341, #6328, .T. ) ;
#7686 = CARTESIAN_POINT ( 'NONE',  ( -0.4915337874163011600, -4.508466212583699395, -91.89376480692347116 ) ) ;
#7687 = AXIS2_PLACEMENT_3D ( 'NONE', #4055, #6790, #2758 ) ;
#7688 = DIRECTION ( 'NONE',  ( 0.000000000000000000, 0.000000000000000000, -1.000000000000000000 ) ) ;
#7689 = CIRCLE ( 'NONE', #7256, 4.000000000000003553 ) ;
#7690 = CARTESIAN_POINT ( 'NONE',  ( -1.328041165545648550, -3.671958834454351450, -65.24999999999998579 ) ) ;
#7691 = CARTESIAN_POINT ( 'NONE',  ( -5.000000000000284217, 2.844327595795845334E-13, -7.500000000000213163 ) ) ;
#7692 = CARTESIAN_POINT ( 'NONE',  ( -0.008301598518898225046, -4.991698401481102110, -23.70374637064251289 ) ) ;
#7693 = CARTESIAN_POINT ( 'NONE',  ( -4.935408751172076336, -0.06459124882792278977, -112.7283476508440145 ) ) ;
#7694 = EDGE_CURVE ( 'NONE', #3491, #776, #906, .T. ) ;
#7695 = CARTESIAN_POINT ( 'NONE',  ( 5.000000000000283329, 2.838280096949033931E-13, -24.00000000000021316 ) ) ;
#7696 = AXIS2_PLACEMENT_3D ( 'NONE', #6373, #4405, #3722 ) ;
#7697 = CARTESIAN_POINT ( 'NONE',  ( -5.000000000000007105, 5.905196070901760024E-15, -106.3531564695516352 ) ) ;
#7698 = DIRECTION ( 'NONE',  ( -0.000000000000000000, -0.000000000000000000, 1.000000000000000000 ) ) ;
#7699 = CARTESIAN_POINT ( 'NONE',  ( 0.000000000000000000, 0.000000000000000000, -76.25000000000000000 ) ) ;
#7700 = CARTESIAN_POINT ( 'NONE',  ( 1.137203174284271423, -3.862796825715729909, -43.12899883711651228 ) ) ;
#7701 = AXIS2_PLACEMENT_3D ( 'NONE', #141, #2201, #4392 ) ;
#7702 = CARTESIAN_POINT ( 'NONE',  ( 4.366408635906907421, -0.6335913640930939117, -49.39380044883598941 ) ) ;
#7703 = ORIENTED_EDGE ( 'NONE', *, *, #6099, .F. ) ;
#7704 = ORIENTED_EDGE ( 'NONE', *, *, #6249, .T. ) ;
#7705 = DIRECTION ( 'NONE',  ( -0.000000000000000000, -0.000000000000000000, 1.000000000000000000 ) ) ;
#7706 = DIRECTION ( 'NONE',  ( -0.000000000000000000, -0.000000000000000000, 1.000000000000000000 ) ) ;
#7707 = VERTEX_POINT ( 'NONE', #6411 ) ;
#7708 = CIRCLE ( 'NONE', #1427, 4.000000000000000000 ) ;
#7709 = CARTESIAN_POINT ( 'NONE',  ( -1.137203174284270757, -3.862796825715730353, -43.12899883711651228 ) ) ;
#7710 = CARTESIAN_POINT ( 'NONE',  ( 4.282386290039723598, -0.7176137099602754033, -64.70222873041525702 ) ) ;
#7711 = DIRECTION ( 'NONE',  ( 0.000000000000000000, -1.000000000000000000, 0.000000000000000000 ) ) ;
#7712 = AXIS2_PLACEMENT_3D ( 'NONE', #4443, #1764, #3760 ) ;
#7713 = EDGE_CURVE ( 'NONE', #2441, #6072, #4899, .T. ) ;
#7714 = CARTESIAN_POINT ( 'NONE',  ( -5.000000000000283329, 2.838313978266924103E-13, -24.00000000000021316 ) ) ;
#7715 = CARTESIAN_POINT ( 'NONE',  ( 3.671958834454343013, -1.328041165545656987, -70.75000000000000000 ) ) ;
#7716 = DIRECTION ( 'NONE',  ( -0.000000000000000000, -0.000000000000000000, 1.000000000000000000 ) ) ;
#7717 = ORIENTED_EDGE ( 'NONE', *, *, #1924, .T. ) ;
#7718 = CIRCLE ( 'NONE', #8584, 0.9999999999999993339 ) ;
#7719 = CARTESIAN_POINT ( 'NONE',  ( 0.9999999999999993339, 0.000000000000000000, -108.4999999999999858 ) ) ;
#7720 = CARTESIAN_POINT ( 'NONE',  ( 0.9999999999999995559, 0.000000000000000000, 0.000000000000000000 ) ) ;
#7721 = CARTESIAN_POINT ( 'NONE',  ( -4.041784260359808201, -0.9582157396401930205, -71.02377465029934456 ) ) ;
#7722 = ORIENTED_EDGE ( 'NONE', *, *, #5933, .F. ) ;
#7723 = AXIS2_PLACEMENT_3D ( 'NONE', #1150, #476, #340 ) ;
#7724 = CARTESIAN_POINT ( 'NONE',  ( 3.863136006094629149, -1.136863993905370185, -114.6287837792026778 ) ) ;
#7725 = ORIENTED_EDGE ( 'NONE', *, *, #1347, .T. ) ;
#7726 = CARTESIAN_POINT ( 'NONE',  ( -1.328041165545656765, -3.671958834454343013, -103.7500000000000000 ) ) ;
#7727 = EDGE_CURVE ( 'NONE', #5081, #7817, #2442, .T. ) ;
#7728 = AXIS2_PLACEMENT_3D ( 'NONE', #4503, #7228, #328 ) ;
#7729 = ORIENTED_EDGE ( 'NONE', *, *, #3279, .F. ) ;
#7730 = TOROIDAL_SURFACE ( 'NONE', #6161, 1.000000000000000000, 3.999999999999996447 ) ;
#7731 = CARTESIAN_POINT ( 'NONE',  ( -3.904737509655567873, 4.781924292710298509E-16, -114.7499999999999858 ) ) ;
#7732 = CARTESIAN_POINT ( 'NONE',  ( 4.366408635906906532, -0.6335913640930934676, -82.39380044883601784 ) ) ;
#7733 = CARTESIAN_POINT ( 'NONE',  ( -0.9599107665869273109, -4.040089233413072023, -115.0223657206397974 ) ) ;
#7734 = CARTESIAN_POINT ( 'NONE',  ( -3.671958834454343013, -1.328041165545656765, -70.75000000000000000 ) ) ;
#7735 = DIRECTION ( 'NONE',  ( 1.000000000000000000, 0.000000000000000000, 0.000000000000000000 ) ) ;
#7736 = CARTESIAN_POINT ( 'NONE',  ( -0.06459124883189691635, -4.935408751168103514, -28.77165234913500669 ) ) ;
#7737 = CARTESIAN_POINT ( 'NONE',  ( -4.040089233413053371, -0.9599107665869468509, -37.47763427936023106 ) ) ;
#7738 = AXIS2_PLACEMENT_3D ( 'NONE', #2066, #8704, #8083 ) ;
#7739 = VECTOR ( 'NONE', #1361, 1000.000000000000000 ) ;
#7740 = CARTESIAN_POINT ( 'NONE',  ( -0.3138588208043030514, -4.686141179195698392, -93.96532131222953410 ) ) ;
#7741 = CARTESIAN_POINT ( 'NONE',  ( 0.000000000000000000, 0.000000000000000000, -56.99999999999999289 ) ) ;
#7742 = EDGE_CURVE ( 'NONE', #2021, #5708, #2717, .T. ) ;
#7743 = CARTESIAN_POINT ( 'NONE',  ( -0.9999999999999993339, 1.224646799147353207E-16, -97.49999999999998579 ) ) ;
#7744 = CARTESIAN_POINT ( 'NONE',  ( -1.000000000000000000, 1.224646799147353207E-16, -79.00000000000000000 ) ) ;
#7745 = TOROIDAL_SURFACE ( 'NONE', #5742, 1.000000000000000000, 3.999999999999996447 ) ;
#7746 = AXIS2_PLACEMENT_3D ( 'NONE', #3680, #1549, #6469 ) ;
#7747 = CARTESIAN_POINT ( 'NONE',  ( 3.671958834454342124, -1.328041165545657876, -54.25000000000000000 ) ) ;
#7748 = DIRECTION ( 'NONE',  ( 1.000000000000000000, 0.000000000000000000, 0.000000000000000000 ) ) ;
#7749 = ORIENTED_EDGE ( 'NONE', *, *, #2890, .T. ) ;
#7750 = EDGE_CURVE ( 'NONE', #6778, #6333, #4475, .T. ) ;
#7751 = EDGE_LOOP ( 'NONE', ( #3916, #5389, #6945 ) ) ;
#7752 = CARTESIAN_POINT ( 'NONE',  ( 4.502552532152130027, -0.4974474678478674750, -20.38672757692826210 ) ) ;
#7753 = CARTESIAN_POINT ( 'NONE',  ( 4.282386290039716492, -0.7176137099602823977, -15.20222873041528189 ) ) ;
#7754 = AXIS2_PLACEMENT_3D ( 'NONE', #993, #3715, #8521 ) ;
#7755 = ORIENTED_EDGE ( 'NONE', *, *, #1805, .T. ) ;
#7756 = CIRCLE ( 'NONE', #2886, 1.000000000000000000 ) ;
#7757 = VERTEX_POINT ( 'NONE', #225 ) ;
#7758 = CARTESIAN_POINT ( 'NONE',  ( 4.686141179201310791, -0.3138588207986893752, -86.03467868775797456 ) ) ;
#7759 = CARTESIAN_POINT ( 'NONE',  ( -3.863093288486651566, -1.136906711513350210, -4.628810864376921685 ) ) ;
#7760 = DIRECTION ( 'NONE',  ( 1.000000000000000000, 0.000000000000000000, 0.000000000000000000 ) ) ;
#7761 = TOROIDAL_SURFACE ( 'NONE', #3185, 1.000000000000000000, 1.999999999999994893 ) ;
#7762 = DIRECTION ( 'NONE',  ( 1.000000000000000000, 0.000000000000000000, 0.000000000000000000 ) ) ;
#7763 = DIRECTION ( 'NONE',  ( 1.000000000000000000, 0.000000000000000000, 0.000000000000000000 ) ) ;
#7764 = CARTESIAN_POINT ( 'NONE',  ( 1.136863993906865655, -3.863136006093133901, -37.87121622079637007 ) ) ;
#7765 = CARTESIAN_POINT ( 'NONE',  ( -0.2517800035653544599, -4.748219996434644763, -14.40883637236998283 ) ) ;
#7766 = ORIENTED_EDGE ( 'NONE', *, *, #6956, .T. ) ;
#7767 = AXIS2_PLACEMENT_3D ( 'NONE', #2846, #4826, #109 ) ;
#7768 = EDGE_CURVE ( 'NONE', #497, #1322, #3458, .T. ) ;
#7769 = CARTESIAN_POINT ( 'NONE',  ( -4.508466212578265520, -0.4915337874217332037, -11.10623519306795437 ) ) ;
#7770 = CARTESIAN_POINT ( 'NONE',  ( -3.671958834454335019, -1.328041165545665203, -26.75000000000000355 ) ) ;
#7771 = DIRECTION ( 'NONE',  ( -0.000000000000000000, -0.000000000000000000, 1.000000000000000000 ) ) ;
#7772 = ORIENTED_EDGE ( 'NONE', *, *, #8293, .F. ) ;
#7773 = CARTESIAN_POINT ( 'NONE',  ( 4.935408751172076336, -0.06459124882792298405, -112.7283476508440145 ) ) ;
#7774 = ORIENTED_EDGE ( 'NONE', *, *, #7583, .F. ) ;
#7775 = CARTESIAN_POINT ( 'NONE',  ( -0.008042224640654392978, -4.991957775359346705, -90.29246587454757389 ) ) ;
#7776 = ORIENTED_EDGE ( 'NONE', *, *, #783, .T. ) ;
#7777 = CARTESIAN_POINT ( 'NONE',  ( 4.748219996434698054, -0.2517800035653025015, -77.59116362763018060 ) ) ;
#7778 = CARTESIAN_POINT ( 'NONE',  ( 4.991957775357460214, -0.008042224642539515245, -84.20753412542731553 ) ) ;
#7779 = CARTESIAN_POINT ( 'NONE',  ( -0.1676550930108605120, -4.832344906989140654, -116.3545380625909758 ) ) ;
#7780 = DIRECTION ( 'NONE',  ( 1.000000000000000000, 0.000000000000000000, 0.000000000000000000 ) ) ;
#7781 = LINE ( 'NONE', #7149, #1562 ) ;
#7782 = CARTESIAN_POINT ( 'NONE',  ( -3.863136006094629149, -1.136863993905370629, -114.6287837792026778 ) ) ;
#7783 = CARTESIAN_POINT ( 'NONE',  ( -4.041784260359808201, -0.9582157396401930205, -98.52377465029930192 ) ) ;
#7784 = CARTESIAN_POINT ( 'NONE',  ( -1.000000000000000000, 1.224646799147353207E-16, -117.5000000000000000 ) ) ;
#7785 = DIRECTION ( 'NONE',  ( -0.000000000000000000, -0.000000000000000000, 1.000000000000000000 ) ) ;
#7786 = DIRECTION ( 'NONE',  ( -0.000000000000000000, -0.000000000000000000, 1.000000000000000000 ) ) ;
#7787 = FACE_OUTER_BOUND ( 'NONE', #4435, .T. ) ;
#7788 = CARTESIAN_POINT ( 'NONE',  ( 3.671958834454342124, -1.328041165545657876, -37.75000000000000000 ) ) ;
#7789 = CARTESIAN_POINT ( 'NONE',  ( -4.041784260359809089, -0.9582157396401908001, -76.52377465029930192 ) ) ;
#7790 = EDGE_LOOP ( 'NONE', ( #4806, #7400, #7627 ) ) ;
#7791 = VERTEX_POINT ( 'NONE', #2765 ) ;
#7792 = ORIENTED_EDGE ( 'NONE', *, *, #6839, .F. ) ;
#7793 = CARTESIAN_POINT ( 'NONE',  ( -0.9999999999999993339, 1.224646799147353207E-16, -26.00000000000000000 ) ) ;
#7794 = ADVANCED_FACE ( 'NONE', ( #2962 ), #5609, .T. ) ;
#7795 = CARTESIAN_POINT ( 'NONE',  ( -4.840676868219848217, -0.1593231317801526159, -6.353219415683637017 ) ) ;
#7796 = VERTEX_POINT ( 'NONE', #945 ) ;
#7797 = ORIENTED_EDGE ( 'NONE', *, *, #5886, .T. ) ;
#7798 = EDGE_CURVE ( 'NONE', #641, #7397, #7183, .T. ) ;
#7799 = CARTESIAN_POINT ( 'NONE',  ( 4.999999999999986677, -1.267690684684465825E-14, -84.64725720788726449 ) ) ;
#7800 = FACE_OUTER_BOUND ( 'NONE', #6355, .T. ) ;
#7801 = CARTESIAN_POINT ( 'NONE',  ( 3.671958834454343013, -1.328041165545656987, -87.25000000000000000 ) ) ;
#7802 = VERTEX_POINT ( 'NONE', #7558 ) ;
#7803 = CARTESIAN_POINT ( 'NONE',  ( -0.3138588208043030514, -4.686141179195698392, -110.4653213122295483 ) ) ;
#7804 = CARTESIAN_POINT ( 'NONE',  ( 0.06404366728014346255, -4.935956332719857897, -13.72559813401497308 ) ) ;
#7805 = DIRECTION ( 'NONE',  ( -0.000000000000000000, -0.000000000000000000, 1.000000000000000000 ) ) ;
#7806 = EDGE_CURVE ( 'NONE', #6340, #5243, #4772, .T. ) ;
#7807 = CARTESIAN_POINT ( 'NONE',  ( -0.06404366727605258214, -4.935956332723947071, -79.72559813399331574 ) ) ;
#7808 = ORIENTED_EDGE ( 'NONE', *, *, #1947, .T. ) ;
#7809 = CARTESIAN_POINT ( 'NONE',  ( 0.000000000000000000, 0.000000000000000000, -51.50000000000000711 ) ) ;
#7810 = CARTESIAN_POINT ( 'NONE',  ( -0.3138588208042985550, -4.686141179195700168, -49.96532131222954831 ) ) ;
#7811 = CARTESIAN_POINT ( 'NONE',  ( 0.008042224640668390462, -4.991957775359332494, -95.79246587454774442 ) ) ;
#7812 = ORIENTED_EDGE ( 'NONE', *, *, #1347, .F. ) ;
#7813 = CARTESIAN_POINT ( 'NONE',  ( 4.040089233413053371, -0.9599107665869472950, -114.4776342793601884 ) ) ;
#7814 = AXIS2_PLACEMENT_3D ( 'NONE', #6277, #4385, #7072 ) ;
#7815 = EDGE_LOOP ( 'NONE', ( #2966, #7226, #4628 ) ) ;
#7816 = DIRECTION ( 'NONE',  ( -0.000000000000000000, -0.000000000000000000, 1.000000000000000000 ) ) ;
#7817 = VERTEX_POINT ( 'NONE', #6797 ) ;
#7818 = CARTESIAN_POINT ( 'NONE',  ( 4.935956332719889872, -0.06404366728011047505, -116.7744018659851974 ) ) ;
#7819 = DIRECTION ( 'NONE',  ( 1.000000000000000000, 0.000000000000000000, 0.000000000000000000 ) ) ;
#7820 = CIRCLE ( 'NONE', #96, 4.000000000000000000 ) ;
#7821 = CARTESIAN_POINT ( 'NONE',  ( -4.872131520502827051, -0.1278684794971737537, -25.00740203054003530 ) ) ;
#7822 = DIRECTION ( 'NONE',  ( 1.000000000000000000, 0.000000000000000000, 0.000000000000000000 ) ) ;
#7823 = DIRECTION ( 'NONE',  ( 1.000000000000000000, 0.000000000000000000, 0.000000000000000000 ) ) ;
#7824 = CARTESIAN_POINT ( 'NONE',  ( -4.359865889258244920, -0.6401341107417566345, -114.1012504537135186 ) ) ;
#7825 = CARTESIAN_POINT ( 'NONE',  ( 1.858178528039120876E-16, -4.999999999999999112, -7.646843530448624193 ) ) ;
#7826 = CARTESIAN_POINT ( 'NONE',  ( -4.748219996434698054, -0.2517800035653024460, -66.59116362763016639 ) ) ;
#7827 = AXIS2_PLACEMENT_3D ( 'NONE', #4720, #712, #3442 ) ;
#7828 = CARTESIAN_POINT ( 'NONE',  ( -0.008042224640668277705, -4.991957775359332494, -101.2924658745477444 ) ) ;
#7829 = CARTESIAN_POINT ( 'NONE',  ( -1.328041165545665203, -3.671958834454335019, -26.75000000000000355 ) ) ;
#7830 = FACE_OUTER_BOUND ( 'NONE', #8118, .T. ) ;
#7831 = CARTESIAN_POINT ( 'NONE',  ( 0.9568518272744570563, -4.043148172725541833, -4.474722322286244669 ) ) ;
#7832 = CARTESIAN_POINT ( 'NONE',  ( 0.000000000000000000, -5.000000000000000000, -51.49999999997221067 ) ) ;
#7833 = VERTEX_POINT ( 'NONE', #8185 ) ;
#7834 = ORIENTED_EDGE ( 'NONE', *, *, #8507, .F. ) ;
#7835 = CIRCLE ( 'NONE', #8543, 3.904737509655563876 ) ;
#7836 = ORIENTED_EDGE ( 'NONE', *, *, #7068, .T. ) ;
#7837 = CIRCLE ( 'NONE', #5836, 1.999999999999998224 ) ;
#7838 = DIRECTION ( 'NONE',  ( -0.000000000000000000, -0.000000000000000000, 1.000000000000000000 ) ) ;
#7839 = ORIENTED_EDGE ( 'NONE', *, *, #7580, .T. ) ;
#7840 = DIRECTION ( 'NONE',  ( 0.000000000000000000, 0.000000000000000000, -1.000000000000000000 ) ) ;
#7841 = AXIS2_PLACEMENT_3D ( 'NONE', #2887, #6162, #2760 ) ;
#7842 = CARTESIAN_POINT ( 'NONE',  ( 4.832344906989098021, -0.1676550930109025062, -63.64546193740920899 ) ) ;
#7843 = CARTESIAN_POINT ( 'NONE',  ( 0.000000000000000000, -5.000000000000000000, -78.99999999997200462 ) ) ;
#7844 = EDGE_CURVE ( 'NONE', #5224, #2593, #5895, .T. ) ;
#7845 = CARTESIAN_POINT ( 'NONE',  ( 0.000000000000000000, 0.000000000000000000, -109.2499999999999858 ) ) ;
#7846 = ORIENTED_EDGE ( 'NONE', *, *, #828, .T. ) ;
#7847 = EDGE_CURVE ( 'NONE', #3491, #857, #2504, .T. ) ;
#7848 = CARTESIAN_POINT ( 'NONE',  ( 4.960065625082963336, -0.03993437491703660802, -111.4186897864756958 ) ) ;
#7849 = CARTESIAN_POINT ( 'NONE',  ( -4.840676868219848217, -0.1593231317801519220, -39.35321941568363258 ) ) ;
#7850 = EDGE_CURVE ( 'NONE', #782, #8746, #4618, .T. ) ;
#7851 = CARTESIAN_POINT ( 'NONE',  ( 0.008301598520832060082, -4.991698401479168545, -40.20374637061713941 ) ) ;
#7852 = VECTOR ( 'NONE', #2183, 1000.000000000000000 ) ;
#7853 = CARTESIAN_POINT ( 'NONE',  ( -0.6335913640883067410, -4.366408635911693814, -81.10619955115775781 ) ) ;
#7854 = ORIENTED_EDGE ( 'NONE', *, *, #4795, .F. ) ;
#7855 = B_SPLINE_CURVE_WITH_KNOTS ( 'NONE', 3,
 ( #3384, #1431, #8776, #2049, #6044, #6126, #6082, #6761, #3308, #6210, #616, #8812 ),
 .UNSPECIFIED., .F., .F.,
 ( 4, 2, 2, 2, 2, 4 ),
 ( 0.003504634718722794782, 0.003941423334001104874, 0.004378211949279414532, 0.005251789179836034716, 0.006125366410392654899, 0.006998943640949275083 ),
 .UNSPECIFIED. ) ;
#7856 = CARTESIAN_POINT ( 'NONE',  ( 0.000000000000000000, 0.000000000000000000, -7.500000000000003553 ) ) ;
#7857 = ADVANCED_FACE ( 'NONE', ( #6509 ), #5189, .T. ) ;
#7858 = AXIS2_PLACEMENT_3D ( 'NONE', #2669, #5408, #3301 ) ;
#7859 = VERTEX_POINT ( 'NONE', #1184 ) ;
#7860 = CARTESIAN_POINT ( 'NONE',  ( -0.4915337874163402954, -4.508466212583661203, -36.89376480692351379 ) ) ;
#7861 = CARTESIAN_POINT ( 'NONE',  ( -0.9999999999999993339, 1.224646799147353207E-16, -48.00000000000000000 ) ) ;
#7862 = ADVANCED_FACE ( 'NONE', ( #5965 ), #3599, .T. ) ;
#7863 = ORIENTED_EDGE ( 'NONE', *, *, #7418, .F. ) ;
#7864 = CIRCLE ( 'NONE', #3415, 4.000000000000000000 ) ;
#7865 = CARTESIAN_POINT ( 'NONE',  ( 0.000000000000000000, 0.000000000000000000, 0.000000000000000000 ) ) ;
#7866 = ORIENTED_EDGE ( 'NONE', *, *, #6769, .F. ) ;
#7867 = CARTESIAN_POINT ( 'NONE',  ( 0.4321793203734991540, -4.567820679626500180, -66.22657376275981278 ) ) ;
#7868 = ORIENTED_EDGE ( 'NONE', *, *, #5230, .F. ) ;
#7869 = EDGE_CURVE ( 'NONE', #3818, #5472, #1900, .T. ) ;
#7870 = CARTESIAN_POINT ( 'NONE',  ( -0.6335913640883366060, -4.366408635911663616, -70.10619955115781465 ) ) ;
#7871 = DIRECTION ( 'NONE',  ( 1.000000000000000000, 0.000000000000000000, 0.000000000000000000 ) ) ;
#7872 = AXIS2_PLACEMENT_3D ( 'NONE', #5374, #2723, #6171 ) ;
#7873 = CARTESIAN_POINT ( 'NONE',  ( -5.000000000000283329, 2.838313978266924103E-13, -24.00000000000021316 ) ) ;
#7874 = CARTESIAN_POINT ( 'NONE',  ( 0.000000000000000000, 0.000000000000000000, -51.50000000000000711 ) ) ;
#7875 = CARTESIAN_POINT ( 'NONE',  ( -4.366408635906908309, -0.6335913640930921353, -87.89380044883600362 ) ) ;
#7876 = CARTESIAN_POINT ( 'NONE',  ( -0.9582157396402199989, -4.041784260359780667, -9.976225349700708733 ) ) ;
#7877 = DIRECTION ( 'NONE',  ( -0.000000000000000000, -0.000000000000000000, 1.000000000000000000 ) ) ;
#7878 = TOROIDAL_SURFACE ( 'NONE', #4009, 1.000000000000000000, 3.999999999999996447 ) ;
#7879 = CARTESIAN_POINT ( 'NONE',  ( 4.502552532152130915, -0.4974474678478680301, -31.38672757692825854 ) ) ;
#7880 = CARTESIAN_POINT ( 'NONE',  ( -4.040089233413053371, -0.9599107665869472950, -108.9776342793601742 ) ) ;
#7881 = CARTESIAN_POINT ( 'NONE',  ( 1.328041165545656987, -3.671958834454343013, -114.7499999999999858 ) ) ;
#7882 = FACE_OUTER_BOUND ( 'NONE', #8700, .T. ) ;
#7883 = CARTESIAN_POINT ( 'NONE',  ( 1.328041165545657876, -3.671958834454342124, -54.25000000000000000 ) ) ;
#7884 = ORIENTED_EDGE ( 'NONE', *, *, #1281, .F. ) ;
#7885 = AXIS2_PLACEMENT_3D ( 'NONE', #3333, #2524, #4047 ) ;
#7886 = ORIENTED_EDGE ( 'NONE', *, *, #4344, .F. ) ;
#7887 = EDGE_LOOP ( 'NONE', ( #7465, #7971, #5102, #214 ) ) ;
#7888 = CARTESIAN_POINT ( 'NONE',  ( 4.872131520502827939, -0.1278684794971737537, -19.50740203054002819 ) ) ;
#7889 = CARTESIAN_POINT ( 'NONE',  ( -4.041784260359804648, -0.9582157396401957961, -5.023774650299318800 ) ) ;
#7890 = ORIENTED_EDGE ( 'NONE', *, *, #3566, .T. ) ;
#7891 = CYLINDRICAL_SURFACE ( 'NONE', #4840, 0.9999999999999995559 ) ;
#7892 = AXIS2_PLACEMENT_3D ( 'NONE', #8376, #3620, #4808 ) ;
#7893 = CIRCLE ( 'NONE', #7608, 3.999999999999999112 ) ;
#7894 = CARTESIAN_POINT ( 'NONE',  ( 3.671958834454334575, -1.328041165545665647, -48.75000000000000000 ) ) ;
#7895 = CARTESIAN_POINT ( 'NONE',  ( 0.000000000000000000, -5.000000000000000000, -2.000000000000000000 ) ) ;
#7896 = VERTEX_POINT ( 'NONE', #1675 ) ;
#7897 = FACE_OUTER_BOUND ( 'NONE', #1906, .T. ) ;
#7898 = CARTESIAN_POINT ( 'NONE',  ( 0.2608011983036376269, -4.739198801696361762, -39.09076228219166893 ) ) ;
#7899 = AXIS2_PLACEMENT_3D ( 'NONE', #296, #4520, #6348 ) ;
#7900 = CIRCLE ( 'NONE', #6895, 1.000000000000000000 ) ;
#7901 = CARTESIAN_POINT ( 'NONE',  ( 0.000000000000000000, 0.000000000000000000, -21.24999999999999645 ) ) ;
#7902 = ORIENTED_EDGE ( 'NONE', *, *, #1351, .T. ) ;
#7903 = ORIENTED_EDGE ( 'NONE', *, *, #626, .T. ) ;
#7904 = CARTESIAN_POINT ( 'NONE',  ( 3.863136006094628705, -1.136863993905370407, -54.12878377920268491 ) ) ;
#7905 = AXIS2_PLACEMENT_3D ( 'NONE', #4678, #4727, #5352 ) ;
#7906 = ORIENTED_EDGE ( 'NONE', *, *, #474, .F. ) ;
#7907 = CARTESIAN_POINT ( 'NONE',  ( -0.2608011983036800929, -4.739198801696320018, -88.59076228219157656 ) ) ;
#7908 = CARTESIAN_POINT ( 'NONE',  ( 1.137203174284266316, -3.862796825715733906, -98.12899883711648386 ) ) ;
#7909 = EDGE_LOOP ( 'NONE', ( #6272, #4651, #1911, #1232 ) ) ;
#7910 = AXIS2_PLACEMENT_3D ( 'NONE', #4245, #39, #4964 ) ;
#7911 = EDGE_CURVE ( 'NONE', #7335, #5708, #2615, .T. ) ;
#7912 = ORIENTED_EDGE ( 'NONE', *, *, #8504, .T. ) ;
#7913 = EDGE_CURVE ( 'NONE', #7757, #8688, #6898, .T. ) ;
#7914 = ORIENTED_EDGE ( 'NONE', *, *, #6256, .T. ) ;
#7915 = ORIENTED_EDGE ( 'NONE', *, *, #2151, .F. ) ;
#7916 = CARTESIAN_POINT ( 'NONE',  ( -4.832344906989096245, -0.1676550930109028115, -52.64546193740918056 ) ) ;
#7917 = CARTESIAN_POINT ( 'NONE',  ( 0.2609614760798246169, -4.739038523920174661, -121.5903642080977107 ) ) ;
#7918 = CARTESIAN_POINT ( 'NONE',  ( 1.026290529881728122E-12, -4.999999999998975930, -29.35274279208611503 ) ) ;
#7919 = CARTESIAN_POINT ( 'NONE',  ( -4.041784260359809089, -0.9582157396401908001, -87.52377465029931614 ) ) ;
#7920 = CARTESIAN_POINT ( 'NONE',  ( -0.2517800035653552371, -4.748219996434645651, -8.908836372369988155 ) ) ;
#7921 = CARTESIAN_POINT ( 'NONE',  ( 4.959369330385071883, -0.04063066961492872026, -24.58613448345569807 ) ) ;
#7922 = DIRECTION ( 'NONE',  ( 1.224646799147353207E-16, 1.000000000000000000, 0.000000000000000000 ) ) ;
#7923 = CARTESIAN_POINT ( 'NONE',  ( 0.000000000000000000, -5.000000000000000000, -62.50000000000000000 ) ) ;
#7924 = CARTESIAN_POINT ( 'NONE',  ( 0.2517800035594497943, -4.748219996440550261, -102.4088363723556228 ) ) ;
#7925 = CARTESIAN_POINT ( 'NONE',  ( -0.008042224642557360345, -4.991957775357441562, -73.79246587457292605 ) ) ;
#7926 = CARTESIAN_POINT ( 'NONE',  ( -1.000000000000000000, 1.224646799147353207E-16, -22.00000000000000000 ) ) ;
#7927 = ORIENTED_EDGE ( 'NONE', *, *, #3199, .F. ) ;
#7928 = B_SPLINE_CURVE_WITH_KNOTS ( 'NONE', 3,
 ( #7000, #6874, #6155, #4945, #2839, #1464, #3468, #3591, #8388, #1376, #8351, #859 ),
 .UNSPECIFIED., .F., .F.,
 ( 4, 2, 2, 2, 2, 4 ),
 ( 0.003504634718750185632, 0.003941423334025070946, 0.004378211949299955393, 0.005251789179849725153, 0.006125366410399494914, 0.006998943640949264675 ),
 .UNSPECIFIED. ) ;
#7929 = VERTEX_POINT ( 'NONE', #1135 ) ;
#7930 = B_SPLINE_CURVE_WITH_KNOTS ( 'NONE', 3,
 ( #4017, #6758, #5324, #4613, #6710, #7288, #4658, #614, #1247, #2672, #6040, #3345, #6664, #567, #6621, #7479 ),
 .UNSPECIFIED., .F., .F.,
 ( 4, 2, 2, 2, 2, 2, 2, 4 ),
 ( 4.818711198557174130E-07, 0.0008765200830275126980, 0.001314539188981335340, 0.001752558294935158091, 0.002190577400888980408, 0.002628596506842802941, 0.003066615612796625909, 0.003504634718750448442 ),
 .UNSPECIFIED. ) ;
#7931 = ORIENTED_EDGE ( 'NONE', *, *, #6369, .T. ) ;
#7932 = DIRECTION ( 'NONE',  ( 1.000000000000000000, 0.000000000000000000, 0.000000000000000000 ) ) ;
#7933 = FACE_OUTER_BOUND ( 'NONE', #4068, .T. ) ;
#7934 = ORIENTED_EDGE ( 'NONE', *, *, #7373, .F. ) ;
#7935 = CARTESIAN_POINT ( 'NONE',  ( -0.1278684795021247100, -4.872131520497876345, -77.99259796944160428 ) ) ;
#7936 = CARTESIAN_POINT ( 'NONE',  ( -5.000000000000281553, 2.811725620256466210E-13, -117.5000000000001990 ) ) ;
#7937 = FACE_OUTER_BOUND ( 'NONE', #4223, .T. ) ;
#7938 = DIRECTION ( 'NONE',  ( -0.000000000000000000, -0.000000000000000000, 1.000000000000000000 ) ) ;
#7939 = CARTESIAN_POINT ( 'NONE',  ( -4.739198801701951957, -0.2608011982980475429, -58.40923771779445417 ) ) ;
#7940 = CARTESIAN_POINT ( 'NONE',  ( 0.000000000000000000, 0.000000000000000000, -24.00000000000000355 ) ) ;
#7941 = CARTESIAN_POINT ( 'NONE',  ( -3.904737509655572758, 4.781924292710301467E-16, -65.24999999999998579 ) ) ;
#7942 = B_SPLINE_CURVE_WITH_KNOTS ( 'NONE', 3,
 ( #2500, #7429, #1923, #6796, #8639, #4014, #1155, #3877, #4702, #6754, #2540, #7475 ),
 .UNSPECIFIED., .F., .F.,
 ( 4, 2, 2, 2, 2, 4 ),
 ( 0.003504634718750467091, 0.003941423334025318144, 0.004378211949300169631, 0.005251789179849871737, 0.006125366410399573844, 0.006998943640949276818 ),
 .UNSPECIFIED. ) ;
#7943 = FACE_OUTER_BOUND ( 'NONE', #1148, .T. ) ;
#7944 = EDGE_LOOP ( 'NONE', ( #977, #4358, #4253 ) ) ;
#7945 = ORIENTED_EDGE ( 'NONE', *, *, #6546, .F. ) ;
#7946 = CARTESIAN_POINT ( 'NONE',  ( -8.178103105740270760E-16, -4.999999999999999112, -18.35274279211299486 ) ) ;
#7947 = VERTEX_POINT ( 'NONE', #2429 ) ;
#7948 = CARTESIAN_POINT ( 'NONE',  ( 0.9582157396373103264, -4.041784260362688563, -108.9762253496981828 ) ) ;
#7949 = LINE ( 'NONE', #4553, #2163 ) ;
#7950 = ORIENTED_EDGE ( 'NONE', *, *, #1991, .T. ) ;
#7951 = SECURITY_CLASSIFICATION_LEVEL ( 'unclassified' ) ;
#7952 = ORIENTED_EDGE ( 'NONE', *, *, #5230, .T. ) ;
#7953 = CARTESIAN_POINT ( 'NONE',  ( 4.991957775357460214, -0.008042224642539692187, -117.2075341254273440 ) ) ;
#7954 = DIRECTION ( 'NONE',  ( -0.000000000000000000, -0.000000000000000000, 1.000000000000000000 ) ) ;
#7955 = ADVANCED_FACE ( 'NONE', ( #7943 ), #3886, .T. ) ;
#7956 = CARTESIAN_POINT ( 'NONE',  ( 0.9999999999999995559, 0.000000000000000000, 0.000000000000000000 ) ) ;
#7957 = CARTESIAN_POINT ( 'NONE',  ( 0.008301598520838560091, -4.991698401479162328, -29.20374637061704703 ) ) ;
#7958 = DIRECTION ( 'NONE',  ( -0.000000000000000000, -0.000000000000000000, 1.000000000000000000 ) ) ;
#7959 = EDGE_CURVE ( 'NONE', #6648, #1496, #313, .T. ) ;
#7960 = EDGE_CURVE ( 'NONE', #5797, #6214, #4305, .T. ) ;
#7961 = CARTESIAN_POINT ( 'NONE',  ( -0.9999999999999995559, 1.224646799147352714E-16, 0.000000000000000000 ) ) ;
#7962 = CARTESIAN_POINT ( 'NONE',  ( 4.748219996434697165, -0.2517800035653028345, -17.09116362763015573 ) ) ;
#7963 = EDGE_CURVE ( 'NONE', #5361, #955, #2891, .T. ) ;
#7964 = CARTESIAN_POINT ( 'NONE',  ( 3.904737509655568317, 0.000000000000000000, -70.75000000000000000 ) ) ;
#7965 = B_SPLINE_CURVE_WITH_KNOTS ( 'NONE', 3,
 ( #2876, #4896, #6194, #7543, #7634, #4175, #5433, #2747, #1410, #6148, #4217, #3536 ),
 .UNSPECIFIED., .F., .F.,
 ( 4, 2, 2, 2, 2, 4 ),
 ( 0.003504634718750454948, 0.003941423334025311205, 0.004378211949300167896, 0.005251789179849871737, 0.006125366410399575579, 0.006998943640949279420 ),
 .UNSPECIFIED. ) ;
#7966 = CIRCLE ( 'NONE', #3807, 1.000000000000000000 ) ;
#7967 = CARTESIAN_POINT ( 'NONE',  ( 1.328041165545657876, -3.671958834454342124, -54.25000000000000000 ) ) ;
#7968 = DIRECTION ( 'NONE',  ( 1.000000000000000000, 0.000000000000000000, 0.000000000000000000 ) ) ;
#7969 = EDGE_CURVE ( 'NONE', #7187, #2930, #1760, .T. ) ;
#7970 = CARTESIAN_POINT ( 'NONE',  ( 0.000000000000000000, 0.000000000000000000, -31.50000000000000000 ) ) ;
#7971 = ORIENTED_EDGE ( 'NONE', *, *, #3081, .F. ) ;
#7972 = ORIENTED_EDGE ( 'NONE', *, *, #56, .F. ) ;
#7973 = ORIENTED_EDGE ( 'NONE', *, *, #1620, .F. ) ;
#7974 = CARTESIAN_POINT ( 'NONE',  ( 4.871990604756819110, -0.1280093952431808624, -3.007924780534963372 ) ) ;
#7975 = AXIS2_PLACEMENT_3D ( 'NONE', #1703, #1025, #4429 ) ;
#7976 = DIRECTION ( 'NONE',  ( 1.224646799147353207E-16, 1.000000000000000000, 0.000000000000000000 ) ) ;
#7977 = VERTEX_POINT ( 'NONE', #4081 ) ;
#7978 = CARTESIAN_POINT ( 'NONE',  ( -0.06459124883188710475, -4.935408751168113284, -100.2716523491350671 ) ) ;
#7979 = CARTESIAN_POINT ( 'NONE',  ( 4.041784260359809089, -0.9582157396401925764, -27.02377465029933035 ) ) ;
#7980 = DIRECTION ( 'NONE',  ( -0.000000000000000000, -0.000000000000000000, 1.000000000000000000 ) ) ;
#7981 = EDGE_CURVE ( 'NONE', #3194, #8435, #8621, .T. ) ;
#7982 = CIRCLE ( 'NONE', #5404, 3.904737509655567873 ) ;
#7983 = DIRECTION ( 'NONE',  ( 1.000000000000000000, 0.000000000000000000, 0.000000000000000000 ) ) ;
#7984 = CIRCLE ( 'NONE', #7266, 3.904737509655572758 ) ;
#7985 = CARTESIAN_POINT ( 'NONE',  ( 0.4974474678531836669, -4.502552532146816056, -104.6132724230630089 ) ) ;
#7986 = CARTESIAN_POINT ( 'NONE',  ( -5.000000000000284217, 2.844327595795845334E-13, -7.500000000000213163 ) ) ;
#7987 = CARTESIAN_POINT ( 'NONE',  ( 4.999999999999986677, -1.267690684684465825E-14, -117.6472572078872503 ) ) ;
#7988 = ORIENTED_EDGE ( 'NONE', *, *, #5051, .F. ) ;
#7989 = TOROIDAL_SURFACE ( 'NONE', #1416, 1.000000000000000000, 4.000000000000000000 ) ;
#7990 = ORIENTED_EDGE ( 'NONE', *, *, #1506, .F. ) ;
#7991 = CARTESIAN_POINT ( 'NONE',  ( -1.000000000000000000, 1.224646799147353207E-16, -106.5000000000000000 ) ) ;
#7992 = EDGE_CURVE ( 'NONE', #1322, #5385, #1539, .T. ) ;
#7993 = ORIENTED_EDGE ( 'NONE', *, *, #4233, .T. ) ;
#7994 = AXIS2_PLACEMENT_3D ( 'NONE', #2901, #5500, #706 ) ;
#7995 = CARTESIAN_POINT ( 'NONE',  ( 4.991698401481079905, -0.008301598518919086830, -73.79625362935772159 ) ) ;
#7996 = DIRECTION ( 'NONE',  ( 1.000000000000000000, 0.000000000000000000, 0.000000000000000000 ) ) ;
#7997 = EDGE_LOOP ( 'NONE', ( #3655, #4580, #6675 ) ) ;
#7998 = CALENDAR_DATE ( 2026, 16, 2 ) ;
#7999 = EDGE_LOOP ( 'NONE', ( #3272, #7235, #7355, #1855 ) ) ;
#8000 = B_SPLINE_CURVE_WITH_KNOTS ( 'NONE', 3,
 ( #4577, #3269, #5287, #7442, #4668, #3352, #4070, #5244, #1258, #6088, #7974, #3981, #1305, #3226 ),
 .UNSPECIFIED., .F., .F.,
 ( 4, 2, 2, 2, 2, 2, 4 ),
 ( 4.818711198541903184E-07, 0.0008763243365552959418, 0.001314245569273018392, 0.001752166801990740841, 0.002190088034708463291, 0.002628009267426185958, 0.003503851732861629122 ),
 .UNSPECIFIED. ) ;
#8001 = VECTOR ( 'NONE', #8415, 1000.000000000000000 ) ;
#8002 = ORIENTED_EDGE ( 'NONE', *, *, #6920, .T. ) ;
#8003 = CARTESIAN_POINT ( 'NONE',  ( 4.366408635906908309, -0.6335913640930921353, -115.3938004488360036 ) ) ;
#8004 = CARTESIAN_POINT ( 'NONE',  ( 0.6335913640931354340, -4.366408635906863900, -20.60619955116407453 ) ) ;
#8005 = DIRECTION ( 'NONE',  ( -0.000000000000000000, -0.000000000000000000, 1.000000000000000000 ) ) ;
#8006 = CARTESIAN_POINT ( 'NONE',  ( 1.328041165545665203, -3.671958834454335019, -26.75000000000000355 ) ) ;
#8007 = CARTESIAN_POINT ( 'NONE',  ( -4.567820679631957148, -0.4321793203680417972, -31.27342623723034620 ) ) ;
#8008 = AXIS2_PLACEMENT_3D ( 'NONE', #361, #3096, #5022 ) ;
#8009 = CARTESIAN_POINT ( 'NONE',  ( 3.904737509655567429, 0.000000000000000000, -37.75000000000000000 ) ) ;
#8010 = CYLINDRICAL_SURFACE ( 'NONE', #7347, 0.9999999999999986677 ) ;
#8011 = EDGE_CURVE ( 'NONE', #8209, #589, #6025, .T. ) ;
#8012 = ORIENTED_EDGE ( 'NONE', *, *, #895, .F. ) ;
#8013 = CIRCLE ( 'NONE', #4437, 0.9999999999999985567 ) ;
#8014 = CARTESIAN_POINT ( 'NONE',  ( -3.863136006094629149, -1.136863993905370629, -109.1287837792027062 ) ) ;
#8015 = CARTESIAN_POINT ( 'NONE',  ( 0.06404366728014711241, -4.935956332719855233, -118.2255981340149731 ) ) ;
#8016 = DIRECTION ( 'NONE',  ( -0.000000000000000000, -0.000000000000000000, 1.000000000000000000 ) ) ;
#8017 = CARTESIAN_POINT ( 'NONE',  ( -3.671958834454334575, -1.328041165545665425, -59.75000000000000000 ) ) ;
#8018 = ORIENTED_EDGE ( 'NONE', *, *, #8753, .F. ) ;
#8019 = ORIENTED_EDGE ( 'NONE', *, *, #5280, .T. ) ;
#8020 = DIRECTION ( 'NONE',  ( 1.000000000000000000, 0.000000000000000000, 0.000000000000000000 ) ) ;
#8021 = ORIENTED_EDGE ( 'NONE', *, *, #8462, .T. ) ;
#8022 = TOROIDAL_SURFACE ( 'NONE', #3429, 1.000000000000000000, 3.999999999999996447 ) ;
#8023 = CARTESIAN_POINT ( 'NONE',  ( 3.862796825714234661, -1.137203174285766671, -98.37100116288257823 ) ) ;
#8024 = EDGE_CURVE ( 'NONE', #3332, #1983, #5330, .T. ) ;
#8025 = EDGE_LOOP ( 'NONE', ( #3776, #4127, #1144, #7053 ) ) ;
#8026 = CARTESIAN_POINT ( 'NONE',  ( -1.328041165545663649, -3.671958834454336351, -10.25000000000000178 ) ) ;
#8027 = CC_DESIGN_PERSON_AND_ORGANIZATION_ASSIGNMENT ( #5223, #1915, ( #5481 ) ) ;
#8028 = DIRECTION ( 'NONE',  ( -1.000000000000000000, 1.224646799147353207E-16, 0.000000000000000000 ) ) ;
#8029 = EDGE_CURVE ( 'NONE', #1514, #640, #4042, .T. ) ;
#8030 = CARTESIAN_POINT ( 'NONE',  ( 0.1676550930162088171, -4.832344906983791155, -99.85453806257385168 ) ) ;
#8031 = AXIS2_PLACEMENT_3D ( 'NONE', #7991, #5357, #1946 ) ;
#8032 = AXIS2_PLACEMENT_3D ( 'NONE', #3838, #5911, #574 ) ;
#8033 = CYLINDRICAL_SURFACE ( 'NONE', #434, 1.000000000000000000 ) ;
#8034 = ORIENTED_EDGE ( 'NONE', *, *, #2927, .T. ) ;
#8035 = CARTESIAN_POINT ( 'NONE',  ( -4.959369330385070107, -0.04063066961493041335, -74.08613448345570873 ) ) ;
#8036 = CARTESIAN_POINT ( 'NONE',  ( -0.06459124883188710475, -4.935408751168113284, -83.77165234913506708 ) ) ;
#8037 = FACE_OUTER_BOUND ( 'NONE', #1090, .T. ) ;
#8038 = CIRCLE ( 'NONE', #4163, 4.000000000000003553 ) ;
#8039 = EDGE_CURVE ( 'NONE', #8265, #5164, #8763, .T. ) ;
#8040 = ORIENTED_EDGE ( 'NONE', *, *, #3357, .F. ) ;
#8041 = AXIS2_PLACEMENT_3D ( 'NONE', #7555, #2713, #2041 ) ;
#8042 = ORIENTED_EDGE ( 'NONE', *, *, #5437, .F. ) ;
#8043 = DIRECTION ( 'NONE',  ( -0.000000000000000000, -0.000000000000000000, 1.000000000000000000 ) ) ;
#8044 = CARTESIAN_POINT ( 'NONE',  ( -0.4321793203679910600, -4.567820679632009551, -16.72657376276974972 ) ) ;
#8045 = AXIS2_PLACEMENT_3D ( 'NONE', #5779, #2368, #5062 ) ;
#8046 = VERTEX_POINT ( 'NONE', #8165 ) ;
#8047 = VECTOR ( 'NONE', #6806, 1000.000000000000114 ) ;
#8048 = CARTESIAN_POINT ( 'NONE',  ( 4.567820679631958924, -0.4321793203680420747, -75.27342623723035331 ) ) ;
#8049 = CARTESIAN_POINT ( 'NONE',  ( -0.4974474678478237877, -4.502552532152177100, -71.61327242307181962 ) ) ;
#8050 = ADVANCED_BREP_SHAPE_REPRESENTATION ( '2mm_part1', ( #5023, #6338 ), #4332 ) ;
#8051 = EDGE_CURVE ( 'NONE', #674, #600, #1332, .T. ) ;
#8052 = COORDINATED_UNIVERSAL_TIME_OFFSET ( 3, 30, .AHEAD. ) ;
#8053 = EDGE_LOOP ( 'NONE', ( #3952, #1138, #8061, #5847 ) ) ;
#8054 = AXIS2_PLACEMENT_3D ( 'NONE', #672, #8794, #7363 ) ;
#8055 = AXIS2_PLACEMENT_3D ( 'NONE', #2923, #7716, #4262 ) ;
#8056 = B_SPLINE_CURVE_WITH_KNOTS ( 'NONE', 3,
 ( #6242, #63, #1469, #8098, #8806, #4058, #2667, #1337, #8264, #6793, #6163, #692 ),
 .UNSPECIFIED., .F., .F.,
 ( 4, 2, 2, 2, 2, 4 ),
 ( 0.003504634718750179560, 0.003941423334025064874, 0.004378211949299950188, 0.005251789179849721684, 0.006125366410399492312, 0.006998943640949262940 ),
 .UNSPECIFIED. ) ;
#8057 = DIRECTION ( 'NONE',  ( 1.000000000000000000, 0.000000000000000000, 0.000000000000000000 ) ) ;
#8058 = CARTESIAN_POINT ( 'NONE',  ( 1.137203174284267426, -3.862796825715733462, -37.62899883711651228 ) ) ;
#8059 = DIRECTION ( 'NONE',  ( -0.000000000000000000, -0.000000000000000000, 1.000000000000000000 ) ) ;
#8060 = LINE ( 'NONE', #1242, #2456 ) ;
#8061 = ORIENTED_EDGE ( 'NONE', *, *, #6424, .T. ) ;
#8062 = VECTOR ( 'NONE', #6809, 1000.000000000000000 ) ;
#8063 = CARTESIAN_POINT ( 'NONE',  ( 3.904737509655565209, 0.000000000000000000, -21.24999999999999645 ) ) ;
#8064 = CARTESIAN_POINT ( 'NONE',  ( 1.000000000000000000, 0.000000000000000000, -51.50000000000000711 ) ) ;
#8065 = DIRECTION ( 'NONE',  ( 1.000000000000000000, 0.000000000000000000, 0.000000000000000000 ) ) ;
#8066 = VERTEX_POINT ( 'NONE', #1366 ) ;
#8067 = CARTESIAN_POINT ( 'NONE',  ( 1.328041165545656987, -3.671958834454343013, -87.25000000000000000 ) ) ;
#8068 = AXIS2_PLACEMENT_3D ( 'NONE', #7784, #2502, #1610 ) ;
#8069 = CARTESIAN_POINT ( 'NONE',  ( 0.6335913640931284396, -4.366408635906872782, -64.60619955116406743 ) ) ;
#8070 = CARTESIAN_POINT ( 'NONE',  ( 0.000000000000000000, 0.000000000000000000, -18.50000000000000355 ) ) ;
#8071 = CARTESIAN_POINT ( 'NONE',  ( 0.000000000000000000, 0.000000000000000000, -2.000000000000000000 ) ) ;
#8072 = EDGE_LOOP ( 'NONE', ( #6476, #4052, #7212 ) ) ;
#8073 = ORIENTED_EDGE ( 'NONE', *, *, #2922, .T. ) ;
#8074 = DIRECTION ( 'NONE',  ( 1.000000000000000000, 0.000000000000000000, 0.000000000000000000 ) ) ;
#8075 = CARTESIAN_POINT ( 'NONE',  ( -4.832344906989093580, -0.1676550930109045046, -19.64546193740918767 ) ) ;
#8076 = ORIENTED_EDGE ( 'NONE', *, *, #3878, .T. ) ;
#8077 = CARTESIAN_POINT ( 'NONE',  ( 4.359865889258244920, -0.6401341107417566345, -92.10125045371350438 ) ) ;
#8078 = DIRECTION ( 'NONE',  ( -0.000000000000000000, -0.000000000000000000, 1.000000000000000000 ) ) ;
#8079 = DIRECTION ( 'NONE',  ( -1.000000000000000000, 1.224646799147353207E-16, 0.000000000000000000 ) ) ;
#8080 = CARTESIAN_POINT ( 'NONE',  ( 3.904737509655563876, 0.000000000000000000, -32.25000000000000000 ) ) ;
#8081 = ORIENTED_EDGE ( 'NONE', *, *, #1060, .T. ) ;
#8082 = ADVANCED_FACE ( 'NONE', ( #8037 ), #2471, .F. ) ;
#8083 = DIRECTION ( 'NONE',  ( 1.000000000000000000, 0.000000000000000000, 0.000000000000000000 ) ) ;
#8084 = CARTESIAN_POINT ( 'NONE',  ( -0.4915337874163244747, -4.508466212583675414, -31.39376480692349958 ) ) ;
#8085 = ADVANCED_FACE ( 'NONE', ( #6100 ), #3176, .T. ) ;
#8086 = ORIENTED_EDGE ( 'NONE', *, *, #8197, .F. ) ;
#8087 = ORIENTED_EDGE ( 'NONE', *, *, #8702, .F. ) ;
#8088 = CARTESIAN_POINT ( 'NONE',  ( 0.1676550930162054864, -4.832344906983794708, -66.85453806257386589 ) ) ;
#8089 = CARTESIAN_POINT ( 'NONE',  ( 0.000000000000000000, 0.000000000000000000, -106.5000000000000000 ) ) ;
#8090 = ADVANCED_FACE ( 'NONE', ( #1404 ), #8748, .F. ) ;
#8091 = CARTESIAN_POINT ( 'NONE',  ( 1.000000000000000000, 0.000000000000000000, -71.50000000000001421 ) ) ;
#8092 = CARTESIAN_POINT ( 'NONE',  ( -1.328041165545657876, -3.671958834454342124, -43.25000000000000711 ) ) ;
#8093 = COORDINATED_UNIVERSAL_TIME_OFFSET ( 3, 30, .AHEAD. ) ;
#8094 = ORIENTED_EDGE ( 'NONE', *, *, #3323, .T. ) ;
#8095 = CARTESIAN_POINT ( 'NONE',  ( -4.999999999999986677, -1.245921937940029991E-14, -84.64725720788726449 ) ) ;
#8096 = DIRECTION ( 'NONE',  ( 1.000000000000000000, 0.000000000000000000, 0.000000000000000000 ) ) ;
#8097 = CARTESIAN_POINT ( 'NONE',  ( 0.000000000000000000, 0.000000000000000000, -18.50000000000000355 ) ) ;
#8098 = CARTESIAN_POINT ( 'NONE',  ( 4.960065625082965113, -0.03993437491703458880, -61.91868978647572419 ) ) ;
#8099 = VERTEX_POINT ( 'NONE', #2102 ) ;
#8100 = CARTESIAN_POINT ( 'NONE',  ( 4.991957775357462879, -0.008042224642537201124, -40.20753412542731553 ) ) ;
#8101 = CARTESIAN_POINT ( 'NONE',  ( -4.832344906989096245, -0.1676550930109028115, -36.14546193740918056 ) ) ;
#8102 = CARTESIAN_POINT ( 'NONE',  ( -0.4321793203679912265, -4.567820679632009551, -11.22657376276974084 ) ) ;
#8103 = DIRECTION ( 'NONE',  ( 1.000000000000000000, 0.000000000000000000, 0.000000000000000000 ) ) ;
#8104 = CARTESIAN_POINT ( 'NONE',  ( -4.040089233413053371, -0.9599107665869472950, -103.4776342793602169 ) ) ;
#8105 = LINE ( 'NONE', #31, #1296 ) ;
#8106 = DIRECTION ( 'NONE',  ( -0.000000000000000000, -0.000000000000000000, 1.000000000000000000 ) ) ;
#8107 = CARTESIAN_POINT ( 'NONE',  ( -0.3138588207986332534, -4.686141179201366747, -55.46532131224213202 ) ) ;
#8108 = ORIENTED_EDGE ( 'NONE', *, *, #2490, .T. ) ;
#8109 = CARTESIAN_POINT ( 'NONE',  ( 0.000000000000000000, 0.000000000000000000, -68.00000000000000000 ) ) ;
#8110 = FACE_OUTER_BOUND ( 'NONE', #1399, .T. ) ;
#8111 = CARTESIAN_POINT ( 'NONE',  ( 5.000000000000006217, 5.690932028285886497E-15, -100.8531564695516209 ) ) ;
#8112 = ORIENTED_EDGE ( 'NONE', *, *, #8513, .T. ) ;
#8113 = AXIS2_PLACEMENT_3D ( 'NONE', #4776, #636, #8250 ) ;
#8114 = CARTESIAN_POINT ( 'NONE',  ( -4.999999999999986677, -1.245921937940029991E-14, -68.14725720788726449 ) ) ;
#8115 = CARTESIAN_POINT ( 'NONE',  ( 1.137203174285779106, -3.862796825714220894, -10.12899883711745908 ) ) ;
#8116 = CARTESIAN_POINT ( 'NONE',  ( 0.000000000000000000, 0.000000000000000000, -91.99999999999998579 ) ) ;
#8117 = CARTESIAN_POINT ( 'NONE',  ( 0.000000000000000000, 0.000000000000000000, -42.49999999999999289 ) ) ;
#8118 = EDGE_LOOP ( 'NONE', ( #3186, #5153, #4318, #1719 ) ) ;
#8119 = CIRCLE ( 'NONE', #381, 3.904737509655572758 ) ;
#8120 = CARTESIAN_POINT ( 'NONE',  ( -0.04063066961830674034, -4.959369330381694141, -83.91386551652202286 ) ) ;
#8121 = B_SPLINE_CURVE_WITH_KNOTS ( 'NONE', 3,
 ( #4864, #7598, #4820, #3469, #3961, #4696, #8804, #7425, #3340, #6201, #2666, #2038 ),
 .UNSPECIFIED., .F., .F.,
 ( 4, 2, 2, 2, 2, 4 ),
 ( 0.003504634718750183030, 0.003941423334025067476, 0.004378211949299951056, 0.005251789179849719949, 0.006125366410399488842, 0.006998943640949258603 ),
 .UNSPECIFIED. ) ;
#8122 = DIRECTION ( 'NONE',  ( -0.000000000000000000, -0.000000000000000000, 1.000000000000000000 ) ) ;
#8123 = ORIENTED_EDGE ( 'NONE', *, *, #6939, .F. ) ;
#8124 = ORIENTED_EDGE ( 'NONE', *, *, #2062, .F. ) ;
#8125 = ADVANCED_FACE ( 'NONE', ( #4169 ), #2179, .T. ) ;
#8126 = CARTESIAN_POINT ( 'NONE',  ( 0.6401341107464958435, -4.359865889253503823, -65.89874954628010073 ) ) ;
#8127 = CARTESIAN_POINT ( 'NONE',  ( 3.693063650028835464E-15, -5.000000000000005329, -122.7029352953670411 ) ) ;
#8128 = EDGE_CURVE ( 'NONE', #776, #3193, #3243, .T. ) ;
#8129 = CARTESIAN_POINT ( 'NONE',  ( 0.000000000000000000, 0.000000000000000000, -48.75000000000000000 ) ) ;
#8130 = AXIS2_PLACEMENT_3D ( 'NONE', #3874, #8673, #2537 ) ;
#8131 = ORIENTED_EDGE ( 'NONE', *, *, #1281, .T. ) ;
#8132 = ADVANCED_FACE ( 'NONE', ( #5554 ), #892, .F. ) ;
#8133 = ORIENTED_EDGE ( 'NONE', *, *, #6096, .F. ) ;
#8134 = AXIS2_PLACEMENT_3D ( 'NONE', #1106, #2356, #3829 ) ;
#8135 = CARTESIAN_POINT ( 'NONE',  ( -4.567820679631958924, -0.4321793203680420747, -86.27342623723036752 ) ) ;
#8136 = EDGE_CURVE ( 'NONE', #3417, #285, #5752, .T. ) ;
#8137 = DIRECTION ( 'NONE',  ( -0.000000000000000000, -0.000000000000000000, 1.000000000000000000 ) ) ;
#8138 = DIRECTION ( 'NONE',  ( -0.000000000000000000, -0.000000000000000000, 1.000000000000000000 ) ) ;
#8139 = CARTESIAN_POINT ( 'NONE',  ( 3.862779220790900858, -1.137220779209097810, -120.3709900004486002 ) ) ;
#8140 = EDGE_LOOP ( 'NONE', ( #1333, #2228, #8244 ) ) ;
#8141 = CARTESIAN_POINT ( 'NONE',  ( -4.999999999999992006, -9.405877362785354449E-15, -29.64725720788726449 ) ) ;
#8142 = DIRECTION ( 'NONE',  ( 1.000000000000000000, 0.000000000000000000, 0.000000000000000000 ) ) ;
#8143 = AXIS2_PLACEMENT_3D ( 'NONE', #2877, #5608, #2200 ) ;
#8144 = CARTESIAN_POINT ( 'NONE',  ( 0.000000000000000000, 0.000000000000000000, 0.000000000000000000 ) ) ;
#8145 = CARTESIAN_POINT ( 'NONE',  ( 0.06459124883191522115, -4.935408751168083974, -89.27165234913491076 ) ) ;
#8146 = DIRECTION ( 'NONE',  ( 1.000000000000000000, 0.000000000000000000, 0.000000000000000000 ) ) ;
#8147 = DIRECTION ( 'NONE',  ( -0.000000000000000000, -0.000000000000000000, 1.000000000000000000 ) ) ;
#8148 = CIRCLE ( 'NONE', #3550, 0.9999999999999993339 ) ;
#8149 = CARTESIAN_POINT ( 'NONE',  ( -4.748219996434698942, -0.2517800035653021129, -33.59116362763015928 ) ) ;
#8150 = CARTESIAN_POINT ( 'NONE',  ( 5.000000000000285105, 2.855686632286915929E-13, -35.00000000000021316 ) ) ;
#8151 = EDGE_LOOP ( 'NONE', ( #8706, #8386, #1225 ) ) ;
#8152 = DIRECTION ( 'NONE',  ( -0.000000000000000000, -0.000000000000000000, 1.000000000000000000 ) ) ;
#8153 = DIRECTION ( 'NONE',  ( -0.000000000000000000, -0.000000000000000000, 1.000000000000000000 ) ) ;
#8154 = CARTESIAN_POINT ( 'NONE',  ( 0.000000000000000000, 0.000000000000000000, -51.50000000000000711 ) ) ;
#8155 = ORIENTED_EDGE ( 'NONE', *, *, #6000, .F. ) ;
#8156 = AXIS2_PLACEMENT_3D ( 'NONE', #2420, #4495, #6327 ) ;
#8157 = EDGE_CURVE ( 'NONE', #888, #3907, #8485, .T. ) ;
#8158 = CARTESIAN_POINT ( 'NONE',  ( 4.959369330385070107, -0.04063066961493031620, -90.58613448345569452 ) ) ;
#8159 = DIRECTION ( 'NONE',  ( 1.000000000000000000, 0.000000000000000000, 0.000000000000000000 ) ) ;
#8160 = CARTESIAN_POINT ( 'NONE',  ( 0.000000000000000000, 0.000000000000000000, -40.50000000000000711 ) ) ;
#8161 = ORIENTED_EDGE ( 'NONE', *, *, #403, .T. ) ;
#8162 = CIRCLE ( 'NONE', #4286, 3.904737509655562988 ) ;
#8163 = ORIENTED_EDGE ( 'NONE', *, *, #2180, .T. ) ;
#8164 = CARTESIAN_POINT ( 'NONE',  ( -0.03993437491706416931, -4.960065625082936691, -57.58131021352449608 ) ) ;
#8165 = CARTESIAN_POINT ( 'NONE',  ( -1.328041165545656765, -3.671958834454343013, -76.25000000000000000 ) ) ;
#8166 = ORIENTED_EDGE ( 'NONE', *, *, #10, .T. ) ;
#8167 = ORIENTED_EDGE ( 'NONE', *, *, #675, .F. ) ;
#8168 = TOROIDAL_SURFACE ( 'NONE', #1586, 1.000000000000000000, 2.000000000000001776 ) ;
#8169 = DIRECTION ( 'NONE',  ( 1.000000000000000000, 0.000000000000000000, 0.000000000000000000 ) ) ;
#8170 = CARTESIAN_POINT ( 'NONE',  ( 5.000000000000281553, 2.809514862196180954E-13, -68.00000000000021316 ) ) ;
#8171 = CARTESIAN_POINT ( 'NONE',  ( 0.000000000000000000, 0.000000000000000000, -7.500000000000003553 ) ) ;
#8172 = DIRECTION ( 'NONE',  ( 1.000000000000000000, 0.000000000000000000, 0.000000000000000000 ) ) ;
#8173 = CIRCLE ( 'NONE', #8314, 3.999999999999996447 ) ;
#8174 = AXIS2_PLACEMENT_3D ( 'NONE', #4530, #4024, #439 ) ;
#8175 = EDGE_LOOP ( 'NONE', ( #7113, #5064, #6226 ) ) ;
#8176 = AXIS2_PLACEMENT_3D ( 'NONE', #6630, #8153, #8074 ) ;
#8177 = AXIS2_PLACEMENT_3D ( 'NONE', #293, #5089, #1559 ) ;
#8178 = CARTESIAN_POINT ( 'NONE',  ( 0.000000000000000000, 0.000000000000000000, 0.000000000000000000 ) ) ;
#8179 = CARTESIAN_POINT ( 'NONE',  ( -4.508466212578270849, -0.4915337874217298730, -44.10623519306795259 ) ) ;
#8180 = DIRECTION ( 'NONE',  ( 0.000000000000000000, -1.000000000000000000, 0.000000000000000000 ) ) ;
#8181 = DIRECTION ( 'NONE',  ( 1.000000000000000000, 0.000000000000000000, 0.000000000000000000 ) ) ;
#8182 = ORIENTED_EDGE ( 'NONE', *, *, #2369, .T. ) ;
#8183 = EDGE_CURVE ( 'NONE', #6236, #5442, #2914, .T. ) ;
#8184 = CARTESIAN_POINT ( 'NONE',  ( 4.366408635906907421, -0.6335913640930932456, -38.39380044883599652 ) ) ;
#8185 = CARTESIAN_POINT ( 'NONE',  ( 1.000000000000000000, 0.000000000000000000, -93.50000000000000000 ) ) ;
#8186 = AXIS2_PLACEMENT_3D ( 'NONE', #5833, #5117, #3233 ) ;
#8187 = AXIS2_PLACEMENT_3D ( 'NONE', #8255, #551, #729 ) ;
#8188 = DIRECTION ( 'NONE',  ( -0.000000000000000000, -0.000000000000000000, 1.000000000000000000 ) ) ;
#8189 = ADVANCED_FACE ( 'NONE', ( #217 ), #8629, .T. ) ;
#8190 = CARTESIAN_POINT ( 'NONE',  ( 4.872131520502827939, -0.1278684794971723382, -30.50740203054003530 ) ) ;
#8191 = DIRECTION ( 'NONE',  ( 1.000000000000000000, 0.000000000000000000, 0.000000000000000000 ) ) ;
#8192 = CARTESIAN_POINT ( 'NONE',  ( -4.872131520502826163, -0.1278684794971741423, -118.5074020305400069 ) ) ;
#8193 = CIRCLE ( 'NONE', #6772, 0.9999999999999993339 ) ;
#8194 = B_SPLINE_CURVE_WITH_KNOTS ( 'NONE', 3,
 ( #3639, #158, #1643, #5624, #6377, #4872, #4274, #8270, #2895, #8316, #113, #5533 ),
 .UNSPECIFIED., .F., .F.,
 ( 4, 2, 2, 2, 2, 4 ),
 ( 0.003504634718750178693, 0.003941423334025064007, 0.004378211949299950188, 0.005251789179849721684, 0.006125366410399492312, 0.006998943640949263807 ),
 .UNSPECIFIED. ) ;
#8195 = CARTESIAN_POINT ( 'NONE',  ( 0.2517800035653570689, -4.748219996434642098, -25.40883637236998283 ) ) ;
#8196 = CARTESIAN_POINT ( 'NONE',  ( 0.4321793203679912265, -4.567820679632008662, -11.22657376276974084 ) ) ;
#8197 = EDGE_CURVE ( 'NONE', #1780, #2482, #4198, .T. ) ;
#8198 = LINE ( 'NONE', #8612, #6850 ) ;
#8199 = CARTESIAN_POINT ( 'NONE',  ( 4.832344906989098909, -0.1676550930109018400, -47.14546193740920899 ) ) ;
#8200 = CARTESIAN_POINT ( 'NONE',  ( 0.1676550930108569037, -4.832344906989143318, -17.35453806259096510 ) ) ;
#8201 = DIRECTION ( 'NONE',  ( -0.000000000000000000, -0.000000000000000000, 1.000000000000000000 ) ) ;
#8202 = LOCAL_TIME ( 3, 32, 11.00000000000000000, #8093 ) ;
#8203 = DIRECTION ( 'NONE',  ( 0.000000000000000000, 0.000000000000000000, -1.000000000000000000 ) ) ;
#8204 = CARTESIAN_POINT ( 'NONE',  ( 0.6335913640931364332, -4.366408635906863012, -59.10619955116406743 ) ) ;
#8205 = DIRECTION ( 'NONE',  ( 0.000000000000000000, 0.000000000000000000, -1.000000000000000000 ) ) ;
#8206 = DIRECTION ( 'NONE',  ( -0.000000000000000000, -0.000000000000000000, 1.000000000000000000 ) ) ;
#8207 = VERTEX_POINT ( 'NONE', #3756 ) ;
#8208 = CC_DESIGN_APPROVAL ( #2608, ( #3742 ) ) ;
#8209 = VERTEX_POINT ( 'NONE', #3184 ) ;
#8210 = CARTESIAN_POINT ( 'NONE',  ( -0.2517800035653544044, -4.748219996434644763, -58.40883637236998993 ) ) ;
#8211 = CARTESIAN_POINT ( 'NONE',  ( -0.008042224640658440088, -4.991957775359342264, -29.79246587454765560 ) ) ;
#8212 = ORIENTED_EDGE ( 'NONE', *, *, #2332, .T. ) ;
#8213 = ORIENTED_EDGE ( 'NONE', *, *, #3201, .T. ) ;
#8214 = DIRECTION ( 'NONE',  ( -0.000000000000000000, -0.000000000000000000, 1.000000000000000000 ) ) ;
#8215 = CARTESIAN_POINT ( 'NONE',  ( 5.000000000000285105, 2.855686632286915929E-13, -40.50000000000021316 ) ) ;
#8216 = CARTESIAN_POINT ( 'NONE',  ( 0.3138588208042958905, -4.686141179195703721, -44.46532131222953410 ) ) ;
#8217 = DIRECTION ( 'NONE',  ( -0.000000000000000000, -0.000000000000000000, 1.000000000000000000 ) ) ;
#8218 = ORIENTED_EDGE ( 'NONE', *, *, #5235, .T. ) ;
#8219 = CARTESIAN_POINT ( 'NONE',  ( 0.1593231317802006053, -4.840676868219799367, -74.64678058431651664 ) ) ;
#8220 = CARTESIAN_POINT ( 'NONE',  ( 0.000000000000000000, 0.000000000000000000, -10.25000000000000178 ) ) ;
#8221 = CARTESIAN_POINT ( 'NONE',  ( 0.000000000000000000, -5.000000000000000000, -95.49999999997220357 ) ) ;
#8222 = DIRECTION ( 'NONE',  ( 0.000000000000000000, -1.000000000000000000, 0.000000000000000000 ) ) ;
#8223 = CARTESIAN_POINT ( 'NONE',  ( 4.043148172725555156, -0.9568518272744450659, -120.5252776777137598 ) ) ;
#8224 = VERTEX_POINT ( 'NONE', #3049 ) ;
#8225 = DIRECTION ( 'NONE',  ( -0.000000000000000000, -0.000000000000000000, 1.000000000000000000 ) ) ;
#8226 = DIRECTION ( 'NONE',  ( -0.000000000000000000, -0.000000000000000000, 1.000000000000000000 ) ) ;
#8227 = CARTESIAN_POINT ( 'NONE',  ( 0.000000000000000000, -5.000000000000000000, -84.49999999997220357 ) ) ;
#8228 = EDGE_CURVE ( 'NONE', #5355, #3989, #2898, .T. ) ;
#8229 = CARTESIAN_POINT ( 'NONE',  ( -4.832344906989094468, -0.1676550930109067528, -102.1454619374091806 ) ) ;
#8230 = CARTESIAN_POINT ( 'NONE',  ( -4.991698401481079905, -0.008301598518919178771, -117.7962536293577074 ) ) ;
#8231 = EDGE_CURVE ( 'NONE', #5361, #8099, #3990, .T. ) ;
#8232 = DIRECTION ( 'NONE',  ( -0.000000000000000000, -0.000000000000000000, 1.000000000000000000 ) ) ;
#8233 = ADVANCED_FACE ( 'NONE', ( #7933 ), #1170, .F. ) ;
#8234 = CARTESIAN_POINT ( 'NONE',  ( 0.000000000000000000, 0.000000000000000000, -51.50000000000000711 ) ) ;
#8235 = CARTESIAN_POINT ( 'NONE',  ( 5.000000000000285993, 2.862826807771588442E-13, -46.00000000000020606 ) ) ;
#8236 = LINE ( 'NONE', #5541, #2885 ) ;
#8237 = CARTESIAN_POINT ( 'NONE',  ( 4.991957775357460214, -0.008042224642539692187, -67.70753412542732974 ) ) ;
#8238 = CARTESIAN_POINT ( 'NONE',  ( 3.863136006094629149, -1.136863993905370185, -109.1287837792027062 ) ) ;
#8239 = EDGE_CURVE ( 'NONE', #2441, #7345, #2755, .T. ) ;
#8240 = CARTESIAN_POINT ( 'NONE',  ( 3.863136006094629149, -1.136863993905370185, -103.6287837792026920 ) ) ;
#8241 = DIRECTION ( 'NONE',  ( 1.000000000000000000, 0.000000000000000000, 0.000000000000000000 ) ) ;
#8242 = ORIENTED_EDGE ( 'NONE', *, *, #8011, .F. ) ;
#8243 = ADVANCED_FACE ( 'NONE', ( #5063 ), #32, .T. ) ;
#8244 = ORIENTED_EDGE ( 'NONE', *, *, #4467, .F. ) ;
#8245 = DIRECTION ( 'NONE',  ( -0.000000000000000000, -0.000000000000000000, 1.000000000000000000 ) ) ;
#8246 = TOROIDAL_SURFACE ( 'NONE', #3672, 1.000000000000000000, 1.999999999999994893 ) ;
#8247 = CARTESIAN_POINT ( 'NONE',  ( 4.739198801701951069, -0.2608011982980495413, -14.40923771779446128 ) ) ;
#8248 = ORIENTED_EDGE ( 'NONE', *, *, #7034, .F. ) ;
#8249 = ORIENTED_EDGE ( 'NONE', *, *, #7368, .F. ) ;
#8250 = DIRECTION ( 'NONE',  ( 1.000000000000000000, 0.000000000000000000, 0.000000000000000000 ) ) ;
#8251 = CARTESIAN_POINT ( 'NONE',  ( 4.935408751172079889, -0.06459124882791927869, -41.22834765084400033 ) ) ;
#8252 = AXIS2_PLACEMENT_3D ( 'NONE', #5707, #870, #2933 ) ;
#8253 = ORIENTED_EDGE ( 'NONE', *, *, #4528, .F. ) ;
#8254 = CARTESIAN_POINT ( 'NONE',  ( -0.4321793203735337929, -4.567820679626464653, -104.7265737627597275 ) ) ;
#8255 = CARTESIAN_POINT ( 'NONE',  ( 0.000000000000000000, 0.000000000000000000, 0.000000000000000000 ) ) ;
#8256 = CARTESIAN_POINT ( 'NONE',  ( 0.9599107665897126385, -4.040089233410285807, -38.02236572063742415 ) ) ;
#8257 = VECTOR ( 'NONE', #7786, 1000.000000000000000 ) ;
#8258 = EDGE_LOOP ( 'NONE', ( #472, #6270, #1220 ) ) ;
#8259 = ADVANCED_FACE ( 'NONE', ( #7164 ), #4480, .T. ) ;
#8260 = FACE_OUTER_BOUND ( 'NONE', #8579, .T. ) ;
#8261 = CARTESIAN_POINT ( 'NONE',  ( 1.016695234776112395E-12, -5.000000000001018741, -95.64684353042213161 ) ) ;
#8262 = CIRCLE ( 'NONE', #3671, 3.999999999999989786 ) ;
#8263 = DIRECTION ( 'NONE',  ( 1.000000000000000000, 0.000000000000000000, 0.000000000000000000 ) ) ;
#8264 = CARTESIAN_POINT ( 'NONE',  ( 4.366408635906906532, -0.6335913640930926904, -60.39380044883598231 ) ) ;
#8265 = VERTEX_POINT ( 'NONE', #1663 ) ;
#8266 = CARTESIAN_POINT ( 'NONE',  ( 0.000000000000000000, 0.000000000000000000, -20.49999999999999645 ) ) ;
#8267 = CARTESIAN_POINT ( 'NONE',  ( 1.000000000000000000, 0.000000000000000000, -46.00000000000000000 ) ) ;
#8268 = CIRCLE ( 'NONE', #8130, 4.000000000000000000 ) ;
#8269 = EDGE_CURVE ( 'NONE', #8294, #5243, #4627, .T. ) ;
#8270 = CARTESIAN_POINT ( 'NONE',  ( -4.508466212578266408, -0.4915337874217325931, -60.60623519306796680 ) ) ;
#8271 = CARTESIAN_POINT ( 'NONE',  ( -4.282386290039718268, -0.7176137099602820646, -103.2022287304152712 ) ) ;
#8272 = CARTESIAN_POINT ( 'NONE',  ( 2.999999999999999112, 0.000000000000000000, -123.0000000000000000 ) ) ;
#8273 = DIRECTION ( 'NONE',  ( 1.000000000000000000, 0.000000000000000000, 0.000000000000000000 ) ) ;
#8274 = CARTESIAN_POINT ( 'NONE',  ( 4.282386290039720045, -0.7176137099602802882, -37.20222873041525702 ) ) ;
#8275 = CARTESIAN_POINT ( 'NONE',  ( -4.935408751172076336, -0.06459124882792278977, -96.22834765084402875 ) ) ;
#8276 = CARTESIAN_POINT ( 'NONE',  ( 4.935408751172081665, -0.06459124882791904276, -46.72834765084403585 ) ) ;
#8277 = TOROIDAL_SURFACE ( 'NONE', #4411, 1.000000000000000000, 3.999999999999996447 ) ;
#8278 = CARTESIAN_POINT ( 'NONE',  ( 0.06459124882788502831, -4.935408751172115416, -17.77165234915617376 ) ) ;
#8279 = EDGE_CURVE ( 'NONE', #7929, #2684, #4099, .T. ) ;
#8280 = DIRECTION ( 'NONE',  ( -0.000000000000000000, -0.000000000000000000, 1.000000000000000000 ) ) ;
#8281 = B_SPLINE_CURVE_WITH_KNOTS ( 'NONE', 3,
 ( #1615, #8014, #7880, #5948, #2406, #2549, #5237, #5281, #3834, #5195, #7205, #4526, #523, #3080, #1070, #4661 ),
 .UNSPECIFIED., .F., .F.,
 ( 4, 2, 2, 2, 2, 2, 2, 4 ),
 ( 4.818711198664599083E-07, 0.0008765200830274455859, 0.001314539188981235160, 0.001752558294935024734, 0.002190577400888814308, 0.002628596506842603882, 0.003066615612796393456, 0.003504634718750183030 ),
 .UNSPECIFIED. ) ;
#8282 = CARTESIAN_POINT ( 'NONE',  ( 4.282386290039718268, -0.7176137099602819536, -108.7022287304152854 ) ) ;
#8283 = CIRCLE ( 'NONE', #2845, 2.000000000000000000 ) ;
#8284 = CARTESIAN_POINT ( 'NONE',  ( 5.000000000000285105, 2.855686632286915929E-13, -40.50000000000021316 ) ) ;
#8285 = CARTESIAN_POINT ( 'NONE',  ( -0.4974474678531411453, -4.502552532146858688, -38.61327242306310126 ) ) ;
#8286 = LINE ( 'NONE', #1444, #7739 ) ;
#8287 = ORIENTED_EDGE ( 'NONE', *, *, #5791, .T. ) ;
#8288 = EDGE_LOOP ( 'NONE', ( #6699, #6054, #7903, #5112 ) ) ;
#8289 = CARTESIAN_POINT ( 'NONE',  ( 0.9999999999999993339, 0.000000000000000000, -75.50000000000000000 ) ) ;
#8290 = EDGE_CURVE ( 'NONE', #8746, #2232, #987, .T. ) ;
#8291 = AXIS2_PLACEMENT_3D ( 'NONE', #3443, #43, #4162 ) ;
#8292 = ORIENTED_EDGE ( 'NONE', *, *, #3633, .T. ) ;
#8293 = EDGE_CURVE ( 'NONE', #377, #6926, #750, .T. ) ;
#8294 = VERTEX_POINT ( 'NONE', #6724 ) ;
#8295 = CARTESIAN_POINT ( 'NONE',  ( -4.282386290039718268, -0.7176137099602820646, -81.20222873041525702 ) ) ;
#8296 = CARTESIAN_POINT ( 'NONE',  ( -4.040089233413048042, -0.9599107665869511807, -48.47763427936023106 ) ) ;
#8297 = AXIS2_PLACEMENT_3D ( 'NONE', #749, #6211, #5414 ) ;
#8298 = CARTESIAN_POINT ( 'NONE',  ( 0.4974474678531400351, -4.502552532146861353, -44.11327242306310836 ) ) ;
#8299 = CARTESIAN_POINT ( 'NONE',  ( 4.832344906989094468, -0.1676550930109069470, -69.14546193740920899 ) ) ;
#8300 = CARTESIAN_POINT ( 'NONE',  ( 1.137203174284255658, -3.862796825715745896, -92.62899883711648386 ) ) ;
#8301 = EDGE_CURVE ( 'NONE', #1237, #376, #8193, .T. ) ;
#8302 = TOROIDAL_SURFACE ( 'NONE', #5579, 1.000000000000000000, 3.999999999999996447 ) ;
#8303 = ORIENTED_EDGE ( 'NONE', *, *, #6041, .T. ) ;
#8304 = CYLINDRICAL_SURFACE ( 'NONE', #3010, 0.9999999999999995559 ) ;
#8305 = ORIENTED_EDGE ( 'NONE', *, *, #1240, .F. ) ;
#8306 = FACE_OUTER_BOUND ( 'NONE', #4054, .T. ) ;
#8307 = TOROIDAL_SURFACE ( 'NONE', #3033, 1.000000000000000000, 3.999999999999996447 ) ;
#8308 = TOROIDAL_SURFACE ( 'NONE', #6743, 1.000000000000000000, 1.999999999999994893 ) ;
#8309 = DIRECTION ( 'NONE',  ( -0.000000000000000000, -0.000000000000000000, 1.000000000000000000 ) ) ;
#8310 = CARTESIAN_POINT ( 'NONE',  ( -4.960065625082965113, -0.03993437491703669823, -72.91868978647572419 ) ) ;
#8311 = ORIENTED_EDGE ( 'NONE', *, *, #7230, .T. ) ;
#8312 = ADVANCED_FACE ( 'NONE', ( #3227 ), #7761, .F. ) ;
#8313 = ORIENTED_EDGE ( 'NONE', *, *, #4136, .T. ) ;
#8314 = AXIS2_PLACEMENT_3D ( 'NONE', #4122, #2950, #5641 ) ;
#8315 = AXIS2_PLACEMENT_3D ( 'NONE', #8405, #2263, #5002 ) ;
#8316 = CARTESIAN_POINT ( 'NONE',  ( -4.041784260359805536, -0.9582157396401946858, -60.02377465029932324 ) ) ;
#8317 = CARTESIAN_POINT ( 'NONE',  ( 0.000000000000000000, 0.000000000000000000, 0.000000000000000000 ) ) ;
#8318 = CARTESIAN_POINT ( 'NONE',  ( -0.6335913640931286617, -4.366408635906871893, -64.60619955116406743 ) ) ;
#8319 = CARTESIAN_POINT ( 'NONE',  ( 0.6335913640931379875, -4.366408635906863012, -26.10619955116407809 ) ) ;
#8320 = CARTESIAN_POINT ( 'NONE',  ( 1.136863993905362857, -3.863136006094637143, -10.37121622079730443 ) ) ;
#8321 = CARTESIAN_POINT ( 'NONE',  ( -4.999999999999986677, -1.245921937940029991E-14, -95.64725720788727870 ) ) ;
#8322 = DIRECTION ( 'NONE',  ( 0.000000000000000000, 0.000000000000000000, -1.000000000000000000 ) ) ;
#8323 = AXIS2_PLACEMENT_3D ( 'NONE', #1280, #7508, #3334 ) ;
#8324 = CARTESIAN_POINT ( 'NONE',  ( -5.000000000000281553, 2.811725620256466210E-13, -112.0000000000002132 ) ) ;
#8325 = CARTESIAN_POINT ( 'NONE',  ( 5.000000000000281553, 2.809514862196180954E-13, -68.00000000000021316 ) ) ;
#8326 = CARTESIAN_POINT ( 'NONE',  ( 0.1676550930162090114, -4.832344906983791155, -110.8545380625738943 ) ) ;
#8327 = AXIS2_PLACEMENT_3D ( 'NONE', #7901, #1088, #5075 ) ;
#8328 = CARTESIAN_POINT ( 'NONE',  ( -0.9582157396373276459, -4.041784260362672576, -86.97622534969822539 ) ) ;
#8329 = CARTESIAN_POINT ( 'NONE',  ( -4.739198801701953734, -0.2608011982980464882, -63.90923771779443996 ) ) ;
#8330 = DIRECTION ( 'NONE',  ( 1.000000000000000000, 0.000000000000000000, 0.000000000000000000 ) ) ;
#8331 = VERTEX_POINT ( 'NONE', #6002 ) ;
#8332 = ADVANCED_FACE ( 'NONE', ( #6771 ), #6907, .F. ) ;
#8333 = EDGE_LOOP ( 'NONE', ( #3331, #259, #7365 ) ) ;
#8334 = CARTESIAN_POINT ( 'NONE',  ( 0.000000000000000000, 0.000000000000000000, -117.5000000000000000 ) ) ;
#8335 = EDGE_LOOP ( 'NONE', ( #8155, #2323, #3050, #3447 ) ) ;
#8336 = AXIS2_PLACEMENT_3D ( 'NONE', #1759, #7976, #5868 ) ;
#8337 = CARTESIAN_POINT ( 'NONE',  ( 0.1593231317748074471, -4.840676868225192386, -69.14678058429971941 ) ) ;
#8338 = ORIENTED_EDGE ( 'NONE', *, *, #7541, .F. ) ;
#8339 = CARTESIAN_POINT ( 'NONE',  ( 5.000000000000281553, 2.809514862196180954E-13, -84.50000000000021316 ) ) ;
#8340 = CARTESIAN_POINT ( 'NONE',  ( 0.000000000000000000, 0.000000000000000000, -24.00000000000000355 ) ) ;
#8341 = CARTESIAN_POINT ( 'NONE',  ( 4.872131520502830604, -0.1278684794971703953, -41.50740203054003530 ) ) ;
#8342 = TOROIDAL_SURFACE ( 'NONE', #4780, 1.000000000000000000, 1.999999999999994893 ) ;
#8343 = EDGE_CURVE ( 'NONE', #3996, #2629, #3658, .T. ) ;
#8344 = EDGE_CURVE ( 'NONE', #5967, #532, #7038, .T. ) ;
#8345 = B_SPLINE_CURVE_WITH_KNOTS ( 'NONE', 3,
 ( #5568, #6921, #2116, #2756, #5485, #8219, #2206, #2076, #7550, #1418, #777, #3501 ),
 .UNSPECIFIED., .F., .F.,
 ( 4, 2, 2, 2, 2, 4 ),
 ( 0.003504634718750500918, 0.003941423334025352838, 0.004378211949300204325, 0.005251789179849907299, 0.006125366410399610273, 0.006998943640949313247 ),
 .UNSPECIFIED. ) ;
#8346 = CARTESIAN_POINT ( 'NONE',  ( -1.328041165545656765, -3.671958834454343013, -109.2499999999999858 ) ) ;
#8347 = CARTESIAN_POINT ( 'NONE',  ( 0.06459124883191524891, -4.935408751168084862, -78.27165234913492498 ) ) ;
#8348 = EDGE_CURVE ( 'NONE', #5678, #5651, #3894, .T. ) ;
#8349 = DIRECTION ( 'NONE',  ( -0.000000000000000000, -0.000000000000000000, 1.000000000000000000 ) ) ;
#8350 = ORIENTED_EDGE ( 'NONE', *, *, #1726, .F. ) ;
#8351 = CARTESIAN_POINT ( 'NONE',  ( -3.862796825714234661, -1.137203174285766005, -15.87100116288256046 ) ) ;
#8352 = ADVANCED_FACE ( 'NONE', ( #1887 ), #3393, .F. ) ;
#8353 = B_SPLINE_CURVE_WITH_KNOTS ( 'NONE', 3,
 ( #3156, #7904, #1091, #3719, #3769, #7085, #5885, #6465, #5078, #4455, #997, #7182, #4314, #6512, #1679, #4986 ),
 .UNSPECIFIED., .F., .F.,
 ( 4, 2, 2, 2, 2, 2, 2, 4 ),
 ( 4.818711198530449181E-07, 0.0008765200830274260703, 0.001314539188981219547, 0.001752558294935013241, 0.002190577400888806502, 0.002628596506842600412, 0.003066615612796393456, 0.003504634718750187367 ),
 .UNSPECIFIED. ) ;
#8354 = CARTESIAN_POINT ( 'NONE',  ( -0.2608011983036385706, -4.739198801696361762, -50.09076228219166893 ) ) ;
#8355 = DIRECTION ( 'NONE',  ( -0.000000000000000000, -0.000000000000000000, 1.000000000000000000 ) ) ;
#8356 = ORIENTED_EDGE ( 'NONE', *, *, #6362, .F. ) ;
#8357 = CARTESIAN_POINT ( 'NONE',  ( -0.1278684794971282901, -4.872131520502871460, -6.492597969460142338 ) ) ;
#8358 = ORIENTED_EDGE ( 'NONE', *, *, #2591, .F. ) ;
#8359 = B_SPLINE_CURVE_WITH_KNOTS ( 'NONE', 3,
 ( #6651, #1193, #7186, #5127, #4506, #8049, #1094, #1732, #8667, #5220, #5308, #372, #1861, #468, #7329, #5931 ),
 .UNSPECIFIED., .F., .F.,
 ( 4, 2, 2, 2, 2, 2, 2, 4 ),
 ( 4.818711199177020135E-07, 0.0008765200830275637640, 0.001314539188981386731, 0.001752558294935209699, 0.002190577400889032883, 0.002628596506842855850, 0.003066615612796678818, 0.003504634718750501785 ),
 .UNSPECIFIED. ) ;
#8360 = DIRECTION ( 'NONE',  ( 0.000000000000000000, -1.000000000000000000, 0.000000000000000000 ) ) ;
#8361 = DIRECTION ( 'NONE',  ( -0.000000000000000000, -0.000000000000000000, 1.000000000000000000 ) ) ;
#8362 = DIRECTION ( 'NONE',  ( -0.000000000000000000, -0.000000000000000000, 1.000000000000000000 ) ) ;
#8363 = CARTESIAN_POINT ( 'NONE',  ( -3.904737509655562544, 4.781924292710295550E-16, -48.75000000000000000 ) ) ;
#8364 = DIRECTION ( 'NONE',  ( -0.000000000000000000, -0.000000000000000000, 1.000000000000000000 ) ) ;
#8365 = DIRECTION ( 'NONE',  ( -0.000000000000000000, -0.000000000000000000, 1.000000000000000000 ) ) ;
#8366 = CARTESIAN_POINT ( 'NONE',  ( -4.686141179201310791, -0.3138588207986893752, -113.5346786877579746 ) ) ;
#8367 = DIRECTION ( 'NONE',  ( 1.000000000000000000, 0.000000000000000000, 0.000000000000000000 ) ) ;
#8368 = CARTESIAN_POINT ( 'NONE',  ( 3.671958834454343013, -1.328041165545656987, -76.25000000000000000 ) ) ;
#8369 = CARTESIAN_POINT ( 'NONE',  ( 3.904737509655572758, 0.000000000000000000, -65.24999999999998579 ) ) ;
#8370 = ADVANCED_FACE ( 'NONE', ( #3982 ), #580, .F. ) ;
#8371 = DIRECTION ( 'NONE',  ( -0.000000000000000000, -0.000000000000000000, 1.000000000000000000 ) ) ;
#8372 = CARTESIAN_POINT ( 'NONE',  ( 0.03993437491367330533, -4.960065625086327756, -41.08131021350184398 ) ) ;
#8373 = CARTESIAN_POINT ( 'NONE',  ( 1.137203174284267426, -3.862796825715733462, -54.12899883711651938 ) ) ;
#8374 = ORIENTED_EDGE ( 'NONE', *, *, #4187, .F. ) ;
#8375 = EDGE_LOOP ( 'NONE', ( #2014, #2509, #2872 ) ) ;
#8376 = CARTESIAN_POINT ( 'NONE',  ( -1.000000000000000000, 1.224646799147353207E-16, -35.00000000000000000 ) ) ;
#8377 = CARTESIAN_POINT ( 'NONE',  ( 0.2517800035594497943, -4.748219996440550261, -69.40883637235562276 ) ) ;
#8378 = ORIENTED_EDGE ( 'NONE', *, *, #7633, .T. ) ;
#8379 = DIRECTION ( 'NONE',  ( 1.000000000000000000, 0.000000000000000000, 0.000000000000000000 ) ) ;
#8380 = ADVANCED_FACE ( 'NONE', ( #8820 ), #8477, .F. ) ;
#8381 = CARTESIAN_POINT ( 'NONE',  ( 0.000000000000000000, 0.000000000000000000, -7.500000000000003553 ) ) ;
#8382 = DIRECTION ( 'NONE',  ( 1.000000000000000000, 0.000000000000000000, 0.000000000000000000 ) ) ;
#8383 = DIRECTION ( 'NONE',  ( -0.000000000000000000, -0.000000000000000000, 1.000000000000000000 ) ) ;
#8384 = CARTESIAN_POINT ( 'NONE',  ( -0.1676550930162012398, -4.832344906983800037, -44.85453806257385878 ) ) ;
#8385 = EDGE_CURVE ( 'NONE', #4737, #377, #5420, .T. ) ;
#8386 = ORIENTED_EDGE ( 'NONE', *, *, #8515, .T. ) ;
#8387 = CIRCLE ( 'NONE', #4957, 2.000000000000001776 ) ;
#8388 = CARTESIAN_POINT ( 'NONE',  ( -4.366408635906907421, -0.6335913640930936896, -16.39380044883598586 ) ) ;
#8389 = CARTESIAN_POINT ( 'NONE',  ( -3.904737509655564320, 4.781924292710295550E-16, -10.25000000000000178 ) ) ;
#8390 = DIRECTION ( 'NONE',  ( -0.000000000000000000, -0.000000000000000000, 1.000000000000000000 ) ) ;
#8391 = ORIENTED_EDGE ( 'NONE', *, *, #1563, .T. ) ;
#8392 = AXIS2_PLACEMENT_3D ( 'NONE', #3510, #7010, #3554 ) ;
#8393 = AXIS2_PLACEMENT_3D ( 'NONE', #2373, #5684, #8473 ) ;
#8394 = EDGE_CURVE ( 'NONE', #7791, #4775, #4183, .T. ) ;
#8395 = VERTEX_POINT ( 'NONE', #6979 ) ;
#8396 = EDGE_CURVE ( 'NONE', #787, #135, #890, .T. ) ;
#8397 = CARTESIAN_POINT ( 'NONE',  ( 4.366408635906908309, -0.6335913640930921353, -104.3938004488360036 ) ) ;
#8398 = ORIENTED_EDGE ( 'NONE', *, *, #7694, .F. ) ;
#8399 = AXIS2_PLACEMENT_3D ( 'NONE', #751, #6212, #8273 ) ;
#8400 = CARTESIAN_POINT ( 'NONE',  ( 4.991957775357461990, -0.008042224642536831627, -12.70753412542731375 ) ) ;
#8401 = CIRCLE ( 'NONE', #6399, 4.000000000000003553 ) ;
#8402 = CARTESIAN_POINT ( 'NONE',  ( 1.000000000000000000, 0.000000000000000000, -90.00000000000000000 ) ) ;
#8403 = B_SPLINE_CURVE_WITH_KNOTS ( 'NONE', 3,
 ( #1531, #47, #5511, #131, #1448, #6273, #2785, #4296, #1494, #6190, #2869, #6860 ),
 .UNSPECIFIED., .F., .F.,
 ( 4, 2, 2, 2, 2, 4 ),
 ( 0.003504634718750202545, 0.003941423334025086558, 0.004378211949299970138, 0.005251789179849738164, 0.006125366410399506190, 0.006998943640949273348 ),
 .UNSPECIFIED. ) ;
#8404 = CARTESIAN_POINT ( 'NONE',  ( -1.136863993905362635, -3.863136006094639363, -114.8712162207973506 ) ) ;
#8405 = CARTESIAN_POINT ( 'NONE',  ( 0.000000000000000000, 0.000000000000000000, 0.000000000000000000 ) ) ;
#8406 = DIRECTION ( 'NONE',  ( -0.000000000000000000, -0.000000000000000000, 1.000000000000000000 ) ) ;
#8407 = CARTESIAN_POINT ( 'NONE',  ( -5.000000000000000000, 0.000000000000000000, 8.000000000000007105 ) ) ;
#8408 = CARTESIAN_POINT ( 'NONE',  ( -0.6335913640931364332, -4.366408635906863012, -9.606199551164072759 ) ) ;
#8409 = CIRCLE ( 'NONE', #8559, 3.904737509655567873 ) ;
#8410 = CARTESIAN_POINT ( 'NONE',  ( -3.862796825714239546, -1.137203174285761786, -103.8710011628826066 ) ) ;
#8411 = DIRECTION ( 'NONE',  ( 1.000000000000000000, 0.000000000000000000, 0.000000000000000000 ) ) ;
#8412 = CARTESIAN_POINT ( 'NONE',  ( -3.904737509655567873, 4.781924292710299495E-16, -98.24999999999998579 ) ) ;
#8413 = DIRECTION ( 'NONE',  ( -0.000000000000000000, -0.000000000000000000, 1.000000000000000000 ) ) ;
#8414 = AXIS2_PLACEMENT_3D ( 'NONE', #7222, #3315, #2426 ) ;
#8415 = DIRECTION ( 'NONE',  ( -0.000000000000000000, -0.000000000000000000, 1.000000000000000000 ) ) ;
#8416 = EDGE_LOOP ( 'NONE', ( #8735, #444, #5060 ) ) ;
#8417 = ORIENTED_EDGE ( 'NONE', *, *, #5342, .F. ) ;
#8418 = DIRECTION ( 'NONE',  ( 1.000000000000000000, 0.000000000000000000, 0.000000000000000000 ) ) ;
#8419 = ORIENTED_EDGE ( 'NONE', *, *, #3409, .F. ) ;
#8420 = AXIS2_PLACEMENT_3D ( 'NONE', #4431, #2275, #7065 ) ;
#8421 = FACE_OUTER_BOUND ( 'NONE', #3893, .T. ) ;
#8422 = CARTESIAN_POINT ( 'NONE',  ( -0.4915337874163437926, -4.508466212583657651, -47.89376480692354221 ) ) ;
#8423 = CARTESIAN_POINT ( 'NONE',  ( 4.748219996434698054, -0.2517800035653025015, -88.59116362763018060 ) ) ;
#8424 = B_SPLINE_CURVE_WITH_KNOTS ( 'NONE', 3,
 ( #4067, #8320, #1349, #5458, #5416, #654, #8196, #2053, #2182, #2855, #2678, #618, #3349, #6936, #3515, #7615 ),
 .UNSPECIFIED., .F., .F.,
 ( 4, 2, 2, 2, 2, 2, 2, 4 ),
 ( 4.818711198600706329E-07, 0.0008765200830275084697, 0.001314539188981332738, 0.001752558294935157007, 0.002190577400888980841, 0.002628596506842805110, 0.003066615612796629378, 0.003504634718750453647 ),
 .UNSPECIFIED. ) ;
#8425 = CIRCLE ( 'NONE', #6143, 4.000000000000003553 ) ;
#8426 = FACE_OUTER_BOUND ( 'NONE', #5306, .T. ) ;
#8427 = CARTESIAN_POINT ( 'NONE',  ( 1.136863993906876757, -3.863136006093125019, -76.37121622079637007 ) ) ;
#8428 = CARTESIAN_POINT ( 'NONE',  ( 1.328041165545656765, -3.671958834454343013, -92.74999999999998579 ) ) ;
#8429 = CARTESIAN_POINT ( 'NONE',  ( 0.1593231317747713927, -4.840676868225228802, -80.14678058429960572 ) ) ;
#8430 = EDGE_LOOP ( 'NONE', ( #7165, #5884, #7868 ) ) ;
#8431 = AXIS2_PLACEMENT_3D ( 'NONE', #6083, #1966, #700 ) ;
#8432 = CARTESIAN_POINT ( 'NONE',  ( -4.935956332719894313, -0.06404366728010636722, -12.27440186598523475 ) ) ;
#8433 = FACE_OUTER_BOUND ( 'NONE', #8611, .T. ) ;
#8434 = CARTESIAN_POINT ( 'NONE',  ( 0.000000000000000000, -5.000000000000000000, -56.99999999999999289 ) ) ;
#8435 = VERTEX_POINT ( 'NONE', #5007 ) ;
#8436 = AXIS2_PLACEMENT_3D ( 'NONE', #5111, #4445, #7172 ) ;
#8437 = CARTESIAN_POINT ( 'NONE',  ( 4.567820679631958924, -0.4321793203680420747, -113.7734262372303533 ) ) ;
#8438 = ORIENTED_EDGE ( 'NONE', *, *, #7250, .F. ) ;
#8439 = CARTESIAN_POINT ( 'NONE',  ( 0.000000000000000000, -5.000000000000000000, -89.99999999997200462 ) ) ;
#8440 = AXIS2_PLACEMENT_3D ( 'NONE', #1460, #8349, #774 ) ;
#8441 = EDGE_LOOP ( 'NONE', ( #5725, #6949, #370 ) ) ;
#8442 = TOROIDAL_SURFACE ( 'NONE', #8174, 1.000000000000000000, 3.999999999999996447 ) ;
#8443 = CARTESIAN_POINT ( 'NONE',  ( -1.000000000000000000, 1.224646799147353207E-16, -5.500000000000000000 ) ) ;
#8444 = CARTESIAN_POINT ( 'NONE',  ( 0.9599899463623128293, -4.040010053637687726, -120.5222983861615944 ) ) ;
#8445 = EDGE_CURVE ( 'NONE', #7029, #2411, #6052, .T. ) ;
#8446 = CARTESIAN_POINT ( 'NONE',  ( -0.3138588207986401368, -4.686141179201361417, -115.9653213122421676 ) ) ;
#8447 = CARTESIAN_POINT ( 'NONE',  ( 4.999999999999986677, -1.267690684684465825E-14, -95.64725720788727870 ) ) ;
#8448 = DIRECTION ( 'NONE',  ( -0.000000000000000000, -0.000000000000000000, 1.000000000000000000 ) ) ;
#8449 = DIRECTION ( 'NONE',  ( -0.000000000000000000, -0.000000000000000000, -1.000000000000000000 ) ) ;
#8450 = B_SPLINE_CURVE_WITH_KNOTS ( 'NONE', 3,
 ( #2265, #1607, #920, #3692, #6433, #3647, #295, #2401, #6385, #7150, #5765, #249, #4368, #2982, #2220, #5715 ),
 .UNSPECIFIED., .F., .F.,
 ( 4, 2, 2, 2, 2, 2, 2, 4 ),
 ( 4.818711198566850422E-07, 0.0008765200830274430923, 0.001314539188981235377, 0.001752558294935027986, 0.002190577400888820379, 0.002628596506842612989, 0.003066615612796405599, 0.003504634718750195607 ),
 .UNSPECIFIED. ) ;
#8451 = ADVANCED_FACE ( 'NONE', ( #757 ), #1479, .T. ) ;
#8452 = CARTESIAN_POINT ( 'NONE',  ( -4.935956332719889872, -0.06404366728011029464, -100.2744018659852117 ) ) ;
#8453 = CIRCLE ( 'NONE', #5172, 4.000000000000003553 ) ;
#8454 = CIRCLE ( 'NONE', #3172, 1.999999999999994893 ) ;
#8455 = CARTESIAN_POINT ( 'NONE',  ( 5.000000000000283329, 2.838280096949033931E-13, -24.00000000000021316 ) ) ;
#8456 = CARTESIAN_POINT ( 'NONE',  ( 0.000000000000000000, 0.000000000000000000, 0.000000000000000000 ) ) ;
#8457 = CARTESIAN_POINT ( 'NONE',  ( -0.9999999999999995559, 1.224646799147352714E-16, 0.000000000000000000 ) ) ;
#8458 = DIRECTION ( 'NONE',  ( -1.000000000000000000, 1.224646799147353207E-16, 0.000000000000000000 ) ) ;
#8459 = TOROIDAL_SURFACE ( 'NONE', #7176, 1.000000000000000000, 1.999999999999994893 ) ;
#8460 = ADVANCED_FACE ( 'NONE', ( #168 ), #2622, .T. ) ;
#8461 = AXIS2_PLACEMENT_3D ( 'NONE', #5520, #2625, #7591 ) ;
#8462 = EDGE_CURVE ( 'NONE', #466, #3404, #4905, .T. ) ;
#8463 = CARTESIAN_POINT ( 'NONE',  ( 0.7150597559095273059, -4.284940244090472916, -4.199036097213865837 ) ) ;
#8464 = CARTESIAN_POINT ( 'NONE',  ( -5.000000000000007105, 5.905196070901760024E-15, -78.85315646955162094 ) ) ;
#8465 = VERTEX_POINT ( 'NONE', #2092 ) ;
#8466 = ORIENTED_EDGE ( 'NONE', *, *, #2421, .T. ) ;
#8467 = CARTESIAN_POINT ( 'NONE',  ( 4.991698401481084346, -0.008301598518917116185, -18.79625362935772515 ) ) ;
#8468 = CARTESIAN_POINT ( 'NONE',  ( -4.748219996434697165, -0.2517800035653023905, -6.091163627630149513 ) ) ;
#8469 = AXIS2_PLACEMENT_3D ( 'NONE', #3670, #272, #5451 ) ;
#8470 = ORIENTED_EDGE ( 'NONE', *, *, #2963, .T. ) ;
#8471 = AXIS2_PLACEMENT_3D ( 'NONE', #2835, #6367, #2242 ) ;
#8472 = ORIENTED_EDGE ( 'NONE', *, *, #8782, .F. ) ;
#8473 = DIRECTION ( 'NONE',  ( 1.000000000000000000, 0.000000000000000000, 0.000000000000000000 ) ) ;
#8474 = CARTESIAN_POINT ( 'NONE',  ( -0.9582157396373355285, -4.041784260362662806, -48.47622534969823249 ) ) ;
#8475 = CARTESIAN_POINT ( 'NONE',  ( 0.000000000000000000, 0.000000000000000000, -123.0000000000000000 ) ) ;
#8476 = CARTESIAN_POINT ( 'NONE',  ( -1.137203174284265206, -3.862796825715734794, -98.12899883711648386 ) ) ;
#8477 = TOROIDAL_SURFACE ( 'NONE', #3038, 1.000000000000000000, 1.999999999999998224 ) ;
#8478 = CARTESIAN_POINT ( 'NONE',  ( -0.4321793203734997091, -4.567820679626501068, -110.2265737627597986 ) ) ;
#8479 = DIRECTION ( 'NONE',  ( -0.000000000000000000, -0.000000000000000000, 1.000000000000000000 ) ) ;
#8480 = CARTESIAN_POINT ( 'NONE',  ( 1.000000000000000000, 0.000000000000000000, -106.5000000000000000 ) ) ;
#8481 = B_SPLINE_CURVE_WITH_KNOTS ( 'NONE', 3,
 ( #5861, #3042, #3792, #3653, #6394, #256, #5196, #6535, #2991, #5723, #8463, #7831, #1706, #8547 ),
 .UNSPECIFIED., .F., .F.,
 ( 4, 2, 2, 2, 2, 2, 4 ),
 ( 1.970071025772010310E-07, 0.0008756576440557241802, 0.001313387962532297634, 0.001751118281008871196, 0.002188848599485444541, 0.002626578917962019404, 0.003502039554915169998 ),
 .UNSPECIFIED. ) ;
#8482 = DIRECTION ( 'NONE',  ( 1.000000000000000000, 0.000000000000000000, 0.000000000000000000 ) ) ;
#8483 = ORIENTED_EDGE ( 'NONE', *, *, #2873, .T. ) ;
#8484 = TOROIDAL_SURFACE ( 'NONE', #4489, 1.000000000000000000, 3.999999999999996447 ) ;
#8485 = B_SPLINE_CURVE_WITH_KNOTS ( 'NONE', 3,
 ( #3531, #6320, #133, #849, #2826, #8337, #8377, #3493, #4976, #6357, #180, #4342 ),
 .UNSPECIFIED., .F., .F.,
 ( 4, 2, 2, 2, 2, 4 ),
 ( 0.003504634718722942233, 0.003941423334001238447, 0.004378211949279535095, 0.005251789179836127523, 0.006125366410392719951, 0.006998943640949313247 ),
 .UNSPECIFIED. ) ;
#8486 = CARTESIAN_POINT ( 'NONE',  ( -3.671958834454336351, -1.328041165545663871, -10.25000000000000178 ) ) ;
#8487 = B_SPLINE_CURVE_WITH_KNOTS ( 'NONE', 3,
 ( #5402, #4093, #688, #3373, #2709, #2665, #8135, #5443, #607, #7424, #5363, #6749, #1378, #1918, #8095, #5486 ),
 .UNSPECIFIED., .F., .F.,
 ( 4, 2, 2, 2, 2, 2, 2, 4 ),
 ( 4.818711198664599083E-07, 0.0008765200830274455859, 0.001314539188981235160, 0.001752558294935024734, 0.002190577400888814308, 0.002628596506842603882, 0.003066615612796393456, 0.003504634718750183030 ),
 .UNSPECIFIED. ) ;
#8488 = DIRECTION ( 'NONE',  ( 0.000000000000000000, 0.000000000000000000, -1.000000000000000000 ) ) ;
#8489 = CARTESIAN_POINT ( 'NONE',  ( -3.904737509655567873, 4.781924292710299495E-16, -81.74999999999998579 ) ) ;
#8490 = ORIENTED_EDGE ( 'NONE', *, *, #4346, .F. ) ;
#8491 = VERTEX_POINT ( 'NONE', #8368 ) ;
#8492 = CARTESIAN_POINT ( 'NONE',  ( 0.04063066961830674728, -4.959369330381694141, -67.41386551652202286 ) ) ;
#8493 = ORIENTED_EDGE ( 'NONE', *, *, #6391, .F. ) ;
#8494 = CARTESIAN_POINT ( 'NONE',  ( -3.000000000000000000, 3.673940397442059375E-16, -2.000000000000000000 ) ) ;
#8495 = CARTESIAN_POINT ( 'NONE',  ( 1.022952161278360091E-12, -4.999999999998977707, -51.35274279208621095 ) ) ;
#8496 = CARTESIAN_POINT ( 'NONE',  ( 0.000000000000000000, 0.000000000000000000, -18.50000000000000355 ) ) ;
#8497 = CARTESIAN_POINT ( 'NONE',  ( -4.040089233413053371, -0.9599107665869472950, -114.4776342793601884 ) ) ;
#8498 = DIRECTION ( 'NONE',  ( -1.000000000000000000, 1.224646799147353207E-16, 0.000000000000000000 ) ) ;
#8499 = CARTESIAN_POINT ( 'NONE',  ( -0.1676550930162088171, -4.832344906983790267, -94.35453806257382325 ) ) ;
#8500 = ADVANCED_FACE ( 'NONE', ( #122 ), #7570, .T. ) ;
#8501 = FACE_OUTER_BOUND ( 'NONE', #8140, .T. ) ;
#8502 = EDGE_CURVE ( 'NONE', #3266, #1098, #2270, .T. ) ;
#8503 = CARTESIAN_POINT ( 'NONE',  ( -0.1593231317802012992, -4.840676868219798479, -25.14678058431652019 ) ) ;
#8504 = EDGE_CURVE ( 'NONE', #2411, #3113, #2477, .T. ) ;
#8505 = CARTESIAN_POINT ( 'NONE',  ( 4.840676868219849105, -0.1593231317801506730, -55.85321941568361126 ) ) ;
#8506 = DIRECTION ( 'NONE',  ( 1.000000000000000000, 0.000000000000000000, 0.000000000000000000 ) ) ;
#8507 = EDGE_CURVE ( 'NONE', #3404, #6688, #234, .T. ) ;
#8508 = ORIENTED_EDGE ( 'NONE', *, *, #2135, .F. ) ;
#8509 = ORIENTED_EDGE ( 'NONE', *, *, #5706, .F. ) ;
#8510 = VERTEX_POINT ( 'NONE', #6897 ) ;
#8511 = CARTESIAN_POINT ( 'NONE',  ( 0.000000000000000000, 0.000000000000000000, -56.99999999999999289 ) ) ;
#8512 = EDGE_LOOP ( 'NONE', ( #3459, #5439, #978 ) ) ;
#8513 = EDGE_CURVE ( 'NONE', #8224, #6778, #7043, .T. ) ;
#8514 = CARTESIAN_POINT ( 'NONE',  ( 4.739198801701953734, -0.2608011982980464882, -63.90923771779443996 ) ) ;
#8515 = EDGE_CURVE ( 'NONE', #7360, #5101, #3448, .T. ) ;
#8516 = DIRECTION ( 'NONE',  ( 1.000000000000000000, 0.000000000000000000, 0.000000000000000000 ) ) ;
#8517 = CARTESIAN_POINT ( 'NONE',  ( -0.1593231317748076137, -4.840676868225192386, -96.64678058429974783 ) ) ;
#8518 = CARTESIAN_POINT ( 'NONE',  ( 4.366408635906906532, -0.6335913640930934676, -109.8938004488360036 ) ) ;
#8519 = CARTESIAN_POINT ( 'NONE',  ( 0.4321793203735384004, -4.567820679626461100, -104.7265737627597559 ) ) ;
#8520 = CARTESIAN_POINT ( 'NONE',  ( -4.959369330385072772, -0.04063066961492736717, -8.086134483455696298 ) ) ;
#8521 = DIRECTION ( 'NONE',  ( 1.000000000000000000, 0.000000000000000000, 0.000000000000000000 ) ) ;
#8522 = EDGE_CURVE ( 'NONE', #8331, #6292, #1430, .T. ) ;
#8523 = VERTEX_POINT ( 'NONE', #4425 ) ;
#8524 = CARTESIAN_POINT ( 'NONE',  ( -3.862796825714234217, -1.137203174285766005, -10.37100116288255691 ) ) ;
#8525 = CARTESIAN_POINT ( 'NONE',  ( -0.03993437491367320125, -4.960065625086328644, -35.58131021350184398 ) ) ;
#8526 = CARTESIAN_POINT ( 'NONE',  ( 1.000000000000000000, 0.000000000000000000, -77.00000000000000000 ) ) ;
#8527 = ORIENTED_EDGE ( 'NONE', *, *, #8793, .T. ) ;
#8528 = DIRECTION ( 'NONE',  ( 1.000000000000000000, 0.000000000000000000, 0.000000000000000000 ) ) ;
#8529 = AXIS2_PLACEMENT_3D ( 'NONE', #2235, #1667, #8560 ) ;
#8530 = VERTEX_POINT ( 'NONE', #969 ) ;
#8531 = CARTESIAN_POINT ( 'NONE',  ( -3.904737509655565209, 4.781924292710293578E-16, -21.24999999999999645 ) ) ;
#8532 = ORIENTED_EDGE ( 'NONE', *, *, #1557, .F. ) ;
#8533 = CARTESIAN_POINT ( 'NONE',  ( -0.2517800035594496832, -4.748219996440550261, -69.40883637235562276 ) ) ;
#8534 = AXIS2_PLACEMENT_3D ( 'NONE', #5535, #4709, #2675 ) ;
#8535 = CARTESIAN_POINT ( 'NONE',  ( 0.4974474678531439764, -4.502552532146855135, -49.61327242306310836 ) ) ;
#8536 = CARTESIAN_POINT ( 'NONE',  ( 0.000000000000000000, 0.000000000000000000, -106.5000000000000000 ) ) ;
#8537 = B_SPLINE_CURVE_WITH_KNOTS ( 'NONE', 3,
 ( #5269, #7238, #5134, #2496, #3782, #2397, #1784, #4513, #8004, #7337, #4653, #1102 ),
 .UNSPECIFIED., .F., .F.,
 ( 4, 2, 2, 2, 2, 4 ),
 ( 0.003504634718750454514, 0.003941423334025311205, 0.004378211949300167896, 0.005251789179849871737, 0.006125366410399575579, 0.006998943640949279420 ),
 .UNSPECIFIED. ) ;
#8538 = CARTESIAN_POINT ( 'NONE',  ( -5.000000000000281553, 2.811725620256466210E-13, -90.00000000000019895 ) ) ;
#8539 = DIRECTION ( 'NONE',  ( -1.000000000000000000, 1.224646799147353207E-16, 0.000000000000000000 ) ) ;
#8540 = CARTESIAN_POINT ( 'NONE',  ( -4.748219996434693613, -0.2517800035653069424, -99.59116362763013797 ) ) ;
#8541 = EDGE_CURVE ( 'NONE', #4743, #3631, #3048, .T. ) ;
#8542 = CARTESIAN_POINT ( 'NONE',  ( -0.4974474678531454752, -4.502552532146853359, -93.61327242306307994 ) ) ;
#8543 = AXIS2_PLACEMENT_3D ( 'NONE', #8220, #6113, #5315 ) ;
#8544 = CARTESIAN_POINT ( 'NONE',  ( -0.06404366727607974097, -4.935956332723921314, -101.7255981339934579 ) ) ;
#8545 = CARTESIAN_POINT ( 'NONE',  ( -4.935408751172079889, -0.06459124882791947297, -41.22834765084402164 ) ) ;
#8546 = CARTESIAN_POINT ( 'NONE',  ( 0.000000000000000000, 0.000000000000000000, -21.24999999999999645 ) ) ;
#8547 = CARTESIAN_POINT ( 'NONE',  ( 1.328041165545667646, -3.671958834454332354, -4.750000000000002665 ) ) ;
#8548 = CARTESIAN_POINT ( 'NONE',  ( -1.020332500130741171E-12, -5.000000000001020517, -51.64684353042216003 ) ) ;
#8549 = ORIENTED_EDGE ( 'NONE', *, *, #7847, .T. ) ;
#8550 = EDGE_CURVE ( 'NONE', #7258, #2021, #758, .T. ) ;
#8551 = EDGE_LOOP ( 'NONE', ( #3134, #6568, #2529 ) ) ;
#8552 = AXIS2_PLACEMENT_3D ( 'NONE', #6427, #3025, #7688 ) ;
#8553 = ORIENTED_EDGE ( 'NONE', *, *, #8231, .F. ) ;
#8554 = AXIS2_PLACEMENT_3D ( 'NONE', #493, #5919, #3229 ) ;
#8555 = CARTESIAN_POINT ( 'NONE',  ( 5.000000000000283329, 2.837102721152350454E-13, -18.50000000000020961 ) ) ;
#8556 = CARTESIAN_POINT ( 'NONE',  ( 4.991698401481084346, -0.008301598518916014635, -13.29625362935772159 ) ) ;
#8557 = ORIENTED_EDGE ( 'NONE', *, *, #2890, .F. ) ;
#8558 = CARTESIAN_POINT ( 'NONE',  ( -0.04063066961833020768, -4.959369330381669272, -78.41386551652186654 ) ) ;
#8559 = AXIS2_PLACEMENT_3D ( 'NONE', #5270, #8005, #8263 ) ;
#8560 = DIRECTION ( 'NONE',  ( 1.000000000000000000, 0.000000000000000000, 0.000000000000000000 ) ) ;
#8561 = DIRECTION ( 'NONE',  ( 1.000000000000000000, 0.000000000000000000, 0.000000000000000000 ) ) ;
#8562 = FACE_OUTER_BOUND ( 'NONE', #2298, .T. ) ;
#8563 = ADVANCED_FACE ( 'NONE', ( #3743 ), #5349, .T. ) ;
#8564 = DIRECTION ( 'NONE',  ( -0.000000000000000000, -0.000000000000000000, 1.000000000000000000 ) ) ;
#8565 = CARTESIAN_POINT ( 'NONE',  ( -4.739198801701949293, -0.2608011982980511512, -74.90923771779446838 ) ) ;
#8566 = DIRECTION ( 'NONE',  ( 1.000000000000000000, 0.000000000000000000, 0.000000000000000000 ) ) ;
#8567 = AXIS2_PLACEMENT_3D ( 'NONE', #8129, #1500, #2662 ) ;
#8568 = B_SPLINE_CURVE_WITH_KNOTS ( 'NONE', 3,
 ( #5698, #909, #2249, #8310, #7002, #4911, #821, #4989, #6291, #7721, #1592, #152 ),
 .UNSPECIFIED., .F., .F.,
 ( 4, 2, 2, 2, 2, 4 ),
 ( 0.003504634718750183030, 0.003941423334025067476, 0.004378211949299951056, 0.005251789179849719949, 0.006125366410399488842, 0.006998943640949258603 ),
 .UNSPECIFIED. ) ;
#8569 = CARTESIAN_POINT ( 'NONE',  ( 1.000000000000000000, 0.000000000000000000, -18.50000000000000355 ) ) ;
#8570 = EDGE_CURVE ( 'NONE', #6544, #7947, #5571, .T. ) ;
#8571 = VERTEX_POINT ( 'NONE', #4521 ) ;
#8572 = ORIENTED_EDGE ( 'NONE', *, *, #2882, .F. ) ;
#8573 = TOROIDAL_SURFACE ( 'NONE', #4726, 1.000000000000000000, 3.999999999999999112 ) ;
#8574 = ORIENTED_EDGE ( 'NONE', *, *, #3323, .F. ) ;
#8575 = CARTESIAN_POINT ( 'NONE',  ( 0.000000000000000000, -5.000000000000000000, -40.49999999997221778 ) ) ;
#8576 = CARTESIAN_POINT ( 'NONE',  ( 0.9999999999999993339, 0.000000000000000000, -69.99999999999998579 ) ) ;
#8577 = ORIENTED_EDGE ( 'NONE', *, *, #1235, .T. ) ;
#8578 = AXIS2_PLACEMENT_3D ( 'NONE', #2945, #3699, #2908 ) ;
#8579 = EDGE_LOOP ( 'NONE', ( #4700, #4531, #7405, #7032 ) ) ;
#8580 = EDGE_LOOP ( 'NONE', ( #3018, #8670, #7988 ) ) ;
#8581 = ORIENTED_EDGE ( 'NONE', *, *, #5235, .F. ) ;
#8582 = CARTESIAN_POINT ( 'NONE',  ( 0.000000000000000000, 0.000000000000000000, -106.5000000000000000 ) ) ;
#8583 = CARTESIAN_POINT ( 'NONE',  ( 0.000000000000000000, -5.000000000000000000, -123.0000000000000000 ) ) ;
#8584 = AXIS2_PLACEMENT_3D ( 'NONE', #1478, #3386, #4106 ) ;
#8585 = EDGE_CURVE ( 'NONE', #8851, #7332, #1486, .T. ) ;
#8586 = CARTESIAN_POINT ( 'NONE',  ( 0.000000000000000000, 0.000000000000000000, 0.000000000000000000 ) ) ;
#8587 = CARTESIAN_POINT ( 'NONE',  ( 0.3138588208043166516, -4.686141179195685069, -27.96532131222950568 ) ) ;
#8588 = CARTESIAN_POINT ( 'NONE',  ( -4.748219996434698054, -0.2517800035653024460, -88.59116362763018060 ) ) ;
#8589 = CARTESIAN_POINT ( 'NONE',  ( -0.4915337874217818870, -4.508466212578217558, -9.393764806932125566 ) ) ;
#8590 = CARTESIAN_POINT ( 'NONE',  ( 4.739198801701947517, -0.2608011982980506516, -25.40923771779446128 ) ) ;
#8591 = TOROIDAL_SURFACE ( 'NONE', #4018, 1.000000000000000000, 2.000000000000000000 ) ;
#8592 = CARTESIAN_POINT ( 'NONE',  ( 0.000000000000000000, 0.000000000000000000, -46.00000000000000000 ) ) ;
#8593 = CARTESIAN_POINT ( 'NONE',  ( 0.008042224642554003655, -4.991957775357446003, -62.79246587457290474 ) ) ;
#8594 = CARTESIAN_POINT ( 'NONE',  ( 0.9999999999999995559, 0.000000000000000000, 0.000000000000000000 ) ) ;
#8595 = CARTESIAN_POINT ( 'NONE',  ( -0.9999999999999993339, 1.224646799147353207E-16, -91.99999999999998579 ) ) ;
#8596 = CARTESIAN_POINT ( 'NONE',  ( -0.4321793203679885065, -4.567820679632013103, -55.22657376276973906 ) ) ;
#8597 = ORIENTED_EDGE ( 'NONE', *, *, #675, .T. ) ;
#8598 = CIRCLE ( 'NONE', #7892, 4.000000000000000000 ) ;
#8599 = ORIENTED_EDGE ( 'NONE', *, *, #1405, .F. ) ;
#8600 = TOROIDAL_SURFACE ( 'NONE', #4157, 1.000000000000000000, 3.999999999999996447 ) ;
#8601 = ORIENTED_EDGE ( 'NONE', *, *, #7289, .T. ) ;
#8602 = FACE_OUTER_BOUND ( 'NONE', #4551, .T. ) ;
#8603 = CARTESIAN_POINT ( 'NONE',  ( 4.840676868219849105, -0.1593231317801506730, -44.85321941568362547 ) ) ;
#8604 = VERTEX_POINT ( 'NONE', #4478 ) ;
#8605 = FACE_OUTER_BOUND ( 'NONE', #5932, .T. ) ;
#8606 = AXIS2_PLACEMENT_3D ( 'NONE', #6553, #3714, #8566 ) ;
#8607 = VECTOR ( 'NONE', #7427, 1000.000000000000000 ) ;
#8608 = DIRECTION ( 'NONE',  ( 1.000000000000000000, 0.000000000000000000, 0.000000000000000000 ) ) ;
#8609 = DIRECTION ( 'NONE',  ( 0.000000000000000000, -1.000000000000000000, 0.000000000000000000 ) ) ;
#8610 = DIRECTION ( 'NONE',  ( -0.000000000000000000, -0.000000000000000000, 1.000000000000000000 ) ) ;
#8611 = EDGE_LOOP ( 'NONE', ( #5755, #3729, #3813, #1261, #2953, #5569, #6284, #914, #5106, #4461, #6957, #175, #6141, #7277, #7515, #1775, #7927, #6077, #5556, #8572, #4470, #4509, #1710, #2467, #5927, #1053, #619, #5484, #8694, #1350, #646, #6584, #8242, #768, #8305, #5800, #693, #7945, #3064, #1331, #1572, #8018, #5204, #86, #720, #7914, #5066, #8553, #1075, #4933, #6482, #6731, #5012, #337, #2028, #5166, #520, #3494, #2934, #7703, #3938, #5998, #2949, #3045, #6145, #1927, #3087, #367, #7649, #6376, #1257, #2572, #3703, #1, #3088, #145, #5221, #7003, #2245, #2330, #355, #5815, #2042, #5246, #4774, #4532, #199, #912, #1243, #6705, #2009, #2783, #2472, #731 ) ) ;
#8612 = CARTESIAN_POINT ( 'NONE',  ( 5.000000000000000000, -8.673617379884035472E-16, 0.000000000000000000 ) ) ;
#8613 = CARTESIAN_POINT ( 'NONE',  ( -4.567820679631958924, -0.4321793203680420747, -75.27342623723035331 ) ) ;
#8614 = DIRECTION ( 'NONE',  ( 1.000000000000000000, 0.000000000000000000, 0.000000000000000000 ) ) ;
#8615 = TOROIDAL_SURFACE ( 'NONE', #4765, 1.000000000000002220, 3.999999999999994671 ) ;
#8616 = CIRCLE ( 'NONE', #26, 3.904737509655563876 ) ;
#8617 = DIRECTION ( 'NONE',  ( 1.000000000000000000, 0.000000000000000000, 0.000000000000000000 ) ) ;
#8618 = ORIENTED_EDGE ( 'NONE', *, *, #3209, .F. ) ;
#8619 = ORIENTED_EDGE ( 'NONE', *, *, #2706, .T. ) ;
#8620 = EDGE_CURVE ( 'NONE', #108, #5081, #4942, .T. ) ;
#8621 = CIRCLE ( 'NONE', #2749, 1.999999999999994893 ) ;
#8622 = EDGE_CURVE ( 'NONE', #7757, #1780, #3534, .T. ) ;
#8623 = EDGE_CURVE ( 'NONE', #1492, #4931, #4192, .T. ) ;
#8624 = ORIENTED_EDGE ( 'NONE', *, *, #1680, .F. ) ;
#8625 = CARTESIAN_POINT ( 'NONE',  ( -0.7176137099646009432, -4.282386290035399057, -87.79777126957939970 ) ) ;
#8626 = FACE_OUTER_BOUND ( 'NONE', #4904, .T. ) ;
#8627 = ADVANCED_FACE ( 'NONE', ( #1205 ), #8342, .F. ) ;
#8628 = VERTEX_POINT ( 'NONE', #3257 ) ;
#8629 = TOROIDAL_SURFACE ( 'NONE', #1909, 1.000000000000000000, 3.999999999999996447 ) ;
#8630 = PERSON_AND_ORGANIZATION ( #558, #2484 ) ;
#8631 = ORIENTED_EDGE ( 'NONE', *, *, #4450, .F. ) ;
#8632 = VERTEX_POINT ( 'NONE', #1293 ) ;
#8633 = CARTESIAN_POINT ( 'NONE',  ( -4.935408751172079889, -0.06459124882791947297, -52.22834765084401454 ) ) ;
#8634 = DIRECTION ( 'NONE',  ( -0.000000000000000000, -0.000000000000000000, 1.000000000000000000 ) ) ;
#8635 = LOCAL_TIME ( 3, 32, 11.00000000000000000, #509 ) ;
#8636 = CARTESIAN_POINT ( 'NONE',  ( 1.000000000000000000, 0.000000000000000000, -35.00000000000000000 ) ) ;
#8637 = CARTESIAN_POINT ( 'NONE',  ( 4.960065625082966001, -0.03993437491703492187, -6.918689786475724190 ) ) ;
#8638 = ORIENTED_EDGE ( 'NONE', *, *, #3674, .T. ) ;
#8639 = CARTESIAN_POINT ( 'NONE',  ( -0.06404366728014708465, -4.935956332719855233, -118.2255981340149731 ) ) ;
#8640 = LINE ( 'NONE', #7961, #867 ) ;
#8641 = CARTESIAN_POINT ( 'NONE',  ( -0.6401341107464958435, -4.359865889253503823, -93.39874954628008652 ) ) ;
#8642 = EDGE_CURVE ( 'NONE', #2784, #4770, #7930, .T. ) ;
#8643 = CARTESIAN_POINT ( 'NONE',  ( 3.863136006094625152, -1.136863993905375736, -32.12878377920271333 ) ) ;
#8644 = CARTESIAN_POINT ( 'NONE',  ( -4.999999999999990230, -9.175390286360334753E-15, -40.64725720788727870 ) ) ;
#8645 = CARTESIAN_POINT ( 'NONE',  ( 0.9582157396373277569, -4.041784260362672576, -103.4762253496982112 ) ) ;
#8646 = DIRECTION ( 'NONE',  ( -0.000000000000000000, -0.000000000000000000, 1.000000000000000000 ) ) ;
#8647 = FACE_OUTER_BOUND ( 'NONE', #6378, .T. ) ;
#8648 = ORIENTED_EDGE ( 'NONE', *, *, #8183, .F. ) ;
#8649 = ORIENTED_EDGE ( 'NONE', *, *, #7484, .F. ) ;
#8650 = ORIENTED_EDGE ( 'NONE', *, *, #6103, .T. ) ;
#8651 = CARTESIAN_POINT ( 'NONE',  ( -3.671958834454342124, -1.328041165545657876, -43.25000000000000711 ) ) ;
#8652 = CARTESIAN_POINT ( 'NONE',  ( 4.960065625082965113, -0.03993437491703408226, -45.41868978647570998 ) ) ;
#8653 = ORIENTED_EDGE ( 'NONE', *, *, #2719, .F. ) ;
#8654 = ADVANCED_FACE ( 'NONE', ( #6080 ), #5410, .F. ) ;
#8655 = CARTESIAN_POINT ( 'NONE',  ( -0.2608011983036451209, -4.739198801696356433, -99.59076228219169025 ) ) ;
#8656 = CARTESIAN_POINT ( 'NONE',  ( -3.904737509655567873, 4.781924292710299495E-16, -70.75000000000000000 ) ) ;
#8657 = CARTESIAN_POINT ( 'NONE',  ( 0.000000000000000000, 0.000000000000000000, -73.50000000000001421 ) ) ;
#8658 = FACE_OUTER_BOUND ( 'NONE', #2994, .T. ) ;
#8659 = CARTESIAN_POINT ( 'NONE',  ( -1.137203174284255436, -3.862796825715746341, -109.1289988371165265 ) ) ;
#8660 = CARTESIAN_POINT ( 'NONE',  ( 0.04063066961830211210, -4.959369330381698582, -39.91386551652202286 ) ) ;
#8661 = CARTESIAN_POINT ( 'NONE',  ( 1.023923072794151746E-12, -5.000000000001025846, -79.14684353042196108 ) ) ;
#8662 = EDGE_LOOP ( 'NONE', ( #4507, #5183, #5888, #655 ) ) ;
#8663 = EDGE_LOOP ( 'NONE', ( #4846, #7137, #5913, #2413, #6423, #1367, #6783, #765, #215, #3495, #3106, #2824, #4596, #8019, #7114, #3434, #8784, #4502, #2020, #1795, #6029, #3947, #1977, #4501, #8757, #7419, #7664, #512, #1493, #7159, #510, #4893, #1932, #1994, #4807, #7952, #6464, #3768, #2868, #8739, #3770, #1940, #2175, #4867, #3225, #4977, #3253, #6966, #3294, #1191, #1644, #3870, #308, #3983, #1640, #3839, #3401, #5258, #3367, #3876, #4990, #1089, #155, #823, #7181, #6230, #3060, #5037, #1047, #2493, #1664, #4384, #6815, #7902, #6510, #7252, #8094, #7931, #1730, #4255, #1408, #8827, #3861, #2912, #3948, #5658, #3024, #5518, #7052, #8791, #6611, #2431, #4186, #633 ) ) ;
#8664 = CARTESIAN_POINT ( 'NONE',  ( -0.008301598518898629236, -4.991698401481101222, -18.20374637064252354 ) ) ;
#8665 = VERTEX_POINT ( 'NONE', #1342 ) ;
#8666 = DIRECTION ( 'NONE',  ( -0.000000000000000000, -0.000000000000000000, 1.000000000000000000 ) ) ;
#8667 = CARTESIAN_POINT ( 'NONE',  ( -0.2608011982980036891, -4.739198801701995478, -72.09076228220567373 ) ) ;
#8668 = ORIENTED_EDGE ( 'NONE', *, *, #2342, .T. ) ;
#8669 = EDGE_CURVE ( 'NONE', #1600, #8066, #7636, .T. ) ;
#8670 = ORIENTED_EDGE ( 'NONE', *, *, #5053, .T. ) ;
#8671 = CARTESIAN_POINT ( 'NONE',  ( -1.137203174284265206, -3.862796825715734794, -70.62899883711648386 ) ) ;
#8672 = CARTESIAN_POINT ( 'NONE',  ( 0.000000000000000000, 0.000000000000000000, -7.500000000000003553 ) ) ;
#8673 = DIRECTION ( 'NONE',  ( 1.224646799147353207E-16, 1.000000000000000000, 0.000000000000000000 ) ) ;
#8674 = CARTESIAN_POINT ( 'NONE',  ( 0.2608011983036582215, -4.739198801696341334, -28.09076228219161919 ) ) ;
#8675 = EDGE_CURVE ( 'NONE', #3622, #3312, #1773, .T. ) ;
#8676 = DIRECTION ( 'NONE',  ( -1.000000000000000000, 1.224646799147353207E-16, 0.000000000000000000 ) ) ;
#8677 = DIRECTION ( 'NONE',  ( -0.000000000000000000, -0.000000000000000000, 1.000000000000000000 ) ) ;
#8678 = CARTESIAN_POINT ( 'NONE',  ( -0.008301598518898124432, -4.991698401481102110, -12.70374637064251289 ) ) ;
#8679 = ADVANCED_FACE ( 'NONE', ( #481 ), #8010, .F. ) ;
#8680 = VERTEX_POINT ( 'NONE', #6841 ) ;
#8681 = CARTESIAN_POINT ( 'NONE',  ( -0.2517800035594496832, -4.748219996440550261, -102.4088363723556228 ) ) ;
#8682 = AXIS2_PLACEMENT_3D ( 'NONE', #220, #266, #5736 ) ;
#8683 = CARTESIAN_POINT ( 'NONE',  ( -3.671958834454343013, -1.328041165545656765, -109.2499999999999858 ) ) ;
#8684 = CARTESIAN_POINT ( 'NONE',  ( 3.904737509655568317, 0.000000000000000000, -81.74999999999998579 ) ) ;
#8685 = B_SPLINE_CURVE_WITH_KNOTS ( 'NONE', 3,
 ( #1847, #6591, #1804, #3851, #2565, #4674, #5872, #1895, #7358, #8030, #1219, #3941, #8742, #3987, #6680, #4585 ),
 .UNSPECIFIED., .F., .F.,
 ( 4, 2, 2, 2, 2, 2, 2, 4 ),
 ( 4.818711199173202134E-07, 0.0008765200830206723581, 0.001314539188971050815, 0.001752558294921429055, 0.002190577400871807079, 0.002628596506822185753, 0.003066615612772563559, 0.003504634718722942233 ),
 .UNSPECIFIED. ) ;
#8686 = CARTESIAN_POINT ( 'NONE',  ( 0.9599107665869291983, -4.040089233413071135, -71.02236572063978315 ) ) ;
#8687 = CARTESIAN_POINT ( 'NONE',  ( 0.000000000000000000, 0.000000000000000000, -84.50000000000000000 ) ) ;
#8688 = VERTEX_POINT ( 'NONE', #6339 ) ;
#8689 = EDGE_LOOP ( 'NONE', ( #1756, #5918, #4738, #3767 ) ) ;
#8690 = VERTEX_POINT ( 'NONE', #7559 ) ;
#8691 = FACE_OUTER_BOUND ( 'NONE', #7549, .T. ) ;
#8692 = AXIS2_PLACEMENT_3D ( 'NONE', #3940, #5344, #8028 ) ;
#8693 = DIRECTION ( 'NONE',  ( -1.000000000000000000, 1.224646799147353207E-16, 0.000000000000000000 ) ) ;
#8694 = ORIENTED_EDGE ( 'NONE', *, *, #74, .F. ) ;
#8695 = DIRECTION ( 'NONE',  ( -1.000000000000000000, 1.224646799147353207E-16, 0.000000000000000000 ) ) ;
#8696 = CARTESIAN_POINT ( 'NONE',  ( -4.508466212578269072, -0.4915337874217310388, -115.6062351930679455 ) ) ;
#8697 = DIRECTION ( 'NONE',  ( 1.000000000000000000, 0.000000000000000000, 0.000000000000000000 ) ) ;
#8698 = AXIS2_PLACEMENT_3D ( 'NONE', #1555, #4276, #6379 ) ;
#8699 = DIRECTION ( 'NONE',  ( -1.000000000000000000, 1.224646799147352961E-16, 0.000000000000000000 ) ) ;
#8700 = EDGE_LOOP ( 'NONE', ( #3718, #1063, #3918, #5286, #3958, #2630 ) ) ;
#8701 = TOROIDAL_SURFACE ( 'NONE', #107, 1.000000000000000000, 2.000000000000001776 ) ;
#8702 = EDGE_CURVE ( 'NONE', #1463, #6174, #5760, .T. ) ;
#8703 = CARTESIAN_POINT ( 'NONE',  ( -4.935956332719893425, -0.06404366728010735255, -39.77440186598524008 ) ) ;
#8704 = DIRECTION ( 'NONE',  ( -0.000000000000000000, -0.000000000000000000, 1.000000000000000000 ) ) ;
#8705 = DIRECTION ( 'NONE',  ( -0.000000000000000000, -0.000000000000000000, 1.000000000000000000 ) ) ;
#8706 = ORIENTED_EDGE ( 'NONE', *, *, #3366, .F. ) ;
#8707 = CIRCLE ( 'NONE', #250, 3.904737509655567429 ) ;
#8708 = EDGE_LOOP ( 'NONE', ( #373, #482, #2080 ) ) ;
#8709 = CARTESIAN_POINT ( 'NONE',  ( 1.328041165545648772, -3.671958834454351450, -65.24999999999998579 ) ) ;
#8710 = DIRECTION ( 'NONE',  ( 0.000000000000000000, -1.000000000000000000, 0.000000000000000000 ) ) ;
#8711 = ORIENTED_EDGE ( 'NONE', *, *, #4222, .F. ) ;
#8712 = CARTESIAN_POINT ( 'NONE',  ( -1.328041165545656765, -3.671958834454343013, -120.2499999999999858 ) ) ;
#8713 = CARTESIAN_POINT ( 'NONE',  ( 0.000000000000000000, 0.000000000000000000, -43.25000000000000711 ) ) ;
#8714 = PERSON_AND_ORGANIZATION ( #558, #2484 ) ;
#8715 = ORIENTED_EDGE ( 'NONE', *, *, #5222, .F. ) ;
#8716 = CIRCLE ( 'NONE', #840, 0.9999999999999993339 ) ;
#8717 = CARTESIAN_POINT ( 'NONE',  ( -0.008042224640668277705, -4.991957775359332494, -68.29246587454773021 ) ) ;
#8718 = DIRECTION ( 'NONE',  ( 1.000000000000000000, 0.000000000000000000, 0.000000000000000000 ) ) ;
#8719 = EDGE_CURVE ( 'NONE', #5184, #4323, #186, .T. ) ;
#8720 = DIRECTION ( 'NONE',  ( 0.000000000000000000, -1.000000000000000000, 0.000000000000000000 ) ) ;
#8721 = CARTESIAN_POINT ( 'NONE',  ( 4.748219996434697165, -0.2517800035653021684, -6.091163627630149513 ) ) ;
#8722 = CYLINDRICAL_SURFACE ( 'NONE', #7858, 0.9999999999999995559 ) ;
#8723 = CIRCLE ( 'NONE', #423, 3.999999999999996447 ) ;
#8724 = CARTESIAN_POINT ( 'NONE',  ( -0.06459124882788414013, -4.935408751172115416, -12.27165234915616843 ) ) ;
#8725 = ORIENTED_EDGE ( 'NONE', *, *, #5205, .F. ) ;
#8726 = CARTESIAN_POINT ( 'NONE',  ( 0.008301598520849596402, -4.991698401479149894, -89.70374637061692624 ) ) ;
#8727 = EDGE_CURVE ( 'NONE', #2635, #8746, #1206, .T. ) ;
#8728 = VECTOR ( 'NONE', #7954, 1000.000000000000000 ) ;
#8729 = CARTESIAN_POINT ( 'NONE',  ( -4.502552532152133580, -0.4974474678478660872, -42.38672757692826565 ) ) ;
#8730 = CARTESIAN_POINT ( 'NONE',  ( 1.328041165545656987, -3.671958834454343013, -103.7500000000000000 ) ) ;
#8731 = CARTESIAN_POINT ( 'NONE',  ( 0.7176137099602477587, -4.282386290039753796, -71.29777126958478561 ) ) ;
#8732 = DIRECTION ( 'NONE',  ( 1.000000000000000000, 0.000000000000000000, 0.000000000000000000 ) ) ;
#8733 = EDGE_LOOP ( 'NONE', ( #5623, #7456, #5255 ) ) ;
#8734 = EDGE_CURVE ( 'NONE', #7929, #735, #3335, .T. ) ;
#8735 = ORIENTED_EDGE ( 'NONE', *, *, #1532, .F. ) ;
#8736 = CARTESIAN_POINT ( 'NONE',  ( 0.9999999999999993339, 0.000000000000000000, -48.00000000000000000 ) ) ;
#8737 = AXIS2_PLACEMENT_3D ( 'NONE', #608, #2632, #1421 ) ;
#8738 = CARTESIAN_POINT ( 'NONE',  ( 0.000000000000000000, 0.000000000000000000, -122.9999999999999858 ) ) ;
#8739 = ORIENTED_EDGE ( 'NONE', *, *, #8570, .T. ) ;
#8740 = CARTESIAN_POINT ( 'NONE',  ( -0.9599107665897341768, -4.040089233410266267, -76.52236572063743836 ) ) ;
#8741 = CARTESIAN_POINT ( 'NONE',  ( -3.862796825714239546, -1.137203174285761786, -114.8710011628826066 ) ) ;
#8742 = CARTESIAN_POINT ( 'NONE',  ( 0.04063066961830682361, -4.959369330381692365, -100.4138655165220371 ) ) ;
#8743 = AXIS2_PLACEMENT_3D ( 'NONE', #2380, #3669, #1044 ) ;
#8744 = AXIS2_PLACEMENT_3D ( 'NONE', #8160, #44, #2019 ) ;
#8745 = DIRECTION ( 'NONE',  ( 1.000000000000000000, 0.000000000000000000, 0.000000000000000000 ) ) ;
#8746 = VERTEX_POINT ( 'NONE', #4271 ) ;
#8747 = CARTESIAN_POINT ( 'NONE',  ( 0.000000000000000000, -5.000000000000000000, -56.99999999999999289 ) ) ;
#8748 = PLANE ( 'NONE',  #6618 ) ;
#8749 = AXIS2_PLACEMENT_3D ( 'NONE', #4340, #3047, #5866 ) ;
#8750 = ORIENTED_EDGE ( 'NONE', *, *, #1680, .T. ) ;
#8751 = CIRCLE ( 'NONE', #8041, 3.904737509655567873 ) ;
#8752 = ORIENTED_EDGE ( 'NONE', *, *, #7359, .F. ) ;
#8753 = EDGE_CURVE ( 'NONE', #6538, #5705, #4523, .T. ) ;
#8754 = DIRECTION ( 'NONE',  ( 1.000000000000000000, 0.000000000000000000, 0.000000000000000000 ) ) ;
#8755 = DIRECTION ( 'NONE',  ( -0.000000000000000000, -0.000000000000000000, 1.000000000000000000 ) ) ;
#8756 = CIRCLE ( 'NONE', #8045, 3.904737509655562544 ) ;
#8757 = ORIENTED_EDGE ( 'NONE', *, *, #8507, .T. ) ;
#8758 = AXIS2_PLACEMENT_3D ( 'NONE', #8801, #5359, #4734 ) ;
#8759 = CARTESIAN_POINT ( 'NONE',  ( -0.3138588208043397998, -4.686141179195660200, -88.46532131222944884 ) ) ;
#8760 = CARTESIAN_POINT ( 'NONE',  ( 0.000000000000000000, 0.000000000000000000, -60.49999999999999289 ) ) ;
#8761 = CALENDAR_DATE ( 2026, 16, 2 ) ;
#8762 = ORIENTED_EDGE ( 'NONE', *, *, #25, .F. ) ;
#8763 = CIRCLE ( 'NONE', #5032, 3.904737509655562544 ) ;
#8764 = EDGE_CURVE ( 'NONE', #1316, #4723, #4913, .T. ) ;
#8765 = CARTESIAN_POINT ( 'NONE',  ( 4.041784260359809089, -0.9582157396401939087, -32.52377465029932324 ) ) ;
#8766 = CYLINDRICAL_SURFACE ( 'NONE', #4741, 0.9999999999999995559 ) ;
#8767 = LINE ( 'NONE', #6616, #243 ) ;
#8768 = CARTESIAN_POINT ( 'NONE',  ( 4.040089233413046266, -0.9599107665869511807, -59.47763427936020264 ) ) ;
#8769 = EDGE_LOOP ( 'NONE', ( #1289, #1849, #7863 ) ) ;
#8770 = AXIS2_PLACEMENT_3D ( 'NONE', #1393, #7659, #4112 ) ;
#8771 = CARTESIAN_POINT ( 'NONE',  ( 0.000000000000000000, 0.000000000000000000, -97.49999999999998579 ) ) ;
#8772 = CARTESIAN_POINT ( 'NONE',  ( 0.000000000000000000, 0.000000000000000000, -76.25000000000000000 ) ) ;
#8773 = CARTESIAN_POINT ( 'NONE',  ( 5.000000000000283329, 2.837102721152350454E-13, -18.50000000000020961 ) ) ;
#8774 = CARTESIAN_POINT ( 'NONE',  ( 0.6335913640883366060, -4.366408635911663616, -86.60619955115781465 ) ) ;
#8775 = AXIS2_PLACEMENT_3D ( 'NONE', #5277, #6123, #1157 ) ;
#8776 = CARTESIAN_POINT ( 'NONE',  ( 0.008042224640658459170, -4.991957775359342264, -29.79246587454765560 ) ) ;
#8777 = DIRECTION ( 'NONE',  ( -0.000000000000000000, -0.000000000000000000, 1.000000000000000000 ) ) ;
#8778 = CARTESIAN_POINT ( 'NONE',  ( 1.328041165545648772, -3.671958834454351450, -65.24999999999998579 ) ) ;
#8779 = CARTESIAN_POINT ( 'NONE',  ( -0.008301598518897133905, -4.991698401481102110, -56.70374637064249868 ) ) ;
#8780 = CARTESIAN_POINT ( 'NONE',  ( -1.023043852594900369E-12, -4.999999999998977707, -34.85274279208621095 ) ) ;
#8781 = CARTESIAN_POINT ( 'NONE',  ( 1.000000000000000000, 0.000000000000000000, -56.99999999999999289 ) ) ;
#8782 = EDGE_CURVE ( 'NONE', #640, #5777, #3473, .T. ) ;
#8783 = CARTESIAN_POINT ( 'NONE',  ( -4.686141179201314344, -0.3138588207986869882, -20.03467868775798522 ) ) ;
#8784 = ORIENTED_EDGE ( 'NONE', *, *, #3476, .T. ) ;
#8785 = EDGE_CURVE ( 'NONE', #1550, #5577, #1048, .T. ) ;
#8786 = CARTESIAN_POINT ( 'NONE',  ( -4.282386290039718268, -0.7176137099602820646, -70.20222873041527123 ) ) ;
#8787 = DIRECTION ( 'NONE',  ( -1.000000000000000000, 1.224646799147353454E-16, 0.000000000000000000 ) ) ;
#8788 = ADVANCED_FACE ( 'NONE', ( #6246 ), #1194, .T. ) ;
#8789 = CARTESIAN_POINT ( 'NONE',  ( -3.671958834454351450, -1.328041165545648550, -65.24999999999998579 ) ) ;
#8790 = DIRECTION ( 'NONE',  ( 1.000000000000000000, 0.000000000000000000, 0.000000000000000000 ) ) ;
#8791 = ORIENTED_EDGE ( 'NONE', *, *, #2440, .T. ) ;
#8792 = DIRECTION ( 'NONE',  ( 1.000000000000000000, 0.000000000000000000, 0.000000000000000000 ) ) ;
#8793 = EDGE_CURVE ( 'NONE', #8571, #2021, #7499, .T. ) ;
#8794 = DIRECTION ( 'NONE',  ( 1.224646799147353207E-16, 1.000000000000000000, 0.000000000000000000 ) ) ;
#8795 = ORIENTED_EDGE ( 'NONE', *, *, #7625, .T. ) ;
#8796 = EDGE_CURVE ( 'NONE', #8523, #4005, #1551, .T. ) ;
#8797 = VERTEX_POINT ( 'NONE', #2046 ) ;
#8798 = DIRECTION ( 'NONE',  ( -0.000000000000000000, -0.000000000000000000, 1.000000000000000000 ) ) ;
#8799 = CARTESIAN_POINT ( 'NONE',  ( 0.000000000000000000, -5.000000000000000000, -89.99999999997200462 ) ) ;
#8800 = CARTESIAN_POINT ( 'NONE',  ( 1.328041165545657876, -3.671958834454342124, -43.25000000000000711 ) ) ;
#8801 = CARTESIAN_POINT ( 'NONE',  ( 0.000000000000000000, 0.000000000000000000, 0.000000000000000000 ) ) ;
#8802 = EDGE_LOOP ( 'NONE', ( #4782, #4646, #1897 ) ) ;
#8803 = CYLINDRICAL_SURFACE ( 'NONE', #387, 0.9999999999999995559 ) ;
#8804 = CARTESIAN_POINT ( 'NONE',  ( -4.748219996434693613, -0.2517800035653069424, -83.09116362763016639 ) ) ;
#8805 = FACE_OUTER_BOUND ( 'NONE', #1587, .T. ) ;
#8806 = CARTESIAN_POINT ( 'NONE',  ( 4.935956332719893425, -0.06404366728010717214, -61.77440186598523297 ) ) ;
#8807 = ORIENTED_EDGE ( 'NONE', *, *, #6181, .F. ) ;
#8808 = CARTESIAN_POINT ( 'NONE',  ( -4.991698401481085234, -0.008301598518915794325, -29.79625362935772870 ) ) ;
#8809 = ADVANCED_FACE ( 'NONE', ( #7234 ), #4359, .F. ) ;
#8810 = FACE_OUTER_BOUND ( 'NONE', #6629, .T. ) ;
#8811 = DIRECTION ( 'NONE',  ( -0.000000000000000000, -0.000000000000000000, 1.000000000000000000 ) ) ;
#8812 = CARTESIAN_POINT ( 'NONE',  ( 1.328041165545663649, -3.671958834454336795, -32.25000000000000000 ) ) ;
#8813 = CARTESIAN_POINT ( 'NONE',  ( 0.000000000000000000, 0.000000000000000000, -109.2499999999999858 ) ) ;
#8814 = CARTESIAN_POINT ( 'NONE',  ( 1.328041165545656987, -3.671958834454343013, -70.75000000000000000 ) ) ;
#8815 = DIRECTION ( 'NONE',  ( -0.000000000000000000, -0.000000000000000000, 1.000000000000000000 ) ) ;
#8816 = ORIENTED_EDGE ( 'NONE', *, *, #1235, .F. ) ;
#8817 = DIRECTION ( 'NONE',  ( 0.000000000000000000, 0.000000000000000000, -1.000000000000000000 ) ) ;
#8818 = EDGE_CURVE ( 'NONE', #8465, #5615, #6115, .T. ) ;
#8819 = FACE_OUTER_BOUND ( 'NONE', #130, .T. ) ;
#8820 = FACE_OUTER_BOUND ( 'NONE', #7071, .T. ) ;
#8821 = ORIENTED_EDGE ( 'NONE', *, *, #6528, .F. ) ;
#8822 = AXIS2_PLACEMENT_3D ( 'NONE', #1343, #788, #6341 ) ;
#8823 = CARTESIAN_POINT ( 'NONE',  ( 4.999999999999986677, -1.267690684684465825E-14, -106.6472572078872645 ) ) ;
#8824 = CARTESIAN_POINT ( 'NONE',  ( 4.832344906989094468, -0.1676550930109069470, -102.1454619374091806 ) ) ;
#8825 = DIRECTION ( 'NONE',  ( 1.224646799147353207E-16, 1.000000000000000000, 0.000000000000000000 ) ) ;
#8826 = CARTESIAN_POINT ( 'NONE',  ( 0.000000000000000000, 0.000000000000000000, -46.00000000000000000 ) ) ;
#8827 = ORIENTED_EDGE ( 'NONE', *, *, #587, .T. ) ;
#8828 = TOROIDAL_SURFACE ( 'NONE', #1103, 1.000000000000000000, 3.999999999999996447 ) ;
#8829 = ORIENTED_EDGE ( 'NONE', *, *, #3034, .F. ) ;
#8830 = CARTESIAN_POINT ( 'NONE',  ( -0.1676550930162088171, -4.832344906983790267, -83.35453806257385168 ) ) ;
#8831 = CARTESIAN_POINT ( 'NONE',  ( 0.9599107665869276440, -4.040089233413072023, -21.52236572063980802 ) ) ;
#8832 = ORIENTED_EDGE ( 'NONE', *, *, #4053, .F. ) ;
#8833 = ORIENTED_EDGE ( 'NONE', *, *, #4749, .F. ) ;
#8834 = CIRCLE ( 'NONE', #8399, 3.904737509655567429 ) ;
#8835 = CARTESIAN_POINT ( 'NONE',  ( -4.359865889258244920, -0.6401341107417566345, -81.10125045371350438 ) ) ;
#8836 = TOROIDAL_SURFACE ( 'NONE', #8393, 1.000000000000000000, 3.999999999999996447 ) ;
#8837 = CARTESIAN_POINT ( 'NONE',  ( -4.959369330385075436, -0.04063066961492552143, -46.58613448345570873 ) ) ;
#8838 = ADVANCED_FACE ( 'NONE', ( #5754 ), #899, .T. ) ;
#8839 = CARTESIAN_POINT ( 'NONE',  ( 0.7176137099645635287, -4.282386290035437248, -43.79777126957946365 ) ) ;
#8840 = DIRECTION ( 'NONE',  ( -0.000000000000000000, -0.000000000000000000, 1.000000000000000000 ) ) ;
#8841 = ADVANCED_FACE ( 'NONE', ( #7091 ), #8484, .T. ) ;
#8842 = CIRCLE ( 'NONE', #4117, 4.000000000000003553 ) ;
#8843 = ORIENTED_EDGE ( 'NONE', *, *, #6181, .T. ) ;
#8844 = EDGE_CURVE ( 'NONE', #6225, #5705, #338, .T. ) ;
#8845 = VERTEX_POINT ( 'NONE', #333 ) ;
#8846 = AXIS2_PLACEMENT_3D ( 'NONE', #940, #8383, #6408 ) ;
#8847 = CARTESIAN_POINT ( 'NONE',  ( 4.991957775357462879, -0.008042224642537194185, -34.70753412542730842 ) ) ;
#8848 = CARTESIAN_POINT ( 'NONE',  ( 1.000000000000000000, 0.000000000000000000, -5.500000000000000000 ) ) ;
#8849 = CARTESIAN_POINT ( 'NONE',  ( 0.000000000000000000, 0.000000000000000000, -106.5000000000000000 ) ) ;
#8850 = DIRECTION ( 'NONE',  ( 1.000000000000000000, 0.000000000000000000, 0.000000000000000000 ) ) ;
#8851 = VERTEX_POINT ( 'NONE', #7190 ) ;
#8852 = CARTESIAN_POINT ( 'NONE',  ( 4.748219996434698942, -0.2517800035653019464, -39.09116362763015218 ) ) ;
#8853 = CARTESIAN_POINT ( 'NONE',  ( -1.328041165545661428, -3.671958834454339016, -15.75000000000000000 ) ) ;
#8854 = AXIS2_PLACEMENT_3D ( 'NONE', #8071, #8106, #6670 ) ;
#8855 = CARTESIAN_POINT ( 'NONE',  ( 4.991957775357462879, -0.008042224642538269713, -18.20753412542731553 ) ) ;
#8856 = CARTESIAN_POINT ( 'NONE',  ( 0.000000000000000000, -5.000000000000000000, -89.99999999997200462 ) ) ;
#8857 = CARTESIAN_POINT ( 'NONE',  ( 0.000000000000000000, 0.000000000000000000, -90.00000000000000000 ) ) ;
#8858 = LINE ( 'NONE', #4710, #1575 ) ;
#8859 = CIRCLE ( 'NONE', #4138, 0.9999999999999993339 ) ;
#8860 = FACE_OUTER_BOUND ( 'NONE', #5798, .T. ) ;
#8861 = CARTESIAN_POINT ( 'NONE',  ( 5.000000000000284217, 2.846191403287952879E-13, -62.50000000000020606 ) ) ;
#8862 = CARTESIAN_POINT ( 'NONE',  ( -0.06459124883188401001, -4.935408751168116837, -34.27165234913507419 ) ) ;
#8863 = CARTESIAN_POINT ( 'NONE',  ( 0.000000000000000000, 0.000000000000000000, -75.50000000000000000 ) ) ;
#8864 = CARTESIAN_POINT ( 'NONE',  ( -4.935956332719889872, -0.06404366728011029464, -111.2744018659852117 ) ) ;
#8865 = CARTESIAN_POINT ( 'NONE',  ( 1.000000000000000000, 0.000000000000000000, -84.50000000000000000 ) ) ;
#8866 = AXIS2_PLACEMENT_3D ( 'NONE', #8813, #4875, #4794 ) ;
#8867 = CARTESIAN_POINT ( 'NONE',  ( 5.000000000000281553, 2.809514862196180954E-13, -106.5000000000001990 ) ) ;
#8868 = CARTESIAN_POINT ( 'NONE',  ( 4.959369330385070107, -0.04063066961493031620, -101.5861344834557087 ) ) ;
#8869 = CARTESIAN_POINT ( 'NONE',  ( -1.136863993906865211, -3.863136006093133901, -37.87121622079637007 ) ) ;
#8870 = EDGE_LOOP ( 'NONE', ( #8123, #357, #1999, #8493 ) ) ;
#8871 = CIRCLE ( 'NONE', #2443, 3.904737509655565209 ) ;
#8872 = ORIENTED_EDGE ( 'NONE', *, *, #5652, .F. ) ;
#8873 = CARTESIAN_POINT ( 'NONE',  ( -0.6401341107464958435, -4.359865889253503823, -82.39874954628007231 ) ) ;
#8874 = CARTESIAN_POINT ( 'NONE',  ( 0.04063066961489639889, -4.959369330385103858, -23.41386551654452219 ) ) ;
#8875 = ORIENTED_EDGE ( 'NONE', *, *, #7577, .T. ) ;
ENDSEC;
END-ISO-10303-21;
