ISO-10303-21;
HEADER;
FILE_DESCRIPTION (( 'STEP AP203' ),
    '1' );
FILE_NAME ('2mm_assem.STEP',
    '2026-02-24T17:44:01',
    ( '' ),
    ( '' ),
    'SwSTEP 2.0',
    'SolidWorks 2025',
    '' );
FILE_SCHEMA (( 'CONFIG_CONTROL_DESIGN' ));
ENDSEC;

DATA;
#1 = FACE_OUTER_BOUND ( 'NONE', #2527, .T. ) ;
#2 = CARTESIAN_POINT ( 'NONE',  ( -1.328041165545657876, -3.671958834454342124, -37.75000000000000000 ) ) ;
#3 = EDGE_CURVE ( 'NONE', #122, #3318, #5911, .T. ) ;
#4 = EDGE_LOOP ( 'NONE', ( #4400, #2024, #3684 ) ) ;
#5 = CARTESIAN_POINT ( 'NONE',  ( 1.000000000000000000, 0.000000000000000000, -90.00000000000000000 ) ) ;
#6 = CARTESIAN_POINT ( 'NONE',  ( 0.06459124882788504218, -4.935408751172114528, -61.77165234915616310 ) ) ;
#7 = FACE_OUTER_BOUND ( 'NONE', #6801, .T. ) ;
#8 = DIRECTION ( 'NONE',  ( -0.7071067811865474617, -0.7071067811865474617, 0.000000000000000000 ) ) ;
#9 = DIRECTION ( 'NONE',  ( 1.000000000000000000, 0.000000000000000000, 0.000000000000000000 ) ) ;
#10 = ORIENTED_EDGE ( 'NONE', *, *, #8844, .T. ) ;
#11 = CARTESIAN_POINT ( 'NONE',  ( -4.872131520502826163, -0.1278684794971741423, -91.00740203054002109 ) ) ;
#12 = EDGE_CURVE ( 'NONE', #1416, #6590, #5575, .T. ) ;
#13 = ORIENTED_EDGE ( 'NONE', *, *, #639, .T. ) ;
#14 = EDGE_CURVE ( 'NONE', #7481, #2250, #1756, .T. ) ;
#15 = CARTESIAN_POINT ( 'NONE',  ( 4.960065625082963336, -0.03993437491703671210, -89.41868978647569577 ) ) ;
#16 = CARTESIAN_POINT ( 'NONE',  ( -0.008301598520836204337, -4.991698401479164104, -84.20374637061715362 ) ) ;
#17 = DIRECTION ( 'NONE',  ( -0.000000000000000000, -0.000000000000000000, 1.000000000000000000 ) ) ;
#18 = CIRCLE ( 'NONE', #467, 4.000000000000003553 ) ;
#19 = AXIS2_PLACEMENT_3D ( 'NONE', #1103, #312, #459 ) ;
#20 = CARTESIAN_POINT ( 'NONE',  ( 0.000000000000000000, 0.000000000000000000, -32.25000000000000000 ) ) ;
#21 = CARTESIAN_POINT ( 'NONE',  ( 3.671958834454343013, -1.328041165545656987, -92.74999999999998579 ) ) ;
#22 = DIRECTION ( 'NONE',  ( -0.000000000000000000, -0.000000000000000000, -1.000000000000000000 ) ) ;
#23 = DIRECTION ( 'NONE',  ( 1.000000000000000000, 0.000000000000000000, 0.000000000000000000 ) ) ;
#24 = VERTEX_POINT ( 'NONE', #8517 ) ;
#25 = CARTESIAN_POINT ( 'NONE',  ( 0.008301598520832212738, -4.991698401479168545, -51.20374637061713941 ) ) ;
#26 = EDGE_CURVE ( 'NONE', #6603, #7895, #7194, .T. ) ;
#27 = ORIENTED_EDGE ( 'NONE', *, *, #2405, .F. ) ;
#28 = AXIS2_PLACEMENT_3D ( 'NONE', #9085, #1400, #1197 ) ;
#29 = CARTESIAN_POINT ( 'NONE',  ( 0.000000000000000000, 0.000000000000000000, -29.50000000000000355 ) ) ;
#30 = CARTESIAN_POINT ( 'NONE',  ( 1.000000000000000000, 0.000000000000000000, -22.00000000000000000 ) ) ;
#31 = CARTESIAN_POINT ( 'NONE',  ( -4.502552532152134468, -0.4974474678478655321, -75.38672757692825144 ) ) ;
#32 =( REPRESENTATION_RELATIONSHIP ('NONE','NONE', #8935, #4872 ) REPRESENTATION_RELATIONSHIP_WITH_TRANSFORMATION ( #5372 )SHAPE_REPRESENTATION_RELATIONSHIP( ) );
#33 = DIRECTION ( 'NONE',  ( 1.000000000000000000, 0.000000000000000000, 0.000000000000000000 ) ) ;
#34 = CARTESIAN_POINT ( 'NONE',  ( 0.1278684794971262362, -4.872131520502874125, -55.99259796946014944 ) ) ;
#35 = CARTESIAN_POINT ( 'NONE',  ( 3.862796825714239546, -1.137203174285761786, -114.8710011628825782 ) ) ;
#36 = ORIENTED_EDGE ( 'NONE', *, *, #8405, .T. ) ;
#37 = APPROVAL_ROLE ( '' ) ;
#38 = EDGE_CURVE ( 'NONE', #545, #1095, #9092, .T. ) ;
#39 = VERTEX_POINT ( 'NONE', #7182 ) ;
#40 = CARTESIAN_POINT ( 'NONE',  ( -4.502552532152134468, -0.4974474678478655321, -119.3867275769282514 ) ) ;
#41 = FACE_OUTER_BOUND ( 'NONE', #571, .T. ) ;
#42 = AXIS2_PLACEMENT_3D ( 'NONE', #4583, #7943, #3807 ) ;
#43 = CARTESIAN_POINT ( 'NONE',  ( -4.041784260359805536, -0.9582157396401945748, -49.02377465029933035 ) ) ;
#44 = ORIENTED_EDGE ( 'NONE', *, *, #4629, .F. ) ;
#45 = CARTESIAN_POINT ( 'NONE',  ( 0.9599107665869243133, -4.040089233413073799, -115.0223657206397263 ) ) ;
#46 = FACE_OUTER_BOUND ( 'NONE', #220, .T. ) ;
#47 = CARTESIAN_POINT ( 'NONE',  ( 0.1278684795021247378, -4.872131520497876345, -88.99259796944160428 ) ) ;
#48 = FACE_OUTER_BOUND ( 'NONE', #6896, .T. ) ;
#49 = EDGE_CURVE ( 'NONE', #3667, #7468, #730, .T. ) ;
#50 = CARTESIAN_POINT ( 'NONE',  ( 0.6335913640883366060, -4.366408635911663616, -103.1061995511578147 ) ) ;
#51 = AXIS2_PLACEMENT_3D ( 'NONE', #2089, #1957, #8986 ) ;
#52 = CIRCLE ( 'NONE', #8144, 2.000000000000000000 ) ;
#53 = CARTESIAN_POINT ( 'NONE',  ( -4.935408751172076336, -0.06459124882792278977, -107.2283476508440287 ) ) ;
#54 = DIRECTION ( 'NONE',  ( 1.224646799147353207E-16, 1.000000000000000000, 0.000000000000000000 ) ) ;
#55 = CARTESIAN_POINT ( 'NONE',  ( 4.840676868219843776, -0.1593231317801557245, -94.35321941568362547 ) ) ;
#56 = FACE_OUTER_BOUND ( 'NONE', #795, .T. ) ;
#57 = DIRECTION ( 'NONE',  ( 1.000000000000000000, 0.000000000000000000, 0.000000000000000000 ) ) ;
#58 = VERTEX_POINT ( 'NONE', #6444 ) ;
#59 = CARTESIAN_POINT ( 'NONE',  ( -4.040089233413050707, -0.9599107665869495154, -15.47763427936022751 ) ) ;
#60 = VERTEX_POINT ( 'NONE', #2918 ) ;
#61 = B_SPLINE_CURVE_WITH_KNOTS ( 'NONE', 3,
 ( #2192, #5090, #7717, #5004, #2145, #4215, #3671, #2286, #5639, #4358, #8447, #3622, #8499, #2984, #6467, #7024 ),
 .UNSPECIFIED., .F., .F.,
 ( 4, 2, 2, 2, 2, 2, 2, 4 ),
 ( 4.818711198524085846E-07, 0.0008765200830274246608, 0.001314539188981217813, 0.001752558294935011507, 0.002190577400888805201, 0.002628596506842598678, 0.003066615612796392155, 0.003504634718750185632 ),
 .UNSPECIFIED. ) ;
#62 = CIRCLE ( 'NONE', #5207, 0.9999999999999993339 ) ;
#63 = CARTESIAN_POINT ( 'NONE',  ( -0.1278684795020899323, -4.872131520497910095, -83.49259796944174639 ) ) ;
#64 = EDGE_CURVE ( 'NONE', #5441, #3417, #2773, .T. ) ;
#65 = DIRECTION ( 'NONE',  ( 1.000000000000000000, 0.000000000000000000, 0.000000000000000000 ) ) ;
#66 = CARTESIAN_POINT ( 'NONE',  ( 4.959369330385070107, -0.04063066961493031620, -85.08613448345570873 ) ) ;
#67 = DIRECTION ( 'NONE',  ( 1.000000000000000000, 0.000000000000000000, 0.000000000000000000 ) ) ;
#68 = CARTESIAN_POINT ( 'NONE',  ( 0.000000000000000000, -5.000000000000000000, -78.99999999997200462 ) ) ;
#69 = CARTESIAN_POINT ( 'NONE',  ( 4.872131520502826163, -0.1278684794971743088, -91.00740203054002109 ) ) ;
#70 = ORIENTED_EDGE ( 'NONE', *, *, #694, .T. ) ;
#71 = CARTESIAN_POINT ( 'NONE',  ( -3.432389260511237366E-15, -4.999999999999997335, -73.64684353044862064 ) ) ;
#72 = TOROIDAL_SURFACE ( 'NONE', #6383, 1.000000000000000000, 3.999999999999996447 ) ;
#73 = VERTEX_POINT ( 'NONE', #2212 ) ;
#74 = CIRCLE ( 'NONE', #2429, 3.904737509655567873 ) ;
#75 = CARTESIAN_POINT ( 'NONE',  ( 0.000000000000000000, 0.000000000000000000, -35.00000000000000000 ) ) ;
#76 = AXIS2_PLACEMENT_3D ( 'NONE', #8396, #7057, #23 ) ;
#77 = DIRECTION ( 'NONE',  ( -0.000000000000000000, -0.000000000000000000, 1.000000000000000000 ) ) ;
#78 = ADVANCED_FACE ( 'NONE', ( #5751 ), #2256, .F. ) ;
#79 = CARTESIAN_POINT ( 'NONE',  ( -4.686141179201310791, -0.3138588207986893752, -75.03467868775798877 ) ) ;
#80 = CARTESIAN_POINT ( 'NONE',  ( 4.872131520502830604, -0.1278684794971703953, -52.50740203054004240 ) ) ;
#81 = CARTESIAN_POINT ( 'NONE',  ( -1.646961451164069361E-15, -5.000000000000000888, -56.85274279211295578 ) ) ;
#82 = TOROIDAL_SURFACE ( 'NONE', #5224, 1.000000000000000000, 1.999999999999994893 ) ;
#83 = CARTESIAN_POINT ( 'NONE',  ( 0.9599107665897154140, -4.040089233410284031, -32.52236572063742415 ) ) ;
#84 = ORIENTED_EDGE ( 'NONE', *, *, #1635, .F. ) ;
#85 = PERSON_AND_ORGANIZATION ( #6507, #1122 ) ;
#86 = VERTEX_POINT ( 'NONE', #3689 ) ;
#87 = TOROIDAL_SURFACE ( 'NONE', #8905, 1.000000000000000000, 3.999999999999996447 ) ;
#88 = FACE_OUTER_BOUND ( 'NONE', #8015, .T. ) ;
#89 = EDGE_CURVE ( 'NONE', #2753, #5331, #9074, .T. ) ;
#90 = CARTESIAN_POINT ( 'NONE',  ( 0.000000000000000000, 0.000000000000000000, -2.000000000000000000 ) ) ;
#91 = DIRECTION ( 'NONE',  ( -1.000000000000000000, 1.224646799147352961E-16, 0.000000000000000000 ) ) ;
#92 = ORIENTED_EDGE ( 'NONE', *, *, #5412, .F. ) ;
#93 = CARTESIAN_POINT ( 'NONE',  ( -4.935956332719893425, -0.06404366728010733867, -34.27440186598523297 ) ) ;
#94 = CARTESIAN_POINT ( 'NONE',  ( -4.567820679631958924, -0.4321793203680420747, -80.77342623723035331 ) ) ;
#95 = CARTESIAN_POINT ( 'NONE',  ( -4.739198801701948405, -0.2608011982980510957, -30.90923771779446128 ) ) ;
#96 = DIRECTION ( 'NONE',  ( 1.000000000000000000, 0.000000000000000000, 0.000000000000000000 ) ) ;
#97 = DIRECTION ( 'NONE',  ( -0.000000000000000000, -0.000000000000000000, 1.000000000000000000 ) ) ;
#98 = EDGE_CURVE ( 'NONE', #7108, #792, #4724, .T. ) ;
#99 = B_SPLINE_CURVE_WITH_KNOTS ( 'NONE', 3,
 ( #904, #71, #165, #7844, #2329, #3024, #6551, #5817, #2189, #5772, #1592, #8537 ),
 .UNSPECIFIED., .F., .F.,
 ( 4, 2, 2, 2, 2, 4 ),
 ( 0.003504634718750501785, 0.003941423334025352838, 0.004378211949300204325, 0.005251789179849907299, 0.006125366410399610273, 0.006998943640949313247 ),
 .UNSPECIFIED. ) ;
#100 = TOROIDAL_SURFACE ( 'NONE', #7006, 1.000000000000000000, 4.000000000000000000 ) ;
#101 = CARTESIAN_POINT ( 'NONE',  ( -4.282386290039718268, -0.7176137099602820646, -108.7022287304152854 ) ) ;
#102 = CARTESIAN_POINT ( 'NONE',  ( 4.739198801701949293, -0.2608011982980512622, -80.40923771779445417 ) ) ;
#103 = CIRCLE ( 'NONE', #2905, 3.999999999999996447 ) ;
#104 = CARTESIAN_POINT ( 'NONE',  ( 0.6335913640931327695, -4.366408635906868341, -119.6061995511640532 ) ) ;
#105 = CARTESIAN_POINT ( 'NONE',  ( -1.000000000000002220, 1.224646799147355672E-16, -122.9999999999999716 ) ) ;
#106 = DIRECTION ( 'NONE',  ( 1.000000000000000000, 0.000000000000000000, 0.000000000000000000 ) ) ;
#107 = ORGANIZATION ( 'NAUO-ORG4', 'UNSPECIFIED', 'UNSPECIFIED' ) ;
#108 = ORIENTED_EDGE ( 'NONE', *, *, #307, .T. ) ;
#109 = DIRECTION ( 'NONE',  ( -0.000000000000000000, -0.000000000000000000, 1.000000000000000000 ) ) ;
#110 = ORIENTED_EDGE ( 'NONE', *, *, #4599, .F. ) ;
#111 = VECTOR ( 'NONE', #3994, 1000.000000000000000 ) ;
#112 = AXIS2_PLACEMENT_3D ( 'NONE', #5906, #398, #6007 ) ;
#113 = CARTESIAN_POINT ( 'NONE',  ( -0.008042224640664997343, -4.991957775359335159, -35.29246587454773021 ) ) ;
#114 = CARTESIAN_POINT ( 'NONE',  ( 1.000000000000000000, 0.000000000000000000, -46.00000000000000000 ) ) ;
#115 = DIRECTION ( 'NONE',  ( -0.000000000000000000, -0.000000000000000000, 1.000000000000000000 ) ) ;
#116 = CARTESIAN_POINT ( 'NONE',  ( -4.359865889258244920, -0.6401341107417566345, -97.60125045371351860 ) ) ;
#117 = LINE ( 'NONE', #7056, #3349 ) ;
#118 = DIRECTION ( 'NONE',  ( -0.000000000000000000, -0.000000000000000000, 1.000000000000000000 ) ) ;
#119 = ORIENTED_EDGE ( 'NONE', *, *, #431, .T. ) ;
#120 = CARTESIAN_POINT ( 'NONE',  ( 0.008042224642551424121, -4.991957775357449556, -57.29246587457290474 ) ) ;
#121 = TOROIDAL_SURFACE ( 'NONE', #5840, 1.000000000000000000, 3.999999999999996447 ) ;
#122 = VERTEX_POINT ( 'NONE', #5155 ) ;
#123 = ADVANCED_FACE ( 'NONE', ( #4462 ), #8059, .T. ) ;
#124 = B_SPLINE_CURVE_WITH_KNOTS ( 'NONE', 3,
 ( #7933, #336, #3144, #7377, #7240, #3700, #1076, #202, #5855, #940, #5944, #5168, #8757, #2364, #2462, #3794 ),
 .UNSPECIFIED., .F., .F.,
 ( 4, 2, 2, 2, 2, 2, 2, 4 ),
 ( 4.818711198525358513E-07, 0.0008765200830274465617, 0.001314539188981237545, 0.001752558294935028854, 0.002190577400888819946, 0.002628596506842610821, 0.003066615612796402563, 0.003504634718750193438 ),
 .UNSPECIFIED. ) ;
#125 = DIRECTION ( 'NONE',  ( 0.000000000000000000, 0.000000000000000000, -1.000000000000000000 ) ) ;
#126 = TOROIDAL_SURFACE ( 'NONE', #4509, 1.000000000000000000, 4.000000000000000000 ) ;
#127 = DIRECTION ( 'NONE',  ( -0.000000000000000000, -0.000000000000000000, 1.000000000000000000 ) ) ;
#128 = CARTESIAN_POINT ( 'NONE',  ( -4.739198801701949293, -0.2608011982980511512, -74.90923771779446838 ) ) ;
#129 = AXIS2_PLACEMENT_3D ( 'NONE', #4927, #6055, #1092 ) ;
#130 = FACE_OUTER_BOUND ( 'NONE', #4881, .T. ) ;
#131 = CARTESIAN_POINT ( 'NONE',  ( 0.9599107665869234252, -4.040089233413077352, -54.52236572063980447 ) ) ;
#132 = CARTESIAN_POINT ( 'NONE',  ( 0.000000000000000000, 0.000000000000000000, 0.000000000000000000 ) ) ;
#133 = EDGE_LOOP ( 'NONE', ( #8866, #2341, #4877 ) ) ;
#134 = DATE_AND_TIME ( #6430, #7000 ) ;
#135 = ORIENTED_EDGE ( 'NONE', *, *, #8013, .F. ) ;
#136 = EDGE_CURVE ( 'NONE', #2666, #8100, #4235, .T. ) ;
#137 = ADVANCED_FACE ( 'NONE', ( #281 ), #4687, .T. ) ;
#138 = CARTESIAN_POINT ( 'NONE',  ( -3.671958834454343013, -1.328041165545656765, -120.2499999999999858 ) ) ;
#139 = CARTESIAN_POINT ( 'NONE',  ( 4.872131520502826163, -0.1278684794971743088, -74.50740203054003530 ) ) ;
#140 = DIRECTION ( 'NONE',  ( -1.000000000000000000, 1.224646799147353207E-16, 0.000000000000000000 ) ) ;
#141 = EDGE_LOOP ( 'NONE', ( #4973, #3454, #5423 ) ) ;
#142 = CARTESIAN_POINT ( 'NONE',  ( 0.3138588207986399148, -4.686141179201358753, -115.9653213122421391 ) ) ;
#143 = CARTESIAN_POINT ( 'NONE',  ( 0.9999999999999995559, 0.000000000000000000, 0.000000000000000000 ) ) ;
#144 = CARTESIAN_POINT ( 'NONE',  ( 0.4321793203735386224, -4.567820679626461988, -88.22657376275972752 ) ) ;
#145 = CARTESIAN_POINT ( 'NONE',  ( 0.000000000000000000, 0.000000000000000000, -24.00000000000000355 ) ) ;
#146 = ORIENTED_EDGE ( 'NONE', *, *, #5369, .T. ) ;
#147 = CARTESIAN_POINT ( 'NONE',  ( -0.9599107665897341768, -4.040089233410266267, -104.0223657206374241 ) ) ;
#148 = EDGE_CURVE ( 'NONE', #6969, #5720, #3774, .T. ) ;
#149 = FACE_OUTER_BOUND ( 'NONE', #2839, .T. ) ;
#150 = CARTESIAN_POINT ( 'NONE',  ( 0.6335913640883263920, -4.366408635911673386, -31.60619955115777913 ) ) ;
#151 = DIRECTION ( 'NONE',  ( -1.000000000000000000, 1.224646799147353207E-16, 0.000000000000000000 ) ) ;
#152 = CARTESIAN_POINT ( 'NONE',  ( 0.000000000000000000, 0.000000000000000000, -62.50000000000000000 ) ) ;
#153 = ORIENTED_EDGE ( 'NONE', *, *, #724, .F. ) ;
#154 = FACE_OUTER_BOUND ( 'NONE', #8019, .T. ) ;
#155 = ORIENTED_EDGE ( 'NONE', *, *, #6905, .T. ) ;
#156 = ADVANCED_FACE ( 'NONE', ( #8737 ), #1899, .T. ) ;
#157 = CARTESIAN_POINT ( 'NONE',  ( 0.2517800035653551816, -4.748219996434645651, -14.40883637236998815 ) ) ;
#158 = DIRECTION ( 'NONE',  ( 1.000000000000000000, 0.000000000000000000, 0.000000000000000000 ) ) ;
#159 = DIRECTION ( 'NONE',  ( 1.000000000000000000, 0.000000000000000000, 0.000000000000000000 ) ) ;
#160 = CARTESIAN_POINT ( 'NONE',  ( -1.000000000000000000, 1.224646799147353207E-16, -24.00000000000000355 ) ) ;
#161 = CARTESIAN_POINT ( 'NONE',  ( 0.000000000000000000, 0.000000000000000000, -90.00000000000000000 ) ) ;
#162 = DIRECTION ( 'NONE',  ( -0.000000000000000000, -0.000000000000000000, 1.000000000000000000 ) ) ;
#163 = CARTESIAN_POINT ( 'NONE',  ( -0.4915337874163402954, -4.508466212583661203, -53.39376480692352800 ) ) ;
#164 = ORIENTED_EDGE ( 'NONE', *, *, #915, .T. ) ;
#165 = CARTESIAN_POINT ( 'NONE',  ( -0.008042224642557360345, -4.991957775357441562, -73.79246587457292605 ) ) ;
#166 = B_SPLINE_CURVE_WITH_KNOTS ( 'NONE', 3,
 ( #7666, #4947, #5725, #7152, #2056, #3566, #3664, #1537, #4899, #6367, #69, #4857, #4998, #4169, #3616, #6968 ),
 .UNSPECIFIED., .F., .F.,
 ( 4, 2, 2, 2, 2, 2, 2, 4 ),
 ( 4.818711198665871750E-07, 0.0008765200830274456944, 0.001314539188981235377, 0.001752558294935024951, 0.002190577400888814308, 0.002628596506842603882, 0.003066615612796393456, 0.003504634718750183030 ),
 .UNSPECIFIED. ) ;
#167 = VERTEX_POINT ( 'NONE', #5925 ) ;
#168 = EDGE_CURVE ( 'NONE', #6882, #1317, #6287, .T. ) ;
#169 = CARTESIAN_POINT ( 'NONE',  ( -1.328041165545656765, -3.671958834454343013, -120.2499999999999858 ) ) ;
#170 = AXIS2_PLACEMENT_3D ( 'NONE', #3199, #5997, #8803 ) ;
#171 = DIRECTION ( 'NONE',  ( 1.000000000000000000, 0.000000000000000000, 0.000000000000000000 ) ) ;
#172 = CARTESIAN_POINT ( 'NONE',  ( 0.9599107665897161912, -4.040089233410284031, -93.02236572063743836 ) ) ;
#173 = B_SPLINE_CURVE_WITH_KNOTS ( 'NONE', 3,
 ( #7730, #7125, #7175, #5609, #2995, #877, #2858, #8462, #3638, #4919, #1415, #5058, #919, #3721, #1464, #5742 ),
 .UNSPECIFIED., .F., .F.,
 ( 4, 2, 2, 2, 2, 2, 2, 4 ),
 ( 4.818711198530449181E-07, 0.0008765200830274334429, 0.001314539188981226920, 0.001752558294935020614, 0.002190577400888814308, 0.002628596506842607351, 0.003066615612796400828, 0.003504634718750194305 ),
 .UNSPECIFIED. ) ;
#174 = PLANE ( 'NONE',  #5701 ) ;
#175 = ADVANCED_FACE ( 'NONE', ( #1657 ), #7473, .F. ) ;
#176 = CARTESIAN_POINT ( 'NONE',  ( 0.04063066961830227863, -4.959369330381697694, -34.41386551652202286 ) ) ;
#177 = VERTEX_POINT ( 'NONE', #8146 ) ;
#178 = PERSON_AND_ORGANIZATION ( #6507, #1122 ) ;
#179 = VERTEX_POINT ( 'NONE', #8688 ) ;
#180 = AXIS2_PLACEMENT_3D ( 'NONE', #779, #9057, #8465 ) ;
#181 = CARTESIAN_POINT ( 'NONE',  ( 1.000000000000000000, 0.000000000000000000, -68.00000000000000000 ) ) ;
#182 = CARTESIAN_POINT ( 'NONE',  ( 4.999999999999986677, -1.267690684684465825E-14, -73.64725720788725027 ) ) ;
#183 = ADVANCED_FACE ( 'NONE', ( #7361 ), #8210, .T. ) ;
#184 = DIRECTION ( 'NONE',  ( -0.000000000000000000, -0.000000000000000000, 1.000000000000000000 ) ) ;
#185 = ORIENTED_EDGE ( 'NONE', *, *, #3015, .T. ) ;
#186 = CARTESIAN_POINT ( 'NONE',  ( 3.671958834454343013, -1.328041165545656987, -70.75000000000000000 ) ) ;
#187 = CARTESIAN_POINT ( 'NONE',  ( -3.671958834454336351, -1.328041165545663871, -32.25000000000000000 ) ) ;
#188 = CARTESIAN_POINT ( 'NONE',  ( -4.366408635906906532, -0.6335913640930935786, -109.8938004488360036 ) ) ;
#189 = ORIENTED_EDGE ( 'NONE', *, *, #5520, .F. ) ;
#190 = CARTESIAN_POINT ( 'NONE',  ( -0.008301598520849530483, -4.991698401479150782, -106.2037463706169405 ) ) ;
#191 = DIRECTION ( 'NONE',  ( -0.000000000000000000, -0.000000000000000000, 1.000000000000000000 ) ) ;
#192 = EDGE_CURVE ( 'NONE', #4187, #8206, #6583, .T. ) ;
#193 = DIRECTION ( 'NONE',  ( -0.000000000000000000, -0.000000000000000000, 1.000000000000000000 ) ) ;
#194 = CARTESIAN_POINT ( 'NONE',  ( 0.000000000000000000, -5.000000000000000000, -100.9999999999722036 ) ) ;
#195 = DIRECTION ( 'NONE',  ( 0.000000000000000000, 0.000000000000000000, -1.000000000000000000 ) ) ;
#196 = EDGE_LOOP ( 'NONE', ( #5564, #6034, #8054, #7403 ) ) ;
#197 = CARTESIAN_POINT ( 'NONE',  ( -0.06404366728014347643, -4.935956332719856121, -8.225598134014973084 ) ) ;
#198 = ORIENTED_EDGE ( 'NONE', *, *, #2697, .F. ) ;
#199 = AXIS2_PLACEMENT_3D ( 'NONE', #1948, #6080, #1860 ) ;
#200 = CARTESIAN_POINT ( 'NONE',  ( -4.686141179201311679, -0.3138588207986884870, -25.53467868775799232 ) ) ;
#201 = CARTESIAN_POINT ( 'NONE',  ( 1.137203174284271423, -3.862796825715729909, -43.12899883711651228 ) ) ;
#202 = CARTESIAN_POINT ( 'NONE',  ( 4.686141179201312568, -0.3138588207986879319, -31.03467868775798522 ) ) ;
#203 = ADVANCED_FACE ( 'NONE', ( #6724 ), #4104, .T. ) ;
#204 = EDGE_CURVE ( 'NONE', #3013, #7585, #3405, .T. ) ;
#205 = CARTESIAN_POINT ( 'NONE',  ( 0.000000000000000000, 0.000000000000000000, -26.00000000000000000 ) ) ;
#206 = CARTESIAN_POINT ( 'NONE',  ( 1.136863993905366410, -3.863136006094632702, -70.87121622079729377 ) ) ;
#207 = CIRCLE ( 'NONE', #3441, 1.999999999999994893 ) ;
#208 = FACE_OUTER_BOUND ( 'NONE', #6680, .T. ) ;
#209 = ORIENTED_EDGE ( 'NONE', *, *, #970, .F. ) ;
#210 = CARTESIAN_POINT ( 'NONE',  ( 5.000000000000281553, 2.809514862196180954E-13, -101.0000000000002132 ) ) ;
#211 = ORIENTED_EDGE ( 'NONE', *, *, #2405, .T. ) ;
#212 = CIRCLE ( 'NONE', #5355, 4.000000000000003553 ) ;
#213 = DIRECTION ( 'NONE',  ( -0.000000000000000000, -0.000000000000000000, 1.000000000000000000 ) ) ;
#214 = DIRECTION ( 'NONE',  ( -0.000000000000000000, -0.000000000000000000, 1.000000000000000000 ) ) ;
#215 = ADVANCED_FACE ( 'NONE', ( #6120 ), #1438, .T. ) ;
#216 = ADVANCED_FACE ( 'NONE', ( #7548, #5385 ), #8196, .F. ) ;
#217 = AXIS2_PLACEMENT_3D ( 'NONE', #5288, #3124, #5833 ) ;
#218 = DIRECTION ( 'NONE',  ( 1.000000000000000000, 0.000000000000000000, 0.000000000000000000 ) ) ;
#219 = CARTESIAN_POINT ( 'NONE',  ( -0.4321793203679918371, -4.567820679632009551, -22.22657376276974617 ) ) ;
#220 = EDGE_LOOP ( 'NONE', ( #8985, #3739, #3083 ) ) ;
#221 = TOROIDAL_SURFACE ( 'NONE', #5067, 1.000000000000000000, 4.000000000000000000 ) ;
#222 = DATE_AND_TIME ( #3715, #7883 ) ;
#223 = ORIENTED_EDGE ( 'NONE', *, *, #5434, .F. ) ;
#224 = CIRCLE ( 'NONE', #6685, 3.904737509655567873 ) ;
#225 = CARTESIAN_POINT ( 'NONE',  ( -4.991957775357463767, -0.008042224642536555806, -7.207534125427317306 ) ) ;
#226 = CIRCLE ( 'NONE', #1543, 3.999999999999996447 ) ;
#227 = CARTESIAN_POINT ( 'NONE',  ( 3.671958834454338572, -1.328041165545661428, -21.24999999999999645 ) ) ;
#228 = ORIENTED_EDGE ( 'NONE', *, *, #7771, .F. ) ;
#229 = CYLINDRICAL_SURFACE ( 'NONE', #7277, 0.9999999999999995559 ) ;
#230 = CARTESIAN_POINT ( 'NONE',  ( 0.000000000000000000, 0.000000000000000000, -43.25000000000000711 ) ) ;
#231 = AXIS2_PLACEMENT_3D ( 'NONE', #6768, #6621, #9005 ) ;
#232 = DIRECTION ( 'NONE',  ( 1.000000000000000000, 0.000000000000000000, 0.000000000000000000 ) ) ;
#233 = DIRECTION ( 'NONE',  ( 1.224646799147353207E-16, 1.000000000000000000, 0.000000000000000000 ) ) ;
#234 = ORIENTED_EDGE ( 'NONE', *, *, #6941, .F. ) ;
#235 = DIRECTION ( 'NONE',  ( 1.000000000000000000, 0.000000000000000000, 0.000000000000000000 ) ) ;
#236 = EDGE_CURVE ( 'NONE', #24, #1252, #4978, .T. ) ;
#237 = CARTESIAN_POINT ( 'NONE',  ( -1.000000000000000000, 1.224646799147353207E-16, -84.50000000000000000 ) ) ;
#238 = CARTESIAN_POINT ( 'NONE',  ( 0.2517800035653577906, -4.748219996434642098, -118.9088363723699757 ) ) ;
#239 = CARTESIAN_POINT ( 'NONE',  ( -0.4321793203734997091, -4.567820679626501068, -99.22657376275984120 ) ) ;
#240 = DIRECTION ( 'NONE',  ( -0.000000000000000000, -0.000000000000000000, -1.000000000000000000 ) ) ;
#241 = VERTEX_POINT ( 'NONE', #6072 ) ;
#242 = DIRECTION ( 'NONE',  ( 0.000000000000000000, -1.000000000000000000, 0.000000000000000000 ) ) ;
#243 = ORIENTED_EDGE ( 'NONE', *, *, #8690, .T. ) ;
#244 = ADVANCED_FACE ( 'NONE', ( #1938 ), #512, .F. ) ;
#245 = ORIENTED_EDGE ( 'NONE', *, *, #2931, .F. ) ;
#246 = CARTESIAN_POINT ( 'NONE',  ( 0.04063066961489635726, -4.959369330385102970, -6.913865516544513312 ) ) ;
#247 = SECURITY_CLASSIFICATION ( '', '', #2665 ) ;
#248 = CARTESIAN_POINT ( 'NONE',  ( 0.000000000000000000, -5.000000000000000000, -84.49999999997220357 ) ) ;
#249 = CARTESIAN_POINT ( 'NONE',  ( -4.359865889258240479, -0.6401341107417611864, -59.10125045371351149 ) ) ;
#250 = CARTESIAN_POINT ( 'NONE',  ( 0.6335913640883366060, -4.366408635911663616, -86.60619955115781465 ) ) ;
#251 = CARTESIAN_POINT ( 'NONE',  ( -4.508466212578270849, -0.4915337874217298730, -44.10623519306795259 ) ) ;
#252 = CARTESIAN_POINT ( 'NONE',  ( -4.991957775357460214, -0.008042224642539145749, -117.2075341254273297 ) ) ;
#253 = ORIENTED_EDGE ( 'NONE', *, *, #6446, .F. ) ;
#254 = CARTESIAN_POINT ( 'NONE',  ( -1.649490785659342531E-15, -5.000000000000002665, -57.14684353044862064 ) ) ;
#255 = CIRCLE ( 'NONE', #5397, 0.9999999999999993339 ) ;
#256 = CIRCLE ( 'NONE', #691, 1.000000000000000000 ) ;
#257 = VERTEX_POINT ( 'NONE', #6167 ) ;
#258 = CIRCLE ( 'NONE', #4094, 0.9999999999999993339 ) ;
#259 = EDGE_CURVE ( 'NONE', #7481, #122, #7574, .T. ) ;
#260 = DIRECTION ( 'NONE',  ( 1.000000000000000000, 0.000000000000000000, 0.000000000000000000 ) ) ;
#261 = DIRECTION ( 'NONE',  ( 1.000000000000000000, 0.000000000000000000, 0.000000000000000000 ) ) ;
#262 = CARTESIAN_POINT ( 'NONE',  ( 0.000000000000000000, 0.000000000000000000, -48.75000000000000000 ) ) ;
#263 = AXIS2_PLACEMENT_3D ( 'NONE', #4594, #8872, #4003 ) ;
#264 = TOROIDAL_SURFACE ( 'NONE', #2624, 1.000000000000000000, 3.999999999999996447 ) ;
#265 = CYLINDRICAL_SURFACE ( 'NONE', #3457, 0.9999999999999995559 ) ;
#266 = ORIENTED_EDGE ( 'NONE', *, *, #7228, .T. ) ;
#267 = PERSON_AND_ORGANIZATION ( #6507, #1122 ) ;
#268 = VERTEX_POINT ( 'NONE', #3808 ) ;
#269 = EDGE_CURVE ( 'NONE', #1731, #8125, #2525, .T. ) ;
#270 = CIRCLE ( 'NONE', #550, 3.904737509655567873 ) ;
#271 = AXIS2_PLACEMENT_3D ( 'NONE', #1161, #5882, #8831 ) ;
#272 = CARTESIAN_POINT ( 'NONE',  ( -0.9999999999999993339, 1.224646799147353207E-16, -103.0000000000000000 ) ) ;
#273 = CARTESIAN_POINT ( 'NONE',  ( 4.872131520502826163, -0.1278684794971743088, -80.00740203054002109 ) ) ;
#274 = DIRECTION ( 'NONE',  ( -1.000000000000000000, 1.224646799147352961E-16, 0.000000000000000000 ) ) ;
#275 = ORIENTED_EDGE ( 'NONE', *, *, #8484, .T. ) ;
#276 = CARTESIAN_POINT ( 'NONE',  ( 4.686141179201310791, -0.3138588207986893752, -108.0346786877579746 ) ) ;
#277 = CARTESIAN_POINT ( 'NONE',  ( 0.9599107665869276440, -4.040089233413072023, -21.52236572063980802 ) ) ;
#278 = CARTESIAN_POINT ( 'NONE',  ( -4.991698401481084346, -0.008301598518917116185, -18.79625362935772515 ) ) ;
#279 = DIRECTION ( 'NONE',  ( -0.000000000000000000, -0.000000000000000000, 1.000000000000000000 ) ) ;
#280 = ORIENTED_EDGE ( 'NONE', *, *, #1722, .T. ) ;
#281 = FACE_OUTER_BOUND ( 'NONE', #8208, .T. ) ;
#282 = ADVANCED_FACE ( 'NONE', ( #3900 ), #573, .T. ) ;
#283 = CARTESIAN_POINT ( 'NONE',  ( 1.000000000000000000, 0.000000000000000000, -40.50000000000000711 ) ) ;
#284 = CARTESIAN_POINT ( 'NONE',  ( 4.840676868219843776, -0.1593231317801558355, -66.85321941568363968 ) ) ;
#285 = CARTESIAN_POINT ( 'NONE',  ( 0.000000000000000000, 0.000000000000000000, -131.9999999999999716 ) ) ;
#286 = CARTESIAN_POINT ( 'NONE',  ( -1.000000000000000000, 1.224646799147353207E-16, -101.0000000000000000 ) ) ;
#287 = EDGE_CURVE ( 'NONE', #2432, #8206, #1746, .T. ) ;
#288 = ORIENTED_EDGE ( 'NONE', *, *, #1162, .F. ) ;
#289 = CARTESIAN_POINT ( 'NONE',  ( 4.502552532152134468, -0.4974474678478654210, -97.38672757692825144 ) ) ;
#290 = ORIENTED_EDGE ( 'NONE', *, *, #2619, .T. ) ;
#291 = CARTESIAN_POINT ( 'NONE',  ( 0.4915337874217811653, -4.508466212578220222, -14.89376480693212557 ) ) ;
#292 = LINE ( 'NONE', #6545, #3489 ) ;
#293 = FACE_OUTER_BOUND ( 'NONE', #5393, .T. ) ;
#294 = CARTESIAN_POINT ( 'NONE',  ( -4.991698401481086123, -0.008301598518914057867, -46.29625362935771449 ) ) ;
#295 = FACE_OUTER_BOUND ( 'NONE', #4508, .T. ) ;
#296 = ADVANCED_FACE ( 'NONE', ( #1001 ), #2930, .F. ) ;
#297 = CARTESIAN_POINT ( 'NONE',  ( -0.1593231317747715592, -4.840676868225228802, -107.6467805842996199 ) ) ;
#298 = ORIENTED_EDGE ( 'NONE', *, *, #2847, .T. ) ;
#299 = CARTESIAN_POINT ( 'NONE',  ( -0.1676550930162021280, -4.832344906983798261, -39.35453806257385878 ) ) ;
#300 = ORIENTED_EDGE ( 'NONE', *, *, #6933, .T. ) ;
#301 = ADVANCED_FACE ( 'NONE', ( #1683 ), #3115, .F. ) ;
#302 = CARTESIAN_POINT ( 'NONE',  ( -0.1278684795020899045, -4.872131520497909207, -66.99259796944171796 ) ) ;
#303 = DIRECTION ( 'NONE',  ( 1.000000000000000000, 0.000000000000000000, 0.000000000000000000 ) ) ;
#304 = CARTESIAN_POINT ( 'NONE',  ( 0.000000000000000000, -5.000000000000000000, -18.50000000000000355 ) ) ;
#305 = CARTESIAN_POINT ( 'NONE',  ( 0.000000000000000000, 0.000000000000000000, -56.99999999999999289 ) ) ;
#306 = CARTESIAN_POINT ( 'NONE',  ( -4.041784260359808201, -0.9582157396401930205, -82.02377465029930192 ) ) ;
#307 = EDGE_CURVE ( 'NONE', #7555, #4111, #3835, .T. ) ;
#308 = ORIENTED_EDGE ( 'NONE', *, *, #783, .T. ) ;
#309 = CALENDAR_DATE ( 2026, 24, 2 ) ;
#310 = ORIENTED_EDGE ( 'NONE', *, *, #7689, .F. ) ;
#311 = CARTESIAN_POINT ( 'NONE',  ( 1.328041165545656987, -3.671958834454343013, -114.7499999999999858 ) ) ;
#312 = DIRECTION ( 'NONE',  ( -0.000000000000000000, -0.000000000000000000, 1.000000000000000000 ) ) ;
#313 = ADVANCED_FACE ( 'NONE', ( #1829 ), #5424, .T. ) ;
#314 = AXIS2_PLACEMENT_3D ( 'NONE', #5932, #568, #5342 ) ;
#315 = CARTESIAN_POINT ( 'NONE',  ( 0.000000000000000000, 0.000000000000000000, -104.5000000000000000 ) ) ;
#316 = VERTEX_POINT ( 'NONE', #7442 ) ;
#317 = CARTESIAN_POINT ( 'NONE',  ( 1.000000000000000000, 0.000000000000000000, -68.00000000000000000 ) ) ;
#318 = DIRECTION ( 'NONE',  ( 0.000000000000000000, -1.000000000000000000, 0.000000000000000000 ) ) ;
#319 = CARTESIAN_POINT ( 'NONE',  ( -4.739198801701948405, -0.2608011982980497634, -19.90923771779445772 ) ) ;
#320 = EDGE_LOOP ( 'NONE', ( #5460, #4042, #4555, #2198 ) ) ;
#321 = CARTESIAN_POINT ( 'NONE',  ( 0.03993437491706602199, -4.960065625082932250, -8.081310213524483643 ) ) ;
#322 = TOROIDAL_SURFACE ( 'NONE', #7229, 1.000000000000000000, 4.000000000000000000 ) ;
#323 = CARTESIAN_POINT ( 'NONE',  ( -3.671958834454336351, -1.328041165545663871, -10.25000000000000178 ) ) ;
#324 = CARTESIAN_POINT ( 'NONE',  ( 4.502552532152133580, -0.4974474678478673639, -47.88672757692827986 ) ) ;
#325 = EDGE_CURVE ( 'NONE', #8855, #5816, #5121, .T. ) ;
#326 = CARTESIAN_POINT ( 'NONE',  ( 0.000000000000000000, 0.000000000000000000, -4.750000000000001776 ) ) ;
#327 = B_SPLINE_CURVE_WITH_KNOTS ( 'NONE', 3,
 ( #2889, #254, #120, #7246, #4949, #7938, #5727, #5683, #944, #7059, #7802, #3750 ),
 .UNSPECIFIED., .F., .F.,
 ( 4, 2, 2, 2, 2, 4 ),
 ( 0.003504634718750429360, 0.003941423334025284317, 0.004378211949300140141, 0.005251789179849850053, 0.006125366410399559966, 0.006998943640949270746 ),
 .UNSPECIFIED. ) ;
#328 = DIRECTION ( 'NONE',  ( -0.000000000000000000, -0.000000000000000000, 1.000000000000000000 ) ) ;
#329 = CARTESIAN_POINT ( 'NONE',  ( 0.9999999999999993339, 0.000000000000000000, -113.9999999999999858 ) ) ;
#330 = ORIENTED_EDGE ( 'NONE', *, *, #5303, .T. ) ;
#331 = DIRECTION ( 'NONE',  ( 1.224646799147353207E-16, 1.000000000000000000, 0.000000000000000000 ) ) ;
#332 = VERTEX_POINT ( 'NONE', #496 ) ;
#333 = ORIENTED_EDGE ( 'NONE', *, *, #4590, .F. ) ;
#334 = CARTESIAN_POINT ( 'NONE',  ( 1.137203174285775775, -3.862796825714225779, -15.62899883711745730 ) ) ;
#335 = CARTESIAN_POINT ( 'NONE',  ( -0.6335913640883368281, -4.366408635911663616, -86.60619955115781465 ) ) ;
#336 = CARTESIAN_POINT ( 'NONE',  ( 3.863136006094625152, -1.136863993905375736, -32.12878377920271333 ) ) ;
#337 = CARTESIAN_POINT ( 'NONE',  ( -5.000000000000281553, 2.811725620256466210E-13, -101.0000000000002132 ) ) ;
#338 = DIRECTION ( 'NONE',  ( -0.000000000000000000, -0.000000000000000000, 1.000000000000000000 ) ) ;
#339 = CARTESIAN_POINT ( 'NONE',  ( 0.000000000000000000, 0.000000000000000000, -59.00000000000000000 ) ) ;
#340 = AXIS2_PLACEMENT_3D ( 'NONE', #2809, #5606, #6084 ) ;
#341 = CARTESIAN_POINT ( 'NONE',  ( 1.328041165545663649, -3.671958834454336795, -32.25000000000000000 ) ) ;
#342 = ORIENTED_EDGE ( 'NONE', *, *, #2326, .F. ) ;
#343 = CARTESIAN_POINT ( 'NONE',  ( 3.862796825714241322, -1.137203174285759566, -54.37100116288256402 ) ) ;
#344 = ORIENTED_EDGE ( 'NONE', *, *, #5472, .F. ) ;
#345 = ADVANCED_FACE ( 'NONE', ( #1141 ), #4239, .T. ) ;
#346 = AXIS2_PLACEMENT_3D ( 'NONE', #3068, #394, #5950 ) ;
#347 = LINE ( 'NONE', #7898, #8432 ) ;
#348 = CARTESIAN_POINT ( 'NONE',  ( 4.508466212578266408, -0.4915337874217329261, -33.10623519306796680 ) ) ;
#349 = CIRCLE ( 'NONE', #3004, 1.999999999999998224 ) ;
#350 = CARTESIAN_POINT ( 'NONE',  ( 0.2608011982979998034, -4.739198801702000807, -17.09076228220567373 ) ) ;
#351 = CARTESIAN_POINT ( 'NONE',  ( -4.688202580618368920, -0.3117974193816313022, -121.4698660872095672 ) ) ;
#352 = DIRECTION ( 'NONE',  ( -0.7071067811865474617, -0.7071067811865474617, -0.000000000000000000 ) ) ;
#353 = CARTESIAN_POINT ( 'NONE',  ( -1.000000000000000000, 1.224646799147353207E-16, -40.50000000000000711 ) ) ;
#354 = CARTESIAN_POINT ( 'NONE',  ( -1.024133666360662847E-12, -5.000000000001025846, -90.14684353042196108 ) ) ;
#355 = ORIENTED_EDGE ( 'NONE', *, *, #1887, .T. ) ;
#356 = SECURITY_CLASSIFICATION_LEVEL ( 'unclassified' ) ;
#357 = EDGE_LOOP ( 'NONE', ( #8840, #7257, #4707, #1903 ) ) ;
#358 = AXIS2_PLACEMENT_3D ( 'NONE', #29, #2800, #2841 ) ;
#359 = EDGE_CURVE ( 'NONE', #5853, #3176, #4541, .T. ) ;
#360 = AXIS2_PLACEMENT_3D ( 'NONE', #9003, #5515, #7636 ) ;
#361 = CARTESIAN_POINT ( 'NONE',  ( 5.000000000000008882, 8.564773646161854723E-15, -23.85315646955162805 ) ) ;
#362 = AXIS2_PLACEMENT_3D ( 'NONE', #4778, #6161, #8962 ) ;
#363 = DIRECTION ( 'NONE',  ( -0.000000000000000000, -0.000000000000000000, 1.000000000000000000 ) ) ;
#364 = ORIENTED_EDGE ( 'NONE', *, *, #958, .T. ) ;
#365 = DIRECTION ( 'NONE',  ( 1.000000000000000000, 0.000000000000000000, 0.000000000000000000 ) ) ;
#366 = DIRECTION ( 'NONE',  ( 1.000000000000000000, 0.000000000000000000, 0.000000000000000000 ) ) ;
#367 = AXIS2_PLACEMENT_3D ( 'NONE', #1143, #1189, #451 ) ;
#368 = ORIENTED_EDGE ( 'NONE', *, *, #7620, .F. ) ;
#369 = CARTESIAN_POINT ( 'NONE',  ( 1.328041165545663649, -3.671958834454336351, -10.25000000000000178 ) ) ;
#370 = EDGE_CURVE ( 'NONE', #956, #7422, #709, .T. ) ;
#371 = AXIS2_PLACEMENT_3D ( 'NONE', #6573, #1562, #2390 ) ;
#372 = AXIS2_PLACEMENT_3D ( 'NONE', #1060, #3179, #3917 ) ;
#373 = CARTESIAN_POINT ( 'NONE',  ( 0.000000000000000000, -5.000000000000000000, -95.49999999997220357 ) ) ;
#374 = CARTESIAN_POINT ( 'NONE',  ( 4.366408635906908309, -0.6335913640930921353, -65.89380044883600362 ) ) ;
#375 = EDGE_LOOP ( 'NONE', ( #110, #3785, #8438 ) ) ;
#376 = FACE_OUTER_BOUND ( 'NONE', #3738, .T. ) ;
#377 = CARTESIAN_POINT ( 'NONE',  ( 0.000000000000000000, 0.000000000000000000, -26.75000000000000355 ) ) ;
#378 = AXIS2_PLACEMENT_3D ( 'NONE', #5427, #4002, #8236 ) ;
#379 = VERTEX_POINT ( 'NONE', #8393 ) ;
#380 = CARTESIAN_POINT ( 'NONE',  ( 4.832344906989094468, -0.1676550930109069470, -96.64546193740919477 ) ) ;
#381 = ORIENTED_EDGE ( 'NONE', *, *, #9040, .F. ) ;
#382 = CC_DESIGN_APPROVAL ( #5863, ( #6702 ) ) ;
#383 = EDGE_CURVE ( 'NONE', #8330, #2695, #1530, .T. ) ;
#384 = ORIENTED_EDGE ( 'NONE', *, *, #1321, .F. ) ;
#385 = AXIS2_PLACEMENT_3D ( 'NONE', #1576, #6309, #6402 ) ;
#386 = DIRECTION ( 'NONE',  ( -0.000000000000000000, -0.000000000000000000, 1.000000000000000000 ) ) ;
#387 = CARTESIAN_POINT ( 'NONE',  ( 1.016695234776112395E-12, -5.000000000001018741, -84.64684353042214582 ) ) ;
#388 = CARTESIAN_POINT ( 'NONE',  ( -5.000000000000285993, 2.863267262836209146E-13, -57.00000000000020606 ) ) ;
#389 = CARTESIAN_POINT ( 'NONE',  ( 4.840676868219848217, -0.1593231317801517555, -39.35321941568363258 ) ) ;
#390 = CARTESIAN_POINT ( 'NONE',  ( -0.4974474678478228995, -4.502552532152177989, -60.61327242307182672 ) ) ;
#391 = CARTESIAN_POINT ( 'NONE',  ( -1.000000000000000000, 1.224646799147353207E-16, -35.00000000000000000 ) ) ;
#392 = CARTESIAN_POINT ( 'NONE',  ( -4.959369330385073660, -0.04063066961492665941, -63.08613448345569452 ) ) ;
#393 = VERTEX_POINT ( 'NONE', #1227 ) ;
#394 = DIRECTION ( 'NONE',  ( -0.000000000000000000, -0.000000000000000000, 1.000000000000000000 ) ) ;
#395 = ORIENTED_EDGE ( 'NONE', *, *, #2516, .T. ) ;
#396 = CC_DESIGN_APPROVAL ( #6714, ( #4953 ) ) ;
#397 = DIRECTION ( 'NONE',  ( -1.000000000000000000, 1.224646799147353207E-16, 0.000000000000000000 ) ) ;
#398 = DIRECTION ( 'NONE',  ( 0.000000000000000000, -1.000000000000000000, 0.000000000000000000 ) ) ;
#399 = CARTESIAN_POINT ( 'NONE',  ( 0.1676550930162054864, -4.832344906983794708, -66.85453806257386589 ) ) ;
#400 = CIRCLE ( 'NONE', #5538, 1.999999999999998224 ) ;
#401 = CARTESIAN_POINT ( 'NONE',  ( 4.502552532152134468, -0.4974474678478654210, -75.38672757692825144 ) ) ;
#402 = TOROIDAL_SURFACE ( 'NONE', #1571, 1.000000000000000000, 2.000000000000001776 ) ;
#403 = CARTESIAN_POINT ( 'NONE',  ( 0.000000000000000000, 0.000000000000000000, 0.000000000000000000 ) ) ;
#404 = DIRECTION ( 'NONE',  ( 1.000000000000000000, 0.000000000000000000, 0.000000000000000000 ) ) ;
#405 = CIRCLE ( 'NONE', #5541, 3.999999999999999112 ) ;
#406 = CARTESIAN_POINT ( 'NONE',  ( -1.000000000000000000, 1.224646799147353207E-16, -95.50000000000000000 ) ) ;
#407 = ORIENTED_EDGE ( 'NONE', *, *, #3680, .T. ) ;
#408 = DATE_AND_TIME ( #5143, #8617 ) ;
#409 = ADVANCED_FACE ( 'NONE', ( #4817 ), #7419, .T. ) ;
#410 = ORIENTED_EDGE ( 'NONE', *, *, #307, .F. ) ;
#411 = AXIS2_PLACEMENT_3D ( 'NONE', #3073, #4539, #261 ) ;
#412 = AXIS2_PLACEMENT_3D ( 'NONE', #1153, #3175, #3962 ) ;
#413 = AXIS2_PLACEMENT_3D ( 'NONE', #6217, #5304, #1812 ) ;
#414 = CARTESIAN_POINT ( 'NONE',  ( 4.040089233413053371, -0.9599107665869472950, -114.4776342793601884 ) ) ;
#415 = CARTESIAN_POINT ( 'NONE',  ( -1.000000000000000000, 1.224646799147353207E-16, -2.000000000000000000 ) ) ;
#416 = CARTESIAN_POINT ( 'NONE',  ( 4.502552532152134468, -0.4974474678478654210, -69.88672757692823723 ) ) ;
#417 = ORIENTED_EDGE ( 'NONE', *, *, #5087, .T. ) ;
#418 = DIRECTION ( 'NONE',  ( 1.000000000000000000, 0.000000000000000000, 0.000000000000000000 ) ) ;
#419 = DIRECTION ( 'NONE',  ( -0.000000000000000000, -0.000000000000000000, 1.000000000000000000 ) ) ;
#420 = EDGE_CURVE ( 'NONE', #2250, #3318, #8764, .T. ) ;
#421 = AXIS2_PLACEMENT_3D ( 'NONE', #3780, #6582, #7410 ) ;
#422 = VERTEX_POINT ( 'NONE', #8956 ) ;
#423 = DIRECTION ( 'NONE',  ( 1.000000000000000000, 0.000000000000000000, 0.000000000000000000 ) ) ;
#424 = AXIS2_PLACEMENT_3D ( 'NONE', #6025, #1111, #3181 ) ;
#425 = EDGE_CURVE ( 'NONE', #6695, #453, #4272, .T. ) ;
#426 = CARTESIAN_POINT ( 'NONE',  ( 4.502552532152134468, -0.4974474678478654210, -119.3867275769282514 ) ) ;
#427 = CARTESIAN_POINT ( 'NONE',  ( -4.040089233413053371, -0.9599107665869468509, -53.97763427936022396 ) ) ;
#428 = ORIENTED_EDGE ( 'NONE', *, *, #8951, .T. ) ;
#429 = FACE_OUTER_BOUND ( 'NONE', #734, .T. ) ;
#430 = CARTESIAN_POINT ( 'NONE',  ( 0.000000000000000000, 0.000000000000000000, -21.24999999999999645 ) ) ;
#431 = EDGE_CURVE ( 'NONE', #2242, #4159, #6177, .T. ) ;
#432 = ORIENTED_EDGE ( 'NONE', *, *, #8326, .T. ) ;
#433 = CARTESIAN_POINT ( 'NONE',  ( 4.872131520502826163, -0.1278684794971743088, -96.50740203054000688 ) ) ;
#434 = ORIENTED_EDGE ( 'NONE', *, *, #7344, .T. ) ;
#435 = B_SPLINE_CURVE_WITH_KNOTS ( 'NONE', 3,
 ( #5110, #3820, #5152, #3726, #2303, #925, #5839, #7919, #8686, #4420, #7225, #1612, #5198, #3087, #8649, #8003 ),
 .UNSPECIFIED., .F., .F.,
 ( 4, 2, 2, 2, 2, 2, 2, 4 ),
 ( 4.818711198921445942E-07, 0.0008765200830275162759, 0.001314539188981341412, 0.001752558294935166548, 0.002190577400888991250, 0.002628596506842816385, 0.003066615612796641521, 0.003504634718750467091 ),
 .UNSPECIFIED. ) ;
#436 = ORIENTED_EDGE ( 'NONE', *, *, #2931, .T. ) ;
#437 = CARTESIAN_POINT ( 'NONE',  ( -4.502552532152134468, -0.4974474678478655321, -113.8867275769282656 ) ) ;
#438 = CARTESIAN_POINT ( 'NONE',  ( 0.000000000000000000, 0.000000000000000000, 0.000000000000000000 ) ) ;
#439 = CARTESIAN_POINT ( 'NONE',  ( 1.328041165545656765, -3.671958834454343013, -109.2499999999999858 ) ) ;
#440 = CARTESIAN_POINT ( 'NONE',  ( 4.041784260359809089, -0.9582157396401925764, -38.02377465029933035 ) ) ;
#441 = DIRECTION ( 'NONE',  ( 0.000000000000000000, -1.000000000000000000, 0.000000000000000000 ) ) ;
#442 = ADVANCED_FACE ( 'NONE', ( #4129 ), #5760, .F. ) ;
#443 = DIRECTION ( 'NONE',  ( -1.000000000000000000, 1.224646799147353454E-16, 0.000000000000000000 ) ) ;
#444 = ORIENTED_EDGE ( 'NONE', *, *, #7484, .F. ) ;
#445 = DIRECTION ( 'NONE',  ( 0.000000000000000000, 0.000000000000000000, -1.000000000000000000 ) ) ;
#446 = ORIENTED_EDGE ( 'NONE', *, *, #6026, .F. ) ;
#447 = CARTESIAN_POINT ( 'NONE',  ( 0.4321793203734926592, -4.567820679626508173, -44.22657376275980567 ) ) ;
#448 = CARTESIAN_POINT ( 'NONE',  ( -4.040089233413048930, -0.9599107665869528461, -9.977634279360227509 ) ) ;
#449 = DIRECTION ( 'NONE',  ( -0.000000000000000000, -0.000000000000000000, 1.000000000000000000 ) ) ;
#450 = CARTESIAN_POINT ( 'NONE',  ( -4.748219996434693613, -0.2517800035653069424, -83.09116362763016639 ) ) ;
#451 = DIRECTION ( 'NONE',  ( 1.000000000000000000, 0.000000000000000000, 0.000000000000000000 ) ) ;
#452 = ADVANCED_FACE ( 'NONE', ( #2748 ), #7986, .T. ) ;
#453 = VERTEX_POINT ( 'NONE', #3477 ) ;
#454 = APPROVAL_STATUS ( 'not_yet_approved' ) ;
#455 = ORIENTED_EDGE ( 'NONE', *, *, #5379, .F. ) ;
#456 = EDGE_CURVE ( 'NONE', #6196, #6520, #6276, .T. ) ;
#457 = CARTESIAN_POINT ( 'NONE',  ( 4.739038523920171997, -0.2609614760798291133, -3.409635791902251967 ) ) ;
#458 = CARTESIAN_POINT ( 'NONE',  ( 4.959369330385073660, -0.04063066961492676349, -63.08613448345569452 ) ) ;
#459 = DIRECTION ( 'NONE',  ( 1.000000000000000000, 0.000000000000000000, 0.000000000000000000 ) ) ;
#460 = CARTESIAN_POINT ( 'NONE',  ( -3.671958834454334575, -1.328041165545665425, -59.75000000000000000 ) ) ;
#461 = EDGE_LOOP ( 'NONE', ( #1906, #3358, #234 ) ) ;
#462 = DIRECTION ( 'NONE',  ( -0.000000000000000000, -0.000000000000000000, 1.000000000000000000 ) ) ;
#463 = CARTESIAN_POINT ( 'NONE',  ( -4.832344906989093580, -0.1676550930109045046, -19.64546193740918767 ) ) ;
#464 = ORIENTED_EDGE ( 'NONE', *, *, #2878, .T. ) ;
#465 = DIRECTION ( 'NONE',  ( -0.000000000000000000, -0.000000000000000000, 1.000000000000000000 ) ) ;
#466 = EDGE_CURVE ( 'NONE', #6323, #7854, #6358, .T. ) ;
#467 = AXIS2_PLACEMENT_3D ( 'NONE', #3187, #3925, #195 ) ;
#468 = AXIS2_PLACEMENT_3D ( 'NONE', #1472, #4241, #653 ) ;
#469 = CARTESIAN_POINT ( 'NONE',  ( -0.7176137099645695239, -4.282386290035430143, -32.79777126957944944 ) ) ;
#470 = CARTESIAN_POINT ( 'NONE',  ( -4.999999999999990230, -9.175390286360334753E-15, -51.64725720788726449 ) ) ;
#471 = VERTEX_POINT ( 'NONE', #6363 ) ;
#472 = CARTESIAN_POINT ( 'NONE',  ( -0.4974474678531454752, -4.502552532146853359, -93.61327242306307994 ) ) ;
#473 = CARTESIAN_POINT ( 'NONE',  ( 4.041784260359809089, -0.9582157396401910221, -104.0237746502993019 ) ) ;
#474 = ORIENTED_EDGE ( 'NONE', *, *, #6352, .F. ) ;
#475 = FACE_OUTER_BOUND ( 'NONE', #8463, .T. ) ;
#476 = ORIENTED_EDGE ( 'NONE', *, *, #425, .F. ) ;
#477 = CIRCLE ( 'NONE', #5607, 0.9999999999999993339 ) ;
#478 = EDGE_CURVE ( 'NONE', #7515, #7762, #3880, .T. ) ;
#479 = CARTESIAN_POINT ( 'NONE',  ( -1.023044276111373996E-12, -4.999999999998977707, -51.35274279208621095 ) ) ;
#480 = DIRECTION ( 'NONE',  ( -0.000000000000000000, -0.000000000000000000, 1.000000000000000000 ) ) ;
#481 = CARTESIAN_POINT ( 'NONE',  ( 0.000000000000000000, 0.000000000000000000, -98.24999999999998579 ) ) ;
#482 = CARTESIAN_POINT ( 'NONE',  ( 0.000000000000000000, 0.000000000000000000, -42.49999999999999289 ) ) ;
#483 = DIRECTION ( 'NONE',  ( 1.000000000000000000, 0.000000000000000000, 0.000000000000000000 ) ) ;
#484 = CARTESIAN_POINT ( 'NONE',  ( -1.136863993906861880, -3.863136006093139674, -43.37121622079634875 ) ) ;
#485 = CARTESIAN_POINT ( 'NONE',  ( -4.686141179201315232, -0.3138588207986848788, -64.03467868775796035 ) ) ;
#486 = ORIENTED_EDGE ( 'NONE', *, *, #874, .T. ) ;
#487 = CARTESIAN_POINT ( 'NONE',  ( 0.6335913640931311042, -4.366408635906869229, -75.60619955116406743 ) ) ;
#488 = ORIENTED_EDGE ( 'NONE', *, *, #6880, .T. ) ;
#489 = ADVANCED_FACE ( 'NONE', ( #1760 ), #4397, .F. ) ;
#490 = FACE_OUTER_BOUND ( 'NONE', #4989, .T. ) ;
#491 = EDGE_CURVE ( 'NONE', #1591, #2959, #7687, .T. ) ;
#492 = DIRECTION ( 'NONE',  ( -0.000000000000000000, -0.000000000000000000, 1.000000000000000000 ) ) ;
#493 = CARTESIAN_POINT ( 'NONE',  ( -1.000000000000000000, 1.224646799147353207E-16, -117.5000000000000000 ) ) ;
#494 = AXIS2_PLACEMENT_3D ( 'NONE', #3460, #3978, #6257 ) ;
#495 = CARTESIAN_POINT ( 'NONE',  ( 0.2609614760798246169, -4.739038523920174661, -121.5903642080977107 ) ) ;
#496 = CARTESIAN_POINT ( 'NONE',  ( 0.9999999999999993339, 0.000000000000000000, -53.49999999999999289 ) ) ;
#497 = CARTESIAN_POINT ( 'NONE',  ( 0.000000000000000000, 0.000000000000000000, -95.50000000000000000 ) ) ;
#498 = CARTESIAN_POINT ( 'NONE',  ( -4.991957775357462879, -0.008042224642537823889, -23.70753412542732264 ) ) ;
#499 = ORIENTED_EDGE ( 'NONE', *, *, #5819, .F. ) ;
#500 = PERSON_AND_ORGANIZATION_ROLE ( 'classification_officer' ) ;
#501 = ORIENTED_EDGE ( 'NONE', *, *, #8766, .F. ) ;
#502 = AXIS2_PLACEMENT_3D ( 'NONE', #4247, #109, #3011 ) ;
#503 = B_SPLINE_CURVE_WITH_KNOTS ( 'NONE', 3,
 ( #2261, #5157, #4385, #4983, #6349, #3692, #1431, #2923, #8652, #743, #1518, #3652 ),
 .UNSPECIFIED., .F., .F.,
 ( 4, 2, 2, 2, 2, 4 ),
 ( 0.003504634718750193438, 0.003941423334025078752, 0.004378211949299964066, 0.005251789179849735562, 0.006125366410399506190, 0.006998943640949276818 ),
 .UNSPECIFIED. ) ;
#504 = EDGE_CURVE ( 'NONE', #3763, #1363, #6366, .T. ) ;
#505 = DIRECTION ( 'NONE',  ( 1.000000000000000000, 0.000000000000000000, 0.000000000000000000 ) ) ;
#506 = CARTESIAN_POINT ( 'NONE',  ( 4.567820679631964254, -0.4321793203680369677, -64.27342623723035331 ) ) ;
#507 = CARTESIAN_POINT ( 'NONE',  ( 3.671958834454332354, -1.328041165545667868, -4.750000000000001776 ) ) ;
#508 = CARTESIAN_POINT ( 'NONE',  ( -4.991957775357461990, -0.008042224642536831627, -12.70753412542731375 ) ) ;
#509 = VERTEX_POINT ( 'NONE', #755 ) ;
#510 = CARTESIAN_POINT ( 'NONE',  ( 0.06459124883188363531, -4.935408751168116837, -50.77165234913507419 ) ) ;
#511 = ORIENTED_EDGE ( 'NONE', *, *, #6313, .T. ) ;
#512 = CYLINDRICAL_SURFACE ( 'NONE', #4536, 0.9999999999999995559 ) ;
#513 = AXIS2_PLACEMENT_3D ( 'NONE', #1959, #4680, #3990 ) ;
#514 = CARTESIAN_POINT ( 'NONE',  ( 0.000000000000000000, -5.000000000000000000, -34.99999999997221067 ) ) ;
#515 = DIRECTION ( 'NONE',  ( 1.000000000000000000, 0.000000000000000000, 0.000000000000000000 ) ) ;
#516 = ORIENTED_EDGE ( 'NONE', *, *, #5064, .F. ) ;
#517 = DIRECTION ( 'NONE',  ( 1.000000000000000000, 0.000000000000000000, 0.000000000000000000 ) ) ;
#518 = TOROIDAL_SURFACE ( 'NONE', #217, 1.000000000000000000, 3.999999999999996447 ) ;
#519 = ORIENTED_EDGE ( 'NONE', *, *, #979, .F. ) ;
#520 = CARTESIAN_POINT ( 'NONE',  ( 0.000000000000000000, -5.000000000000000000, -84.49999999997220357 ) ) ;
#521 = AXIS2_PLACEMENT_3D ( 'NONE', #3576, #4218, #6374 ) ;
#522 = ADVANCED_FACE ( 'NONE', ( #3874 ), #4033, .T. ) ;
#523 = EDGE_LOOP ( 'NONE', ( #7558, #2511, #913 ) ) ;
#524 = AXIS2_PLACEMENT_3D ( 'NONE', #5421, #6234, #4635 ) ;
#525 = CARTESIAN_POINT ( 'NONE',  ( -5.000000000000007105, 5.905196070901760024E-15, -67.85315646955162094 ) ) ;
#526 = CARTESIAN_POINT ( 'NONE',  ( 0.000000000000000000, 0.000000000000000000, -32.25000000000000000 ) ) ;
#527 = AXIS2_PLACEMENT_3D ( 'NONE', #7189, #4064, #2541 ) ;
#528 = CARTESIAN_POINT ( 'NONE',  ( 1.000000000000000000, 0.000000000000000000, -112.0000000000000000 ) ) ;
#529 = DIRECTION ( 'NONE',  ( 1.000000000000000000, 0.000000000000000000, 0.000000000000000000 ) ) ;
#530 = CARTESIAN_POINT ( 'NONE',  ( 0.000000000000000000, 0.000000000000000000, -98.24999999999998579 ) ) ;
#531 = CARTESIAN_POINT ( 'NONE',  ( 0.000000000000000000, 0.000000000000000000, -90.00000000000000000 ) ) ;
#532 = VERTEX_POINT ( 'NONE', #21 ) ;
#533 = CARTESIAN_POINT ( 'NONE',  ( -0.4974474678478237877, -4.502552532152177100, -71.61327242307181962 ) ) ;
#534 = AXIS2_PLACEMENT_3D ( 'NONE', #5108, #4377, #7781 ) ;
#535 = EDGE_CURVE ( 'NONE', #2888, #7895, #6670, .T. ) ;
#536 = ORIENTED_EDGE ( 'NONE', *, *, #1527, .T. ) ;
#537 = CIRCLE ( 'NONE', #7590, 1.000000000000000000 ) ;
#538 = CARTESIAN_POINT ( 'NONE',  ( 3.671958834454343013, -1.328041165545656987, -114.7499999999999858 ) ) ;
#539 = DIRECTION ( 'NONE',  ( -0.000000000000000000, -0.000000000000000000, 1.000000000000000000 ) ) ;
#540 = CARTESIAN_POINT ( 'NONE',  ( 4.739198801701951069, -0.2608011982980495413, -14.40923771779446128 ) ) ;
#541 = DIRECTION ( 'NONE',  ( 0.000000000000000000, -1.000000000000000000, 0.000000000000000000 ) ) ;
#542 = DIRECTION ( 'NONE',  ( 1.000000000000000000, 0.000000000000000000, 0.000000000000000000 ) ) ;
#543 = CARTESIAN_POINT ( 'NONE',  ( -0.2517800035594085495, -4.748219996440591117, -80.40883637235553749 ) ) ;
#544 = DIRECTION ( 'NONE',  ( 1.000000000000000000, 0.000000000000000000, 0.000000000000000000 ) ) ;
#545 = VERTEX_POINT ( 'NONE', #3614 ) ;
#546 = ADVANCED_FACE ( 'NONE', ( #2185 ), #6411, .F. ) ;
#547 = EDGE_LOOP ( 'NONE', ( #4364, #1231, #7793, #5924 ) ) ;
#548 = AXIS2_PLACEMENT_3D ( 'NONE', #5565, #6250, #2595 ) ;
#549 = CARTESIAN_POINT ( 'NONE',  ( -0.1676550930162217790, -4.832344906983778721, -28.35453806257380194 ) ) ;
#550 = AXIS2_PLACEMENT_3D ( 'NONE', #615, #4802, #483 ) ;
#551 = CARTESIAN_POINT ( 'NONE',  ( 0.1278684794971272909, -4.872131520502872348, -11.99259796946014411 ) ) ;
#552 = CC_DESIGN_SECURITY_CLASSIFICATION ( #4811, ( #9095 ) ) ;
#553 = DIRECTION ( 'NONE',  ( 1.224646799147353207E-16, 1.000000000000000000, 0.000000000000000000 ) ) ;
#554 = CARTESIAN_POINT ( 'NONE',  ( 0.03993437491706488401, -4.960065625082935803, -63.08131021352447476 ) ) ;
#555 = ORIENTED_EDGE ( 'NONE', *, *, #3070, .T. ) ;
#556 =( NAMED_UNIT ( * ) SI_UNIT ( $, .STERADIAN. ) SOLID_ANGLE_UNIT ( ) );
#557 = CIRCLE ( 'NONE', #2591, 4.000000000000001776 ) ;
#558 = CIRCLE ( 'NONE', #991, 3.904737509655567429 ) ;
#559 = EDGE_LOOP ( 'NONE', ( #4655, #3918, #1697 ) ) ;
#560 = CARTESIAN_POINT ( 'NONE',  ( -0.4915337874163392407, -4.508466212583661203, -102.8937648069235422 ) ) ;
#561 = AXIS2_PLACEMENT_3D ( 'NONE', #652, #6260, #3511 ) ;
#562 = DIRECTION ( 'NONE',  ( 1.000000000000000000, 0.000000000000000000, 0.000000000000000000 ) ) ;
#563 = AXIS2_PLACEMENT_3D ( 'NONE', #5600, #3407, #8404 ) ;
#564 = CARTESIAN_POINT ( 'NONE',  ( 0.03993437491367660824, -4.960065625086322427, -68.58131021350182266 ) ) ;
#565 = AXIS2_PLACEMENT_3D ( 'NONE', #1369, #8412, #3415 ) ;
#566 = ORIENTED_EDGE ( 'NONE', *, *, #1008, .T. ) ;
#567 = CARTESIAN_POINT ( 'NONE',  ( -0.3138588208043030514, -4.686141179195698392, -93.96532131222953410 ) ) ;
#568 = DIRECTION ( 'NONE',  ( -0.000000000000000000, -0.000000000000000000, 1.000000000000000000 ) ) ;
#569 = ORIENTED_EDGE ( 'NONE', *, *, #7949, .F. ) ;
#570 = CARTESIAN_POINT ( 'NONE',  ( 0.9999999999999995559, 0.000000000000000000, 0.000000000000000000 ) ) ;
#571 = EDGE_LOOP ( 'NONE', ( #5888, #5808, #7865 ) ) ;
#572 = CIRCLE ( 'NONE', #2929, 5.000000000000000000 ) ;
#573 = TOROIDAL_SURFACE ( 'NONE', #5710, 1.000000000000002220, 3.999999999999994671 ) ;
#574 = CARTESIAN_POINT ( 'NONE',  ( 4.960065625082965113, -0.03993437491703672598, -78.41868978647573840 ) ) ;
#575 = EDGE_CURVE ( 'NONE', #471, #1808, #5488, .T. ) ;
#576 = CARTESIAN_POINT ( 'NONE',  ( -0.03993437491706609832, -4.960065625082934027, -13.58131021352449075 ) ) ;
#577 = DIRECTION ( 'NONE',  ( 0.000000000000000000, -1.000000000000000000, 0.000000000000000000 ) ) ;
#578 = DIRECTION ( 'NONE',  ( 0.000000000000000000, -1.000000000000000000, 0.000000000000000000 ) ) ;
#579 = CARTESIAN_POINT ( 'NONE',  ( 1.000000000000000000, 0.000000000000000000, -112.0000000000000000 ) ) ;
#580 = ORIENTED_EDGE ( 'NONE', *, *, #4142, .F. ) ;
#581 = CARTESIAN_POINT ( 'NONE',  ( -0.06459124882788724875, -4.935408751172113639, -72.77165234915618441 ) ) ;
#582 = ORIENTED_EDGE ( 'NONE', *, *, #3232, .T. ) ;
#583 = CARTESIAN_POINT ( 'NONE',  ( 0.008301598520838560091, -4.991698401479162328, -29.20374637061704703 ) ) ;
#584 = PRODUCT_DEFINITION_SHAPE ( 'NONE', 'NONE',  #2333 ) ;
#585 = CARTESIAN_POINT ( 'NONE',  ( 0.06459124883188073485, -4.935408751168120389, -45.27165234913507419 ) ) ;
#586 = ADVANCED_FACE ( 'NONE', ( #4726 ), #9010, .T. ) ;
#587 = CARTESIAN_POINT ( 'NONE',  ( 0.06404366727605249887, -4.935956332723947071, -79.72559813399331574 ) ) ;
#588 = CARTESIAN_POINT ( 'NONE',  ( 0.4321793203735384004, -4.567820679626461100, -77.22657376275975594 ) ) ;
#589 = CARTESIAN_POINT ( 'NONE',  ( 1.000000000000000000, 0.000000000000000000, -117.5000000000000000 ) ) ;
#590 = DIRECTION ( 'NONE',  ( 1.000000000000000000, 0.000000000000000000, 0.000000000000000000 ) ) ;
#591 = ORIENTED_EDGE ( 'NONE', *, *, #5379, .T. ) ;
#592 = EDGE_CURVE ( 'NONE', #1999, #3761, #2433, .T. ) ;
#593 = COORDINATED_UNIVERSAL_TIME_OFFSET ( 3, 30, .AHEAD. ) ;
#594 = ORIENTED_EDGE ( 'NONE', *, *, #7196, .F. ) ;
#595 = CARTESIAN_POINT ( 'NONE',  ( 3.671958834454338572, -1.328041165545661428, -21.24999999999999645 ) ) ;
#596 = EDGE_CURVE ( 'NONE', #5890, #7819, #5050, .T. ) ;
#597 = CARTESIAN_POINT ( 'NONE',  ( 4.359865889258248473, -0.6401341107417516385, -64.60125045371350438 ) ) ;
#598 = CARTESIAN_POINT ( 'NONE',  ( -5.000000000000008882, 9.207989290483089043E-15, -29.35315646955161739 ) ) ;
#599 = DIRECTION ( 'NONE',  ( 0.000000000000000000, 0.000000000000000000, -1.000000000000000000 ) ) ;
#600 = EDGE_LOOP ( 'NONE', ( #7570, #5621, #3167, #4741, #3955, #8593 ) ) ;
#601 = ADVANCED_FACE ( 'NONE', ( #6964 ), #2853, .T. ) ;
#602 = DIRECTION ( 'NONE',  ( 0.000000000000000000, 0.000000000000000000, -1.000000000000000000 ) ) ;
#603 = DIRECTION ( 'NONE',  ( 1.000000000000000000, 0.000000000000000000, 0.000000000000000000 ) ) ;
#604 = VERTEX_POINT ( 'NONE', #2746 ) ;
#605 = CARTESIAN_POINT ( 'NONE',  ( -4.359865889258244920, -0.6401341107417566345, -70.10125045371350438 ) ) ;
#606 = DIRECTION ( 'NONE',  ( -0.000000000000000000, -0.000000000000000000, 1.000000000000000000 ) ) ;
#607 = EDGE_LOOP ( 'NONE', ( #8837, #7504, #211, #2013 ) ) ;
#608 = CARTESIAN_POINT ( 'NONE',  ( -0.4915337874163404064, -4.508466212583660315, -42.39376480692352800 ) ) ;
#609 = ORIENTED_EDGE ( 'NONE', *, *, #2957, .F. ) ;
#610 = TOROIDAL_SURFACE ( 'NONE', #6047, 1.000000000000000000, 4.000000000000000000 ) ;
#611 = ADVANCED_FACE ( 'NONE', ( #7530 ), #4612, .T. ) ;
#612 = CARTESIAN_POINT ( 'NONE',  ( 0.000000000000000000, -5.000000000000000000, -29.49999999997211830 ) ) ;
#613 = DIRECTION ( 'NONE',  ( 1.000000000000000000, 0.000000000000000000, 0.000000000000000000 ) ) ;
#614 = CARTESIAN_POINT ( 'NONE',  ( -2.500000000000000000, -2.500000000000000000, -131.9999999999999716 ) ) ;
#615 = CARTESIAN_POINT ( 'NONE',  ( 0.000000000000000000, 0.000000000000000000, -92.74999999999998579 ) ) ;
#616 = CARTESIAN_POINT ( 'NONE',  ( 0.000000000000000000, 0.000000000000000000, 0.000000000000000000 ) ) ;
#617 = TOROIDAL_SURFACE ( 'NONE', #4143, 1.000000000000000000, 3.999999999999999112 ) ;
#618 = ORIENTED_EDGE ( 'NONE', *, *, #3448, .T. ) ;
#619 = DIRECTION ( 'NONE',  ( -0.000000000000000000, -0.000000000000000000, 1.000000000000000000 ) ) ;
#620 = VERTEX_POINT ( 'NONE', #5545 ) ;
#621 = CARTESIAN_POINT ( 'NONE',  ( -4.282386290039718268, -0.7176137099602820646, -103.2022287304152712 ) ) ;
#622 = B_SPLINE_CURVE_WITH_KNOTS ( 'NONE', 3,
 ( #4023, #525, #3333, #6134, #8942, #2647, #5444, #8255, #5714, #5616, #7086, #5576 ),
 .UNSPECIFIED., .F., .F.,
 ( 4, 2, 2, 2, 2, 4 ),
 ( 0.003504634718750183030, 0.003941423334025066609, 0.004378211949299949321, 0.005251789179849716480, 0.006125366410399483638, 0.006998943640949250797 ),
 .UNSPECIFIED. ) ;
#623 = CARTESIAN_POINT ( 'NONE',  ( 0.9599107665897080865, -4.040089233410292024, -43.52236572063743125 ) ) ;
#624 = CARTESIAN_POINT ( 'NONE',  ( 0.9582157396373296443, -4.041784260362669023, -37.47622534969822539 ) ) ;
#625 = CARTESIAN_POINT ( 'NONE',  ( 0.6335913640883061859, -4.366408635911693814, -81.10619955115775781 ) ) ;
#626 = CARTESIAN_POINT ( 'NONE',  ( 0.000000000000000000, 0.000000000000000000, -101.0000000000000000 ) ) ;
#627 = CARTESIAN_POINT ( 'NONE',  ( -0.6335913640883067410, -4.366408635911693814, -81.10619955115775781 ) ) ;
#628 = CARTESIAN_POINT ( 'NONE',  ( -4.960065625082963336, -0.03993437491703592801, -23.41868978647572419 ) ) ;
#629 = ORIENTED_EDGE ( 'NONE', *, *, #660, .F. ) ;
#630 = ORIENTED_EDGE ( 'NONE', *, *, #6687, .T. ) ;
#631 = EDGE_CURVE ( 'NONE', #6079, #2320, #207, .T. ) ;
#632 = CARTESIAN_POINT ( 'NONE',  ( 5.000000000000008882, 9.116509732179624606E-15, -51.35315646955160673 ) ) ;
#633 = DIRECTION ( 'NONE',  ( 1.000000000000000000, 0.000000000000000000, 0.000000000000000000 ) ) ;
#634 = CARTESIAN_POINT ( 'NONE',  ( 0.000000000000000000, 0.000000000000000000, -15.75000000000000000 ) ) ;
#635 = CARTESIAN_POINT ( 'NONE',  ( -1.000000000000000000, 1.224646799147353207E-16, -99.00000000000000000 ) ) ;
#636 = ORIENTED_EDGE ( 'NONE', *, *, #9015, .F. ) ;
#637 = DIRECTION ( 'NONE',  ( 0.000000000000000000, 0.000000000000000000, 1.000000000000000000 ) ) ;
#638 = AXIS2_PLACEMENT_3D ( 'NONE', #145, #8516, #5019 ) ;
#639 = EDGE_CURVE ( 'NONE', #1949, #60, #2650, .T. ) ;
#640 = CARTESIAN_POINT ( 'NONE',  ( -4.935408751172076336, -0.06459124882792278977, -112.7283476508440145 ) ) ;
#641 = DIRECTION ( 'NONE',  ( 1.000000000000000000, 0.000000000000000000, 0.000000000000000000 ) ) ;
#642 = AXIS2_PLACEMENT_3D ( 'NONE', #4854, #5548, #1351 ) ;
#643 = CARTESIAN_POINT ( 'NONE',  ( 1.000000000000000000, 0.000000000000000000, -117.5000000000000000 ) ) ;
#644 = EDGE_LOOP ( 'NONE', ( #648, #3204, #1561, #5637, #8031, #1594 ) ) ;
#645 = DIRECTION ( 'NONE',  ( 1.000000000000000000, 0.000000000000000000, 0.000000000000000000 ) ) ;
#646 = CARTESIAN_POINT ( 'NONE',  ( 4.508466212578270849, -0.4915337874217298730, -44.10623519306795259 ) ) ;
#647 = CARTESIAN_POINT ( 'NONE',  ( -0.9582157396373297553, -4.041784260362669023, -42.97622534969821828 ) ) ;
#648 = ORIENTED_EDGE ( 'NONE', *, *, #49, .T. ) ;
#649 = EDGE_CURVE ( 'NONE', #771, #956, #2404, .T. ) ;
#650 = AXIS2_PLACEMENT_3D ( 'NONE', #6284, #7715, #1402 ) ;
#651 = AXIS2_PLACEMENT_3D ( 'NONE', #1154, #3963, #5330 ) ;
#652 = CARTESIAN_POINT ( 'NONE',  ( 0.000000000000000000, 0.000000000000000000, -81.74999999999998579 ) ) ;
#653 = DIRECTION ( 'NONE',  ( -1.000000000000000000, 1.224646799147353207E-16, 0.000000000000000000 ) ) ;
#654 = CARTESIAN_POINT ( 'NONE',  ( 0.000000000000000000, 0.000000000000000000, -13.00000000000000355 ) ) ;
#655 = DIRECTION ( 'NONE',  ( 1.000000000000000000, 0.000000000000000000, 0.000000000000000000 ) ) ;
#656 = AXIS2_PLACEMENT_3D ( 'NONE', #8010, #8149, #1066 ) ;
#657 = ORIENTED_EDGE ( 'NONE', *, *, #478, .T. ) ;
#658 = CARTESIAN_POINT ( 'NONE',  ( 1.328041165545656987, -3.671958834454343013, -76.25000000000000000 ) ) ;
#659 = ORIENTED_EDGE ( 'NONE', *, *, #6764, .F. ) ;
#660 = EDGE_CURVE ( 'NONE', #6021, #1006, #349, .T. ) ;
#661 = CIRCLE ( 'NONE', #1851, 3.904737509655567873 ) ;
#662 = AXIS2_PLACEMENT_3D ( 'NONE', #2823, #7829, #7694 ) ;
#663 = CARTESIAN_POINT ( 'NONE',  ( 5.000000000000285105, 2.855686632286915929E-13, -40.50000000000021316 ) ) ;
#664 = CARTESIAN_POINT ( 'NONE',  ( -1.328041165545656765, -3.671958834454343013, -81.74999999999998579 ) ) ;
#665 = CARTESIAN_POINT ( 'NONE',  ( 4.282386290039716492, -0.7176137099602823977, -15.20222873041528189 ) ) ;
#666 = CARTESIAN_POINT ( 'NONE',  ( 0.7177365438799021558, -4.282263456120096734, -120.7976203301355582 ) ) ;
#667 = CARTESIAN_POINT ( 'NONE',  ( 0.04063066961833027013, -4.959369330381669272, -105.9138655165218523 ) ) ;
#668 = AXIS2_PLACEMENT_3D ( 'NONE', #4419, #7224, #8648 ) ;
#669 = CARTESIAN_POINT ( 'NONE',  ( 0.000000000000000000, -5.000000000000000000, -24.00000000000000711 ) ) ;
#670 = DIRECTION ( 'NONE',  ( -0.000000000000000000, -0.000000000000000000, 1.000000000000000000 ) ) ;
#671 = ORIENTED_EDGE ( 'NONE', *, *, #7878, .F. ) ;
#672 = ORIENTED_EDGE ( 'NONE', *, *, #1527, .F. ) ;
#673 = ADVANCED_FACE ( 'NONE', ( #712 ), #6959, .F. ) ;
#674 = DIRECTION ( 'NONE',  ( 1.000000000000000000, 0.000000000000000000, 0.000000000000000000 ) ) ;
#675 = CARTESIAN_POINT ( 'NONE',  ( 0.000000000000000000, 0.000000000000000000, -101.0000000000000000 ) ) ;
#676 = DIRECTION ( 'NONE',  ( 0.000000000000000000, 0.000000000000000000, -1.000000000000000000 ) ) ;
#677 = CARTESIAN_POINT ( 'NONE',  ( -3.671958834454332354, -1.328041165545667868, -4.750000000000001776 ) ) ;
#678 = EDGE_CURVE ( 'NONE', #2762, #805, #52, .T. ) ;
#679 = CARTESIAN_POINT ( 'NONE',  ( 0.000000000000000000, 0.000000000000000000, -4.000000000000000000 ) ) ;
#680 = EDGE_LOOP ( 'NONE', ( #5610, #5357, #3027 ) ) ;
#681 =( LENGTH_UNIT ( ) NAMED_UNIT ( * ) SI_UNIT ( .MILLI., .METRE. ) );
#682 = LOCAL_TIME ( 21, 14, 1.000000000000000000, #5827 ) ;
#683 = CARTESIAN_POINT ( 'NONE',  ( -0.7150597559095267508, -4.284940244090472916, -4.199036097213864949 ) ) ;
#684 = CARTESIAN_POINT ( 'NONE',  ( 0.06404366727607761767, -4.935956332723923978, -52.22559813399348627 ) ) ;
#685 = EDGE_CURVE ( 'NONE', #4746, #1664, #5347, .T. ) ;
#686 = CARTESIAN_POINT ( 'NONE',  ( -4.508466212578267296, -0.4915337874217334257, -49.60623519306796680 ) ) ;
#687 = ORIENTED_EDGE ( 'NONE', *, *, #7846, .F. ) ;
#688 = CIRCLE ( 'NONE', #1878, 1.000000000000000000 ) ;
#689 = DIRECTION ( 'NONE',  ( -0.000000000000000000, -0.000000000000000000, 1.000000000000000000 ) ) ;
#690 = CARTESIAN_POINT ( 'NONE',  ( -4.359865889258244920, -0.6401341107417566345, -81.10125045371350438 ) ) ;
#691 = AXIS2_PLACEMENT_3D ( 'NONE', #1452, #7208, #4405 ) ;
#692 = CARTESIAN_POINT ( 'NONE',  ( -4.041784260359808201, -0.9582157396401930205, -109.5237746502993161 ) ) ;
#693 = AXIS2_PLACEMENT_3D ( 'NONE', #1950, #2549, #5486 ) ;
#694 = EDGE_CURVE ( 'NONE', #1750, #5645, #7841, .T. ) ;
#695 = ORIENTED_EDGE ( 'NONE', *, *, #3058, .F. ) ;
#696 = AXIS2_PLACEMENT_3D ( 'NONE', #6427, #5047, #4267 ) ;
#697 = CIRCLE ( 'NONE', #2920, 0.9999999999999993339 ) ;
#698 = DIRECTION ( 'NONE',  ( 0.000000000000000000, -1.000000000000000000, 0.000000000000000000 ) ) ;
#699 = CARTESIAN_POINT ( 'NONE',  ( 0.2608011982979994703, -4.739198801702000807, -61.09076228220567373 ) ) ;
#700 = ADVANCED_FACE ( 'NONE', ( #1585 ), #6515, .T. ) ;
#701 = CARTESIAN_POINT ( 'NONE',  ( 0.3117974193816393513, -4.688202580618360926, -3.530133912790450079 ) ) ;
#702 = FACE_OUTER_BOUND ( 'NONE', #5344, .T. ) ;
#703 = CARTESIAN_POINT ( 'NONE',  ( 0.000000000000000000, 0.000000000000000000, -31.50000000000000000 ) ) ;
#704 = ORIENTED_EDGE ( 'NONE', *, *, #4318, .F. ) ;
#705 = CARTESIAN_POINT ( 'NONE',  ( -4.999999999999986677, -1.245921937940029991E-14, -90.14725720788723606 ) ) ;
#706 = ORIENTED_EDGE ( 'NONE', *, *, #2314, .T. ) ;
#707 = CIRCLE ( 'NONE', #3650, 4.000000000000003553 ) ;
#708 = AXIS2_PLACEMENT_3D ( 'NONE', #8055, #1799, #423 ) ;
#709 = CIRCLE ( 'NONE', #5849, 1.000000000000000000 ) ;
#710 = CARTESIAN_POINT ( 'NONE',  ( 4.991698401481086123, -0.008301598518914900943, -40.79625362935772870 ) ) ;
#711 = CARTESIAN_POINT ( 'NONE',  ( -1.328041165545665203, -3.671958834454335019, -26.75000000000000355 ) ) ;
#712 = FACE_OUTER_BOUND ( 'NONE', #5154, .T. ) ;
#713 = ADVANCED_FACE ( 'NONE', ( #5628 ), #4316, .T. ) ;
#714 = DIRECTION ( 'NONE',  ( -0.000000000000000000, -0.000000000000000000, 1.000000000000000000 ) ) ;
#715 = CARTESIAN_POINT ( 'NONE',  ( 0.1278684795021247378, -4.872131520497878121, -105.4925979694416327 ) ) ;
#716 = CARTESIAN_POINT ( 'NONE',  ( -0.9599107665897341768, -4.040089233410266267, -76.52236572063743836 ) ) ;
#717 = ORIENTED_EDGE ( 'NONE', *, *, #7297, .T. ) ;
#718 = DIRECTION ( 'NONE',  ( 1.000000000000000000, 0.000000000000000000, 0.000000000000000000 ) ) ;
#719 = ORIENTED_EDGE ( 'NONE', *, *, #2196, .T. ) ;
#720 = CARTESIAN_POINT ( 'NONE',  ( 0.000000000000000000, 0.000000000000000000, -4.750000000000001776 ) ) ;
#721 = DIRECTION ( 'NONE',  ( 1.000000000000000000, 0.000000000000000000, 0.000000000000000000 ) ) ;
#722 = CARTESIAN_POINT ( 'NONE',  ( -3.863136006094629149, -1.136863993905370629, -76.12878377920272044 ) ) ;
#723 = B_SPLINE_CURVE_WITH_KNOTS ( 'NONE', 3,
 ( #8758, #6642, #2463, #3885, #6691, #389, #1127, #3938, #6742, #440, #8895, #2551 ),
 .UNSPECIFIED., .F., .F.,
 ( 4, 2, 2, 2, 2, 4 ),
 ( 0.003504634718750187367, 0.003941423334025071813, 0.004378211949299956260, 0.005251789179849725153, 0.006125366410399494047, 0.006998943640949262940 ),
 .UNSPECIFIED. ) ;
#724 = EDGE_CURVE ( 'NONE', #8538, #3890, #8530, .T. ) ;
#725 = CARTESIAN_POINT ( 'NONE',  ( -4.508466212578261967, -0.4915337874217377001, -71.60623519306797391 ) ) ;
#726 = CARTESIAN_POINT ( 'NONE',  ( 0.000000000000000000, 0.000000000000000000, -9.499999999999998224 ) ) ;
#727 = CARTESIAN_POINT ( 'NONE',  ( 0.2608011983036383485, -4.739198801696362651, -33.59076228219166893 ) ) ;
#728 = EDGE_LOOP ( 'NONE', ( #8676, #8828 ) ) ;
#729 = DATE_AND_TIME ( #5648, #8918 ) ;
#730 = CIRCLE ( 'NONE', #3953, 3.904737509655562988 ) ;
#731 = CARTESIAN_POINT ( 'NONE',  ( -4.508466212578269072, -0.4915337874217310388, -88.10623519306797391 ) ) ;
#732 = CARTESIAN_POINT ( 'NONE',  ( 0.000000000000000000, 0.000000000000000000, -112.0000000000000000 ) ) ;
#733 = DIRECTION ( 'NONE',  ( -0.000000000000000000, -0.000000000000000000, 1.000000000000000000 ) ) ;
#734 = EDGE_LOOP ( 'NONE', ( #5268, #3811, #4613, #280 ) ) ;
#735 = CARTESIAN_POINT ( 'NONE',  ( -4.991957775357462879, -0.008042224642536751830, -34.70753412542730842 ) ) ;
#736 = CARTESIAN_POINT ( 'NONE',  ( 3.862796825714241322, -1.137203174285759566, -43.37100116288257112 ) ) ;
#737 = FACE_OUTER_BOUND ( 'NONE', #5085, .T. ) ;
#738 = CARTESIAN_POINT ( 'NONE',  ( 0.000000000000000000, -5.000000000000000000, -89.99999999997200462 ) ) ;
#739 = ORIENTED_EDGE ( 'NONE', *, *, #3840, .T. ) ;
#740 = CARTESIAN_POINT ( 'NONE',  ( -0.7176137099646010542, -4.282386290035399057, -104.2977712695794423 ) ) ;
#741 = EDGE_CURVE ( 'NONE', #8638, #8504, #1233, .T. ) ;
#742 = FACE_OUTER_BOUND ( 'NONE', #6683, .T. ) ;
#743 = CARTESIAN_POINT ( 'NONE',  ( 4.041784260359809089, -0.9582157396401925764, -27.02377465029933035 ) ) ;
#744 = CARTESIAN_POINT ( 'NONE',  ( -4.508466212578265520, -0.4915337874217337588, -16.60623519306795615 ) ) ;
#745 = CARTESIAN_POINT ( 'NONE',  ( 0.000000000000000000, 0.000000000000000000, -32.25000000000000000 ) ) ;
#746 = ORIENTED_EDGE ( 'NONE', *, *, #7369, .F. ) ;
#747 = CARTESIAN_POINT ( 'NONE',  ( -0.1278684794971282346, -4.872131520502871460, -17.49259796946014589 ) ) ;
#748 = EDGE_LOOP ( 'NONE', ( #4544, #2543, #4452 ) ) ;
#749 = ADVANCED_FACE ( 'NONE', ( #4943 ), #5497, .F. ) ;
#750 = CARTESIAN_POINT ( 'NONE',  ( 4.840676868219843776, -0.1593231317801558355, -88.85321941568362547 ) ) ;
#751 = CC_DESIGN_PERSON_AND_ORGANIZATION_ASSIGNMENT ( #6661, #500, ( #2014 ) ) ;
#752 = DIRECTION ( 'NONE',  ( -0.000000000000000000, -0.000000000000000000, 1.000000000000000000 ) ) ;
#753 = DIRECTION ( 'NONE',  ( -0.000000000000000000, -0.000000000000000000, 1.000000000000000000 ) ) ;
#754 = CARTESIAN_POINT ( 'NONE',  ( 3.863136006094629149, -1.136863993905370185, -87.12878377920269202 ) ) ;
#755 = CARTESIAN_POINT ( 'NONE',  ( 0.9999999999999993339, 0.000000000000000000, -108.4999999999999858 ) ) ;
#756 = CARTESIAN_POINT ( 'NONE',  ( 0.3138588207986410250, -4.686141179201358753, -71.96532131224215334 ) ) ;
#757 = FACE_OUTER_BOUND ( 'NONE', #8248, .T. ) ;
#758 = ORIENTED_EDGE ( 'NONE', *, *, #4069, .F. ) ;
#759 = CARTESIAN_POINT ( 'NONE',  ( 0.6335913640931379875, -4.366408635906863012, -26.10619955116407809 ) ) ;
#760 = ORIENTED_EDGE ( 'NONE', *, *, #7562, .F. ) ;
#761 = EDGE_CURVE ( 'NONE', #73, #4661, #8289, .T. ) ;
#762 = CIRCLE ( 'NONE', #2383, 4.000000000000000000 ) ;
#763 = DIRECTION ( 'NONE',  ( -0.000000000000000000, -0.000000000000000000, 1.000000000000000000 ) ) ;
#764 = DIRECTION ( 'NONE',  ( 1.000000000000000000, 0.000000000000000000, 0.000000000000000000 ) ) ;
#765 = CARTESIAN_POINT ( 'NONE',  ( -0.06459124883188710475, -4.935408751168113284, -111.2716523491350387 ) ) ;
#766 = DIRECTION ( 'NONE',  ( -0.000000000000000000, -0.000000000000000000, 1.000000000000000000 ) ) ;
#767 = DIRECTION ( 'NONE',  ( 1.000000000000000000, 0.000000000000000000, 0.000000000000000000 ) ) ;
#768 = CARTESIAN_POINT ( 'NONE',  ( 0.000000000000000000, 0.000000000000000000, -7.500000000000003553 ) ) ;
#769 = ORIENTED_EDGE ( 'NONE', *, *, #6602, .T. ) ;
#770 = DATE_TIME_ROLE ( 'creation_date' ) ;
#771 = VERTEX_POINT ( 'NONE', #8389 ) ;
#772 = ADVANCED_FACE ( 'NONE', ( #1483 ), #5923, .T. ) ;
#773 = CARTESIAN_POINT ( 'NONE',  ( -0.9999999999999993339, 1.224646799147353207E-16, -42.49999999999999289 ) ) ;
#774 = FACE_OUTER_BOUND ( 'NONE', #1651, .T. ) ;
#775 = AXIS2_PLACEMENT_3D ( 'NONE', #3189, #4520, #8016 ) ;
#776 = CARTESIAN_POINT ( 'NONE',  ( -3.862796825714234217, -1.137203174285766671, -48.87100116288254981 ) ) ;
#777 = ORIENTED_EDGE ( 'NONE', *, *, #8343, .T. ) ;
#778 = CARTESIAN_POINT ( 'NONE',  ( 3.904737509655564320, 0.000000000000000000, -10.25000000000000178 ) ) ;
#779 = CARTESIAN_POINT ( 'NONE',  ( -1.000000000000000000, 1.224646799147353207E-16, -29.50000000000000355 ) ) ;
#780 = CARTESIAN_POINT ( 'NONE',  ( 1.000000000000000000, 0.000000000000000000, -84.50000000000000000 ) ) ;
#781 = DIRECTION ( 'NONE',  ( -0.000000000000000000, -0.000000000000000000, 1.000000000000000000 ) ) ;
#782 = CARTESIAN_POINT ( 'NONE',  ( 0.000000000000000000, 0.000000000000000000, -92.74999999999998579 ) ) ;
#783 = EDGE_CURVE ( 'NONE', #6981, #1861, #4282, .T. ) ;
#784 = AXIS2_PLACEMENT_3D ( 'NONE', #3943, #6747, #445 ) ;
#785 = AXIS2_PLACEMENT_3D ( 'NONE', #4993, #4251, #65 ) ;
#786 = CARTESIAN_POINT ( 'NONE',  ( 0.000000000000000000, -8.534839501805888885E-13, -123.0000000000000000 ) ) ;
#787 = CARTESIAN_POINT ( 'NONE',  ( 0.000000000000000000, 0.000000000000000000, -84.50000000000000000 ) ) ;
#788 = CARTESIAN_POINT ( 'NONE',  ( 1.328041165545663649, -3.671958834454336795, -32.25000000000000000 ) ) ;
#789 = DIRECTION ( 'NONE',  ( -1.000000000000000000, 1.224646799147353207E-16, 0.000000000000000000 ) ) ;
#790 = DIRECTION ( 'NONE',  ( -0.000000000000000000, -0.000000000000000000, 1.000000000000000000 ) ) ;
#791 = ADVANCED_FACE ( 'NONE', ( #1627 ), #3140, .T. ) ;
#792 = VERTEX_POINT ( 'NONE', #3102 ) ;
#793 = CARTESIAN_POINT ( 'NONE',  ( -0.04063066961489657930, -4.959369330385103858, -17.91386551654451864 ) ) ;
#794 = TOROIDAL_SURFACE ( 'NONE', #6370, 1.000000000000000000, 3.999999999999999112 ) ;
#795 = EDGE_LOOP ( 'NONE', ( #8914, #2534, #7946, #7833 ) ) ;
#796 = CARTESIAN_POINT ( 'NONE',  ( -4.748219996434698942, -0.2517800035653021129, -39.09116362763015218 ) ) ;
#797 = AXIS2_PLACEMENT_3D ( 'NONE', #8501, #7850, #3795 ) ;
#798 = DIRECTION ( 'NONE',  ( 1.000000000000000000, 0.000000000000000000, 0.000000000000000000 ) ) ;
#799 = CARTESIAN_POINT ( 'NONE',  ( 4.688202580618368920, -0.3117974193816313022, -121.4698660872095672 ) ) ;
#800 = CARTESIAN_POINT ( 'NONE',  ( 0.000000000000000000, 0.000000000000000000, -24.00000000000000355 ) ) ;
#801 = CARTESIAN_POINT ( 'NONE',  ( 0.06459124883191524891, -4.935408751168084862, -78.27165234913492498 ) ) ;
#802 = CARTESIAN_POINT ( 'NONE',  ( -0.7176137099646010542, -4.282386290035399057, -76.79777126957942812 ) ) ;
#803 = ADVANCED_FACE ( 'NONE', ( #1721 ), #2506, .F. ) ;
#804 = DIRECTION ( 'NONE',  ( 1.224646799147353207E-16, 1.000000000000000000, 0.000000000000000000 ) ) ;
#805 = VERTEX_POINT ( 'NONE', #2323 ) ;
#806 = CARTESIAN_POINT ( 'NONE',  ( -0.9599107665897343988, -4.040089233410265379, -87.52236572063740994 ) ) ;
#807 = CIRCLE ( 'NONE', #651, 3.999999999999989786 ) ;
#808 = VERTEX_POINT ( 'NONE', #5128 ) ;
#809 = ADVANCED_FACE ( 'NONE', ( #5895 ), #3843, .T. ) ;
#810 = CARTESIAN_POINT ( 'NONE',  ( -1.136863993906868320, -3.863136006093131680, -65.37121622079635586 ) ) ;
#811 = CIRCLE ( 'NONE', #5951, 3.904737509655572758 ) ;
#812 = DIRECTION ( 'NONE',  ( -0.000000000000000000, -0.000000000000000000, 1.000000000000000000 ) ) ;
#813 = CARTESIAN_POINT ( 'NONE',  ( -0.9599107665897164132, -4.040089233410284031, -109.5223657206374384 ) ) ;
#814 = CARTESIAN_POINT ( 'NONE',  ( 5.000000000000285105, 2.855686632286915929E-13, -51.50000000000021316 ) ) ;
#815 = CARTESIAN_POINT ( 'NONE',  ( 0.06459124882788298827, -4.935408751172115416, -56.27165234915614889 ) ) ;
#816 = EDGE_CURVE ( 'NONE', #8125, #1915, #8784, .T. ) ;
#817 = TOROIDAL_SURFACE ( 'NONE', #5374, 1.000000000000000000, 3.999999999999996447 ) ;
#818 = CARTESIAN_POINT ( 'NONE',  ( 0.7176137099645696349, -4.282386290035430143, -32.79777126957944944 ) ) ;
#819 = ORIENTED_EDGE ( 'NONE', *, *, #8968, .T. ) ;
#820 = APPLICATION_PROTOCOL_DEFINITION ( 'international standard', 'config_control_design', 1994, #863 ) ;
#821 = ORIENTED_EDGE ( 'NONE', *, *, #2493, .F. ) ;
#822 = CIRCLE ( 'NONE', #7134, 4.000000000000003553 ) ;
#823 = AXIS2_PLACEMENT_3D ( 'NONE', #8167, #6918, #1868 ) ;
#824 = CARTESIAN_POINT ( 'NONE',  ( -4.872131520502826163, -0.1278684794971741423, -118.5074020305400069 ) ) ;
#825 = CARTESIAN_POINT ( 'NONE',  ( 4.739198801701949293, -0.2608011982980512622, -74.90923771779446838 ) ) ;
#826 = DIRECTION ( 'NONE',  ( -0.000000000000000000, -0.000000000000000000, 1.000000000000000000 ) ) ;
#827 = ORIENTED_EDGE ( 'NONE', *, *, #3122, .F. ) ;
#828 = DIRECTION ( 'NONE',  ( 0.000000000000000000, 0.000000000000000000, -1.000000000000000000 ) ) ;
#829 = CARTESIAN_POINT ( 'NONE',  ( -3.671958834454343013, -1.328041165545656765, -81.74999999999998579 ) ) ;
#830 = CARTESIAN_POINT ( 'NONE',  ( 0.7176137099645978346, -4.282386290035401721, -87.79777126957939970 ) ) ;
#831 = DIRECTION ( 'NONE',  ( -0.000000000000000000, -0.000000000000000000, 1.000000000000000000 ) ) ;
#832 = CARTESIAN_POINT ( 'NONE',  ( -0.6401341107465318148, -4.359865889253468296, -104.3987495462800581 ) ) ;
#833 = B_SPLINE_CURVE_WITH_KNOTS ( 'NONE', 3,
 ( #664, #6359, #7097, #2224, #2092, #5079, #8529, #1348, #3522, #2789, #63, #2832, #4250, #16, #4992, #7752 ),
 .UNSPECIFIED., .F., .F.,
 ( 4, 2, 2, 2, 2, 2, 2, 4 ),
 ( 4.818711199177020135E-07, 0.0008765200830206752855, 0.001314539188971053200, 0.001752558294921431224, 0.002190577400871808814, 0.002628596506822187054, 0.003066615612772564860, 0.003504634718722943101 ),
 .UNSPECIFIED. ) ;
#834 = SECURITY_CLASSIFICATION ( '', '', #4496 ) ;
#835 = AXIS2_PLACEMENT_3D ( 'NONE', #1965, #5591, #4771 ) ;
#836 = AXIS2_PLACEMENT_3D ( 'NONE', #2709, #8324, #7632 ) ;
#837 = FACE_OUTER_BOUND ( 'NONE', #3329, .T. ) ;
#838 = CARTESIAN_POINT ( 'NONE',  ( 1.000000000000000000, 0.000000000000000000, -16.50000000000000000 ) ) ;
#839 = AXIS2_PLACEMENT_3D ( 'NONE', #7531, #4853, #6842 ) ;
#840 = CARTESIAN_POINT ( 'NONE',  ( 0.06404366727606396192, -4.935956332723937301, -30.22559813399339390 ) ) ;
#841 = EDGE_CURVE ( 'NONE', #3141, #2328, #2222, .T. ) ;
#842 = CARTESIAN_POINT ( 'NONE',  ( -3.862796825714234661, -1.137203174285766005, -15.87100116288256046 ) ) ;
#843 = CARTESIAN_POINT ( 'NONE',  ( 0.6401341107464960656, -4.359865889253503823, -109.8987495462801007 ) ) ;
#844 = ORIENTED_EDGE ( 'NONE', *, *, #7215, .F. ) ;
#845 = CARTESIAN_POINT ( 'NONE',  ( -5.000000000000285105, 2.852501778065482102E-13, -13.00000000000021316 ) ) ;
#846 = ORIENTED_EDGE ( 'NONE', *, *, #5809, .T. ) ;
#847 = AXIS2_PLACEMENT_3D ( 'NONE', #2437, #1792, #6717 ) ;
#848 = CIRCLE ( 'NONE', #5985, 3.999999999999996447 ) ;
#849 = EDGE_CURVE ( 'NONE', #3964, #3629, #124, .T. ) ;
#850 = CARTESIAN_POINT ( 'NONE',  ( 4.935956332719889872, -0.06404366728011047505, -89.27440186598521166 ) ) ;
#851 = CARTESIAN_POINT ( 'NONE',  ( 1.016695234776112395E-12, -5.000000000001018741, -95.64684353042213161 ) ) ;
#852 = CARTESIAN_POINT ( 'NONE',  ( 5.000000000000000000, -1.505601063744518853E-15, -122.7037483383676602 ) ) ;
#853 = EDGE_CURVE ( 'NONE', #6857, #2546, #8978, .T. ) ;
#854 = B_SPLINE_CURVE_WITH_KNOTS ( 'NONE', 3,
 ( #6227, #4892, #7144, #4249, #8431, #8528, #6314, #2880, #7008, #4991, #4202, #7700, #5675, #710, #7659, #663 ),
 .UNSPECIFIED., .F., .F.,
 ( 4, 2, 2, 2, 2, 2, 2, 4 ),
 ( 4.818711198530449181E-07, 0.0008765200830274260703, 0.001314539188981219547, 0.001752558294935013241, 0.002190577400888806502, 0.002628596506842600412, 0.003066615612796393456, 0.003504634718750187367 ),
 .UNSPECIFIED. ) ;
#855 = CARTESIAN_POINT ( 'NONE',  ( 0.000000000000000000, -5.000000000000000000, -84.49999999997220357 ) ) ;
#856 = CARTESIAN_POINT ( 'NONE',  ( 0.1676550930162432895, -4.832344906983756516, -77.85453806257375220 ) ) ;
#857 = DIRECTION ( 'NONE',  ( -0.000000000000000000, -0.000000000000000000, 1.000000000000000000 ) ) ;
#858 = CARTESIAN_POINT ( 'NONE',  ( -0.2517800035594489616, -4.748219996440551149, -52.90883637235563697 ) ) ;
#859 = ORIENTED_EDGE ( 'NONE', *, *, #5176, .F. ) ;
#860 = DIRECTION ( 'NONE',  ( -0.000000000000000000, -0.000000000000000000, 1.000000000000000000 ) ) ;
#861 = AXIS2_PLACEMENT_3D ( 'NONE', #971, #1065, #4463 ) ;
#862 = ORIENTED_EDGE ( 'NONE', *, *, #841, .T. ) ;
#863 = APPLICATION_CONTEXT ( 'configuration controlled 3d designs of mechanical parts and assemblies' ) ;
#864 = B_SPLINE_CURVE_WITH_KNOTS ( 'NONE', 3,
 ( #2813, #2117, #45, #2161, #1466, #1508, #4324, #142, #6619, #7916, #3126, #5920, #8732, #1013, #7866, #3685 ),
 .UNSPECIFIED., .F., .F.,
 ( 4, 2, 2, 2, 2, 2, 2, 4 ),
 ( 4.818711198930354611E-07, 0.0008765200830275385021, 0.001314539188981361361, 0.001752558294935184112, 0.002190577400889006428, 0.002628596506842829396, 0.003066615612796652363, 0.003504634718750474897 ),
 .UNSPECIFIED. ) ;
#865 = ADVANCED_FACE ( 'NONE', ( #5305 ), #610, .T. ) ;
#866 = DIRECTION ( 'NONE',  ( 1.000000000000000000, 0.000000000000000000, 0.000000000000000000 ) ) ;
#867 = CARTESIAN_POINT ( 'NONE',  ( 0.000000000000000000, 0.000000000000000000, -44.00000000000000000 ) ) ;
#868 = DIRECTION ( 'NONE',  ( 1.000000000000000000, 0.000000000000000000, 0.000000000000000000 ) ) ;
#869 = CARTESIAN_POINT ( 'NONE',  ( 0.2517800035653550705, -4.748219996434644763, -19.90883637236998283 ) ) ;
#870 = CARTESIAN_POINT ( 'NONE',  ( 0.4321793203734951017, -4.567820679626503733, -33.22657376275979857 ) ) ;
#871 = ORIENTED_EDGE ( 'NONE', *, *, #2609, .F. ) ;
#872 = APPROVAL_ROLE ( '' ) ;
#873 = EDGE_LOOP ( 'NONE', ( #5205, #6618 ) ) ;
#874 = EDGE_CURVE ( 'NONE', #3318, #5292, #885, .T. ) ;
#875 = CARTESIAN_POINT ( 'NONE',  ( -5.000000000000284217, 2.844327595795845334E-13, -7.500000000000213163 ) ) ;
#876 = DIRECTION ( 'NONE',  ( 0.000000000000000000, -1.000000000000000000, 0.000000000000000000 ) ) ;
#877 = CARTESIAN_POINT ( 'NONE',  ( 4.502552532152130027, -0.4974474678478693068, -25.88672757692826920 ) ) ;
#878 = ORIENTED_EDGE ( 'NONE', *, *, #2870, .T. ) ;
#879 = CARTESIAN_POINT ( 'NONE',  ( 0.000000000000000000, 0.000000000000000000, -117.5000000000000000 ) ) ;
#880 = DIRECTION ( 'NONE',  ( 0.000000000000000000, 0.000000000000000000, -1.000000000000000000 ) ) ;
#881 = CARTESIAN_POINT ( 'NONE',  ( -4.282386290039717380, -0.7176137099602835079, -31.70222873041527478 ) ) ;
#882 = CARTESIAN_POINT ( 'NONE',  ( -0.6335913640931369883, -4.366408635906863012, -59.10619955116406743 ) ) ;
#883 = ORIENTED_EDGE ( 'NONE', *, *, #3392, .F. ) ;
#884 = DIRECTION ( 'NONE',  ( 1.000000000000000000, 0.000000000000000000, 0.000000000000000000 ) ) ;
#885 = B_SPLINE_CURVE_WITH_KNOTS ( 'NONE', 3,
 ( #1671, #7285, #5531, #4670, #8848, #7564, #6741, #1213, #4842, #4754, #4024, #439 ),
 .UNSPECIFIED., .F., .F.,
 ( 4, 2, 2, 2, 2, 4 ),
 ( 0.003504634718722721056, 0.003941423334001042424, 0.004378211949279363358, 0.005251789179836006093, 0.006125366410392648828, 0.006998943640949292430 ),
 .UNSPECIFIED. ) ;
#886 = ADVANCED_FACE ( 'NONE', ( #3982 ), #2080, .T. ) ;
#887 = CARTESIAN_POINT ( 'NONE',  ( 0.000000000000000000, 0.000000000000000000, -2.000000000000000000 ) ) ;
#888 = CARTESIAN_POINT ( 'NONE',  ( 0.1593231317802038804, -4.840676868219796702, -118.6467805843165308 ) ) ;
#889 = CARTESIAN_POINT ( 'NONE',  ( 0.000000000000000000, 0.000000000000000000, -79.00000000000000000 ) ) ;
#890 = CARTESIAN_POINT ( 'NONE',  ( 0.7176137099645711892, -4.282386290035429255, -98.79777126957944233 ) ) ;
#891 = ORIENTED_EDGE ( 'NONE', *, *, #9008, .T. ) ;
#892 = CARTESIAN_POINT ( 'NONE',  ( -4.686141179201310791, -0.3138588207986893752, -91.53467868775796035 ) ) ;
#893 = ORIENTED_EDGE ( 'NONE', *, *, #383, .T. ) ;
#894 = EDGE_CURVE ( 'NONE', #808, #379, #7805, .T. ) ;
#895 = ADVANCED_FACE ( 'NONE', ( #8943 ), #7221, .T. ) ;
#896 = DIRECTION ( 'NONE',  ( 0.000000000000000000, 0.000000000000000000, -1.000000000000000000 ) ) ;
#897 = CARTESIAN_POINT ( 'NONE',  ( 0.008042224640662957308, -4.991957775359336935, -46.29246587454772310 ) ) ;
#898 = DIRECTION ( 'NONE',  ( 1.000000000000000000, 0.000000000000000000, 0.000000000000000000 ) ) ;
#899 = DIRECTION ( 'NONE',  ( -0.000000000000000000, -0.000000000000000000, 1.000000000000000000 ) ) ;
#900 = DIRECTION ( 'NONE',  ( 0.000000000000000000, -1.000000000000000000, 0.000000000000000000 ) ) ;
#901 = CARTESIAN_POINT ( 'NONE',  ( -5.000000000000281553, 2.811725620256466210E-13, -95.50000000000021316 ) ) ;
#902 = CARTESIAN_POINT ( 'NONE',  ( -4.366408635906908309, -0.6335913640930921353, -115.3938004488360036 ) ) ;
#903 = ORIENTED_EDGE ( 'NONE', *, *, #4537, .F. ) ;
#904 = CARTESIAN_POINT ( 'NONE',  ( 0.000000000000000000, -5.000000000000000000, -73.50000000000001421 ) ) ;
#905 = ORIENTED_EDGE ( 'NONE', *, *, #3080, .F. ) ;
#906 = CIRCLE ( 'NONE', #7951, 3.904737509655563876 ) ;
#907 = CARTESIAN_POINT ( 'NONE',  ( 0.000000000000000000, 0.000000000000000000, -70.75000000000000000 ) ) ;
#908 = CIRCLE ( 'NONE', #2819, 3.999999999999996447 ) ;
#909 = CARTESIAN_POINT ( 'NONE',  ( 0.000000000000000000, 0.000000000000000000, -54.25000000000000000 ) ) ;
#910 = DIRECTION ( 'NONE',  ( -1.000000000000000000, 1.224646799147352961E-16, 0.000000000000000000 ) ) ;
#911 = CARTESIAN_POINT ( 'NONE',  ( 0.9999999999999993339, 0.000000000000000000, -91.99999999999998579 ) ) ;
#912 = CARTESIAN_POINT ( 'NONE',  ( -0.3138588207986362510, -4.686141179201362306, -22.46532131224214268 ) ) ;
#913 = ORIENTED_EDGE ( 'NONE', *, *, #1855, .F. ) ;
#914 = COORDINATED_UNIVERSAL_TIME_OFFSET ( 3, 30, .AHEAD. ) ;
#915 = EDGE_CURVE ( 'NONE', #2959, #2656, #6371, .T. ) ;
#916 = ORIENTED_EDGE ( 'NONE', *, *, #6168, .T. ) ;
#917 = AXIS2_PLACEMENT_3D ( 'NONE', #4838, #1332, #2642 ) ;
#918 = CARTESIAN_POINT ( 'NONE',  ( -4.935408751172076336, -0.06459124882792278977, -118.2283476508440145 ) ) ;
#919 = CARTESIAN_POINT ( 'NONE',  ( 4.959369330385071883, -0.04063066961492872026, -24.58613448345569807 ) ) ;
#920 = ORIENTED_EDGE ( 'NONE', *, *, #1853, .T. ) ;
#921 = LINE ( 'NONE', #1609, #6690 ) ;
#922 = DIRECTION ( 'NONE',  ( 1.000000000000000000, 0.000000000000000000, 0.000000000000000000 ) ) ;
#923 = CARTESIAN_POINT ( 'NONE',  ( 0.9599107665897316233, -4.040089233410268932, -87.52236572063739573 ) ) ;
#924 = ADVANCED_FACE ( 'NONE', ( #1257 ), #2673, .T. ) ;
#925 = CARTESIAN_POINT ( 'NONE',  ( -0.4974474678478218448, -4.502552532152178877, -115.6132724230718054 ) ) ;
#926 = ORIENTED_EDGE ( 'NONE', *, *, #4723, .T. ) ;
#927 = CARTESIAN_POINT ( 'NONE',  ( 1.137203174284266316, -3.862796825715733906, -103.6289988371164839 ) ) ;
#928 = TOROIDAL_SURFACE ( 'NONE', #199, 1.000000000000000000, 3.999999999999996447 ) ;
#929 = B_SPLINE_CURVE_WITH_KNOTS ( 'NONE', 3,
 ( #6511, #5868, #4448, #5182, #3759, #2479, #219, #912, #1094, #7989, #1642, #3117, #1686, #6658, #2379, #5282 ),
 .UNSPECIFIED., .F., .F.,
 ( 4, 2, 2, 2, 2, 2, 2, 4 ),
 ( 4.818711198711949284E-07, 0.0008765200830275186612, 0.001314539188981343146, 0.001752558294935167632, 0.002190577400888992117, 0.002628596506842816819, 0.003066615612796641088, 0.003504634718750465790 ),
 .UNSPECIFIED. ) ;
#930 = CARTESIAN_POINT ( 'NONE',  ( 0.000000000000000000, 0.000000000000000000, -106.5000000000000000 ) ) ;
#931 = FACE_OUTER_BOUND ( 'NONE', #357, .T. ) ;
#932 = CARTESIAN_POINT ( 'NONE',  ( 0.000000000000000000, 0.000000000000000000, -11.00000000000000000 ) ) ;
#933 = DIRECTION ( 'NONE',  ( -1.000000000000000000, 1.224646799147353207E-16, 0.000000000000000000 ) ) ;
#934 = EDGE_CURVE ( 'NONE', #167, #8900, #3260, .T. ) ;
#935 = ORIENTED_EDGE ( 'NONE', *, *, #6922, .F. ) ;
#936 = ORIENTED_EDGE ( 'NONE', *, *, #5688, .F. ) ;
#937 = AXIS2_PLACEMENT_3D ( 'NONE', #8030, #1728, #7341 ) ;
#938 = VERTEX_POINT ( 'NONE', #6782 ) ;
#939 = FACE_OUTER_BOUND ( 'NONE', #8965, .T. ) ;
#940 = CARTESIAN_POINT ( 'NONE',  ( 4.832344906989096245, -0.1676550930109041992, -30.64546193740920188 ) ) ;
#941 = CARTESIAN_POINT ( 'NONE',  ( -3.671958834454334575, -1.328041165545665425, -48.75000000000000000 ) ) ;
#942 = DIRECTION ( 'NONE',  ( -1.000000000000000000, 1.224646799147352961E-16, 0.000000000000000000 ) ) ;
#943 = ORIENTED_EDGE ( 'NONE', *, *, #7972, .F. ) ;
#944 = CARTESIAN_POINT ( 'NONE',  ( 0.6335913640931364332, -4.366408635906863012, -59.10619955116406743 ) ) ;
#945 = ORIENTED_EDGE ( 'NONE', *, *, #4044, .F. ) ;
#946 = AXIS2_PLACEMENT_3D ( 'NONE', #6701, #213, #4444 ) ;
#947 = CARTESIAN_POINT ( 'NONE',  ( -0.04063066961830667095, -4.959369330381694141, -67.41386551652202286 ) ) ;
#948 = FACE_OUTER_BOUND ( 'NONE', #6748, .T. ) ;
#949 = DIRECTION ( 'NONE',  ( 1.000000000000000000, 0.000000000000000000, 0.000000000000000000 ) ) ;
#950 = CIRCLE ( 'NONE', #1836, 1.000000000000000000 ) ;
#951 = CARTESIAN_POINT ( 'NONE',  ( 0.008042224642555126021, -4.991957775357444227, -18.79246587457292250 ) ) ;
#952 = B_SPLINE_CURVE_WITH_KNOTS ( 'NONE', 3,
 ( #6172, #6866, #5341, #4656, #605, #1805, #4014, #3235, #4747, #6030, #5391, #6775, #5479, #8838, #1117, #1293 ),
 .UNSPECIFIED., .F., .F.,
 ( 4, 2, 2, 2, 2, 2, 2, 4 ),
 ( 4.818711198664599083E-07, 0.0008765200830274455859, 0.001314539188981235160, 0.001752558294935024734, 0.002190577400888814308, 0.002628596506842603882, 0.003066615612796393456, 0.003504634718750183030 ),
 .UNSPECIFIED. ) ;
#953 = DIRECTION ( 'NONE',  ( 1.224646799147353207E-16, 1.000000000000000000, 0.000000000000000000 ) ) ;
#954 = EDGE_LOOP ( 'NONE', ( #6988, #5065, #4484, #7237 ) ) ;
#955 = AXIS2_PLACEMENT_3D ( 'NONE', #6137, #577, #2737 ) ;
#956 = VERTEX_POINT ( 'NONE', #9020 ) ;
#957 = TOROIDAL_SURFACE ( 'NONE', #5511, 1.000000000000000000, 2.000000000000001776 ) ;
#958 = EDGE_CURVE ( 'NONE', #4702, #471, #7363, .T. ) ;
#959 = CARTESIAN_POINT ( 'NONE',  ( 5.000000000000281553, 2.809514862196180954E-13, -112.0000000000002132 ) ) ;
#960 = VECTOR ( 'NONE', #3504, 1000.000000000000000 ) ;
#961 = CARTESIAN_POINT ( 'NONE',  ( 4.282386290039718268, -0.7176137099602819536, -70.20222873041527123 ) ) ;
#962 = ORIENTED_EDGE ( 'NONE', *, *, #4915, .F. ) ;
#963 = CARTESIAN_POINT ( 'NONE',  ( 1.000000000000000000, 0.000000000000000000, -115.4999999999999858 ) ) ;
#964 = CARTESIAN_POINT ( 'NONE',  ( 6.422627322555733307E-16, -4.999999999999999112, -23.85274279211298776 ) ) ;
#965 = CARTESIAN_POINT ( 'NONE',  ( -0.04063066961489658624, -4.959369330385102970, -6.913865516544511536 ) ) ;
#966 = CARTESIAN_POINT ( 'NONE',  ( 3.693063650028835464E-15, -5.000000000000005329, -122.7029352953670411 ) ) ;
#967 = ORIENTED_EDGE ( 'NONE', *, *, #1887, .F. ) ;
#968 = DIRECTION ( 'NONE',  ( -0.000000000000000000, -0.000000000000000000, 1.000000000000000000 ) ) ;
#969 = AXIS2_PLACEMENT_3D ( 'NONE', #745, #1520, #106 ) ;
#970 = EDGE_CURVE ( 'NONE', #7170, #5039, #1335, .T. ) ;
#971 = CARTESIAN_POINT ( 'NONE',  ( 1.000000000000000000, 0.000000000000000000, -62.50000000000000000 ) ) ;
#972 = CARTESIAN_POINT ( 'NONE',  ( 0.9999999999999995559, 0.000000000000000000, 0.000000000000000000 ) ) ;
#973 = CARTESIAN_POINT ( 'NONE',  ( 4.508466212578261967, -0.4915337874217372560, -99.10623519306794549 ) ) ;
#974 = EDGE_CURVE ( 'NONE', #1323, #6079, #4431, .T. ) ;
#975 = ORIENTED_EDGE ( 'NONE', *, *, #1541, .F. ) ;
#976 = CARTESIAN_POINT ( 'NONE',  ( 0.000000000000000000, 0.000000000000000000, -84.50000000000000000 ) ) ;
#977 = ORIENTED_EDGE ( 'NONE', *, *, #979, .T. ) ;
#978 = CIRCLE ( 'NONE', #3633, 4.000000000000000000 ) ;
#979 = EDGE_CURVE ( 'NONE', #7116, #4111, #3411, .T. ) ;
#980 = TOROIDAL_SURFACE ( 'NONE', #6127, 1.000000000000000000, 4.000000000000000000 ) ;
#981 = CARTESIAN_POINT ( 'NONE',  ( 0.06459124882788475075, -4.935408751172118080, -6.771652349156171979 ) ) ;
#982 = CARTESIAN_POINT ( 'NONE',  ( -0.1593231317748076414, -4.840676868225192386, -85.64678058429973362 ) ) ;
#983 = DIRECTION ( 'NONE',  ( 0.000000000000000000, -1.000000000000000000, 0.000000000000000000 ) ) ;
#984 = CARTESIAN_POINT ( 'NONE',  ( 4.999999999999992006, -9.243388209070470239E-15, -51.64725720788727870 ) ) ;
#985 = CARTESIAN_POINT ( 'NONE',  ( 0.9582157396373277569, -4.041784260362672576, -86.97622534969822539 ) ) ;
#986 = CARTESIAN_POINT ( 'NONE',  ( 0.7176137099645670814, -4.282386290035433696, -38.29777126957947786 ) ) ;
#987 = CARTESIAN_POINT ( 'NONE',  ( 0.000000000000000000, 0.000000000000000000, -40.50000000000000711 ) ) ;
#988 = ORIENTED_EDGE ( 'NONE', *, *, #3636, .F. ) ;
#989 = CARTESIAN_POINT ( 'NONE',  ( -1.022978842816198602E-12, -4.999999999998977707, -40.35274279208621095 ) ) ;
#990 = TOROIDAL_SURFACE ( 'NONE', #3049, 1.000000000000000000, 1.999999999999998224 ) ;
#991 = AXIS2_PLACEMENT_3D ( 'NONE', #5776, #5318, #6606 ) ;
#992 = EDGE_LOOP ( 'NONE', ( #5759, #7814, #1058 ) ) ;
#993 = AXIS2_PLACEMENT_3D ( 'NONE', #7826, #4981, #4332 ) ;
#994 = EDGE_CURVE ( 'NONE', #5185, #8811, #3859, .T. ) ;
#995 = CARTESIAN_POINT ( 'NONE',  ( 0.000000000000000000, 0.000000000000000000, 0.000000000000000000 ) ) ;
#996 = EDGE_CURVE ( 'NONE', #3284, #8736, #4577, .T. ) ;
#997 = CARTESIAN_POINT ( 'NONE',  ( 4.991957775357462879, -0.008042224642537194185, -34.70753412542730842 ) ) ;
#998 = CARTESIAN_POINT ( 'NONE',  ( -4.832344906989093580, -0.1676550930109054205, -8.645461937409200104 ) ) ;
#999 = AXIS2_PLACEMENT_3D ( 'NONE', #5643, #8636, #7944 ) ;
#1000 = CIRCLE ( 'NONE', #6578, 3.999999999999989786 ) ;
#1001 = FACE_OUTER_BOUND ( 'NONE', #3864, .T. ) ;
#1002 = DIRECTION ( 'NONE',  ( -1.000000000000000000, 1.224646799147353207E-16, 0.000000000000000000 ) ) ;
#1003 = DIRECTION ( 'NONE',  ( 1.000000000000000000, 0.000000000000000000, 0.000000000000000000 ) ) ;
#1004 = ORIENTED_EDGE ( 'NONE', *, *, #2636, .T. ) ;
#1005 = COORDINATED_UNIVERSAL_TIME_OFFSET ( 3, 30, .AHEAD. ) ;
#1006 = VERTEX_POINT ( 'NONE', #838 ) ;
#1007 = AXIS2_PLACEMENT_3D ( 'NONE', #2634, #1240, #8967 ) ;
#1008 = EDGE_CURVE ( 'NONE', #1376, #7998, #3865, .T. ) ;
#1009 = CARTESIAN_POINT ( 'NONE',  ( 0.000000000000000000, 0.000000000000000000, -60.49999999999999289 ) ) ;
#1010 = DIRECTION ( 'NONE',  ( 1.000000000000000000, 0.000000000000000000, 0.000000000000000000 ) ) ;
#1011 = CARTESIAN_POINT ( 'NONE',  ( 5.000000000000281553, 2.809514862196180954E-13, -79.00000000000021316 ) ) ;
#1012 = ORIENTED_EDGE ( 'NONE', *, *, #3209, .F. ) ;
#1013 = CARTESIAN_POINT ( 'NONE',  ( 0.008301598518901481122, -4.991698401481100333, -117.2037463706425058 ) ) ;
#1014 = DIRECTION ( 'NONE',  ( -0.000000000000000000, -0.000000000000000000, 1.000000000000000000 ) ) ;
#1015 = LINE ( 'NONE', #6575, #8902 ) ;
#1016 = CARTESIAN_POINT ( 'NONE',  ( -0.1678070597022621457, -4.832192940297739270, -121.8540520940311609 ) ) ;
#1017 = ORIENTED_EDGE ( 'NONE', *, *, #1667, .T. ) ;
#1018 = CARTESIAN_POINT ( 'NONE',  ( 2.382280164152718779E-17, -4.999999999999999112, -7.646843530448624193 ) ) ;
#1019 = DIRECTION ( 'NONE',  ( -1.000000000000000000, 1.224646799147353207E-16, 0.000000000000000000 ) ) ;
#1020 = CARTESIAN_POINT ( 'NONE',  ( -5.000000000000285105, 2.853331553957207015E-13, -51.50000000000021316 ) ) ;
#1021 = FACE_OUTER_BOUND ( 'NONE', #7176, .T. ) ;
#1022 = CARTESIAN_POINT ( 'NONE',  ( 3.671958834454336795, -1.328041165545663649, -10.25000000000000178 ) ) ;
#1023 = ORIENTED_EDGE ( 'NONE', *, *, #8710, .T. ) ;
#1024 = DIRECTION ( 'NONE',  ( 1.000000000000000000, 0.000000000000000000, 0.000000000000000000 ) ) ;
#1025 = ADVANCED_FACE ( 'NONE', ( #1337 ), #5164, .T. ) ;
#1026 = ORIENTED_EDGE ( 'NONE', *, *, #3169, .T. ) ;
#1027 = ORIENTED_EDGE ( 'NONE', *, *, #236, .F. ) ;
#1028 = CARTESIAN_POINT ( 'NONE',  ( 0.7176137099602468705, -4.282386290039752019, -5.297771269584766074 ) ) ;
#1029 = CARTESIAN_POINT ( 'NONE',  ( 0.9582157396373289782, -4.041784260362669912, -42.97622534969822539 ) ) ;
#1030 = CARTESIAN_POINT ( 'NONE',  ( -4.991698401481086123, -0.008301598518914057867, -57.29625362935771449 ) ) ;
#1031 = CARTESIAN_POINT ( 'NONE',  ( 0.000000000000000000, 0.000000000000000000, -84.50000000000000000 ) ) ;
#1032 = DIRECTION ( 'NONE',  ( 1.000000000000000000, 0.000000000000000000, 0.000000000000000000 ) ) ;
#1033 = CARTESIAN_POINT ( 'NONE',  ( 0.000000000000000000, 0.000000000000000000, -79.00000000000000000 ) ) ;
#1034 = CARTESIAN_POINT ( 'NONE',  ( -1.328041165545656987, -3.671958834454343013, -114.7499999999999858 ) ) ;
#1035 = ORIENTED_EDGE ( 'NONE', *, *, #7512, .T. ) ;
#1036 = FACE_OUTER_BOUND ( 'NONE', #1897, .T. ) ;
#1037 = AXIS2_PLACEMENT_3D ( 'NONE', #7012, #1395, #542 ) ;
#1038 = ADVANCED_FACE ( 'NONE', ( #3465 ), #5455, .T. ) ;
#1039 = ORIENTED_EDGE ( 'NONE', *, *, #6365, .T. ) ;
#1040 = CARTESIAN_POINT ( 'NONE',  ( -0.06459124883188724353, -4.935408751168113284, -67.27165234913506708 ) ) ;
#1041 = CARTESIAN_POINT ( 'NONE',  ( 4.960065625082964225, -0.03993437491703578229, -34.41868978647571709 ) ) ;
#1042 = CARTESIAN_POINT ( 'NONE',  ( 1.328041165545648772, -3.671958834454351450, -65.24999999999998579 ) ) ;
#1043 = DIRECTION ( 'NONE',  ( 1.224646799147353207E-16, 1.000000000000000000, 0.000000000000000000 ) ) ;
#1044 = CARTESIAN_POINT ( 'NONE',  ( 0.000000000000000000, 0.000000000000000000, -44.00000000000000000 ) ) ;
#1045 = DIRECTION ( 'NONE',  ( -0.000000000000000000, -0.000000000000000000, 1.000000000000000000 ) ) ;
#1046 = DIRECTION ( 'NONE',  ( -0.000000000000000000, -0.000000000000000000, 1.000000000000000000 ) ) ;
#1047 = ORIENTED_EDGE ( 'NONE', *, *, #2728, .F. ) ;
#1048 = B_SPLINE_CURVE_WITH_KNOTS ( 'NONE', 3,
 ( #8772, #2520, #8598, #1503, #2476, #401, #6476, #5789, #825, #1139, #139, #1606, #2952, #4321, #182, #2564 ),
 .UNSPECIFIED., .F., .F.,
 ( 4, 2, 2, 2, 2, 2, 2, 4 ),
 ( 4.818711198665871750E-07, 0.0008765200830274456944, 0.001314539188981235377, 0.001752558294935024951, 0.002190577400888814308, 0.002628596506842603882, 0.003066615612796393456, 0.003504634718750183030 ),
 .UNSPECIFIED. ) ;
#1049 = CALENDAR_DATE ( 2026, 24, 2 ) ;
#1050 = EDGE_CURVE ( 'NONE', #4139, #8291, #1790, .T. ) ;
#1051 = VERTEX_POINT ( 'NONE', #7786 ) ;
#1052 = AXIS2_PLACEMENT_3D ( 'NONE', #3385, #8214, #8980 ) ;
#1053 = B_SPLINE_CURVE_WITH_KNOTS ( 'NONE', 3,
 ( #7387, #7941, #3029, #3805, #8668, #4404, #6605, #5274, #3896, #5089, #5905, #3211 ),
 .UNSPECIFIED., .F., .F.,
 ( 4, 2, 2, 2, 2, 4 ),
 ( 0.003504634718750185632, 0.003941423334025070946, 0.004378211949299955393, 0.005251789179849725153, 0.006125366410399494914, 0.006998943640949264675 ),
 .UNSPECIFIED. ) ;
#1054 = CARTESIAN_POINT ( 'NONE',  ( 5.000000000000283329, 2.838280096949033931E-13, -24.00000000000021316 ) ) ;
#1055 = DIRECTION ( 'NONE',  ( -0.000000000000000000, -0.000000000000000000, 1.000000000000000000 ) ) ;
#1056 = TOROIDAL_SURFACE ( 'NONE', #1484, 1.000000000000000000, 1.999999999999999112 ) ;
#1057 = CARTESIAN_POINT ( 'NONE',  ( -0.9999999999999995559, 1.224646799147352714E-16, 0.000000000000000000 ) ) ;
#1058 = ORIENTED_EDGE ( 'NONE', *, *, #3756, .F. ) ;
#1059 = DIRECTION ( 'NONE',  ( 0.000000000000000000, 0.000000000000000000, -1.000000000000000000 ) ) ;
#1060 = CARTESIAN_POINT ( 'NONE',  ( 0.000000000000000000, 0.000000000000000000, -7.500000000000003553 ) ) ;
#1061 = EDGE_CURVE ( 'NONE', #8017, #2762, #3550, .T. ) ;
#1062 = ORIENTED_EDGE ( 'NONE', *, *, #7737, .F. ) ;
#1063 = CARTESIAN_POINT ( 'NONE',  ( -0.6335913640883421571, -4.366408635911657399, -48.10619955115780044 ) ) ;
#1064 = MANIFOLD_SOLID_BREP ( 'Cut-Extrude3', #2201 ) ;
#1065 = DIRECTION ( 'NONE',  ( 0.000000000000000000, -1.000000000000000000, 0.000000000000000000 ) ) ;
#1066 = DIRECTION ( 'NONE',  ( 1.000000000000000000, 0.000000000000000000, 0.000000000000000000 ) ) ;
#1067 = DIRECTION ( 'NONE',  ( -0.000000000000000000, -0.000000000000000000, 1.000000000000000000 ) ) ;
#1068 = CARTESIAN_POINT ( 'NONE',  ( 0.000000000000000000, 0.000000000000000000, 0.000000000000000000 ) ) ;
#1069 = CARTESIAN_POINT ( 'NONE',  ( 0.000000000000000000, -5.000000000000000000, -73.50000000000001421 ) ) ;
#1070 = ORIENTED_EDGE ( 'NONE', *, *, #8301, .F. ) ;
#1071 = CARTESIAN_POINT ( 'NONE',  ( 4.959369330385070107, -0.04063066961493031620, -96.08613448345570873 ) ) ;
#1072 = ORIENTED_EDGE ( 'NONE', *, *, #4351, .T. ) ;
#1073 = FACE_OUTER_BOUND ( 'NONE', #5706, .T. ) ;
#1074 = CARTESIAN_POINT ( 'NONE',  ( -1.020193374969154249E-12, -5.000000000001022293, -40.64684353042215292 ) ) ;
#1075 = EDGE_CURVE ( 'NONE', #6590, #6158, #1479, .T. ) ;
#1076 = CARTESIAN_POINT ( 'NONE',  ( 4.567820679631957148, -0.4321793203680417972, -31.27342623723034620 ) ) ;
#1077 = DIRECTION ( 'NONE',  ( 1.000000000000000000, 0.000000000000000000, 0.000000000000000000 ) ) ;
#1078 = CARTESIAN_POINT ( 'NONE',  ( 3.684593320556205859E-17, -5.000000000000000888, -62.35274279211301263 ) ) ;
#1079 = CARTESIAN_POINT ( 'NONE',  ( 0.04063066961830211210, -4.959369330381698582, -39.91386551652202286 ) ) ;
#1080 = AXIS2_PLACEMENT_3D ( 'NONE', #3381, #6778, #7605 ) ;
#1081 = CARTESIAN_POINT ( 'NONE',  ( -4.832344906989096245, -0.1676550930109028115, -36.14546193740918056 ) ) ;
#1082 = ORIENTED_EDGE ( 'NONE', *, *, #4652, .T. ) ;
#1083 = CARTESIAN_POINT ( 'NONE',  ( -0.9999999999999993339, 1.224646799147353207E-16, -20.49999999999999645 ) ) ;
#1084 = AXIS2_PLACEMENT_3D ( 'NONE', #2614, #5418, #5457 ) ;
#1085 = ORIENTED_EDGE ( 'NONE', *, *, #6253, .F. ) ;
#1086 = CARTESIAN_POINT ( 'NONE',  ( -0.4974474678531454752, -4.502552532146855135, -66.11327242306312257 ) ) ;
#1087 = FACE_OUTER_BOUND ( 'NONE', #4948, .T. ) ;
#1088 = EDGE_CURVE ( 'NONE', #39, #2140, #6791, .T. ) ;
#1089 = AXIS2_PLACEMENT_3D ( 'NONE', #626, #1964, #3434 ) ;
#1090 = CARTESIAN_POINT ( 'NONE',  ( 9.219953630863061163E-16, -4.999999999999999112, -18.35274279211299486 ) ) ;
#1091 = DIRECTION ( 'NONE',  ( -0.000000000000000000, -0.000000000000000000, 1.000000000000000000 ) ) ;
#1092 = DIRECTION ( 'NONE',  ( 1.000000000000000000, 0.000000000000000000, 0.000000000000000000 ) ) ;
#1093 = DIRECTION ( 'NONE',  ( 1.000000000000000000, 0.000000000000000000, 0.000000000000000000 ) ) ;
#1094 = CARTESIAN_POINT ( 'NONE',  ( -0.2608011982979983046, -4.739198801702002584, -22.59076228220567728 ) ) ;
#1095 = VERTEX_POINT ( 'NONE', #8679 ) ;
#1096 = EDGE_CURVE ( 'NONE', #1786, #545, #2970, .T. ) ;
#1097 = DATE_AND_TIME ( #2342, #682 ) ;
#1098 = ORIENTED_EDGE ( 'NONE', *, *, #2835, .F. ) ;
#1099 = AXIS2_PLACEMENT_3D ( 'NONE', #5955, #8631, #397 ) ;
#1100 = TOROIDAL_SURFACE ( 'NONE', #2425, 1.000000000000000000, 4.000000000000000000 ) ;
#1101 = CARTESIAN_POINT ( 'NONE',  ( 4.502552532152134468, -0.4974474678478654210, -113.8867275769282656 ) ) ;
#1102 = EDGE_CURVE ( 'NONE', #1808, #1095, #908, .T. ) ;
#1103 = CARTESIAN_POINT ( 'NONE',  ( 0.000000000000000000, 0.000000000000000000, -95.50000000000000000 ) ) ;
#1104 = CIRCLE ( 'NONE', #6238, 3.904737509655567873 ) ;
#1105 = DIRECTION ( 'NONE',  ( 0.000000000000000000, -1.000000000000000000, 0.000000000000000000 ) ) ;
#1106 = ORIENTED_EDGE ( 'NONE', *, *, #7825, .T. ) ;
#1107 = CARTESIAN_POINT ( 'NONE',  ( 4.359865889258239591, -0.6401341107417609644, -59.10125045371349728 ) ) ;
#1108 = CARTESIAN_POINT ( 'NONE',  ( 0.000000000000000000, 0.000000000000000000, -46.00000000000000000 ) ) ;
#1109 = AXIS2_PLACEMENT_3D ( 'NONE', #7444, #9039, #3399 ) ;
#1110 = EDGE_LOOP ( 'NONE', ( #4565, #6109, #6600 ) ) ;
#1111 = DIRECTION ( 'NONE',  ( -0.000000000000000000, -0.000000000000000000, 1.000000000000000000 ) ) ;
#1112 = AXIS2_PLACEMENT_3D ( 'NONE', #8337, #689, #4232 ) ;
#1113 = CIRCLE ( 'NONE', #7434, 0.9999999999999993339 ) ;
#1114 = DIRECTION ( 'NONE',  ( -0.000000000000000000, -0.000000000000000000, 1.000000000000000000 ) ) ;
#1115 = CARTESIAN_POINT ( 'NONE',  ( 5.000000000000285993, 2.862826807771588442E-13, -46.00000000000020606 ) ) ;
#1116 = ORIENTED_EDGE ( 'NONE', *, *, #2082, .T. ) ;
#1117 = CARTESIAN_POINT ( 'NONE',  ( -4.999999999999986677, -1.245921937940029991E-14, -68.14725720788726449 ) ) ;
#1118 = DIRECTION ( 'NONE',  ( 1.000000000000000000, 0.000000000000000000, 0.000000000000000000 ) ) ;
#1119 = AXIS2_PLACEMENT_3D ( 'NONE', #1451, #3485, #4861 ) ;
#1120 = ORIENTED_EDGE ( 'NONE', *, *, #4433, .T. ) ;
#1121 = ORIENTED_EDGE ( 'NONE', *, *, #4172, .F. ) ;
#1122 = ORGANIZATION ( 'UNSPECIFIED', 'UNSPECIFIED', '' ) ;
#1123 = CARTESIAN_POINT ( 'NONE',  ( -0.03220399570035204634, -4.967796004299648516, -2.584536274301501457 ) ) ;
#1124 = ADVANCED_FACE ( 'NONE', ( #5617 ), #6336, .F. ) ;
#1125 = CARTESIAN_POINT ( 'NONE',  ( 1.023620999669337182E-12, -5.000000000001024958, -29.64684353042206055 ) ) ;
#1126 = CARTESIAN_POINT ( 'NONE',  ( 0.000000000000000000, -5.000000000000000000, -13.00000000000000533 ) ) ;
#1127 = CARTESIAN_POINT ( 'NONE',  ( 4.748219996434698942, -0.2517800035653019464, -39.09116362763015218 ) ) ;
#1128 = CARTESIAN_POINT ( 'NONE',  ( -0.008301598518898108819, -4.991698401481103886, -62.20374637064250578 ) ) ;
#1129 = DIRECTION ( 'NONE',  ( 1.224646799147353207E-16, 1.000000000000000000, 0.000000000000000000 ) ) ;
#1130 = CARTESIAN_POINT ( 'NONE',  ( -4.040089233413061365, -0.9599107665869400785, -64.97763427936021685 ) ) ;
#1131 = ORIENTED_EDGE ( 'NONE', *, *, #6376, .T. ) ;
#1132 = CARTESIAN_POINT ( 'NONE',  ( -0.06459124883191531830, -4.935408751168084862, -89.27165234913491076 ) ) ;
#1133 = ORIENTED_EDGE ( 'NONE', *, *, #325, .F. ) ;
#1134 = ADVANCED_FACE ( 'NONE', ( #7740 ), #4000, .T. ) ;
#1135 = CC_DESIGN_SECURITY_CLASSIFICATION ( #2014, ( #9097 ) ) ;
#1136 = DIRECTION ( 'NONE',  ( 1.000000000000000000, 0.000000000000000000, 0.000000000000000000 ) ) ;
#1137 = CARTESIAN_POINT ( 'NONE',  ( 1.136863993906868320, -3.863136006093131680, -65.37121622079635586 ) ) ;
#1138 = CIRCLE ( 'NONE', #2754, 0.9999999999999993339 ) ;
#1139 = CARTESIAN_POINT ( 'NONE',  ( 4.832344906989094468, -0.1676550930109069470, -74.64546193740920899 ) ) ;
#1140 = CIRCLE ( 'NONE', #2755, 0.9999999999999985567 ) ;
#1141 = FACE_OUTER_BOUND ( 'NONE', #6477, .T. ) ;
#1142 = DIRECTION ( 'NONE',  ( -0.000000000000000000, -0.000000000000000000, 1.000000000000000000 ) ) ;
#1143 = CARTESIAN_POINT ( 'NONE',  ( 0.000000000000000000, 0.000000000000000000, -90.00000000000000000 ) ) ;
#1144 = ORIENTED_EDGE ( 'NONE', *, *, #7215, .T. ) ;
#1145 = COORDINATED_UNIVERSAL_TIME_OFFSET ( 3, 30, .AHEAD. ) ;
#1146 = ORIENTED_EDGE ( 'NONE', *, *, #3680, .F. ) ;
#1147 = ADVANCED_FACE ( 'NONE', ( #5916 ), #7163, .F. ) ;
#1148 = CIRCLE ( 'NONE', #847, 1.000000000000000000 ) ;
#1149 = CIRCLE ( 'NONE', #8635, 3.904737509655565209 ) ;
#1150 = PRODUCT_RELATED_PRODUCT_CATEGORY ( 'detail', '', ( #2788 ) ) ;
#1151 = CARTESIAN_POINT ( 'NONE',  ( 3.671958834454332354, -1.328041165545667868, -4.750000000000001776 ) ) ;
#1152 = CARTESIAN_POINT ( 'NONE',  ( 0.000000000000000000, 0.000000000000000000, -73.50000000000001421 ) ) ;
#1153 = CARTESIAN_POINT ( 'NONE',  ( 0.000000000000000000, 0.000000000000000000, -112.0000000000000000 ) ) ;
#1154 = CARTESIAN_POINT ( 'NONE',  ( 1.000000000000000000, 0.000000000000000000, -79.00000000000000000 ) ) ;
#1155 = EDGE_LOOP ( 'NONE', ( #8762, #3492, #5148, #2900 ) ) ;
#1156 = CARTESIAN_POINT ( 'NONE',  ( 3.671958834454334575, -1.328041165545665647, -59.75000000000000000 ) ) ;
#1157 = CARTESIAN_POINT ( 'NONE',  ( 5.000000000000283329, 2.838280096949033931E-13, -24.00000000000021316 ) ) ;
#1158 = B_SPLINE_CURVE_WITH_KNOTS ( 'NONE', 3,
 ( #2042, #6953, #6263, #9067, #2780, #888, #238, #2354, #104, #1574, #1473, #7187 ),
 .UNSPECIFIED., .F., .F.,
 ( 4, 2, 2, 2, 2, 4 ),
 ( 0.003504634718750474897, 0.003941423334025327685, 0.004378211949300180039, 0.005251789179849883880, 0.006125366410399588589, 0.006998943640949292430 ),
 .UNSPECIFIED. ) ;
#1159 = AXIS2_PLACEMENT_3D ( 'NONE', #1559, #876, #2791 ) ;
#1160 = ORIENTED_EDGE ( 'NONE', *, *, #1171, .T. ) ;
#1161 = CARTESIAN_POINT ( 'NONE',  ( 0.000000000000000000, 0.000000000000000000, -120.2499999999999858 ) ) ;
#1162 = EDGE_CURVE ( 'NONE', #1416, #1988, #8585, .T. ) ;
#1163 = DIRECTION ( 'NONE',  ( 0.000000000000000000, 0.000000000000000000, -1.000000000000000000 ) ) ;
#1164 = CARTESIAN_POINT ( 'NONE',  ( 5.000000000000006217, 5.692061405548891968E-15, -67.85315646955162094 ) ) ;
#1165 = VERTEX_POINT ( 'NONE', #3912 ) ;
#1166 = CARTESIAN_POINT ( 'NONE',  ( 5.000000000000281553, 2.809514862196180954E-13, -84.50000000000021316 ) ) ;
#1167 = DIRECTION ( 'NONE',  ( -0.000000000000000000, -0.000000000000000000, 1.000000000000000000 ) ) ;
#1168 = ORIENTED_EDGE ( 'NONE', *, *, #8082, .T. ) ;
#1169 = CARTESIAN_POINT ( 'NONE',  ( 0.9599107665897161912, -4.040089233410284031, -82.02236572063746678 ) ) ;
#1170 = ORIENTED_EDGE ( 'NONE', *, *, #1276, .T. ) ;
#1171 = EDGE_CURVE ( 'NONE', #6611, #7920, #2318, .T. ) ;
#1172 = DIRECTION ( 'NONE',  ( 1.000000000000000000, 0.000000000000000000, 0.000000000000000000 ) ) ;
#1173 = CARTESIAN_POINT ( 'NONE',  ( 0.000000000000000000, 0.000000000000000000, -21.24999999999999645 ) ) ;
#1174 = DIRECTION ( 'NONE',  ( -0.000000000000000000, -0.000000000000000000, 1.000000000000000000 ) ) ;
#1175 = CARTESIAN_POINT ( 'NONE',  ( -4.508466212578261967, -0.4915337874217377001, -93.60623519306798812 ) ) ;
#1176 = CARTESIAN_POINT ( 'NONE',  ( 0.03993437491367660824, -4.960065625086322427, -112.5813102135018227 ) ) ;
#1177 = CARTESIAN_POINT ( 'NONE',  ( -0.6401341107464914026, -4.359865889253509152, -43.89874954628009363 ) ) ;
#1178 = CARTESIAN_POINT ( 'NONE',  ( 0.000000000000000000, 0.000000000000000000, -14.99999999999999822 ) ) ;
#1179 = VERTEX_POINT ( 'NONE', #4697 ) ;
#1180 = CARTESIAN_POINT ( 'NONE',  ( -0.04063066961830194557, -4.959369330381698582, -39.91386551652202286 ) ) ;
#1181 = ORIENTED_EDGE ( 'NONE', *, *, #2878, .F. ) ;
#1182 = EDGE_CURVE ( 'NONE', #8363, #5285, #6885, .T. ) ;
#1183 = CARTESIAN_POINT ( 'NONE',  ( 0.1278684795021026999, -4.872131520497897661, -28.49259796944168599 ) ) ;
#1184 = CARTESIAN_POINT ( 'NONE',  ( 0.7176137099645635287, -4.282386290035437248, -43.79777126957946365 ) ) ;
#1185 = CARTESIAN_POINT ( 'NONE',  ( -1.328041165545656765, -3.671958834454343013, -70.75000000000000000 ) ) ;
#1186 = CARTESIAN_POINT ( 'NONE',  ( 0.000000000000000000, -5.000000000000000000, -78.99999999997200462 ) ) ;
#1187 = CARTESIAN_POINT ( 'NONE',  ( -4.041784260359809089, -0.9582157396401908001, -76.52377465029930192 ) ) ;
#1188 = CARTESIAN_POINT ( 'NONE',  ( 0.000000000000000000, 0.000000000000000000, 0.000000000000000000 ) ) ;
#1189 = DIRECTION ( 'NONE',  ( -0.000000000000000000, -0.000000000000000000, 1.000000000000000000 ) ) ;
#1190 = VERTEX_POINT ( 'NONE', #6763 ) ;
#1191 = EDGE_LOOP ( 'NONE', ( #2797, #8665, #4658, #3973 ) ) ;
#1192 = CARTESIAN_POINT ( 'NONE',  ( 4.041784260359805536, -0.9582157396401945748, -49.02377465029933035 ) ) ;
#1193 = CARTESIAN_POINT ( 'NONE',  ( 0.2608011982979981935, -4.739198801702000807, -11.59076228220567550 ) ) ;
#1194 = EDGE_CURVE ( 'NONE', #4391, #3998, #1148, .T. ) ;
#1195 = CARTESIAN_POINT ( 'NONE',  ( 4.739198801701948405, -0.2608011982980497634, -19.90923771779445772 ) ) ;
#1196 = EDGE_LOOP ( 'NONE', ( #4472, #1160, #5986, #7759 ) ) ;
#1197 = DIRECTION ( 'NONE',  ( 1.000000000000000000, 0.000000000000000000, 0.000000000000000000 ) ) ;
#1198 = ORIENTED_EDGE ( 'NONE', *, *, #7506, .T. ) ;
#1199 = CARTESIAN_POINT ( 'NONE',  ( -0.1593231317748076137, -4.840676868225192386, -102.1467805842997052 ) ) ;
#1200 = AXIS2_PLACEMENT_3D ( 'NONE', #2252, #5061, #6256 ) ;
#1201 = AXIS2_PLACEMENT_3D ( 'NONE', #6398, #54, #8519 ) ;
#1202 = CARTESIAN_POINT ( 'NONE',  ( -0.008301598520831864059, -4.991698401479168545, -34.70374637061712519 ) ) ;
#1203 = EDGE_CURVE ( 'NONE', #2723, #3977, #5983, .T. ) ;
#1204 = CARTESIAN_POINT ( 'NONE',  ( -1.000000000000000000, 1.224646799147353207E-16, -79.00000000000000000 ) ) ;
#1205 = ORIENTED_EDGE ( 'NONE', *, *, #7678, .T. ) ;
#1206 = CARTESIAN_POINT ( 'NONE',  ( -0.008301598520836204337, -4.991698401479164104, -95.20374637061712519 ) ) ;
#1207 = CARTESIAN_POINT ( 'NONE',  ( 5.000000000000281553, 2.809514862196180954E-13, -106.5000000000001990 ) ) ;
#1208 = ORIENTED_EDGE ( 'NONE', *, *, #3745, .T. ) ;
#1209 = CARTESIAN_POINT ( 'NONE',  ( 4.748219996434693613, -0.2517800035653064428, -110.5911636276301664 ) ) ;
#1210 = ORIENTED_EDGE ( 'NONE', *, *, #7001, .T. ) ;
#1211 = AXIS2_PLACEMENT_3D ( 'NONE', #3706, #6503, #8494 ) ;
#1212 = DIRECTION ( 'NONE',  ( 0.000000000000000000, 0.000000000000000000, -1.000000000000000000 ) ) ;
#1213 = CARTESIAN_POINT ( 'NONE',  ( 0.4915337874163004939, -4.508466212583698507, -108.3937648069234569 ) ) ;
#1214 = EDGE_CURVE ( 'NONE', #4546, #1478, #1580, .T. ) ;
#1215 = DIRECTION ( 'NONE',  ( -0.000000000000000000, -0.000000000000000000, 1.000000000000000000 ) ) ;
#1216 = CARTESIAN_POINT ( 'NONE',  ( -0.04063066961829851081, -4.959369330381701246, -45.41386551652202286 ) ) ;
#1217 = CARTESIAN_POINT ( 'NONE',  ( -4.282386290039723598, -0.7176137099602749592, -64.70222873041525702 ) ) ;
#1218 = EDGE_LOOP ( 'NONE', ( #5593, #7547, #4290 ) ) ;
#1219 = CARTESIAN_POINT ( 'NONE',  ( -0.6401341107417209964, -4.359865889258278671, -71.39874954628656667 ) ) ;
#1220 = ORIENTED_EDGE ( 'NONE', *, *, #1075, .T. ) ;
#1221 = CARTESIAN_POINT ( 'NONE',  ( 0.4974474678531605187, -4.502552532146839148, -27.61327242306307639 ) ) ;
#1222 = CARTESIAN_POINT ( 'NONE',  ( -0.4321793203679885065, -4.567820679632013103, -55.22657376276973906 ) ) ;
#1223 = CARTESIAN_POINT ( 'NONE',  ( 4.359865889258240479, -0.6401341107417596321, -15.10125045371350083 ) ) ;
#1224 = EDGE_CURVE ( 'NONE', #1664, #8399, #3495, .T. ) ;
#1225 = AXIS2_PLACEMENT_3D ( 'NONE', #2943, #7112, #7209 ) ;
#1226 = CARTESIAN_POINT ( 'NONE',  ( 0.9999999999999995559, 0.000000000000000000, 0.000000000000000000 ) ) ;
#1227 = CARTESIAN_POINT ( 'NONE',  ( 5.000000000000281553, 2.809514862196180954E-13, -112.0000000000002132 ) ) ;
#1228 = FACE_OUTER_BOUND ( 'NONE', #6388, .T. ) ;
#1229 = CARTESIAN_POINT ( 'NONE',  ( -4.840676868219848217, -0.1593231317801519220, -22.85321941568363613 ) ) ;
#1230 = ORIENTED_EDGE ( 'NONE', *, *, #3777, .T. ) ;
#1231 = ORIENTED_EDGE ( 'NONE', *, *, #8583, .F. ) ;
#1232 = CIRCLE ( 'NONE', #502, 1.000000000000000000 ) ;
#1233 = CIRCLE ( 'NONE', #7553, 3.999999999999996447 ) ;
#1234 = CARTESIAN_POINT ( 'NONE',  ( 3.671958834454351450, -1.328041165545648550, -65.24999999999998579 ) ) ;
#1235 = CARTESIAN_POINT ( 'NONE',  ( -1.000000000000000000, 1.224646799147353207E-16, -62.50000000000000000 ) ) ;
#1236 = DIRECTION ( 'NONE',  ( -0.000000000000000000, -0.000000000000000000, 1.000000000000000000 ) ) ;
#1237 = EDGE_LOOP ( 'NONE', ( #2954, #6819, #4712, #7656 ) ) ;
#1238 = DIRECTION ( 'NONE',  ( 1.000000000000000000, 0.000000000000000000, 0.000000000000000000 ) ) ;
#1239 = VERTEX_POINT ( 'NONE', #1748 ) ;
#1240 = DIRECTION ( 'NONE',  ( -0.000000000000000000, -0.000000000000000000, 1.000000000000000000 ) ) ;
#1241 = ADVANCED_FACE ( 'NONE', ( #8826 ), #3789, .T. ) ;
#1242 = AXIS2_PLACEMENT_3D ( 'NONE', #4826, #7634, #633 ) ;
#1243 = CARTESIAN_POINT ( 'NONE',  ( -0.1676550930162029607, -4.832344906983796484, -33.85453806257385878 ) ) ;
#1244 = CARTESIAN_POINT ( 'NONE',  ( 0.008042224640668390462, -4.991957775359332494, -68.29246587454773021 ) ) ;
#1245 = ORIENTED_EDGE ( 'NONE', *, *, #504, .F. ) ;
#1246 = CARTESIAN_POINT ( 'NONE',  ( -0.4321793203734997091, -4.567820679626501068, -93.72657376275982699 ) ) ;
#1247 = CARTESIAN_POINT ( 'NONE',  ( 5.000000000000010658, 1.072502529901554095E-14, -45.85315646955162805 ) ) ;
#1248 = CIRCLE ( 'NONE', #3450, 3.904737509655567873 ) ;
#1249 = ORIENTED_EDGE ( 'NONE', *, *, #2326, .T. ) ;
#1250 = CARTESIAN_POINT ( 'NONE',  ( 0.7176137099645706341, -4.282386290035427479, -82.29777126957945654 ) ) ;
#1251 = CIRCLE ( 'NONE', #4050, 3.000000000000000000 ) ;
#1252 = VERTEX_POINT ( 'NONE', #5287 ) ;
#1253 = ADVANCED_FACE ( 'NONE', ( #6114 ), #7356, .F. ) ;
#1254 = AXIS2_PLACEMENT_3D ( 'NONE', #6413, #5681, #2231 ) ;
#1255 = PRODUCT_RELATED_PRODUCT_CATEGORY ( 'detail', '', ( #4765 ) ) ;
#1256 = CARTESIAN_POINT ( 'NONE',  ( 4.748219996434698054, -0.2517800035653025015, -77.59116362763018060 ) ) ;
#1257 = FACE_OUTER_BOUND ( 'NONE', #8874, .T. ) ;
#1258 = CARTESIAN_POINT ( 'NONE',  ( 0.2590032929235765446, -4.740996707076423178, -3.404596727254057598 ) ) ;
#1259 = CARTESIAN_POINT ( 'NONE',  ( -3.671958834454334575, -1.328041165545665425, -48.75000000000000000 ) ) ;
#1260 = CARTESIAN_POINT ( 'NONE',  ( 1.000000000000000000, 0.000000000000000000, -7.500000000000003553 ) ) ;
#1261 = CARTESIAN_POINT ( 'NONE',  ( -3.671958834454351450, -1.328041165545648550, -65.24999999999998579 ) ) ;
#1262 = ORIENTED_EDGE ( 'NONE', *, *, #3510, .F. ) ;
#1263 = DIRECTION ( 'NONE',  ( 0.000000000000000000, -1.000000000000000000, 0.000000000000000000 ) ) ;
#1264 = CIRCLE ( 'NONE', #8171, 3.999999999999989786 ) ;
#1265 = EDGE_LOOP ( 'NONE', ( #6292, #609, #8419, #2890 ) ) ;
#1266 = ADVANCED_FACE ( 'NONE', ( #8139 ), #4967, .T. ) ;
#1267 = TOROIDAL_SURFACE ( 'NONE', #6399, 1.000000000000000000, 1.999999999999999112 ) ;
#1268 = DIRECTION ( 'NONE',  ( 1.000000000000000000, 0.000000000000000000, 0.000000000000000000 ) ) ;
#1269 = CARTESIAN_POINT ( 'NONE',  ( -0.008301598518897133905, -4.991698401481102110, -56.70374637064249868 ) ) ;
#1270 = CARTESIAN_POINT ( 'NONE',  ( 0.1593231317748065867, -4.840676868225194163, -36.14678058429972651 ) ) ;
#1271 = CARTESIAN_POINT ( 'NONE',  ( -3.671958834454343013, -1.328041165545656765, -87.25000000000000000 ) ) ;
#1272 = CARTESIAN_POINT ( 'NONE',  ( 5.000000000000284217, 2.846191403287952879E-13, -62.50000000000020606 ) ) ;
#1273 = CARTESIAN_POINT ( 'NONE',  ( 4.959369330385072772, -0.04063066961492754064, -8.086134483455694522 ) ) ;
#1274 = ORIENTED_EDGE ( 'NONE', *, *, #5875, .T. ) ;
#1275 = ORIENTED_EDGE ( 'NONE', *, *, #7119, .F. ) ;
#1276 = EDGE_CURVE ( 'NONE', #8736, #8079, #8345, .T. ) ;
#1277 = AXIS2_PLACEMENT_3D ( 'NONE', #1358, #1890, #505 ) ;
#1278 = CARTESIAN_POINT ( 'NONE',  ( 4.960065625082964225, -0.03993437491703567127, -50.91868978647571709 ) ) ;
#1279 = CARTESIAN_POINT ( 'NONE',  ( -1.000000000000000000, 1.224646799147353207E-16, -90.00000000000000000 ) ) ;
#1280 = ORGANIZATION ( 'NAUO-ORG3', 'UNSPECIFIED', 'UNSPECIFIED' ) ;
#1281 = DIRECTION ( 'NONE',  ( -0.000000000000000000, -0.000000000000000000, 1.000000000000000000 ) ) ;
#1282 = CARTESIAN_POINT ( 'NONE',  ( 1.328041165545648772, -3.671958834454351450, -65.24999999999998579 ) ) ;
#1283 = ORIENTED_EDGE ( 'NONE', *, *, #1831, .F. ) ;
#1284 = CARTESIAN_POINT ( 'NONE',  ( 0.000000000000000000, 0.000000000000000000, 0.000000000000000000 ) ) ;
#1285 = CIRCLE ( 'NONE', #7893, 1.000000000000000000 ) ;
#1286 = AXIS2_PLACEMENT_3D ( 'NONE', #3112, #8769, #7942 ) ;
#1287 = EDGE_CURVE ( 'NONE', #4429, #8809, #1888, .T. ) ;
#1288 = CIRCLE ( 'NONE', #3946, 4.000000000000003553 ) ;
#1289 = CARTESIAN_POINT ( 'NONE',  ( 0.9582157396373277569, -4.041784260362672576, -97.97622534969822539 ) ) ;
#1290 = DIRECTION ( 'NONE',  ( -0.000000000000000000, -0.000000000000000000, 1.000000000000000000 ) ) ;
#1291 = AXIS2_PLACEMENT_3D ( 'NONE', #9052, #5012, #2114 ) ;
#1292 = EDGE_LOOP ( 'NONE', ( #300, #511, #8342, #4867 ) ) ;
#1293 = CARTESIAN_POINT ( 'NONE',  ( -5.000000000000281553, 2.811725620256466210E-13, -68.00000000000021316 ) ) ;
#1294 = DIRECTION ( 'NONE',  ( -0.000000000000000000, -0.000000000000000000, 1.000000000000000000 ) ) ;
#1295 = EDGE_LOOP ( 'NONE', ( #10, #7615, #8830 ) ) ;
#1296 = CARTESIAN_POINT ( 'NONE',  ( 0.6401341107464960656, -4.359865889253503823, -82.39874954628010073 ) ) ;
#1297 = ORIENTED_EDGE ( 'NONE', *, *, #2282, .F. ) ;
#1298 = AXIS2_PLACEMENT_3D ( 'NONE', #5354, #1867, #1953 ) ;
#1299 = CARTESIAN_POINT ( 'NONE',  ( -1.328041165545663649, -3.671958834454336795, -32.25000000000000000 ) ) ;
#1300 = DIRECTION ( 'NONE',  ( -0.000000000000000000, -0.000000000000000000, 1.000000000000000000 ) ) ;
#1301 = CARTESIAN_POINT ( 'NONE',  ( 1.000000000000000000, 0.000000000000000000, -90.00000000000000000 ) ) ;
#1302 = DIRECTION ( 'NONE',  ( -0.000000000000000000, -0.000000000000000000, 1.000000000000000000 ) ) ;
#1303 = CARTESIAN_POINT ( 'NONE',  ( -0.9999999999999993339, 1.224646799147353207E-16, -48.00000000000000000 ) ) ;
#1304 = EDGE_CURVE ( 'NONE', #3857, #7920, #6903, .T. ) ;
#1305 = ORIENTED_EDGE ( 'NONE', *, *, #6892, .F. ) ;
#1306 = CARTESIAN_POINT ( 'NONE',  ( 1.000000000000000000, 0.000000000000000000, -112.0000000000000000 ) ) ;
#1307 = ORIENTED_EDGE ( 'NONE', *, *, #7620, .T. ) ;
#1308 = FACE_OUTER_BOUND ( 'NONE', #1345, .T. ) ;
#1309 = CARTESIAN_POINT ( 'NONE',  ( 0.000000000000000000, 0.000000000000000000, 0.000000000000000000 ) ) ;
#1310 = DIRECTION ( 'NONE',  ( 1.000000000000000000, 0.000000000000000000, 0.000000000000000000 ) ) ;
#1311 = CARTESIAN_POINT ( 'NONE',  ( 0.1678070597022619515, -4.832192940297739270, -121.8540520940311609 ) ) ;
#1312 = CARTESIAN_POINT ( 'NONE',  ( 3.671958834454334575, -1.328041165545665647, -59.75000000000000000 ) ) ;
#1313 = CARTESIAN_POINT ( 'NONE',  ( 0.000000000000000000, -5.000000000000000000, -78.99999999997200462 ) ) ;
#1314 = EDGE_CURVE ( 'NONE', #8377, #1788, #8930, .T. ) ;
#1315 = FACE_OUTER_BOUND ( 'NONE', #6417, .T. ) ;
#1316 = ORIENTED_EDGE ( 'NONE', *, *, #8424, .T. ) ;
#1317 = VERTEX_POINT ( 'NONE', #6978 ) ;
#1318 = CARTESIAN_POINT ( 'NONE',  ( -0.9999999999999986677, 1.224646799147351728E-16, -122.9999999999999716 ) ) ;
#1319 = CARTESIAN_POINT ( 'NONE',  ( 3.671958834454335019, -1.328041165545665203, -26.75000000000000355 ) ) ;
#1320 = CARTESIAN_POINT ( 'NONE',  ( -3.671958834454338572, -1.328041165545661428, -21.24999999999999645 ) ) ;
#1321 = EDGE_CURVE ( 'NONE', #24, #1731, #2027, .T. ) ;
#1322 = CARTESIAN_POINT ( 'NONE',  ( -3.671958834454336351, -1.328041165545663871, -10.25000000000000178 ) ) ;
#1323 = VERTEX_POINT ( 'NONE', #8328 ) ;
#1324 = CARTESIAN_POINT ( 'NONE',  ( 3.535533905932794152, -3.535533905932752852, 131.9999999999999716 ) ) ;
#1325 = CARTESIAN_POINT ( 'NONE',  ( -4.991698401481079905, -0.008301598518919178771, -112.2962536293577500 ) ) ;
#1326 = DIRECTION ( 'NONE',  ( 1.000000000000000000, 0.000000000000000000, 0.000000000000000000 ) ) ;
#1327 = EDGE_CURVE ( 'NONE', #4794, #8065, #3208, .T. ) ;
#1328 = CARTESIAN_POINT ( 'NONE',  ( -1.137203174285776441, -3.862796825714224003, -21.12899883711745375 ) ) ;
#1329 = ADVANCED_FACE ( 'NONE', ( #4827 ), #4224, .T. ) ;
#1330 = VERTEX_POINT ( 'NONE', #8963 ) ;
#1331 = CARTESIAN_POINT ( 'NONE',  ( -5.000000000000008882, 9.183213576775900758E-15, -34.85315646955161384 ) ) ;
#1332 = DIRECTION ( 'NONE',  ( 1.224646799147353207E-16, 1.000000000000000000, 0.000000000000000000 ) ) ;
#1333 = DIRECTION ( 'NONE',  ( -0.000000000000000000, -0.000000000000000000, 1.000000000000000000 ) ) ;
#1334 = ORIENTED_EDGE ( 'NONE', *, *, #3286, .T. ) ;
#1335 = CIRCLE ( 'NONE', #6478, 3.904737509655567873 ) ;
#1336 = CARTESIAN_POINT ( 'NONE',  ( 0.000000000000000000, 0.000000000000000000, -62.50000000000000000 ) ) ;
#1337 = FACE_OUTER_BOUND ( 'NONE', #7236, .T. ) ;
#1338 = DIRECTION ( 'NONE',  ( 1.000000000000000000, 0.000000000000000000, 0.000000000000000000 ) ) ;
#1339 = EDGE_CURVE ( 'NONE', #4159, #2242, #8634, .T. ) ;
#1340 = CARTESIAN_POINT ( 'NONE',  ( 1.000000000000000000, 0.000000000000000000, -35.00000000000000000 ) ) ;
#1341 = FACE_OUTER_BOUND ( 'NONE', #6676, .T. ) ;
#1342 = CIRCLE ( 'NONE', #3701, 1.000000000000000000 ) ;
#1343 = ORIENTED_EDGE ( 'NONE', *, *, #3777, .F. ) ;
#1344 = CARTESIAN_POINT ( 'NONE',  ( -0.1676550930108601511, -4.832344906989139766, -72.35453806259094733 ) ) ;
#1345 = EDGE_LOOP ( 'NONE', ( #4761, #7435, #4781, #1777 ) ) ;
#1346 = EDGE_CURVE ( 'NONE', #5285, #8363, #6279, .T. ) ;
#1347 = CARTESIAN_POINT ( 'NONE',  ( -0.6335913640883368281, -4.366408635911663616, -114.1061995511577862 ) ) ;
#1348 = CARTESIAN_POINT ( 'NONE',  ( -0.3138588208043030514, -4.686141179195698392, -82.96532131222956252 ) ) ;
#1349 = CARTESIAN_POINT ( 'NONE',  ( 0.008042224640664976526, -4.991957775359335159, -35.29246587454773021 ) ) ;
#1350 = CARTESIAN_POINT ( 'NONE',  ( 1.136906711513339108, -3.863093288486661780, -120.3711891356230268 ) ) ;
#1351 = DIRECTION ( 'NONE',  ( 1.000000000000000000, 0.000000000000000000, 0.000000000000000000 ) ) ;
#1352 = CARTESIAN_POINT ( 'NONE',  ( -0.1593231317747715592, -4.840676868225228802, -80.14678058429960572 ) ) ;
#1353 = CARTESIAN_POINT ( 'NONE',  ( -0.9582157396373303104, -4.041784260362668135, -53.97622534969822539 ) ) ;
#1354 = VERTEX_POINT ( 'NONE', #1932 ) ;
#1355 = VERTEX_POINT ( 'NONE', #1320 ) ;
#1356 = EDGE_CURVE ( 'NONE', #956, #3714, #6329, .T. ) ;
#1357 = DIRECTION ( 'NONE',  ( -0.000000000000000000, -0.000000000000000000, 1.000000000000000000 ) ) ;
#1358 = CARTESIAN_POINT ( 'NONE',  ( 0.000000000000000000, 0.000000000000000000, -103.7500000000000000 ) ) ;
#1359 = CARTESIAN_POINT ( 'NONE',  ( -5.000000000000007105, 5.907101895033082199E-15, -73.35315646955162094 ) ) ;
#1360 = APPROVAL ( #7856, 'UNSPECIFIED' ) ;
#1361 = CARTESIAN_POINT ( 'NONE',  ( -3.863093288486651566, -1.136906711513350210, -4.628810864376921685 ) ) ;
#1362 = CARTESIAN_POINT ( 'NONE',  ( -5.000000000000285105, 2.852501778065482102E-13, -13.00000000000021316 ) ) ;
#1363 = VERTEX_POINT ( 'NONE', #2628 ) ;
#1364 = DIRECTION ( 'NONE',  ( 0.7071067811865477948, -0.7071067811865473507, 0.000000000000000000 ) ) ;
#1365 = TOROIDAL_SURFACE ( 'NONE', #494, 1.000000000000000000, 4.000000000000000000 ) ;
#1366 = ADVANCED_FACE ( 'NONE', ( #6937 ), #2764, .T. ) ;
#1367 = ORIENTED_EDGE ( 'NONE', *, *, #8523, .T. ) ;
#1368 = CARTESIAN_POINT ( 'NONE',  ( -0.9999999999999993339, 1.224646799147353207E-16, -86.50000000000000000 ) ) ;
#1369 = CARTESIAN_POINT ( 'NONE',  ( 0.000000000000000000, 0.000000000000000000, -20.49999999999999645 ) ) ;
#1370 = AXIS2_PLACEMENT_3D ( 'NONE', #2934, #7148, #7010 ) ;
#1371 = CARTESIAN_POINT ( 'NONE',  ( -4.748219996434698942, -0.2517800035653024460, -50.09116362763015218 ) ) ;
#1372 = ORIENTED_EDGE ( 'NONE', *, *, #4181, .F. ) ;
#1373 = CARTESIAN_POINT ( 'NONE',  ( -3.862796825714239546, -1.137203174285761786, -103.8710011628826066 ) ) ;
#1374 = CARTESIAN_POINT ( 'NONE',  ( -5.000000000000281553, 2.811725620256466210E-13, -79.00000000000021316 ) ) ;
#1375 = CARTESIAN_POINT ( 'NONE',  ( -0.6335913640883067410, -4.366408635911693814, -92.10619955115775781 ) ) ;
#1376 = VERTEX_POINT ( 'NONE', #8237 ) ;
#1377 = EDGE_CURVE ( 'NONE', #6823, #6223, #7462, .T. ) ;
#1378 = CIRCLE ( 'NONE', #6524, 4.000000000000000000 ) ;
#1379 = CARTESIAN_POINT ( 'NONE',  ( 0.9999999999999993339, 0.000000000000000000, -97.49999999999998579 ) ) ;
#1380 = DIRECTION ( 'NONE',  ( 0.000000000000000000, -1.000000000000000000, 0.000000000000000000 ) ) ;
#1381 = DIRECTION ( 'NONE',  ( 0.000000000000000000, -1.000000000000000000, 0.000000000000000000 ) ) ;
#1382 = CARTESIAN_POINT ( 'NONE',  ( -5.000000000000283329, 2.837136602470240626E-13, -18.50000000000020961 ) ) ;
#1383 = CARTESIAN_POINT ( 'NONE',  ( 0.3138588208043033290, -4.686141179195698392, -110.4653213122295483 ) ) ;
#1384 = AXIS2_PLACEMENT_3D ( 'NONE', #6977, #1405, #676 ) ;
#1385 = ORIENTED_EDGE ( 'NONE', *, *, #3930, .F. ) ;
#1386 = DIRECTION ( 'NONE',  ( -0.000000000000000000, -0.000000000000000000, 1.000000000000000000 ) ) ;
#1387 = VERTEX_POINT ( 'NONE', #6899 ) ;
#1388 = AXIS2_PLACEMENT_3D ( 'NONE', #132, #7066, #2107 ) ;
#1389 = EDGE_CURVE ( 'NONE', #3989, #1179, #6808, .T. ) ;
#1390 = AXIS2_PLACEMENT_3D ( 'NONE', #5569, #2074, #3640 ) ;
#1391 = CARTESIAN_POINT ( 'NONE',  ( -5.000000000000285105, 2.853331553957207015E-13, -40.50000000000021316 ) ) ;
#1392 = CARTESIAN_POINT ( 'NONE',  ( -0.06404366728014440624, -4.935956332719857897, -24.72559813401497664 ) ) ;
#1393 = CARTESIAN_POINT ( 'NONE',  ( 0.000000000000000000, 0.000000000000000000, -13.00000000000000355 ) ) ;
#1394 = DIRECTION ( 'NONE',  ( 1.000000000000000000, 0.000000000000000000, 0.000000000000000000 ) ) ;
#1395 = DIRECTION ( 'NONE',  ( -0.000000000000000000, -0.000000000000000000, 1.000000000000000000 ) ) ;
#1396 = AXIS2_PLACEMENT_3D ( 'NONE', #6091, #2602, #4029 ) ;
#1397 = CARTESIAN_POINT ( 'NONE',  ( -0.1676550930162429565, -4.832344906983758293, -77.85453806257376641 ) ) ;
#1398 = CARTESIAN_POINT ( 'NONE',  ( 4.872131520502830604, -0.1278684794971703953, -36.00740203054003530 ) ) ;
#1399 = ORIENTED_EDGE ( 'NONE', *, *, #841, .F. ) ;
#1400 = DIRECTION ( 'NONE',  ( -0.000000000000000000, -0.000000000000000000, 1.000000000000000000 ) ) ;
#1401 = VERTEX_POINT ( 'NONE', #5780 ) ;
#1402 = DIRECTION ( 'NONE',  ( 1.000000000000000000, 0.000000000000000000, 0.000000000000000000 ) ) ;
#1403 = DIRECTION ( 'NONE',  ( -1.000000000000000000, 1.224646799147353207E-16, 0.000000000000000000 ) ) ;
#1404 = CARTESIAN_POINT ( 'NONE',  ( -0.1278684795020899323, -4.872131520497910095, -110.9925979694417464 ) ) ;
#1405 = DIRECTION ( 'NONE',  ( 0.000000000000000000, -1.000000000000000000, 0.000000000000000000 ) ) ;
#1406 = CARTESIAN_POINT ( 'NONE',  ( -4.359730172326965025, -0.6402698276730349747, -4.101434051222929256 ) ) ;
#1407 = CARTESIAN_POINT ( 'NONE',  ( 0.6401341107464953994, -4.359865889253504712, -32.89874954628008652 ) ) ;
#1408 = VERTEX_POINT ( 'NONE', #7852 ) ;
#1409 = APPROVAL_STATUS ( 'not_yet_approved' ) ;
#1410 = EDGE_CURVE ( 'NONE', #8569, #7762, #4678, .T. ) ;
#1411 = CIRCLE ( 'NONE', #3195, 1.000000000000000000 ) ;
#1412 = LOCAL_TIME ( 21, 14, 1.000000000000000000, #8320 ) ;
#1413 = DIRECTION ( 'NONE',  ( -1.000000000000000000, 1.224646799147353454E-16, 0.000000000000000000 ) ) ;
#1414 = CARTESIAN_POINT ( 'NONE',  ( 0.9582157396373296443, -4.041784260362669023, -53.97622534969822539 ) ) ;
#1415 = CARTESIAN_POINT ( 'NONE',  ( 4.872131520502826163, -0.1278684794971735594, -25.00740203054002464 ) ) ;
#1416 = VERTEX_POINT ( 'NONE', #8544 ) ;
#1417 = CIRCLE ( 'NONE', #4213, 1.000000000000000000 ) ;
#1418 = CARTESIAN_POINT ( 'NONE',  ( -4.991957775357460214, -0.008042224642539145749, -106.2075341254273582 ) ) ;
#1419 = CARTESIAN_POINT ( 'NONE',  ( 3.671958834454342124, -1.328041165545657876, -43.25000000000000711 ) ) ;
#1420 = AXIS2_PLACEMENT_3D ( 'NONE', #5731, #6326, #171 ) ;
#1421 = CARTESIAN_POINT ( 'NONE',  ( 0.000000000000000000, 0.000000000000000000, -70.75000000000000000 ) ) ;
#1422 = ADVANCED_FACE ( 'NONE', ( #7166 ), #4522, .T. ) ;
#1423 = CARTESIAN_POINT ( 'NONE',  ( -0.4915337874217825531, -4.508466212578217558, -58.89376480693212557 ) ) ;
#1424 = CIRCLE ( 'NONE', #3496, 1.000000000000000000 ) ;
#1425 = EDGE_LOOP ( 'NONE', ( #7909, #5573, #704 ) ) ;
#1426 = CARTESIAN_POINT ( 'NONE',  ( -0.3138588208043393002, -4.686141179195662865, -104.9653213122294915 ) ) ;
#1427 = AXIS2_PLACEMENT_3D ( 'NONE', #1694, #4500, #1010 ) ;
#1428 = CIRCLE ( 'NONE', #3502, 0.9999999999999993339 ) ;
#1429 = DIRECTION ( 'NONE',  ( -0.000000000000000000, -0.000000000000000000, 1.000000000000000000 ) ) ;
#1430 = CARTESIAN_POINT ( 'NONE',  ( 0.04063066961489664175, -4.959369330385103858, -61.91386551654449732 ) ) ;
#1431 = CARTESIAN_POINT ( 'NONE',  ( 4.748219996434698942, -0.2517800035653027235, -28.09116362763014862 ) ) ;
#1432 = CARTESIAN_POINT ( 'NONE',  ( 2.500000000000000000, -2.500000000000000000, 8.000000000000007105 ) ) ;
#1433 = CARTESIAN_POINT ( 'NONE',  ( 0.7176137099645706341, -4.282386290035427479, -109.7977712695794139 ) ) ;
#1434 = ADVANCED_FACE ( 'NONE', ( #8451 ), #174, .T. ) ;
#1435 = ORIENTED_EDGE ( 'NONE', *, *, #6288, .F. ) ;
#1436 = CARTESIAN_POINT ( 'NONE',  ( -8.178103105740270760E-16, -4.999999999999999112, -18.35274279211299486 ) ) ;
#1437 = ORIENTED_EDGE ( 'NONE', *, *, #3080, .T. ) ;
#1438 = TOROIDAL_SURFACE ( 'NONE', #7768, 1.000000000000000000, 3.999999999999996447 ) ;
#1439 = AXIS2_PLACEMENT_3D ( 'NONE', #5280, #6798, #2424 ) ;
#1440 = CARTESIAN_POINT ( 'NONE',  ( -3.671958834454332354, -1.328041165545667868, -4.750000000000001776 ) ) ;
#1441 = CARTESIAN_POINT ( 'NONE',  ( -0.03993437491367320125, -4.960065625086328644, -35.58131021350184398 ) ) ;
#1442 = CARTESIAN_POINT ( 'NONE',  ( 0.000000000000000000, 0.000000000000000000, -79.00000000000000000 ) ) ;
#1443 = CARTESIAN_POINT ( 'NONE',  ( 3.671958834454343013, -1.328041165545656987, -87.25000000000000000 ) ) ;
#1444 = DIRECTION ( 'NONE',  ( -1.000000000000000000, 1.224646799147352961E-16, 0.000000000000000000 ) ) ;
#1445 = CARTESIAN_POINT ( 'NONE',  ( 0.06459124882788715161, -4.935408751172113639, -72.77165234915618441 ) ) ;
#1446 = CARTESIAN_POINT ( 'NONE',  ( 0.000000000000000000, 0.000000000000000000, -40.50000000000000711 ) ) ;
#1447 = EDGE_CURVE ( 'NONE', #7468, #316, #5838, .T. ) ;
#1448 = ORIENTED_EDGE ( 'NONE', *, *, #5867, .F. ) ;
#1449 = CARTESIAN_POINT ( 'NONE',  ( 5.000000000000281553, 2.809514862196180954E-13, -101.0000000000002132 ) ) ;
#1450 = ORIENTED_EDGE ( 'NONE', *, *, #269, .T. ) ;
#1451 = CARTESIAN_POINT ( 'NONE',  ( 0.000000000000000000, 0.000000000000000000, -4.750000000000001776 ) ) ;
#1452 = CARTESIAN_POINT ( 'NONE',  ( 0.000000000000000000, 0.000000000000000000, -77.00000000000000000 ) ) ;
#1453 = CARTESIAN_POINT ( 'NONE',  ( 0.2608011983036451209, -4.739198801696355545, -94.09076228219164761 ) ) ;
#1454 = DIRECTION ( 'NONE',  ( -0.000000000000000000, -0.000000000000000000, 1.000000000000000000 ) ) ;
#1455 = CARTESIAN_POINT ( 'NONE',  ( 0.4321793203679884510, -4.567820679632012215, -55.22657376276972485 ) ) ;
#1456 = CARTESIAN_POINT ( 'NONE',  ( 0.008301598520832216208, -4.991698401479168545, -34.70374637061712519 ) ) ;
#1457 = ORIENTED_EDGE ( 'NONE', *, *, #3182, .F. ) ;
#1458 = DATE_AND_TIME ( #4313, #2293 ) ;
#1459 = VERTEX_POINT ( 'NONE', #8589 ) ;
#1460 = ADVANCED_FACE ( 'NONE', ( #3627 ), #3359, .T. ) ;
#1461 = CARTESIAN_POINT ( 'NONE',  ( -4.041784260359809089, -0.9582157396401908001, -87.52377465029931614 ) ) ;
#1462 = DIRECTION ( 'NONE',  ( -0.000000000000000000, -0.000000000000000000, 1.000000000000000000 ) ) ;
#1463 = B_SPLINE_CURVE_WITH_KNOTS ( 'NONE', 3,
 ( #7431, #6301, #7569, #4234, #5309, #5448, #1914, #2653, #3203, #8261, #1955, #2815 ),
 .UNSPECIFIED., .F., .F.,
 ( 4, 2, 2, 2, 2, 4 ),
 ( 0.003504634718750467091, 0.003941423334025318144, 0.004378211949300169631, 0.005251789179849871737, 0.006125366410399573844, 0.006998943640949276818 ),
 .UNSPECIFIED. ) ;
#1464 = CARTESIAN_POINT ( 'NONE',  ( 4.999999999999991118, -1.004771657856732577E-14, -24.14725720788726449 ) ) ;
#1465 = ORIENTED_EDGE ( 'NONE', *, *, #4432, .F. ) ;
#1466 = CARTESIAN_POINT ( 'NONE',  ( 0.6401341107417171106, -4.359865889258282223, -115.3987495462865667 ) ) ;
#1467 = DIRECTION ( 'NONE',  ( -0.000000000000000000, -0.000000000000000000, 1.000000000000000000 ) ) ;
#1468 = CARTESIAN_POINT ( 'NONE',  ( 0.2608011983036803150, -4.739198801696320018, -88.59076228219156235 ) ) ;
#1469 = CARTESIAN_POINT ( 'NONE',  ( -0.03993437491706416931, -4.960065625082936691, -57.58131021352449608 ) ) ;
#1470 = DIRECTION ( 'NONE',  ( 1.000000000000000000, 0.000000000000000000, 0.000000000000000000 ) ) ;
#1471 = EDGE_CURVE ( 'NONE', #2088, #6662, #8112, .T. ) ;
#1472 = CARTESIAN_POINT ( 'NONE',  ( -1.000000000000000000, 1.224646799147353207E-16, -84.50000000000000000 ) ) ;
#1473 = CARTESIAN_POINT ( 'NONE',  ( 1.137203174285770224, -3.862796825714228000, -120.1289988371174218 ) ) ;
#1474 = CARTESIAN_POINT ( 'NONE',  ( -3.671958834454339016, -1.328041165545661206, -15.75000000000000000 ) ) ;
#1475 = CARTESIAN_POINT ( 'NONE',  ( 0.000000000000000000, 0.000000000000000000, -65.24999999999998579 ) ) ;
#1476 = ORIENTED_EDGE ( 'NONE', *, *, #2676, .F. ) ;
#1477 = CARTESIAN_POINT ( 'NONE',  ( -4.935408751172079000, -0.06459124882792090239, -13.72834765084402875 ) ) ;
#1478 = VERTEX_POINT ( 'NONE', #911 ) ;
#1479 = CIRCLE ( 'NONE', #7663, 4.000000000000000000 ) ;
#1480 = EDGE_CURVE ( 'NONE', #8206, #2432, #1285, .T. ) ;
#1481 = CARTESIAN_POINT ( 'NONE',  ( 0.000000000000000000, -5.000000000000000000, -29.49999999997211830 ) ) ;
#1482 = CARTESIAN_POINT ( 'NONE',  ( -0.9582157396373303104, -4.041784260362668135, -37.47622534969822539 ) ) ;
#1483 = FACE_OUTER_BOUND ( 'NONE', #1976, .T. ) ;
#1484 = AXIS2_PLACEMENT_3D ( 'NONE', #7089, #790, #5758 ) ;
#1485 = CARTESIAN_POINT ( 'NONE',  ( -1.000000000000000000, 2.449293598294706907E-16, -4.000000000000000000 ) ) ;
#1486 = DIRECTION ( 'NONE',  ( -0.000000000000000000, -0.000000000000000000, 1.000000000000000000 ) ) ;
#1487 = CARTESIAN_POINT ( 'NONE',  ( 0.000000000000000000, 0.000000000000000000, -5.500000000000000000 ) ) ;
#1488 = CARTESIAN_POINT ( 'NONE',  ( 4.999999999999992006, -9.243388209070470239E-15, -35.14725720788727159 ) ) ;
#1489 = ORIENTED_EDGE ( 'NONE', *, *, #4510, .T. ) ;
#1490 = CARTESIAN_POINT ( 'NONE',  ( 0.000000000000000000, 0.000000000000000000, -18.50000000000000355 ) ) ;
#1491 = VERTEX_POINT ( 'NONE', #5695 ) ;
#1492 = TOROIDAL_SURFACE ( 'NONE', #6641, 1.000000000000000000, 3.999999999999996447 ) ;
#1493 = DIRECTION ( 'NONE',  ( 1.000000000000000000, 0.000000000000000000, 0.000000000000000000 ) ) ;
#1494 = DIRECTION ( 'NONE',  ( -0.000000000000000000, -0.000000000000000000, 1.000000000000000000 ) ) ;
#1495 = CARTESIAN_POINT ( 'NONE',  ( 0.000000000000000000, -5.000000000000000000, -111.9999999999722036 ) ) ;
#1496 = CARTESIAN_POINT ( 'NONE',  ( 4.832344906989097133, -0.1676550930109028115, -52.64546193740919477 ) ) ;
#1497 = CARTESIAN_POINT ( 'NONE',  ( 9.262305278225770263E-16, -4.999999999999999112, -18.64684353044862419 ) ) ;
#1498 = CARTESIAN_POINT ( 'NONE',  ( 0.000000000000000000, 0.000000000000000000, -48.00000000000000000 ) ) ;
#1499 = VERTEX_POINT ( 'NONE', #7810 ) ;
#1500 = SHAPE_DEFINITION_REPRESENTATION ( #3383, #8935 ) ;
#1501 = ORIENTED_EDGE ( 'NONE', *, *, #6991, .T. ) ;
#1502 = CARTESIAN_POINT ( 'NONE',  ( -4.959369330385070107, -0.04063066961493041335, -118.0861344834556945 ) ) ;
#1503 = CARTESIAN_POINT ( 'NONE',  ( 4.282386290039718268, -0.7176137099602819536, -75.70222873041528544 ) ) ;
#1504 = AXIS2_PLACEMENT_3D ( 'NONE', #5345, #1712, #2644 ) ;
#1505 = FACE_OUTER_BOUND ( 'NONE', #1968, .T. ) ;
#1506 = EDGE_LOOP ( 'NONE', ( #8958, #871, #6333, #5029 ) ) ;
#1507 = B_SPLINE_CURVE_WITH_KNOTS ( 'NONE', 3,
 ( #8558, #2254, #5063, #4880, #2392, #4506, #5795, #4460, #7319, #1016, #6523, #7265, #966, #8604 ),
 .UNSPECIFIED., .F., .F.,
 ( 4, 2, 2, 2, 2, 2, 4 ),
 ( 4.818711198669689751E-07, 0.0008763243365552809798, 0.001314245569273000827, 0.001752166801990720892, 0.002190088034708440740, 0.002628009267426160804, 0.003503851732861640398 ),
 .UNSPECIFIED. ) ;
#1508 = CARTESIAN_POINT ( 'NONE',  ( 0.4974474678478205125, -4.502552532152180653, -115.6132724230717912 ) ) ;
#1509 = CARTESIAN_POINT ( 'NONE',  ( -3.863136006094629149, -1.136863993905370629, -81.62878377920267781 ) ) ;
#1510 = CARTESIAN_POINT ( 'NONE',  ( 0.6401341107465310376, -4.359865889253468296, -87.89874954628004389 ) ) ;
#1511 = CARTESIAN_POINT ( 'NONE',  ( -0.008042224640654392978, -4.991957775359346705, -90.29246587454757389 ) ) ;
#1512 = ADVANCED_FACE ( 'NONE', ( #1549 ), #7253, .F. ) ;
#1513 = CARTESIAN_POINT ( 'NONE',  ( -0.2608011983036800929, -4.739198801696320018, -105.0907622821915623 ) ) ;
#1514 = VECTOR ( 'NONE', #2417, 1000.000000000000000 ) ;
#1515 = AXIS2_PLACEMENT_3D ( 'NONE', #5679, #3662, #1444 ) ;
#1516 = DIRECTION ( 'NONE',  ( 1.000000000000000000, 0.000000000000000000, 0.000000000000000000 ) ) ;
#1517 = CARTESIAN_POINT ( 'NONE',  ( 1.000000000000000000, 0.000000000000000000, -95.50000000000000000 ) ) ;
#1518 = CARTESIAN_POINT ( 'NONE',  ( 3.862796825714234661, -1.137203174285765561, -26.87100116288255336 ) ) ;
#1519 = DIRECTION ( 'NONE',  ( 1.224646799147353207E-16, 1.000000000000000000, 0.000000000000000000 ) ) ;
#1520 = DIRECTION ( 'NONE',  ( -0.000000000000000000, -0.000000000000000000, 1.000000000000000000 ) ) ;
#1521 = ORIENTED_EDGE ( 'NONE', *, *, #7381, .T. ) ;
#1522 = CARTESIAN_POINT ( 'NONE',  ( -4.832344906989096245, -0.1676550930109043658, -14.14546193740919833 ) ) ;
#1523 = AXIS2_PLACEMENT_3D ( 'NONE', #720, #4306, #8445 ) ;
#1524 = EDGE_CURVE ( 'NONE', #422, #7126, #6591, .T. ) ;
#1525 = VERTEX_POINT ( 'NONE', #5368 ) ;
#1526 = B_SPLINE_CURVE_WITH_KNOTS ( 'NONE', 3,
 ( #8973, #3378, #7511, #1905, #7601, #2682, #7645, #1858, #7467, #3975, #8937, #8839 ),
 .UNSPECIFIED., .F., .F.,
 ( 4, 2, 2, 2, 2, 4 ),
 ( 0.003504634718750202545, 0.003941423334025086558, 0.004378211949299970138, 0.005251789179849738164, 0.006125366410399506190, 0.006998943640949273348 ),
 .UNSPECIFIED. ) ;
#1527 = EDGE_CURVE ( 'NONE', #8682, #8308, #4367, .T. ) ;
#1528 = CIRCLE ( 'NONE', #3309, 3.904737509655567873 ) ;
#1529 = CARTESIAN_POINT ( 'NONE',  ( -0.03993437491367648334, -4.960065625086322427, -112.5813102135018227 ) ) ;
#1530 = CIRCLE ( 'NONE', #2718, 3.904737509655567429 ) ;
#1531 = AXIS2_PLACEMENT_3D ( 'NONE', #654, #5487, #2649 ) ;
#1532 = CARTESIAN_POINT ( 'NONE',  ( -0.008042224642554871017, -4.991957775357444227, -24.29246587457292250 ) ) ;
#1533 = CARTESIAN_POINT ( 'NONE',  ( 5.000000000000285105, 2.852467898815543462E-13, -13.00000000000021316 ) ) ;
#1534 = CARTESIAN_POINT ( 'NONE',  ( 0.000000000000000000, -5.000000000000000000, -67.99999999997220357 ) ) ;
#1535 = CARTESIAN_POINT ( 'NONE',  ( 0.04063066961833027013, -4.959369330381669272, -78.41386551652185233 ) ) ;
#1536 = DIRECTION ( 'NONE',  ( -0.000000000000000000, -0.000000000000000000, 1.000000000000000000 ) ) ;
#1537 = CARTESIAN_POINT ( 'NONE',  ( 4.686141179201310791, -0.3138588207986893752, -91.53467868775796035 ) ) ;
#1538 = ORIENTED_EDGE ( 'NONE', *, *, #8724, .F. ) ;
#1539 = CARTESIAN_POINT ( 'NONE',  ( 0.4915337874217836633, -4.508466212578218446, -25.89376480693213267 ) ) ;
#1540 = CIRCLE ( 'NONE', #8446, 3.999999999999996447 ) ;
#1541 = EDGE_CURVE ( 'NONE', #241, #3119, #8336, .T. ) ;
#1542 = EDGE_LOOP ( 'NONE', ( #3697, #3567, #5509, #7953 ) ) ;
#1543 = AXIS2_PLACEMENT_3D ( 'NONE', #3007, #4387, #5846 ) ;
#1544 = CARTESIAN_POINT ( 'NONE',  ( 0.000000000000000000, 0.000000000000000000, 0.000000000000000000 ) ) ;
#1545 = TOROIDAL_SURFACE ( 'NONE', #6110, 1.000000000000000000, 4.000000000000001776 ) ;
#1546 = DIRECTION ( 'NONE',  ( 1.000000000000000000, 0.000000000000000000, 0.000000000000000000 ) ) ;
#1547 = CARTESIAN_POINT ( 'NONE',  ( -0.4974474678531454752, -4.502552532146853359, -110.1132724230630799 ) ) ;
#1548 = DIRECTION ( 'NONE',  ( 1.000000000000000000, 0.000000000000000000, 0.000000000000000000 ) ) ;
#1549 = FACE_OUTER_BOUND ( 'NONE', #5233, .T. ) ;
#1550 = AXIS2_PLACEMENT_3D ( 'NONE', #7764, #763, #2235 ) ;
#1551 = DIRECTION ( 'NONE',  ( -0.000000000000000000, -0.000000000000000000, 1.000000000000000000 ) ) ;
#1552 = ORIENTED_EDGE ( 'NONE', *, *, #2897, .T. ) ;
#1553 = APPROVAL_STATUS ( 'not_yet_approved' ) ;
#1554 = EDGE_CURVE ( 'NONE', #7468, #1179, #7727, .T. ) ;
#1555 = ORIENTED_EDGE ( 'NONE', *, *, #934, .T. ) ;
#1556 = LOCAL_TIME ( 21, 14, 1.000000000000000000, #5738 ) ;
#1557 = CIRCLE ( 'NONE', #969, 3.904737509655563876 ) ;
#1558 = CARTESIAN_POINT ( 'NONE',  ( -4.991957775357460214, -0.008042224642539145749, -89.70753412542734395 ) ) ;
#1559 = CARTESIAN_POINT ( 'NONE',  ( 1.000000000000000000, 0.000000000000000000, -101.0000000000000000 ) ) ;
#1560 = DIRECTION ( 'NONE',  ( 1.000000000000000000, 0.000000000000000000, 0.000000000000000000 ) ) ;
#1561 = ORIENTED_EDGE ( 'NONE', *, *, #4599, .T. ) ;
#1562 = DIRECTION ( 'NONE',  ( -0.000000000000000000, -0.000000000000000000, 1.000000000000000000 ) ) ;
#1563 = CARTESIAN_POINT ( 'NONE',  ( 0.000000000000000000, 0.000000000000000000, -117.5000000000000000 ) ) ;
#1564 = CARTESIAN_POINT ( 'NONE',  ( 0.000000000000000000, 0.000000000000000000, -35.00000000000000000 ) ) ;
#1565 = CARTESIAN_POINT ( 'NONE',  ( -1.137203174285781992, -3.862796825714219562, -59.62899883711747151 ) ) ;
#1566 = ADVANCED_FACE ( 'NONE', ( #6656 ), #5099, .T. ) ;
#1567 = ORIENTED_EDGE ( 'NONE', *, *, #4423, .F. ) ;
#1568 = CARTESIAN_POINT ( 'NONE',  ( 0.000000000000000000, 0.000000000000000000, -26.75000000000000355 ) ) ;
#1569 = APPROVAL_PERSON_ORGANIZATION ( #8133, #6714, #1689 ) ;
#1570 = AXIS2_PLACEMENT_3D ( 'NONE', #8775, #5230, #1093 ) ;
#1571 = AXIS2_PLACEMENT_3D ( 'NONE', #6434, #4413, #5102 ) ;
#1572 = DIRECTION ( 'NONE',  ( 1.000000000000000000, 0.000000000000000000, 0.000000000000000000 ) ) ;
#1573 = CIRCLE ( 'NONE', #662, 2.000000000000001776 ) ;
#1574 = CARTESIAN_POINT ( 'NONE',  ( 0.9582157396402132266, -4.041784260359785996, -119.9762253497006839 ) ) ;
#1575 = CARTESIAN_POINT ( 'NONE',  ( 1.328041165545665425, -3.671958834454334575, -48.75000000000000000 ) ) ;
#1576 = CARTESIAN_POINT ( 'NONE',  ( 0.000000000000000000, 0.000000000000000000, -101.0000000000000000 ) ) ;
#1577 = EDGE_LOOP ( 'NONE', ( #746, #5862, #4622, #7226 ) ) ;
#1578 = CARTESIAN_POINT ( 'NONE',  ( -4.959369330385070107, -0.04063066961493041335, -90.58613448345569452 ) ) ;
#1579 = VERTEX_POINT ( 'NONE', #2478 ) ;
#1580 = CIRCLE ( 'NONE', #6728, 0.9999999999999993339 ) ;
#1581 = AXIS2_PLACEMENT_3D ( 'NONE', #5126, #7239, #2596 ) ;
#1582 = CARTESIAN_POINT ( 'NONE',  ( -3.863136006094622932, -1.136863993905377290, -26.62878377920271333 ) ) ;
#1583 = CARTESIAN_POINT ( 'NONE',  ( 0.9582157396373358615, -4.041784260362662806, -48.47622534969823249 ) ) ;
#1584 = EDGE_CURVE ( 'NONE', #1459, #3942, #400, .T. ) ;
#1585 = FACE_OUTER_BOUND ( 'NONE', #3579, .T. ) ;
#1586 = DIRECTION ( 'NONE',  ( -0.000000000000000000, -0.000000000000000000, 1.000000000000000000 ) ) ;
#1587 = CARTESIAN_POINT ( 'NONE',  ( -0.1676550930108558213, -4.832344906989145095, -11.85453806259096332 ) ) ;
#1588 = DIRECTION ( 'NONE',  ( -0.000000000000000000, -0.000000000000000000, 1.000000000000000000 ) ) ;
#1589 = B_SPLINE_CURVE_WITH_KNOTS ( 'NONE', 3,
 ( #2722, #2032, #7642, #8372, #2071, #6987, #1371, #686, #3501, #43, #776, #3540 ),
 .UNSPECIFIED., .F., .F.,
 ( 4, 2, 2, 2, 2, 4 ),
 ( 0.003504634718750185632, 0.003941423334025070946, 0.004378211949299955393, 0.005251789179849725153, 0.006125366410399494914, 0.006998943640949264675 ),
 .UNSPECIFIED. ) ;
#1590 = CARTESIAN_POINT ( 'NONE',  ( -4.502552532152133580, -0.4974474678478660872, -36.88672757692827275 ) ) ;
#1591 = VERTEX_POINT ( 'NONE', #5908 ) ;
#1592 = CARTESIAN_POINT ( 'NONE',  ( -1.137203174285770002, -3.862796825714230220, -76.12899883711746440 ) ) ;
#1593 = TOROIDAL_SURFACE ( 'NONE', #4225, 1.000000000000000000, 3.999999999999996447 ) ;
#1594 = ORIENTED_EDGE ( 'NONE', *, *, #3970, .F. ) ;
#1595 = DIRECTION ( 'NONE',  ( 1.000000000000000000, 0.000000000000000000, 0.000000000000000000 ) ) ;
#1596 = CARTESIAN_POINT ( 'NONE',  ( 0.000000000000000000, 0.000000000000000000, -115.4999999999999858 ) ) ;
#1597 = ADVANCED_FACE ( 'NONE', ( #3809 ), #8771, .F. ) ;
#1598 = CARTESIAN_POINT ( 'NONE',  ( 0.4974474678531453642, -4.502552532146853359, -93.61327242306309415 ) ) ;
#1599 = CARTESIAN_POINT ( 'NONE',  ( 0.000000000000000000, 0.000000000000000000, 0.000000000000000000 ) ) ;
#1600 = CARTESIAN_POINT ( 'NONE',  ( 0.1593231317747713927, -4.840676868225228802, -91.14678058429960572 ) ) ;
#1601 = EDGE_LOOP ( 'NONE', ( #7594, #8747, #1070 ) ) ;
#1602 = COORDINATED_UNIVERSAL_TIME_OFFSET ( 3, 30, .AHEAD. ) ;
#1603 = EDGE_LOOP ( 'NONE', ( #2729, #4784, #8321 ) ) ;
#1604 = CARTESIAN_POINT ( 'NONE',  ( 0.000000000000000000, 0.000000000000000000, 0.000000000000000000 ) ) ;
#1605 = EDGE_CURVE ( 'NONE', #3284, #8079, #6249, .T. ) ;
#1606 = CARTESIAN_POINT ( 'NONE',  ( 4.935408751172076336, -0.06459124882792298405, -74.22834765084402875 ) ) ;
#1607 = DIRECTION ( 'NONE',  ( -0.000000000000000000, -0.000000000000000000, 1.000000000000000000 ) ) ;
#1608 = VERTEX_POINT ( 'NONE', #2426 ) ;
#1609 = CARTESIAN_POINT ( 'NONE',  ( 0.9999999999999995559, 0.000000000000000000, 0.000000000000000000 ) ) ;
#1610 = CARTESIAN_POINT ( 'NONE',  ( 4.840676868219843776, -0.1593231317801557245, -72.35321941568363968 ) ) ;
#1611 = CARTESIAN_POINT ( 'NONE',  ( 0.9999999999999993339, 0.000000000000000000, -26.00000000000000000 ) ) ;
#1612 = CARTESIAN_POINT ( 'NONE',  ( -0.06459124882788699895, -4.935408751172113639, -116.7716523491561560 ) ) ;
#1613 = VERTEX_POINT ( 'NONE', #6609 ) ;
#1614 = CARTESIAN_POINT ( 'NONE',  ( 0.9582157396373277569, -4.041784260362672576, -103.4762253496982112 ) ) ;
#1615 = B_SPLINE_CURVE_WITH_KNOTS ( 'NONE', 3,
 ( #1640, #3074, #448, #5866, #8671, #2474, #2376, #8715, #4489, #998, #6607, #5276, #4446, #8814, #7389, #2518 ),
 .UNSPECIFIED., .F., .F.,
 ( 4, 2, 2, 2, 2, 2, 2, 4 ),
 ( 4.818711198570667364E-07, 0.0008765200830274407070, 0.001314539188981233425, 0.001752558294935025818, 0.002190577400888818211, 0.002628596506842610821, 0.003066615612796403430, 0.003504634718750196040 ),
 .UNSPECIFIED. ) ;
#1616 = ADVANCED_FACE ( 'NONE', ( #6707 ), #8036, .F. ) ;
#1617 = DIRECTION ( 'NONE',  ( -0.000000000000000000, -0.000000000000000000, 1.000000000000000000 ) ) ;
#1618 = APPLICATION_CONTEXT ( 'configuration controlled 3d designs of mechanical parts and assemblies' ) ;
#1619 = CARTESIAN_POINT ( 'NONE',  ( -0.1593231317801992730, -4.840676868219801143, -63.64678058431650953 ) ) ;
#1620 = CARTESIAN_POINT ( 'NONE',  ( 5.000000000000009770, 9.310903793574489690E-15, -12.85315646955162627 ) ) ;
#1621 = ORIENTED_EDGE ( 'NONE', *, *, #5858, .F. ) ;
#1622 = CARTESIAN_POINT ( 'NONE',  ( -0.1676550930108569037, -4.832344906989143318, -17.35453806259096510 ) ) ;
#1623 = EDGE_LOOP ( 'NONE', ( #6684, #4148, #8658 ) ) ;
#1624 = VERTEX_POINT ( 'NONE', #6011 ) ;
#1625 = CARTESIAN_POINT ( 'NONE',  ( -0.7176137099645701900, -4.282386290035430143, -49.29777126957945654 ) ) ;
#1626 = CARTESIAN_POINT ( 'NONE',  ( 1.328041165545657876, -3.671958834454342124, -43.25000000000000711 ) ) ;
#1627 = FACE_OUTER_BOUND ( 'NONE', #4381, .T. ) ;
#1628 = CARTESIAN_POINT ( 'NONE',  ( -3.671958834454342124, -1.328041165545657876, -37.75000000000000000 ) ) ;
#1629 = DIRECTION ( 'NONE',  ( 0.000000000000000000, 0.000000000000000000, -1.000000000000000000 ) ) ;
#1630 = DIRECTION ( 'NONE',  ( -0.000000000000000000, -0.000000000000000000, 1.000000000000000000 ) ) ;
#1631 = ORIENTED_EDGE ( 'NONE', *, *, #4228, .F. ) ;
#1632 = CARTESIAN_POINT ( 'NONE',  ( 0.000000000000000000, -5.000000000000000000, -24.00000000000000711 ) ) ;
#1633 = B_SPLINE_CURVE_WITH_KNOTS ( 'NONE', 3,
 ( #4017, #6175, #1169, #1250, #1296, #8341, #2593, #5571, #2037, #4659, #6820, #8887, #4068, #6129, #4750, #520 ),
 .UNSPECIFIED., .F., .F.,
 ( 4, 2, 2, 2, 2, 2, 2, 4 ),
 ( 4.818711199175747468E-07, 0.0008765200830206747434, 0.001314539188971052550, 0.001752558294921430790, 0.002190577400871808380, 0.002628596506822186187, 0.003066615612772564427, 0.003504634718722942233 ),
 .UNSPECIFIED. ) ;
#1634 = ORIENTED_EDGE ( 'NONE', *, *, #2124, .T. ) ;
#1635 = EDGE_CURVE ( 'NONE', #5133, #1613, #1138, .T. ) ;
#1636 = TOROIDAL_SURFACE ( 'NONE', #8549, 1.000000000000000000, 4.000000000000000000 ) ;
#1637 = DIRECTION ( 'NONE',  ( 1.000000000000000000, 0.000000000000000000, 0.000000000000000000 ) ) ;
#1638 = AXIS2_PLACEMENT_3D ( 'NONE', #2821, #4156, #8422 ) ;
#1639 = CARTESIAN_POINT ( 'NONE',  ( 0.000000000000000000, 0.000000000000000000, -120.2499999999999858 ) ) ;
#1640 = CARTESIAN_POINT ( 'NONE',  ( -3.671958834454336351, -1.328041165545663871, -10.25000000000000178 ) ) ;
#1641 = CARTESIAN_POINT ( 'NONE',  ( 0.7176137099602427627, -4.282386290039759125, -54.79777126958476430 ) ) ;
#1642 = CARTESIAN_POINT ( 'NONE',  ( -0.1278684794971282346, -4.872131520502871460, -22.99259796946014589 ) ) ;
#1643 = ORIENTED_EDGE ( 'NONE', *, *, #5387, .T. ) ;
#1644 = DATE_AND_TIME ( #6612, #8767 ) ;
#1645 = ORIENTED_EDGE ( 'NONE', *, *, #2697, .T. ) ;
#1646 = AXIS2_PLACEMENT_3D ( 'NONE', #1490, #860, #2279 ) ;
#1647 = ADVANCED_FACE ( 'NONE', ( #7490 ), #5322, .F. ) ;
#1648 = EDGE_CURVE ( 'NONE', #1387, #1416, #1763, .T. ) ;
#1649 = DIRECTION ( 'NONE',  ( 1.000000000000000000, 0.000000000000000000, 0.000000000000000000 ) ) ;
#1650 = CARTESIAN_POINT ( 'NONE',  ( 3.863136006094629149, -1.136863993905370185, -70.62878377920269202 ) ) ;
#1651 = EDGE_LOOP ( 'NONE', ( #5903, #4292, #3655, #4951 ) ) ;
#1652 = CARTESIAN_POINT ( 'NONE',  ( 4.282386290039718268, -0.7176137099602819536, -108.7022287304152854 ) ) ;
#1653 = CARTESIAN_POINT ( 'NONE',  ( 0.4974474678478202905, -4.502552532152180653, -22.11327242307182317 ) ) ;
#1654 = CARTESIAN_POINT ( 'NONE',  ( 1.000000000000000000, 0.000000000000000000, -51.50000000000000711 ) ) ;
#1655 = CARTESIAN_POINT ( 'NONE',  ( 5.000000000000285105, 2.853001529572313671E-13, -29.50000000000020961 ) ) ;
#1656 = VERTEX_POINT ( 'NONE', #2615 ) ;
#1657 = FACE_OUTER_BOUND ( 'NONE', #320, .T. ) ;
#1658 = ADVANCED_FACE ( 'NONE', ( #3398 ), #990, .F. ) ;
#1659 = TOROIDAL_SURFACE ( 'NONE', #3282, 1.000000000000000000, 3.999999999999996447 ) ;
#1660 = DIRECTION ( 'NONE',  ( 1.224646799147353207E-16, 1.000000000000000000, 0.000000000000000000 ) ) ;
#1661 = CARTESIAN_POINT ( 'NONE',  ( 4.748219996434698054, -0.2517800035653025015, -66.59116362763018060 ) ) ;
#1662 = CARTESIAN_POINT ( 'NONE',  ( -0.7176137099645710782, -4.282386290035430143, -98.79777126957944233 ) ) ;
#1663 = DIRECTION ( 'NONE',  ( 1.224646799147353207E-16, 1.000000000000000000, 0.000000000000000000 ) ) ;
#1664 = VERTEX_POINT ( 'NONE', #2097 ) ;
#1665 = CARTESIAN_POINT ( 'NONE',  ( -1.328041165545656987, -3.671958834454343013, -87.25000000000000000 ) ) ;
#1666 = ORIENTED_EDGE ( 'NONE', *, *, #8724, .T. ) ;
#1667 = EDGE_CURVE ( 'NONE', #332, #2439, #5829, .T. ) ;
#1668 = AXIS2_PLACEMENT_3D ( 'NONE', #4563, #2501, #5299 ) ;
#1669 = CARTESIAN_POINT ( 'NONE',  ( -1.372193374551966056E-16, -4.999999999999999112, -13.14684353044862597 ) ) ;
#1670 = CARTESIAN_POINT ( 'NONE',  ( 0.008042224640665097957, -4.991957775359336047, -40.79246587454773731 ) ) ;
#1671 = CARTESIAN_POINT ( 'NONE',  ( 0.000000000000000000, -5.000000000000000000, -106.4999999999720046 ) ) ;
#1672 = CARTESIAN_POINT ( 'NONE',  ( -4.935408751172081665, -0.06459124882791912603, -46.72834765084402875 ) ) ;
#1673 = LINE ( 'NONE', #3940, #3632 ) ;
#1674 = CARTESIAN_POINT ( 'NONE',  ( -4.840676868219845552, -0.1593231317801558078, -116.3532194156836113 ) ) ;
#1675 = ORIENTED_EDGE ( 'NONE', *, *, #1088, .F. ) ;
#1676 = DIRECTION ( 'NONE',  ( -0.000000000000000000, -0.000000000000000000, 1.000000000000000000 ) ) ;
#1677 = ORIENTED_EDGE ( 'NONE', *, *, #7858, .F. ) ;
#1678 = ADVANCED_FACE ( 'NONE', ( #6799 ), #8193, .T. ) ;
#1679 = TOROIDAL_SURFACE ( 'NONE', #5651, 1.000000000000000000, 3.999999999999996447 ) ;
#1680 = CARTESIAN_POINT ( 'NONE',  ( -0.1676550930162053477, -4.832344906983794708, -66.85453806257386589 ) ) ;
#1681 = CARTESIAN_POINT ( 'NONE',  ( 5.000000000000285105, 2.855686632286915929E-13, -35.00000000000021316 ) ) ;
#1682 = CARTESIAN_POINT ( 'NONE',  ( 0.7176137099645694128, -4.282386290035430143, -65.79777126957945654 ) ) ;
#1683 = FACE_OUTER_BOUND ( 'NONE', #2315, .T. ) ;
#1684 = VECTOR ( 'NONE', #2249, 1000.000000000000000 ) ;
#1685 = CARTESIAN_POINT ( 'NONE',  ( -4.935956332719889872, -0.06404366728011029464, -83.77440186598522587 ) ) ;
#1686 = CARTESIAN_POINT ( 'NONE',  ( -0.04063066961489623929, -4.959369330385103858, -23.41386551654452219 ) ) ;
#1687 = EDGE_LOOP ( 'NONE', ( #8878, #8820, #8641, #8695 ) ) ;
#1688 = VECTOR ( 'NONE', #8849, 1000.000000000000000 ) ;
#1689 = APPROVAL_ROLE ( '' ) ;
#1690 = ORIENTED_EDGE ( 'NONE', *, *, #3611, .T. ) ;
#1691 = AXIS2_PLACEMENT_3D ( 'NONE', #2340, #5141, #6610 ) ;
#1692 = CARTESIAN_POINT ( 'NONE',  ( 4.935408751172076336, -0.06459124882792298405, -112.7283476508440145 ) ) ;
#1693 = CIRCLE ( 'NONE', #4059, 2.000000000000001776 ) ;
#1694 = CARTESIAN_POINT ( 'NONE',  ( 0.000000000000000000, 0.000000000000000000, -40.50000000000000711 ) ) ;
#1695 = ADVANCED_FACE ( 'NONE', ( #4898 ), #4955, .F. ) ;
#1696 = DIRECTION ( 'NONE',  ( -0.000000000000000000, -0.000000000000000000, 1.000000000000000000 ) ) ;
#1697 = ORIENTED_EDGE ( 'NONE', *, *, #2443, .T. ) ;
#1698 = CARTESIAN_POINT ( 'NONE',  ( 4.935408751172076336, -0.06459124882792298405, -107.2283476508440287 ) ) ;
#1699 = DIRECTION ( 'NONE',  ( -0.000000000000000000, -0.000000000000000000, 1.000000000000000000 ) ) ;
#1700 = AXIS2_PLACEMENT_3D ( 'NONE', #5517, #4782, #1364 ) ;
#1701 = CARTESIAN_POINT ( 'NONE',  ( 5.000000000000281553, 2.809514862196180954E-13, -73.50000000000021316 ) ) ;
#1702 = CARTESIAN_POINT ( 'NONE',  ( -1.000000000000000000, 1.224646799147353207E-16, -62.50000000000000000 ) ) ;
#1703 = ORIENTED_EDGE ( 'NONE', *, *, #6324, .T. ) ;
#1704 = CARTESIAN_POINT ( 'NONE',  ( -1.328041165545665647, -3.671958834454334575, -48.75000000000000000 ) ) ;
#1705 = TOROIDAL_SURFACE ( 'NONE', #5526, 1.000000000000000000, 4.000000000000000000 ) ;
#1706 = CARTESIAN_POINT ( 'NONE',  ( 0.9999999999999986677, 0.000000000000000000, -122.9999999999999858 ) ) ;
#1707 = EDGE_CURVE ( 'NONE', #8538, #5059, #9037, .T. ) ;
#1708 = CARTESIAN_POINT ( 'NONE',  ( 4.041784260359809089, -0.9582157396401913552, -65.52377465029930192 ) ) ;
#1709 = DIRECTION ( 'NONE',  ( 1.000000000000000000, 0.000000000000000000, 0.000000000000000000 ) ) ;
#1710 = DIRECTION ( 'NONE',  ( -1.000000000000000000, 1.224646799147353207E-16, 0.000000000000000000 ) ) ;
#1711 = ORIENTED_EDGE ( 'NONE', *, *, #1967, .T. ) ;
#1712 = DIRECTION ( 'NONE',  ( -0.000000000000000000, -0.000000000000000000, 1.000000000000000000 ) ) ;
#1713 = B_SPLINE_CURVE_WITH_KNOTS ( 'NONE', 3,
 ( #5722, #4163, #1532, #7837, #1392, #7009, #2881, #3474, #6272, #3610, #6963, #711 ),
 .UNSPECIFIED., .F., .F.,
 ( 4, 2, 2, 2, 2, 4 ),
 ( 0.003504634718750465790, 0.003941423334025322481, 0.004378211949300179172, 0.005251789179849883013, 0.006125366410399587722, 0.006998943640949290695 ),
 .UNSPECIFIED. ) ;
#1714 = ORIENTED_EDGE ( 'NONE', *, *, #7521, .F. ) ;
#1715 = ORIENTED_EDGE ( 'NONE', *, *, #1096, .F. ) ;
#1716 = CIRCLE ( 'NONE', #548, 0.9999999999999986677 ) ;
#1717 = CIRCLE ( 'NONE', #5979, 2.000000000000000000 ) ;
#1718 = CARTESIAN_POINT ( 'NONE',  ( -4.959369330385071883, -0.04063066961492873413, -24.58613448345569807 ) ) ;
#1719 = CC_DESIGN_APPROVAL ( #8347, ( #4811 ) ) ;
#1720 = CARTESIAN_POINT ( 'NONE',  ( 1.137203174284277196, -3.862796825715722804, -48.62899883711651938 ) ) ;
#1721 = FACE_OUTER_BOUND ( 'NONE', #7030, .T. ) ;
#1722 = EDGE_CURVE ( 'NONE', #7245, #7515, #3486, .T. ) ;
#1723 = CARTESIAN_POINT ( 'NONE',  ( -4.840676868219842888, -0.1593231317801557245, -94.35321941568362547 ) ) ;
#1724 = CARTESIAN_POINT ( 'NONE',  ( -5.000000000000285993, 2.863267262836209146E-13, -46.00000000000020606 ) ) ;
#1725 = CARTESIAN_POINT ( 'NONE',  ( -4.991957775357465543, -0.008042224642535390072, -45.70753412542728711 ) ) ;
#1726 = CARTESIAN_POINT ( 'NONE',  ( -3.671958834454342124, -1.328041165545657876, -37.75000000000000000 ) ) ;
#1727 = ORIENTED_EDGE ( 'NONE', *, *, #2619, .F. ) ;
#1728 = DIRECTION ( 'NONE',  ( -0.000000000000000000, -0.000000000000000000, 1.000000000000000000 ) ) ;
#1729 = AXIS2_PLACEMENT_3D ( 'NONE', #2509, #441, #1629 ) ;
#1730 = AXIS2_PLACEMENT_3D ( 'NONE', #2422, #7295, #4445 ) ;
#1731 = VERTEX_POINT ( 'NONE', #3353 ) ;
#1732 = TOROIDAL_SURFACE ( 'NONE', #2917, 1.000000000000000000, 2.000000000000000000 ) ;
#1733 = B_SPLINE_CURVE_WITH_KNOTS ( 'NONE', 3,
 ( #7283, #3062, #6637, #1028, #4568, #3834, #3016, #3792, #8021, #3741, #3658, #981, #246, #3142, #2361, #7333 ),
 .UNSPECIFIED., .F., .F.,
 ( 4, 2, 2, 2, 2, 2, 2, 4 ),
 ( 4.818711198549539186E-07, 0.0008765200830275031571, 0.001314539188981328184, 0.001752558294935152887, 0.002190577400888977806, 0.002628596506842802941, 0.003066615612796627643, 0.003504634718750452779 ),
 .UNSPECIFIED. ) ;
#1734 = DIRECTION ( 'NONE',  ( -0.7071067811865475727, -0.7071067811865475727, 0.000000000000000000 ) ) ;
#1735 = CARTESIAN_POINT ( 'NONE',  ( 1.027174832278658784E-12, -4.999999999998975930, -67.85274279208620385 ) ) ;
#1736 = AXIS2_PLACEMENT_3D ( 'NONE', #7903, #5139, #767 ) ;
#1737 = EDGE_CURVE ( 'NONE', #7500, #5039, #8625, .T. ) ;
#1738 = TOROIDAL_SURFACE ( 'NONE', #8203, 1.000000000000000000, 3.999999999999996447 ) ;
#1739 = CARTESIAN_POINT ( 'NONE',  ( 0.000000000000000000, 0.000000000000000000, -46.00000000000000000 ) ) ;
#1740 = CARTESIAN_POINT ( 'NONE',  ( 0.000000000000000000, 0.000000000000000000, 0.000000000000000000 ) ) ;
#1741 = CARTESIAN_POINT ( 'NONE',  ( 0.000000000000000000, 0.000000000000000000, -46.00000000000000000 ) ) ;
#1742 = ORIENTED_EDGE ( 'NONE', *, *, #3169, .F. ) ;
#1743 = APPROVAL_ROLE ( '' ) ;
#1744 = EDGE_LOOP ( 'NONE', ( #6116, #4773, #4611, #8029 ) ) ;
#1745 = AXIS2_PLACEMENT_3D ( 'NONE', #3201, #3796, #3020 ) ;
#1746 = CIRCLE ( 'NONE', #129, 1.000000000000000000 ) ;
#1747 = DIRECTION ( 'NONE',  ( 1.000000000000000000, 0.000000000000000000, 0.000000000000000000 ) ) ;
#1748 = CARTESIAN_POINT ( 'NONE',  ( 5.000000000000285105, 2.855686632286915929E-13, -35.00000000000021316 ) ) ;
#1749 = CARTESIAN_POINT ( 'NONE',  ( 4.991698401481079905, -0.008301598518919086830, -68.29625362935772159 ) ) ;
#1750 = VERTEX_POINT ( 'NONE', #4818 ) ;
#1751 = CARTESIAN_POINT ( 'NONE',  ( 0.1676550930108554049, -4.832344906989142430, -22.85453806259096865 ) ) ;
#1752 = CARTESIAN_POINT ( 'NONE',  ( -3.863136006094625596, -1.136863993905375292, -21.12878377920270623 ) ) ;
#1753 = B_SPLINE_CURVE_WITH_KNOTS ( 'NONE', 3,
 ( #7557, #1247, #6867, #9014, #4150, #4922, #4278, #646, #3456, #7128, #736, #1419 ),
 .UNSPECIFIED., .F., .F.,
 ( 4, 2, 2, 2, 2, 4 ),
 ( 0.003504634718750202979, 0.003941423334025087426, 0.004378211949299971872, 0.005251789179849739898, 0.006125366410399507924, 0.006998943640949276818 ),
 .UNSPECIFIED. ) ;
#1754 = ORIENTED_EDGE ( 'NONE', *, *, #2339, .F. ) ;
#1755 = CARTESIAN_POINT ( 'NONE',  ( 0.1593231317801998559, -4.840676868219799367, -8.646780584316521967 ) ) ;
#1756 = B_SPLINE_CURVE_WITH_KNOTS ( 'NONE', 3,
 ( #5661, #3547, #8560, #7041, #6346, #7824, #4329, #3647, #50, #1614, #927, #8468 ),
 .UNSPECIFIED., .F., .F.,
 ( 4, 2, 2, 2, 2, 4 ),
 ( 0.003504634718722942233, 0.003941423334001238447, 0.004378211949279535095, 0.005251789179836127523, 0.006125366410392719951, 0.006998943640949313247 ),
 .UNSPECIFIED. ) ;
#1757 = EDGE_CURVE ( 'NONE', #7854, #1190, #3412, .T. ) ;
#1758 = CARTESIAN_POINT ( 'NONE',  ( 0.000000000000000000, 0.000000000000000000, -4.000000000000000000 ) ) ;
#1759 = CARTESIAN_POINT ( 'NONE',  ( -4.567820679631962477, -0.4321793203680380224, -53.27342623723036041 ) ) ;
#1760 = FACE_OUTER_BOUND ( 'NONE', #1506, .T. ) ;
#1761 = CARTESIAN_POINT ( 'NONE',  ( 5.000000000000006217, 5.690932028285886497E-15, -100.8531564695516209 ) ) ;
#1762 = FACE_OUTER_BOUND ( 'NONE', #748, .T. ) ;
#1763 = B_SPLINE_CURVE_WITH_KNOTS ( 'NONE', 3,
 ( #3952, #6755, #3254, #6056, #8864, #2566, #1882, #4686, #8272, #7707, #6845, #8394, #1273, #8995, #8229, #8360 ),
 .UNSPECIFIED., .F., .F.,
 ( 4, 2, 2, 2, 2, 2, 2, 4 ),
 ( 4.818711198566850422E-07, 0.0008765200830274430923, 0.001314539188981235377, 0.001752558294935027986, 0.002190577400888820379, 0.002628596506842612989, 0.003066615612796405599, 0.003504634718750195607 ),
 .UNSPECIFIED. ) ;
#1764 = VERTEX_POINT ( 'NONE', #669 ) ;
#1765 = DIRECTION ( 'NONE',  ( -0.000000000000000000, -0.000000000000000000, 1.000000000000000000 ) ) ;
#1766 = EDGE_LOOP ( 'NONE', ( #342, #5952, #962 ) ) ;
#1767 = ADVANCED_FACE ( 'NONE', ( #6104 ), #4662, .T. ) ;
#1768 = CARTESIAN_POINT ( 'NONE',  ( -1.000000000000000000, 1.224646799147353207E-16, 0.000000000000000000 ) ) ;
#1769 = ADVANCED_FACE ( 'NONE', ( #1228 ), #2017, .T. ) ;
#1770 = FACE_OUTER_BOUND ( 'NONE', #6587, .T. ) ;
#1771 = CARTESIAN_POINT ( 'NONE',  ( -4.040089233413048042, -0.9599107665869511807, -59.47763427936021685 ) ) ;
#1772 = CARTESIAN_POINT ( 'NONE',  ( -1.328041165545665647, -3.671958834454334575, -59.75000000000000000 ) ) ;
#1773 = CARTESIAN_POINT ( 'NONE',  ( 0.3138588208042980554, -4.686141179195702833, -38.96532131222955542 ) ) ;
#1774 = DIRECTION ( 'NONE',  ( 1.000000000000000000, 0.000000000000000000, 0.000000000000000000 ) ) ;
#1775 = EDGE_LOOP ( 'NONE', ( #6474, #7930, #5717, #6646 ) ) ;
#1776 = CARTESIAN_POINT ( 'NONE',  ( -0.9999999999999995559, 1.224646799147352714E-16, 0.000000000000000000 ) ) ;
#1777 = ORIENTED_EDGE ( 'NONE', *, *, #9050, .F. ) ;
#1778 = EDGE_CURVE ( 'NONE', #1408, #7854, #7904, .T. ) ;
#1779 = FACE_OUTER_BOUND ( 'NONE', #7791, .T. ) ;
#1780 = CARTESIAN_POINT ( 'NONE',  ( 0.000000000000000000, 0.000000000000000000, -112.0000000000000000 ) ) ;
#1781 = CARTESIAN_POINT ( 'NONE',  ( 0.3138588208043028849, -4.686141179195698392, -66.46532131222956252 ) ) ;
#1782 = CARTESIAN_POINT ( 'NONE',  ( -5.000000000000000000, -1.505601063744518853E-15, -122.7037483383676602 ) ) ;
#1783 = CARTESIAN_POINT ( 'NONE',  ( -5.000000000000010658, 9.167966983725323352E-15, -62.35315646955161384 ) ) ;
#1784 = CARTESIAN_POINT ( 'NONE',  ( -4.991957775357460214, -0.008042224642539586368, -84.20753412542731553 ) ) ;
#1785 = DIRECTION ( 'NONE',  ( 1.000000000000000000, 0.000000000000000000, 0.000000000000000000 ) ) ;
#1786 = VERTEX_POINT ( 'NONE', #5632 ) ;
#1787 = APPROVAL_ROLE ( '' ) ;
#1788 = VERTEX_POINT ( 'NONE', #5814 ) ;
#1789 = EDGE_CURVE ( 'NONE', #6259, #7920, #117, .T. ) ;
#1790 = CIRCLE ( 'NONE', #1201, 3.999999999999996447 ) ;
#1791 = CARTESIAN_POINT ( 'NONE',  ( 4.991957775357462879, -0.008042224642537818685, -23.70753412542732264 ) ) ;
#1792 = DIRECTION ( 'NONE',  ( -0.000000000000000000, -0.000000000000000000, 1.000000000000000000 ) ) ;
#1793 = AXIS2_PLACEMENT_3D ( 'NONE', #1475, #8476, #2872 ) ;
#1794 = CARTESIAN_POINT ( 'NONE',  ( 0.000000000000000000, 0.000000000000000000, -81.74999999999998579 ) ) ;
#1795 = ORIENTED_EDGE ( 'NONE', *, *, #4940, .T. ) ;
#1796 = CARTESIAN_POINT ( 'NONE',  ( 4.959369330385074548, -0.04063066961492557694, -57.58613448345568742 ) ) ;
#1797 = DIRECTION ( 'NONE',  ( 1.000000000000000000, 0.000000000000000000, 0.000000000000000000 ) ) ;
#1798 = ORIENTED_EDGE ( 'NONE', *, *, #2965, .T. ) ;
#1799 = DIRECTION ( 'NONE',  ( -0.000000000000000000, -0.000000000000000000, 1.000000000000000000 ) ) ;
#1800 = ADVANCED_FACE ( 'NONE', ( #8436 ), #2611, .T. ) ;
#1801 = B_SPLINE_CURVE_WITH_KNOTS ( 'NONE', 3,
 ( #5459, #4092, #3355, #8957, #2663, #1966, #858, #163, #7842, #1353, #9083, #6320 ),
 .UNSPECIFIED., .F., .F.,
 ( 4, 2, 2, 2, 2, 4 ),
 ( 0.003504634718722896263, 0.003941423334001193345, 0.004378211949279490860, 0.005251789179836084155, 0.006125366410392678318, 0.006998943640949272481 ),
 .UNSPECIFIED. ) ;
#1802 = CARTESIAN_POINT ( 'NONE',  ( 4.567820679631958924, -0.4321793203680420747, -119.2734262372303391 ) ) ;
#1803 = DIRECTION ( 'NONE',  ( -0.000000000000000000, -0.000000000000000000, 1.000000000000000000 ) ) ;
#1804 = EDGE_LOOP ( 'NONE', ( #198, #3503, #2827 ) ) ;
#1805 = CARTESIAN_POINT ( 'NONE',  ( -4.502552532152134468, -0.4974474678478655321, -69.88672757692823723 ) ) ;
#1806 = CARTESIAN_POINT ( 'NONE',  ( -1.000000000000000000, 1.224646799147353207E-16, -95.50000000000000000 ) ) ;
#1807 = EDGE_CURVE ( 'NONE', #3942, #5031, #688, .T. ) ;
#1808 = VERTEX_POINT ( 'NONE', #901 ) ;
#1809 = ORIENTED_EDGE ( 'NONE', *, *, #3155, .F. ) ;
#1810 = ORIENTED_EDGE ( 'NONE', *, *, #7521, .T. ) ;
#1811 = CARTESIAN_POINT ( 'NONE',  ( -4.517509052022924254E-17, -5.000000000000000888, -2.296251661632347840 ) ) ;
#1812 = DIRECTION ( 'NONE',  ( 1.000000000000000000, 0.000000000000000000, 0.000000000000000000 ) ) ;
#1813 = CARTESIAN_POINT ( 'NONE',  ( 0.000000000000000000, 0.000000000000000000, -62.50000000000000000 ) ) ;
#1814 = DIRECTION ( 'NONE',  ( -0.000000000000000000, -0.000000000000000000, 1.000000000000000000 ) ) ;
#1815 = CARTESIAN_POINT ( 'NONE',  ( -0.7176137099602469815, -4.282386290039752907, -60.29777126958475009 ) ) ;
#1816 = CARTESIAN_POINT ( 'NONE',  ( 0.4321793203734948796, -4.567820679626505509, -38.72657376275980567 ) ) ;
#1817 = EDGE_CURVE ( 'NONE', #8017, #6045, #1417, .T. ) ;
#1818 = AXIS2_PLACEMENT_3D ( 'NONE', #7238, #5078, #896 ) ;
#1819 = CARTESIAN_POINT ( 'NONE',  ( 0.000000000000000000, 0.000000000000000000, -37.75000000000000000 ) ) ;
#1820 = ORIENTED_EDGE ( 'NONE', *, *, #958, .F. ) ;
#1821 = CARTESIAN_POINT ( 'NONE',  ( 0.000000000000000000, -5.000000000000000000, -7.500000000000003553 ) ) ;
#1822 = B_SPLINE_CURVE_WITH_KNOTS ( 'NONE', 3,
 ( #8565, #2263, #7190, #890, #4466, #8611, #8012, #3876, #2313, #6586, #5988, #7926, #5254, #7233, #6678, #2451 ),
 .UNSPECIFIED., .F., .F.,
 ( 4, 2, 2, 2, 2, 2, 2, 4 ),
 ( 4.818711199173202134E-07, 0.0008765200830206723581, 0.001314539188971050815, 0.001752558294921429055, 0.002190577400871807079, 0.002628596506822185753, 0.003066615612772563559, 0.003504634718722942233 ),
 .UNSPECIFIED. ) ;
#1823 = ORIENTED_EDGE ( 'NONE', *, *, #5389, .F. ) ;
#1824 = CARTESIAN_POINT ( 'NONE',  ( -4.739198801701949293, -0.2608011982980511512, -102.4092377177944684 ) ) ;
#1825 = CARTESIAN_POINT ( 'NONE',  ( 0.000000000000000000, 0.000000000000000000, -103.7500000000000000 ) ) ;
#1826 = AXIS2_PLACEMENT_3D ( 'NONE', #326, #7799, #7366 ) ;
#1827 = CARTESIAN_POINT ( 'NONE',  ( 1.136863993905362191, -3.863136006094637143, -15.87121622079731509 ) ) ;
#1828 = CARTESIAN_POINT ( 'NONE',  ( -4.360868809976721217, -0.6391311900232802268, -120.9001613215527300 ) ) ;
#1829 = FACE_OUTER_BOUND ( 'NONE', #4689, .T. ) ;
#1830 = CARTESIAN_POINT ( 'NONE',  ( -5.000000000000281553, 2.811725620256466210E-13, -84.50000000000021316 ) ) ;
#1831 = EDGE_CURVE ( 'NONE', #5441, #5438, #5724, .T. ) ;
#1832 = ORIENTED_EDGE ( 'NONE', *, *, #2077, .F. ) ;
#1833 = APPROVAL_ROLE ( '' ) ;
#1834 = EDGE_LOOP ( 'NONE', ( #859, #6214, #5409, #6860 ) ) ;
#1835 = CIRCLE ( 'NONE', #1550, 3.904737509655567429 ) ;
#1836 = AXIS2_PLACEMENT_3D ( 'NONE', #8873, #6203, #5428 ) ;
#1837 = CARTESIAN_POINT ( 'NONE',  ( 4.282386290039718268, -0.7176137099602819536, -114.2022287304152712 ) ) ;
#1838 = CARTESIAN_POINT ( 'NONE',  ( 0.9599107665869271999, -4.040089233413072023, -10.52236572063979736 ) ) ;
#1839 = CARTESIAN_POINT ( 'NONE',  ( 5.000000000000284217, 2.845106866107319290E-13, -7.500000000000213163 ) ) ;
#1840 = VECTOR ( 'NONE', #6628, 1000.000000000000000 ) ;
#1841 = EDGE_CURVE ( 'NONE', #4661, #1915, #557, .T. ) ;
#1842 = DIRECTION ( 'NONE',  ( -0.000000000000000000, -0.000000000000000000, 1.000000000000000000 ) ) ;
#1843 = EDGE_CURVE ( 'NONE', #938, #3509, #4088, .T. ) ;
#1844 = ORIENTED_EDGE ( 'NONE', *, *, #6862, .T. ) ;
#1845 = CARTESIAN_POINT ( 'NONE',  ( 4.359865889258244920, -0.6401341107417566345, -103.1012504537135044 ) ) ;
#1846 = CARTESIAN_POINT ( 'NONE',  ( -0.9599107665869298645, -4.040089233413069358, -5.022365720639798248 ) ) ;
#1847 = VECTOR ( 'NONE', #3034, 1000.000000000000000 ) ;
#1848 = ORIENTED_EDGE ( 'NONE', *, *, #7161, .F. ) ;
#1849 = DIRECTION ( 'NONE',  ( -0.000000000000000000, -0.000000000000000000, 1.000000000000000000 ) ) ;
#1850 = CIRCLE ( 'NONE', #3028, 0.9999999999999993339 ) ;
#1851 = AXIS2_PLACEMENT_3D ( 'NONE', #7339, #2978, #2277 ) ;
#1852 = CARTESIAN_POINT ( 'NONE',  ( 4.686141179201310791, -0.3138588207986893752, -119.0346786877579603 ) ) ;
#1853 = EDGE_CURVE ( 'NONE', #2264, #2389, #255, .T. ) ;
#1854 = CARTESIAN_POINT ( 'NONE',  ( 5.000000000000281553, 2.809514862196180954E-13, -68.00000000000021316 ) ) ;
#1855 = EDGE_CURVE ( 'NONE', #2714, #2305, #8160, .T. ) ;
#1856 = ORIENTED_EDGE ( 'NONE', *, *, #8998, .F. ) ;
#1857 = CARTESIAN_POINT ( 'NONE',  ( 0.000000000000000000, 0.000000000000000000, -103.0000000000000000 ) ) ;
#1858 = CARTESIAN_POINT ( 'NONE',  ( -4.508466212578270849, -0.4915337874217298730, -55.10623519306795259 ) ) ;
#1859 = ORIENTED_EDGE ( 'NONE', *, *, #7678, .F. ) ;
#1860 = DIRECTION ( 'NONE',  ( 1.000000000000000000, 0.000000000000000000, 0.000000000000000000 ) ) ;
#1861 = VERTEX_POINT ( 'NONE', #4996 ) ;
#1862 = ORIENTED_EDGE ( 'NONE', *, *, #4403, .T. ) ;
#1863 = CARTESIAN_POINT ( 'NONE',  ( 0.000000000000000000, -5.000000000000000000, -2.000000000000000000 ) ) ;
#1864 = CARTESIAN_POINT ( 'NONE',  ( -1.000000000000000000, 1.224646799147353207E-16, -27.49999999999999645 ) ) ;
#1865 = CARTESIAN_POINT ( 'NONE',  ( 0.000000000000000000, 0.000000000000000000, -24.00000000000000355 ) ) ;
#1866 = CARTESIAN_POINT ( 'NONE',  ( 4.192813088908785446E-17, -4.999999999999999112, -2.296251661632346952 ) ) ;
#1867 = DIRECTION ( 'NONE',  ( -0.000000000000000000, -0.000000000000000000, 1.000000000000000000 ) ) ;
#1868 = DIRECTION ( 'NONE',  ( 1.000000000000000000, 0.000000000000000000, 0.000000000000000000 ) ) ;
#1869 = DIRECTION ( 'NONE',  ( -0.000000000000000000, -0.000000000000000000, 1.000000000000000000 ) ) ;
#1870 = ORIENTED_EDGE ( 'NONE', *, *, #1356, .T. ) ;
#1871 = CARTESIAN_POINT ( 'NONE',  ( -0.06459124883188288591, -4.935408751168115948, -39.77165234913509551 ) ) ;
#1872 = ORIENTED_EDGE ( 'NONE', *, *, #4403, .F. ) ;
#1873 = LOCAL_TIME ( 21, 14, 1.000000000000000000, #593 ) ;
#1874 = ADVANCED_FACE ( 'NONE', ( #7102 ), #6565, .T. ) ;
#1875 = CARTESIAN_POINT ( 'NONE',  ( 0.04063066961831320739, -4.959369330381687035, -28.91386551652194470 ) ) ;
#1876 = CARTESIAN_POINT ( 'NONE',  ( 1.021409690752719544E-12, -4.999999999998979483, -45.85274279208619674 ) ) ;
#1877 = CARTESIAN_POINT ( 'NONE',  ( 4.567820679631959813, -0.4321793203680409090, -14.77342623723035508 ) ) ;
#1878 = AXIS2_PLACEMENT_3D ( 'NONE', #4946, #1588, #7840 ) ;
#1879 = CARTESIAN_POINT ( 'NONE',  ( 0.6402698276730250937, -4.359730172326975683, -120.8985659487770761 ) ) ;
#1880 = AXIS2_PLACEMENT_3D ( 'NONE', #7899, #2801, #7806 ) ;
#1881 = CARTESIAN_POINT ( 'NONE',  ( -4.366408635906908309, -0.6335913640930921353, -76.89380044883598941 ) ) ;
#1882 = CARTESIAN_POINT ( 'NONE',  ( 4.567820679631958924, -0.4321793203680418527, -9.273426237230358637 ) ) ;
#1883 = CARTESIAN_POINT ( 'NONE',  ( 0.000000000000000000, -5.000000000000000000, -131.9999999999999716 ) ) ;
#1884 = ORIENTED_EDGE ( 'NONE', *, *, #3058, .T. ) ;
#1885 = AXIS2_PLACEMENT_3D ( 'NONE', #8907, #539, #6052 ) ;
#1886 = VERTEX_POINT ( 'NONE', #7201 ) ;
#1887 = EDGE_CURVE ( 'NONE', #1354, #4016, #8483, .T. ) ;
#1888 = CIRCLE ( 'NONE', #5551, 1.000000000000000000 ) ;
#1889 = CIRCLE ( 'NONE', #1291, 3.904737509655567429 ) ;
#1890 = DIRECTION ( 'NONE',  ( -0.000000000000000000, -0.000000000000000000, 1.000000000000000000 ) ) ;
#1891 = CARTESIAN_POINT ( 'NONE',  ( -2.657565872010366328E-16, -5.000000000000000888, -12.85274279211299664 ) ) ;
#1892 = CARTESIAN_POINT ( 'NONE',  ( 4.041784260359803760, -0.9582157396401965732, -5.023774650299318800 ) ) ;
#1893 = CARTESIAN_POINT ( 'NONE',  ( -4.935956332719894313, -0.06404366728010636722, -12.27440186598523475 ) ) ;
#1894 = ORIENTED_EDGE ( 'NONE', *, *, #6783, .T. ) ;
#1895 = FACE_OUTER_BOUND ( 'NONE', #2752, .T. ) ;
#1896 = CIRCLE ( 'NONE', #8057, 3.904737509655567873 ) ;
#1897 = EDGE_LOOP ( 'NONE', ( #3631, #2078, #5581 ) ) ;
#1898 = CARTESIAN_POINT ( 'NONE',  ( 0.000000000000000000, 0.000000000000000000, -131.9999999999999716 ) ) ;
#1899 = TOROIDAL_SURFACE ( 'NONE', #8642, 1.000000000000000000, 4.000000000000001776 ) ;
#1900 = EDGE_CURVE ( 'NONE', #3892, #2221, #8923, .T. ) ;
#1901 = CARTESIAN_POINT ( 'NONE',  ( 0.1593231317748074471, -4.840676868225192386, -96.64678058429974783 ) ) ;
#1902 = CARTESIAN_POINT ( 'NONE',  ( -0.06404366728014407317, -4.935956332719856121, -19.22559813401497308 ) ) ;
#1903 = ORIENTED_EDGE ( 'NONE', *, *, #7362, .F. ) ;
#1904 = CARTESIAN_POINT ( 'NONE',  ( -0.2608011983036451209, -4.739198801696356433, -94.09076228219166182 ) ) ;
#1905 = CARTESIAN_POINT ( 'NONE',  ( -4.960065625082965113, -0.03993437491703386716, -56.41868978647570998 ) ) ;
#1906 = ORIENTED_EDGE ( 'NONE', *, *, #2979, .F. ) ;
#1907 = CARTESIAN_POINT ( 'NONE',  ( 4.960065625082963336, -0.03993437491703660802, -111.4186897864756958 ) ) ;
#1908 = ORIENTED_EDGE ( 'NONE', *, *, #2059, .F. ) ;
#1909 = CARTESIAN_POINT ( 'NONE',  ( -1.328041165545663649, -3.671958834454336795, -32.25000000000000000 ) ) ;
#1910 = DIRECTION ( 'NONE',  ( 1.000000000000000000, 0.000000000000000000, 0.000000000000000000 ) ) ;
#1911 = CARTESIAN_POINT ( 'NONE',  ( 0.000000000000000000, 0.000000000000000000, -14.99999999999999822 ) ) ;
#1912 = CARTESIAN_POINT ( 'NONE',  ( 1.137203174284266316, -3.862796825715733906, -114.6289988371164839 ) ) ;
#1913 = CARTESIAN_POINT ( 'NONE',  ( 0.000000000000000000, -5.000000000000000000, -34.99999999997221067 ) ) ;
#1914 = CARTESIAN_POINT ( 'NONE',  ( -0.2517800035653549040, -4.748219996434645651, -118.9088363723699757 ) ) ;
#1915 = VERTEX_POINT ( 'NONE', #7288 ) ;
#1916 = DIRECTION ( 'NONE',  ( 1.000000000000000000, 0.000000000000000000, 0.000000000000000000 ) ) ;
#1917 = ORIENTED_EDGE ( 'NONE', *, *, #4929, .F. ) ;
#1918 = EDGE_CURVE ( 'NONE', #2470, #3267, #5690, .T. ) ;
#1919 = CARTESIAN_POINT ( 'NONE',  ( 0.000000000000000000, 0.000000000000000000, -2.000000000000000000 ) ) ;
#1920 = CARTESIAN_POINT ( 'NONE',  ( 0.000000000000000000, -5.000000000000000000, -67.99999999997220357 ) ) ;
#1921 = DIRECTION ( 'NONE',  ( -0.000000000000000000, -0.000000000000000000, 1.000000000000000000 ) ) ;
#1922 = DIRECTION ( 'NONE',  ( 1.000000000000000000, 0.000000000000000000, 0.000000000000000000 ) ) ;
#1923 = DIRECTION ( 'NONE',  ( 1.000000000000000000, 0.000000000000000000, 0.000000000000000000 ) ) ;
#1924 = APPLICATION_CONTEXT ( 'configuration controlled 3d designs of mechanical parts and assemblies' ) ;
#1925 = CYLINDRICAL_SURFACE ( 'NONE', #4783, 1.000000000000000000 ) ;
#1926 = EDGE_LOOP ( 'NONE', ( #6403, #3426, #1823 ) ) ;
#1927 = CALENDAR_DATE ( 2026, 24, 2 ) ;
#1928 = ADVANCED_FACE ( 'NONE', ( #6000 ), #6872, .T. ) ;
#1929 = ORIENTED_EDGE ( 'NONE', *, *, #5087, .F. ) ;
#1930 = CARTESIAN_POINT ( 'NONE',  ( -0.008301598520838513254, -4.991698401479162328, -29.20374637061704703 ) ) ;
#1931 = CARTESIAN_POINT ( 'NONE',  ( 4.991698401481084346, -0.008301598518915620853, -62.79625362935771449 ) ) ;
#1932 = CARTESIAN_POINT ( 'NONE',  ( -5.000000000000285993, 2.863267262836209146E-13, -46.00000000000020606 ) ) ;
#1933 = CYLINDRICAL_SURFACE ( 'NONE', #6679, 0.9999999999999995559 ) ;
#1934 = ORIENTED_EDGE ( 'NONE', *, *, #4903, .T. ) ;
#1935 = CARTESIAN_POINT ( 'NONE',  ( 0.4974474678531439764, -4.502552532146855135, -49.61327242306310836 ) ) ;
#1936 = ADVANCED_FACE ( 'NONE', ( #8663 ), #6543, .T. ) ;
#1937 = EDGE_LOOP ( 'NONE', ( #8781, #3234, #3705, #3125 ) ) ;
#1938 = FACE_OUTER_BOUND ( 'NONE', #1937, .T. ) ;
#1939 = EDGE_CURVE ( 'NONE', #3977, #2666, #1673, .T. ) ;
#1940 = AXIS2_PLACEMENT_3D ( 'NONE', #8107, #3008, #1710 ) ;
#1941 = CARTESIAN_POINT ( 'NONE',  ( 4.959369330385070107, -0.04063066961493031620, -118.0861344834556945 ) ) ;
#1942 = DIRECTION ( 'NONE',  ( 0.000000000000000000, 0.000000000000000000, -1.000000000000000000 ) ) ;
#1943 = ORIENTED_EDGE ( 'NONE', *, *, #8484, .F. ) ;
#1944 = CARTESIAN_POINT ( 'NONE',  ( -1.328041165545656765, -3.671958834454343013, -92.74999999999998579 ) ) ;
#1945 = CARTESIAN_POINT ( 'NONE',  ( 4.748219996434698054, -0.2517800035653025015, -105.0911636276301380 ) ) ;
#1946 = EDGE_CURVE ( 'NONE', #3761, #5478, #4110, .T. ) ;
#1947 = ORIENTED_EDGE ( 'NONE', *, *, #3402, .F. ) ;
#1948 = CARTESIAN_POINT ( 'NONE',  ( 0.000000000000000000, 0.000000000000000000, -95.50000000000000000 ) ) ;
#1949 = VERTEX_POINT ( 'NONE', #4439 ) ;
#1950 = CARTESIAN_POINT ( 'NONE',  ( 0.000000000000000000, 0.000000000000000000, -62.50000000000000000 ) ) ;
#1951 = CARTESIAN_POINT ( 'NONE',  ( 0.4321793203679939466, -4.567820679632005110, -60.72657376276972485 ) ) ;
#1952 = CARTESIAN_POINT ( 'NONE',  ( -4.935956332719889872, -0.06404366728011029464, -100.2744018659852117 ) ) ;
#1953 = DIRECTION ( 'NONE',  ( 1.000000000000000000, 0.000000000000000000, 0.000000000000000000 ) ) ;
#1954 = ADVANCED_FACE ( 'NONE', ( #295 ), #4066, .F. ) ;
#1955 = CARTESIAN_POINT ( 'NONE',  ( -1.137203174285770890, -3.862796825714230220, -120.1289988371174644 ) ) ;
#1956 = EDGE_LOOP ( 'NONE', ( #5175, #1810, #4900 ) ) ;
#1957 = DIRECTION ( 'NONE',  ( -0.000000000000000000, -0.000000000000000000, 1.000000000000000000 ) ) ;
#1958 = ORIENTED_EDGE ( 'NONE', *, *, #4095, .F. ) ;
#1959 = CARTESIAN_POINT ( 'NONE',  ( 0.000000000000000000, 0.000000000000000000, 0.000000000000000000 ) ) ;
#1960 = CARTESIAN_POINT ( 'NONE',  ( 0.1278684795020826326, -4.872131520497917201, -44.99259796944174639 ) ) ;
#1961 = CARTESIAN_POINT ( 'NONE',  ( 1.016695234776112395E-12, -5.000000000001018741, -68.14684353042213161 ) ) ;
#1962 = TOROIDAL_SURFACE ( 'NONE', #5187, 1.000000000000000000, 4.000000000000000000 ) ;
#1963 = CARTESIAN_POINT ( 'NONE',  ( 5.000000000000006217, 5.690932028285886497E-15, -84.35315646955163515 ) ) ;
#1964 = DIRECTION ( 'NONE',  ( -0.000000000000000000, -0.000000000000000000, 1.000000000000000000 ) ) ;
#1965 = CARTESIAN_POINT ( 'NONE',  ( 0.000000000000000000, 0.000000000000000000, -35.00000000000000000 ) ) ;
#1966 = CARTESIAN_POINT ( 'NONE',  ( -0.1593231317748066977, -4.840676868225194163, -52.64678058429972651 ) ) ;
#1967 = EDGE_CURVE ( 'NONE', #8889, #2242, #2553, .T. ) ;
#1968 = EDGE_LOOP ( 'NONE', ( #8038, #4170, #5473, #8600 ) ) ;
#1969 = ORIENTED_EDGE ( 'NONE', *, *, #3003, .T. ) ;
#1970 = AXIS2_PLACEMENT_3D ( 'NONE', #7330, #331, #7969 ) ;
#1971 = AXIS2_PLACEMENT_3D ( 'NONE', #8488, #2273, #5080 ) ;
#1972 = CARTESIAN_POINT ( 'NONE',  ( 3.862796825714235105, -1.137203174285765339, -21.37100116288255691 ) ) ;
#1973 = CARTESIAN_POINT ( 'NONE',  ( 4.872131520502828828, -0.1278684794971705618, -63.50740203054002109 ) ) ;
#1974 = CARTESIAN_POINT ( 'NONE',  ( -4.871990604756819110, -0.1280093952431808624, -3.007924780534963372 ) ) ;
#1975 = CARTESIAN_POINT ( 'NONE',  ( 0.9582157396402068983, -4.041784260359793102, -64.97622534970069808 ) ) ;
#1976 = EDGE_LOOP ( 'NONE', ( #3752, #8319, #5165 ) ) ;
#1977 = CIRCLE ( 'NONE', #3737, 3.904737509655567873 ) ;
#1978 = ORIENTED_EDGE ( 'NONE', *, *, #4537, .T. ) ;
#1979 = TOROIDAL_SURFACE ( 'NONE', #4914, 1.000000000000000000, 3.999999999999996447 ) ;
#1980 = CIRCLE ( 'NONE', #8591, 3.904737509655567873 ) ;
#1981 = EDGE_CURVE ( 'NONE', #1664, #4746, #4793, .T. ) ;
#1982 = CARTESIAN_POINT ( 'NONE',  ( 1.328041165545656987, -3.671958834454343013, -98.24999999999998579 ) ) ;
#1983 = DIRECTION ( 'NONE',  ( 1.000000000000000000, 0.000000000000000000, 0.000000000000000000 ) ) ;
#1984 = VERTEX_POINT ( 'NONE', #5266 ) ;
#1985 = CARTESIAN_POINT ( 'NONE',  ( -1.027098599313404079E-12, -4.999999999998974154, -95.35274279208620385 ) ) ;
#1986 = DIRECTION ( 'NONE',  ( -0.000000000000000000, -0.000000000000000000, 1.000000000000000000 ) ) ;
#1987 = CIRCLE ( 'NONE', #2877, 1.000000000000000000 ) ;
#1988 = VERTEX_POINT ( 'NONE', #4573 ) ;
#1989 = CARTESIAN_POINT ( 'NONE',  ( -0.2517800035594491836, -4.748219996440551149, -41.90883637235563697 ) ) ;
#1990 = ORIENTED_EDGE ( 'NONE', *, *, #287, .F. ) ;
#1991 = CIRCLE ( 'NONE', #5221, 3.999999999999996447 ) ;
#1992 = ADVANCED_FACE ( 'NONE', ( #6879 ), #87, .T. ) ;
#1993 = CARTESIAN_POINT ( 'NONE',  ( 4.935956332719889872, -0.06404366728011048893, -78.27440186598522587 ) ) ;
#1994 = CARTESIAN_POINT ( 'NONE',  ( -0.008042224642554411315, -4.991957775357445115, -13.29246587457292073 ) ) ;
#1995 = AXIS2_PLACEMENT_3D ( 'NONE', #105, #1519, #151 ) ;
#1996 = CARTESIAN_POINT ( 'NONE',  ( 0.6391311900232894416, -4.360868809976712335, -4.099838678447260243 ) ) ;
#1997 = CARTESIAN_POINT ( 'NONE',  ( 0.000000000000000000, 0.000000000000000000, -2.000000000000000000 ) ) ;
#1998 = CARTESIAN_POINT ( 'NONE',  ( -0.4974474678531398131, -4.502552532146860464, -44.11327242306310126 ) ) ;
#1999 = VERTEX_POINT ( 'NONE', #1913 ) ;
#2000 = CARTESIAN_POINT ( 'NONE',  ( -1.136863993905366410, -3.863136006094633146, -70.87121622079729377 ) ) ;
#2001 = AXIS2_PLACEMENT_3D ( 'NONE', #5815, #3022, #8622 ) ;
#2002 = ORIENTED_EDGE ( 'NONE', *, *, #7386, .T. ) ;
#2003 = AXIS2_PLACEMENT_3D ( 'NONE', #152, #8426, #2925 ) ;
#2004 = ADVANCED_FACE ( 'NONE', ( #4718 ), #1705, .T. ) ;
#2005 = CARTESIAN_POINT ( 'NONE',  ( 0.000000000000000000, 0.000000000000000000, -62.50000000000000000 ) ) ;
#2006 = DIRECTION ( 'NONE',  ( -0.000000000000000000, -0.000000000000000000, 1.000000000000000000 ) ) ;
#2007 = CARTESIAN_POINT ( 'NONE',  ( -0.2517800035594496832, -4.748219996440550261, -69.40883637235562276 ) ) ;
#2008 = CARTESIAN_POINT ( 'NONE',  ( 5.000000000000281553, 2.809514862196180954E-13, -84.50000000000021316 ) ) ;
#2009 = CARTESIAN_POINT ( 'NONE',  ( 1.136863993906876757, -3.863136006093125019, -103.8712162207963843 ) ) ;
#2010 = DIRECTION ( 'NONE',  ( -0.000000000000000000, -0.000000000000000000, 1.000000000000000000 ) ) ;
#2011 = DIRECTION ( 'NONE',  ( 1.000000000000000000, 0.000000000000000000, 0.000000000000000000 ) ) ;
#2012 = VERTEX_POINT ( 'NONE', #1303 ) ;
#2013 = ORIENTED_EDGE ( 'NONE', *, *, #4977, .F. ) ;
#2014 = SECURITY_CLASSIFICATION ( '', '', #5184 ) ;
#2015 = EDGE_CURVE ( 'NONE', #4636, #8377, #8304, .T. ) ;
#2016 = EDGE_CURVE ( 'NONE', #2360, #7108, #3331, .T. ) ;
#2017 = TOROIDAL_SURFACE ( 'NONE', #835, 1.000000000000000000, 4.000000000000000000 ) ;
#2018 = AXIS2_PLACEMENT_3D ( 'NONE', #2843, #1494, #1546 ) ;
#2019 = CARTESIAN_POINT ( 'NONE',  ( -0.6401341107465103875, -4.359865889253490501, -27.39874954628007231 ) ) ;
#2020 = CIRCLE ( 'NONE', #5843, 0.9999999999999993339 ) ;
#2021 = CARTESIAN_POINT ( 'NONE',  ( 0.7176137099602452052, -4.282386290039755572, -10.79777126958476785 ) ) ;
#2022 = CARTESIAN_POINT ( 'NONE',  ( 0.000000000000000000, 0.000000000000000000, -120.2499999999999858 ) ) ;
#2023 = CARTESIAN_POINT ( 'NONE',  ( -4.960065625082965113, -0.03993437491703484554, -12.41868978647572774 ) ) ;
#2024 = ORIENTED_EDGE ( 'NONE', *, *, #8846, .T. ) ;
#2025 =( NAMED_UNIT ( * ) SI_UNIT ( $, .STERADIAN. ) SOLID_ANGLE_UNIT ( ) );
#2026 = TOROIDAL_SURFACE ( 'NONE', #3779, 1.000000000000000000, 3.999999999999996447 ) ;
#2027 = CIRCLE ( 'NONE', #7901, 4.000000000000000000 ) ;
#2028 = AXIS2_PLACEMENT_3D ( 'NONE', #6795, #492, #3299 ) ;
#2029 = CARTESIAN_POINT ( 'NONE',  ( -4.872131520502826163, -0.1278684794971741423, -113.0074020305400353 ) ) ;
#2030 = FACE_OUTER_BOUND ( 'NONE', #5554, .T. ) ;
#2031 = B_SPLINE_CURVE_WITH_KNOTS ( 'NONE', 3,
 ( #1854, #1164, #7365, #3872, #6675, #284, #1661, #6773, #374, #1708, #3274, #4464 ),
 .UNSPECIFIED., .F., .F.,
 ( 4, 2, 2, 2, 2, 4 ),
 ( 0.003504634718750183030, 0.003941423334025066609, 0.004378211949299949321, 0.005251789179849716480, 0.006125366410399483638, 0.006998943640949250797 ),
 .UNSPECIFIED. ) ;
#2032 = CARTESIAN_POINT ( 'NONE',  ( -5.000000000000008882, 9.184166488841561846E-15, -51.35315646955160673 ) ) ;
#2033 = VECTOR ( 'NONE', #449, 1000.000000000000000 ) ;
#2034 = ORIENTED_EDGE ( 'NONE', *, *, #2484, .F. ) ;
#2035 = CARTESIAN_POINT ( 'NONE',  ( -4.748219996434698942, -0.2517800035653021129, -33.59116362763015928 ) ) ;
#2036 = FACE_OUTER_BOUND ( 'NONE', #6779, .T. ) ;
#2037 = CARTESIAN_POINT ( 'NONE',  ( 0.2608011983036451209, -4.739198801696355545, -83.09076228219166182 ) ) ;
#2038 = ADVANCED_FACE ( 'NONE', ( #2043 ), #8259, .F. ) ;
#2039 = ORIENTED_EDGE ( 'NONE', *, *, #2758, .F. ) ;
#2040 = FACE_BOUND ( 'NONE', #2190, .T. ) ;
#2041 = DIRECTION ( 'NONE',  ( 1.000000000000000000, 0.000000000000000000, 0.000000000000000000 ) ) ;
#2042 = CARTESIAN_POINT ( 'NONE',  ( 0.000000000000000000, -5.000000000000000000, -117.5000000000000000 ) ) ;
#2043 = FACE_OUTER_BOUND ( 'NONE', #6067, .T. ) ;
#2044 = ORIENTED_EDGE ( 'NONE', *, *, #1327, .T. ) ;
#2045 = CARTESIAN_POINT ( 'NONE',  ( 0.03993437491706840897, -4.960065625082929586, -74.08131021352447476 ) ) ;
#2046 = EDGE_CURVE ( 'NONE', #7234, #6631, #8325, .T. ) ;
#2047 = EDGE_LOOP ( 'NONE', ( #4749, #8284, #8966, #6119 ) ) ;
#2048 = ADVANCED_FACE ( 'NONE', ( #1341 ), #1267, .F. ) ;
#2049 = CARTESIAN_POINT ( 'NONE',  ( -0.4915337874163394072, -4.508466212583661203, -113.8937648069235422 ) ) ;
#2050 = PRODUCT_DEFINITION_SHAPE ( 'NONE', 'NONE',  #9098 ) ;
#2051 = CARTESIAN_POINT ( 'NONE',  ( -0.1676550930108545445, -4.832344906989146871, -55.85453806259096154 ) ) ;
#2052 = DIRECTION ( 'NONE',  ( -0.000000000000000000, -0.000000000000000000, 1.000000000000000000 ) ) ;
#2053 = LINE ( 'NONE', #1226, #5416 ) ;
#2054 = CARTESIAN_POINT ( 'NONE',  ( 0.008301598520849608545, -4.991698401479151670, -106.2037463706169547 ) ) ;
#2055 = DIRECTION ( 'NONE',  ( -0.000000000000000000, -0.000000000000000000, 1.000000000000000000 ) ) ;
#2056 = CARTESIAN_POINT ( 'NONE',  ( 4.359865889258244920, -0.6401341107417566345, -92.10125045371350438 ) ) ;
#2057 = ORIENTED_EDGE ( 'NONE', *, *, #7878, .T. ) ;
#2058 = PERSON_AND_ORGANIZATION ( #6950, #107 ) ;
#2059 = EDGE_CURVE ( 'NONE', #5007, #1401, #2143, .T. ) ;
#2060 = ORIENTED_EDGE ( 'NONE', *, *, #2529, .T. ) ;
#2061 = B_SPLINE_CURVE_WITH_KNOTS ( 'NONE', 3,
 ( #5942, #1669, #3698, #6456, #4393, #5810, #157, #291, #2971, #6495, #334, #4474 ),
 .UNSPECIFIED., .F., .F.,
 ( 4, 2, 2, 2, 2, 4 ),
 ( 0.003504634718750453647, 0.003941423334025305134, 0.004378211949300156620, 0.005251789179849864798, 0.006125366410399572109, 0.006998943640949280287 ),
 .UNSPECIFIED. ) ;
#2062 = CARTESIAN_POINT ( 'NONE',  ( -1.328041165545665203, -3.671958834454335019, -26.75000000000000355 ) ) ;
#2063 = CARTESIAN_POINT ( 'NONE',  ( -4.991957775357460214, -0.008042224642539586368, -73.20753412542735816 ) ) ;
#2064 = CARTESIAN_POINT ( 'NONE',  ( -4.832192940297736605, -0.1678070597022649768, -3.145947905968863534 ) ) ;
#2065 = CARTESIAN_POINT ( 'NONE',  ( 4.359865889258240479, -0.6401341107417601872, -20.60125045371350083 ) ) ;
#2066 = ORIENTED_EDGE ( 'NONE', *, *, #1789, .T. ) ;
#2067 = CARTESIAN_POINT ( 'NONE',  ( -5.000000000000285105, 2.853331553957207015E-13, -51.50000000000021316 ) ) ;
#2068 = ORIENTED_EDGE ( 'NONE', *, *, #4832, .T. ) ;
#2069 = CARTESIAN_POINT ( 'NONE',  ( 0.000000000000000000, 0.000000000000000000, -42.49999999999999289 ) ) ;
#2070 = DIRECTION ( 'NONE',  ( -0.000000000000000000, -0.000000000000000000, 1.000000000000000000 ) ) ;
#2071 = CARTESIAN_POINT ( 'NONE',  ( -4.935956332719893425, -0.06404366728010749132, -50.77440186598523297 ) ) ;
#2072 = ORIENTED_EDGE ( 'NONE', *, *, #38, .F. ) ;
#2073 = B_SPLINE_CURVE_WITH_KNOTS ( 'NONE', 3,
 ( #5613, #3000, #5659, #6483, #7685, #7870, #8467, #8418, #188, #692, #7040, #8376 ),
 .UNSPECIFIED., .F., .F.,
 ( 4, 2, 2, 2, 2, 4 ),
 ( 0.003504634718750183030, 0.003941423334025067476, 0.004378211949299951056, 0.005251789179849719949, 0.006125366410399488842, 0.006998943640949258603 ),
 .UNSPECIFIED. ) ;
#2074 = DIRECTION ( 'NONE',  ( 0.000000000000000000, -1.000000000000000000, 0.000000000000000000 ) ) ;
#2075 = CARTESIAN_POINT ( 'NONE',  ( 1.000000000000000000, 0.000000000000000000, -32.99999999999999289 ) ) ;
#2076 = CARTESIAN_POINT ( 'NONE',  ( -0.03993437491365115638, -4.960065625086347296, -90.58131021350165213 ) ) ;
#2077 = EDGE_CURVE ( 'NONE', #2242, #8017, #3760, .T. ) ;
#2078 = ORIENTED_EDGE ( 'NONE', *, *, #7858, .T. ) ;
#2079 = VECTOR ( 'NONE', #2955, 1000.000000000000000 ) ;
#2080 = TOROIDAL_SURFACE ( 'NONE', #6626, 1.000000000000000000, 3.999999999999996447 ) ;
#2081 = CARTESIAN_POINT ( 'NONE',  ( -4.567820679631958924, -0.4321793203680420747, -108.2734262372303533 ) ) ;
#2082 = EDGE_CURVE ( 'NONE', #1401, #5007, #537, .T. ) ;
#2083 = CARTESIAN_POINT ( 'NONE',  ( 1.000000000000000000, 0.000000000000000000, 0.000000000000000000 ) ) ;
#2084 = CARTESIAN_POINT ( 'NONE',  ( -5.000000000000007105, 5.907101895033082199E-15, -100.8531564695516209 ) ) ;
#2085 = CARTESIAN_POINT ( 'NONE',  ( -5.000000000000000000, 0.000000000000000000, 0.000000000000000000 ) ) ;
#2086 = CARTESIAN_POINT ( 'NONE',  ( 0.000000000000000000, -5.000000000000000000, -89.99999999997200462 ) ) ;
#2087 = CIRCLE ( 'NONE', #4028, 3.904737509655567873 ) ;
#2088 = VERTEX_POINT ( 'NONE', #4845 ) ;
#2089 = CARTESIAN_POINT ( 'NONE',  ( 0.000000000000000000, 0.000000000000000000, -51.50000000000000711 ) ) ;
#2090 = ORIENTED_EDGE ( 'NONE', *, *, #6225, .F. ) ;
#2091 = DIRECTION ( 'NONE',  ( -0.000000000000000000, -0.000000000000000000, 1.000000000000000000 ) ) ;
#2092 = CARTESIAN_POINT ( 'NONE',  ( -0.6401341107464958435, -4.359865889253503823, -82.39874954628007231 ) ) ;
#2093 = ADVANCED_FACE ( 'NONE', ( #7655 ), #7282, .T. ) ;
#2094 = CARTESIAN_POINT ( 'NONE',  ( -1.000000000000000000, 1.224646799147353207E-16, -112.0000000000000000 ) ) ;
#2095 = FACE_OUTER_BOUND ( 'NONE', #8709, .T. ) ;
#2096 = DIRECTION ( 'NONE',  ( -0.000000000000000000, -0.000000000000000000, 1.000000000000000000 ) ) ;
#2097 = CARTESIAN_POINT ( 'NONE',  ( 0.9999999999999993339, 0.000000000000000000, -59.00000000000000000 ) ) ;
#2098 = CARTESIAN_POINT ( 'NONE',  ( 4.739198801701951957, -0.2608011982980473209, -36.40923771779444706 ) ) ;
#2099 = ORIENTED_EDGE ( 'NONE', *, *, #359, .T. ) ;
#2100 = CARTESIAN_POINT ( 'NONE',  ( 4.502552532152133580, -0.4974474678478673639, -58.88672757692827986 ) ) ;
#2101 = ORIENTED_EDGE ( 'NONE', *, *, #8244, .F. ) ;
#2102 = TOROIDAL_SURFACE ( 'NONE', #2700, 1.000000000000000000, 3.999999999999996447 ) ;
#2103 = CYLINDRICAL_SURFACE ( 'NONE', #4344, 0.9999999999999995559 ) ;
#2104 = DIRECTION ( 'NONE',  ( 1.000000000000000000, 0.000000000000000000, 0.000000000000000000 ) ) ;
#2105 = ADVANCED_FACE ( 'NONE', ( #8983 ), #7614, .F. ) ;
#2106 = DIRECTION ( 'NONE',  ( 1.000000000000000000, 0.000000000000000000, 0.000000000000000000 ) ) ;
#2107 = DIRECTION ( 'NONE',  ( 1.000000000000000000, 0.000000000000000000, 0.000000000000000000 ) ) ;
#2108 = ORIENTED_EDGE ( 'NONE', *, *, #8844, .F. ) ;
#2109 = APPROVAL_DATE_TIME ( #8409, #6824 ) ;
#2110 = AXIS2_PLACEMENT_3D ( 'NONE', #6647, #2741, #1916 ) ;
#2111 = ORIENTED_EDGE ( 'NONE', *, *, #3581, .T. ) ;
#2112 = CARTESIAN_POINT ( 'NONE',  ( -5.000000000000285105, 2.853348811012736403E-13, -29.50000000000020961 ) ) ;
#2113 = EDGE_CURVE ( 'NONE', #8377, #332, #5963, .T. ) ;
#2114 = DIRECTION ( 'NONE',  ( 1.000000000000000000, 0.000000000000000000, 0.000000000000000000 ) ) ;
#2115 = DIRECTION ( 'NONE',  ( -0.000000000000000000, -0.000000000000000000, 1.000000000000000000 ) ) ;
#2116 = ORIENTED_EDGE ( 'NONE', *, *, #5137, .F. ) ;
#2117 = CARTESIAN_POINT ( 'NONE',  ( 1.136863993905362191, -3.863136006094638031, -114.8712162207972938 ) ) ;
#2118 = CARTESIAN_POINT ( 'NONE',  ( 0.000000000000000000, 0.000000000000000000, -40.50000000000000711 ) ) ;
#2119 = DIRECTION ( 'NONE',  ( -0.000000000000000000, -0.000000000000000000, 1.000000000000000000 ) ) ;
#2120 = CARTESIAN_POINT ( 'NONE',  ( -1.328041165545665647, -3.671958834454334575, -59.75000000000000000 ) ) ;
#2121 = CARTESIAN_POINT ( 'NONE',  ( -0.04063066961833020768, -4.959369330381669272, -105.9138655165218523 ) ) ;
#2122 = CIRCLE ( 'NONE', #6673, 3.904737509655567873 ) ;
#2123 = ADVANCED_FACE ( 'NONE', ( #6490 ), #4933, .F. ) ;
#2124 = EDGE_CURVE ( 'NONE', #5825, #1459, #7137, .T. ) ;
#2125 = TOROIDAL_SURFACE ( 'NONE', #5508, 1.000000000000000000, 4.000000000000001776 ) ;
#2126 = CARTESIAN_POINT ( 'NONE',  ( -3.863136006094629149, -1.136863993905370629, -109.1287837792027062 ) ) ;
#2127 = DIRECTION ( 'NONE',  ( -0.000000000000000000, -0.000000000000000000, 1.000000000000000000 ) ) ;
#2128 = CARTESIAN_POINT ( 'NONE',  ( -0.9999999999999988898, 1.224646799147351975E-16, 0.000000000000000000 ) ) ;
#2129 = CARTESIAN_POINT ( 'NONE',  ( 0.008301598520836291073, -4.991698401479165881, -111.7037463706171678 ) ) ;
#2130 = AXIS2_PLACEMENT_3D ( 'NONE', #6784, #8805, #7378 ) ;
#2131 = VERTEX_POINT ( 'NONE', #2086 ) ;
#2132 = CARTESIAN_POINT ( 'NONE',  ( -0.4321793203679910600, -4.567820679632009551, -16.72657376276974972 ) ) ;
#2133 = ORIENTED_EDGE ( 'NONE', *, *, #4432, .T. ) ;
#2134 = FACE_OUTER_BOUND ( 'NONE', #8281, .T. ) ;
#2135 = FACE_OUTER_BOUND ( 'NONE', #4063, .T. ) ;
#2136 = CARTESIAN_POINT ( 'NONE',  ( 1.000000000000000000, 0.000000000000000000, -2.000000000000000000 ) ) ;
#2137 = CARTESIAN_POINT ( 'NONE',  ( 0.000000000000000000, -5.000000000000000000, -13.00000000000000533 ) ) ;
#2138 = CARTESIAN_POINT ( 'NONE',  ( -0.4321793203735337929, -4.567820679626464653, -77.22657376275975594 ) ) ;
#2139 = CARTESIAN_POINT ( 'NONE',  ( 4.359865889258242255, -0.6401341107417586329, -37.10125045371349728 ) ) ;
#2140 = VERTEX_POINT ( 'NONE', #3694 ) ;
#2141 = CARTESIAN_POINT ( 'NONE',  ( 0.03993437491706710446, -4.960065625082933138, -24.58131021352449963 ) ) ;
#2142 = ORIENTED_EDGE ( 'NONE', *, *, #491, .F. ) ;
#2143 = CIRCLE ( 'NONE', #2446, 1.000000000000000000 ) ;
#2144 = ADVANCED_FACE ( 'NONE', ( #3515 ), #4356, .T. ) ;
#2145 = CARTESIAN_POINT ( 'NONE',  ( -4.359865889258241367, -0.6401341107417585219, -42.60125045371351149 ) ) ;
#2146 = DIRECTION ( 'NONE',  ( -0.000000000000000000, -0.000000000000000000, 1.000000000000000000 ) ) ;
#2147 = CARTESIAN_POINT ( 'NONE',  ( 3.904737509655567873, 0.000000000000000000, -120.2499999999999858 ) ) ;
#2148 = CARTESIAN_POINT ( 'NONE',  ( -3.862796825714234217, -1.137203174285765783, -26.87100116288255336 ) ) ;
#2149 = CARTESIAN_POINT ( 'NONE',  ( 5.000000000000006217, 5.692061405548891968E-15, -117.3531564695516067 ) ) ;
#2150 = VERTEX_POINT ( 'NONE', #5580 ) ;
#2151 = APPROVAL_DATE_TIME ( #2850, #4798 ) ;
#2152 = ORIENTED_EDGE ( 'NONE', *, *, #4459, .T. ) ;
#2153 = EDGE_CURVE ( 'NONE', #7513, #808, #1557, .T. ) ;
#2154 = AXIS2_PLACEMENT_3D ( 'NONE', #7766, #6422, #2942 ) ;
#2155 = AXIS2_PLACEMENT_3D ( 'NONE', #3653, #5579, #2924 ) ;
#2156 = CARTESIAN_POINT ( 'NONE',  ( -3.862796825714231552, -1.137203174285769558, -4.871001162882552471 ) ) ;
#2157 = CARTESIAN_POINT ( 'NONE',  ( 0.000000000000000000, 0.000000000000000000, -51.50000000000000711 ) ) ;
#2158 = CARTESIAN_POINT ( 'NONE',  ( -1.000000000000000000, 1.224646799147353207E-16, -73.50000000000001421 ) ) ;
#2159 = ORIENTED_EDGE ( 'NONE', *, *, #994, .F. ) ;
#2160 = AXIS2_PLACEMENT_3D ( 'NONE', #5281, #1142, #5181 ) ;
#2161 = CARTESIAN_POINT ( 'NONE',  ( 0.7176137099602434288, -4.282386290039759125, -115.2977712695847714 ) ) ;
#2162 = DIRECTION ( 'NONE',  ( -0.000000000000000000, -0.000000000000000000, 1.000000000000000000 ) ) ;
#2163 = AXIS2_PLACEMENT_3D ( 'NONE', #8586, #77, #2894 ) ;
#2164 = DIRECTION ( 'NONE',  ( 0.000000000000000000, 0.000000000000000000, -1.000000000000000000 ) ) ;
#2165 = DIRECTION ( 'NONE',  ( -0.000000000000000000, -0.000000000000000000, 1.000000000000000000 ) ) ;
#2166 = AXIS2_PLACEMENT_3D ( 'NONE', #6085, #6781, #8892 ) ;
#2167 = CARTESIAN_POINT ( 'NONE',  ( -1.136863993906876535, -3.863136006093125019, -103.8712162207963843 ) ) ;
#2168 = EDGE_CURVE ( 'NONE', #3977, #4461, #3328, .T. ) ;
#2169 = AXIS2_PLACEMENT_3D ( 'NONE', #415, #8095, #4645 ) ;
#2170 = TOROIDAL_SURFACE ( 'NONE', #7910, 1.000000000000000000, 1.999999999999998224 ) ;
#2171 = CARTESIAN_POINT ( 'NONE',  ( 0.000000000000000000, 0.000000000000000000, 0.000000000000000000 ) ) ;
#2172 = CARTESIAN_POINT ( 'NONE',  ( -1.291725244562808264E-16, -5.000000000000000888, -62.35274279211301263 ) ) ;
#2173 = CARTESIAN_POINT ( 'NONE',  ( 3.862796825714234661, -1.137203174285766671, -92.87100116288257823 ) ) ;
#2174 = CARTESIAN_POINT ( 'NONE',  ( -4.041784260359809089, -0.9582157396401934646, -16.02377465029932324 ) ) ;
#2175 = DIRECTION ( 'NONE',  ( -0.000000000000000000, -0.000000000000000000, 1.000000000000000000 ) ) ;
#2176 = EDGE_LOOP ( 'NONE', ( #9028, #7939, #4691, #629 ) ) ;
#2177 = CARTESIAN_POINT ( 'NONE',  ( 1.858178528039120876E-16, -4.999999999999999112, -7.646843530448624193 ) ) ;
#2178 = ORIENTED_EDGE ( 'NONE', *, *, #7401, .F. ) ;
#2179 = AXIS2_PLACEMENT_3D ( 'NONE', #20, #115, #4994 ) ;
#2180 = AXIS2_PLACEMENT_3D ( 'NONE', #2960, #6485, #5712 ) ;
#2181 = CARTESIAN_POINT ( 'NONE',  ( 4.991957775357460214, -0.008042224642539692187, -89.70753412542732974 ) ) ;
#2182 = CARTESIAN_POINT ( 'NONE',  ( -0.4915337874163402954, -4.508466212583661203, -36.89376480692351379 ) ) ;
#2183 = DIRECTION ( 'NONE',  ( -0.000000000000000000, -0.000000000000000000, 1.000000000000000000 ) ) ;
#2184 = DIRECTION ( 'NONE',  ( -1.000000000000000000, 1.224646799147352961E-16, 0.000000000000000000 ) ) ;
#2185 = FACE_OUTER_BOUND ( 'NONE', #2455, .T. ) ;
#2186 = CARTESIAN_POINT ( 'NONE',  ( 0.6401341107417213294, -4.359865889258278671, -71.39874954628656667 ) ) ;
#2187 = CARTESIAN_POINT ( 'NONE',  ( 3.863136006094628705, -1.136863993905370407, -37.62878377920267781 ) ) ;
#2188 = ORIENTED_EDGE ( 'NONE', *, *, #6822, .T. ) ;
#2189 = CARTESIAN_POINT ( 'NONE',  ( -0.6335913640931311042, -4.366408635906870117, -75.60619955116406743 ) ) ;
#2190 = EDGE_LOOP ( 'NONE', ( #4562, #7058 ) ) ;
#2191 = CARTESIAN_POINT ( 'NONE',  ( -1.000000000000000000, 1.224646799147353207E-16, -16.50000000000000000 ) ) ;
#2192 = CARTESIAN_POINT ( 'NONE',  ( -3.671958834454342124, -1.328041165545657876, -43.25000000000000711 ) ) ;
#2193 = CARTESIAN_POINT ( 'NONE',  ( -4.935408751172076336, -0.06459124882792278977, -74.22834765084402875 ) ) ;
#2194 = DIRECTION ( 'NONE',  ( -0.000000000000000000, -0.000000000000000000, 1.000000000000000000 ) ) ;
#2195 = CARTESIAN_POINT ( 'NONE',  ( 0.4974474678478175704, -4.502552532152181541, -55.11327242307179830 ) ) ;
#2196 = EDGE_CURVE ( 'NONE', #7417, #6823, #4732, .T. ) ;
#2197 = CARTESIAN_POINT ( 'NONE',  ( 4.366408635906908309, -0.6335913640930921353, -115.3938004488360036 ) ) ;
#2198 = ORIENTED_EDGE ( 'NONE', *, *, #5800, .F. ) ;
#2199 = DATE_TIME_ROLE ( 'classification_date' ) ;
#2200 = ORIENTED_EDGE ( 'NONE', *, *, #535, .T. ) ;
#2201 = CLOSED_SHELL ( 'NONE', ( #7889, #8383, #7121, #6749, #1253, #4317, #3712, #7661, #9075, #3996, #8395, #1695, #8254, #8804, #301, #1124, #6725, #1954, #2857, #4144, #4785, #7332, #5989, #5028, #5146, #7286, #4524, #7107, #5277, #1597, #5954, #2667, #6433, #5585, #8279, #8550, #2105, #5914, #1616, #3668, #7298, #175, #7017, #2238, #8506, #4797, #4713, #6081, #3320, #8288, #8266, #9006, #713, #1928, #1329, #8458, #7763, #1936, #2919, #5201, #3593, #6622, #2570, #924, #2004, #809, #8825, #8932, #5904, #1769, #2480, #6215, #1874, #8571, #3920, #7576, #7448, #4412, #9062, #1460, #409, #6148, #3678, #2798, #7014, #137, #772, #7963, #4547, #7672, #865, #5186, #8469, #7617, #1366, #1992, #7913, #7859, #6406, #6542, #8614, #6049, #4564, #7992, #6243, #3281, #3520, #5315, #611, #8533, #5779, #522, #3853, #1800, #6062, #3413, #2144, #203, #8605, #4253, #1678, #4494, #8069, #313, #5938, #4498, #2825, #3338, #3649, #2776, #886, #4965, #282, #4386, #1422, #4357, #5491, #7042, #5493, #5542, #4999, #1241, #601, #5263, #4823, #7971, #6094, #791, #3439, #5356, #1134, #895, #2093, #1038, #1025, #6426, #700, #7494, #5529, #6445, #1767, #7173, #2395, #1566, #215, #7132, #7095, #8124, #6036, #156, #8233, #5032, #5595, #3078, #7690, #183, #8430, #345, #1266, #3479, #5713, #8045, #6960, #8960, #4293, #2294, #6907, #586, #452, #2558, #123, #6837, #3172, #7535, #5755, #4744, #2696, #3804, #7147, #5555, #7393, #8880, #1434, #216, #5653, #6206, #5249, #5293, #8738, #803, #2048, #78, #1658, #244, #1147, #1512, #4116, #6178, #7808, #489, #8750, #5022, #7184, #6660, #3375, #5778, #296, #8162, #2123, #6473, #5188, #6900, #8919, #1647, #749, #6118, #7503, #9025, #3038, #6982, #673, #2038, #442, #4080, #3272, #2215, #2406, #4735, #5926, #5766, #7259, #5127, #546, #6198, #4643 ) ) ;
#2202 = CARTESIAN_POINT ( 'NONE',  ( -4.999999999999986677, -1.245921937940029991E-14, -117.6472572078872503 ) ) ;
#2203 = DIRECTION ( 'NONE',  ( 1.000000000000000000, 0.000000000000000000, 0.000000000000000000 ) ) ;
#2204 = EDGE_CURVE ( 'NONE', #5292, #4751, #8050, .T. ) ;
#2205 = CARTESIAN_POINT ( 'NONE',  ( 0.000000000000000000, 0.000000000000000000, -56.99999999999999289 ) ) ;
#2206 = ORIENTED_EDGE ( 'NONE', *, *, #849, .T. ) ;
#2207 = CARTESIAN_POINT ( 'NONE',  ( 0.000000000000000000, -5.000000000000000000, -84.49999999997220357 ) ) ;
#2208 = DIRECTION ( 'NONE',  ( 1.000000000000000000, 0.000000000000000000, 0.000000000000000000 ) ) ;
#2209 = CARTESIAN_POINT ( 'NONE',  ( -3.671958834454343013, -1.328041165545656765, -114.7499999999999858 ) ) ;
#2210 = CARTESIAN_POINT ( 'NONE',  ( -0.9582157396373111036, -4.041784260362688563, -92.47622534969821118 ) ) ;
#2211 = APPROVAL ( #1553, 'UNSPECIFIED' ) ;
#2212 = CARTESIAN_POINT ( 'NONE',  ( 3.904737509655562544, 0.000000000000000000, -59.75000000000000000 ) ) ;
#2213 = CARTESIAN_POINT ( 'NONE',  ( -4.991698401481079905, -0.008301598518919178771, -106.7962536293577216 ) ) ;
#2214 = DIRECTION ( 'NONE',  ( 1.000000000000000000, 0.000000000000000000, 0.000000000000000000 ) ) ;
#2215 = ADVANCED_FACE ( 'NONE', ( #2218 ), #7046, .F. ) ;
#2216 = CARTESIAN_POINT ( 'NONE',  ( 4.935956332719889872, -0.06404366728011023913, -94.77440186598522587 ) ) ;
#2217 = PLANE ( 'NONE',  #2155 ) ;
#2218 = FACE_OUTER_BOUND ( 'NONE', #1687, .T. ) ;
#2219 = EDGE_LOOP ( 'NONE', ( #2178, #3296, #5222, #8145 ) ) ;
#2220 = CARTESIAN_POINT ( 'NONE',  ( -3.863136006094624708, -1.136863993905373071, -15.62878377920270268 ) ) ;
#2221 = VERTEX_POINT ( 'NONE', #6450 ) ;
#2222 = CIRCLE ( 'NONE', #8391, 3.999999999999989786 ) ;
#2223 = DIRECTION ( 'NONE',  ( -0.000000000000000000, -0.000000000000000000, 1.000000000000000000 ) ) ;
#2224 = CARTESIAN_POINT ( 'NONE',  ( -0.7176137099645710782, -4.282386290035430143, -82.29777126957944233 ) ) ;
#2225 = DIRECTION ( 'NONE',  ( 1.224646799147353207E-16, 1.000000000000000000, 0.000000000000000000 ) ) ;
#2226 = EDGE_CURVE ( 'NONE', #7472, #3315, #3110, .T. ) ;
#2227 = AXIS2_PLACEMENT_3D ( 'NONE', #3784, #1986, #8885 ) ;
#2228 = CARTESIAN_POINT ( 'NONE',  ( 5.000000000000000000, 0.000000000000000000, 0.000000000000000000 ) ) ;
#2229 = CARTESIAN_POINT ( 'NONE',  ( -4.686141179201310791, -0.3138588207986893752, -97.03467868775796035 ) ) ;
#2230 = CARTESIAN_POINT ( 'NONE',  ( 0.000000000000000000, 0.000000000000000000, -40.50000000000000711 ) ) ;
#2231 = DIRECTION ( 'NONE',  ( 1.000000000000000000, 0.000000000000000000, 0.000000000000000000 ) ) ;
#2232 = ORIENTED_EDGE ( 'NONE', *, *, #4135, .F. ) ;
#2233 = CARTESIAN_POINT ( 'NONE',  ( 4.935408751172076336, -0.06459124882792298405, -101.7283476508440287 ) ) ;
#2234 = EDGE_LOOP ( 'NONE', ( #1181, #5602, #4887, #1047 ) ) ;
#2235 = DIRECTION ( 'NONE',  ( 1.000000000000000000, 0.000000000000000000, 0.000000000000000000 ) ) ;
#2236 = CARTESIAN_POINT ( 'NONE',  ( 1.000000000000000000, 0.000000000000000000, -71.50000000000001421 ) ) ;
#2237 = DIRECTION ( 'NONE',  ( 1.000000000000000000, 0.000000000000000000, 0.000000000000000000 ) ) ;
#2238 = ADVANCED_FACE ( 'NONE', ( #5670 ), #1056, .F. ) ;
#2239 = FACE_OUTER_BOUND ( 'NONE', #8190, .T. ) ;
#2240 = DIRECTION ( 'NONE',  ( 1.000000000000000000, 0.000000000000000000, 0.000000000000000000 ) ) ;
#2241 = DIRECTION ( 'NONE',  ( -0.000000000000000000, -0.000000000000000000, 1.000000000000000000 ) ) ;
#2242 = VERTEX_POINT ( 'NONE', #3601 ) ;
#2243 = PERSON_AND_ORGANIZATION ( #6507, #1122 ) ;
#2244 = EDGE_LOOP ( 'NONE', ( #5105, #243, #4373 ) ) ;
#2245 = B_SPLINE_CURVE_WITH_KNOTS ( 'NONE', 3,
 ( #8076, #7979, #252, #6694, #4399, #1674, #8028, #6501, #902, #7382, #7290, #7890 ),
 .UNSPECIFIED., .F., .F.,
 ( 4, 2, 2, 2, 2, 4 ),
 ( 0.003504634718750183030, 0.003941423334025066609, 0.004378211949299949321, 0.005251789179849716480, 0.006125366410399483638, 0.006998943640949250797 ),
 .UNSPECIFIED. ) ;
#2246 = CARTESIAN_POINT ( 'NONE',  ( -4.748219996434697165, -0.2517800035653023905, -6.091163627630149513 ) ) ;
#2247 = CARTESIAN_POINT ( 'NONE',  ( -0.9999999999999995559, 1.224646799147352714E-16, 0.000000000000000000 ) ) ;
#2248 = AXIS2_PLACEMENT_3D ( 'NONE', #6213, #3279, #9016 ) ;
#2249 = DIRECTION ( 'NONE',  ( -0.000000000000000000, -0.000000000000000000, 1.000000000000000000 ) ) ;
#2250 = VERTEX_POINT ( 'NONE', #2964 ) ;
#2251 = DIRECTION ( 'NONE',  ( -0.000000000000000000, -0.000000000000000000, 1.000000000000000000 ) ) ;
#2252 = CARTESIAN_POINT ( 'NONE',  ( 1.000000000000000000, 0.000000000000000000, -73.50000000000001421 ) ) ;
#2253 = FACE_OUTER_BOUND ( 'NONE', #6016, .T. ) ;
#2254 = CARTESIAN_POINT ( 'NONE',  ( -1.136906711513338886, -3.863093288486661336, -120.3711891356230694 ) ) ;
#2255 = ORIENTED_EDGE ( 'NONE', *, *, #6061, .F. ) ;
#2256 = CYLINDRICAL_SURFACE ( 'NONE', #3371, 0.9999999999999995559 ) ;
#2257 = EDGE_CURVE ( 'NONE', #6631, #7481, #1822, .T. ) ;
#2258 = AXIS2_PLACEMENT_3D ( 'NONE', #6796, #6100, #3475 ) ;
#2259 = FACE_OUTER_BOUND ( 'NONE', #6058, .T. ) ;
#2260 =( REPRESENTATION_RELATIONSHIP ('NONE','NONE', #8935, #4872 ) REPRESENTATION_RELATIONSHIP_WITH_TRANSFORMATION ( #8040 )SHAPE_REPRESENTATION_RELATIONSHIP( ) );
#2261 = CARTESIAN_POINT ( 'NONE',  ( 5.000000000000285105, 2.853001529572313671E-13, -29.50000000000020961 ) ) ;
#2262 = DIRECTION ( 'NONE',  ( 1.000000000000000000, 0.000000000000000000, 0.000000000000000000 ) ) ;
#2263 = CARTESIAN_POINT ( 'NONE',  ( 1.136863993906869874, -3.863136006093129904, -98.37121622079632743 ) ) ;
#2264 = VERTEX_POINT ( 'NONE', #6534 ) ;
#2265 = CARTESIAN_POINT ( 'NONE',  ( -0.2517800035653552371, -4.748219996434645651, -8.908836372369988155 ) ) ;
#2266 = TOROIDAL_SURFACE ( 'NONE', #8881, 1.000000000000000000, 3.999999999999996447 ) ;
#2267 = ORIENTED_EDGE ( 'NONE', *, *, #2226, .T. ) ;
#2268 = EDGE_CURVE ( 'NONE', #6082, #6823, #6932, .T. ) ;
#2269 = AXIS2_PLACEMENT_3D ( 'NONE', #6387, #3683, #91 ) ;
#2270 = CARTESIAN_POINT ( 'NONE',  ( 3.671958834454343013, -1.328041165545656987, -109.2499999999999858 ) ) ;
#2271 = AXIS2_PLACEMENT_3D ( 'NONE', #4907, #8366, #7064 ) ;
#2272 = CARTESIAN_POINT ( 'NONE',  ( -0.1593231317748076137, -4.840676868225192386, -96.64678058429974783 ) ) ;
#2273 = DIRECTION ( 'NONE',  ( -0.000000000000000000, -0.000000000000000000, 1.000000000000000000 ) ) ;
#2274 = CARTESIAN_POINT ( 'NONE',  ( 0.1593231317748074471, -4.840676868225192386, -85.64678058429973362 ) ) ;
#2275 = CARTESIAN_POINT ( 'NONE',  ( 0.000000000000000000, 0.000000000000000000, 0.000000000000000000 ) ) ;
#2276 = CARTESIAN_POINT ( 'NONE',  ( -0.4974474678531847216, -4.502552532146815167, -77.11327242306302310 ) ) ;
#2277 = DIRECTION ( 'NONE',  ( 1.000000000000000000, 0.000000000000000000, 0.000000000000000000 ) ) ;
#2278 = ORIENTED_EDGE ( 'NONE', *, *, #4265, .T. ) ;
#2279 = DIRECTION ( 'NONE',  ( 1.000000000000000000, 0.000000000000000000, 0.000000000000000000 ) ) ;
#2280 = CIRCLE ( 'NONE', #3025, 3.904737509655565209 ) ;
#2281 = ORIENTED_EDGE ( 'NONE', *, *, #5369, .F. ) ;
#2282 = EDGE_CURVE ( 'NONE', #7181, #3667, #4430, .T. ) ;
#2283 = CIRCLE ( 'NONE', #3907, 4.000000000000003553 ) ;
#2284 = DIRECTION ( 'NONE',  ( -1.000000000000000000, 1.224646799147353207E-16, 0.000000000000000000 ) ) ;
#2285 = VECTOR ( 'NONE', #2442, 1000.000000000000000 ) ;
#2286 = CARTESIAN_POINT ( 'NONE',  ( -4.686141179201315232, -0.3138588207986845457, -42.03467868775799587 ) ) ;
#2287 = CARTESIAN_POINT ( 'NONE',  ( 1.328041165545656765, -3.671958834454343013, -92.74999999999998579 ) ) ;
#2288 = CARTESIAN_POINT ( 'NONE',  ( 0.04063066961489580214, -4.959369330385102970, -56.41386551654450443 ) ) ;
#2289 = DIRECTION ( 'NONE',  ( -0.000000000000000000, -0.000000000000000000, 1.000000000000000000 ) ) ;
#2290 = ORIENTED_EDGE ( 'NONE', *, *, #3223, .F. ) ;
#2291 = PERSON_AND_ORGANIZATION ( #6507, #1122 ) ;
#2292 = ORIENTED_EDGE ( 'NONE', *, *, #3581, .F. ) ;
#2293 = LOCAL_TIME ( 21, 14, 1.000000000000000000, #1602 ) ;
#2294 = ADVANCED_FACE ( 'NONE', ( #1762 ), #2372, .T. ) ;
#2295 = EDGE_CURVE ( 'NONE', #3987, #8363, #6634, .T. ) ;
#2296 = CARTESIAN_POINT ( 'NONE',  ( -1.000000000000000000, 1.224646799147353207E-16, -46.00000000000000000 ) ) ;
#2297 = CARTESIAN_POINT ( 'NONE',  ( -4.567820679631958924, -0.4321793203680420747, -86.27342623723036752 ) ) ;
#2298 = CARTESIAN_POINT ( 'NONE',  ( 3.904737509655572758, 0.000000000000000000, -65.24999999999998579 ) ) ;
#2299 = ORIENTED_EDGE ( 'NONE', *, *, #6017, .T. ) ;
#2300 = DIRECTION ( 'NONE',  ( -0.000000000000000000, -0.000000000000000000, 1.000000000000000000 ) ) ;
#2301 = CARTESIAN_POINT ( 'NONE',  ( 4.508466212578261967, -0.4915337874217372560, -71.60623519306798812 ) ) ;
#2302 = DIRECTION ( 'NONE',  ( 0.000000000000000000, -1.000000000000000000, 0.000000000000000000 ) ) ;
#2303 = CARTESIAN_POINT ( 'NONE',  ( -0.6401341107417187759, -4.359865889258282223, -115.3987495462865809 ) ) ;
#2304 = B_SPLINE_CURVE_WITH_KNOTS ( 'NONE', 3,
 ( #7710, #6117, #8142, #8098, #1845, #3268, #6068, #7544, #8875, #5430, #8624, #2233, #2939, #7760, #5040, #210 ),
 .UNSPECIFIED., .F., .F.,
 ( 4, 2, 2, 2, 2, 2, 2, 4 ),
 ( 4.818711198665871750E-07, 0.0008765200830274456944, 0.001314539188981235377, 0.001752558294935024951, 0.002190577400888814308, 0.002628596506842603882, 0.003066615612796393456, 0.003504634718750183030 ),
 .UNSPECIFIED. ) ;
#2305 = VERTEX_POINT ( 'NONE', #1069 ) ;
#2306 = DIRECTION ( 'NONE',  ( 1.224646799147353207E-16, 1.000000000000000000, 0.000000000000000000 ) ) ;
#2307 = DIRECTION ( 'NONE',  ( -0.000000000000000000, -0.000000000000000000, 1.000000000000000000 ) ) ;
#2308 = AXIS2_PLACEMENT_3D ( 'NONE', #497, #5419, #1923 ) ;
#2309 = CIRCLE ( 'NONE', #6557, 3.904737509655562544 ) ;
#2310 = DIRECTION ( 'NONE',  ( -0.000000000000000000, -0.000000000000000000, 1.000000000000000000 ) ) ;
#2311 = CARTESIAN_POINT ( 'NONE',  ( 4.366408635906906532, -0.6335913640930934676, -93.39380044883598941 ) ) ;
#2312 = CARTESIAN_POINT ( 'NONE',  ( -0.06459124883188710475, -4.935408751168113284, -100.2716523491350671 ) ) ;
#2313 = CARTESIAN_POINT ( 'NONE',  ( 0.2608011983036452319, -4.739198801696355545, -99.59076228219167604 ) ) ;
#2314 = EDGE_CURVE ( 'NONE', #8122, #9072, #18, .T. ) ;
#2315 = EDGE_LOOP ( 'NONE', ( #1908, #3257, #7658, #6810 ) ) ;
#2316 = CARTESIAN_POINT ( 'NONE',  ( -0.06459124882788504218, -4.935408751172115416, -17.77165234915617376 ) ) ;
#2317 = ORIENTED_EDGE ( 'NONE', *, *, #1635, .T. ) ;
#2318 = CIRCLE ( 'NONE', #2169, 4.000000000000000000 ) ;
#2319 = CIRCLE ( 'NONE', #7750, 2.000000000000001776 ) ;
#2320 = VERTEX_POINT ( 'NONE', #8694 ) ;
#2321 = CARTESIAN_POINT ( 'NONE',  ( -0.9999999999999993339, 1.224646799147353207E-16, -36.99999999999999289 ) ) ;
#2322 = CARTESIAN_POINT ( 'NONE',  ( -1.000000000000000000, 1.224646799147353207E-16, -88.00000000000000000 ) ) ;
#2323 = CARTESIAN_POINT ( 'NONE',  ( 3.000000000000000000, 0.000000000000000000, -2.000000000000000000 ) ) ;
#2324 = CARTESIAN_POINT ( 'NONE',  ( -0.6401341107417212184, -4.359865889258280447, -60.39874954628655956 ) ) ;
#2325 = CARTESIAN_POINT ( 'NONE',  ( 0.4974474678478241207, -4.502552532152177100, -71.61327242307181962 ) ) ;
#2326 = EDGE_CURVE ( 'NONE', #60, #1387, #3519, .T. ) ;
#2327 = FACE_OUTER_BOUND ( 'NONE', #8645, .T. ) ;
#2328 = VERTEX_POINT ( 'NONE', #3827 ) ;
#2329 = CARTESIAN_POINT ( 'NONE',  ( -0.06404366728014532217, -4.935956332719855233, -74.22559813401497308 ) ) ;
#2330 = AXIS2_PLACEMENT_3D ( 'NONE', #5248, #1660, #7364 ) ;
#2331 = ORIENTED_EDGE ( 'NONE', *, *, #2196, .F. ) ;
#2332 = AXIS2_PLACEMENT_3D ( 'NONE', #8607, #2306, #4422 ) ;
#2333 = PRODUCT_DEFINITION ( 'UNKNOWN', '', #2460, #2968 ) ;
#2334 = AXIS2_PLACEMENT_3D ( 'NONE', #2477, #6102, #5229 ) ;
#2335 = CYLINDRICAL_SURFACE ( 'NONE', #946, 0.9999999999999995559 ) ;
#2336 = DIRECTION ( 'NONE',  ( 1.224646799147353207E-16, 1.000000000000000000, 0.000000000000000000 ) ) ;
#2337 = CARTESIAN_POINT ( 'NONE',  ( 0.4974474678478199574, -4.502552532152179765, -16.61327242307181962 ) ) ;
#2338 = DIRECTION ( 'NONE',  ( 0.000000000000000000, -0.000000000000000000, 1.000000000000000000 ) ) ;
#2339 = EDGE_CURVE ( 'NONE', #4702, #1808, #2677, .T. ) ;
#2340 = CARTESIAN_POINT ( 'NONE',  ( 0.000000000000000000, 0.000000000000000000, -122.9999999999999716 ) ) ;
#2341 = ORIENTED_EDGE ( 'NONE', *, *, #2676, .T. ) ;
#2342 = CALENDAR_DATE ( 2026, 24, 2 ) ;
#2343 = EDGE_LOOP ( 'NONE', ( #455, #5737, #7990 ) ) ;
#2344 = FACE_OUTER_BOUND ( 'NONE', #2988, .T. ) ;
#2345 = EDGE_CURVE ( 'NONE', #4774, #1608, #4426, .T. ) ;
#2346 = DIRECTION ( 'NONE',  ( -0.000000000000000000, -0.000000000000000000, 1.000000000000000000 ) ) ;
#2347 = VERTEX_POINT ( 'NONE', #8654 ) ;
#2348 = CARTESIAN_POINT ( 'NONE',  ( 4.040089233413053371, -0.9599107665869472950, -108.9776342793601742 ) ) ;
#2349 = CARTESIAN_POINT ( 'NONE',  ( -0.9999999999999993339, 1.224646799147353207E-16, -75.50000000000000000 ) ) ;
#2350 = CARTESIAN_POINT ( 'NONE',  ( 0.000000000000000000, 0.000000000000000000, -123.0000000000000000 ) ) ;
#2351 = ORIENTED_EDGE ( 'NONE', *, *, #8627, .T. ) ;
#2352 = CARTESIAN_POINT ( 'NONE',  ( -0.9582157396373355285, -4.041784260362662806, -48.47622534969823249 ) ) ;
#2353 = FACE_OUTER_BOUND ( 'NONE', #6789, .T. ) ;
#2354 = CARTESIAN_POINT ( 'NONE',  ( 0.4915337874217822201, -4.508466212578217558, -119.3937648069321114 ) ) ;
#2355 = CARTESIAN_POINT ( 'NONE',  ( -0.4974474678531454752, -4.502552532146853359, -99.11327242306307994 ) ) ;
#2356 = DIRECTION ( 'NONE',  ( 1.224646799147353207E-16, 1.000000000000000000, 0.000000000000000000 ) ) ;
#2357 = ORIENTED_EDGE ( 'NONE', *, *, #7897, .T. ) ;
#2358 = CARTESIAN_POINT ( 'NONE',  ( 4.359865889258244920, -0.6401341107417566345, -97.60125045371351860 ) ) ;
#2359 = EDGE_LOOP ( 'NONE', ( #135, #2775, #7637, #3095 ) ) ;
#2360 = VERTEX_POINT ( 'NONE', #5159 ) ;
#2361 = CARTESIAN_POINT ( 'NONE',  ( 2.668153783851045144E-17, -5.000000000000000000, -7.352742792112993087 ) ) ;
#2362 = B_SPLINE_CURVE_WITH_KNOTS ( 'NONE', 3,
 ( #4705, #8882, #2678, #469, #3323, #3971, #8246, #3273, #8148, #1243, #6074, #2586, #7507, #1202, #4011, #514 ),
 .UNSPECIFIED., .F., .F.,
 ( 4, 2, 2, 2, 2, 2, 2, 4 ),
 ( 4.818711198574991468E-07, 0.0008765200830206172807, 0.001314539188970997039, 0.001752558294921377014, 0.002190577400871756772, 0.002628596506822136313, 0.003066615612772516288, 0.003504634718722896263 ),
 .UNSPECIFIED. ) ;
#2363 = CARTESIAN_POINT ( 'NONE',  ( -1.021882888061571761E-12, -5.000000000001022293, -46.14684353042215292 ) ) ;
#2364 = CARTESIAN_POINT ( 'NONE',  ( 4.991698401481085234, -0.008301598518915846367, -29.79625362935772870 ) ) ;
#2365 = CARTESIAN_POINT ( 'NONE',  ( -0.1676550930108567650, -4.832344906989144206, -61.35453806259097576 ) ) ;
#2366 = CARTESIAN_POINT ( 'NONE',  ( 0.000000000000000000, 0.000000000000000000, -18.50000000000000355 ) ) ;
#2367 = DIRECTION ( 'NONE',  ( -0.000000000000000000, -0.000000000000000000, 1.000000000000000000 ) ) ;
#2368 = ORIENTED_EDGE ( 'NONE', *, *, #5664, .T. ) ;
#2369 = CARTESIAN_POINT ( 'NONE',  ( 4.508466212578270849, -0.4915337874217298730, -55.10623519306795259 ) ) ;
#2370 = ORIENTED_EDGE ( 'NONE', *, *, #5223, .T. ) ;
#2371 = EDGE_CURVE ( 'NONE', #1354, #241, #7373, .T. ) ;
#2372 = TOROIDAL_SURFACE ( 'NONE', #6199, 1.000000000000000000, 4.000000000000000000 ) ;
#2373 = CARTESIAN_POINT ( 'NONE',  ( -0.4321793203734989874, -4.567820679626500180, -66.22657376275981278 ) ) ;
#2374 = AXIS2_PLACEMENT_3D ( 'NONE', #787, #2387, #4549 ) ;
#2375 = CARTESIAN_POINT ( 'NONE',  ( -1.000000000000000000, 1.224646799147353207E-16, -106.5000000000000000 ) ) ;
#2376 = CARTESIAN_POINT ( 'NONE',  ( -4.567820679631958924, -0.4321793203680420192, -9.273426237230360414 ) ) ;
#2377 = CC_DESIGN_PERSON_AND_ORGANIZATION_ASSIGNMENT ( #2058, #4690, ( #247 ) ) ;
#2378 = DIRECTION ( 'NONE',  ( 0.000000000000000000, -1.000000000000000000, 0.000000000000000000 ) ) ;
#2379 = CARTESIAN_POINT ( 'NONE',  ( -8.139986623113826258E-16, -4.999999999999999112, -23.85274279211298776 ) ) ;
#2380 = ORIENTED_EDGE ( 'NONE', *, *, #8185, .T. ) ;
#2381 = ITEM_DEFINED_TRANSFORMATION ( 'NONE', 'NONE', #2885,  #8018 ) ;
#2382 = ORIENTED_EDGE ( 'NONE', *, *, #8561, .T. ) ;
#2383 = AXIS2_PLACEMENT_3D ( 'NONE', #7178, #5195, #1059 ) ;
#2384 = EDGE_CURVE ( 'NONE', #7060, #7458, #5316, .T. ) ;
#2385 = CARTESIAN_POINT ( 'NONE',  ( 5.000000000000000000, 0.000000000000000000, -2.000000000000000000 ) ) ;
#2386 = CC_DESIGN_DATE_AND_TIME_ASSIGNMENT ( #1644, #3166, ( #4811 ) ) ;
#2387 = DIRECTION ( 'NONE',  ( -0.000000000000000000, -0.000000000000000000, 1.000000000000000000 ) ) ;
#2388 = CARTESIAN_POINT ( 'NONE',  ( 0.000000000000000000, 0.000000000000000000, -35.00000000000000000 ) ) ;
#2389 = VERTEX_POINT ( 'NONE', #329 ) ;
#2390 = DIRECTION ( 'NONE',  ( 1.000000000000000000, 0.000000000000000000, 0.000000000000000000 ) ) ;
#2391 = CARTESIAN_POINT ( 'NONE',  ( -1.328041165545657876, -3.671958834454342124, -54.25000000000000000 ) ) ;
#2392 = CARTESIAN_POINT ( 'NONE',  ( -0.6402698276730247606, -4.359730172326975683, -120.8985659487770761 ) ) ;
#2393 = ORIENTED_EDGE ( 'NONE', *, *, #5885, .T. ) ;
#2394 = DIRECTION ( 'NONE',  ( 1.000000000000000000, 0.000000000000000000, 0.000000000000000000 ) ) ;
#2395 = ADVANCED_FACE ( 'NONE', ( #3135 ), #4284, .T. ) ;
#2396 = VECTOR ( 'NONE', #7375, 1000.000000000000000 ) ;
#2397 = DIRECTION ( 'NONE',  ( 1.000000000000000000, 0.000000000000000000, 0.000000000000000000 ) ) ;
#2398 = CARTESIAN_POINT ( 'NONE',  ( 1.000000000000000000, 0.000000000000000000, -51.50000000000000711 ) ) ;
#2399 = CARTESIAN_POINT ( 'NONE',  ( 5.000000000000285105, 2.852467898815543462E-13, -13.00000000000021316 ) ) ;
#2400 = ORIENTED_EDGE ( 'NONE', *, *, #3569, .T. ) ;
#2401 = CARTESIAN_POINT ( 'NONE',  ( 1.328041165545648772, -3.671958834454351450, -65.24999999999998579 ) ) ;
#2402 = ORIENTED_EDGE ( 'NONE', *, *, #7679, .T. ) ;
#2403 = CIRCLE ( 'NONE', #7550, 2.000000000000001776 ) ;
#2404 = CIRCLE ( 'NONE', #5786, 2.000000000000001776 ) ;
#2405 = EDGE_CURVE ( 'NONE', #4199, #177, #2974, .T. ) ;
#2406 = ADVANCED_FACE ( 'NONE', ( #2036 ), #5891, .F. ) ;
#2407 = ORIENTED_EDGE ( 'NONE', *, *, #6772, .F. ) ;
#2408 = CARTESIAN_POINT ( 'NONE',  ( -4.872131520502827051, -0.1278684794971737537, -25.00740203054003530 ) ) ;
#2409 = DIRECTION ( 'NONE',  ( -0.000000000000000000, -0.000000000000000000, 1.000000000000000000 ) ) ;
#2410 = DIRECTION ( 'NONE',  ( 1.000000000000000000, 0.000000000000000000, 0.000000000000000000 ) ) ;
#2411 = DIRECTION ( 'NONE',  ( -0.000000000000000000, -0.000000000000000000, 1.000000000000000000 ) ) ;
#2412 = CARTESIAN_POINT ( 'NONE',  ( 1.000000000000000000, 0.000000000000000000, -110.0000000000000000 ) ) ;
#2413 = CARTESIAN_POINT ( 'NONE',  ( -5.000000000000285993, 2.863267262836209146E-13, -46.00000000000020606 ) ) ;
#2414 = TOROIDAL_SURFACE ( 'NONE', #7561, 1.000000000000000000, 3.999999999999996447 ) ;
#2415 = CARTESIAN_POINT ( 'NONE',  ( -0.9582157396373111036, -4.041784260362688563, -108.9762253496981828 ) ) ;
#2416 = ORIENTED_EDGE ( 'NONE', *, *, #8301, .T. ) ;
#2417 = DIRECTION ( 'NONE',  ( -0.000000000000000000, -0.000000000000000000, 1.000000000000000000 ) ) ;
#2418 = ORIENTED_EDGE ( 'NONE', *, *, #4891, .F. ) ;
#2419 = B_SPLINE_CURVE_WITH_KNOTS ( 'NONE', 3,
 ( #8602, #3177, #6480, #5793, #3085, #1610, #8647, #2301, #7223, #5107, #5836, #186 ),
 .UNSPECIFIED., .F., .F.,
 ( 4, 2, 2, 2, 2, 4 ),
 ( 0.003504634718750183030, 0.003941423334025067476, 0.004378211949299951056, 0.005251789179849720816, 0.006125366410399489710, 0.006998943640949258603 ),
 .UNSPECIFIED. ) ;
#2420 = AXIS2_PLACEMENT_3D ( 'NONE', #5599, #8403, #2106 ) ;
#2421 = DIRECTION ( 'NONE',  ( 1.000000000000000000, 0.000000000000000000, 0.000000000000000000 ) ) ;
#2422 = CARTESIAN_POINT ( 'NONE',  ( 0.000000000000000000, 0.000000000000000000, -15.75000000000000000 ) ) ;
#2423 = CARTESIAN_POINT ( 'NONE',  ( 0.7176137099602448721, -4.282386290039755572, -16.29777126958477496 ) ) ;
#2424 = DIRECTION ( 'NONE',  ( 1.000000000000000000, 0.000000000000000000, 0.000000000000000000 ) ) ;
#2425 = AXIS2_PLACEMENT_3D ( 'NONE', #5380, #6245, #4698 ) ;
#2426 = CARTESIAN_POINT ( 'NONE',  ( -5.000000000000000000, 0.000000000000000000, -131.9999999999999716 ) ) ;
#2427 = DIRECTION ( 'NONE',  ( -1.000000000000000000, 1.224646799147353207E-16, 0.000000000000000000 ) ) ;
#2428 = VERTEX_POINT ( 'NONE', #6173 ) ;
#2429 = AXIS2_PLACEMENT_3D ( 'NONE', #6864, #3374, #515 ) ;
#2430 = PERSON_AND_ORGANIZATION ( #4871, #6870 ) ;
#2431 = EDGE_CURVE ( 'NONE', #2439, #1788, #5463, .T. ) ;
#2432 = VERTEX_POINT ( 'NONE', #2590 ) ;
#2433 = B_SPLINE_CURVE_WITH_KNOTS ( 'NONE', 3,
 ( #5415, #7579, #1349, #2699, #4682, #1270, #4127, #2563, #9033, #624, #8908, #8226 ),
 .UNSPECIFIED., .F., .F.,
 ( 4, 2, 2, 2, 2, 4 ),
 ( 0.003504634718722896263, 0.003941423334001193345, 0.004378211949279489992, 0.005251789179836083288, 0.006125366410392676583, 0.006998943640949270746 ),
 .UNSPECIFIED. ) ;
#2434 = CIRCLE ( 'NONE', #4923, 1.000000000000000000 ) ;
#2435 = FACE_OUTER_BOUND ( 'NONE', #8386, .T. ) ;
#2436 = AXIS2_PLACEMENT_3D ( 'NONE', #4374, #5149, #7315 ) ;
#2437 = CARTESIAN_POINT ( 'NONE',  ( 0.000000000000000000, 0.000000000000000000, -22.00000000000000000 ) ) ;
#2438 = DIRECTION ( 'NONE',  ( 1.000000000000000000, 0.000000000000000000, 0.000000000000000000 ) ) ;
#2439 = VERTEX_POINT ( 'NONE', #8338 ) ;
#2440 = CARTESIAN_POINT ( 'NONE',  ( 0.1278684794971281791, -4.872131520502871460, -22.99259796946014589 ) ) ;
#2441 = CIRCLE ( 'NONE', #6396, 2.999999999999998668 ) ;
#2442 = DIRECTION ( 'NONE',  ( -0.000000000000000000, -0.000000000000000000, 1.000000000000000000 ) ) ;
#2443 = EDGE_CURVE ( 'NONE', #2360, #6095, #2533, .T. ) ;
#2444 = ORIENTED_EDGE ( 'NONE', *, *, #4045, .F. ) ;
#2445 = CARTESIAN_POINT ( 'NONE',  ( 0.06404366728014300458, -4.935956332719856121, -8.225598134014973084 ) ) ;
#2446 = AXIS2_PLACEMENT_3D ( 'NONE', #2652, #4673, #4076 ) ;
#2447 = DIRECTION ( 'NONE',  ( -0.000000000000000000, -0.000000000000000000, 1.000000000000000000 ) ) ;
#2448 = CARTESIAN_POINT ( 'NONE',  ( 4.872131520502827939, -0.1278684794971708116, -47.00740203054003530 ) ) ;
#2449 = CARTESIAN_POINT ( 'NONE',  ( 0.008301598520849608545, -4.991698401479151670, -78.70374637061695466 ) ) ;
#2450 = DIRECTION ( 'NONE',  ( 1.000000000000000000, 0.000000000000000000, 0.000000000000000000 ) ) ;
#2451 = CARTESIAN_POINT ( 'NONE',  ( 0.000000000000000000, -5.000000000000000000, -100.9999999999722036 ) ) ;
#2452 = EDGE_CURVE ( 'NONE', #5031, #86, #6818, .T. ) ;
#2453 = ORIENTED_EDGE ( 'NONE', *, *, #8815, .F. ) ;
#2454 = CARTESIAN_POINT ( 'NONE',  ( 0.000000000000000000, 0.000000000000000000, -51.50000000000000711 ) ) ;
#2455 = EDGE_LOOP ( 'NONE', ( #7630, #2783, #4847, #1690 ) ) ;
#2456 = AXIS2_PLACEMENT_3D ( 'NONE', #2793, #3478, #5458 ) ;
#2457 = AXIS2_PLACEMENT_3D ( 'NONE', #4694, #3310, #5465 ) ;
#2458 = TOROIDAL_SURFACE ( 'NONE', #839, 1.000000000000000000, 3.999999999999996447 ) ;
#2459 = CARTESIAN_POINT ( 'NONE',  ( 0.000000000000000000, 0.000000000000000000, -40.50000000000000711 ) ) ;
#2460 = PRODUCT_DEFINITION_FORMATION_WITH_SPECIFIED_SOURCE ( 'ANY', '', #2788, .NOT_KNOWN. ) ;
#2461 = DIRECTION ( 'NONE',  ( -0.000000000000000000, -0.000000000000000000, 1.000000000000000000 ) ) ;
#2462 = CARTESIAN_POINT ( 'NONE',  ( 4.999999999999992006, -9.130379896690894842E-15, -29.64725720788726449 ) ) ;
#2463 = CARTESIAN_POINT ( 'NONE',  ( 4.991957775357462879, -0.008042224642537201124, -40.20753412542731553 ) ) ;
#2464 = CARTESIAN_POINT ( 'NONE',  ( 0.000000000000000000, 0.000000000000000000, 0.000000000000000000 ) ) ;
#2465 = DIRECTION ( 'NONE',  ( 1.000000000000000000, 0.000000000000000000, 0.000000000000000000 ) ) ;
#2466 = CARTESIAN_POINT ( 'NONE',  ( -4.359865889258241367, -0.6401341107417585219, -37.10125045371349728 ) ) ;
#2467 = ORIENTED_EDGE ( 'NONE', *, *, #5765, .F. ) ;
#2468 = CARTESIAN_POINT ( 'NONE',  ( -0.008301598520849516605, -4.991698401479150782, -89.70374637061692624 ) ) ;
#2469 = AXIS2_PLACEMENT_3D ( 'NONE', #2658, #2745, #6888 ) ;
#2470 = VERTEX_POINT ( 'NONE', #4792 ) ;
#2471 = AXIS2_PLACEMENT_3D ( 'NONE', #887, #191, #1572 ) ;
#2472 = CARTESIAN_POINT ( 'NONE',  ( -0.008301598520836200867, -4.991698401479165881, -67.70374637061713941 ) ) ;
#2473 = CARTESIAN_POINT ( 'NONE',  ( 4.041784260359809089, -0.9582157396401939087, -32.52377465029932324 ) ) ;
#2474 = CARTESIAN_POINT ( 'NONE',  ( -4.502552532152133580, -0.4974474678478685297, -9.386727576928269201 ) ) ;
#2475 = VECTOR ( 'NONE', #2447, 1000.000000000000000 ) ;
#2476 = CARTESIAN_POINT ( 'NONE',  ( 4.359865889258244920, -0.6401341107417566345, -75.60125045371349017 ) ) ;
#2477 = CARTESIAN_POINT ( 'NONE',  ( 0.000000000000000000, 0.000000000000000000, -106.5000000000000000 ) ) ;
#2478 = CARTESIAN_POINT ( 'NONE',  ( -3.671958834454343013, -1.328041165545656765, -109.2499999999999858 ) ) ;
#2479 = CARTESIAN_POINT ( 'NONE',  ( -0.4974474678478200684, -4.502552532152180653, -22.11327242307182317 ) ) ;
#2480 = ADVANCED_FACE ( 'NONE', ( #8293 ), #1636, .T. ) ;
#2481 = ORIENTED_EDGE ( 'NONE', *, *, #1554, .T. ) ;
#2482 = PERSON_AND_ORGANIZATION_ROLE ( 'classification_officer' ) ;
#2483 = ORIENTED_EDGE ( 'NONE', *, *, #649, .T. ) ;
#2484 = EDGE_CURVE ( 'NONE', #1915, #6512, #1526, .T. ) ;
#2485 = CARTESIAN_POINT ( 'NONE',  ( 4.508466212578267296, -0.4915337874217342029, -22.10623519306795615 ) ) ;
#2486 = DIRECTION ( 'NONE',  ( 1.000000000000000000, 0.000000000000000000, 0.000000000000000000 ) ) ;
#2487 = CARTESIAN_POINT ( 'NONE',  ( -3.671958834454343013, -1.328041165545656765, -120.2499999999999858 ) ) ;
#2488 = EDGE_LOOP ( 'NONE', ( #5568, #7731, #2402 ) ) ;
#2489 = CARTESIAN_POINT ( 'NONE',  ( 1.000000000000000000, 0.000000000000000000, -4.000000000000000000 ) ) ;
#2490 = CARTESIAN_POINT ( 'NONE',  ( -0.4321793203679934470, -4.567820679632006886, -5.726573762769739950 ) ) ;
#2491 = ORIENTED_EDGE ( 'NONE', *, *, #3636, .T. ) ;
#2492 = CARTESIAN_POINT ( 'NONE',  ( 0.000000000000000000, 0.000000000000000000, -56.99999999999999289 ) ) ;
#2493 = EDGE_CURVE ( 'NONE', #6611, #3857, #8984, .T. ) ;
#2494 = DIRECTION ( 'NONE',  ( 1.000000000000000000, 0.000000000000000000, 0.000000000000000000 ) ) ;
#2495 = CARTESIAN_POINT ( 'NONE',  ( -4.502552532152133580, -0.4974474678478660872, -53.38672757692827275 ) ) ;
#2496 = ORIENTED_EDGE ( 'NONE', *, *, #3569, .F. ) ;
#2497 = FACE_OUTER_BOUND ( 'NONE', #1623, .T. ) ;
#2498 = CARTESIAN_POINT ( 'NONE',  ( 4.840676868219848217, -0.1593231317801513947, -11.85321941568364146 ) ) ;
#2499 = CC_DESIGN_PERSON_AND_ORGANIZATION_ASSIGNMENT ( #5284, #2482, ( #4811 ) ) ;
#2500 = EDGE_LOOP ( 'NONE', ( #8297, #6283, #6746 ) ) ;
#2501 = DIRECTION ( 'NONE',  ( 1.224646799147353207E-16, 1.000000000000000000, 0.000000000000000000 ) ) ;
#2502 = ORIENTED_EDGE ( 'NONE', *, *, #148, .F. ) ;
#2503 = EDGE_CURVE ( 'NONE', #1915, #1525, #4580, .T. ) ;
#2504 = CARTESIAN_POINT ( 'NONE',  ( -0.1273018362889391242, -4.872698163711060459, -3.005387209383886482 ) ) ;
#2505 = CARTESIAN_POINT ( 'NONE',  ( 0.03993437491367126529, -4.960065625086329533, -46.58131021350184398 ) ) ;
#2506 = CYLINDRICAL_SURFACE ( 'NONE', #7954, 0.9999999999999995559 ) ;
#2507 = FACE_OUTER_BOUND ( 'NONE', #9054, .T. ) ;
#2508 = CARTESIAN_POINT ( 'NONE',  ( 0.000000000000000000, -5.000000000000000000, -62.50000000000000000 ) ) ;
#2509 = CARTESIAN_POINT ( 'NONE',  ( 1.000000000000000000, 0.000000000000000000, -46.00000000000000000 ) ) ;
#2510 = DIRECTION ( 'NONE',  ( 1.000000000000000000, 0.000000000000000000, 0.000000000000000000 ) ) ;
#2511 = ORIENTED_EDGE ( 'NONE', *, *, #3088, .T. ) ;
#2512 = CARTESIAN_POINT ( 'NONE',  ( 0.9999999999999995559, 0.000000000000000000, 0.000000000000000000 ) ) ;
#2513 = ORIENTED_EDGE ( 'NONE', *, *, #3510, .T. ) ;
#2514 = EDGE_CURVE ( 'NONE', #7077, #257, #2818, .T. ) ;
#2515 = CARTESIAN_POINT ( 'NONE',  ( 0.000000000000000000, -5.000000000000000000, -45.99999999997221067 ) ) ;
#2516 = EDGE_CURVE ( 'NONE', #2328, #39, #3959, .T. ) ;
#2517 = DIRECTION ( 'NONE',  ( -0.000000000000000000, -0.000000000000000000, 1.000000000000000000 ) ) ;
#2518 = CARTESIAN_POINT ( 'NONE',  ( -5.000000000000284217, 2.844327595795845334E-13, -7.500000000000213163 ) ) ;
#2519 = B_SPLINE_CURVE_WITH_KNOTS ( 'NONE', 3,
 ( #7782, #6393, #7131, #1469, #4379, #7180, #4280, #1423, #882, #5748, #1565, #2120 ),
 .UNSPECIFIED., .F., .F.,
 ( 4, 2, 2, 2, 2, 4 ),
 ( 0.003504634718750428493, 0.003941423334025284317, 0.004378211949300140141, 0.005251789179849850053, 0.006125366410399560833, 0.006998943640949271613 ),
 .UNSPECIFIED. ) ;
#2520 = CARTESIAN_POINT ( 'NONE',  ( 3.863136006094629149, -1.136863993905370185, -76.12878377920272044 ) ) ;
#2521 = CARTESIAN_POINT ( 'NONE',  ( -1.328041165545656765, -3.671958834454343013, -103.7500000000000000 ) ) ;
#2522 = DIRECTION ( 'NONE',  ( 1.000000000000000000, 0.000000000000000000, 0.000000000000000000 ) ) ;
#2523 = CARTESIAN_POINT ( 'NONE',  ( 0.008042224640654448489, -4.991957775359346705, -90.29246587454757389 ) ) ;
#2524 = ORIENTED_EDGE ( 'NONE', *, *, #4459, .F. ) ;
#2525 = B_SPLINE_CURVE_WITH_KNOTS ( 'NONE', 3,
 ( #6754, #1783, #4585, #7391, #6608, #5180, #8178, #8086, #4632, #3161, #3302, #8717 ),
 .UNSPECIFIED., .F., .F.,
 ( 4, 2, 2, 2, 2, 4 ),
 ( 0.003504634718750178693, 0.003941423334025064007, 0.004378211949299950188, 0.005251789179849721684, 0.006125366410399492312, 0.006998943640949263807 ),
 .UNSPECIFIED. ) ;
#2526 = DATE_AND_TIME ( #309, #3484 ) ;
#2527 = EDGE_LOOP ( 'NONE', ( #2672, #36, #3079, #760 ) ) ;
#2528 = AXIS2_PLACEMENT_3D ( 'NONE', #8893, #2598, #7611 ) ;
#2529 = EDGE_CURVE ( 'NONE', #3267, #8330, #1753, .T. ) ;
#2530 = CARTESIAN_POINT ( 'NONE',  ( 4.686141179201310791, -0.3138588207986893752, -113.5346786877579746 ) ) ;
#2531 = CARTESIAN_POINT ( 'NONE',  ( 0.3138588207986356959, -4.686141179201364082, -11.46532131224213025 ) ) ;
#2532 = CARTESIAN_POINT ( 'NONE',  ( 4.840676868219846440, -0.1593231317801523939, -6.353219415683635241 ) ) ;
#2533 = CIRCLE ( 'NONE', #3846, 3.904737509655567429 ) ;
#2534 = ORIENTED_EDGE ( 'NONE', *, *, #6623, .F. ) ;
#2535 = CARTESIAN_POINT ( 'NONE',  ( 0.9599107665897160802, -4.040089233410284031, -49.02236572063742415 ) ) ;
#2536 = CARTESIAN_POINT ( 'NONE',  ( -4.686141179201314344, -0.3138588207986869882, -20.03467868775798522 ) ) ;
#2537 = ORIENTED_EDGE ( 'NONE', *, *, #4338, .F. ) ;
#2538 = CARTESIAN_POINT ( 'NONE',  ( 1.000000000000000000, 0.000000000000000000, -24.00000000000000355 ) ) ;
#2539 = CARTESIAN_POINT ( 'NONE',  ( -4.991698401481084346, -0.008301598518914836758, -51.79625362935772870 ) ) ;
#2540 = ORIENTED_EDGE ( 'NONE', *, *, #5109, .T. ) ;
#2541 = DIRECTION ( 'NONE',  ( 1.000000000000000000, 0.000000000000000000, 0.000000000000000000 ) ) ;
#2542 = CARTESIAN_POINT ( 'NONE',  ( -0.9999999999999995559, 1.224646799147352714E-16, 0.000000000000000000 ) ) ;
#2543 = ORIENTED_EDGE ( 'NONE', *, *, #1389, .T. ) ;
#2544 = CARTESIAN_POINT ( 'NONE',  ( 3.671958834454343013, -1.328041165545656987, -98.24999999999998579 ) ) ;
#2545 = EDGE_CURVE ( 'NONE', #8079, #7555, #3625, .T. ) ;
#2546 = VERTEX_POINT ( 'NONE', #6344 ) ;
#2547 = CIRCLE ( 'NONE', #1080, 3.999999999999989786 ) ;
#2548 = CARTESIAN_POINT ( 'NONE',  ( -1.000000000000000000, 1.224646799147353207E-16, -71.50000000000001421 ) ) ;
#2549 = DIRECTION ( 'NONE',  ( -0.000000000000000000, -0.000000000000000000, 1.000000000000000000 ) ) ;
#2550 = CARTESIAN_POINT ( 'NONE',  ( -0.1593231317801996894, -4.840676868219799367, -14.14678058431651486 ) ) ;
#2551 = CARTESIAN_POINT ( 'NONE',  ( 3.671958834454342124, -1.328041165545657876, -37.75000000000000000 ) ) ;
#2552 = CARTESIAN_POINT ( 'NONE',  ( -1.000000000000000000, 1.224646799147353207E-16, -13.00000000000000355 ) ) ;
#2553 = LINE ( 'NONE', #7338, #6853 ) ;
#2554 = AXIS2_PLACEMENT_3D ( 'NONE', #7162, #2146, #868 ) ;
#2555 = CARTESIAN_POINT ( 'NONE',  ( -4.359865889258248473, -0.6401341107417514165, -64.60125045371350438 ) ) ;
#2556 = EDGE_LOOP ( 'NONE', ( #3428, #5088, #8606 ) ) ;
#2557 = DIRECTION ( 'NONE',  ( -0.000000000000000000, -0.000000000000000000, 1.000000000000000000 ) ) ;
#2558 = ADVANCED_FACE ( 'NONE', ( #2814 ), #8843, .T. ) ;
#2559 = ORIENTED_EDGE ( 'NONE', *, *, #2626, .F. ) ;
#2560 = DIRECTION ( 'NONE',  ( -0.000000000000000000, -0.000000000000000000, 1.000000000000000000 ) ) ;
#2561 = CARTESIAN_POINT ( 'NONE',  ( 0.04063066961829866347, -4.959369330381701246, -45.41386551652201575 ) ) ;
#2562 = AXIS2_PLACEMENT_3D ( 'NONE', #5768, #900, #2884 ) ;
#2563 = CARTESIAN_POINT ( 'NONE',  ( 0.4915337874163398513, -4.508466212583660315, -36.89376480692351379 ) ) ;
#2564 = CARTESIAN_POINT ( 'NONE',  ( 5.000000000000281553, 2.809514862196180954E-13, -73.50000000000021316 ) ) ;
#2565 = CARTESIAN_POINT ( 'NONE',  ( -4.840676868219845552, -0.1593231317801558078, -77.85321941568362547 ) ) ;
#2566 = CARTESIAN_POINT ( 'NONE',  ( 4.502552532152131803, -0.4974474678478682521, -9.386727576928269201 ) ) ;
#2567 = CARTESIAN_POINT ( 'NONE',  ( 0.000000000000000000, 0.000000000000000000, -2.000000000000000000 ) ) ;
#2568 = ORIENTED_EDGE ( 'NONE', *, *, #7714, .F. ) ;
#2569 = APPROVAL_ROLE ( '' ) ;
#2570 = ADVANCED_FACE ( 'NONE', ( #46 ), #617, .T. ) ;
#2571 = ORIENTED_EDGE ( 'NONE', *, *, #5074, .F. ) ;
#2572 = TOROIDAL_SURFACE ( 'NONE', #3447, 1.000000000000000000, 3.999999999999996447 ) ;
#2573 = CIRCLE ( 'NONE', #7416, 4.000000000000003553 ) ;
#2574 = CARTESIAN_POINT ( 'NONE',  ( 4.991957775357462879, -0.008042224642537081428, -51.20753412542730132 ) ) ;
#2575 = CARTESIAN_POINT ( 'NONE',  ( 0.06459124882788397359, -4.935408751172115416, -12.27165234915616843 ) ) ;
#2576 = CARTESIAN_POINT ( 'NONE',  ( 3.862796825714229776, -1.137203174285768892, -4.871001162882553359 ) ) ;
#2577 = CIRCLE ( 'NONE', #521, 4.000000000000000000 ) ;
#2578 = CARTESIAN_POINT ( 'NONE',  ( -4.366408635906909197, -0.6335913640930924684, -10.89380044883598586 ) ) ;
#2579 = VERTEX_POINT ( 'NONE', #2075 ) ;
#2580 = CARTESIAN_POINT ( 'NONE',  ( 1.328041165545665425, -3.671958834454334575, -48.75000000000000000 ) ) ;
#2581 = CARTESIAN_POINT ( 'NONE',  ( 0.000000000000000000, -5.000000000000000000, -7.500000000000003553 ) ) ;
#2582 = AXIS2_PLACEMENT_3D ( 'NONE', #768, #2241, #8545 ) ;
#2583 = EDGE_LOOP ( 'NONE', ( #4276, #1062 ) ) ;
#2584 = CIRCLE ( 'NONE', #8452, 4.000000000000003553 ) ;
#2585 = AXIS2_PLACEMENT_3D ( 'NONE', #7734, #8947, #6831 ) ;
#2586 = CARTESIAN_POINT ( 'NONE',  ( -0.06459124883188401001, -4.935408751168116837, -34.27165234913507419 ) ) ;
#2587 = CARTESIAN_POINT ( 'NONE',  ( -4.359865889258241367, -0.6401341107417585219, -53.60125045371349017 ) ) ;
#2588 = ORIENTED_EDGE ( 'NONE', *, *, #1480, .T. ) ;
#2589 = DIRECTION ( 'NONE',  ( 1.224646799147353207E-16, 1.000000000000000000, 0.000000000000000000 ) ) ;
#2590 = CARTESIAN_POINT ( 'NONE',  ( 1.000000000000000000, 0.000000000000000000, -99.00000000000000000 ) ) ;
#2591 = AXIS2_PLACEMENT_3D ( 'NONE', #6364, #6499, #3663 ) ;
#2592 = ORIENTED_EDGE ( 'NONE', *, *, #7216, .F. ) ;
#2593 = CARTESIAN_POINT ( 'NONE',  ( 0.4321793203734998756, -4.567820679626500180, -82.72657376275979857 ) ) ;
#2594 = ORIENTED_EDGE ( 'NONE', *, *, #1314, .F. ) ;
#2595 = DIRECTION ( 'NONE',  ( 1.000000000000000000, 0.000000000000000000, 0.000000000000000000 ) ) ;
#2596 = DIRECTION ( 'NONE',  ( 1.000000000000000000, 0.000000000000000000, 0.000000000000000000 ) ) ;
#2597 = EDGE_CURVE ( 'NONE', #3989, #7468, #7669, .T. ) ;
#2598 = DIRECTION ( 'NONE',  ( -0.000000000000000000, -0.000000000000000000, 1.000000000000000000 ) ) ;
#2599 = DIRECTION ( 'NONE',  ( 1.000000000000000000, 0.000000000000000000, 0.000000000000000000 ) ) ;
#2600 = CARTESIAN_POINT ( 'NONE',  ( -1.000000000000000000, 1.224646799147353207E-16, -5.500000000000000000 ) ) ;
#2601 = CARTESIAN_POINT ( 'NONE',  ( -0.3138588208042956684, -4.686141179195704609, -44.46532131222952700 ) ) ;
#2602 = DIRECTION ( 'NONE',  ( -0.000000000000000000, -0.000000000000000000, 1.000000000000000000 ) ) ;
#2603 = ORIENTED_EDGE ( 'NONE', *, *, #678, .T. ) ;
#2604 = DIRECTION ( 'NONE',  ( -0.000000000000000000, -0.000000000000000000, 1.000000000000000000 ) ) ;
#2605 = ORIENTED_EDGE ( 'NONE', *, *, #5664, .F. ) ;
#2606 = CIRCLE ( 'NONE', #7738, 3.904737509655567429 ) ;
#2607 = TOROIDAL_SURFACE ( 'NONE', #8498, 1.000000000000000000, 3.999999999999996447 ) ;
#2608 = CARTESIAN_POINT ( 'NONE',  ( -0.6401341107417150011, -4.359865889258284000, -54.89874954628653825 ) ) ;
#2609 = EDGE_CURVE ( 'NONE', #8524, #5494, #1342, .T. ) ;
#2610 = CARTESIAN_POINT ( 'NONE',  ( -4.999999999999986677, -1.245921937940029991E-14, -95.64725720788727870 ) ) ;
#2611 = TOROIDAL_SURFACE ( 'NONE', #8042, 1.000000000000000000, 3.999999999999996447 ) ;
#2612 = CYLINDRICAL_SURFACE ( 'NONE', #4534, 0.9999999999999988898 ) ;
#2613 = CIRCLE ( 'NONE', #4956, 3.999999999999996447 ) ;
#2614 = CARTESIAN_POINT ( 'NONE',  ( 0.000000000000000000, 0.000000000000000000, -9.499999999999998224 ) ) ;
#2615 = CARTESIAN_POINT ( 'NONE',  ( 0.9999999999999986677, 0.000000000000000000, -131.9999999999999716 ) ) ;
#2616 = CARTESIAN_POINT ( 'NONE',  ( -3.671958834454338572, -1.328041165545661428, -21.24999999999999645 ) ) ;
#2617 = ORIENTED_EDGE ( 'NONE', *, *, #3557, .F. ) ;
#2618 = TOROIDAL_SURFACE ( 'NONE', #693, 1.000000000000000000, 1.999999999999998224 ) ;
#2619 = EDGE_CURVE ( 'NONE', #2150, #6451, #4874, .T. ) ;
#2620 = APPROVAL_STATUS ( 'not_yet_approved' ) ;
#2621 = ORIENTED_EDGE ( 'NONE', *, *, #3469, .F. ) ;
#2622 = B_SPLINE_CURVE_WITH_KNOTS ( 'NONE', 3,
 ( #9077, #7836, #6271, #1529, #4345, #2744, #5543, #2049, #1347, #8387, #4162, #6961 ),
 .UNSPECIFIED., .F., .F.,
 ( 4, 2, 2, 2, 2, 4 ),
 ( 0.003504634718722943101, 0.003941423334001239315, 0.004378211949279535962, 0.005251789179836129258, 0.006125366410392721686, 0.006998943640949314982 ),
 .UNSPECIFIED. ) ;
#2623 = AXIS2_PLACEMENT_3D ( 'NONE', #634, #1281, #4100 ) ;
#2624 = AXIS2_PLACEMENT_3D ( 'NONE', #5521, #5608, #1326 ) ;
#2625 = DIRECTION ( 'NONE',  ( 1.000000000000000000, 0.000000000000000000, 0.000000000000000000 ) ) ;
#2626 = EDGE_CURVE ( 'NONE', #58, #5348, #906, .T. ) ;
#2627 = CARTESIAN_POINT ( 'NONE',  ( 0.4974474678478199574, -4.502552532152178877, -11.11327242307181962 ) ) ;
#2628 = CARTESIAN_POINT ( 'NONE',  ( 1.328041165545667646, -3.671958834454332354, -4.750000000000002665 ) ) ;
#2629 = DIRECTION ( 'NONE',  ( 1.000000000000000000, 0.000000000000000000, 0.000000000000000000 ) ) ;
#2630 = ORIENTED_EDGE ( 'NONE', *, *, #26, .F. ) ;
#2631 = CARTESIAN_POINT ( 'NONE',  ( 0.000000000000000000, 0.000000000000000000, -53.49999999999999289 ) ) ;
#2632 = VECTOR ( 'NONE', #5489, 1000.000000000000114 ) ;
#2633 = ORIENTED_EDGE ( 'NONE', *, *, #6253, .T. ) ;
#2634 = CARTESIAN_POINT ( 'NONE',  ( 0.000000000000000000, 0.000000000000000000, -65.24999999999998579 ) ) ;
#2635 = VECTOR ( 'NONE', #1849, 1000.000000000000000 ) ;
#2636 = EDGE_CURVE ( 'NONE', #3437, #4187, #8680, .T. ) ;
#2637 = EDGE_CURVE ( 'NONE', #8682, #3437, #6390, .T. ) ;
#2638 = CARTESIAN_POINT ( 'NONE',  ( 5.000000000000281553, 2.809514862196180954E-13, -117.5000000000001990 ) ) ;
#2639 = FACE_OUTER_BOUND ( 'NONE', #1744, .T. ) ;
#2640 = ORIENTED_EDGE ( 'NONE', *, *, #1737, .T. ) ;
#2641 = CARTESIAN_POINT ( 'NONE',  ( -1.000000000000000000, 1.224646799147353207E-16, -51.50000000000000711 ) ) ;
#2642 = DIRECTION ( 'NONE',  ( -1.000000000000000000, 1.224646799147353454E-16, 0.000000000000000000 ) ) ;
#2643 = EDGE_LOOP ( 'NONE', ( #6453, #185, #4566 ) ) ;
#2644 = DIRECTION ( 'NONE',  ( 1.000000000000000000, 0.000000000000000000, 0.000000000000000000 ) ) ;
#2645 = ORIENTED_EDGE ( 'NONE', *, *, #6602, .F. ) ;
#2646 = EDGE_CURVE ( 'NONE', #9072, #7374, #3999, .T. ) ;
#2647 = CARTESIAN_POINT ( 'NONE',  ( -4.840676868219845552, -0.1593231317801558078, -66.85321941568361126 ) ) ;
#2648 = CARTESIAN_POINT ( 'NONE',  ( 1.136863993905365744, -3.863136006094634034, -59.87121622079728667 ) ) ;
#2649 = DIRECTION ( 'NONE',  ( 1.000000000000000000, 0.000000000000000000, 0.000000000000000000 ) ) ;
#2650 = B_SPLINE_CURVE_WITH_KNOTS ( 'NONE', 3,
 ( #8954, #4852, #3300, #665, #1223, #8176, #1877, #4036, #540, #3348, #3395, #2659, #5501, #4768, #8313, #1533 ),
 .UNSPECIFIED., .F., .F.,
 ( 4, 2, 2, 2, 2, 2, 2, 4 ),
 ( 4.818711198525358513E-07, 0.0008765200830274374544, 0.001314539188981229088, 0.001752558294935020831, 0.002190577400888812139, 0.002628596506842603882, 0.003066615612796395624, 0.003504634718750187367 ),
 .UNSPECIFIED. ) ;
#2651 = FACE_OUTER_BOUND ( 'NONE', #3688, .T. ) ;
#2652 = CARTESIAN_POINT ( 'NONE',  ( 0.000000000000000000, 0.000000000000000000, -88.00000000000000000 ) ) ;
#2653 = CARTESIAN_POINT ( 'NONE',  ( -0.4915337874217784453, -4.508466212578221999, -119.3937648069321398 ) ) ;
#2654 = ORIENTED_EDGE ( 'NONE', *, *, #4856, .T. ) ;
#2655 = CARTESIAN_POINT ( 'NONE',  ( -5.000000000000285105, 2.853331553957207015E-13, -40.50000000000021316 ) ) ;
#2656 = VERTEX_POINT ( 'NONE', #8375 ) ;
#2657 = FACE_OUTER_BOUND ( 'NONE', #3816, .T. ) ;
#2658 = CARTESIAN_POINT ( 'NONE',  ( 0.000000000000000000, 0.000000000000000000, -48.75000000000000000 ) ) ;
#2659 = CARTESIAN_POINT ( 'NONE',  ( 4.935408751172079000, -0.06459124882792090239, -13.72834765084402875 ) ) ;
#2660 = CARTESIAN_POINT ( 'NONE',  ( 0.000000000000000000, 0.000000000000000000, 0.000000000000000000 ) ) ;
#2661 = CARTESIAN_POINT ( 'NONE',  ( 4.748219996434699830, -0.2517800035653008917, -61.09116362763014507 ) ) ;
#2662 = DIRECTION ( 'NONE',  ( 0.000000000000000000, -1.000000000000000000, 0.000000000000000000 ) ) ;
#2663 = CARTESIAN_POINT ( 'NONE',  ( -0.06404366727607774257, -4.935956332723923978, -52.22559813399348627 ) ) ;
#2664 = ORIENTED_EDGE ( 'NONE', *, *, #4423, .T. ) ;
#2665 = SECURITY_CLASSIFICATION_LEVEL ( 'unclassified' ) ;
#2666 = VERTEX_POINT ( 'NONE', #4879 ) ;
#2667 = ADVANCED_FACE ( 'NONE', ( #7684 ), #6334, .F. ) ;
#2668 = DIRECTION ( 'NONE',  ( -0.000000000000000000, -0.000000000000000000, 1.000000000000000000 ) ) ;
#2669 = DIRECTION ( 'NONE',  ( -0.000000000000000000, -0.000000000000000000, 1.000000000000000000 ) ) ;
#2670 = DIRECTION ( 'NONE',  ( -0.000000000000000000, -0.000000000000000000, 1.000000000000000000 ) ) ;
#2671 = CARTESIAN_POINT ( 'NONE',  ( 0.6335913640931284396, -4.366408635906872782, -64.60619955116406743 ) ) ;
#2672 = ORIENTED_EDGE ( 'NONE', *, *, #1214, .F. ) ;
#2673 = TOROIDAL_SURFACE ( 'NONE', #6190, 1.000000000000000000, 3.999999999999999112 ) ;
#2674 = ORIENTED_EDGE ( 'NONE', *, *, #2637, .T. ) ;
#2675 = DIRECTION ( 'NONE',  ( -0.000000000000000000, -0.000000000000000000, 1.000000000000000000 ) ) ;
#2676 = EDGE_CURVE ( 'NONE', #6579, #1416, #6339, .T. ) ;
#2677 = CIRCLE ( 'NONE', #3259, 3.999999999999996447 ) ;
#2678 = CARTESIAN_POINT ( 'NONE',  ( -0.9599107665897150810, -4.040089233410284031, -32.52236572063742415 ) ) ;
#2679 = CARTESIAN_POINT ( 'NONE',  ( -0.6335913640931356561, -4.366408635906863900, -20.60619955116407453 ) ) ;
#2680 = EDGE_LOOP ( 'NONE', ( #9041, #5797, #5940 ) ) ;
#2681 = DIRECTION ( 'NONE',  ( 1.000000000000000000, 0.000000000000000000, 0.000000000000000000 ) ) ;
#2682 = CARTESIAN_POINT ( 'NONE',  ( -4.840676868219849105, -0.1593231317801506175, -55.85321941568361126 ) ) ;
#2683 = ORIENTED_EDGE ( 'NONE', *, *, #6304, .T. ) ;
#2684 = CARTESIAN_POINT ( 'NONE',  ( -0.06404366727607790910, -4.935956332723920426, -41.22559813399346496 ) ) ;
#2685 = ORIENTED_EDGE ( 'NONE', *, *, #4045, .T. ) ;
#2686 = EDGE_CURVE ( 'NONE', #1886, #7998, #4289, .T. ) ;
#2687 = CIRCLE ( 'NONE', #5468, 2.000000000000001776 ) ;
#2688 = CARTESIAN_POINT ( 'NONE',  ( 4.366408635906908309, -0.6335913640930921353, -76.89380044883598941 ) ) ;
#2689 = CARTESIAN_POINT ( 'NONE',  ( 0.000000000000000000, 0.000000000000000000, -117.5000000000000000 ) ) ;
#2690 = DIRECTION ( 'NONE',  ( 1.000000000000000000, 0.000000000000000000, 0.000000000000000000 ) ) ;
#2691 = CARTESIAN_POINT ( 'NONE',  ( 0.000000000000000000, 0.000000000000000000, 0.000000000000000000 ) ) ;
#2692 = DIRECTION ( 'NONE',  ( -0.000000000000000000, -0.000000000000000000, 1.000000000000000000 ) ) ;
#2693 = ORIENTED_EDGE ( 'NONE', *, *, #5064, .T. ) ;
#2694 = CARTESIAN_POINT ( 'NONE',  ( 0.000000000000000000, 0.000000000000000000, -93.50000000000000000 ) ) ;
#2695 = VERTEX_POINT ( 'NONE', #3686 ) ;
#2696 = ADVANCED_FACE ( 'NONE', ( #4552 ), #322, .T. ) ;
#2697 = EDGE_CURVE ( 'NONE', #9072, #6378, #2419, .T. ) ;
#2698 = CARTESIAN_POINT ( 'NONE',  ( -4.999999999999986677, -1.245921937940029991E-14, -101.1472572078872503 ) ) ;
#2699 = CARTESIAN_POINT ( 'NONE',  ( 0.03993437491367315961, -4.960065625086328644, -35.58131021350184398 ) ) ;
#2700 = AXIS2_PLACEMENT_3D ( 'NONE', #7082, #781, #2863 ) ;
#2701 = CARTESIAN_POINT ( 'NONE',  ( 4.840676868219843776, -0.1593231317801557245, -83.35321941568363968 ) ) ;
#2702 = CARTESIAN_POINT ( 'NONE',  ( 0.3138588208043429084, -4.686141179195654871, -104.9653213122294204 ) ) ;
#2703 = DIRECTION ( 'NONE',  ( 0.000000000000000000, 0.000000000000000000, -1.000000000000000000 ) ) ;
#2704 = B_SPLINE_CURVE_WITH_KNOTS ( 'NONE', 3,
 ( #7497, #6803, #1838, #2021, #3961, #2627, #6762, #2531, #1193, #3443, #551, #2575, #6113, #3311, #1891, #8917 ),
 .UNSPECIFIED., .F., .F.,
 ( 4, 2, 2, 2, 2, 2, 2, 4 ),
 ( 4.818711198600706329E-07, 0.0008765200830275084697, 0.001314539188981332738, 0.001752558294935157007, 0.002190577400888980841, 0.002628596506842805110, 0.003066615612796629378, 0.003504634718750453647 ),
 .UNSPECIFIED. ) ;
#2705 = DIRECTION ( 'NONE',  ( -0.000000000000000000, -0.000000000000000000, 1.000000000000000000 ) ) ;
#2706 = ORIENTED_EDGE ( 'NONE', *, *, #5098, .F. ) ;
#2707 = ORIENTED_EDGE ( 'NONE', *, *, #7273, .T. ) ;
#2708 = AXIS2_PLACEMENT_3D ( 'NONE', #8576, #1486, #4298 ) ;
#2709 = CARTESIAN_POINT ( 'NONE',  ( -1.000000000000000000, 1.224646799147353207E-16, -40.50000000000000711 ) ) ;
#2710 = CARTESIAN_POINT ( 'NONE',  ( 4.282386290039723598, -0.7176137099602754033, -64.70222873041525702 ) ) ;
#2711 = CARTESIAN_POINT ( 'NONE',  ( -4.960065625082964225, -0.03993437491703550474, -28.91868978647572419 ) ) ;
#2712 = EDGE_CURVE ( 'NONE', #5031, #3942, #8267, .T. ) ;
#2713 = CARTESIAN_POINT ( 'NONE',  ( -4.041784260359807313, -0.9582157396401930205, -10.52377465029932146 ) ) ;
#2714 = VERTEX_POINT ( 'NONE', #3724 ) ;
#2715 = B_SPLINE_CURVE_WITH_KNOTS ( 'NONE', 3,
 ( #612, #1125, #4799, #8847, #4669, #4753, #3981, #3384, #4072, #6825, #3422, #1299 ),
 .UNSPECIFIED., .F., .F.,
 ( 4, 2, 2, 2, 2, 4 ),
 ( 0.003504634718722794348, 0.003941423334001104006, 0.004378211949279413664, 0.005251789179836032981, 0.006125366410392653164, 0.006998943640949272481 ),
 .UNSPECIFIED. ) ;
#2716 = VECTOR ( 'NONE', #4174, 1000.000000000000000 ) ;
#2717 = AXIS2_PLACEMENT_3D ( 'NONE', #4415, #1607, #5705 ) ;
#2718 = AXIS2_PLACEMENT_3D ( 'NONE', #6843, #2096, #1922 ) ;
#2719 = AXIS2_PLACEMENT_3D ( 'NONE', #1279, #4099, #6201 ) ;
#2720 = CARTESIAN_POINT ( 'NONE',  ( 0.000000000000000000, -5.000000000000000000, -51.49999999997221067 ) ) ;
#2721 = EDGE_CURVE ( 'NONE', #241, #4016, #8400, .T. ) ;
#2722 = CARTESIAN_POINT ( 'NONE',  ( -5.000000000000285105, 2.853331553957207015E-13, -51.50000000000021316 ) ) ;
#2723 = VERTEX_POINT ( 'NONE', #2349 ) ;
#2724 = FACE_OUTER_BOUND ( 'NONE', #1804, .T. ) ;
#2725 = DIRECTION ( 'NONE',  ( -0.000000000000000000, -0.000000000000000000, 1.000000000000000000 ) ) ;
#2726 = AXIS2_PLACEMENT_3D ( 'NONE', #8273, #3954, #6756 ) ;
#2727 = CARTESIAN_POINT ( 'NONE',  ( 0.9999999999999993339, 0.000000000000000000, -103.0000000000000000 ) ) ;
#2728 = EDGE_CURVE ( 'NONE', #6014, #509, #3866, .T. ) ;
#2729 = ORIENTED_EDGE ( 'NONE', *, *, #4113, .F. ) ;
#2730 = TOROIDAL_SURFACE ( 'NONE', #1112, 1.000000000000000000, 3.999999999999999112 ) ;
#2731 = B_SPLINE_CURVE_WITH_KNOTS ( 'NONE', 3,
 ( #2544, #3237, #3736, #4610, #2358, #289, #3878, #8696, #3927, #380, #433, #5161, #1071, #6734, #5206, #6033 ),
 .UNSPECIFIED., .F., .F.,
 ( 4, 2, 2, 2, 2, 2, 2, 4 ),
 ( 4.818711198665871750E-07, 0.0008765200830274456944, 0.001314539188981235377, 0.001752558294935024951, 0.002190577400888814308, 0.002628596506842603882, 0.003066615612796393456, 0.003504634718750183030 ),
 .UNSPECIFIED. ) ;
#2732 = AXIS2_PLACEMENT_3D ( 'NONE', #1819, #5406, #8808 ) ;
#2733 = DIRECTION ( 'NONE',  ( 0.000000000000000000, 0.000000000000000000, -1.000000000000000000 ) ) ;
#2734 = CARTESIAN_POINT ( 'NONE',  ( 0.7176137099602469815, -4.282386290039752907, -60.29777126958475009 ) ) ;
#2735 = EDGE_CURVE ( 'NONE', #7126, #1764, #4071, .T. ) ;
#2736 = AXIS2_PLACEMENT_3D ( 'NONE', #75, #2893, #8497 ) ;
#2737 = DIRECTION ( 'NONE',  ( 0.000000000000000000, 0.000000000000000000, -1.000000000000000000 ) ) ;
#2738 = LINE ( 'NONE', #4075, #2632 ) ;
#2739 = DIRECTION ( 'NONE',  ( -0.000000000000000000, -0.000000000000000000, 1.000000000000000000 ) ) ;
#2740 = ORIENTED_EDGE ( 'NONE', *, *, #2807, .T. ) ;
#2741 = DIRECTION ( 'NONE',  ( -0.000000000000000000, -0.000000000000000000, 1.000000000000000000 ) ) ;
#2742 = APPROVAL_PERSON_ORGANIZATION ( #178, #5863, #6513 ) ;
#2743 = VERTEX_POINT ( 'NONE', #6574 ) ;
#2744 = CARTESIAN_POINT ( 'NONE',  ( -0.1593231317748076414, -4.840676868225192386, -113.1467805842996768 ) ) ;
#2745 = DIRECTION ( 'NONE',  ( -0.000000000000000000, -0.000000000000000000, 1.000000000000000000 ) ) ;
#2746 = CARTESIAN_POINT ( 'NONE',  ( 3.671958834454342124, -1.328041165545657876, -37.75000000000000000 ) ) ;
#2747 = DIRECTION ( 'NONE',  ( -0.000000000000000000, -0.000000000000000000, 1.000000000000000000 ) ) ;
#2748 = FACE_OUTER_BOUND ( 'NONE', #375, .T. ) ;
#2749 = DIRECTION ( 'NONE',  ( 1.000000000000000000, 0.000000000000000000, 0.000000000000000000 ) ) ;
#2750 = CARTESIAN_POINT ( 'NONE',  ( -5.000000000000008882, 8.565726558227515811E-15, -23.85315646955162805 ) ) ;
#2751 = VERTEX_POINT ( 'NONE', #2391 ) ;
#2752 = EDGE_LOOP ( 'NONE', ( #6298, #6002, #1121 ) ) ;
#2753 = VERTEX_POINT ( 'NONE', #2067 ) ;
#2754 = AXIS2_PLACEMENT_3D ( 'NONE', #8818, #7350, #2522 ) ;
#2755 = AXIS2_PLACEMENT_3D ( 'NONE', #8276, #7589, #2625 ) ;
#2756 = CARTESIAN_POINT ( 'NONE',  ( -0.3138588208043166516, -4.686141179195685069, -27.96532131222950568 ) ) ;
#2757 = AXIS2_PLACEMENT_3D ( 'NONE', #3467, #8425, #8564 ) ;
#2758 = EDGE_CURVE ( 'NONE', #7077, #2876, #762, .T. ) ;
#2759 = CARTESIAN_POINT ( 'NONE',  ( 4.959369330385073660, -0.04063066961492575041, -52.08613448345568742 ) ) ;
#2760 = DIRECTION ( 'NONE',  ( 1.000000000000000000, 0.000000000000000000, 0.000000000000000000 ) ) ;
#2761 = CARTESIAN_POINT ( 'NONE',  ( 4.567820679631960701, -0.4321793203680406870, -20.27342623723034620 ) ) ;
#2762 = VERTEX_POINT ( 'NONE', #2489 ) ;
#2763 = DIRECTION ( 'NONE',  ( 0.000000000000000000, 0.000000000000000000, 1.000000000000000000 ) ) ;
#2764 = TOROIDAL_SURFACE ( 'NONE', #9063, 1.000000000000000000, 3.999999999999996447 ) ;
#2765 = AXIS2_PLACEMENT_3D ( 'NONE', #7691, #4841, #6305 ) ;
#2766 = EDGE_CURVE ( 'NONE', #7803, #2579, #2687, .T. ) ;
#2767 = CARTESIAN_POINT ( 'NONE',  ( -0.06459124883188392674, -4.935408751168116837, -50.77165234913507419 ) ) ;
#2768 = DIRECTION ( 'NONE',  ( 1.000000000000000000, 0.000000000000000000, 0.000000000000000000 ) ) ;
#2769 = CARTESIAN_POINT ( 'NONE',  ( 0.000000000000000000, -5.000000000000000000, -18.50000000000000355 ) ) ;
#2770 = AXIS2_PLACEMENT_3D ( 'NONE', #6487, #5883, #3051 ) ;
#2771 = ORIENTED_EDGE ( 'NONE', *, *, #7161, .T. ) ;
#2772 = CARTESIAN_POINT ( 'NONE',  ( -4.366408635906908309, -0.6335913640930921353, -104.3938004488360036 ) ) ;
#2773 = CIRCLE ( 'NONE', #2180, 1.000000000000000000 ) ;
#2774 = CARTESIAN_POINT ( 'NONE',  ( 5.000000000000006217, 5.690932028285886497E-15, -111.8531564695516636 ) ) ;
#2775 = ORIENTED_EDGE ( 'NONE', *, *, #5481, .F. ) ;
#2776 = ADVANCED_FACE ( 'NONE', ( #6620 ), #1492, .T. ) ;
#2777 = CC_DESIGN_PERSON_AND_ORGANIZATION_ASSIGNMENT ( #267, #8639, ( #4953 ) ) ;
#2778 = CARTESIAN_POINT ( 'NONE',  ( 0.000000000000000000, 0.000000000000000000, -86.50000000000000000 ) ) ;
#2779 = CARTESIAN_POINT ( 'NONE',  ( 4.040089233413053371, -0.9599107665869472950, -81.47763427936018843 ) ) ;
#2780 = CARTESIAN_POINT ( 'NONE',  ( 0.06404366728014711241, -4.935956332719855233, -118.2255981340149731 ) ) ;
#2781 = DIRECTION ( 'NONE',  ( 1.000000000000000000, 0.000000000000000000, 0.000000000000000000 ) ) ;
#2782 = CARTESIAN_POINT ( 'NONE',  ( 0.000000000000000000, 0.000000000000000000, -53.49999999999999289 ) ) ;
#2783 = ORIENTED_EDGE ( 'NONE', *, *, #6419, .F. ) ;
#2784 = CARTESIAN_POINT ( 'NONE',  ( -0.1278684794971300109, -4.872131520502869684, -72.49259796946017786 ) ) ;
#2785 = ORIENTED_EDGE ( 'NONE', *, *, #7797, .T. ) ;
#2786 = EDGE_CURVE ( 'NONE', #5699, #5185, #4004, .T. ) ;
#2787 = DIRECTION ( 'NONE',  ( 1.000000000000000000, 0.000000000000000000, 0.000000000000000000 ) ) ;
#2788 = PRODUCT ( '2mm_part1', '2mm_part1', '', ( #4410 ) ) ;
#2789 = CARTESIAN_POINT ( 'NONE',  ( -0.1676550930162088171, -4.832344906983790267, -83.35453806257385168 ) ) ;
#2790 = CARTESIAN_POINT ( 'NONE',  ( 3.862779220790900858, -1.137220779209097810, -120.3709900004486002 ) ) ;
#2791 = DIRECTION ( 'NONE',  ( 0.000000000000000000, 0.000000000000000000, -1.000000000000000000 ) ) ;
#2792 = CARTESIAN_POINT ( 'NONE',  ( 0.9599107665897317343, -4.040089233410269820, -104.0223657206374241 ) ) ;
#2793 = CARTESIAN_POINT ( 'NONE',  ( 0.000000000000000000, 0.000000000000000000, -73.50000000000001421 ) ) ;
#2794 = CARTESIAN_POINT ( 'NONE',  ( 1.000000000000000000, 0.000000000000000000, -60.49999999999999289 ) ) ;
#2795 = ORIENTED_EDGE ( 'NONE', *, *, #204, .T. ) ;
#2796 = CARTESIAN_POINT ( 'NONE',  ( 4.872131520502827939, -0.1278684794971708116, -58.00740203054002819 ) ) ;
#2797 = ORIENTED_EDGE ( 'NONE', *, *, #1480, .F. ) ;
#2798 = ADVANCED_FACE ( 'NONE', ( #7455 ), #5896, .T. ) ;
#2799 = B_SPLINE_CURVE_WITH_KNOTS ( 'NONE', 3,
 ( #4514, #8104, #427, #8060, #2587, #2495, #1759, #7463, #4558, #3233, #8836, #5202, #6075, #2539, #470, #1020 ),
 .UNSPECIFIED., .F., .F.,
 ( 4, 2, 2, 2, 2, 2, 2, 4 ),
 ( 4.818711198524085846E-07, 0.0008765200830274246608, 0.001314539188981217813, 0.001752558294935011507, 0.002190577400888805201, 0.002628596506842598678, 0.003066615612796392155, 0.003504634718750185632 ),
 .UNSPECIFIED. ) ;
#2800 = DIRECTION ( 'NONE',  ( -0.000000000000000000, -0.000000000000000000, 1.000000000000000000 ) ) ;
#2801 = DIRECTION ( 'NONE',  ( -0.000000000000000000, -0.000000000000000000, 1.000000000000000000 ) ) ;
#2802 = CARTESIAN_POINT ( 'NONE',  ( -4.840676868219842888, -0.1593231317801557245, -72.35321941568363968 ) ) ;
#2803 = DIRECTION ( 'NONE',  ( 1.000000000000000000, 0.000000000000000000, 0.000000000000000000 ) ) ;
#2804 = DIRECTION ( 'NONE',  ( 0.000000000000000000, 0.000000000000000000, -1.000000000000000000 ) ) ;
#2805 = ORIENTED_EDGE ( 'NONE', *, *, #4304, .T. ) ;
#2806 = DIRECTION ( 'NONE',  ( 0.000000000000000000, 0.000000000000000000, 1.000000000000000000 ) ) ;
#2807 = EDGE_CURVE ( 'NONE', #453, #7686, #5273, .T. ) ;
#2808 = B_SPLINE_CURVE_WITH_KNOTS ( 'NONE', 3,
 ( #248, #387, #3198, #7974, #4476, #982, #3793, #8700, #335, #6594, #3883, #5996 ),
 .UNSPECIFIED., .F., .F.,
 ( 4, 2, 2, 2, 2, 4 ),
 ( 0.003504634718722943101, 0.003941423334001239315, 0.004378211949279535962, 0.005251789179836129258, 0.006125366410392721686, 0.006998943640949314982 ),
 .UNSPECIFIED. ) ;
#2809 = CARTESIAN_POINT ( 'NONE',  ( 1.000000000000000000, 0.000000000000000000, -24.00000000000000355 ) ) ;
#2810 = CARTESIAN_POINT ( 'NONE',  ( 0.000000000000000000, 0.000000000000000000, -16.50000000000000000 ) ) ;
#2811 = CARTESIAN_POINT ( 'NONE',  ( 0.000000000000000000, 0.000000000000000000, -32.25000000000000000 ) ) ;
#2812 = ORIENTED_EDGE ( 'NONE', *, *, #1162, .T. ) ;
#2813 = CARTESIAN_POINT ( 'NONE',  ( 1.328041165545656987, -3.671958834454343013, -114.7499999999999858 ) ) ;
#2814 = FACE_OUTER_BOUND ( 'NONE', #4259, .T. ) ;
#2815 = CARTESIAN_POINT ( 'NONE',  ( -1.328041165545656765, -3.671958834454343013, -120.2499999999999858 ) ) ;
#2816 = CARTESIAN_POINT ( 'NONE',  ( -1.137203174284255436, -3.862796825715746341, -92.62899883711648386 ) ) ;
#2817 = ORIENTED_EDGE ( 'NONE', *, *, #4228, .T. ) ;
#2818 = CIRCLE ( 'NONE', #8113, 3.904737509655565209 ) ;
#2819 = AXIS2_PLACEMENT_3D ( 'NONE', #4333, #4196, #7136 ) ;
#2820 = CARTESIAN_POINT ( 'NONE',  ( -4.832344906989094468, -0.1676550930109067528, -107.6454619374092090 ) ) ;
#2821 = CARTESIAN_POINT ( 'NONE',  ( 0.000000000000000000, 0.000000000000000000, -84.50000000000000000 ) ) ;
#2822 = CARTESIAN_POINT ( 'NONE',  ( -1.328041165545656765, -3.671958834454343013, -92.74999999999998579 ) ) ;
#2823 = CARTESIAN_POINT ( 'NONE',  ( 1.000000000000000000, 0.000000000000000000, -62.50000000000000000 ) ) ;
#2824 = CARTESIAN_POINT ( 'NONE',  ( 0.2608011983036451209, -4.739198801696355545, -110.5907622821916618 ) ) ;
#2825 = ADVANCED_FACE ( 'NONE', ( #1895 ), #4437, .T. ) ;
#2826 = VECTOR ( 'NONE', #4504, 1000.000000000000000 ) ;
#2827 = ORIENTED_EDGE ( 'NONE', *, *, #7001, .F. ) ;
#2828 = CARTESIAN_POINT ( 'NONE',  ( -1.328041165545661428, -3.671958834454339016, -15.75000000000000000 ) ) ;
#2829 = ORIENTED_EDGE ( 'NONE', *, *, #1276, .F. ) ;
#2830 = B_SPLINE_CURVE_WITH_KNOTS ( 'NONE', 3,
 ( #7367, #1761, #8797, #4560, #6533, #4516, #8744, #973, #8106, #8011, #3783, #6677 ),
 .UNSPECIFIED., .F., .F.,
 ( 4, 2, 2, 2, 2, 4 ),
 ( 0.003504634718750183030, 0.003941423334025067476, 0.004378211949299951056, 0.005251789179849720816, 0.006125366410399489710, 0.006998943640949258603 ),
 .UNSPECIFIED. ) ;
#2831 = CARTESIAN_POINT ( 'NONE',  ( 4.748219996434698054, -0.2517800035653025015, -88.59116362763018060 ) ) ;
#2832 = CARTESIAN_POINT ( 'NONE',  ( -0.06459124883188710475, -4.935408751168113284, -83.77165234913506708 ) ) ;
#2833 = CARTESIAN_POINT ( 'NONE',  ( 0.1278684795021247378, -4.872131520497878121, -77.99259796944163270 ) ) ;
#2834 = CARTESIAN_POINT ( 'NONE',  ( -0.06459124883191534605, -4.935408751168083974, -78.27165234913491076 ) ) ;
#2835 = EDGE_CURVE ( 'NONE', #332, #8377, #477, .T. ) ;
#2836 = DIRECTION ( 'NONE',  ( -0.000000000000000000, -0.000000000000000000, 1.000000000000000000 ) ) ;
#2837 = ORIENTED_EDGE ( 'NONE', *, *, #5109, .F. ) ;
#2838 = CYLINDRICAL_SURFACE ( 'NONE', #3554, 0.9999999999999995559 ) ;
#2839 = EDGE_LOOP ( 'NONE', ( #3165, #3657, #2603, #2382 ) ) ;
#2840 = CIRCLE ( 'NONE', #42, 1.999999999999994893 ) ;
#2841 = DIRECTION ( 'NONE',  ( 1.000000000000000000, 0.000000000000000000, 0.000000000000000000 ) ) ;
#2842 = B_SPLINE_CURVE_WITH_KNOTS ( 'NONE', 3,
 ( #4721, #2000, #6833, #7571, #1219, #533, #7525, #4762, #8901, #1344, #2784, #581, #4848, #6267, #8222, #5536 ),
 .UNSPECIFIED., .F., .F.,
 ( 4, 2, 2, 2, 2, 2, 2, 4 ),
 ( 4.818711199177020135E-07, 0.0008765200830275637640, 0.001314539188981386731, 0.001752558294935209699, 0.002190577400889032883, 0.002628596506842855850, 0.003066615612796678818, 0.003504634718750501785 ),
 .UNSPECIFIED. ) ;
#2843 = CARTESIAN_POINT ( 'NONE',  ( 0.000000000000000000, 0.000000000000000000, -122.9999999999999716 ) ) ;
#2844 = DIRECTION ( 'NONE',  ( 1.000000000000000000, 0.000000000000000000, 0.000000000000000000 ) ) ;
#2845 = CARTESIAN_POINT ( 'NONE',  ( 4.567820679631962477, -0.4321793203680380779, -53.27342623723036041 ) ) ;
#2846 = CARTESIAN_POINT ( 'NONE',  ( 0.03993437491706691017, -4.960065625082932250, -19.08131021352448897 ) ) ;
#2847 = EDGE_CURVE ( 'NONE', #6176, #3153, #3832, .T. ) ;
#2848 = FACE_OUTER_BOUND ( 'NONE', #8801, .T. ) ;
#2849 = EDGE_LOOP ( 'NONE', ( #7203, #8141, #3438 ) ) ;
#2850 = DATE_AND_TIME ( #3676, #6251 ) ;
#2851 = ORIENTED_EDGE ( 'NONE', *, *, #6783, .F. ) ;
#2852 = TOROIDAL_SURFACE ( 'NONE', #346, 1.000000000000000000, 1.999999999999994893 ) ;
#2853 = TOROIDAL_SURFACE ( 'NONE', #6224, 1.000000000000000000, 3.999999999999996447 ) ;
#2854 = EDGE_LOOP ( 'NONE', ( #5919, #1316, #5429, #5881 ) ) ;
#2855 = CARTESIAN_POINT ( 'NONE',  ( -4.840676868219848217, -0.1593231317801526159, -6.353219415683637017 ) ) ;
#2856 = FACE_OUTER_BOUND ( 'NONE', #1603, .T. ) ;
#2857 = ADVANCED_FACE ( 'NONE', ( #3316 ), #2838, .F. ) ;
#2858 = CARTESIAN_POINT ( 'NONE',  ( 4.567820679631958036, -0.4321793203680427964, -25.77342623723036041 ) ) ;
#2859 = ORIENTED_EDGE ( 'NONE', *, *, #3731, .T. ) ;
#2860 = CARTESIAN_POINT ( 'NONE',  ( 0.9999999999999986677, 0.000000000000000000, -122.9999999999999716 ) ) ;
#2861 = CARTESIAN_POINT ( 'NONE',  ( 0.000000000000000000, 0.000000000000000000, -24.00000000000000355 ) ) ;
#2862 = CARTESIAN_POINT ( 'NONE',  ( 0.000000000000000000, 0.000000000000000000, -36.99999999999999289 ) ) ;
#2863 = DIRECTION ( 'NONE',  ( 1.000000000000000000, 0.000000000000000000, 0.000000000000000000 ) ) ;
#2864 = CARTESIAN_POINT ( 'NONE',  ( -0.06459124883191534605, -4.935408751168083974, -105.7716523491349108 ) ) ;
#2865 = AXIS2_PLACEMENT_3D ( 'NONE', #5715, #193, #3599 ) ;
#2866 = AXIS2_PLACEMENT_3D ( 'NONE', #5918, #7952, #4455 ) ;
#2867 = CARTESIAN_POINT ( 'NONE',  ( -4.686141179201310791, -0.3138588207986893752, -108.0346786877579746 ) ) ;
#2868 = DIRECTION ( 'NONE',  ( -0.000000000000000000, -0.000000000000000000, 1.000000000000000000 ) ) ;
#2869 = CARTESIAN_POINT ( 'NONE',  ( 0.000000000000000000, -5.000000000000000000, -29.49999999997211830 ) ) ;
#2870 = EDGE_CURVE ( 'NONE', #39, #2888, #2304, .T. ) ;
#2871 = CARTESIAN_POINT ( 'NONE',  ( -1.000000000000000000, 1.224646799147353207E-16, -29.50000000000000355 ) ) ;
#2872 = DIRECTION ( 'NONE',  ( 1.000000000000000000, 0.000000000000000000, 0.000000000000000000 ) ) ;
#2873 = AXIS2_PLACEMENT_3D ( 'NONE', #643, #5437, #1942 ) ;
#2874 = ORIENTED_EDGE ( 'NONE', *, *, #4069, .T. ) ;
#2875 = CARTESIAN_POINT ( 'NONE',  ( -4.282386290039716492, -0.7176137099602823977, -15.20222873041528189 ) ) ;
#2876 = VERTEX_POINT ( 'NONE', #5635 ) ;
#2877 = AXIS2_PLACEMENT_3D ( 'NONE', #679, #5644, #5781 ) ;
#2878 = EDGE_CURVE ( 'NONE', #620, #6014, #7074, .T. ) ;
#2879 = AXIS2_PLACEMENT_3D ( 'NONE', #6731, #8972, #5524 ) ;
#2880 = CARTESIAN_POINT ( 'NONE',  ( 4.686141179201316120, -0.3138588207986843237, -42.03467868775798877 ) ) ;
#2881 = CARTESIAN_POINT ( 'NONE',  ( -0.2517800035653571245, -4.748219996434642987, -25.40883637236998993 ) ) ;
#2882 = CARTESIAN_POINT ( 'NONE',  ( 4.967796004299648516, -0.03220399570035233083, -122.4154637256984870 ) ) ;
#2883 = CARTESIAN_POINT ( 'NONE',  ( 5.000000000000281553, 2.809514862196180954E-13, -84.50000000000021316 ) ) ;
#2884 = DIRECTION ( 'NONE',  ( 0.000000000000000000, 0.000000000000000000, -1.000000000000000000 ) ) ;
#2885 = AXIS2_PLACEMENT_3D ( 'NONE', #8369, #6293, #7545 ) ;
#2886 = CARTESIAN_POINT ( 'NONE',  ( -0.008301598520849530483, -4.991698401479150782, -78.70374637061694045 ) ) ;
#2887 = CARTESIAN_POINT ( 'NONE',  ( 4.935408751172079889, -0.06459124882791927869, -35.72834765084400033 ) ) ;
#2888 = VERTEX_POINT ( 'NONE', #1449 ) ;
#2889 = CARTESIAN_POINT ( 'NONE',  ( 0.000000000000000000, -5.000000000000000000, -56.99999999999999289 ) ) ;
#2890 = ORIENTED_EDGE ( 'NONE', *, *, #64, .T. ) ;
#2891 = AXIS2_PLACEMENT_3D ( 'NONE', #339, #8760, #2465 ) ;
#2892 = EDGE_CURVE ( 'NONE', #6662, #5185, #327, .T. ) ;
#2893 = DIRECTION ( 'NONE',  ( -0.000000000000000000, -0.000000000000000000, 1.000000000000000000 ) ) ;
#2894 = DIRECTION ( 'NONE',  ( 1.000000000000000000, 0.000000000000000000, 0.000000000000000000 ) ) ;
#2895 = CARTESIAN_POINT ( 'NONE',  ( -4.832344906989094468, -0.1676550930109067528, -74.64546193740920899 ) ) ;
#2896 = CARTESIAN_POINT ( 'NONE',  ( 0.000000000000000000, 0.000000000000000000, -59.75000000000000000 ) ) ;
#2897 = EDGE_CURVE ( 'NONE', #2305, #1408, #99, .T. ) ;
#2898 = CARTESIAN_POINT ( 'NONE',  ( 0.000000000000000000, 0.000000000000000000, -99.00000000000000000 ) ) ;
#2899 = CARTESIAN_POINT ( 'NONE',  ( 1.022952373036596905E-12, -4.999999999998977707, -34.85274279208621095 ) ) ;
#2900 = ORIENTED_EDGE ( 'NONE', *, *, #974, .T. ) ;
#2901 = COORDINATED_UNIVERSAL_TIME_OFFSET ( 3, 30, .AHEAD. ) ;
#2902 = ORIENTED_EDGE ( 'NONE', *, *, #2124, .F. ) ;
#2903 = CIRCLE ( 'NONE', #7894, 3.999999999999998224 ) ;
#2904 = EDGE_CURVE ( 'NONE', #1764, #2546, #5711, .T. ) ;
#2905 = AXIS2_PLACEMENT_3D ( 'NONE', #7379, #3064, #8662 ) ;
#2906 = CARTESIAN_POINT ( 'NONE',  ( -0.9999999999999995559, 1.224646799147352714E-16, 0.000000000000000000 ) ) ;
#2907 = CARTESIAN_POINT ( 'NONE',  ( -4.960065625082965113, -0.03993437491703619863, -89.41868978647573840 ) ) ;
#2908 = DIRECTION ( 'NONE',  ( -0.000000000000000000, -0.000000000000000000, 1.000000000000000000 ) ) ;
#2909 = CARTESIAN_POINT ( 'NONE',  ( 0.9999999999999995559, 0.000000000000000000, 0.000000000000000000 ) ) ;
#2910 = ORIENTED_EDGE ( 'NONE', *, *, #5301, .T. ) ;
#2911 = AXIS2_PLACEMENT_3D ( 'NONE', #6693, #3065, #7977 ) ;
#2912 = CARTESIAN_POINT ( 'NONE',  ( 0.9999999999999995559, 0.000000000000000000, 0.000000000000000000 ) ) ;
#2913 = DIRECTION ( 'NONE',  ( 1.000000000000000000, 0.000000000000000000, 0.000000000000000000 ) ) ;
#2914 = AXIS2_PLACEMENT_3D ( 'NONE', #8033, #7439, #1136 ) ;
#2915 = CARTESIAN_POINT ( 'NONE',  ( 1.000000000000000000, 0.000000000000000000, -11.00000000000000000 ) ) ;
#2916 = FACE_OUTER_BOUND ( 'NONE', #644, .T. ) ;
#2917 = AXIS2_PLACEMENT_3D ( 'NONE', #3561, #752, #8487 ) ;
#2918 = CARTESIAN_POINT ( 'NONE',  ( 5.000000000000285105, 2.852467898815543462E-13, -13.00000000000021316 ) ) ;
#2919 = ADVANCED_FACE ( 'NONE', ( #7154 ), #7817, .T. ) ;
#2920 = AXIS2_PLACEMENT_3D ( 'NONE', #6674, #4061, #562 ) ;
#2921 = CARTESIAN_POINT ( 'NONE',  ( -4.502552532152134468, -0.4974474678478655321, -108.3867275769282088 ) ) ;
#2922 = CARTESIAN_POINT ( 'NONE',  ( 4.991698401481079905, -0.008301598518919086830, -79.29625362935772159 ) ) ;
#2923 = CARTESIAN_POINT ( 'NONE',  ( 4.508466212578265520, -0.4915337874217340919, -27.60623519306795259 ) ) ;
#2924 = DIRECTION ( 'NONE',  ( 1.000000000000000000, 0.000000000000000000, 0.000000000000000000 ) ) ;
#2925 = DIRECTION ( 'NONE',  ( 1.000000000000000000, 0.000000000000000000, 0.000000000000000000 ) ) ;
#2926 = ORIENTED_EDGE ( 'NONE', *, *, #4034, .T. ) ;
#2927 = CARTESIAN_POINT ( 'NONE',  ( -0.008301598518898629236, -4.991698401481101222, -18.20374637064252354 ) ) ;
#2928 = ORIENTED_EDGE ( 'NONE', *, *, #2371, .F. ) ;
#2929 = AXIS2_PLACEMENT_3D ( 'NONE', #7054, #7838, #8489 ) ;
#2930 = TOROIDAL_SURFACE ( 'NONE', #8216, 1.000000000000000000, 2.000000000000001776 ) ;
#2931 = EDGE_CURVE ( 'NONE', #8987, #86, #5169, .T. ) ;
#2932 = CARTESIAN_POINT ( 'NONE',  ( -4.041784260359807313, -0.9582157396401929095, -38.02377465029932324 ) ) ;
#2933 = CARTESIAN_POINT ( 'NONE',  ( -1.328041165545657876, -3.671958834454342124, -37.75000000000000000 ) ) ;
#2934 = CARTESIAN_POINT ( 'NONE',  ( 0.000000000000000000, 0.000000000000000000, -59.00000000000000000 ) ) ;
#2935 = CARTESIAN_POINT ( 'NONE',  ( 0.000000000000000000, 0.000000000000000000, -117.5000000000000000 ) ) ;
#2936 = CARTESIAN_POINT ( 'NONE',  ( -0.06459124882788414013, -4.935408751172115416, -12.27165234915616843 ) ) ;
#2937 = DIRECTION ( 'NONE',  ( 1.000000000000000000, 0.000000000000000000, 0.000000000000000000 ) ) ;
#2938 = ORIENTED_EDGE ( 'NONE', *, *, #1287, .F. ) ;
#2939 = CARTESIAN_POINT ( 'NONE',  ( 4.959369330385070107, -0.04063066961493031620, -101.5861344834557087 ) ) ;
#2940 = ORIENTED_EDGE ( 'NONE', *, *, #3308, .T. ) ;
#2941 = CARTESIAN_POINT ( 'NONE',  ( -0.7176137099645694128, -4.282386290035430143, -65.79777126957945654 ) ) ;
#2942 = DIRECTION ( 'NONE',  ( 0.000000000000000000, 0.000000000000000000, -1.000000000000000000 ) ) ;
#2943 = CARTESIAN_POINT ( 'NONE',  ( 0.000000000000000000, 0.000000000000000000, -18.50000000000000355 ) ) ;
#2944 = CARTESIAN_POINT ( 'NONE',  ( 4.502552532152134468, -0.4974474678478660872, -53.38672757692826565 ) ) ;
#2945 = DIRECTION ( 'NONE',  ( -1.000000000000000000, 1.224646799147353207E-16, 0.000000000000000000 ) ) ;
#2946 = CARTESIAN_POINT ( 'NONE',  ( 4.041784260359807313, -0.9582157396401911331, -115.0237746502993019 ) ) ;
#2947 = ORIENTED_EDGE ( 'NONE', *, *, #6013, .T. ) ;
#2948 = APPROVAL_DATE_TIME ( #134, #2211 ) ;
#2949 = EDGE_CURVE ( 'NONE', #3278, #2131, #8440, .T. ) ;
#2950 = ORIENTED_EDGE ( 'NONE', *, *, #7825, .F. ) ;
#2951 = CARTESIAN_POINT ( 'NONE',  ( -4.960065625082964225, -0.03993437491703465819, -6.918689786475724190 ) ) ;
#2952 = CARTESIAN_POINT ( 'NONE',  ( 4.959369330385070107, -0.04063066961493031620, -74.08613448345570873 ) ) ;
#2953 = DIRECTION ( 'NONE',  ( 1.000000000000000000, 0.000000000000000000, 0.000000000000000000 ) ) ;
#2954 = ORIENTED_EDGE ( 'NONE', *, *, #4220, .F. ) ;
#2955 = DIRECTION ( 'NONE',  ( -0.000000000000000000, -0.000000000000000000, 1.000000000000000000 ) ) ;
#2956 = CARTESIAN_POINT ( 'NONE',  ( -4.959369330385072772, -0.04063066961492743656, -30.08613448345569452 ) ) ;
#2957 = EDGE_CURVE ( 'NONE', #177, #4199, #3858, .T. ) ;
#2958 = CARTESIAN_POINT ( 'NONE',  ( -3.904737509655567429, 4.781924292710297523E-16, -37.75000000000000000 ) ) ;
#2959 = VERTEX_POINT ( 'NONE', #7433 ) ;
#2960 = CARTESIAN_POINT ( 'NONE',  ( 0.000000000000000000, 0.000000000000000000, -77.00000000000000000 ) ) ;
#2961 = CARTESIAN_POINT ( 'NONE',  ( -0.9999999999999995559, 1.224646799147352714E-16, 0.000000000000000000 ) ) ;
#2962 = CARTESIAN_POINT ( 'NONE',  ( 0.000000000000000000, 0.000000000000000000, -62.50000000000000000 ) ) ;
#2963 = CARTESIAN_POINT ( 'NONE',  ( 0.000000000000000000, 0.000000000000000000, 0.000000000000000000 ) ) ;
#2964 = CARTESIAN_POINT ( 'NONE',  ( 1.328041165545656987, -3.671958834454343013, -103.7500000000000000 ) ) ;
#2965 = EDGE_CURVE ( 'NONE', #2320, #2264, #6696, .T. ) ;
#2966 = EDGE_LOOP ( 'NONE', ( #3735, #2044, #6560 ) ) ;
#2967 = CARTESIAN_POINT ( 'NONE',  ( -0.9582157396402199989, -4.041784260359780667, -9.976225349700708733 ) ) ;
#2968 = DESIGN_CONTEXT ( 'detailed design', #863, 'design' ) ;
#2969 = EDGE_LOOP ( 'NONE', ( #6698, #3541, #8169, #5910, #6871, #7881 ) ) ;
#2970 = CIRCLE ( 'NONE', #4870, 4.000000000000003553 ) ;
#2971 = CARTESIAN_POINT ( 'NONE',  ( 0.6335913640931351010, -4.366408635906866564, -15.10619955116407453 ) ) ;
#2972 = CARTESIAN_POINT ( 'NONE',  ( -0.1593231317748066977, -4.840676868225194163, -36.14678058429972651 ) ) ;
#2973 = DIRECTION ( 'NONE',  ( 0.000000000000000000, -1.000000000000000000, 0.000000000000000000 ) ) ;
#2974 = CIRCLE ( 'NONE', #2227, 0.9999999999999993339 ) ;
#2975 = CARTESIAN_POINT ( 'NONE',  ( -1.016614237250531202E-12, -5.000000000001018741, -84.64684353042214582 ) ) ;
#2976 = CARTESIAN_POINT ( 'NONE',  ( 0.3138588208043429084, -4.686141179195654871, -77.46532131222942041 ) ) ;
#2977 = CARTESIAN_POINT ( 'NONE',  ( 0.4321793203679960560, -4.567820679632004222, -71.72657376276976038 ) ) ;
#2978 = DIRECTION ( 'NONE',  ( -0.000000000000000000, -0.000000000000000000, 1.000000000000000000 ) ) ;
#2979 = EDGE_CURVE ( 'NONE', #7686, #268, #5041, .T. ) ;
#2980 = ORIENTED_EDGE ( 'NONE', *, *, #6262, .T. ) ;
#2981 = CARTESIAN_POINT ( 'NONE',  ( 0.9582157396402211091, -4.041784260359779779, -26.47622534970071229 ) ) ;
#2982 = ORIENTED_EDGE ( 'NONE', *, *, #1807, .F. ) ;
#2983 = DIRECTION ( 'NONE',  ( 0.000000000000000000, 0.000000000000000000, -1.000000000000000000 ) ) ;
#2984 = CARTESIAN_POINT ( 'NONE',  ( -4.991698401481084346, -0.008301598518914836758, -40.79625362935772870 ) ) ;
#2985 = CARTESIAN_POINT ( 'NONE',  ( -0.1676550930162088171, -4.832344906983790267, -110.8545380625738517 ) ) ;
#2986 = CARTESIAN_POINT ( 'NONE',  ( -3.671958834454335019, -1.328041165545665203, -26.75000000000000355 ) ) ;
#2987 = DIRECTION ( 'NONE',  ( 1.000000000000000000, 0.000000000000000000, 0.000000000000000000 ) ) ;
#2988 = EDGE_LOOP ( 'NONE', ( #228, #672, #2674, #1004 ) ) ;
#2989 = PERSON_AND_ORGANIZATION ( #6507, #1122 ) ;
#2990 = ORIENTED_EDGE ( 'NONE', *, *, #5343, .T. ) ;
#2991 = EDGE_CURVE ( 'NONE', #7291, #4794, #2087, .T. ) ;
#2992 = CARTESIAN_POINT ( 'NONE',  ( 0.000000000000000000, 0.000000000000000000, -48.75000000000000000 ) ) ;
#2993 = CARTESIAN_POINT ( 'NONE',  ( -4.872131520502826163, -0.1278684794971741423, -85.50740203054003530 ) ) ;
#2994 = CIRCLE ( 'NONE', #8136, 0.9999999999999993339 ) ;
#2995 = CARTESIAN_POINT ( 'NONE',  ( 4.359865889258237814, -0.6401341107417624077, -26.10125045371351149 ) ) ;
#2996 = ORIENTED_EDGE ( 'NONE', *, *, #3719, .F. ) ;
#2997 = CARTESIAN_POINT ( 'NONE',  ( 4.359865889258244920, -0.6401341107417566345, -108.6012504537135044 ) ) ;
#2998 = DIRECTION ( 'NONE',  ( -0.000000000000000000, -0.000000000000000000, 1.000000000000000000 ) ) ;
#2999 = CARTESIAN_POINT ( 'NONE',  ( 0.06459124883191522115, -4.935408751168083974, -89.27165234913491076 ) ) ;
#3000 = CARTESIAN_POINT ( 'NONE',  ( -5.000000000000007105, 5.907101895033082199E-15, -111.8531564695516352 ) ) ;
#3001 = ORIENTED_EDGE ( 'NONE', *, *, #3895, .F. ) ;
#3002 = CARTESIAN_POINT ( 'NONE',  ( -0.1278684795021247100, -4.872131520497876345, -105.4925979694415901 ) ) ;
#3003 = EDGE_CURVE ( 'NONE', #2432, #5133, #5902, .T. ) ;
#3004 = AXIS2_PLACEMENT_3D ( 'NONE', #3612, #6316, #7053 ) ;
#3005 = FACE_OUTER_BOUND ( 'NONE', #8667, .T. ) ;
#3006 = CARTESIAN_POINT ( 'NONE',  ( 4.991957775357460214, -0.008042224642539515245, -95.20753412542734395 ) ) ;
#3007 = CARTESIAN_POINT ( 'NONE',  ( -1.000000000000000000, 1.224646799147353207E-16, -101.0000000000000000 ) ) ;
#3008 = DIRECTION ( 'NONE',  ( 1.224646799147353207E-16, 1.000000000000000000, 0.000000000000000000 ) ) ;
#3009 = CC_DESIGN_DATE_AND_TIME_ASSIGNMENT ( #222, #2199, ( #7451 ) ) ;
#3010 = ORIENTED_EDGE ( 'NONE', *, *, #6664, .T. ) ;
#3011 = DIRECTION ( 'NONE',  ( 1.000000000000000000, 0.000000000000000000, 0.000000000000000000 ) ) ;
#3012 = AXIS2_PLACEMENT_3D ( 'NONE', #8539, #5775, #674 ) ;
#3013 = VERTEX_POINT ( 'NONE', #1821 ) ;
#3014 = AXIS2_PLACEMENT_3D ( 'NONE', #2158, #4322, #140 ) ;
#3015 = EDGE_CURVE ( 'NONE', #545, #5257, #4315, .T. ) ;
#3016 = CARTESIAN_POINT ( 'NONE',  ( 0.4321793203679926698, -4.567820679632006886, -5.726573762769739950 ) ) ;
#3017 = CIRCLE ( 'NONE', #1384, 1.999999999999988010 ) ;
#3018 = CARTESIAN_POINT ( 'NONE',  ( 0.06404366727607574417, -4.935956332723924866, -46.72559813399347917 ) ) ;
#3019 = DIRECTION ( 'NONE',  ( -0.000000000000000000, -0.000000000000000000, 1.000000000000000000 ) ) ;
#3020 = DIRECTION ( 'NONE',  ( 1.000000000000000000, 0.000000000000000000, 0.000000000000000000 ) ) ;
#3021 = DIRECTION ( 'NONE',  ( -0.000000000000000000, -0.000000000000000000, 1.000000000000000000 ) ) ;
#3022 = DIRECTION ( 'NONE',  ( -0.000000000000000000, -0.000000000000000000, 1.000000000000000000 ) ) ;
#3023 = ORIENTED_EDGE ( 'NONE', *, *, #3481, .F. ) ;
#3024 = CARTESIAN_POINT ( 'NONE',  ( -0.1593231317802005775, -4.840676868219799367, -74.64678058431651664 ) ) ;
#3025 = AXIS2_PLACEMENT_3D ( 'NONE', #5231, #8088, #1785 ) ;
#3026 = B_SPLINE_CURVE_WITH_KNOTS ( 'NONE', 3,
 ( #8534, #2187, #5038, #5633, #2139, #8437, #6278, #7757, #2098, #7708, #1398, #2887, #7015, #7800, #1488, #4300 ),
 .UNSPECIFIED., .F., .F.,
 ( 4, 2, 2, 2, 2, 2, 2, 4 ),
 ( 4.818711198530449181E-07, 0.0008765200830274260703, 0.001314539188981219547, 0.001752558294935013241, 0.002190577400888806502, 0.002628596506842600412, 0.003066615612796393456, 0.003504634718750187367 ),
 .UNSPECIFIED. ) ;
#3027 = ORIENTED_EDGE ( 'NONE', *, *, #3745, .F. ) ;
#3028 = AXIS2_PLACEMENT_3D ( 'NONE', #1857, #3276, #3418 ) ;
#3029 = CARTESIAN_POINT ( 'NONE',  ( 4.991957775357462879, -0.008042224642538269713, -18.20753412542731553 ) ) ;
#3030 = AXIS2_PLACEMENT_3D ( 'NONE', #780, #2302, #2164 ) ;
#3031 = DIRECTION ( 'NONE',  ( -0.000000000000000000, -0.000000000000000000, 1.000000000000000000 ) ) ;
#3032 = CARTESIAN_POINT ( 'NONE',  ( -4.959369330385070107, -0.04063066961493041335, -74.08613448345570873 ) ) ;
#3033 = CARTESIAN_POINT ( 'NONE',  ( 0.000000000000000000, -5.000000000000000000, -56.99999999999999289 ) ) ;
#3034 = DIRECTION ( 'NONE',  ( -0.000000000000000000, -0.000000000000000000, 1.000000000000000000 ) ) ;
#3035 = ORIENTED_EDGE ( 'NONE', *, *, #2046, .F. ) ;
#3036 = CALENDAR_DATE ( 2026, 24, 2 ) ;
#3037 = ORIENTED_EDGE ( 'NONE', *, *, #3862, .T. ) ;
#3038 = ADVANCED_FACE ( 'NONE', ( #6601 ), #2852, .F. ) ;
#3039 = DIRECTION ( 'NONE',  ( 1.000000000000000000, 0.000000000000000000, 0.000000000000000000 ) ) ;
#3040 = FACE_OUTER_BOUND ( 'NONE', #8999, .T. ) ;
#3041 = ORIENTED_EDGE ( 'NONE', *, *, #3297, .F. ) ;
#3042 = DIRECTION ( 'NONE',  ( -0.000000000000000000, -0.000000000000000000, 1.000000000000000000 ) ) ;
#3043 = DIRECTION ( 'NONE',  ( 1.000000000000000000, 0.000000000000000000, 0.000000000000000000 ) ) ;
#3044 = CARTESIAN_POINT ( 'NONE',  ( -4.935408751172080777, -0.06459124882792058320, -30.22834765084402164 ) ) ;
#3045 = DIRECTION ( 'NONE',  ( -1.000000000000000000, 1.224646799147353207E-16, 0.000000000000000000 ) ) ;
#3046 = VERTEX_POINT ( 'NONE', #1083 ) ;
#3047 = CARTESIAN_POINT ( 'NONE',  ( -0.1593231317748053377, -4.840676868225195939, -47.14678058429972651 ) ) ;
#3048 = CC_DESIGN_APPROVAL ( #2211, ( #2460 ) ) ;
#3049 = AXIS2_PLACEMENT_3D ( 'NONE', #9082, #2055, #2749 ) ;
#3050 = VECTOR ( 'NONE', #8677, 1000.000000000000000 ) ;
#3051 = DIRECTION ( 'NONE',  ( 1.000000000000000000, 0.000000000000000000, 0.000000000000000000 ) ) ;
#3052 = CARTESIAN_POINT ( 'NONE',  ( 0.2517800035594300323, -4.748219996440570689, -30.90883637235559078 ) ) ;
#3053 = AXIS2_PLACEMENT_3D ( 'NONE', #1173, #3287, #7425 ) ;
#3054 = DIRECTION ( 'NONE',  ( 0.000000000000000000, 0.000000000000000000, -1.000000000000000000 ) ) ;
#3055 = CARTESIAN_POINT ( 'NONE',  ( 4.748219996434698054, -0.2517800035653023349, -11.59116362763015040 ) ) ;
#3056 = ORIENTED_EDGE ( 'NONE', *, *, #7587, .T. ) ;
#3057 = CARTESIAN_POINT ( 'NONE',  ( 0.000000000000000000, -5.000000000000000000, -106.4999999999720046 ) ) ;
#3058 = EDGE_CURVE ( 'NONE', #3527, #5478, #5153, .T. ) ;
#3059 = ORIENTED_EDGE ( 'NONE', *, *, #5387, .F. ) ;
#3060 = VECTOR ( 'NONE', #5467, 1000.000000000000000 ) ;
#3061 = AXIS2_PLACEMENT_3D ( 'NONE', #1758, #1617, #5156 ) ;
#3062 = CARTESIAN_POINT ( 'NONE',  ( 1.136863993905366188, -3.863136006094634478, -4.871216220797304430 ) ) ;
#3063 = CARTESIAN_POINT ( 'NONE',  ( -0.9582157396373277569, -4.041784260362672576, -97.97622534969822539 ) ) ;
#3064 = DIRECTION ( 'NONE',  ( 1.224646799147353207E-16, 1.000000000000000000, 0.000000000000000000 ) ) ;
#3065 = DIRECTION ( 'NONE',  ( -0.000000000000000000, -0.000000000000000000, 1.000000000000000000 ) ) ;
#3066 = CARTESIAN_POINT ( 'NONE',  ( 0.000000000000000000, 0.000000000000000000, -69.99999999999998579 ) ) ;
#3067 = ORIENTED_EDGE ( 'NONE', *, *, #5506, .F. ) ;
#3068 = CARTESIAN_POINT ( 'NONE',  ( 0.000000000000000000, 0.000000000000000000, -90.00000000000000000 ) ) ;
#3069 = AXIS2_PLACEMENT_3D ( 'NONE', #160, #7149, #2184 ) ;
#3070 = EDGE_CURVE ( 'NONE', #2695, #241, #7983, .T. ) ;
#3071 = ORIENTED_EDGE ( 'NONE', *, *, #8595, .F. ) ;
#3072 = DIRECTION ( 'NONE',  ( -0.000000000000000000, -0.000000000000000000, 1.000000000000000000 ) ) ;
#3073 = CARTESIAN_POINT ( 'NONE',  ( 0.000000000000000000, 0.000000000000000000, -114.7499999999999858 ) ) ;
#3074 = CARTESIAN_POINT ( 'NONE',  ( -3.863136006094622488, -1.136863993905376402, -10.12878377920270800 ) ) ;
#3075 = CARTESIAN_POINT ( 'NONE',  ( -4.840676868219842888, -0.1593231317801557245, -83.35321941568363968 ) ) ;
#3076 = ORIENTED_EDGE ( 'NONE', *, *, #3, .F. ) ;
#3077 = COORDINATED_UNIVERSAL_TIME_OFFSET ( 3, 30, .AHEAD. ) ;
#3078 = ADVANCED_FACE ( 'NONE', ( #1036 ), #6813, .T. ) ;
#3079 = ORIENTED_EDGE ( 'NONE', *, *, #2059, .T. ) ;
#3080 = EDGE_CURVE ( 'NONE', #3141, #8504, #6073, .T. ) ;
#3081 = CARTESIAN_POINT ( 'NONE',  ( 4.567820679631958924, -0.4321793203680420747, -113.7734262372303533 ) ) ;
#3082 = CARTESIAN_POINT ( 'NONE',  ( 3.671958834454343013, -1.328041165545656987, -81.74999999999998579 ) ) ;
#3083 = ORIENTED_EDGE ( 'NONE', *, *, #7905, .F. ) ;
#3084 = CARTESIAN_POINT ( 'NONE',  ( 1.000000000000000000, 0.000000000000000000, -62.50000000000000000 ) ) ;
#3085 = CARTESIAN_POINT ( 'NONE',  ( 4.935956332719889872, -0.06404366728011023913, -72.77440186598521166 ) ) ;
#3086 = CARTESIAN_POINT ( 'NONE',  ( -0.2608011982979995813, -4.739198801702001695, -6.090762282205671063 ) ) ;
#3087 = CARTESIAN_POINT ( 'NONE',  ( -0.008301598518901123769, -4.991698401481100333, -117.2037463706425200 ) ) ;
#3088 = EDGE_CURVE ( 'NONE', #7819, #2305, #2842, .T. ) ;
#3089 = ORIENTED_EDGE ( 'NONE', *, *, #7050, .T. ) ;
#3090 = DIRECTION ( 'NONE',  ( 1.000000000000000000, 0.000000000000000000, 0.000000000000000000 ) ) ;
#3091 = FACE_OUTER_BOUND ( 'NONE', #1425, .T. ) ;
#3092 = CARTESIAN_POINT ( 'NONE',  ( 3.863136006094624708, -1.136863993905376402, -48.62878377920270623 ) ) ;
#3093 = DIRECTION ( 'NONE',  ( -0.000000000000000000, -0.000000000000000000, 1.000000000000000000 ) ) ;
#3094 = CARTESIAN_POINT ( 'NONE',  ( -1.000000000000000000, 1.224646799147353207E-16, -84.50000000000000000 ) ) ;
#3095 = ORIENTED_EDGE ( 'NONE', *, *, #5572, .T. ) ;
#3096 = FACE_OUTER_BOUND ( 'NONE', #5660, .T. ) ;
#3097 = ORIENTED_EDGE ( 'NONE', *, *, #1648, .T. ) ;
#3098 = EDGE_LOOP ( 'NONE', ( #5655, #2817, #4456 ) ) ;
#3099 = CARTESIAN_POINT ( 'NONE',  ( -1.328041165545665647, -3.671958834454334575, -48.75000000000000000 ) ) ;
#3100 = CARTESIAN_POINT ( 'NONE',  ( 0.000000000000000000, 0.000000000000000000, -117.5000000000000000 ) ) ;
#3101 = EDGE_CURVE ( 'NONE', #8809, #4429, #7249, .T. ) ;
#3102 = CARTESIAN_POINT ( 'NONE',  ( -1.328041165545665647, -3.671958834454334575, -48.75000000000000000 ) ) ;
#3103 = DIRECTION ( 'NONE',  ( -0.000000000000000000, -0.000000000000000000, 1.000000000000000000 ) ) ;
#3104 = CARTESIAN_POINT ( 'NONE',  ( -4.359865889258240479, -0.6401341107417611864, -48.10125045371351149 ) ) ;
#3105 = DIRECTION ( 'NONE',  ( -0.000000000000000000, -0.000000000000000000, 1.000000000000000000 ) ) ;
#3106 = CARTESIAN_POINT ( 'NONE',  ( -4.935408751172079889, -0.06459124882791947297, -35.72834765084402164 ) ) ;
#3107 = ORIENTED_EDGE ( 'NONE', *, *, #8080, .T. ) ;
#3108 = CARTESIAN_POINT ( 'NONE',  ( 5.000000000000285993, 2.862826807771588442E-13, -57.00000000000020606 ) ) ;
#3109 = EDGE_LOOP ( 'NONE', ( #2571, #8114, #7004, #2467 ) ) ;
#3110 = CIRCLE ( 'NONE', #1793, 3.904737509655572758 ) ;
#3111 = DIRECTION ( 'NONE',  ( -0.000000000000000000, -0.000000000000000000, 1.000000000000000000 ) ) ;
#3112 = CARTESIAN_POINT ( 'NONE',  ( 0.000000000000000000, 0.000000000000000000, 0.000000000000000000 ) ) ;
#3113 = EDGE_CURVE ( 'NONE', #5007, #3987, #6957, .T. ) ;
#3114 = CARTESIAN_POINT ( 'NONE',  ( 1.328041165545661428, -3.671958834454339016, -15.75000000000000000 ) ) ;
#3115 = CYLINDRICAL_SURFACE ( 'NONE', #6291, 0.9999999999999995559 ) ;
#3116 = CARTESIAN_POINT ( 'NONE',  ( -3.862796825714235549, -1.137203174285766671, -81.87100116288257823 ) ) ;
#3117 = CARTESIAN_POINT ( 'NONE',  ( -0.06459124882788494504, -4.935408751172116304, -23.27165234915617731 ) ) ;
#3118 = ORIENTED_EDGE ( 'NONE', *, *, #7629, .F. ) ;
#3119 = VERTEX_POINT ( 'NONE', #2655 ) ;
#3120 = AXIS2_PLACEMENT_3D ( 'NONE', #5290, #5382, #718 ) ;
#3121 = CARTESIAN_POINT ( 'NONE',  ( 0.000000000000000000, 0.000000000000000000, -119.4999999999999858 ) ) ;
#3122 = EDGE_CURVE ( 'NONE', #58, #3906, #7688, .T. ) ;
#3123 = CARTESIAN_POINT ( 'NONE',  ( 4.960065625082966001, -0.03993437491703492187, -6.918689786475724190 ) ) ;
#3124 = DIRECTION ( 'NONE',  ( -0.000000000000000000, -0.000000000000000000, 1.000000000000000000 ) ) ;
#3125 = ORIENTED_EDGE ( 'NONE', *, *, #5481, .T. ) ;
#3126 = CARTESIAN_POINT ( 'NONE',  ( 0.1278684794971300664, -4.872131520502868796, -116.4925979694601637 ) ) ;
#3127 = DIRECTION ( 'NONE',  ( 0.000000000000000000, -1.000000000000000000, 0.000000000000000000 ) ) ;
#3128 = CARTESIAN_POINT ( 'NONE',  ( -4.872131520502827939, -0.1278684794971737537, -19.50740203054002819 ) ) ;
#3129 = VERTEX_POINT ( 'NONE', #4888 ) ;
#3130 = TOROIDAL_SURFACE ( 'NONE', #8283, 1.000000000000000000, 4.000000000000000000 ) ;
#3131 = LINE ( 'NONE', #5928, #8353 ) ;
#3132 = CARTESIAN_POINT ( 'NONE',  ( 4.739198801701951957, -0.2608011982980471544, -47.40923771779444706 ) ) ;
#3133 = CARTESIAN_POINT ( 'NONE',  ( -3.863136006094629149, -1.136863993905370629, -98.12878377920270623 ) ) ;
#3134 = CARTESIAN_POINT ( 'NONE',  ( -0.6401341107464958435, -4.359865889253503823, -98.89874954628007231 ) ) ;
#3135 = FACE_OUTER_BOUND ( 'NONE', #3228, .T. ) ;
#3136 = ORIENTED_EDGE ( 'NONE', *, *, #1939, .T. ) ;
#3137 = DIRECTION ( 'NONE',  ( -0.000000000000000000, -0.000000000000000000, 1.000000000000000000 ) ) ;
#3138 = EDGE_LOOP ( 'NONE', ( #8997, #7383, #4710, #6060 ) ) ;
#3139 = CIRCLE ( 'NONE', #1668, 3.999999999999996447 ) ;
#3140 = TOROIDAL_SURFACE ( 'NONE', #8833, 1.000000000000000000, 3.999999999999996447 ) ;
#3141 = VERTEX_POINT ( 'NONE', #4160 ) ;
#3142 = CARTESIAN_POINT ( 'NONE',  ( 0.008301598518898089737, -4.991698401481102110, -7.203746370642512886 ) ) ;
#3143 = DIRECTION ( 'NONE',  ( 0.000000000000000000, -1.000000000000000000, 0.000000000000000000 ) ) ;
#3144 = CARTESIAN_POINT ( 'NONE',  ( 4.040089233413049818, -0.9599107665869508477, -31.97763427936023461 ) ) ;
#3145 = CARTESIAN_POINT ( 'NONE',  ( 0.000000000000000000, 0.000000000000000000, -2.000000000000000000 ) ) ;
#3146 = B_SPLINE_CURVE_WITH_KNOTS ( 'NONE', 3,
 ( #1863, #1811, #1123, #2504, #4666, #5995, #6984, #3882, #3980, #8371, #683, #8802, #9051, #8115 ),
 .UNSPECIFIED., .F., .F.,
 ( 4, 2, 2, 2, 2, 2, 4 ),
 ( 1.970071025772010310E-07, 0.0008756576440557241802, 0.001313387962532297634, 0.001751118281008871196, 0.002188848599485444975, 0.002626578917962018971, 0.003502039554915169130 ),
 .UNSPECIFIED. ) ;
#3147 = DIRECTION ( 'NONE',  ( 1.000000000000000000, 0.000000000000000000, 0.000000000000000000 ) ) ;
#3148 = CARTESIAN_POINT ( 'NONE',  ( -5.000000000000010658, 1.077838837469256187E-14, -45.85315646955162805 ) ) ;
#3149 = TOROIDAL_SURFACE ( 'NONE', #9018, 1.000000000000000000, 1.999999999999998224 ) ;
#3150 = CARTESIAN_POINT ( 'NONE',  ( 0.000000000000000000, -5.000000000000000000, -106.4999999999720046 ) ) ;
#3151 = EDGE_LOOP ( 'NONE', ( #758, #926, #2947 ) ) ;
#3152 = DIRECTION ( 'NONE',  ( 1.000000000000000000, 0.000000000000000000, 0.000000000000000000 ) ) ;
#3153 = VERTEX_POINT ( 'NONE', #3341 ) ;
#3154 = CIRCLE ( 'NONE', #8588, 1.999999999999998224 ) ;
#3155 = EDGE_CURVE ( 'NONE', #2305, #6323, #3718, .T. ) ;
#3156 = CIRCLE ( 'NONE', #7270, 0.9999999999999993339 ) ;
#3157 = FACE_OUTER_BOUND ( 'NONE', #1775, .T. ) ;
#3158 = CARTESIAN_POINT ( 'NONE',  ( 0.000000000000000000, 0.000000000000000000, -62.50000000000000000 ) ) ;
#3159 = CARTESIAN_POINT ( 'NONE',  ( 0.1676550930108569037, -4.832344906989143318, -17.35453806259096510 ) ) ;
#3160 = CARTESIAN_POINT ( 'NONE',  ( -4.040089233413053371, -0.9599107665869472950, -86.97763427936018843 ) ) ;
#3161 = CARTESIAN_POINT ( 'NONE',  ( -4.041784260359805536, -0.9582157396401946858, -60.02377465029932324 ) ) ;
#3162 = AXIS2_PLACEMENT_3D ( 'NONE', #5736, #7906, #2987 ) ;
#3163 = CARTESIAN_POINT ( 'NONE',  ( 0.000000000000000000, 0.000000000000000000, -26.75000000000000355 ) ) ;
#3164 = FACE_OUTER_BOUND ( 'NONE', #8853, .T. ) ;
#3165 = ORIENTED_EDGE ( 'NONE', *, *, #7940, .F. ) ;
#3166 = DATE_TIME_ROLE ( 'classification_date' ) ;
#3167 = ORIENTED_EDGE ( 'NONE', *, *, #1050, .T. ) ;
#3168 = AXIS2_PLACEMENT_3D ( 'NONE', #2641, #2589, #8249 ) ;
#3169 = EDGE_CURVE ( 'NONE', #7374, #4730, #4759, .T. ) ;
#3170 = B_SPLINE_CURVE_WITH_KNOTS ( 'NONE', 3,
 ( #7928, #2220, #59, #2875, #5672, #8479, #4988, #8568, #7792, #1522, #5030, #1477, #7832, #4341, #7142, #845 ),
 .UNSPECIFIED., .F., .F.,
 ( 4, 2, 2, 2, 2, 2, 2, 4 ),
 ( 4.818711198525358513E-07, 0.0008765200830274374544, 0.001314539188981229088, 0.001752558294935020831, 0.002190577400888812139, 0.002628596506842603882, 0.003066615612796395624, 0.003504634718750187367 ),
 .UNSPECIFIED. ) ;
#3171 = TOROIDAL_SURFACE ( 'NONE', #2582, 1.000000000000000000, 4.000000000000000000 ) ;
#3172 = ADVANCED_FACE ( 'NONE', ( #5582 ), #5917, .T. ) ;
#3173 = DIRECTION ( 'NONE',  ( 1.000000000000000000, 0.000000000000000000, 0.000000000000000000 ) ) ;
#3174 = AXIS2_PLACEMENT_3D ( 'NONE', #7510, #8205, #3924 ) ;
#3175 = DIRECTION ( 'NONE',  ( -0.000000000000000000, -0.000000000000000000, 1.000000000000000000 ) ) ;
#3176 = VERTEX_POINT ( 'NONE', #7616 ) ;
#3177 = CARTESIAN_POINT ( 'NONE',  ( 5.000000000000006217, 5.690932028285886497E-15, -73.35315646955163515 ) ) ;
#3178 = TOROIDAL_SURFACE ( 'NONE', #5375, 1.000000000000000000, 1.999999999999994893 ) ;
#3179 = DIRECTION ( 'NONE',  ( -0.000000000000000000, -0.000000000000000000, 1.000000000000000000 ) ) ;
#3180 = EDGE_LOOP ( 'NONE', ( #3727, #1170, #5283 ) ) ;
#3181 = DIRECTION ( 'NONE',  ( 1.000000000000000000, 0.000000000000000000, 0.000000000000000000 ) ) ;
#3182 = EDGE_CURVE ( 'NONE', #2389, #6014, #5191, .T. ) ;
#3183 = AXIS2_PLACEMENT_3D ( 'NONE', #703, #2175, #4245 ) ;
#3184 = CARTESIAN_POINT ( 'NONE',  ( 3.671958834454334575, -1.328041165545665647, -48.75000000000000000 ) ) ;
#3185 = EDGE_LOOP ( 'NONE', ( #3041, #7524, #7483 ) ) ;
#3186 = DIRECTION ( 'NONE',  ( 1.000000000000000000, 0.000000000000000000, 0.000000000000000000 ) ) ;
#3187 = CARTESIAN_POINT ( 'NONE',  ( 1.000000000000000000, 0.000000000000000000, -73.50000000000001421 ) ) ;
#3188 = ORIENTED_EDGE ( 'NONE', *, *, #974, .F. ) ;
#3189 = CARTESIAN_POINT ( 'NONE',  ( -1.000000000000000000, 1.224646799147353207E-16, -106.5000000000000000 ) ) ;
#3190 = CC_DESIGN_SECURITY_CLASSIFICATION ( #247, ( #9098 ) ) ;
#3191 = EDGE_LOOP ( 'NONE', ( #1621, #1274, #7191, #92 ) ) ;
#3192 = EDGE_CURVE ( 'NONE', #4481, #4139, #4055, .T. ) ;
#3193 = AXIS2_PLACEMENT_3D ( 'NONE', #4491, #8672, #404 ) ;
#3194 = ORIENTED_EDGE ( 'NONE', *, *, #7689, .T. ) ;
#3195 = AXIS2_PLACEMENT_3D ( 'NONE', #1009, #6063, #3173 ) ;
#3196 = TOROIDAL_SURFACE ( 'NONE', #8340, 1.000000000000000000, 3.999999999999996447 ) ;
#3197 = CARTESIAN_POINT ( 'NONE',  ( -1.000000000000000000, 1.224646799147353207E-16, -22.00000000000000000 ) ) ;
#3198 = CARTESIAN_POINT ( 'NONE',  ( -0.008042224640668282909, -4.991957775359332494, -84.79246587454774442 ) ) ;
#3199 = CARTESIAN_POINT ( 'NONE',  ( 0.000000000000000000, 0.000000000000000000, -26.75000000000000355 ) ) ;
#3200 = CARTESIAN_POINT ( 'NONE',  ( -3.904737509655562988, 4.781924292710291606E-16, -26.75000000000000355 ) ) ;
#3201 = CARTESIAN_POINT ( 'NONE',  ( 0.000000000000000000, 0.000000000000000000, -108.4999999999999858 ) ) ;
#3202 = CARTESIAN_POINT ( 'NONE',  ( 0.2608011983036376269, -4.739198801696361762, -39.09076228219166893 ) ) ;
#3203 = CARTESIAN_POINT ( 'NONE',  ( -0.6335913640931327695, -4.366408635906868341, -119.6061995511640674 ) ) ;
#3204 = ORIENTED_EDGE ( 'NONE', *, *, #1447, .T. ) ;
#3205 = CARTESIAN_POINT ( 'NONE',  ( 4.840676868219849105, -0.1593231317801506730, -55.85321941568361126 ) ) ;
#3206 = CIRCLE ( 'NONE', #6873, 3.904737509655567873 ) ;
#3207 = ORIENTED_EDGE ( 'NONE', *, *, #6516, .F. ) ;
#3208 = CIRCLE ( 'NONE', #6576, 3.904737509655567873 ) ;
#3209 = EDGE_CURVE ( 'NONE', #3013, #1591, #3283, .T. ) ;
#3210 = TOROIDAL_SURFACE ( 'NONE', #4821, 1.000000000000000000, 3.999999999999996447 ) ;
#3211 = CARTESIAN_POINT ( 'NONE',  ( 3.671958834454339016, -1.328041165545661206, -15.75000000000000000 ) ) ;
#3212 = CARTESIAN_POINT ( 'NONE',  ( 0.04063066961830674728, -4.959369330381694141, -67.41386551652202286 ) ) ;
#3213 = AXIS2_PLACEMENT_3D ( 'NONE', #237, #8608, #1019 ) ;
#3214 = CARTESIAN_POINT ( 'NONE',  ( -3.671958834454343013, -1.328041165545656765, -87.25000000000000000 ) ) ;
#3215 = CARTESIAN_POINT ( 'NONE',  ( -4.991957775357460214, -0.008042224642539145749, -78.70753412542732974 ) ) ;
#3216 = DIRECTION ( 'NONE',  ( 0.000000000000000000, 0.000000000000000000, -1.000000000000000000 ) ) ;
#3217 = DIRECTION ( 'NONE',  ( -1.000000000000000000, 1.224646799147353207E-16, 0.000000000000000000 ) ) ;
#3218 = ORIENTED_EDGE ( 'NONE', *, *, #7787, .T. ) ;
#3219 = CALENDAR_DATE ( 2026, 24, 2 ) ;
#3220 = EDGE_LOOP ( 'NONE', ( #5243, #8352, #1634, #6382 ) ) ;
#3221 = CARTESIAN_POINT ( 'NONE',  ( 0.9999999999999995559, 0.000000000000000000, 0.000000000000000000 ) ) ;
#3222 = CARTESIAN_POINT ( 'NONE',  ( -1.000000000000000000, 1.224646799147353207E-16, -73.50000000000001421 ) ) ;
#3223 = EDGE_CURVE ( 'NONE', #2656, #422, #6454, .T. ) ;
#3224 = CARTESIAN_POINT ( 'NONE',  ( 4.959369330385070107, -0.04063066961493031620, -68.58613448345570873 ) ) ;
#3225 = ORIENTED_EDGE ( 'NONE', *, *, #6108, .T. ) ;
#3226 = CARTESIAN_POINT ( 'NONE',  ( 1.136863993906868986, -3.863136006093129016, -48.87121622079634875 ) ) ;
#3227 = CARTESIAN_POINT ( 'NONE',  ( -4.502552532152130027, -0.4974474678478674750, -20.38672757692826210 ) ) ;
#3228 = EDGE_LOOP ( 'NONE', ( #1809, #1552, #3107 ) ) ;
#3229 = CARTESIAN_POINT ( 'NONE',  ( 0.4915337874217821090, -4.508466212578217558, -9.393764806932125566 ) ) ;
#3230 = B_SPLINE_CURVE_WITH_KNOTS ( 'NONE', 3,
 ( #5333, #8790, #1846, #5922, #3269, #8734, #2490, #5291, #3086, #8099, #4649, #6069, #965, #4598, #8876, #2581 ),
 .UNSPECIFIED., .F., .F.,
 ( 4, 2, 2, 2, 2, 2, 2, 4 ),
 ( 4.818711198541903184E-07, 0.0008765200830275022897, 0.001314539188981327317, 0.001752558294935152019, 0.002190577400888976938, 0.002628596506842801640, 0.003066615612796626342, 0.003504634718750451478 ),
 .UNSPECIFIED. ) ;
#3231 = CARTESIAN_POINT ( 'NONE',  ( 5.000000000000285105, 2.855686632286915929E-13, -51.50000000000021316 ) ) ;
#3232 = EDGE_CURVE ( 'NONE', #8399, #4636, #1232, .T. ) ;
#3233 = CARTESIAN_POINT ( 'NONE',  ( -4.832344906989096245, -0.1676550930109028115, -52.64546193740918056 ) ) ;
#3234 = ORIENTED_EDGE ( 'NONE', *, *, #1194, .F. ) ;
#3235 = CARTESIAN_POINT ( 'NONE',  ( -4.686141179201310791, -0.3138588207986893752, -69.53467868775797456 ) ) ;
#3236 = VERTEX_POINT ( 'NONE', #7003 ) ;
#3237 = CARTESIAN_POINT ( 'NONE',  ( 3.863136006094629149, -1.136863993905370185, -98.12878377920270623 ) ) ;
#3238 = ORIENTED_EDGE ( 'NONE', *, *, #6135, .F. ) ;
#3239 = ORIENTED_EDGE ( 'NONE', *, *, #6905, .F. ) ;
#3240 = CARTESIAN_POINT ( 'NONE',  ( -0.4321793203734954347, -4.567820679626504621, -49.72657376275980567 ) ) ;
#3241 = CARTESIAN_POINT ( 'NONE',  ( 4.508466212578269072, -0.4915337874217309277, -77.10623519306797391 ) ) ;
#3242 = CARTESIAN_POINT ( 'NONE',  ( -0.6335913640931347679, -4.366408635906863900, -15.10619955116406743 ) ) ;
#3243 = EDGE_CURVE ( 'NONE', #3176, #1499, #6354, .T. ) ;
#3244 = CARTESIAN_POINT ( 'NONE',  ( -0.9999999999999995559, 1.224646799147352714E-16, 0.000000000000000000 ) ) ;
#3245 = DIRECTION ( 'NONE',  ( 1.000000000000000000, 0.000000000000000000, 0.000000000000000000 ) ) ;
#3246 = CARTESIAN_POINT ( 'NONE',  ( -1.000000000000000000, 1.224646799147353207E-16, -46.00000000000000000 ) ) ;
#3247 = ORIENTED_EDGE ( 'NONE', *, *, #5223, .F. ) ;
#3248 = ORIENTED_EDGE ( 'NONE', *, *, #98, .F. ) ;
#3249 = CARTESIAN_POINT ( 'NONE',  ( -3.904737509655567873, 4.781924292710298509E-16, -76.25000000000000000 ) ) ;
#3250 = CARTESIAN_POINT ( 'NONE',  ( 0.000000000000000000, -5.000000000000000000, -56.99999999999999289 ) ) ;
#3251 = CARTESIAN_POINT ( 'NONE',  ( 0.3138588207986359735, -4.686141179201362306, -16.96532131224213202 ) ) ;
#3252 = CARTESIAN_POINT ( 'NONE',  ( 0.000000000000000000, 0.000000000000000000, -40.50000000000000711 ) ) ;
#3253 = CARTESIAN_POINT ( 'NONE',  ( 0.000000000000000000, 0.000000000000000000, -122.9999999999999716 ) ) ;
#3254 = CARTESIAN_POINT ( 'NONE',  ( 4.040089233413050707, -0.9599107665869518469, -9.977634279360229286 ) ) ;
#3255 = B_SPLINE_CURVE_WITH_KNOTS ( 'NONE', 3,
 ( #3393, #6750, #7621, #4627, #6051, #1221, #8858, #6794, #8173, #5452, #1183, #7437, #1875, #583, #4812, #8906 ),
 .UNSPECIFIED., .F., .F.,
 ( 4, 2, 2, 2, 2, 2, 2, 4 ),
 ( 4.818711198494554043E-07, 0.0008765200830205810683, 0.001314539188970950201, 0.001752558294921319117, 0.002190577400871687817, 0.002628596506822056950, 0.003066615612772425649, 0.003504634718722794782 ),
 .UNSPECIFIED. ) ;
#3256 = CARTESIAN_POINT ( 'NONE',  ( -4.041784260359807313, -0.9582157396401943528, -21.52377465029931969 ) ) ;
#3257 = ORIENTED_EDGE ( 'NONE', *, *, #3113, .T. ) ;
#3258 = EDGE_LOOP ( 'NONE', ( #5390, #44, #5934, #1116 ) ) ;
#3259 = AXIS2_PLACEMENT_3D ( 'NONE', #1806, #4608, #7415 ) ;
#3260 = CIRCLE ( 'NONE', #5312, 0.9999999999999985567 ) ;
#3261 = CARTESIAN_POINT ( 'NONE',  ( 4.966947320427848922, -0.03305267957215207719, -2.589458457562409333 ) ) ;
#3262 = EDGE_CURVE ( 'NONE', #6223, #6204, #3170, .T. ) ;
#3263 = DIRECTION ( 'NONE',  ( -0.000000000000000000, -0.000000000000000000, 1.000000000000000000 ) ) ;
#3264 = DIRECTION ( 'NONE',  ( 1.224646799147353207E-16, 1.000000000000000000, 0.000000000000000000 ) ) ;
#3265 = AXIS2_PLACEMENT_3D ( 'NONE', #230, #1014, #3043 ) ;
#3266 = CARTESIAN_POINT ( 'NONE',  ( 4.502552532152130027, -0.4974474678478674750, -20.38672757692826210 ) ) ;
#3267 = VERTEX_POINT ( 'NONE', #3656 ) ;
#3268 = CARTESIAN_POINT ( 'NONE',  ( 4.502552532152134468, -0.4974474678478654210, -102.8867275769282514 ) ) ;
#3269 = CARTESIAN_POINT ( 'NONE',  ( -0.6401341107417195531, -4.359865889258280447, -5.398749546286554235 ) ) ;
#3270 = EDGE_LOOP ( 'NONE', ( #2393, #3366, #4353 ) ) ;
#3271 = DIRECTION ( 'NONE',  ( 1.000000000000000000, 0.000000000000000000, 0.000000000000000000 ) ) ;
#3272 = ADVANCED_FACE ( 'NONE', ( #154 ), #4895, .F. ) ;
#3273 = CARTESIAN_POINT ( 'NONE',  ( -0.3138588208042984440, -4.686141179195701945, -33.46532131222954831 ) ) ;
#3274 = CARTESIAN_POINT ( 'NONE',  ( 3.862796825714237769, -1.137203174285763341, -65.37100116288257823 ) ) ;
#3275 = VERTEX_POINT ( 'NONE', #4428 ) ;
#3276 = DIRECTION ( 'NONE',  ( -0.000000000000000000, -0.000000000000000000, 1.000000000000000000 ) ) ;
#3277 = CARTESIAN_POINT ( 'NONE',  ( 3.862796825714240434, -1.137203174285761786, -103.8710011628826066 ) ) ;
#3278 = VERTEX_POINT ( 'NONE', #1665 ) ;
#3279 = DIRECTION ( 'NONE',  ( -0.000000000000000000, -0.000000000000000000, 1.000000000000000000 ) ) ;
#3280 = ORIENTED_EDGE ( 'NONE', *, *, #3931, .T. ) ;
#3281 = ADVANCED_FACE ( 'NONE', ( #5851 ), #6361, .T. ) ;
#3282 = AXIS2_PLACEMENT_3D ( 'NONE', #6577, #279, #5880 ) ;
#3283 = B_SPLINE_CURVE_WITH_KNOTS ( 'NONE', 3,
 ( #8428, #2177, #6311, #7880, #197, #7091, #2265, #3696, #5622, #2967, #4938, #4390 ),
 .UNSPECIFIED., .F., .F.,
 ( 4, 2, 2, 2, 2, 4 ),
 ( 0.003504634718750451478, 0.003941423334025306001, 0.004378211949300157488, 0.005251789179849865666, 0.006125366410399573844, 0.006998943640949281154 ),
 .UNSPECIFIED. ) ;
#3284 = VERTEX_POINT ( 'NONE', #8066 ) ;
#3285 = CARTESIAN_POINT ( 'NONE',  ( -0.4974474678531437544, -4.502552532146856024, -49.61327242306310836 ) ) ;
#3286 = EDGE_CURVE ( 'NONE', #5133, #8809, #2403, .T. ) ;
#3287 = DIRECTION ( 'NONE',  ( -0.000000000000000000, -0.000000000000000000, 1.000000000000000000 ) ) ;
#3288 = DIRECTION ( 'NONE',  ( -0.000000000000000000, -0.000000000000000000, 1.000000000000000000 ) ) ;
#3289 = DIRECTION ( 'NONE',  ( 1.000000000000000000, 0.000000000000000000, 0.000000000000000000 ) ) ;
#3290 = CARTESIAN_POINT ( 'NONE',  ( 0.000000000000000000, -5.000000000000000000, -111.9999999999722036 ) ) ;
#3291 = DIRECTION ( 'NONE',  ( 1.000000000000000000, 0.000000000000000000, 0.000000000000000000 ) ) ;
#3292 = AXIS2_PLACEMENT_3D ( 'NONE', #2694, #2604, #3427 ) ;
#3293 = CARTESIAN_POINT ( 'NONE',  ( 1.000000000000000000, 0.000000000000000000, -93.50000000000000000 ) ) ;
#3294 = EDGE_LOOP ( 'NONE', ( #1085, #4441, #428 ) ) ;
#3295 = DIRECTION ( 'NONE',  ( 1.000000000000000000, 0.000000000000000000, 0.000000000000000000 ) ) ;
#3296 = ORIENTED_EDGE ( 'NONE', *, *, #64, .F. ) ;
#3297 = EDGE_CURVE ( 'NONE', #1491, #808, #8711, .T. ) ;
#3298 = CARTESIAN_POINT ( 'NONE',  ( 0.000000000000000000, 0.000000000000000000, -68.00000000000000000 ) ) ;
#3299 = DIRECTION ( 'NONE',  ( 1.000000000000000000, 0.000000000000000000, 0.000000000000000000 ) ) ;
#3300 = CARTESIAN_POINT ( 'NONE',  ( 4.040089233413050707, -0.9599107665869495154, -15.47763427936022751 ) ) ;
#3301 = FACE_OUTER_BOUND ( 'NONE', #2643, .T. ) ;
#3302 = CARTESIAN_POINT ( 'NONE',  ( -3.862796825714234661, -1.137203174285766449, -59.87100116288255691 ) ) ;
#3303 = CARTESIAN_POINT ( 'NONE',  ( -0.008042224640654392978, -4.991957775359346705, -79.29246587454755968 ) ) ;
#3304 = FACE_OUTER_BOUND ( 'NONE', #4008, .T. ) ;
#3305 = ORIENTED_EDGE ( 'NONE', *, *, #3546, .F. ) ;
#3306 = EDGE_LOOP ( 'NONE', ( #8546, #4966, #6210, #6908 ) ) ;
#3307 = AXIS2_PLACEMENT_3D ( 'NONE', #5225, #5864, #2284 ) ;
#3308 = EDGE_CURVE ( 'NONE', #8736, #7555, #3139, .T. ) ;
#3309 = AXIS2_PLACEMENT_3D ( 'NONE', #5013, #184, #6341 ) ;
#3310 = DIRECTION ( 'NONE',  ( -0.000000000000000000, -0.000000000000000000, 1.000000000000000000 ) ) ;
#3311 = CARTESIAN_POINT ( 'NONE',  ( 0.008301598518897982185, -4.991698401481102110, -12.70374637064251289 ) ) ;
#3312 = DIRECTION ( 'NONE',  ( -0.000000000000000000, -0.000000000000000000, 1.000000000000000000 ) ) ;
#3313 = CIRCLE ( 'NONE', #2719, 3.999999999999996447 ) ;
#3314 = CARTESIAN_POINT ( 'NONE',  ( 4.999999999999991118, -1.021206449902765528E-14, -18.64725720788726093 ) ) ;
#3315 = VERTEX_POINT ( 'NONE', #2401 ) ;
#3316 = FACE_OUTER_BOUND ( 'NONE', #6806, .T. ) ;
#3317 = CIRCLE ( 'NONE', #4633, 3.000000000000000000 ) ;
#3318 = VERTEX_POINT ( 'NONE', #3057 ) ;
#3319 = CARTESIAN_POINT ( 'NONE',  ( 0.000000000000000000, 0.000000000000000000, -68.00000000000000000 ) ) ;
#3320 = ADVANCED_FACE ( 'NONE', ( #7418 ), #7099, .T. ) ;
#3321 = CIRCLE ( 'NONE', #6536, 3.904737509655567873 ) ;
#3322 =( GEOMETRIC_REPRESENTATION_CONTEXT ( 3 ) GLOBAL_UNCERTAINTY_ASSIGNED_CONTEXT ( ( #7929 ) ) GLOBAL_UNIT_ASSIGNED_CONTEXT ( ( #681, #5603, #2025 ) ) REPRESENTATION_CONTEXT ( 'NONE', 'WORKASPACE' ) );
#3323 = CARTESIAN_POINT ( 'NONE',  ( -0.6401341107464953994, -4.359865889253504712, -32.89874954628008652 ) ) ;
#3324 = CARTESIAN_POINT ( 'NONE',  ( 0.000000000000000000, 0.000000000000000000, -35.00000000000000000 ) ) ;
#3325 = ORIENTED_EDGE ( 'NONE', *, *, #2904, .F. ) ;
#3326 = CARTESIAN_POINT ( 'NONE',  ( 0.000000000000000000, 0.000000000000000000, -73.50000000000001421 ) ) ;
#3327 = CARTESIAN_POINT ( 'NONE',  ( 4.508466212578269072, -0.4915337874217309277, -104.6062351930679881 ) ) ;
#3328 = CIRCLE ( 'NONE', #5163, 1.000000000000000000 ) ;
#3329 = EDGE_LOOP ( 'NONE', ( #6171, #2152, #8480 ) ) ;
#3330 = CARTESIAN_POINT ( 'NONE',  ( -1.000000000000000000, 1.224646799147353207E-16, -77.00000000000000000 ) ) ;
#3331 = B_SPLINE_CURVE_WITH_KNOTS ( 'NONE', 3,
 ( #3984, #484, #6089, #7567, #1177, #1998, #8897, #2601, #9069, #8946, #6955, #3425, #1216, #5405, #8219, #3468 ),
 .UNSPECIFIED., .F., .F.,
 ( 4, 2, 2, 2, 2, 2, 2, 4 ),
 ( 4.818711198449750235E-07, 0.0008765200830206021018, 0.001314539188970981209, 0.001752558294921360317, 0.002190577400871739425, 0.002628596506822118532, 0.003066615612772497206, 0.003504634718722876748 ),
 .UNSPECIFIED. ) ;
#3332 = EDGE_LOOP ( 'NONE', ( #7205, #5818, #4210 ) ) ;
#3333 = CARTESIAN_POINT ( 'NONE',  ( -4.991957775357460214, -0.008042224642539145749, -67.70753412542732974 ) ) ;
#3334 = DIRECTION ( 'NONE',  ( 1.000000000000000000, 0.000000000000000000, 0.000000000000000000 ) ) ;
#3335 = CARTESIAN_POINT ( 'NONE',  ( -4.991957775357460214, -0.008042224642539586368, -100.7075341254273724 ) ) ;
#3336 = FACE_OUTER_BOUND ( 'NONE', #7982, .T. ) ;
#3337 = DIRECTION ( 'NONE',  ( 1.000000000000000000, 0.000000000000000000, 0.000000000000000000 ) ) ;
#3338 = ADVANCED_FACE ( 'NONE', ( #4470 ), #3571, .T. ) ;
#3339 = CARTESIAN_POINT ( 'NONE',  ( -4.567820679631964254, -0.4321793203680371898, -64.27342623723035331 ) ) ;
#3340 = EDGE_LOOP ( 'NONE', ( #4495, #5697, #2771 ) ) ;
#3341 = CARTESIAN_POINT ( 'NONE',  ( 0.000000000000000000, -5.000000000000000000, -51.49999999997221067 ) ) ;
#3342 = ORIENTED_EDGE ( 'NONE', *, *, #7647, .T. ) ;
#3343 = AXIS2_PLACEMENT_3D ( 'NONE', #1596, #127, #5598 ) ;
#3344 = AXIS2_PLACEMENT_3D ( 'NONE', #8177, #1921, #9080 ) ;
#3345 = LOCAL_TIME ( 21, 14, 1.000000000000000000, #8780 ) ;
#3346 = FACE_OUTER_BOUND ( 'NONE', #8223, .T. ) ;
#3347 = CARTESIAN_POINT ( 'NONE',  ( -1.136863993905357972, -3.863136006094642028, -54.37121622079727956 ) ) ;
#3348 = CARTESIAN_POINT ( 'NONE',  ( 4.832344906989096245, -0.1676550930109043658, -14.14546193740919833 ) ) ;
#3349 = VECTOR ( 'NONE', #22, 1000.000000000000000 ) ;
#3350 = CARTESIAN_POINT ( 'NONE',  ( 0.1280093952431795579, -4.871990604756822663, -121.9920752194650504 ) ) ;
#3351 = CIRCLE ( 'NONE', #2469, 3.904737509655562544 ) ;
#3352 = CARTESIAN_POINT ( 'NONE',  ( 1.328041165545656987, -3.671958834454343013, -103.7500000000000000 ) ) ;
#3353 = CARTESIAN_POINT ( 'NONE',  ( -5.000000000000284217, 2.844285577088679172E-13, -62.50000000000020606 ) ) ;
#3354 = EDGE_CURVE ( 'NONE', #5645, #7515, #3786, .T. ) ;
#3355 = CARTESIAN_POINT ( 'NONE',  ( -0.008042224640664997343, -4.991957775359335159, -51.79246587454773021 ) ) ;
#3356 = ORIENTED_EDGE ( 'NONE', *, *, #6288, .T. ) ;
#3357 = AXIS2_PLACEMENT_3D ( 'NONE', #1336, #8471, #5530 ) ;
#3358 = ORIENTED_EDGE ( 'NONE', *, *, #4908, .T. ) ;
#3359 = TOROIDAL_SURFACE ( 'NONE', #1736, 1.000000000000000000, 4.000000000000001776 ) ;
#3360 = CIRCLE ( 'NONE', #565, 0.9999999999999993339 ) ;
#3361 = CARTESIAN_POINT ( 'NONE',  ( -1.136863993906872761, -3.863136006093126351, -26.87121622079633809 ) ) ;
#3362 = DIRECTION ( 'NONE',  ( 1.224646799147353207E-16, 1.000000000000000000, 0.000000000000000000 ) ) ;
#3363 = DIRECTION ( 'NONE',  ( -1.000000000000000000, 1.224646799147353207E-16, 0.000000000000000000 ) ) ;
#3364 = EDGE_CURVE ( 'NONE', #6196, #1656, #4890, .T. ) ;
#3365 = CARTESIAN_POINT ( 'NONE',  ( 0.06404366728014376786, -4.935956332719856121, -63.22559813401495887 ) ) ;
#3366 = ORIENTED_EDGE ( 'NONE', *, *, #6160, .T. ) ;
#3367 = DIRECTION ( 'NONE',  ( -0.000000000000000000, -0.000000000000000000, 1.000000000000000000 ) ) ;
#3368 = AXIS2_PLACEMENT_3D ( 'NONE', #800, #714, #6410 ) ;
#3369 = ORIENTED_EDGE ( 'NONE', *, *, #816, .F. ) ;
#3370 = CARTESIAN_POINT ( 'NONE',  ( -0.6335913640883366060, -4.366408635911663616, -103.1061995511578147 ) ) ;
#3371 = AXIS2_PLACEMENT_3D ( 'NONE', #4382, #5798, #884 ) ;
#3372 = B_SPLINE_CURVE_WITH_KNOTS ( 'NONE', 3,
 ( #8756, #1074, #1670, #5943, #4569, #6496, #3836, #5811, #5261, #1029, #201, #1626 ),
 .UNSPECIFIED., .F., .F.,
 ( 4, 2, 2, 2, 2, 4 ),
 ( 0.003504634718722916646, 0.003941423334001214161, 0.004378211949279511676, 0.005251789179836106707, 0.006125366410392702604, 0.006998943640949297634 ),
 .UNSPECIFIED. ) ;
#3373 = CARTESIAN_POINT ( 'NONE',  ( 4.991698401481079905, -0.008301598518919086830, -117.7962536293577074 ) ) ;
#3374 = DIRECTION ( 'NONE',  ( -0.000000000000000000, -0.000000000000000000, 1.000000000000000000 ) ) ;
#3375 = ADVANCED_FACE ( 'NONE', ( #3096 ), #6809, .F. ) ;
#3376 = ORIENTED_EDGE ( 'NONE', *, *, #4252, .T. ) ;
#3377 = CARTESIAN_POINT ( 'NONE',  ( -3.671958834454342124, -1.328041165545657876, -54.25000000000000000 ) ) ;
#3378 = CARTESIAN_POINT ( 'NONE',  ( -5.000000000000010658, 1.077838837469256187E-14, -56.85315646955161384 ) ) ;
#3379 = B_SPLINE_CURVE_WITH_KNOTS ( 'NONE', 3,
 ( #8217, #8118, #4716, #7477, #6087, #1723, #7518, #1175, #4571, #6596, #7428, #5353 ),
 .UNSPECIFIED., .F., .F.,
 ( 4, 2, 2, 2, 2, 4 ),
 ( 0.003504634718750183030, 0.003941423334025067476, 0.004378211949299951056, 0.005251789179849719949, 0.006125366410399488842, 0.006998943640949258603 ),
 .UNSPECIFIED. ) ;
#3380 = ORIENTED_EDGE ( 'NONE', *, *, #5640, .T. ) ;
#3381 = CARTESIAN_POINT ( 'NONE',  ( 1.000000000000000000, 0.000000000000000000, -84.50000000000000000 ) ) ;
#3382 = EDGE_LOOP ( 'NONE', ( #6071, #432, #4323 ) ) ;
#3383 = PRODUCT_DEFINITION_SHAPE ( 'NONE', 'NONE',  #6157 ) ;
#3384 = CARTESIAN_POINT ( 'NONE',  ( -0.4915337874163244747, -4.508466212583675414, -31.39376480692349958 ) ) ;
#3385 = CARTESIAN_POINT ( 'NONE',  ( 0.000000000000000000, 0.000000000000000000, -90.00000000000000000 ) ) ;
#3386 = FACE_OUTER_BOUND ( 'NONE', #4, .T. ) ;
#3387 = DIRECTION ( 'NONE',  ( -1.000000000000000000, 1.224646799147353207E-16, 0.000000000000000000 ) ) ;
#3388 = DIRECTION ( 'NONE',  ( 0.000000000000000000, 0.000000000000000000, -1.000000000000000000 ) ) ;
#3389 = ORIENTED_EDGE ( 'NONE', *, *, #8244, .T. ) ;
#3390 = CARTESIAN_POINT ( 'NONE',  ( 1.137203174285771334, -3.862796825714229332, -76.12899883711746440 ) ) ;
#3391 = ORIENTED_EDGE ( 'NONE', *, *, #8296, .T. ) ;
#3392 = EDGE_CURVE ( 'NONE', #6603, #1786, #2731, .T. ) ;
#3393 = CARTESIAN_POINT ( 'NONE',  ( 1.328041165545665203, -3.671958834454335019, -26.75000000000000355 ) ) ;
#3394 = CARTESIAN_POINT ( 'NONE',  ( -3.904737509655567873, 5.452579144223531409E-16, -120.2499999999999858 ) ) ;
#3395 = CARTESIAN_POINT ( 'NONE',  ( 4.872131520502827939, -0.1278684794971726990, -14.00740203054002997 ) ) ;
#3396 = CARTESIAN_POINT ( 'NONE',  ( 0.000000000000000000, -5.000000000000000000, -123.0000000000000000 ) ) ;
#3397 = CARTESIAN_POINT ( 'NONE',  ( 0.7176137099645977235, -4.282386290035401721, -104.2977712695794423 ) ) ;
#3398 = FACE_OUTER_BOUND ( 'NONE', #2359, .T. ) ;
#3399 = DIRECTION ( 'NONE',  ( 1.000000000000000000, 0.000000000000000000, 0.000000000000000000 ) ) ;
#3400 = ORIENTED_EDGE ( 'NONE', *, *, #535, .F. ) ;
#3401 = ORIENTED_EDGE ( 'NONE', *, *, #5965, .F. ) ;
#3402 = EDGE_CURVE ( 'NONE', #8493, #8308, #6663, .T. ) ;
#3403 = CARTESIAN_POINT ( 'NONE',  ( 4.366408635906907421, -0.6335913640930939117, -49.39380044883598941 ) ) ;
#3404 = CARTESIAN_POINT ( 'NONE',  ( -1.328041165545656765, -3.671958834454343013, -98.24999999999998579 ) ) ;
#3405 = B_SPLINE_CURVE_WITH_KNOTS ( 'NONE', 3,
 ( #7322, #1018, #6625, #321, #2445, #1755, #5244, #3229, #4556, #3869, #6672, #369 ),
 .UNSPECIFIED., .F., .F.,
 ( 4, 2, 2, 2, 2, 4 ),
 ( 0.003504634718750452779, 0.003941423334025307736, 0.004378211949300159223, 0.005251789179849868268, 0.006125366410399577313, 0.006998943640949285491 ),
 .UNSPECIFIED. ) ;
#3406 = EDGE_CURVE ( 'NONE', #2221, #2579, #6070, .T. ) ;
#3407 = DIRECTION ( 'NONE',  ( -0.000000000000000000, -0.000000000000000000, 1.000000000000000000 ) ) ;
#3408 = CARTESIAN_POINT ( 'NONE',  ( 0.9999999999999993339, 0.000000000000000000, -69.99999999999998579 ) ) ;
#3409 = ORIENTED_EDGE ( 'NONE', *, *, #2503, .T. ) ;
#3410 = PERSON_AND_ORGANIZATION ( #6507, #1122 ) ;
#3411 = CIRCLE ( 'NONE', #8540, 3.904737509655567873 ) ;
#3412 = B_SPLINE_CURVE_WITH_KNOTS ( 'NONE', 3,
 ( #1313, #4728, #3303, #6967, #4130, #1352, #543, #6153, #627, #4168, #3435, #6233 ),
 .UNSPECIFIED., .F., .F.,
 ( 4, 2, 2, 2, 2, 4 ),
 ( 0.003504634718722713250, 0.003941423334001033750, 0.004378211949279353817, 0.005251789179835994817, 0.006125366410392634950, 0.006998943640949276818 ),
 .UNSPECIFIED. ) ;
#3413 = ADVANCED_FACE ( 'NONE', ( #475 ), #5485, .T. ) ;
#3414 = AXIS2_PLACEMENT_3D ( 'NONE', #7140, #4985, #5070 ) ;
#3415 = DIRECTION ( 'NONE',  ( 1.000000000000000000, 0.000000000000000000, 0.000000000000000000 ) ) ;
#3416 = CARTESIAN_POINT ( 'NONE',  ( 0.000000000000000000, -5.000000000000000000, -67.99999999997220357 ) ) ;
#3417 = VERTEX_POINT ( 'NONE', #3330 ) ;
#3418 = DIRECTION ( 'NONE',  ( 1.000000000000000000, 0.000000000000000000, 0.000000000000000000 ) ) ;
#3419 = CARTESIAN_POINT ( 'NONE',  ( 4.935956332719889872, -0.06404366728011048893, -105.7744018659851974 ) ) ;
#3420 = ORIENTED_EDGE ( 'NONE', *, *, #2339, .T. ) ;
#3421 = EDGE_LOOP ( 'NONE', ( #8264, #3958, #4312 ) ) ;
#3422 = CARTESIAN_POINT ( 'NONE',  ( -1.137203174284269869, -3.862796825715729909, -32.12899883711650517 ) ) ;
#3423 = CARTESIAN_POINT ( 'NONE',  ( 0.9599107665869293093, -4.040089233413069358, -60.02236572063979025 ) ) ;
#3424 = DIRECTION ( 'NONE',  ( -0.7071067811865474617, 0.7071067811865474617, 0.000000000000000000 ) ) ;
#3425 = CARTESIAN_POINT ( 'NONE',  ( -0.06459124883188098465, -4.935408751168118613, -45.27165234913506708 ) ) ;
#3426 = ORIENTED_EDGE ( 'NONE', *, *, #3546, .T. ) ;
#3427 = DIRECTION ( 'NONE',  ( 1.000000000000000000, 0.000000000000000000, 0.000000000000000000 ) ) ;
#3428 = ORIENTED_EDGE ( 'NONE', *, *, #8444, .F. ) ;
#3429 = EDGE_CURVE ( 'NONE', #8363, #4199, #7469, .T. ) ;
#3430 = CARTESIAN_POINT ( 'NONE',  ( 0.000000000000000000, 0.000000000000000000, -7.500000000000003553 ) ) ;
#3431 = CARTESIAN_POINT ( 'NONE',  ( 0.4974474678531400351, -4.502552532146861353, -44.11327242306310836 ) ) ;
#3432 = CARTESIAN_POINT ( 'NONE',  ( -0.008042224640668277705, -4.991957775359332494, -68.29246587454773021 ) ) ;
#3433 = VECTOR ( 'NONE', #386, 1000.000000000000000 ) ;
#3434 = DIRECTION ( 'NONE',  ( 1.000000000000000000, 0.000000000000000000, 0.000000000000000000 ) ) ;
#3435 = CARTESIAN_POINT ( 'NONE',  ( -1.137203174284255436, -3.862796825715746341, -81.62899883711649807 ) ) ;
#3436 = CARTESIAN_POINT ( 'NONE',  ( -4.935956332719893425, -0.06404366728010728316, -23.27440186598523297 ) ) ;
#3437 = VERTEX_POINT ( 'NONE', #2727 ) ;
#3438 = ORIENTED_EDGE ( 'NONE', *, *, #1327, .F. ) ;
#3439 = ADVANCED_FACE ( 'NONE', ( #5527 ), #928, .T. ) ;
#3440 = ORIENTED_EDGE ( 'NONE', *, *, #4433, .F. ) ;
#3441 = AXIS2_PLACEMENT_3D ( 'NONE', #493, #8860, #8357 ) ;
#3442 = CARTESIAN_POINT ( 'NONE',  ( 4.935956332719893425, -0.06404366728010733867, -50.77440186598523297 ) ) ;
#3443 = CARTESIAN_POINT ( 'NONE',  ( 0.1676550930108553494, -4.832344906989145095, -11.85453806259096332 ) ) ;
#3444 = CARTESIAN_POINT ( 'NONE',  ( -4.840676868219848217, -0.1593231317801522551, -28.35321941568362902 ) ) ;
#3445 = CARTESIAN_POINT ( 'NONE',  ( -4.840676868219848217, -0.1593231317801513947, -11.85321941568364146 ) ) ;
#3446 = EDGE_LOOP ( 'NONE', ( #8731, #3356, #7536 ) ) ;
#3447 = AXIS2_PLACEMENT_3D ( 'NONE', #3298, #6923, #6887 ) ;
#3448 = EDGE_CURVE ( 'NONE', #6502, #1886, #2547, .T. ) ;
#3449 = APPROVAL ( #2620, 'UNKNOWN' ) ;
#3450 = AXIS2_PLACEMENT_3D ( 'NONE', #1794, #363, #7313 ) ;
#3451 = CIRCLE ( 'NONE', #4475, 0.9999999999999993339 ) ;
#3452 = CARTESIAN_POINT ( 'NONE',  ( -5.000000000000281553, 2.811725620256466210E-13, -112.0000000000002132 ) ) ;
#3453 = LINE ( 'NONE', #9009, #5258 ) ;
#3454 = ORIENTED_EDGE ( 'NONE', *, *, #4135, .T. ) ;
#3455 = CARTESIAN_POINT ( 'NONE',  ( -3.862796825714234217, -1.137203174285766227, -32.37100116288255691 ) ) ;
#3456 = CARTESIAN_POINT ( 'NONE',  ( 4.366408635906911861, -0.6335913640930898039, -43.89380044883598941 ) ) ;
#3457 = AXIS2_PLACEMENT_3D ( 'NONE', #4587, #7254, #7351 ) ;
#3458 = B_SPLINE_CURVE_WITH_KNOTS ( 'NONE', 3,
 ( #3150, #4440, #8664, #5948, #3748, #297, #6549, #5900, #8706, #2415, #5218, #8761 ),
 .UNSPECIFIED., .F., .F.,
 ( 4, 2, 2, 2, 2, 4 ),
 ( 0.003504634718722713250, 0.003941423334001033750, 0.004378211949279353817, 0.005251789179835994817, 0.006125366410392634950, 0.006998943640949276818 ),
 .UNSPECIFIED. ) ;
#3459 = EDGE_CURVE ( 'NONE', #1006, #8581, #5483, .T. ) ;
#3460 = CARTESIAN_POINT ( 'NONE',  ( 0.000000000000000000, 0.000000000000000000, -40.50000000000000711 ) ) ;
#3461 = ORIENTED_EDGE ( 'NONE', *, *, #3182, .T. ) ;
#3462 = AXIS2_PLACEMENT_3D ( 'NONE', #3326, #6124, #8936 ) ;
#3463 = CIRCLE ( 'NONE', #4487, 0.9999999999999993339 ) ;
#3464 = DIRECTION ( 'NONE',  ( 0.000000000000000000, 0.000000000000000000, -1.000000000000000000 ) ) ;
#3465 = FACE_OUTER_BOUND ( 'NONE', #2556, .T. ) ;
#3466 = CARTESIAN_POINT ( 'NONE',  ( -4.041784260359808201, -0.9582157396401930205, -98.52377465029930192 ) ) ;
#3467 = CARTESIAN_POINT ( 'NONE',  ( 0.000000000000000000, 0.000000000000000000, -35.00000000000000000 ) ) ;
#3468 = CARTESIAN_POINT ( 'NONE',  ( 0.000000000000000000, -5.000000000000000000, -45.99999999997221067 ) ) ;
#3469 = EDGE_CURVE ( 'NONE', #8415, #6659, #1633, .T. ) ;
#3470 = ORIENTED_EDGE ( 'NONE', *, *, #8082, .F. ) ;
#3471 = CARTESIAN_POINT ( 'NONE',  ( 0.9582157396402116722, -4.041784260359787773, -75.97622534970068386 ) ) ;
#3472 = ORIENTED_EDGE ( 'NONE', *, *, #5520, .T. ) ;
#3473 = CARTESIAN_POINT ( 'NONE',  ( 3.671958834454343013, -1.328041165545656987, -87.25000000000000000 ) ) ;
#3474 = CARTESIAN_POINT ( 'NONE',  ( -0.4915337874217834413, -4.508466212578218446, -25.89376480693213267 ) ) ;
#3475 = DIRECTION ( 'NONE',  ( 1.000000000000000000, 0.000000000000000000, 0.000000000000000000 ) ) ;
#3476 = CARTESIAN_POINT ( 'NONE',  ( 1.137203174284255658, -3.862796825715745896, -81.62899883711649807 ) ) ;
#3477 = CARTESIAN_POINT ( 'NONE',  ( 3.671958834454334575, -1.328041165545665647, -59.75000000000000000 ) ) ;
#3478 = DIRECTION ( 'NONE',  ( -0.000000000000000000, -0.000000000000000000, 1.000000000000000000 ) ) ;
#3479 = ADVANCED_FACE ( 'NONE', ( #4151 ), #1365, .T. ) ;
#3480 = CARTESIAN_POINT ( 'NONE',  ( -5.000000000000281553, 2.811725620256466210E-13, -112.0000000000002132 ) ) ;
#3481 = EDGE_CURVE ( 'NONE', #5478, #2360, #6564, .T. ) ;
#3482 = EDGE_LOOP ( 'NONE', ( #4731, #7543, #2002, #3821, #5761, #1476 ) ) ;
#3483 = ORIENTED_EDGE ( 'NONE', *, *, #7297, .F. ) ;
#3484 = LOCAL_TIME ( 21, 14, 1.000000000000000000, #4450 ) ;
#3485 = DIRECTION ( 'NONE',  ( -0.000000000000000000, -0.000000000000000000, 1.000000000000000000 ) ) ;
#3486 = CIRCLE ( 'NONE', #6131, 0.9999999999999993339 ) ;
#3487 = AXIS2_PLACEMENT_3D ( 'NONE', #675, #6976, #6286 ) ;
#3488 = CARTESIAN_POINT ( 'NONE',  ( 0.000000000000000000, 0.000000000000000000, -29.50000000000000355 ) ) ;
#3489 = VECTOR ( 'NONE', #5854, 1000.000000000000000 ) ;
#3490 = CARTESIAN_POINT ( 'NONE',  ( 3.904737509655567873, 0.000000000000000000, -70.75000000000000000 ) ) ;
#3491 = CARTESIAN_POINT ( 'NONE',  ( -4.040010053637675291, -0.9599899463623234874, -4.477701613838375394 ) ) ;
#3492 = ORIENTED_EDGE ( 'NONE', *, *, #4252, .F. ) ;
#3493 = DIRECTION ( 'NONE',  ( 1.000000000000000000, 0.000000000000000000, 0.000000000000000000 ) ) ;
#3494 = B_SPLINE_CURVE_WITH_KNOTS ( 'NONE', 3,
 ( #8939, #2774, #6912, #1907, #4711, #7514, #1209, #5442, #8252, #6345, #4236, #7823 ),
 .UNSPECIFIED., .F., .F.,
 ( 4, 2, 2, 2, 2, 4 ),
 ( 0.003504634718750183030, 0.003941423334025067476, 0.004378211949299951056, 0.005251789179849720816, 0.006125366410399489710, 0.006998943640949258603 ),
 .UNSPECIFIED. ) ;
#3495 = CIRCLE ( 'NONE', #8201, 2.000000000000001776 ) ;
#3496 = AXIS2_PLACEMENT_3D ( 'NONE', #8433, #4893, #6315 ) ;
#3497 = EDGE_LOOP ( 'NONE', ( #2281, #5259, #4920, #5381 ) ) ;
#3498 = EDGE_CURVE ( 'NONE', #393, #3929, #3494, .T. ) ;
#3499 = CARTESIAN_POINT ( 'NONE',  ( -0.1676550930162028774, -4.832344906983797372, -50.35453806257385878 ) ) ;
#3500 = DIRECTION ( 'NONE',  ( 1.000000000000000000, 0.000000000000000000, 0.000000000000000000 ) ) ;
#3501 = CARTESIAN_POINT ( 'NONE',  ( -4.366408635906907421, -0.6335913640930941337, -49.39380044883598941 ) ) ;
#3502 = AXIS2_PLACEMENT_3D ( 'NONE', #5802, #8058, #5754 ) ;
#3503 = ORIENTED_EDGE ( 'NONE', *, *, #2646, .T. ) ;
#3504 = DIRECTION ( 'NONE',  ( -0.000000000000000000, -0.000000000000000000, 1.000000000000000000 ) ) ;
#3505 = DIRECTION ( 'NONE',  ( -0.000000000000000000, -0.000000000000000000, 1.000000000000000000 ) ) ;
#3506 = CARTESIAN_POINT ( 'NONE',  ( -4.739198801701953734, -0.2608011982980464882, -63.90923771779443996 ) ) ;
#3507 = APPLICATION_CONTEXT ( 'configuration controlled 3d designs of mechanical parts and assemblies' ) ;
#3508 = CARTESIAN_POINT ( 'NONE',  ( -0.1593231317747715592, -4.840676868225228802, -91.14678058429960572 ) ) ;
#3509 = VERTEX_POINT ( 'NONE', #2958 ) ;
#3510 = EDGE_CURVE ( 'NONE', #6662, #5699, #2519, .T. ) ;
#3511 = DIRECTION ( 'NONE',  ( 1.000000000000000000, 0.000000000000000000, 0.000000000000000000 ) ) ;
#3512 = CARTESIAN_POINT ( 'NONE',  ( 4.359865889258244920, -0.6401341107417566345, -81.10125045371350438 ) ) ;
#3513 = CARTESIAN_POINT ( 'NONE',  ( 0.000000000000000000, 0.000000000000000000, -40.50000000000000711 ) ) ;
#3514 = CARTESIAN_POINT ( 'NONE',  ( -4.960065625082963336, -0.03993437491703635822, -17.91868978647572419 ) ) ;
#3515 = FACE_OUTER_BOUND ( 'NONE', #7352, .T. ) ;
#3516 = ORIENTED_EDGE ( 'NONE', *, *, #6482, .F. ) ;
#3517 = CARTESIAN_POINT ( 'NONE',  ( -4.567820679631958924, -0.4321793203680420747, -91.77342623723033910 ) ) ;
#3518 = ORIENTED_EDGE ( 'NONE', *, *, #7650, .F. ) ;
#3519 = B_SPLINE_CURVE_WITH_KNOTS ( 'NONE', 3,
 ( #2399, #1620, #5120, #8798, #5204, #2498, #3055, #5847, #4517, #5297, #7328, #1022 ),
 .UNSPECIFIED., .F., .F.,
 ( 4, 2, 2, 2, 2, 4 ),
 ( 0.003504634718750187367, 0.003941423334025074415, 0.004378211949299962331, 0.005251789179849732092, 0.006125366410399502720, 0.006998943640949271613 ),
 .UNSPECIFIED. ) ;
#3520 = ADVANCED_FACE ( 'NONE', ( #48 ), #2102, .T. ) ;
#3521 = CARTESIAN_POINT ( 'NONE',  ( 5.000000000000000000, 0.000000000000000000, -131.9999999999999716 ) ) ;
#3522 = CARTESIAN_POINT ( 'NONE',  ( -0.2608011983036451209, -4.739198801696356433, -83.09076228219167604 ) ) ;
#3523 = DIRECTION ( 'NONE',  ( 0.000000000000000000, 0.000000000000000000, -1.000000000000000000 ) ) ;
#3524 = CARTESIAN_POINT ( 'NONE',  ( 0.06459124883191524891, -4.935408751168084862, -105.7716523491349108 ) ) ;
#3525 = DIRECTION ( 'NONE',  ( -0.000000000000000000, -0.000000000000000000, 1.000000000000000000 ) ) ;
#3526 = FACE_OUTER_BOUND ( 'NONE', #7193, .T. ) ;
#3527 = VERTEX_POINT ( 'NONE', #2 ) ;
#3528 = CARTESIAN_POINT ( 'NONE',  ( 3.863136006094624708, -1.136863993905376402, -59.62878377920271333 ) ) ;
#3529 = ORIENTED_EDGE ( 'NONE', *, *, #420, .F. ) ;
#3530 = CARTESIAN_POINT ( 'NONE',  ( -3.904737509655565209, 4.781924292710294564E-16, -15.75000000000000000 ) ) ;
#3531 = FACE_OUTER_BOUND ( 'NONE', #3151, .T. ) ;
#3532 = CARTESIAN_POINT ( 'NONE',  ( -4.282386290039718268, -0.7176137099602820646, -75.70222873041528544 ) ) ;
#3533 = CARTESIAN_POINT ( 'NONE',  ( -4.041784260359808201, -0.9582157396401930205, -71.02377465029934456 ) ) ;
#3534 = DIRECTION ( 'NONE',  ( 1.000000000000000000, 0.000000000000000000, 0.000000000000000000 ) ) ;
#3535 = CARTESIAN_POINT ( 'NONE',  ( 0.1676550930162027386, -4.832344906983796484, -33.85453806257385878 ) ) ;
#3536 = ORIENTED_EDGE ( 'NONE', *, *, #5729, .F. ) ;
#3537 = PERSON_AND_ORGANIZATION ( #6507, #1122 ) ;
#3538 = CARTESIAN_POINT ( 'NONE',  ( -3.671958834454332354, -1.328041165545667868, -4.750000000000001776 ) ) ;
#3539 = CARTESIAN_POINT ( 'NONE',  ( 1.137203174284267426, -3.862796825715733462, -54.12899883711651938 ) ) ;
#3540 = CARTESIAN_POINT ( 'NONE',  ( -3.671958834454334575, -1.328041165545665425, -48.75000000000000000 ) ) ;
#3541 = ORIENTED_EDGE ( 'NONE', *, *, #5980, .T. ) ;
#3542 = FACE_OUTER_BOUND ( 'NONE', #3497, .T. ) ;
#3543 = CARTESIAN_POINT ( 'NONE',  ( -4.959369330385070107, -0.04063066961493041335, -79.58613448345569452 ) ) ;
#3544 = CARTESIAN_POINT ( 'NONE',  ( -4.567820679631957148, -0.4321793203680417972, -31.27342623723034620 ) ) ;
#3545 = CARTESIAN_POINT ( 'NONE',  ( 0.000000000000000000, 0.000000000000000000, -54.99999999999999289 ) ) ;
#3546 = EDGE_CURVE ( 'NONE', #8638, #1579, #2073, .T. ) ;
#3547 = CARTESIAN_POINT ( 'NONE',  ( -1.016614237250531202E-12, -5.000000000001018741, -101.1468435304221174 ) ) ;
#3548 = AXIS2_PLACEMENT_3D ( 'NONE', #2118, #7733, #365 ) ;
#3549 = DIRECTION ( 'NONE',  ( -0.000000000000000000, -0.000000000000000000, 1.000000000000000000 ) ) ;
#3550 = LINE ( 'NONE', #2083, #6926 ) ;
#3551 = CARTESIAN_POINT ( 'NONE',  ( 0.03993437491366197412, -4.960065625086339303, -30.08131021350176226 ) ) ;
#3552 = DIRECTION ( 'NONE',  ( 1.224646799147353207E-16, 1.000000000000000000, 0.000000000000000000 ) ) ;
#3553 = CARTESIAN_POINT ( 'NONE',  ( 0.9599107665897161912, -4.040089233410284031, -109.5223657206374526 ) ) ;
#3554 = AXIS2_PLACEMENT_3D ( 'NONE', #4901, #462, #4739 ) ;
#3555 = ORIENTED_EDGE ( 'NONE', *, *, #26, .T. ) ;
#3556 = CARTESIAN_POINT ( 'NONE',  ( -0.6401341107417174436, -4.359865889258282223, -16.39874954628655956 ) ) ;
#3557 = EDGE_CURVE ( 'NONE', #2131, #7560, #8977, .T. ) ;
#3558 = ORIENTED_EDGE ( 'NONE', *, *, #7639, .F. ) ;
#3559 = CC_DESIGN_PERSON_AND_ORGANIZATION_ASSIGNMENT ( #3537, #7813, ( #6157 ) ) ;
#3560 = CARTESIAN_POINT ( 'NONE',  ( -4.960065625082964225, -0.03993437491703531045, -39.91868978647570287 ) ) ;
#3561 = CARTESIAN_POINT ( 'NONE',  ( 0.000000000000000000, 0.000000000000000000, -2.000000000000000000 ) ) ;
#3562 = DIRECTION ( 'NONE',  ( -0.000000000000000000, -0.000000000000000000, 1.000000000000000000 ) ) ;
#3563 = DIRECTION ( 'NONE',  ( -0.000000000000000000, -0.000000000000000000, 1.000000000000000000 ) ) ;
#3564 = CARTESIAN_POINT ( 'NONE',  ( 0.2608011983036803705, -4.739198801696320018, -77.59076228219157656 ) ) ;
#3565 = CARTESIAN_POINT ( 'NONE',  ( -0.1278684795021247100, -4.872131520497876345, -77.99259796944160428 ) ) ;
#3566 = CARTESIAN_POINT ( 'NONE',  ( 4.502552532152134468, -0.4974474678478654210, -91.88672757692823723 ) ) ;
#3567 = ORIENTED_EDGE ( 'NONE', *, *, #3354, .T. ) ;
#3568 = CARTESIAN_POINT ( 'NONE',  ( 1.328041165545665203, -3.671958834454335019, -26.75000000000000355 ) ) ;
#3569 = EDGE_CURVE ( 'NONE', #4636, #8399, #6500, .T. ) ;
#3570 = ORIENTED_EDGE ( 'NONE', *, *, #2268, .T. ) ;
#3571 = TOROIDAL_SURFACE ( 'NONE', #4165, 1.000000000000000000, 3.999999999999996447 ) ;
#3572 = FACE_OUTER_BOUND ( 'NONE', #3185, .T. ) ;
#3573 = DIRECTION ( 'NONE',  ( -0.000000000000000000, -0.000000000000000000, 1.000000000000000000 ) ) ;
#3574 = CARTESIAN_POINT ( 'NONE',  ( -4.359865889258244920, -0.6401341107417566345, -75.60125045371349017 ) ) ;
#3575 = B_SPLINE_CURVE_WITH_KNOTS ( 'NONE', 3,
 ( #4124, #5317, #7528, #621, #8126, #6098, #4035, #6146, #1824, #8268, #8224, #6187, #4725, #6839, #2698, #5498 ),
 .UNSPECIFIED., .F., .F.,
 ( 4, 2, 2, 2, 2, 2, 2, 4 ),
 ( 4.818711198664599083E-07, 0.0008765200830274455859, 0.001314539188981235160, 0.001752558294935024734, 0.002190577400888814308, 0.002628596506842603882, 0.003066615612796393456, 0.003504634718750183030 ),
 .UNSPECIFIED. ) ;
#3576 = CARTESIAN_POINT ( 'NONE',  ( -1.000000000000000000, 1.224646799147353207E-16, -7.500000000000003553 ) ) ;
#3577 = CARTESIAN_POINT ( 'NONE',  ( 0.3138588207986335310, -4.686141179201365858, -55.46532131224211781 ) ) ;
#3578 = CARTESIAN_POINT ( 'NONE',  ( 3.671958834454343013, -1.328041165545656987, -114.7499999999999858 ) ) ;
#3579 = EDGE_LOOP ( 'NONE', ( #7372, #7746, #3089 ) ) ;
#3580 = PERSON_AND_ORGANIZATION ( #6507, #1122 ) ;
#3581 = EDGE_CURVE ( 'NONE', #8889, #8097, #8705, .T. ) ;
#3582 = EDGE_LOOP ( 'NONE', ( #5113, #4551, #6463, #6792 ) ) ;
#3583 = AXIS2_PLACEMENT_3D ( 'NONE', #8949, #5450, #8263 ) ;
#3584 = AXIS2_PLACEMENT_3D ( 'NONE', #7704, #17, #4204 ) ;
#3585 = CARTESIAN_POINT ( 'NONE',  ( -4.686141179201310791, -0.3138588207986893752, -119.0346786877579603 ) ) ;
#3586 = VECTOR ( 'NONE', #2983, 1000.000000000000000 ) ;
#3587 = CYLINDRICAL_SURFACE ( 'NONE', #5702, 5.000000000000000000 ) ;
#3588 = LINE ( 'NONE', #2909, #1684 ) ;
#3589 = ORIENTED_EDGE ( 'NONE', *, *, #7460, .T. ) ;
#3590 = CARTESIAN_POINT ( 'NONE',  ( -3.904737509655561212, 4.781924292710291606E-16, -4.750000000000001776 ) ) ;
#3591 = DIRECTION ( 'NONE',  ( 1.000000000000000000, 0.000000000000000000, 0.000000000000000000 ) ) ;
#3592 = CARTESIAN_POINT ( 'NONE',  ( -0.4915337874163011600, -4.508466212583699395, -91.89376480692347116 ) ) ;
#3593 = ADVANCED_FACE ( 'NONE', ( #2916 ), #7398, .T. ) ;
#3594 = DIRECTION ( 'NONE',  ( -0.000000000000000000, -0.000000000000000000, 1.000000000000000000 ) ) ;
#3595 = B_SPLINE_CURVE_WITH_KNOTS ( 'NONE', 3,
 ( #7966, #5158, #3733, #1662, #3134, #2355, #239, #3826, #4465, #8610, #7925, #2312, #6489, #7327, #7275, #194 ),
 .UNSPECIFIED., .F., .F.,
 ( 4, 2, 2, 2, 2, 2, 2, 4 ),
 ( 4.818711199177020135E-07, 0.0008765200830206752855, 0.001314539188971053200, 0.001752558294921431224, 0.002190577400871808814, 0.002628596506822187054, 0.003066615612772564860, 0.003504634718722943101 ),
 .UNSPECIFIED. ) ;
#3596 = TOROIDAL_SURFACE ( 'NONE', #2130, 1.000000000000000000, 4.000000000000001776 ) ;
#3597 = FACE_OUTER_BOUND ( 'NONE', #7723, .T. ) ;
#3598 = CARTESIAN_POINT ( 'NONE',  ( 4.832344906989094468, -0.1676550930109069470, -80.14546193740916635 ) ) ;
#3599 = DIRECTION ( 'NONE',  ( 1.000000000000000000, 0.000000000000000000, 0.000000000000000000 ) ) ;
#3600 = CARTESIAN_POINT ( 'NONE',  ( -4.366408635906907421, -0.6335913640930936896, -16.39380044883598586 ) ) ;
#3601 = CARTESIAN_POINT ( 'NONE',  ( 0.9999999999999993339, 0.000000000000000000, -9.499999999999998224 ) ) ;
#3602 = VECTOR ( 'NONE', #4147, 1000.000000000000000 ) ;
#3603 = ORIENTED_EDGE ( 'NONE', *, *, #2371, .T. ) ;
#3604 = CARTESIAN_POINT ( 'NONE',  ( -4.739198801701949293, -0.2608011982980511512, -91.40923771779445417 ) ) ;
#3605 = ORIENTED_EDGE ( 'NONE', *, *, #3909, .F. ) ;
#3606 = B_SPLINE_CURVE_WITH_KNOTS ( 'NONE', 3,
 ( #8448, #722, #8587, #3532, #3574, #31, #6423, #79, #128, #2895, #8542, #2193, #3032, #5692, #5732, #5822 ),
 .UNSPECIFIED., .F., .F.,
 ( 4, 2, 2, 2, 2, 2, 2, 4 ),
 ( 4.818711198664599083E-07, 0.0008765200830274455859, 0.001314539188981235160, 0.001752558294935024734, 0.002190577400888814308, 0.002628596506842603882, 0.003066615612796393456, 0.003504634718750183030 ),
 .UNSPECIFIED. ) ;
#3607 = TOROIDAL_SURFACE ( 'NONE', #1691, 0.9999999999999986677, 2.000000000000000888 ) ;
#3608 = AXIS2_PLACEMENT_3D ( 'NONE', #1068, #5203, #1709 ) ;
#3609 = CARTESIAN_POINT ( 'NONE',  ( -4.508466212578266408, -0.4915337874217329261, -38.60623519306796680 ) ) ;
#3610 = CARTESIAN_POINT ( 'NONE',  ( -0.9582157396402204430, -4.041784260359780667, -26.47622534970070873 ) ) ;
#3611 = EDGE_CURVE ( 'NONE', #5334, #6520, #5913, .T. ) ;
#3612 = CARTESIAN_POINT ( 'NONE',  ( 1.000000000000000000, 0.000000000000000000, -18.50000000000000355 ) ) ;
#3613 = CARTESIAN_POINT ( 'NONE',  ( 4.872131520502826163, -0.1278684794971743088, -85.50740203054003530 ) ) ;
#3614 = CARTESIAN_POINT ( 'NONE',  ( 3.904737509655567873, 0.000000000000000000, -92.74999999999998579 ) ) ;
#3615 = CARTESIAN_POINT ( 'NONE',  ( -0.04063066961833020768, -4.959369330381669272, -78.41386551652186654 ) ) ;
#3616 = CARTESIAN_POINT ( 'NONE',  ( 4.999999999999986677, -1.267690684684465825E-14, -90.14725720788723606 ) ) ;
#3617 = ORIENTED_EDGE ( 'NONE', *, *, #915, .F. ) ;
#3618 = CARTESIAN_POINT ( 'NONE',  ( -0.6401341107465320368, -4.359865889253468296, -87.89874954628005810 ) ) ;
#3619 = ORIENTED_EDGE ( 'NONE', *, *, #4755, .T. ) ;
#3620 = AXIS2_PLACEMENT_3D ( 'NONE', #4158, #2692, #5490 ) ;
#3621 = CARTESIAN_POINT ( 'NONE',  ( -0.9599107665897143038, -4.040089233410286695, -65.52236572063746678 ) ) ;
#3622 = CARTESIAN_POINT ( 'NONE',  ( -4.935408751172079889, -0.06459124882791947297, -41.22834765084402164 ) ) ;
#3623 = EDGE_CURVE ( 'NONE', #6882, #5059, #1507, .T. ) ;
#3624 = CARTESIAN_POINT ( 'NONE',  ( -0.008301598520836204337, -4.991698401479164104, -111.7037463706171536 ) ) ;
#3625 = B_SPLINE_CURVE_WITH_KNOTS ( 'NONE', 3,
 ( #829, #1509, #8556, #4325, #690, #7079, #94, #4233, #7867, #7780, #7038, #3641, #3543, #5708, #5017, #1374 ),
 .UNSPECIFIED., .F., .F.,
 ( 4, 2, 2, 2, 2, 2, 2, 4 ),
 ( 4.818711198664599083E-07, 0.0008765200830274455859, 0.001314539188981235160, 0.001752558294935024734, 0.002190577400888814308, 0.002628596506842603882, 0.003066615612796393456, 0.003504634718750183030 ),
 .UNSPECIFIED. ) ;
#3626 = CARTESIAN_POINT ( 'NONE',  ( -5.000000000000281553, 2.811725620256466210E-13, -73.50000000000021316 ) ) ;
#3627 = FACE_OUTER_BOUND ( 'NONE', #2680, .T. ) ;
#3628 = CARTESIAN_POINT ( 'NONE',  ( 0.000000000000000000, -5.000000000000000000, -34.99999999997221067 ) ) ;
#3629 = VERTEX_POINT ( 'NONE', #1655 ) ;
#3630 = APPROVAL_ROLE ( '' ) ;
#3631 = ORIENTED_EDGE ( 'NONE', *, *, #89, .F. ) ;
#3632 = VECTOR ( 'NONE', #3105, 1000.000000000000000 ) ;
#3633 = AXIS2_PLACEMENT_3D ( 'NONE', #5426, #8235, #6200 ) ;
#3634 = TOROIDAL_SURFACE ( 'NONE', #1298, 1.000000000000000000, 3.999999999999996447 ) ;
#3635 = DIRECTION ( 'NONE',  ( 0.000000000000000000, 0.000000000000000000, -1.000000000000000000 ) ) ;
#3636 = EDGE_CURVE ( 'NONE', #8720, #6355, #435, .T. ) ;
#3637 = CARTESIAN_POINT ( 'NONE',  ( -1.000000000000000000, 1.224646799147353207E-16, -40.50000000000000711 ) ) ;
#3638 = CARTESIAN_POINT ( 'NONE',  ( 4.739198801701947517, -0.2608011982980506516, -25.40923771779446128 ) ) ;
#3639 = ORIENTED_EDGE ( 'NONE', *, *, #2897, .F. ) ;
#3640 = DIRECTION ( 'NONE',  ( 0.000000000000000000, 0.000000000000000000, -1.000000000000000000 ) ) ;
#3641 = CARTESIAN_POINT ( 'NONE',  ( -4.935408751172076336, -0.06459124882792278977, -79.72834765084402875 ) ) ;
#3642 = TOROIDAL_SURFACE ( 'NONE', #1885, 1.000000000000000000, 4.000000000000000000 ) ;
#3643 = FACE_OUTER_BOUND ( 'NONE', #6443, .T. ) ;
#3644 = CARTESIAN_POINT ( 'NONE',  ( 1.023923072794151746E-12, -5.000000000001025846, -90.14684353042196108 ) ) ;
#3645 = AXIS2_PLACEMENT_3D ( 'NONE', #7284, #2461, #6688 ) ;
#3646 = ORIENTED_EDGE ( 'NONE', *, *, #4192, .T. ) ;
#3647 = CARTESIAN_POINT ( 'NONE',  ( 0.4915337874163392407, -4.508466212583661203, -102.8937648069235422 ) ) ;
#3648 = EDGE_CURVE ( 'NONE', #1731, #4661, #7243, .T. ) ;
#3649 = ADVANCED_FACE ( 'NONE', ( #3771 ), #1659, .T. ) ;
#3650 = AXIS2_PLACEMENT_3D ( 'NONE', #283, #8562, #3691 ) ;
#3651 = DIRECTION ( 'NONE',  ( 1.000000000000000000, 0.000000000000000000, 0.000000000000000000 ) ) ;
#3652 = CARTESIAN_POINT ( 'NONE',  ( 3.671958834454335019, -1.328041165545665203, -26.75000000000000355 ) ) ;
#3653 = CARTESIAN_POINT ( 'NONE',  ( 0.000000000000000000, 0.000000000000000000, -2.000000000000000000 ) ) ;
#3654 = DIRECTION ( 'NONE',  ( -0.000000000000000000, -0.000000000000000000, 1.000000000000000000 ) ) ;
#3655 = ORIENTED_EDGE ( 'NONE', *, *, #6892, .T. ) ;
#3656 = CARTESIAN_POINT ( 'NONE',  ( 5.000000000000285993, 2.862826807771588442E-13, -46.00000000000020606 ) ) ;
#3657 = ORIENTED_EDGE ( 'NONE', *, *, #5303, .F. ) ;
#3658 = CARTESIAN_POINT ( 'NONE',  ( 0.1278684794971282346, -4.872131520502871460, -6.492597969460142338 ) ) ;
#3659 = CARTESIAN_POINT ( 'NONE',  ( -0.008042224640668277705, -4.991957775359332494, -95.79246587454774442 ) ) ;
#3660 = CARTESIAN_POINT ( 'NONE',  ( 4.569376863670179922, -0.4306231363298201886, -121.2293401061886584 ) ) ;
#3661 = CARTESIAN_POINT ( 'NONE',  ( 4.041784260359807313, -0.9582157396401936866, -82.02377465029930192 ) ) ;
#3662 = DIRECTION ( 'NONE',  ( 1.224646799147353207E-16, 1.000000000000000000, 0.000000000000000000 ) ) ;
#3663 = DIRECTION ( 'NONE',  ( -1.000000000000000000, 1.224646799147353454E-16, 0.000000000000000000 ) ) ;
#3664 = CARTESIAN_POINT ( 'NONE',  ( 4.567820679631958924, -0.4321793203680420747, -91.77342623723033910 ) ) ;
#3665 = ORIENTED_EDGE ( 'NONE', *, *, #8670, .T. ) ;
#3666 = CARTESIAN_POINT ( 'NONE',  ( -0.7176137099646009432, -4.282386290035399057, -87.79777126957939970 ) ) ;
#3667 = VERTEX_POINT ( 'NONE', #7958 ) ;
#3668 = ADVANCED_FACE ( 'NONE', ( #4906 ), #6505, .F. ) ;
#3669 = DIRECTION ( 'NONE',  ( 0.000000000000000000, 0.000000000000000000, -1.000000000000000000 ) ) ;
#3670 = PERSON ( 'NAUO-PER1', 'UNSPECIFIED', 'UNSPECIFIED', ('UNSPECIFIED'), ('UNSPECIFIED'), ('UNSPECIFIED') ) ;
#3671 = CARTESIAN_POINT ( 'NONE',  ( -4.567820679631962477, -0.4321793203680380224, -42.27342623723036041 ) ) ;
#3672 = CARTESIAN_POINT ( 'NONE',  ( -1.000000000000000000, 1.224646799147353207E-16, -13.00000000000000355 ) ) ;
#3673 = CARTESIAN_POINT ( 'NONE',  ( 0.4915337874217810543, -4.508466212578221111, -20.39376480693212201 ) ) ;
#3674 = CARTESIAN_POINT ( 'NONE',  ( 0.1278684795020863796, -4.872131520497913648, -33.99259796944174639 ) ) ;
#3675 = ORIENTED_EDGE ( 'NONE', *, *, #2113, .T. ) ;
#3676 = CALENDAR_DATE ( 2026, 24, 2 ) ;
#3677 = ORIENTED_EDGE ( 'NONE', *, *, #4451, .F. ) ;
#3678 = ADVANCED_FACE ( 'NONE', ( #7807 ), #3130, .T. ) ;
#3679 = B_SPLINE_CURVE_WITH_KNOTS ( 'NONE', 3,
 ( #3184, #3092, #5884, #8692, #8742, #324, #7326, #7411, #3132, #5929, #2448, #5250, #5984, #8795, #5295, #1115 ),
 .UNSPECIFIED., .F., .F.,
 ( 4, 2, 2, 2, 2, 2, 2, 4 ),
 ( 4.818711198520267845E-07, 0.0008765200830274492722, 0.001314539188981241448, 0.001752558294935033841, 0.002190577400888825584, 0.002628596506842618193, 0.003066615612796410803, 0.003504634718750202979 ),
 .UNSPECIFIED. ) ;
#3680 = EDGE_CURVE ( 'NONE', #6438, #4751, #7342, .T. ) ;
#3681 = CARTESIAN_POINT ( 'NONE',  ( -4.935956332719889872, -0.06404366728011053056, -89.27440186598522587 ) ) ;
#3682 = CARTESIAN_POINT ( 'NONE',  ( -4.686141179201310791, -0.3138588207986893752, -86.03467868775797456 ) ) ;
#3683 = DIRECTION ( 'NONE',  ( 1.224646799147353207E-16, 1.000000000000000000, 0.000000000000000000 ) ) ;
#3684 = ORIENTED_EDGE ( 'NONE', *, *, #6482, .T. ) ;
#3685 = CARTESIAN_POINT ( 'NONE',  ( 0.000000000000000000, -5.000000000000000000, -117.5000000000000000 ) ) ;
#3686 = CARTESIAN_POINT ( 'NONE',  ( 3.904737509655567873, 0.000000000000000000, -43.25000000000000711 ) ) ;
#3687 = CARTESIAN_POINT ( 'NONE',  ( 0.3138588208043429084, -4.686141179195656647, -88.46532131222944884 ) ) ;
#3688 = EDGE_LOOP ( 'NONE', ( #155, #1220, #6913 ) ) ;
#3689 = CARTESIAN_POINT ( 'NONE',  ( -0.9999999999999993339, 1.224646799147353207E-16, -26.00000000000000000 ) ) ;
#3690 = EDGE_CURVE ( 'NONE', #4111, #3236, #3606, .T. ) ;
#3691 = DIRECTION ( 'NONE',  ( 0.000000000000000000, 0.000000000000000000, -1.000000000000000000 ) ) ;
#3692 = CARTESIAN_POINT ( 'NONE',  ( 4.840676868219848217, -0.1593231317801520885, -28.35321941568362547 ) ) ;
#3693 = DIRECTION ( 'NONE',  ( -0.000000000000000000, -0.000000000000000000, 1.000000000000000000 ) ) ;
#3694 = CARTESIAN_POINT ( 'NONE',  ( 3.904737509655567873, 0.000000000000000000, -103.7500000000000000 ) ) ;
#3695 = ORIENTED_EDGE ( 'NONE', *, *, #7083, .F. ) ;
#3696 = CARTESIAN_POINT ( 'NONE',  ( -0.4915337874217818870, -4.508466212578217558, -9.393764806932125566 ) ) ;
#3697 = ORIENTED_EDGE ( 'NONE', *, *, #8175, .F. ) ;
#3698 = CARTESIAN_POINT ( 'NONE',  ( 0.008042224642554288150, -4.991957775357445115, -13.29246587457292073 ) ) ;
#3699 = DIRECTION ( 'NONE',  ( -1.000000000000000000, 1.224646799147353207E-16, 0.000000000000000000 ) ) ;
#3700 = CARTESIAN_POINT ( 'NONE',  ( 4.502552532152130915, -0.4974474678478680301, -31.38672757692825854 ) ) ;
#3701 = AXIS2_PLACEMENT_3D ( 'NONE', #5570, #6300, #6947 ) ;
#3702 = LINE ( 'NONE', #5035, #3801 ) ;
#3703 = CARTESIAN_POINT ( 'NONE',  ( 3.514763214631720046E-15, -4.999999999999995559, -73.35274279211301973 ) ) ;
#3704 = CARTESIAN_POINT ( 'NONE',  ( -4.959369330385075436, -0.04063066961492567408, -35.58613448345568742 ) ) ;
#3705 = ORIENTED_EDGE ( 'NONE', *, *, #5765, .T. ) ;
#3706 = CARTESIAN_POINT ( 'NONE',  ( 0.000000000000000000, 0.000000000000000000, -26.00000000000000000 ) ) ;
#3707 = ORIENTED_EDGE ( 'NONE', *, *, #4667, .T. ) ;
#3708 = EDGE_CURVE ( 'NONE', #2389, #2264, #8570, .T. ) ;
#3709 = DIRECTION ( 'NONE',  ( 1.000000000000000000, 0.000000000000000000, 0.000000000000000000 ) ) ;
#3710 = CARTESIAN_POINT ( 'NONE',  ( 0.3138588208043033290, -4.686141179195698392, -93.96532131222954831 ) ) ;
#3711 = CARTESIAN_POINT ( 'NONE',  ( 0.000000000000000000, 0.000000000000000000, 0.000000000000000000 ) ) ;
#3712 = ADVANCED_FACE ( 'NONE', ( #5046 ), #7849, .F. ) ;
#3713 = CARTESIAN_POINT ( 'NONE',  ( -1.000000000000000000, 1.224646799147353207E-16, -68.00000000000000000 ) ) ;
#3714 = VERTEX_POINT ( 'NONE', #7767 ) ;
#3715 = CALENDAR_DATE ( 2026, 24, 2 ) ;
#3716 = ORIENTED_EDGE ( 'NONE', *, *, #596, .F. ) ;
#3717 = CIRCLE ( 'NONE', #6949, 3.904737509655562544 ) ;
#3718 = B_SPLINE_CURVE_WITH_KNOTS ( 'NONE', 3,
 ( #4200, #6185, #7657, #2045, #5495, #8307, #4806, #6142, #487, #3471, #3390, #658 ),
 .UNSPECIFIED., .F., .F.,
 ( 4, 2, 2, 2, 2, 4 ),
 ( 0.003504634718750500918, 0.003941423334025352838, 0.004378211949300204325, 0.005251789179849907299, 0.006125366410399610273, 0.006998943640949313247 ),
 .UNSPECIFIED. ) ;
#3719 = EDGE_CURVE ( 'NONE', #5720, #8097, #7680, .T. ) ;
#3720 = AXIS2_PLACEMENT_3D ( 'NONE', #7697, #1386, #3295 ) ;
#3721 = CARTESIAN_POINT ( 'NONE',  ( 4.991698401481084346, -0.008301598518917104041, -24.29625362935772870 ) ) ;
#3722 = ORIENTED_EDGE ( 'NONE', *, *, #2786, .F. ) ;
#3723 = DIRECTION ( 'NONE',  ( 1.000000000000000000, 0.000000000000000000, 0.000000000000000000 ) ) ;
#3724 = CARTESIAN_POINT ( 'NONE',  ( 1.328041165545656987, -3.671958834454343013, -70.75000000000000000 ) ) ;
#3725 = DIRECTION ( 'NONE',  ( -0.000000000000000000, -0.000000000000000000, 1.000000000000000000 ) ) ;
#3726 = CARTESIAN_POINT ( 'NONE',  ( -0.7176137099602465375, -4.282386290039753796, -115.2977712695847572 ) ) ;
#3727 = ORIENTED_EDGE ( 'NONE', *, *, #3308, .F. ) ;
#3728 = CARTESIAN_POINT ( 'NONE',  ( -0.03993437491367181347, -4.960065625086329533, -46.58131021350184398 ) ) ;
#3729 = VECTOR ( 'NONE', #4395, 1000.000000000000114 ) ;
#3730 = DIRECTION ( 'NONE',  ( -0.000000000000000000, -0.000000000000000000, 1.000000000000000000 ) ) ;
#3731 = EDGE_CURVE ( 'NONE', #3749, #4858, #5574, .T. ) ;
#3732 = CARTESIAN_POINT ( 'NONE',  ( -0.4915337874217768355, -4.508466212578223775, -64.39376480693213978 ) ) ;
#3733 = CARTESIAN_POINT ( 'NONE',  ( -0.9599107665897164132, -4.040089233410284031, -98.52236572063743836 ) ) ;
#3734 = CARTESIAN_POINT ( 'NONE',  ( -5.000000000000000000, 0.000000000000000000, 8.000000000000007105 ) ) ;
#3735 = ORIENTED_EDGE ( 'NONE', *, *, #5980, .F. ) ;
#3736 = CARTESIAN_POINT ( 'NONE',  ( 4.040089233413053371, -0.9599107665869472950, -97.97763427936018843 ) ) ;
#3737 = AXIS2_PLACEMENT_3D ( 'NONE', #8081, #4581, #1595 ) ;
#3738 = EDGE_LOOP ( 'NONE', ( #7141, #706, #2605 ) ) ;
#3739 = ORIENTED_EDGE ( 'NONE', *, *, #3970, .T. ) ;
#3740 = AXIS2_PLACEMENT_3D ( 'NONE', #7115, #1551, #7167 ) ;
#3741 = CARTESIAN_POINT ( 'NONE',  ( 0.1676550930108568760, -4.832344906989142430, -6.354538062590960656 ) ) ;
#3742 = VECTOR ( 'NONE', #766, 1000.000000000000000 ) ;
#3743 = CARTESIAN_POINT ( 'NONE',  ( -0.6335913640883366060, -4.366408635911663616, -97.60619955115780044 ) ) ;
#3744 = DIRECTION ( 'NONE',  ( -0.000000000000000000, -0.000000000000000000, 1.000000000000000000 ) ) ;
#3745 = EDGE_CURVE ( 'NONE', #3315, #5890, #5135, .T. ) ;
#3746 = CARTESIAN_POINT ( 'NONE',  ( 1.137203174284266316, -3.862796825715733906, -87.12899883711651228 ) ) ;
#3747 = CARTESIAN_POINT ( 'NONE',  ( -4.748219996434699830, -0.2517800035652998369, -44.59116362763014507 ) ) ;
#3748 = CARTESIAN_POINT ( 'NONE',  ( -0.06404366727605258214, -4.935956332723947071, -107.2255981339933015 ) ) ;
#3749 = VERTEX_POINT ( 'NONE', #7347 ) ;
#3750 = CARTESIAN_POINT ( 'NONE',  ( 1.328041165545665425, -3.671958834454334575, -59.75000000000000000 ) ) ;
#3751 = CIRCLE ( 'NONE', #2726, 3.904737509655567873 ) ;
#3752 = ORIENTED_EDGE ( 'NONE', *, *, #4181, .T. ) ;
#3753 = AXIS2_PLACEMENT_3D ( 'NONE', #932, #328, #5886 ) ;
#3754 = DIRECTION ( 'NONE',  ( -1.000000000000000000, 1.224646799147353207E-16, 0.000000000000000000 ) ) ;
#3755 = CARTESIAN_POINT ( 'NONE',  ( 0.9599107665869264228, -4.040089233413072023, -16.02236572063980447 ) ) ;
#3756 = EDGE_CURVE ( 'NONE', #6869, #2470, #3717, .T. ) ;
#3757 = EDGE_CURVE ( 'NONE', #3275, #422, #4600, .T. ) ;
#3758 = CARTESIAN_POINT ( 'NONE',  ( 1.136863993905358194, -3.863136006094642028, -54.37121622079729377 ) ) ;
#3759 = CARTESIAN_POINT ( 'NONE',  ( -0.6401341107417182208, -4.359865889258282223, -21.89874954628655956 ) ) ;
#3760 = CIRCLE ( 'NONE', #4493, 1.999999999999998224 ) ;
#3761 = VERTEX_POINT ( 'NONE', #6752 ) ;
#3762 = CONTEXT_DEPENDENT_SHAPE_REPRESENTATION ( #7081, #7701 ) ;
#3763 = VERTEX_POINT ( 'NONE', #6008 ) ;
#3764 = CARTESIAN_POINT ( 'NONE',  ( 4.359865889258244920, -0.6401341107417566345, -114.1012504537135186 ) ) ;
#3765 = CARTESIAN_POINT ( 'NONE',  ( 4.502552532152134468, -0.4974474678478654210, -80.88672757692823723 ) ) ;
#3766 = CARTESIAN_POINT ( 'NONE',  ( 4.567820679631958924, -0.4321793203680420747, -69.77342623723033910 ) ) ;
#3767 = ORIENTED_EDGE ( 'NONE', *, *, #1471, .F. ) ;
#3768 = CARTESIAN_POINT ( 'NONE',  ( 4.999999999999986677, -1.267690684684465825E-14, -106.6472572078872645 ) ) ;
#3769 = CARTESIAN_POINT ( 'NONE',  ( 0.000000000000000000, -5.000000000000000000, -24.00000000000000711 ) ) ;
#3770 = CARTESIAN_POINT ( 'NONE',  ( 0.9999999999999988898, 0.000000000000000000, 0.000000000000000000 ) ) ;
#3771 = FACE_OUTER_BOUND ( 'NONE', #2969, .T. ) ;
#3772 = AXIS2_PLACEMENT_3D ( 'NONE', #4307, #812, #764 ) ;
#3773 = ORIENTED_EDGE ( 'NONE', *, *, #8444, .T. ) ;
#3774 = LINE ( 'NONE', #8101, #2635 ) ;
#3775 = CIRCLE ( 'NONE', #1745, 0.9999999999999993339 ) ;
#3776 = CC_DESIGN_APPROVAL ( #6824, ( #2333 ) ) ;
#3777 = EDGE_CURVE ( 'NONE', #2666, #5645, #2840, .T. ) ;
#3778 = AXIS2_PLACEMENT_3D ( 'NONE', #2230, #6548, #7935 ) ;
#3779 = AXIS2_PLACEMENT_3D ( 'NONE', #7388, #2517, #303 ) ;
#3780 = CARTESIAN_POINT ( 'NONE',  ( 0.000000000000000000, 0.000000000000000000, -109.2499999999999858 ) ) ;
#3781 = CARTESIAN_POINT ( 'NONE',  ( 0.000000000000000000, 0.000000000000000000, -2.000000000000000000 ) ) ;
#3782 = CIRCLE ( 'NONE', #8198, 3.904737509655567873 ) ;
#3783 = CARTESIAN_POINT ( 'NONE',  ( 3.862796825714234661, -1.137203174285766671, -98.37100116288257823 ) ) ;
#3784 = CARTESIAN_POINT ( 'NONE',  ( 0.000000000000000000, 0.000000000000000000, -80.99999999999998579 ) ) ;
#3785 = ORIENTED_EDGE ( 'NONE', *, *, #8515, .T. ) ;
#3786 = LINE ( 'NONE', #5935, #4019 ) ;
#3787 = ORIENTED_EDGE ( 'NONE', *, *, #7549, .T. ) ;
#3788 = EDGE_CURVE ( 'NONE', #5348, #3906, #1615, .T. ) ;
#3789 = TOROIDAL_SURFACE ( 'NONE', #412, 1.000000000000000000, 3.999999999999996447 ) ;
#3790 = CIRCLE ( 'NONE', #8791, 1.000000000000000000 ) ;
#3791 = ORIENTED_EDGE ( 'NONE', *, *, #2892, .T. ) ;
#3792 = CARTESIAN_POINT ( 'NONE',  ( 0.3138588207986368617, -4.686141179201363194, -5.965321312242132912 ) ) ;
#3793 = CARTESIAN_POINT ( 'NONE',  ( -0.2517800035594500718, -4.748219996440550261, -85.90883637235563697 ) ) ;
#3794 = CARTESIAN_POINT ( 'NONE',  ( 5.000000000000285105, 2.853001529572313671E-13, -29.50000000000020961 ) ) ;
#3795 = DIRECTION ( 'NONE',  ( 1.000000000000000000, 0.000000000000000000, 0.000000000000000000 ) ) ;
#3796 = DIRECTION ( 'NONE',  ( -0.000000000000000000, -0.000000000000000000, 1.000000000000000000 ) ) ;
#3797 = CARTESIAN_POINT ( 'NONE',  ( 0.000000000000000000, -5.000000000000000000, -40.49999999997221778 ) ) ;
#3798 = DIRECTION ( 'NONE',  ( 1.000000000000000000, 0.000000000000000000, 0.000000000000000000 ) ) ;
#3799 = ORIENTED_EDGE ( 'NONE', *, *, #1900, .T. ) ;
#3800 = CARTESIAN_POINT ( 'NONE',  ( -0.4321793203734949351, -4.567820679626505509, -38.72657376275980567 ) ) ;
#3801 = VECTOR ( 'NONE', #1586, 1000.000000000000000 ) ;
#3802 = ORIENTED_EDGE ( 'NONE', *, *, #7436, .T. ) ;
#3803 = AXIS2_PLACEMENT_3D ( 'NONE', #1898, #4742, #8926 ) ;
#3804 = ADVANCED_FACE ( 'NONE', ( #8127 ), #4752, .T. ) ;
#3805 = CARTESIAN_POINT ( 'NONE',  ( 4.960065625082963336, -0.03993437491703635822, -17.91868978647572419 ) ) ;
#3806 = CARTESIAN_POINT ( 'NONE',  ( 4.935956332719893425, -0.06404366728010718601, -34.27440186598523297 ) ) ;
#3807 = DIRECTION ( 'NONE',  ( -1.000000000000000000, 1.224646799147353207E-16, 0.000000000000000000 ) ) ;
#3808 = CARTESIAN_POINT ( 'NONE',  ( 3.671958834454342124, -1.328041165545657876, -54.25000000000000000 ) ) ;
#3809 = FACE_OUTER_BOUND ( 'NONE', #196, .T. ) ;
#3810 = DIRECTION ( 'NONE',  ( 1.000000000000000000, 0.000000000000000000, 0.000000000000000000 ) ) ;
#3811 = ORIENTED_EDGE ( 'NONE', *, *, #694, .F. ) ;
#3812 = DATE_TIME_ROLE ( 'classification_date' ) ;
#3813 = EDGE_LOOP ( 'NONE', ( #4102, #5671, #7018 ) ) ;
#3814 = CARTESIAN_POINT ( 'NONE',  ( -0.9999999999999993339, 1.224646799147353207E-16, -9.499999999999998224 ) ) ;
#3815 = CARTESIAN_POINT ( 'NONE',  ( 0.000000000000000000, 0.000000000000000000, -81.74999999999998579 ) ) ;
#3816 = EDGE_LOOP ( 'NONE', ( #5199, #4796, #4829 ) ) ;
#3817 = CARTESIAN_POINT ( 'NONE',  ( 3.863136006094629149, -1.136863993905370185, -109.1287837792027062 ) ) ;
#3818 = CARTESIAN_POINT ( 'NONE',  ( 0.000000000000000000, 0.000000000000000000, -7.500000000000003553 ) ) ;
#3819 = FACE_OUTER_BOUND ( 'NONE', #3582, .T. ) ;
#3820 = CARTESIAN_POINT ( 'NONE',  ( -1.136863993905362635, -3.863136006094639363, -114.8712162207973506 ) ) ;
#3821 = ORIENTED_EDGE ( 'NONE', *, *, #6812, .F. ) ;
#3822 = DIRECTION ( 'NONE',  ( -1.000000000000000000, 1.224646799147353207E-16, 0.000000000000000000 ) ) ;
#3823 = DIRECTION ( 'NONE',  ( 1.000000000000000000, 0.000000000000000000, 0.000000000000000000 ) ) ;
#3824 = DIRECTION ( 'NONE',  ( 1.000000000000000000, 0.000000000000000000, 0.000000000000000000 ) ) ;
#3825 = CARTESIAN_POINT ( 'NONE',  ( -3.671958834454343013, -1.328041165545656765, -98.24999999999998579 ) ) ;
#3826 = CARTESIAN_POINT ( 'NONE',  ( -0.3138588208043030514, -4.686141179195698392, -99.46532131222956252 ) ) ;
#3827 = CARTESIAN_POINT ( 'NONE',  ( 5.000000000000281553, 2.809514862196180954E-13, -106.5000000000001990 ) ) ;
#3828 = EDGE_CURVE ( 'NONE', #8330, #4606, #854, .T. ) ;
#3829 = ORIENTED_EDGE ( 'NONE', *, *, #2082, .F. ) ;
#3830 = DIRECTION ( 'NONE',  ( -0.000000000000000000, -0.000000000000000000, 1.000000000000000000 ) ) ;
#3831 = ORIENTED_EDGE ( 'NONE', *, *, #7119, .T. ) ;
#3832 = B_SPLINE_CURVE_WITH_KNOTS ( 'NONE', 3,
 ( #2580, #3226, #2535, #6022, #6720, #1935, #4007, #5332, #3965, #6767, #4053, #510, #6858, #25, #6281, #8398 ),
 .UNSPECIFIED., .F., .F.,
 ( 4, 2, 2, 2, 2, 2, 2, 4 ),
 ( 4.818711198560992131E-07, 0.0008765200830206161964, 0.001314539188970996171, 0.001752558294921376146, 0.002190577400871756338, 0.002628596506822136313, 0.003066615612772516288, 0.003504634718722896263 ),
 .UNSPECIFIED. ) ;
#3833 = ORIENTED_EDGE ( 'NONE', *, *, #5301, .F. ) ;
#3834 = CARTESIAN_POINT ( 'NONE',  ( 0.4974474678478209566, -4.502552532152179765, -5.613272423071816064 ) ) ;
#3835 = B_SPLINE_CURVE_WITH_KNOTS ( 'NONE', 3,
 ( #4685, #4490, #3215, #3993, #7489, #2565, #8910, #6010, #1881, #1187, #8817, #5321 ),
 .UNSPECIFIED., .F., .F.,
 ( 4, 2, 2, 2, 2, 4 ),
 ( 0.003504634718750183030, 0.003941423334025066609, 0.004378211949299949321, 0.005251789179849716480, 0.006125366410399483638, 0.006998943640949250797 ),
 .UNSPECIFIED. ) ;
#3836 = CARTESIAN_POINT ( 'NONE',  ( 0.2517800035594494612, -4.748219996440550261, -41.90883637235563697 ) ) ;
#3837 = DIRECTION ( 'NONE',  ( -0.000000000000000000, -0.000000000000000000, 1.000000000000000000 ) ) ;
#3838 = CARTESIAN_POINT ( 'NONE',  ( 0.9999999999999993339, 0.000000000000000000, -20.49999999999999645 ) ) ;
#3839 = DIRECTION ( 'NONE',  ( -0.000000000000000000, -0.000000000000000000, 1.000000000000000000 ) ) ;
#3840 = EDGE_CURVE ( 'NONE', #5257, #2150, #6335, .T. ) ;
#3841 = CARTESIAN_POINT ( 'NONE',  ( -4.999999999999990230, -9.175390286360334753E-15, -35.14725720788725738 ) ) ;
#3842 = VERTEX_POINT ( 'NONE', #1481 ) ;
#3843 = TOROIDAL_SURFACE ( 'NONE', #8102, 1.000000000000000000, 4.000000000000000000 ) ;
#3844 = ORIENTED_EDGE ( 'NONE', *, *, #5336, .F. ) ;
#3845 = CC_DESIGN_DATE_AND_TIME_ASSIGNMENT ( #4223, #7213, ( #6157 ) ) ;
#3846 = AXIS2_PLACEMENT_3D ( 'NONE', #6078, #8250, #5392 ) ;
#3847 = CARTESIAN_POINT ( 'NONE',  ( 5.000000000000000000, 0.000000000000000000, -123.0000000000000000 ) ) ;
#3848 = CARTESIAN_POINT ( 'NONE',  ( 4.840676868219848217, -0.1593231317801518110, -33.85321941568363968 ) ) ;
#3849 = CARTESIAN_POINT ( 'NONE',  ( 0.000000000000000000, -5.000000000000000000, -95.49999999997220357 ) ) ;
#3850 = CARTESIAN_POINT ( 'NONE',  ( -5.000000000000000000, 0.000000000000000000, -123.0000000000000000 ) ) ;
#3851 = DIRECTION ( 'NONE',  ( -0.000000000000000000, -0.000000000000000000, 1.000000000000000000 ) ) ;
#3852 = DIRECTION ( 'NONE',  ( 1.000000000000000000, 0.000000000000000000, 0.000000000000000000 ) ) ;
#3853 = ADVANCED_FACE ( 'NONE', ( #2134 ), #3870, .T. ) ;
#3854 = DIRECTION ( 'NONE',  ( -0.000000000000000000, -0.000000000000000000, 1.000000000000000000 ) ) ;
#3855 = ORIENTED_EDGE ( 'NONE', *, *, #685, .T. ) ;
#3856 = COORDINATED_UNIVERSAL_TIME_OFFSET ( 3, 30, .AHEAD. ) ;
#3857 = VERTEX_POINT ( 'NONE', #1440 ) ;
#3858 = CIRCLE ( 'NONE', #8989, 0.9999999999999993339 ) ;
#3859 = B_SPLINE_CURVE_WITH_KNOTS ( 'NONE', 3,
 ( #7517, #2648, #3423, #2734, #5445, #8256, #1951, #7651, #699, #9066, #7043, #6, #1430, #6306, #2172, #4932 ),
 .UNSPECIFIED., .F., .F.,
 ( 4, 2, 2, 2, 2, 2, 2, 4 ),
 ( 4.818711198560992131E-07, 0.0008765200830275130233, 0.001314539188981335340, 0.001752558294935158091, 0.002190577400888980408, 0.002628596506842802941, 0.003066615612796625909, 0.003504634718750448442 ),
 .UNSPECIFIED. ) ;
#3860 = CARTESIAN_POINT ( 'NONE',  ( 4.959369330385070107, -0.04063066961493031620, -112.5861344834557087 ) ) ;
#3861 = DIRECTION ( 'NONE',  ( 1.000000000000000000, 0.000000000000000000, 0.000000000000000000 ) ) ;
#3862 = EDGE_CURVE ( 'NONE', #3119, #5966, #6985, .T. ) ;
#3863 = CARTESIAN_POINT ( 'NONE',  ( 4.686141179201310791, -0.3138588207986893752, -69.53467868775797456 ) ) ;
#3864 = EDGE_LOOP ( 'NONE', ( #2444, #5482, #3979, #582 ) ) ;
#3865 = B_SPLINE_CURVE_WITH_KNOTS ( 'NONE', 3,
 ( #3082, #6570, #2779, #5024, #3512, #3765, #7087, #6996, #102, #3598, #273, #8379, #4982, #2922, #5872, #6952 ),
 .UNSPECIFIED., .F., .F.,
 ( 4, 2, 2, 2, 2, 2, 2, 4 ),
 ( 4.818711198665871750E-07, 0.0008765200830274456944, 0.001314539188981235377, 0.001752558294935024951, 0.002190577400888814308, 0.002628596506842603882, 0.003066615612796393456, 0.003504634718750183030 ),
 .UNSPECIFIED. ) ;
#3866 = LINE ( 'NONE', #5972, #2826 ) ;
#3867 = CARTESIAN_POINT ( 'NONE',  ( -4.935408751172078112, -0.06459124882792180444, -19.22834765084402164 ) ) ;
#3868 = EDGE_LOOP ( 'NONE', ( #499, #618, #943 ) ) ;
#3869 = CARTESIAN_POINT ( 'NONE',  ( 0.9582157396402195548, -4.041784260359780667, -9.976225349700708733 ) ) ;
#3870 = TOROIDAL_SURFACE ( 'NONE', #7094, 1.000000000000000000, 3.999999999999996447 ) ;
#3871 = DIRECTION ( 'NONE',  ( -0.000000000000000000, -0.000000000000000000, 1.000000000000000000 ) ) ;
#3872 = CARTESIAN_POINT ( 'NONE',  ( 4.960065625082963336, -0.03993437491703671210, -67.41868978647572419 ) ) ;
#3873 = EDGE_CURVE ( 'NONE', #4751, #8720, #2622, .T. ) ;
#3874 = FACE_OUTER_BOUND ( 'NONE', #6835, .T. ) ;
#3875 = CARTESIAN_POINT ( 'NONE',  ( 0.000000000000000000, -5.000000000000000000, -117.5000000000000000 ) ) ;
#3876 = CARTESIAN_POINT ( 'NONE',  ( 0.3138588208043032179, -4.686141179195696616, -99.46532131222956252 ) ) ;
#3877 = ORIENTED_EDGE ( 'NONE', *, *, #7940, .T. ) ;
#3878 = CARTESIAN_POINT ( 'NONE',  ( 4.567820679631958924, -0.4321793203680420747, -97.27342623723035331 ) ) ;
#3879 = ORIENTED_EDGE ( 'NONE', *, *, #5111, .F. ) ;
#3880 = CIRCLE ( 'NONE', #1515, 1.999999999999998224 ) ;
#3881 = ORIENTED_EDGE ( 'NONE', *, *, #466, .T. ) ;
#3882 = CARTESIAN_POINT ( 'NONE',  ( -0.4306231363298302361, -4.569376863670170152, -3.770659893811339369 ) ) ;
#3883 = CARTESIAN_POINT ( 'NONE',  ( -1.137203174284266538, -3.862796825715733906, -87.12899883711651228 ) ) ;
#3884 = CARTESIAN_POINT ( 'NONE',  ( 3.671958834454343013, -1.328041165545656987, -120.2499999999999858 ) ) ;
#3885 = CARTESIAN_POINT ( 'NONE',  ( 4.960065625082964225, -0.03993437491703575454, -39.91868978647570287 ) ) ;
#3886 = FACE_OUTER_BOUND ( 'NONE', #8590, .T. ) ;
#3887 = CARTESIAN_POINT ( 'NONE',  ( -3.862796825714241322, -1.137203174285759566, -43.37100116288257112 ) ) ;
#3888 = CIRCLE ( 'NONE', #5927, 3.999999999999989786 ) ;
#3889 = DIRECTION ( 'NONE',  ( -0.000000000000000000, -0.000000000000000000, 1.000000000000000000 ) ) ;
#3890 = VERTEX_POINT ( 'NONE', #3521 ) ;
#3891 = CARTESIAN_POINT ( 'NONE',  ( -1.136863993906865211, -3.863136006093133901, -37.87121622079637007 ) ) ;
#3892 = VERTEX_POINT ( 'NONE', #2321 ) ;
#3893 = AXIS2_PLACEMENT_3D ( 'NONE', #6906, #4789, #603 ) ;
#3894 = TOROIDAL_SURFACE ( 'NONE', #9024, 1.000000000000000000, 3.999999999999996447 ) ;
#3895 = EDGE_CURVE ( 'NONE', #1179, #316, #4145, .T. ) ;
#3896 = CARTESIAN_POINT ( 'NONE',  ( 4.366408635906907421, -0.6335913640930936896, -16.39380044883598586 ) ) ;
#3897 = DIRECTION ( 'NONE',  ( -0.000000000000000000, -0.000000000000000000, 1.000000000000000000 ) ) ;
#3898 = CARTESIAN_POINT ( 'NONE',  ( 0.008301598520836278930, -4.991698401479165881, -67.70374637061713941 ) ) ;
#3899 = CARTESIAN_POINT ( 'NONE',  ( -4.832344906989094468, -0.1676550930109067528, -85.64546193740922320 ) ) ;
#3900 = FACE_OUTER_BOUND ( 'NONE', #1292, .T. ) ;
#3901 = AXIS2_PLACEMENT_3D ( 'NONE', #406, #953, #3217 ) ;
#3902 = CARTESIAN_POINT ( 'NONE',  ( -3.671958834454343013, -1.328041165545656765, -81.74999999999998579 ) ) ;
#3903 = CARTESIAN_POINT ( 'NONE',  ( 3.671958834454342124, -1.328041165545657876, -43.25000000000000711 ) ) ;
#3904 = EDGE_LOOP ( 'NONE', ( #3558, #2693, #6048 ) ) ;
#3905 = CALENDAR_DATE ( 2026, 24, 2 ) ;
#3906 = VERTEX_POINT ( 'NONE', #4434 ) ;
#3907 = AXIS2_PLACEMENT_3D ( 'NONE', #317, #8555, #8646 ) ;
#3908 = AXIS2_PLACEMENT_3D ( 'NONE', #531, #2119, #6788 ) ;
#3909 = EDGE_CURVE ( 'NONE', #5438, #4461, #9007, .T. ) ;
#3910 = CARTESIAN_POINT ( 'NONE',  ( 4.366408635906905644, -0.6335913640930940227, -21.89380044883598586 ) ) ;
#3911 = TOROIDAL_SURFACE ( 'NONE', #5056, 1.000000000000000000, 4.000000000000001776 ) ;
#3912 = CARTESIAN_POINT ( 'NONE',  ( -3.671958834454343013, -1.328041165545656765, -103.7500000000000000 ) ) ;
#3913 = DIRECTION ( 'NONE',  ( -0.000000000000000000, -0.000000000000000000, 1.000000000000000000 ) ) ;
#3914 = ORIENTED_EDGE ( 'NONE', *, *, #3840, .F. ) ;
#3915 = CARTESIAN_POINT ( 'NONE',  ( 4.739198801701951957, -0.2608011982980471544, -58.40923771779445417 ) ) ;
#3916 = AXIS2_PLACEMENT_3D ( 'NONE', #4701, #2806, #7502 ) ;
#3917 = DIRECTION ( 'NONE',  ( 1.000000000000000000, 0.000000000000000000, 0.000000000000000000 ) ) ;
#3918 = ORIENTED_EDGE ( 'NONE', *, *, #3481, .T. ) ;
#3919 = DIRECTION ( 'NONE',  ( 1.000000000000000000, 0.000000000000000000, 0.000000000000000000 ) ) ;
#3920 = ADVANCED_FACE ( 'NONE', ( #939 ), #1962, .T. ) ;
#3921 = CARTESIAN_POINT ( 'NONE',  ( 4.040089233413053371, -0.9599107665869472950, -119.9776342793601742 ) ) ;
#3922 = CARTESIAN_POINT ( 'NONE',  ( -0.6335913640931286617, -4.366408635906871893, -64.60619955116406743 ) ) ;
#3923 = ORIENTED_EDGE ( 'NONE', *, *, #6736, .T. ) ;
#3924 = DIRECTION ( 'NONE',  ( 1.000000000000000000, 0.000000000000000000, 0.000000000000000000 ) ) ;
#3925 = DIRECTION ( 'NONE',  ( 0.000000000000000000, -1.000000000000000000, 0.000000000000000000 ) ) ;
#3926 = ORIENTED_EDGE ( 'NONE', *, *, #6880, .F. ) ;
#3927 = CARTESIAN_POINT ( 'NONE',  ( 4.739198801701949293, -0.2608011982980512622, -96.90923771779445417 ) ) ;
#3928 = APPROVAL_PERSON_ORGANIZATION ( #7031, #1360, #37 ) ;
#3929 = VERTEX_POINT ( 'NONE', #2270 ) ;
#3930 = EDGE_CURVE ( 'NONE', #6045, #5912, #7882, .T. ) ;
#3931 = EDGE_CURVE ( 'NONE', #1363, #3013, #1733, .T. ) ;
#3932 = AXIS2_PLACEMENT_3D ( 'NONE', #589, #2662, #7626 ) ;
#3933 = TOROIDAL_SURFACE ( 'NONE', #1420, 1.000000000000002220, 3.999999999999994671 ) ;
#3934 = CIRCLE ( 'NONE', #9059, 3.904737509655567873 ) ;
#3935 = CARTESIAN_POINT ( 'NONE',  ( -0.1278684795020865184, -4.872131520497913648, -50.49259796944175349 ) ) ;
#3936 = CARTESIAN_POINT ( 'NONE',  ( 4.840676868219845552, -0.1593231317801557245, -77.85321941568362547 ) ) ;
#3937 = CARTESIAN_POINT ( 'NONE',  ( -3.388131789017175549E-18, -5.000000000000000888, -13.14684353044862597 ) ) ;
#3938 = CARTESIAN_POINT ( 'NONE',  ( 4.508466212578265520, -0.4915337874217327041, -38.60623519306795970 ) ) ;
#3939 = CARTESIAN_POINT ( 'NONE',  ( -4.739198801701951957, -0.2608011982980475429, -47.40923771779445417 ) ) ;
#3940 = CARTESIAN_POINT ( 'NONE',  ( -0.9999999999999995559, 1.224646799147352714E-16, 0.000000000000000000 ) ) ;
#3941 = FACE_OUTER_BOUND ( 'NONE', #5892, .T. ) ;
#3942 = VERTEX_POINT ( 'NONE', #7973 ) ;
#3943 = CARTESIAN_POINT ( 'NONE',  ( 1.000000000000000000, 0.000000000000000000, -90.00000000000000000 ) ) ;
#3944 = ORIENTED_EDGE ( 'NONE', *, *, #1939, .F. ) ;
#3945 = AXIS2_PLACEMENT_3D ( 'NONE', #8047, #3312, #2486 ) ;
#3946 = AXIS2_PLACEMENT_3D ( 'NONE', #5, #5844, #6531 ) ;
#3947 = CARTESIAN_POINT ( 'NONE',  ( 0.000000000000000000, 0.000000000000000000, -51.50000000000000711 ) ) ;
#3948 = FACE_OUTER_BOUND ( 'NONE', #547, .T. ) ;
#3949 = DIRECTION ( 'NONE',  ( -0.000000000000000000, -0.000000000000000000, 1.000000000000000000 ) ) ;
#3950 = CARTESIAN_POINT ( 'NONE',  ( -4.502552532152134468, -0.4974474678478655321, -86.38672757692826565 ) ) ;
#3951 = DIRECTION ( 'NONE',  ( 1.000000000000000000, 0.000000000000000000, 0.000000000000000000 ) ) ;
#3952 = CARTESIAN_POINT ( 'NONE',  ( 3.671958834454336795, -1.328041165545663649, -10.25000000000000178 ) ) ;
#3953 = AXIS2_PLACEMENT_3D ( 'NONE', #1568, #97, #235 ) ;
#3954 = DIRECTION ( 'NONE',  ( -0.000000000000000000, -0.000000000000000000, 1.000000000000000000 ) ) ;
#3955 = ORIENTED_EDGE ( 'NONE', *, *, #5237, .F. ) ;
#3956 = DATE_AND_TIME ( #6711, #4084 ) ;
#3957 = EDGE_CURVE ( 'NONE', #2959, #3275, #2061, .T. ) ;
#3958 = ORIENTED_EDGE ( 'NONE', *, *, #7961, .T. ) ;
#3959 = B_SPLINE_CURVE_WITH_KNOTS ( 'NONE', 3,
 ( #1207, #5440, #6031, #6776, #3419, #4015, #1945, #3327, #6212, #473, #3277, #4748 ),
 .UNSPECIFIED., .F., .F.,
 ( 4, 2, 2, 2, 2, 4 ),
 ( 0.003504634718750183030, 0.003941423334025066609, 0.004378211949299949321, 0.005251789179849716480, 0.006125366410399483638, 0.006998943640949250797 ),
 .UNSPECIFIED. ) ;
#3960 = CARTESIAN_POINT ( 'NONE',  ( 4.991698401481079905, -0.008301598518919086830, -112.2962536293577500 ) ) ;
#3961 = CARTESIAN_POINT ( 'NONE',  ( 0.6401341107417179987, -4.359865889258282223, -10.89874954628655779 ) ) ;
#3962 = DIRECTION ( 'NONE',  ( 1.000000000000000000, 0.000000000000000000, 0.000000000000000000 ) ) ;
#3963 = DIRECTION ( 'NONE',  ( 0.000000000000000000, -1.000000000000000000, 0.000000000000000000 ) ) ;
#3964 = VERTEX_POINT ( 'NONE', #5125 ) ;
#3965 = CARTESIAN_POINT ( 'NONE',  ( 0.2608011983036384596, -4.739198801696361762, -50.09076228219166893 ) ) ;
#3966 = CARTESIAN_POINT ( 'NONE',  ( -3.671958834454338572, -1.328041165545661428, -21.24999999999999645 ) ) ;
#3967 = EDGE_CURVE ( 'NONE', #792, #3153, #4254, .T. ) ;
#3968 = EDGE_LOOP ( 'NONE', ( #6164, #7432, #4107 ) ) ;
#3969 = DIRECTION ( 'NONE',  ( -0.000000000000000000, -0.000000000000000000, 1.000000000000000000 ) ) ;
#3970 = EDGE_CURVE ( 'NONE', #3667, #9048, #4305, .T. ) ;
#3971 = CARTESIAN_POINT ( 'NONE',  ( -0.4974474678531437544, -4.502552532146855135, -33.11327242306310126 ) ) ;
#3972 = CARTESIAN_POINT ( 'NONE',  ( -0.9582157396402080085, -4.041784260359792214, -64.97622534970069808 ) ) ;
#3973 = ORIENTED_EDGE ( 'NONE', *, *, #3003, .F. ) ;
#3974 = CARTESIAN_POINT ( 'NONE',  ( 3.904737509655567873, 0.000000000000000000, -87.25000000000000000 ) ) ;
#3975 = CARTESIAN_POINT ( 'NONE',  ( -4.041784260359810865, -0.9582157396401889127, -54.52377465029930903 ) ) ;
#3976 = EDGE_CURVE ( 'NONE', #1750, #7245, #6037, .T. ) ;
#3977 = VERTEX_POINT ( 'NONE', #2548 ) ;
#3978 = DIRECTION ( 'NONE',  ( -0.000000000000000000, -0.000000000000000000, 1.000000000000000000 ) ) ;
#3979 = ORIENTED_EDGE ( 'NONE', *, *, #1224, .T. ) ;
#3980 = CARTESIAN_POINT ( 'NONE',  ( -0.4970895171227269205, -4.502910482877275022, -3.886092419263466269 ) ) ;
#3981 = CARTESIAN_POINT ( 'NONE',  ( -0.2517800035594300323, -4.748219996440570689, -30.90883637235559078 ) ) ;
#3982 = FACE_OUTER_BOUND ( 'NONE', #5075, .T. ) ;
#3983 = DIRECTION ( 'NONE',  ( 1.000000000000000000, 0.000000000000000000, 0.000000000000000000 ) ) ;
#3984 = CARTESIAN_POINT ( 'NONE',  ( -1.328041165545657876, -3.671958834454342124, -43.25000000000000711 ) ) ;
#3985 = EDGE_CURVE ( 'NONE', #3714, #4114, #2994, .T. ) ;
#3986 = DIRECTION ( 'NONE',  ( -0.000000000000000000, -0.000000000000000000, 1.000000000000000000 ) ) ;
#3987 = VERTEX_POINT ( 'NONE', #1368 ) ;
#3988 = CARTESIAN_POINT ( 'NONE',  ( -0.008301598520831909161, -4.991698401479168545, -40.20374637061713941 ) ) ;
#3989 = VERTEX_POINT ( 'NONE', #2112 ) ;
#3990 = DIRECTION ( 'NONE',  ( 1.000000000000000000, 0.000000000000000000, 0.000000000000000000 ) ) ;
#3991 = CYLINDRICAL_SURFACE ( 'NONE', #2028, 0.9999999999999995559 ) ;
#3992 = FACE_OUTER_BOUND ( 'NONE', #7712, .T. ) ;
#3993 = CARTESIAN_POINT ( 'NONE',  ( -4.960065625082965113, -0.03993437491703619863, -78.41868978647573840 ) ) ;
#3994 = DIRECTION ( 'NONE',  ( -0.000000000000000000, -0.000000000000000000, 1.000000000000000000 ) ) ;
#3995 = DIRECTION ( 'NONE',  ( -0.000000000000000000, -0.000000000000000000, 1.000000000000000000 ) ) ;
#3996 = ADVANCED_FACE ( 'NONE', ( #1073 ), #7457, .F. ) ;
#3997 = ORIENTED_EDGE ( 'NONE', *, *, #3498, .T. ) ;
#3998 = VERTEX_POINT ( 'NONE', #3197 ) ;
#3999 = CIRCLE ( 'NONE', #1200, 4.000000000000003553 ) ;
#4000 = TOROIDAL_SURFACE ( 'NONE', #19, 1.000000000000000000, 3.999999999999996447 ) ;
#4001 = DIRECTION ( 'NONE',  ( -0.000000000000000000, -0.000000000000000000, 1.000000000000000000 ) ) ;
#4002 = DIRECTION ( 'NONE',  ( -0.000000000000000000, -0.000000000000000000, 1.000000000000000000 ) ) ;
#4003 = DIRECTION ( 'NONE',  ( 1.000000000000000000, 0.000000000000000000, 0.000000000000000000 ) ) ;
#4004 = CIRCLE ( 'NONE', #3120, 3.904737509655562544 ) ;
#4005 = CARTESIAN_POINT ( 'NONE',  ( 4.935408751172078112, -0.06459124882792180444, -19.22834765084402164 ) ) ;
#4006 = ORIENTED_EDGE ( 'NONE', *, *, #7726, .F. ) ;
#4007 = CARTESIAN_POINT ( 'NONE',  ( 0.4321793203734953792, -4.567820679626504621, -49.72657376275980567 ) ) ;
#4008 = EDGE_LOOP ( 'NONE', ( #1026, #6092, #4208, #3071, #8232, #5876 ) ) ;
#4009 = DIRECTION ( 'NONE',  ( 1.000000000000000000, 0.000000000000000000, 0.000000000000000000 ) ) ;
#4010 = EDGE_CURVE ( 'NONE', #6520, #5334, #1716, .T. ) ;
#4011 = CARTESIAN_POINT ( 'NONE',  ( -1.023043852594900369E-12, -4.999999999998977707, -34.85274279208621095 ) ) ;
#4012 = CARTESIAN_POINT ( 'NONE',  ( 0.2517800035594497943, -4.748219996440550261, -69.40883637235562276 ) ) ;
#4013 = ORIENTED_EDGE ( 'NONE', *, *, #5583, .T. ) ;
#4014 = CARTESIAN_POINT ( 'NONE',  ( -4.567820679631958924, -0.4321793203680420747, -69.77342623723033910 ) ) ;
#4015 = CARTESIAN_POINT ( 'NONE',  ( 4.840676868219845552, -0.1593231317801557245, -105.3532194156836539 ) ) ;
#4016 = VERTEX_POINT ( 'NONE', #5349 ) ;
#4017 = CARTESIAN_POINT ( 'NONE',  ( 1.328041165545656765, -3.671958834454343013, -81.74999999999998579 ) ) ;
#4018 = ORIENTED_EDGE ( 'NONE', *, *, #6991, .F. ) ;
#4019 = VECTOR ( 'NONE', #5991, 1000.000000000000000 ) ;
#4020 = ORIENTED_EDGE ( 'NONE', *, *, #5425, .F. ) ;
#4021 = EDGE_CURVE ( 'NONE', #1499, #3763, #3146, .T. ) ;
#4022 = B_SPLINE_CURVE_WITH_KNOTS ( 'NONE', 3,
 ( #8165, #1866, #4025, #6997, #6916, #1258, #701, #5578, #4157, #1996, #6827, #8257, #4934, #4884 ),
 .UNSPECIFIED., .F., .F.,
 ( 4, 2, 2, 2, 2, 2, 4 ),
 ( 1.970071025772010310E-07, 0.0008756576440557241802, 0.001313387962532297634, 0.001751118281008871196, 0.002188848599485444541, 0.002626578917962019404, 0.003502039554915169998 ),
 .UNSPECIFIED. ) ;
#4023 = CARTESIAN_POINT ( 'NONE',  ( -5.000000000000281553, 2.811725620256466210E-13, -68.00000000000021316 ) ) ;
#4024 = CARTESIAN_POINT ( 'NONE',  ( 1.137203174284255658, -3.862796825715745896, -109.1289988371165265 ) ) ;
#4025 = CARTESIAN_POINT ( 'NONE',  ( 0.03220399570035238634, -4.967796004299648516, -2.584536274301501457 ) ) ;
#4026 = CARTESIAN_POINT ( 'NONE',  ( 0.000000000000000000, 0.000000000000000000, -101.0000000000000000 ) ) ;
#4027 = DIRECTION ( 'NONE',  ( -0.000000000000000000, -0.000000000000000000, 1.000000000000000000 ) ) ;
#4028 = AXIS2_PLACEMENT_3D ( 'NONE', #5358, #1676, #3152 ) ;
#4029 = DIRECTION ( 'NONE',  ( 1.000000000000000000, 0.000000000000000000, 0.000000000000000000 ) ) ;
#4030 = ORIENTED_EDGE ( 'NONE', *, *, #3113, .F. ) ;
#4031 = CARTESIAN_POINT ( 'NONE',  ( -1.000000000000000000, 1.224646799147353207E-16, -7.500000000000003553 ) ) ;
#4032 = ORIENTED_EDGE ( 'NONE', *, *, #491, .T. ) ;
#4033 = TOROIDAL_SURFACE ( 'NONE', #8714, 1.000000000000000000, 3.999999999999996447 ) ;
#4034 = EDGE_CURVE ( 'NONE', #8959, #8638, #7551, .T. ) ;
#4035 = CARTESIAN_POINT ( 'NONE',  ( -4.567820679631958924, -0.4321793203680420747, -102.7734262372303533 ) ) ;
#4036 = CARTESIAN_POINT ( 'NONE',  ( 4.686141179201313456, -0.3138588207986871548, -14.53467868775798699 ) ) ;
#4037 = CARTESIAN_POINT ( 'NONE',  ( -1.024133666360662847E-12, -5.000000000001025846, -79.14684353042196108 ) ) ;
#4038 = DIRECTION ( 'NONE',  ( 1.000000000000000000, 0.000000000000000000, 0.000000000000000000 ) ) ;
#4039 = CARTESIAN_POINT ( 'NONE',  ( -1.136863993906876535, -3.863136006093125019, -76.37121622079637007 ) ) ;
#4040 = CARTESIAN_POINT ( 'NONE',  ( -4.748219996434697165, -0.2517800035653030011, -22.59116362763015573 ) ) ;
#4041 = ORIENTED_EDGE ( 'NONE', *, *, #7386, .F. ) ;
#4042 = ORIENTED_EDGE ( 'NONE', *, *, #3719, .T. ) ;
#4043 = TOROIDAL_SURFACE ( 'NONE', #797, 1.000000000000000000, 2.000000000000001776 ) ;
#4044 = EDGE_CURVE ( 'NONE', #8065, #6237, #8526, .T. ) ;
#4045 = EDGE_CURVE ( 'NONE', #4746, #4636, #5684, .T. ) ;
#4046 = CIRCLE ( 'NONE', #8153, 3.904737509655563876 ) ;
#4047 = CARTESIAN_POINT ( 'NONE',  ( -0.4974474678531601302, -4.502552532146839148, -27.61327242306306573 ) ) ;
#4048 = CARTESIAN_POINT ( 'NONE',  ( 4.686141179201315232, -0.3138588207986844347, -64.03467868775796035 ) ) ;
#4049 = DIRECTION ( 'NONE',  ( 1.224646799147353207E-16, 1.000000000000000000, 0.000000000000000000 ) ) ;
#4050 = AXIS2_PLACEMENT_3D ( 'NONE', #3781, #1803, #2397 ) ;
#4051 = CARTESIAN_POINT ( 'NONE',  ( 0.008042224642554003655, -4.991957775357446003, -62.79246587457290474 ) ) ;
#4052 = ORIENTED_EDGE ( 'NONE', *, *, #6687, .F. ) ;
#4053 = CARTESIAN_POINT ( 'NONE',  ( 0.1278684795020862131, -4.872131520497913648, -50.49259796944175349 ) ) ;
#4054 =( NAMED_UNIT ( * ) PLANE_ANGLE_UNIT ( ) SI_UNIT ( $, .RADIAN. ) );
#4055 = B_SPLINE_CURVE_WITH_KNOTS ( 'NONE', 3,
 ( #6093, #4079, #6920, #6222, #9027, #9071, #3517, #892, #3604, #4291, #11, #6404, #1578, #5807, #705, #5718 ),
 .UNSPECIFIED., .F., .F.,
 ( 4, 2, 2, 2, 2, 2, 2, 4 ),
 ( 4.818711198664599083E-07, 0.0008765200830274455859, 0.001314539188981235160, 0.001752558294935024734, 0.002190577400888814308, 0.002628596506842603882, 0.003066615612796393456, 0.003504634718750183030 ),
 .UNSPECIFIED. ) ;
#4056 = AXIS2_PLACEMENT_3D ( 'NONE', #8361, #670, #5550 ) ;
#4057 = ORIENTED_EDGE ( 'NONE', *, *, #49, .F. ) ;
#4058 = CARTESIAN_POINT ( 'NONE',  ( -0.2517800035594496832, -4.748219996440550261, -102.4088363723556228 ) ) ;
#4059 = AXIS2_PLACEMENT_3D ( 'NONE', #2860, #5611, #828 ) ;
#4060 = AXIS2_PLACEMENT_3D ( 'NONE', #1324, #4868, #7638 ) ;
#4061 = DIRECTION ( 'NONE',  ( -0.000000000000000000, -0.000000000000000000, 1.000000000000000000 ) ) ;
#4062 = CARTESIAN_POINT ( 'NONE',  ( 1.137203174284266316, -3.862796825715733906, -70.62899883711648386 ) ) ;
#4063 = EDGE_LOOP ( 'NONE', ( #4096, #7069, #7812 ) ) ;
#4064 = DIRECTION ( 'NONE',  ( -0.000000000000000000, -0.000000000000000000, 1.000000000000000000 ) ) ;
#4065 = DIRECTION ( 'NONE',  ( 1.000000000000000000, 0.000000000000000000, 0.000000000000000000 ) ) ;
#4066 = TOROIDAL_SURFACE ( 'NONE', #6709, 1.000000000000000000, 1.999999999999994893 ) ;
#4067 = ORIENTED_EDGE ( 'NONE', *, *, #1102, .F. ) ;
#4068 = CARTESIAN_POINT ( 'NONE',  ( 0.04063066961830684443, -4.959369330381691476, -83.91386551652199444 ) ) ;
#4069 = EDGE_CURVE ( 'NONE', #5331, #1354, #4809, .T. ) ;
#4070 = ORIENTED_EDGE ( 'NONE', *, *, #168, .T. ) ;
#4071 = B_SPLINE_CURVE_WITH_KNOTS ( 'NONE', 3,
 ( #5150, #7956, #277, #8789, #7316, #1653, #5878, #5921, #4375, #1751, #2440, #4458, #7263, #8684, #964, #3769 ),
 .UNSPECIFIED., .F., .F.,
 ( 4, 2, 2, 2, 2, 2, 2, 4 ),
 ( 4.818711198714493559E-07, 0.0008765200830275187696, 0.001314539188981343363, 0.001752558294935167632, 0.002190577400888992117, 0.002628596506842816819, 0.003066615612796641088, 0.003504634718750465790 ),
 .UNSPECIFIED. ) ;
#4072 = CARTESIAN_POINT ( 'NONE',  ( -0.6335913640883271691, -4.366408635911672498, -31.60619955115777913 ) ) ;
#4073 = CARTESIAN_POINT ( 'NONE',  ( -0.9582157396402173344, -4.041784260359781555, -15.47622534970070163 ) ) ;
#4074 = CARTESIAN_POINT ( 'NONE',  ( -4.748219996434693613, -0.2517800035653069424, -99.59116362763013797 ) ) ;
#4075 = CARTESIAN_POINT ( 'NONE',  ( -2.500000000000000000, -2.500000000000000000, 0.000000000000000000 ) ) ;
#4076 = DIRECTION ( 'NONE',  ( 1.000000000000000000, 0.000000000000000000, 0.000000000000000000 ) ) ;
#4077 = CARTESIAN_POINT ( 'NONE',  ( -4.872131520502828828, -0.1278684794971705063, -63.50740203054002109 ) ) ;
#4078 = EDGE_LOOP ( 'NONE', ( #8335, #164, #8842 ) ) ;
#4079 = CARTESIAN_POINT ( 'NONE',  ( -3.863136006094629149, -1.136863993905370629, -92.62878377920269202 ) ) ;
#4080 = ADVANCED_FACE ( 'NONE', ( #2344 ), #4226, .F. ) ;
#4081 = ORIENTED_EDGE ( 'NONE', *, *, #7905, .T. ) ;
#4082 = TOROIDAL_SURFACE ( 'NONE', #3487, 1.000000000000000000, 3.999999999999996447 ) ;
#4083 = CIRCLE ( 'NONE', #7765, 4.000000000000000000 ) ;
#4084 = LOCAL_TIME ( 21, 14, 1.000000000000000000, #8090 ) ;
#4085 = CYLINDRICAL_SURFACE ( 'NONE', #513, 0.9999999999999988898 ) ;
#4086 = FACE_OUTER_BOUND ( 'NONE', #8373, .T. ) ;
#4087 = CARTESIAN_POINT ( 'NONE',  ( -1.137203174284265206, -3.862796825715734794, -70.62899883711648386 ) ) ;
#4088 = CIRCLE ( 'NONE', #5246, 3.904737509655567429 ) ;
#4089 = TOROIDAL_SURFACE ( 'NONE', #8344, 1.000000000000000000, 3.999999999999996447 ) ;
#4090 = CARTESIAN_POINT ( 'NONE',  ( 4.935956332719893425, -0.06404366728010717214, -61.77440186598523297 ) ) ;
#4091 = CARTESIAN_POINT ( 'NONE',  ( -1.328041165545656765, -3.671958834454343013, -76.25000000000000000 ) ) ;
#4092 = CARTESIAN_POINT ( 'NONE',  ( 1.020244832220700351E-12, -5.000000000001020517, -51.64684353042216003 ) ) ;
#4093 = ORIENTED_EDGE ( 'NONE', *, *, #259, .T. ) ;
#4094 = AXIS2_PLACEMENT_3D ( 'NONE', #2778, #4155, #6995 ) ;
#4095 = EDGE_CURVE ( 'NONE', #8100, #1750, #7156, .T. ) ;
#4096 = ORIENTED_EDGE ( 'NONE', *, *, #874, .F. ) ;
#4097 = CIRCLE ( 'NONE', #421, 3.904737509655567873 ) ;
#4098 = CARTESIAN_POINT ( 'NONE',  ( 4.748219996434698942, -0.2517800035653022239, -50.09116362763015218 ) ) ;
#4099 = DIRECTION ( 'NONE',  ( 1.224646799147353207E-16, 1.000000000000000000, 0.000000000000000000 ) ) ;
#4100 = DIRECTION ( 'NONE',  ( 1.000000000000000000, 0.000000000000000000, 0.000000000000000000 ) ) ;
#4101 = CARTESIAN_POINT ( 'NONE',  ( 1.000000000000000000, 0.000000000000000000, -40.50000000000000711 ) ) ;
#4102 = ORIENTED_EDGE ( 'NONE', *, *, #7050, .F. ) ;
#4103 = CIRCLE ( 'NONE', #3069, 2.000000000000000000 ) ;
#4104 = TOROIDAL_SURFACE ( 'NONE', #5420, 1.000000000000000000, 3.999999999999996447 ) ;
#4105 = CARTESIAN_POINT ( 'NONE',  ( -1.000000000000000000, 1.224646799147353207E-16, -79.00000000000000000 ) ) ;
#4106 = CARTESIAN_POINT ( 'NONE',  ( -1.328041165545656765, -3.671958834454343013, -70.75000000000000000 ) ) ;
#4107 = ORIENTED_EDGE ( 'NONE', *, *, #466, .F. ) ;
#4108 = DIRECTION ( 'NONE',  ( -0.000000000000000000, -0.000000000000000000, 1.000000000000000000 ) ) ;
#4109 = CARTESIAN_POINT ( 'NONE',  ( 0.000000000000000000, 0.000000000000000000, -4.750000000000001776 ) ) ;
#4110 = B_SPLINE_CURVE_WITH_KNOTS ( 'NONE', 3,
 ( #5947, #6042, #5899, #986, #8704, #5171, #1816, #1773, #3202, #8026, #6598, #5308, #1079, #8851, #4479, #3797 ),
 .UNSPECIFIED., .F., .F.,
 ( 4, 2, 2, 2, 2, 2, 2, 4 ),
 ( 4.818711198791112983E-07, 0.0008765200830206385310, 0.001314539188971018072, 0.001752558294921397830, 0.002190577400871777589, 0.002628596506822157130, 0.003066615612772537105, 0.003504634718722916646 ),
 .UNSPECIFIED. ) ;
#4111 = VERTEX_POINT ( 'NONE', #5703 ) ;
#4112 = CARTESIAN_POINT ( 'NONE',  ( -1.328041165545657876, -3.671958834454342124, -43.25000000000000711 ) ) ;
#4113 = EDGE_CURVE ( 'NONE', #792, #6176, #2309, .T. ) ;
#4114 = VERTEX_POINT ( 'NONE', #773 ) ;
#4115 = FACE_OUTER_BOUND ( 'NONE', #5255, .T. ) ;
#4116 = ADVANCED_FACE ( 'NONE', ( #88 ), #402, .F. ) ;
#4117 = DIRECTION ( 'NONE',  ( -0.000000000000000000, -0.000000000000000000, 1.000000000000000000 ) ) ;
#4118 = CARTESIAN_POINT ( 'NONE',  ( 0.000000000000000000, 0.000000000000000000, -62.50000000000000000 ) ) ;
#4119 = DIRECTION ( 'NONE',  ( -0.000000000000000000, -0.000000000000000000, 1.000000000000000000 ) ) ;
#4120 = ORIENTED_EDGE ( 'NONE', *, *, #1524, .F. ) ;
#4121 = DIRECTION ( 'NONE',  ( 0.000000000000000000, 0.000000000000000000, -1.000000000000000000 ) ) ;
#4122 = ORIENTED_EDGE ( 'NONE', *, *, #5875, .F. ) ;
#4123 = AXIS2_PLACEMENT_3D ( 'NONE', #5066, #5020, #4238 ) ;
#4124 = CARTESIAN_POINT ( 'NONE',  ( -3.671958834454343013, -1.328041165545656765, -103.7500000000000000 ) ) ;
#4125 = DIRECTION ( 'NONE',  ( 1.000000000000000000, 0.000000000000000000, 0.000000000000000000 ) ) ;
#4126 = EDGE_CURVE ( 'NONE', #3906, #3857, #8752, .T. ) ;
#4127 = CARTESIAN_POINT ( 'NONE',  ( 0.2517800035594487951, -4.748219996440551149, -36.40883637235563697 ) ) ;
#4128 = CARTESIAN_POINT ( 'NONE',  ( 0.03993437491365121189, -4.960065625086347296, -79.58131021350166634 ) ) ;
#4129 = FACE_OUTER_BOUND ( 'NONE', #4720, .T. ) ;
#4130 = CARTESIAN_POINT ( 'NONE',  ( -0.06404366727605258214, -4.935956332723947071, -79.72559813399331574 ) ) ;
#4131 = ORIENTED_EDGE ( 'NONE', *, *, #192, .F. ) ;
#4132 = DATE_TIME_ROLE ( 'classification_date' ) ;
#4133 = ORIENTED_EDGE ( 'NONE', *, *, #4283, .T. ) ;
#4134 = FACE_OUTER_BOUND ( 'NONE', #7105, .T. ) ;
#4135 = EDGE_CURVE ( 'NONE', #4139, #5739, #5785, .T. ) ;
#4136 = CARTESIAN_POINT ( 'NONE',  ( 4.935408751172080777, -0.06459124882791941746, -63.22834765084402164 ) ) ;
#4137 = CARTESIAN_POINT ( 'NONE',  ( 0.9999999999999995559, 0.000000000000000000, 0.000000000000000000 ) ) ;
#4138 = CARTESIAN_POINT ( 'NONE',  ( 4.872131520502827939, -0.1278684794971737537, -19.50740203054002819 ) ) ;
#4139 = VERTEX_POINT ( 'NONE', #4499 ) ;
#4140 = AXIS2_PLACEMENT_3D ( 'NONE', #481, #3288, #3334 ) ;
#4141 = DIRECTION ( 'NONE',  ( 1.000000000000000000, 0.000000000000000000, 0.000000000000000000 ) ) ;
#4142 = EDGE_CURVE ( 'NONE', #8809, #1478, #8870, .T. ) ;
#4143 = AXIS2_PLACEMENT_3D ( 'NONE', #6990, #3505, #5657 ) ;
#4144 = ADVANCED_FACE ( 'NONE', ( #2435 ), #8915, .F. ) ;
#4145 = B_SPLINE_CURVE_WITH_KNOTS ( 'NONE', 3,
 ( #7195, #1582, #5762, #6593, #6544, #8572, #8616, #200, #8699, #5166, #2408, #8755, #1718, #5212, #4525, #8070 ),
 .UNSPECIFIED., .F., .F.,
 ( 4, 2, 2, 2, 2, 2, 2, 4 ),
 ( 4.818711198530449181E-07, 0.0008765200830274336597, 0.001314539188981227137, 0.001752558294935020614, 0.002190577400888813874, 0.002628596506842607351, 0.003066615612796400828, 0.003504634718750194305 ),
 .UNSPECIFIED. ) ;
#4146 = DIRECTION ( 'NONE',  ( -0.000000000000000000, -0.000000000000000000, 1.000000000000000000 ) ) ;
#4147 = DIRECTION ( 'NONE',  ( -0.000000000000000000, -0.000000000000000000, 1.000000000000000000 ) ) ;
#4148 = ORIENTED_EDGE ( 'NONE', *, *, #1757, .T. ) ;
#4149 = CARTESIAN_POINT ( 'NONE',  ( 3.671958834454343013, -1.328041165545656987, -98.24999999999998579 ) ) ;
#4150 = CARTESIAN_POINT ( 'NONE',  ( 4.935956332719894313, -0.06404366728010570109, -45.27440186598522587 ) ) ;
#4151 = FACE_OUTER_BOUND ( 'NONE', #6774, .T. ) ;
#4152 = ORIENTED_EDGE ( 'NONE', *, *, #8640, .T. ) ;
#4153 = B_SPLINE_CURVE_WITH_KNOTS ( 'NONE', 3,
 ( #2008, #1963, #4769, #7580, #8993, #2701, #5502, #8314, #4815, #3661, #4347, #6459 ),
 .UNSPECIFIED., .F., .F.,
 ( 4, 2, 2, 2, 2, 4 ),
 ( 0.003504634718750183030, 0.003941423334025067476, 0.004378211949299951056, 0.005251789179849720816, 0.006125366410399489710, 0.006998943640949258603 ),
 .UNSPECIFIED. ) ;
#4154 = EDGE_CURVE ( 'NONE', #7762, #8569, #1411, .T. ) ;
#4155 = DIRECTION ( 'NONE',  ( -0.000000000000000000, -0.000000000000000000, 1.000000000000000000 ) ) ;
#4156 = DIRECTION ( 'NONE',  ( -0.000000000000000000, -0.000000000000000000, 1.000000000000000000 ) ) ;
#4157 = CARTESIAN_POINT ( 'NONE',  ( 0.4970895171227267539, -4.502910482877270582, -3.886092419263466713 ) ) ;
#4158 = CARTESIAN_POINT ( 'NONE',  ( 0.000000000000000000, 0.000000000000000000, -90.00000000000000000 ) ) ;
#4159 = VERTEX_POINT ( 'NONE', #3814 ) ;
#4160 = CARTESIAN_POINT ( 'NONE',  ( 3.904737509655567873, 0.000000000000000000, -109.2499999999999858 ) ) ;
#4161 = ORIENTED_EDGE ( 'NONE', *, *, #8515, .F. ) ;
#4162 = CARTESIAN_POINT ( 'NONE',  ( -1.137203174284266538, -3.862796825715733906, -114.6289988371164839 ) ) ;
#4163 = CARTESIAN_POINT ( 'NONE',  ( -1.061544041146451900E-15, -5.000000000000000888, -24.14684353044863130 ) ) ;
#4164 = CARTESIAN_POINT ( 'NONE',  ( -4.935408751172076336, -0.06459124882792278977, -96.22834765084402875 ) ) ;
#4165 = AXIS2_PLACEMENT_3D ( 'NONE', #8155, #1765, #1024 ) ;
#4166 = CARTESIAN_POINT ( 'NONE',  ( 0.2517800035594076058, -4.748219996440592894, -80.40883637235553749 ) ) ;
#4167 = CARTESIAN_POINT ( 'NONE',  ( 0.1676550930162432895, -4.832344906983756516, -105.3545380625737380 ) ) ;
#4168 = CARTESIAN_POINT ( 'NONE',  ( -0.9582157396373111036, -4.041784260362688563, -81.47622534969818275 ) ) ;
#4169 = CARTESIAN_POINT ( 'NONE',  ( 4.991698401481079905, -0.008301598518919086830, -90.29625362935772159 ) ) ;
#4170 = ORIENTED_EDGE ( 'NONE', *, *, #456, .T. ) ;
#4171 = ORIENTED_EDGE ( 'NONE', *, *, #1339, .T. ) ;
#4172 = EDGE_CURVE ( 'NONE', #7170, #393, #5234, .T. ) ;
#4173 = VECTOR ( 'NONE', #8228, 1000.000000000000000 ) ;
#4174 = DIRECTION ( 'NONE',  ( -0.000000000000000000, -0.000000000000000000, 1.000000000000000000 ) ) ;
#4175 = CARTESIAN_POINT ( 'NONE',  ( 4.991698401481086123, -0.008301598518914900943, -51.79625362935774291 ) ) ;
#4176 = CARTESIAN_POINT ( 'NONE',  ( -4.966947320427848922, -0.03305267957215207719, -2.589458457562409333 ) ) ;
#4177 = CARTESIAN_POINT ( 'NONE',  ( 4.508466212578269072, -0.4915337874217309277, -115.6062351930679313 ) ) ;
#4178 = ORIENTED_EDGE ( 'NONE', *, *, #7412, .F. ) ;
#4179 = CIRCLE ( 'NONE', #1099, 4.000000000000000000 ) ;
#4180 = DIRECTION ( 'NONE',  ( 1.000000000000000000, 0.000000000000000000, 0.000000000000000000 ) ) ;
#4181 = EDGE_CURVE ( 'NONE', #453, #73, #7299, .T. ) ;
#4182 = CIRCLE ( 'NONE', #5211, 1.000000000000000000 ) ;
#4183 = CIRCLE ( 'NONE', #955, 1.999999999999988010 ) ;
#4184 = CARTESIAN_POINT ( 'NONE',  ( 0.000000000000000000, -5.000000000000000000, -51.49999999997221067 ) ) ;
#4185 = CARTESIAN_POINT ( 'NONE',  ( -1.020332500130741171E-12, -5.000000000001020517, -51.64684353042216003 ) ) ;
#4186 = DIRECTION ( 'NONE',  ( -1.000000000000000000, 1.224646799147353207E-16, 0.000000000000000000 ) ) ;
#4187 = VERTEX_POINT ( 'NONE', #272 ) ;
#4188 = CARTESIAN_POINT ( 'NONE',  ( -4.041784260359805536, -0.9582157396401937977, -32.52377465029932324 ) ) ;
#4189 = CIRCLE ( 'NONE', #1254, 1.000000000000000000 ) ;
#4190 = CARTESIAN_POINT ( 'NONE',  ( 0.000000000000000000, 0.000000000000000000, -11.00000000000000000 ) ) ;
#4191 = ORIENTED_EDGE ( 'NONE', *, *, #1789, .F. ) ;
#4192 = EDGE_CURVE ( 'NONE', #1988, #6158, #7438, .T. ) ;
#4193 = AXIS2_PLACEMENT_3D ( 'NONE', #6946, #4277, #6255 ) ;
#4194 = CIRCLE ( 'NONE', #668, 3.904737509655567873 ) ;
#4195 = DIRECTION ( 'NONE',  ( 1.000000000000000000, 0.000000000000000000, 0.000000000000000000 ) ) ;
#4196 = DIRECTION ( 'NONE',  ( 1.224646799147353207E-16, 1.000000000000000000, 0.000000000000000000 ) ) ;
#4197 = DIRECTION ( 'NONE',  ( 0.000000000000000000, -1.000000000000000000, 0.000000000000000000 ) ) ;
#4198 = CARTESIAN_POINT ( 'NONE',  ( -5.000000000000008882, 8.403731507065130871E-15, -18.35315646955162450 ) ) ;
#4199 = VERTEX_POINT ( 'NONE', #6615 ) ;
#4200 = CARTESIAN_POINT ( 'NONE',  ( 0.000000000000000000, -5.000000000000000000, -73.50000000000001421 ) ) ;
#4201 = VERTEX_POINT ( 'NONE', #311 ) ;
#4202 = CARTESIAN_POINT ( 'NONE',  ( 4.872131520502830604, -0.1278684794971703953, -41.50740203054003530 ) ) ;
#4203 = DIRECTION ( 'NONE',  ( -0.000000000000000000, -0.000000000000000000, 1.000000000000000000 ) ) ;
#4204 = DIRECTION ( 'NONE',  ( 1.000000000000000000, 0.000000000000000000, 0.000000000000000000 ) ) ;
#4205 = CARTESIAN_POINT ( 'NONE',  ( 4.359865889258244920, -0.6401341107417566345, -86.60125045371350438 ) ) ;
#4206 = CARTESIAN_POINT ( 'NONE',  ( 4.960065625082965113, -0.03993437491703458880, -61.91868978647572419 ) ) ;
#4207 = DIRECTION ( 'NONE',  ( 1.000000000000000000, 0.000000000000000000, 0.000000000000000000 ) ) ;
#4208 = ORIENTED_EDGE ( 'NONE', *, *, #8332, .T. ) ;
#4209 = CARTESIAN_POINT ( 'NONE',  ( 5.000000000000285993, 2.862826807771588442E-13, -57.00000000000020606 ) ) ;
#4210 = ORIENTED_EDGE ( 'NONE', *, *, #7273, .F. ) ;
#4211 = DIRECTION ( 'NONE',  ( 1.000000000000000000, 0.000000000000000000, 0.000000000000000000 ) ) ;
#4212 = DIRECTION ( 'NONE',  ( -0.000000000000000000, -0.000000000000000000, 1.000000000000000000 ) ) ;
#4213 = AXIS2_PLACEMENT_3D ( 'NONE', #1487, #3021, #5680 ) ;
#4214 = AXIS2_PLACEMENT_3D ( 'NONE', #6018, #5145, #1747 ) ;
#4215 = CARTESIAN_POINT ( 'NONE',  ( -4.502552532152133580, -0.4974474678478660872, -42.38672757692826565 ) ) ;
#4216 = CARTESIAN_POINT ( 'NONE',  ( 0.000000000000000000, 0.000000000000000000, -51.50000000000000711 ) ) ;
#4217 = AXIS2_PLACEMENT_3D ( 'NONE', #2171, #4882, #4195 ) ;
#4218 = DIRECTION ( 'NONE',  ( 1.224646799147353207E-16, 1.000000000000000000, 0.000000000000000000 ) ) ;
#4219 = CARTESIAN_POINT ( 'NONE',  ( -5.000000000000000000, 0.000000000000000000, -2.000000000000000000 ) ) ;
#4220 = EDGE_CURVE ( 'NONE', #6079, #1323, #8339, .T. ) ;
#4221 = CARTESIAN_POINT ( 'NONE',  ( 0.4974474678531436433, -4.502552532146856912, -33.11327242306310126 ) ) ;
#4222 = ORIENTED_EDGE ( 'NONE', *, *, #8265, .F. ) ;
#4223 = DATE_AND_TIME ( #8547, #1556 ) ;
#4224 = TOROIDAL_SURFACE ( 'NONE', #563, 1.000000000000000000, 4.000000000000000000 ) ;
#4225 = AXIS2_PLACEMENT_3D ( 'NONE', #5704, #6252, #4211 ) ;
#4226 = CYLINDRICAL_SURFACE ( 'NONE', #8626, 0.9999999999999995559 ) ;
#4227 = DIRECTION ( 'NONE',  ( 0.000000000000000000, -1.000000000000000000, 0.000000000000000000 ) ) ;
#4228 = EDGE_CURVE ( 'NONE', #7417, #60, #2903, .T. ) ;
#4229 = FACE_OUTER_BOUND ( 'NONE', #4261, .T. ) ;
#4230 = AXIS2_PLACEMENT_3D ( 'NONE', #6643, #338, #3147 ) ;
#4231 = ORIENTED_EDGE ( 'NONE', *, *, #8354, .F. ) ;
#4232 = DIRECTION ( 'NONE',  ( 1.000000000000000000, 0.000000000000000000, 0.000000000000000000 ) ) ;
#4233 = CARTESIAN_POINT ( 'NONE',  ( -4.686141179201310791, -0.3138588207986893752, -80.53467868775797456 ) ) ;
#4234 = CARTESIAN_POINT ( 'NONE',  ( -0.03993437491706839509, -4.960065625082931362, -118.0813102135245174 ) ) ;
#4235 = CIRCLE ( 'NONE', #5117, 0.9999999999999993339 ) ;
#4236 = CARTESIAN_POINT ( 'NONE',  ( 3.862796825714234661, -1.137203174285766671, -109.3710011628825640 ) ) ;
#4237 = CC_DESIGN_PERSON_AND_ORGANIZATION_ASSIGNMENT ( #2291, #6472, ( #2788 ) ) ;
#4238 = DIRECTION ( 'NONE',  ( 0.000000000000000000, 0.000000000000000000, -1.000000000000000000 ) ) ;
#4239 = TOROIDAL_SURFACE ( 'NONE', #9076, 1.000000000000000000, 4.000000000000001776 ) ;
#4240 = CARTESIAN_POINT ( 'NONE',  ( 1.328041165545665425, -3.671958834454334575, -59.75000000000000000 ) ) ;
#4241 = DIRECTION ( 'NONE',  ( 1.224646799147353207E-16, 1.000000000000000000, 0.000000000000000000 ) ) ;
#4242 = EDGE_CURVE ( 'NONE', #9048, #8067, #5464, .T. ) ;
#4243 = CARTESIAN_POINT ( 'NONE',  ( 0.4915337874163243637, -4.508466212583674526, -31.39376480692349958 ) ) ;
#4244 = CARTESIAN_POINT ( 'NONE',  ( -4.840676868219848217, -0.1593231317801527824, -17.35321941568363258 ) ) ;
#4245 = DIRECTION ( 'NONE',  ( 1.000000000000000000, 0.000000000000000000, 0.000000000000000000 ) ) ;
#4246 = ORIENTED_EDGE ( 'NONE', *, *, #1541, .T. ) ;
#4247 = CARTESIAN_POINT ( 'NONE',  ( 0.000000000000000000, 0.000000000000000000, -54.99999999999999289 ) ) ;
#4248 = ORIENTED_EDGE ( 'NONE', *, *, #2979, .T. ) ;
#4249 = CARTESIAN_POINT ( 'NONE',  ( 4.282386290039720045, -0.7176137099602802882, -42.70222873041525702 ) ) ;
#4250 = CARTESIAN_POINT ( 'NONE',  ( -0.04063066961830674034, -4.959369330381694141, -83.91386551652202286 ) ) ;
#4251 = DIRECTION ( 'NONE',  ( -0.000000000000000000, -0.000000000000000000, 1.000000000000000000 ) ) ;
#4252 = EDGE_CURVE ( 'NONE', #8900, #167, #1140, .T. ) ;
#4253 = ADVANCED_FACE ( 'NONE', ( #4134 ), #4082, .T. ) ;
#4254 = B_SPLINE_CURVE_WITH_KNOTS ( 'NONE', 3,
 ( #3099, #7931, #5893, #1625, #6295, #3285, #3240, #9093, #4873, #3499, #3935, #2767, #4614, #4833, #479, #4184 ),
 .UNSPECIFIED., .F., .F.,
 ( 4, 2, 2, 2, 2, 2, 2, 4 ),
 ( 4.818711198557174130E-07, 0.0008765200830206158712, 0.001314539188970996171, 0.001752558294921376146, 0.002190577400871755905, 0.002628596506822136313, 0.003066615612772516288, 0.003504634718722896263 ),
 .UNSPECIFIED. ) ;
#4255 = CARTESIAN_POINT ( 'NONE',  ( 4.739198801701949293, -0.2608011982980512622, -85.90923771779448259 ) ) ;
#4256 = CARTESIAN_POINT ( 'NONE',  ( -0.9599107665869267558, -4.040089233413073799, -10.52236572063979736 ) ) ;
#4257 = CARTESIAN_POINT ( 'NONE',  ( 0.000000000000000000, -5.000000000000000000, -73.50000000000001421 ) ) ;
#4258 = CARTESIAN_POINT ( 'NONE',  ( 0.000000000000000000, 0.000000000000000000, -65.24999999999998579 ) ) ;
#4259 = EDGE_LOOP ( 'NONE', ( #3325, #2068, #4389 ) ) ;
#4260 = DIRECTION ( 'NONE',  ( 1.000000000000000000, 0.000000000000000000, 0.000000000000000000 ) ) ;
#4261 = EDGE_LOOP ( 'NONE', ( #9004, #2357, #8765, #1742, #7220, #5860 ) ) ;
#4262 = FACE_OUTER_BOUND ( 'NONE', #8362, .T. ) ;
#4263 = FACE_OUTER_BOUND ( 'NONE', #2343, .T. ) ;
#4264 = CARTESIAN_POINT ( 'NONE',  ( 0.1676550930162090114, -4.832344906983791155, -94.35453806257386589 ) ) ;
#4265 = EDGE_CURVE ( 'NONE', #5449, #6869, #5673, .T. ) ;
#4266 = DIRECTION ( 'NONE',  ( 1.000000000000000000, 0.000000000000000000, 0.000000000000000000 ) ) ;
#4267 = DIRECTION ( 'NONE',  ( 1.000000000000000000, 0.000000000000000000, 0.000000000000000000 ) ) ;
#4268 = FACE_OUTER_BOUND ( 'NONE', #2500, .T. ) ;
#4269 = ORIENTED_EDGE ( 'NONE', *, *, #1346, .T. ) ;
#4270 = DATE_AND_TIME ( #7068, #4660 ) ;
#4271 = ORIENTED_EDGE ( 'NONE', *, *, #2452, .F. ) ;
#4272 = B_SPLINE_CURVE_WITH_KNOTS ( 'NONE', 3,
 ( #1272, #6232, #8994, #4206, #4090, #9035, #2661, #5503, #6318, #8315, #6928, #1312 ),
 .UNSPECIFIED., .F., .F.,
 ( 4, 2, 2, 2, 2, 4 ),
 ( 0.003504634718750179560, 0.003941423334025064874, 0.004378211949299950188, 0.005251789179849721684, 0.006125366410399492312, 0.006998943640949262940 ),
 .UNSPECIFIED. ) ;
#4273 = CARTESIAN_POINT ( 'NONE',  ( -3.862796825714239546, -1.137203174285761786, -87.37100116288260665 ) ) ;
#4274 = DIRECTION ( 'NONE',  ( 1.000000000000000000, 0.000000000000000000, 0.000000000000000000 ) ) ;
#4275 = CYLINDRICAL_SURFACE ( 'NONE', #2717, 0.9999999999999986677 ) ;
#4276 = ORIENTED_EDGE ( 'NONE', *, *, #8561, .F. ) ;
#4277 = DIRECTION ( 'NONE',  ( 0.000000000000000000, -1.000000000000000000, 0.000000000000000000 ) ) ;
#4278 = CARTESIAN_POINT ( 'NONE',  ( 4.748219996434699830, -0.2517800035652998925, -44.59116362763014507 ) ) ;
#4279 = CARTESIAN_POINT ( 'NONE',  ( 1.033943472560162244E-12, -4.999999999998966160, -89.85274279208600490 ) ) ;
#4280 = CARTESIAN_POINT ( 'NONE',  ( -0.2517800035653544044, -4.748219996434644763, -58.40883637236998993 ) ) ;
#4281 = CARTESIAN_POINT ( 'NONE',  ( -0.4974474678531847216, -4.502552532146815167, -104.6132724230630231 ) ) ;
#4282 = B_SPLINE_CURVE_WITH_KNOTS ( 'NONE', 3,
 ( #6360, #852, #2882, #4296, #7885, #7098, #799, #3660, #6458, #5764, #7198, #8574, #2790, #3884 ),
 .UNSPECIFIED., .F., .F.,
 ( 4, 2, 2, 2, 2, 2, 4 ),
 ( 1.970071025867751503E-07, 0.0008756576440557108446, 0.001313387962532292430, 0.001751118281008874232, 0.002188848599485455817, 0.002626578917962037619, 0.003502039554915174768 ),
 .UNSPECIFIED. ) ;
#4283 = EDGE_CURVE ( 'NONE', #9048, #7077, #978, .T. ) ;
#4284 = TOROIDAL_SURFACE ( 'NONE', #314, 1.000000000000000000, 3.999999999999996447 ) ;
#4285 = CARTESIAN_POINT ( 'NONE',  ( -5.000000000000281553, 2.811725620256466210E-13, -106.5000000000001990 ) ) ;
#4286 = DIRECTION ( 'NONE',  ( 0.000000000000000000, 0.000000000000000000, -1.000000000000000000 ) ) ;
#4287 = DIRECTION ( 'NONE',  ( 1.000000000000000000, 0.000000000000000000, 0.000000000000000000 ) ) ;
#4288 = CARTESIAN_POINT ( 'NONE',  ( 0.000000000000000000, 0.000000000000000000, -109.2499999999999858 ) ) ;
#4289 = CIRCLE ( 'NONE', #6793, 3.999999999999989786 ) ;
#4290 = ORIENTED_EDGE ( 'NONE', *, *, #4755, .F. ) ;
#4291 = CARTESIAN_POINT ( 'NONE',  ( -4.832344906989094468, -0.1676550930109067528, -91.14546193740919477 ) ) ;
#4292 = ORIENTED_EDGE ( 'NONE', *, *, #6933, .F. ) ;
#4293 = ADVANCED_FACE ( 'NONE', ( #6240 ), #100, .T. ) ;
#4294 = CARTESIAN_POINT ( 'NONE',  ( -5.000000000000008882, 9.186072312972884022E-15, -40.35315646955162094 ) ) ;
#4295 = CARTESIAN_POINT ( 'NONE',  ( -1.137203174284270757, -3.862796825715730353, -37.62899883711651228 ) ) ;
#4296 = CARTESIAN_POINT ( 'NONE',  ( 4.872698163711064900, -0.1273018362889369592, -121.9946127906161166 ) ) ;
#4297 = DIRECTION ( 'NONE',  ( -0.000000000000000000, -0.000000000000000000, 1.000000000000000000 ) ) ;
#4298 = DIRECTION ( 'NONE',  ( 1.000000000000000000, 0.000000000000000000, 0.000000000000000000 ) ) ;
#4299 = CARTESIAN_POINT ( 'NONE',  ( -1.034155654313455908E-12, -4.999999999998965272, -78.85274279208600490 ) ) ;
#4300 = CARTESIAN_POINT ( 'NONE',  ( 5.000000000000285105, 2.855686632286915929E-13, -35.00000000000021316 ) ) ;
#4301 = ORIENTED_EDGE ( 'NONE', *, *, #4392, .F. ) ;
#4302 = CARTESIAN_POINT ( 'NONE',  ( -1.328041165545656987, -3.671958834454343013, -87.25000000000000000 ) ) ;
#4303 = ORIENTED_EDGE ( 'NONE', *, *, #3873, .F. ) ;
#4304 = EDGE_CURVE ( 'NONE', #6857, #3842, #6668, .T. ) ;
#4305 = CIRCLE ( 'NONE', #340, 4.000000000000000000 ) ;
#4306 = DIRECTION ( 'NONE',  ( -0.000000000000000000, -0.000000000000000000, 1.000000000000000000 ) ) ;
#4307 = CARTESIAN_POINT ( 'NONE',  ( 0.000000000000000000, 0.000000000000000000, -10.25000000000000178 ) ) ;
#4308 = CARTESIAN_POINT ( 'NONE',  ( -0.6401341107464958435, -4.359865889253503823, -109.8987495462800865 ) ) ;
#4309 = FACE_OUTER_BOUND ( 'NONE', #954, .T. ) ;
#4310 = CARTESIAN_POINT ( 'NONE',  ( 0.06404366728014411481, -4.935956332719856121, -19.22559813401497664 ) ) ;
#4311 = CYLINDRICAL_SURFACE ( 'NONE', #1388, 0.9999999999999995559 ) ;
#4312 = ORIENTED_EDGE ( 'NONE', *, *, #2870, .F. ) ;
#4313 = CALENDAR_DATE ( 2026, 24, 2 ) ;
#4314 = EDGE_LOOP ( 'NONE', ( #5340, #2980, #3570, #2331, #2524, #2039 ) ) ;
#4315 = CIRCLE ( 'NONE', #784, 4.000000000000003553 ) ;
#4316 = TOROIDAL_SURFACE ( 'NONE', #7699, 1.000000000000000000, 4.000000000000000000 ) ;
#4317 = ADVANCED_FACE ( 'NONE', ( #9000 ), #5242, .F. ) ;
#4318 = EDGE_CURVE ( 'NONE', #7060, #1165, #7602, .T. ) ;
#4319 = DIRECTION ( 'NONE',  ( -0.000000000000000000, -0.000000000000000000, 1.000000000000000000 ) ) ;
#4320 = AXIS2_PLACEMENT_3D ( 'NONE', #9087, #4212, #5730 ) ;
#4321 = CARTESIAN_POINT ( 'NONE',  ( 4.991698401481079905, -0.008301598518919086830, -73.79625362935772159 ) ) ;
#4322 = DIRECTION ( 'NONE',  ( 1.224646799147353207E-16, 1.000000000000000000, 0.000000000000000000 ) ) ;
#4323 = ORIENTED_EDGE ( 'NONE', *, *, #2735, .F. ) ;
#4324 = CARTESIAN_POINT ( 'NONE',  ( 0.4321793203679948348, -4.567820679632005110, -115.7265737627697320 ) ) ;
#4325 = CARTESIAN_POINT ( 'NONE',  ( -4.282386290039718268, -0.7176137099602820646, -81.20222873041525702 ) ) ;
#4326 = CARTESIAN_POINT ( 'NONE',  ( -4.991698401481085234, -0.008301598518915794325, -29.79625362935772870 ) ) ;
#4327 = CARTESIAN_POINT ( 'NONE',  ( 0.000000000000000000, 0.000000000000000000, -122.9999999999999858 ) ) ;
#4328 = VECTOR ( 'NONE', #6666, 1000.000000000000000 ) ;
#4329 = CARTESIAN_POINT ( 'NONE',  ( 0.2517800035594497943, -4.748219996440550261, -102.4088363723556228 ) ) ;
#4330 = TOROIDAL_SURFACE ( 'NONE', #1531, 1.000000000000000000, 4.000000000000000000 ) ;
#4331 = AXIS2_PLACEMENT_3D ( 'NONE', #8777, #7394, #2427 ) ;
#4332 = DIRECTION ( 'NONE',  ( 1.000000000000000000, 0.000000000000000000, 0.000000000000000000 ) ) ;
#4333 = CARTESIAN_POINT ( 'NONE',  ( -1.000000000000000000, 1.224646799147353207E-16, -95.50000000000000000 ) ) ;
#4334 = ORIENTED_EDGE ( 'NONE', *, *, #8064, .F. ) ;
#4335 = B_SPLINE_CURVE_WITH_KNOTS ( 'NONE', 3,
 ( #1186, #4037, #4727, #4128, #587, #6927, #4166, #6231, #625, #9034, #3476, #6965 ),
 .UNSPECIFIED., .F., .F.,
 ( 4, 2, 2, 2, 2, 4 ),
 ( 0.003504634718722721056, 0.003941423334001042424, 0.004378211949279363358, 0.005251789179836006093, 0.006125366410392648828, 0.006998943640949292430 ),
 .UNSPECIFIED. ) ;
#4336 = FACE_OUTER_BOUND ( 'NONE', #2583, .T. ) ;
#4337 = CARTESIAN_POINT ( 'NONE',  ( 0.000000000000000000, 0.000000000000000000, -71.50000000000001421 ) ) ;
#4338 = EDGE_CURVE ( 'NONE', #7515, #7245, #6416, .T. ) ;
#4339 = CIRCLE ( 'NONE', #371, 1.000000000000000000 ) ;
#4340 = EDGE_LOOP ( 'NONE', ( #7993, #6930, #6197 ) ) ;
#4341 = CARTESIAN_POINT ( 'NONE',  ( -4.991698401481084346, -0.008301598518916014635, -13.29625362935772159 ) ) ;
#4342 = ORIENTED_EDGE ( 'NONE', *, *, #6491, .F. ) ;
#4343 = AXIS2_PLACEMENT_3D ( 'NONE', #1564, #5794, #7822 ) ;
#4344 = AXIS2_PLACEMENT_3D ( 'NONE', #1544, #6420, #1493 ) ;
#4345 = CARTESIAN_POINT ( 'NONE',  ( -0.06404366727607974097, -4.935956332723921314, -112.7255981339934436 ) ) ;
#4346 = DIRECTION ( 'NONE',  ( 0.000000000000000000, 0.000000000000000000, -1.000000000000000000 ) ) ;
#4347 = CARTESIAN_POINT ( 'NONE',  ( 3.862796825714234661, -1.137203174285766671, -81.87100116288257823 ) ) ;
#4348 = CARTESIAN_POINT ( 'NONE',  ( 0.000000000000000000, -5.000000000000000000, -78.99999999997200462 ) ) ;
#4349 = AXIS2_PLACEMENT_3D ( 'NONE', #987, #1630, #3798 ) ;
#4350 = CARTESIAN_POINT ( 'NONE',  ( 0.9999999999999995559, 0.000000000000000000, 0.000000000000000000 ) ) ;
#4351 = EDGE_CURVE ( 'NONE', #4114, #5494, #6722, .T. ) ;
#4352 = CARTESIAN_POINT ( 'NONE',  ( 0.9999999999999993339, 0.000000000000000000, -14.99999999999999822 ) ) ;
#4353 = ORIENTED_EDGE ( 'NONE', *, *, #359, .F. ) ;
#4354 = CARTESIAN_POINT ( 'NONE',  ( 1.137203174285779994, -3.862796825714220450, -26.62899883711746085 ) ) ;
#4355 = EDGE_LOOP ( 'NONE', ( #288, #5219, #3239 ) ) ;
#4356 = TOROIDAL_SURFACE ( 'NONE', #385, 1.000000000000000000, 3.999999999999996447 ) ;
#4357 = ADVANCED_FACE ( 'NONE', ( #6111 ), #5976, .T. ) ;
#4358 = CARTESIAN_POINT ( 'NONE',  ( -4.832344906989096245, -0.1676550930109028115, -41.64546193740918767 ) ) ;
#4359 = CARTESIAN_POINT ( 'NONE',  ( 0.000000000000000000, 0.000000000000000000, -113.9999999999999858 ) ) ;
#4360 = FACE_OUTER_BOUND ( 'NONE', #6945, .T. ) ;
#4361 = CARTESIAN_POINT ( 'NONE',  ( 0.000000000000000000, -5.000000000000000000, -18.50000000000000355 ) ) ;
#4362 = EDGE_CURVE ( 'NONE', #8855, #167, #5539, .T. ) ;
#4363 = DIRECTION ( 'NONE',  ( -0.000000000000000000, -0.000000000000000000, 1.000000000000000000 ) ) ;
#4364 = ORIENTED_EDGE ( 'NONE', *, *, #2965, .F. ) ;
#4365 = PERSON_AND_ORGANIZATION_ROLE ( 'creator' ) ;
#4366 = ORIENTED_EDGE ( 'NONE', *, *, #6160, .F. ) ;
#4367 = CIRCLE ( 'NONE', #3193, 1.000000000000000000 ) ;
#4368 = AXIS2_PLACEMENT_3D ( 'NONE', #3121, #5915, #4548 ) ;
#4369 = CIRCLE ( 'NONE', #7896, 4.000000000000000000 ) ;
#4370 = CARTESIAN_POINT ( 'NONE',  ( -4.991698401481079905, -0.008301598518919178771, -117.7962536293577074 ) ) ;
#4371 = FACE_OUTER_BOUND ( 'NONE', #559, .T. ) ;
#4372 = DIRECTION ( 'NONE',  ( -0.000000000000000000, -0.000000000000000000, 1.000000000000000000 ) ) ;
#4373 = ORIENTED_EDGE ( 'NONE', *, *, #7797, .F. ) ;
#4374 = CARTESIAN_POINT ( 'NONE',  ( 0.000000000000000000, 0.000000000000000000, -48.75000000000000000 ) ) ;
#4375 = CARTESIAN_POINT ( 'NONE',  ( 0.2608011982979981935, -4.739198801702002584, -22.59076228220567728 ) ) ;
#4376 = CIRCLE ( 'NONE', #2914, 0.9999999999999993339 ) ;
#4377 = DIRECTION ( 'NONE',  ( -0.000000000000000000, -0.000000000000000000, 1.000000000000000000 ) ) ;
#4378 = AXIS2_PLACEMENT_3D ( 'NONE', #726, #4864, #4779 ) ;
#4379 = CARTESIAN_POINT ( 'NONE',  ( -0.06404366728014139476, -4.935956332719859674, -57.72559813401495887 ) ) ;
#4380 = CIRCLE ( 'NONE', #3053, 3.904737509655565209 ) ;
#4381 = EDGE_LOOP ( 'NONE', ( #6958, #4093, #3194 ) ) ;
#4382 = CARTESIAN_POINT ( 'NONE',  ( 0.000000000000000000, 0.000000000000000000, 0.000000000000000000 ) ) ;
#4383 = CIRCLE ( 'NONE', #3061, 1.000000000000000000 ) ;
#4384 = CARTESIAN_POINT ( 'NONE',  ( 5.000000000000281553, 2.809514862196180954E-13, -90.00000000000019895 ) ) ;
#4385 = CARTESIAN_POINT ( 'NONE',  ( 4.991957775357462879, -0.008042224642537411025, -29.20753412542732264 ) ) ;
#4386 = ADVANCED_FACE ( 'NONE', ( #4905 ), #3933, .T. ) ;
#4387 = DIRECTION ( 'NONE',  ( 1.224646799147353207E-16, 1.000000000000000000, 0.000000000000000000 ) ) ;
#4388 = DIRECTION ( 'NONE',  ( -0.000000000000000000, -0.000000000000000000, 1.000000000000000000 ) ) ;
#4389 = ORIENTED_EDGE ( 'NONE', *, *, #853, .T. ) ;
#4390 = CARTESIAN_POINT ( 'NONE',  ( -1.328041165545663649, -3.671958834454336351, -10.25000000000000178 ) ) ;
#4391 = VERTEX_POINT ( 'NONE', #30 ) ;
#4392 = EDGE_CURVE ( 'NONE', #2320, #6769, #5100, .T. ) ;
#4393 = CARTESIAN_POINT ( 'NONE',  ( 0.06404366728014346255, -4.935956332719857897, -13.72559813401497308 ) ) ;
#4394 = CARTESIAN_POINT ( 'NONE',  ( -1.000000000000000000, 1.224646799147353207E-16, -112.0000000000000000 ) ) ;
#4395 = DIRECTION ( 'NONE',  ( 0.7071067811865474617, 0.7071067811865474617, 0.000000000000000000 ) ) ;
#4396 = FACE_OUTER_BOUND ( 'NONE', #4807, .T. ) ;
#4397 = CYLINDRICAL_SURFACE ( 'NONE', #8877, 0.9999999999999995559 ) ;
#4398 = CARTESIAN_POINT ( 'NONE',  ( 0.008301598518901437754, -4.991698401481100333, -73.20374637064251999 ) ) ;
#4399 = CARTESIAN_POINT ( 'NONE',  ( -4.935956332719889872, -0.06404366728011053056, -116.7744018659852117 ) ) ;
#4400 = ORIENTED_EDGE ( 'NONE', *, *, #8661, .F. ) ;
#4401 = CARTESIAN_POINT ( 'NONE',  ( 0.2517800035653570689, -4.748219996434642098, -25.40883637236998283 ) ) ;
#4402 = ORIENTED_EDGE ( 'NONE', *, *, #7216, .T. ) ;
#4403 = EDGE_CURVE ( 'NONE', #3417, #5441, #256, .T. ) ;
#4404 = CARTESIAN_POINT ( 'NONE',  ( 4.840676868219848217, -0.1593231317801527824, -17.35321941568363258 ) ) ;
#4405 = DIRECTION ( 'NONE',  ( 1.000000000000000000, 0.000000000000000000, 0.000000000000000000 ) ) ;
#4406 = CARTESIAN_POINT ( 'NONE',  ( 0.4321793203734998756, -4.567820679626500180, -93.72657376275982699 ) ) ;
#4407 = CARTESIAN_POINT ( 'NONE',  ( -1.000000000000000000, 1.224646799147353207E-16, -24.00000000000000355 ) ) ;
#4408 = CARTESIAN_POINT ( 'NONE',  ( 0.06404366727605249887, -4.935956332723947071, -90.72559813399330153 ) ) ;
#4409 = ORIENTED_EDGE ( 'NONE', *, *, #6455, .T. ) ;
#4410 = MECHANICAL_CONTEXT ( 'NONE', #1924, 'mechanical' ) ;
#4411 = ORIENTED_EDGE ( 'NONE', *, *, #849, .F. ) ;
#4412 = ADVANCED_FACE ( 'NONE', ( #3531 ), #5830, .T. ) ;
#4413 = DIRECTION ( 'NONE',  ( -0.000000000000000000, -0.000000000000000000, 1.000000000000000000 ) ) ;
#4414 = CARTESIAN_POINT ( 'NONE',  ( -5.000000000000281553, 2.811725620256466210E-13, -84.50000000000021316 ) ) ;
#4415 = CARTESIAN_POINT ( 'NONE',  ( 0.000000000000000000, 0.000000000000000000, 0.000000000000000000 ) ) ;
#4416 = ORIENTED_EDGE ( 'NONE', *, *, #3690, .F. ) ;
#4417 = FACE_OUTER_BOUND ( 'NONE', #1237, .T. ) ;
#4418 = DIRECTION ( 'NONE',  ( 1.000000000000000000, 0.000000000000000000, 0.000000000000000000 ) ) ;
#4419 = CARTESIAN_POINT ( 'NONE',  ( 0.000000000000000000, 0.000000000000000000, -76.25000000000000000 ) ) ;
#4420 = CARTESIAN_POINT ( 'NONE',  ( -0.1676550930108605120, -4.832344906989140654, -116.3545380625909758 ) ) ;
#4421 = ORIENTED_EDGE ( 'NONE', *, *, #5461, .F. ) ;
#4422 = DIRECTION ( 'NONE',  ( -1.000000000000000000, 1.224646799147353207E-16, 0.000000000000000000 ) ) ;
#4423 = EDGE_CURVE ( 'NONE', #3509, #1491, #8194, .T. ) ;
#4424 = CARTESIAN_POINT ( 'NONE',  ( -0.2517800035653530721, -4.748219996434646539, -63.90883637236996151 ) ) ;
#4425 = CYLINDRICAL_SURFACE ( 'NONE', #3608, 0.9999999999999995559 ) ;
#4426 = LINE ( 'NONE', #3734, #7070 ) ;
#4427 = ORIENTED_EDGE ( 'NONE', *, *, #6365, .F. ) ;
#4428 = CARTESIAN_POINT ( 'NONE',  ( 1.328041165545661428, -3.671958834454339016, -15.75000000000000000 ) ) ;
#4429 = VERTEX_POINT ( 'NONE', #8541 ) ;
#4430 = CIRCLE ( 'NONE', #8260, 3.904737509655562988 ) ;
#4431 = CIRCLE ( 'NONE', #2528, 0.9999999999999993339 ) ;
#4432 = EDGE_CURVE ( 'NONE', #2347, #1525, #2606, .T. ) ;
#4433 = EDGE_CURVE ( 'NONE', #4016, #3119, #61, .T. ) ;
#4434 = CARTESIAN_POINT ( 'NONE',  ( -5.000000000000284217, 2.844327595795845334E-13, -7.500000000000213163 ) ) ;
#4435 = DIRECTION ( 'NONE',  ( 1.224646799147353207E-16, 1.000000000000000000, 0.000000000000000000 ) ) ;
#4436 = CARTESIAN_POINT ( 'NONE',  ( -4.999999999999990230, -7.591956306240251341E-15, -57.14725720788722185 ) ) ;
#4437 = TOROIDAL_SURFACE ( 'NONE', #28, 1.000000000000000000, 3.999999999999996447 ) ;
#4438 = CARTESIAN_POINT ( 'NONE',  ( 0.2517800035594497943, -4.748219996440550261, -85.90883637235563697 ) ) ;
#4439 = CARTESIAN_POINT ( 'NONE',  ( 3.671958834454339016, -1.328041165545661206, -15.75000000000000000 ) ) ;
#4440 = CARTESIAN_POINT ( 'NONE',  ( 1.023923072794151746E-12, -5.000000000001025846, -106.6468435304219469 ) ) ;
#4441 = ORIENTED_EDGE ( 'NONE', *, *, #894, .T. ) ;
#4442 = CARTESIAN_POINT ( 'NONE',  ( 8.909727813931171692E-16, -5.000000000000000888, -24.14684353044863130 ) ) ;
#4443 = ORIENTED_EDGE ( 'NONE', *, *, #1471, .T. ) ;
#4444 = DIRECTION ( 'NONE',  ( 1.000000000000000000, 0.000000000000000000, 0.000000000000000000 ) ) ;
#4445 = DIRECTION ( 'NONE',  ( 1.000000000000000000, 0.000000000000000000, 0.000000000000000000 ) ) ;
#4446 = CARTESIAN_POINT ( 'NONE',  ( -4.959369330385072772, -0.04063066961492736717, -8.086134483455696298 ) ) ;
#4447 = CARTESIAN_POINT ( 'NONE',  ( 0.2608011982979971388, -4.739198801702002584, -55.59076228220565952 ) ) ;
#4448 = CARTESIAN_POINT ( 'NONE',  ( -0.9599107665869276440, -4.040089233413072023, -21.52236572063980802 ) ) ;
#4449 = ORIENTED_EDGE ( 'NONE', *, *, #7679, .F. ) ;
#4450 = COORDINATED_UNIVERSAL_TIME_OFFSET ( 3, 30, .AHEAD. ) ;
#4451 = EDGE_CURVE ( 'NONE', #1591, #7585, #6126, .T. ) ;
#4452 = ORIENTED_EDGE ( 'NONE', *, *, #1554, .F. ) ;
#4453 = CARTESIAN_POINT ( 'NONE',  ( 3.863093288486651566, -1.136906711513350210, -4.628810864376921685 ) ) ;
#4454 = VECTOR ( 'NONE', #5123, 1000.000000000000000 ) ;
#4455 = DIRECTION ( 'NONE',  ( 1.000000000000000000, 0.000000000000000000, 0.000000000000000000 ) ) ;
#4456 = ORIENTED_EDGE ( 'NONE', *, *, #639, .F. ) ;
#4457 = CARTESIAN_POINT ( 'NONE',  ( 4.959369330385070107, -0.04063066961493031620, -107.0861344834556945 ) ) ;
#4458 = CARTESIAN_POINT ( 'NONE',  ( 0.06459124882788490341, -4.935408751172116304, -23.27165234915617731 ) ) ;
#4459 = EDGE_CURVE ( 'NONE', #2876, #7417, #4950, .T. ) ;
#4460 = CARTESIAN_POINT ( 'NONE',  ( -0.3140197199590832322, -4.685980280040913826, -121.4649636717130221 ) ) ;
#4461 = VERTEX_POINT ( 'NONE', #2236 ) ;
#4462 = FACE_OUTER_BOUND ( 'NONE', #4469, .T. ) ;
#4463 = DIRECTION ( 'NONE',  ( 0.000000000000000000, 0.000000000000000000, -1.000000000000000000 ) ) ;
#4464 = CARTESIAN_POINT ( 'NONE',  ( 3.671958834454351450, -1.328041165545648550, -65.24999999999998579 ) ) ;
#4465 = CARTESIAN_POINT ( 'NONE',  ( -0.2608011983036451209, -4.739198801696356433, -99.59076228219169025 ) ) ;
#4466 = CARTESIAN_POINT ( 'NONE',  ( 0.6401341107464962876, -4.359865889253503823, -98.89874954628010073 ) ) ;
#4467 = EDGE_CURVE ( 'NONE', #7422, #956, #8470, .T. ) ;
#4468 = B_SPLINE_CURVE_WITH_KNOTS ( 'NONE', 3,
 ( #3290, #6828, #6219, #1176, #7654, #8166, #6088, #4757, #8218, #7519, #1912, #8982 ),
 .UNSPECIFIED., .F., .F.,
 ( 4, 2, 2, 2, 2, 4 ),
 ( 0.003504634718722942233, 0.003941423334001238447, 0.004378211949279535095, 0.005251789179836127523, 0.006125366410392719951, 0.006998943640949313247 ),
 .UNSPECIFIED. ) ;
#4469 = EDGE_LOOP ( 'NONE', ( #9086, #8351, #4579 ) ) ;
#4470 = FACE_OUTER_BOUND ( 'NONE', #1956, .T. ) ;
#4471 = CIRCLE ( 'NONE', #378, 1.000000000000000000 ) ;
#4472 = ORIENTED_EDGE ( 'NONE', *, *, #6812, .T. ) ;
#4473 = VECTOR ( 'NONE', #8048, 1000.000000000000000 ) ;
#4474 = CARTESIAN_POINT ( 'NONE',  ( 1.328041165545661428, -3.671958834454339016, -15.75000000000000000 ) ) ;
#4475 = AXIS2_PLACEMENT_3D ( 'NONE', #7044, #8520, #4287 ) ;
#4476 = CARTESIAN_POINT ( 'NONE',  ( -0.06404366727607974097, -4.935956332723921314, -85.22559813399345785 ) ) ;
#4477 = DIRECTION ( 'NONE',  ( 1.000000000000000000, 0.000000000000000000, 0.000000000000000000 ) ) ;
#4478 = DIRECTION ( 'NONE',  ( 1.000000000000000000, 0.000000000000000000, 0.000000000000000000 ) ) ;
#4479 = CARTESIAN_POINT ( 'NONE',  ( 1.023089380615815288E-12, -4.999999999998977707, -40.35274279208621095 ) ) ;
#4480 = CARTESIAN_POINT ( 'NONE',  ( -3.904737509655567873, 4.781924292710299495E-16, -81.74999999999998579 ) ) ;
#4481 = VERTEX_POINT ( 'NONE', #6372 ) ;
#4482 = CARTESIAN_POINT ( 'NONE',  ( 4.991957775357465543, -0.008042224642535627729, -56.70753412542730132 ) ) ;
#4483 = TOROIDAL_SURFACE ( 'NONE', #76, 1.000000000000000000, 3.999999999999996447 ) ;
#4484 = ORIENTED_EDGE ( 'NONE', *, *, #8832, .T. ) ;
#4485 = AXIS2_PLACEMENT_3D ( 'NONE', #285, #8062, #3186 ) ;
#4486 = CARTESIAN_POINT ( 'NONE',  ( -0.2608011983036405690, -4.739198801696359986, -66.59076228219167604 ) ) ;
#4487 = AXIS2_PLACEMENT_3D ( 'NONE', #2862, #3725, #4976 ) ;
#4488 = CARTESIAN_POINT ( 'NONE',  ( 5.000000000000008882, 9.118415556310946782E-15, -34.85315646955161384 ) ) ;
#4489 = CARTESIAN_POINT ( 'NONE',  ( -4.739198801701948405, -0.2608011982980509291, -8.909237717794459499 ) ) ;
#4490 = CARTESIAN_POINT ( 'NONE',  ( -5.000000000000007105, 5.905196070901760024E-15, -78.85315646955162094 ) ) ;
#4491 = CARTESIAN_POINT ( 'NONE',  ( 0.000000000000000000, 0.000000000000000000, -104.5000000000000000 ) ) ;
#4492 = DIRECTION ( 'NONE',  ( -1.000000000000000000, 1.224646799147353207E-16, 0.000000000000000000 ) ) ;
#4493 = AXIS2_PLACEMENT_3D ( 'NONE', #1260, #578, #3388 ) ;
#4494 = ADVANCED_FACE ( 'NONE', ( #4263 ), #4816, .T. ) ;
#4495 = ORIENTED_EDGE ( 'NONE', *, *, #2384, .F. ) ;
#4496 = SECURITY_CLASSIFICATION_LEVEL ( 'unclassified' ) ;
#4497 = ORIENTED_EDGE ( 'NONE', *, *, #7248, .F. ) ;
#4498 = ADVANCED_FACE ( 'NONE', ( #5045 ), #4089, .T. ) ;
#4499 = CARTESIAN_POINT ( 'NONE',  ( -5.000000000000281553, 2.811725620256466210E-13, -90.00000000000019895 ) ) ;
#4500 = DIRECTION ( 'NONE',  ( -0.000000000000000000, -0.000000000000000000, 1.000000000000000000 ) ) ;
#4501 = CARTESIAN_POINT ( 'NONE',  ( 4.935408751172076336, -0.06459124882792298405, -68.72834765084402875 ) ) ;
#4502 = ORIENTED_EDGE ( 'NONE', *, *, #3101, .T. ) ;
#4503 = DIRECTION ( 'NONE',  ( 0.000000000000000000, -1.000000000000000000, 0.000000000000000000 ) ) ;
#4504 = DIRECTION ( 'NONE',  ( -0.000000000000000000, -0.000000000000000000, 1.000000000000000000 ) ) ;
#4505 = CARTESIAN_POINT ( 'NONE',  ( -4.040089233413048930, -0.9599107665869512918, -20.97763427936022040 ) ) ;
#4506 = CARTESIAN_POINT ( 'NONE',  ( -0.4975987110858134388, -4.502401288914187560, -121.1130246301068212 ) ) ;
#4507 = AXIS2_PLACEMENT_3D ( 'NONE', #7677, #8845, #4141 ) ;
#4508 = EDGE_LOOP ( 'NONE', ( #27, #3218, #1862, #8041 ) ) ;
#4509 = AXIS2_PLACEMENT_3D ( 'NONE', #4118, #8349, #3245 ) ;
#4510 = EDGE_CURVE ( 'NONE', #3527, #3761, #558, .T. ) ;
#4511 = AXIS2_PLACEMENT_3D ( 'NONE', #391, #1129, #942 ) ;
#4512 = AXIS2_PLACEMENT_3D ( 'NONE', #867, #3573, #721 ) ;
#4513 = CARTESIAN_POINT ( 'NONE',  ( 1.000000000000000000, 0.000000000000000000, -82.50000000000000000 ) ) ;
#4514 = CARTESIAN_POINT ( 'NONE',  ( -3.671958834454342124, -1.328041165545657876, -54.25000000000000000 ) ) ;
#4515 = CIRCLE ( 'NONE', #561, 3.904737509655567873 ) ;
#4516 = CARTESIAN_POINT ( 'NONE',  ( 4.840676868219843776, -0.1593231317801557245, -99.85321941568366810 ) ) ;
#4517 = CARTESIAN_POINT ( 'NONE',  ( 4.366408635906909197, -0.6335913640930924684, -10.89380044883598586 ) ) ;
#4518 = CC_DESIGN_PERSON_AND_ORGANIZATION_ASSIGNMENT ( #7908, #4913, ( #2333 ) ) ;
#4519 = ORIENTED_EDGE ( 'NONE', *, *, #4021, .F. ) ;
#4520 = DIRECTION ( 'NONE',  ( 1.224646799147353207E-16, 1.000000000000000000, 0.000000000000000000 ) ) ;
#4521 = ORIENTED_EDGE ( 'NONE', *, *, #8199, .F. ) ;
#4522 = TOROIDAL_SURFACE ( 'NONE', #999, 1.000000000000002220, 3.999999999999994671 ) ;
#4523 = AXIS2_PLACEMENT_3D ( 'NONE', #6627, #8691, #7922 ) ;
#4524 = ADVANCED_FACE ( 'NONE', ( #1087 ), #8083, .F. ) ;
#4525 = CARTESIAN_POINT ( 'NONE',  ( -4.999999999999991118, -1.004771657856732577E-14, -24.14725720788726449 ) ) ;
#4526 = CARTESIAN_POINT ( 'NONE',  ( 1.328041165545665425, -3.671958834454334575, -48.75000000000000000 ) ) ;
#4527 = DIRECTION ( 'NONE',  ( 1.000000000000000000, 0.000000000000000000, 0.000000000000000000 ) ) ;
#4528 = CARTESIAN_POINT ( 'NONE',  ( 5.000000000000281553, 2.809514862196180954E-13, -117.5000000000001990 ) ) ;
#4529 = CARTESIAN_POINT ( 'NONE',  ( 0.4915337874163392407, -4.508466212583661203, -86.39376480692351379 ) ) ;
#4530 = CARTESIAN_POINT ( 'NONE',  ( -4.041784260359810865, -0.9582157396401889127, -43.52377465029933035 ) ) ;
#4531 = CARTESIAN_POINT ( 'NONE',  ( 0.000000000000000000, 0.000000000000000000, -54.25000000000000000 ) ) ;
#4532 = EDGE_LOOP ( 'NONE', ( #6471, #5728, #2910, #4006 ) ) ;
#4533 = CARTESIAN_POINT ( 'NONE',  ( -0.4974474678531411453, -4.502552532146858688, -38.61327242306310126 ) ) ;
#4534 = AXIS2_PLACEMENT_3D ( 'NONE', #2660, #2747, #6101 ) ;
#4535 = ORIENTED_EDGE ( 'NONE', *, *, #575, .F. ) ;
#4536 = AXIS2_PLACEMENT_3D ( 'NONE', #8285, #4703, #6861 ) ;
#4537 = EDGE_CURVE ( 'NONE', #1861, #7291, #5691, .T. ) ;
#4538 = CARTESIAN_POINT ( 'NONE',  ( 0.000000000000000000, 0.000000000000000000, -117.5000000000000000 ) ) ;
#4539 = DIRECTION ( 'NONE',  ( -0.000000000000000000, -0.000000000000000000, 1.000000000000000000 ) ) ;
#4540 = CARTESIAN_POINT ( 'NONE',  ( 0.000000000000000000, -5.000000000000000000, -67.99999999997220357 ) ) ;
#4541 = LINE ( 'NONE', #7300, #4692 ) ;
#4542 = DIRECTION ( 'NONE',  ( 1.000000000000000000, 0.000000000000000000, 0.000000000000000000 ) ) ;
#4543 = CARTESIAN_POINT ( 'NONE',  ( 0.000000000000000000, -5.000000000000000000, -89.99999999997200462 ) ) ;
#4544 = ORIENTED_EDGE ( 'NONE', *, *, #2597, .F. ) ;
#4545 = APPROVAL_STATUS ( 'not_yet_approved' ) ;
#4546 = VERTEX_POINT ( 'NONE', #4582 ) ;
#4547 = ADVANCED_FACE ( 'NONE', ( #948 ), #8043, .T. ) ;
#4548 = DIRECTION ( 'NONE',  ( 1.000000000000000000, 0.000000000000000000, 0.000000000000000000 ) ) ;
#4549 = DIRECTION ( 'NONE',  ( 1.000000000000000000, 0.000000000000000000, 0.000000000000000000 ) ) ;
#4550 = LINE ( 'NONE', #1057, #4328 ) ;
#4551 = ORIENTED_EDGE ( 'NONE', *, *, #7771, .T. ) ;
#4552 = FACE_OUTER_BOUND ( 'NONE', #4963, .T. ) ;
#4553 = CARTESIAN_POINT ( 'NONE',  ( -4.959369330385070995, -0.04063066961492869250, -19.08613448345569807 ) ) ;
#4554 = B_SPLINE_CURVE_WITH_KNOTS ( 'NONE', 3,
 ( #8238, #4737, #4051, #554, #3365, #6163, #6938, #8964, #2671, #1975, #7593, #1282 ),
 .UNSPECIFIED., .F., .F.,
 ( 4, 2, 2, 2, 2, 4 ),
 ( 0.003504634718750448442, 0.003941423334025299062, 0.004378211949300150549, 0.005251789179849851788, 0.006125366410399553027, 0.006998943640949255134 ),
 .UNSPECIFIED. ) ;
#4555 = ORIENTED_EDGE ( 'NONE', *, *, #6352, .T. ) ;
#4556 = CARTESIAN_POINT ( 'NONE',  ( 0.6335913640931364332, -4.366408635906863012, -9.606199551164072759 ) ) ;
#4557 = LINE ( 'NONE', #2961, #2475 ) ;
#4558 = CARTESIAN_POINT ( 'NONE',  ( -4.739198801701952846, -0.2608011982980474319, -52.90923771779445417 ) ) ;
#4559 = CARTESIAN_POINT ( 'NONE',  ( -1.328041165545663649, -3.671958834454336351, -10.25000000000000178 ) ) ;
#4560 = CARTESIAN_POINT ( 'NONE',  ( 4.960065625082963336, -0.03993437491703660802, -100.4186897864757384 ) ) ;
#4561 = CARTESIAN_POINT ( 'NONE',  ( 0.000000000000000000, 0.000000000000000000, -29.50000000000000355 ) ) ;
#4562 = ORIENTED_EDGE ( 'NONE', *, *, #3611, .F. ) ;
#4563 = CARTESIAN_POINT ( 'NONE',  ( -1.000000000000000000, 1.224646799147353207E-16, -79.00000000000000000 ) ) ;
#4564 = ADVANCED_FACE ( 'NONE', ( #8813 ), #2026, .T. ) ;
#4565 = ORIENTED_EDGE ( 'NONE', *, *, #3756, .T. ) ;
#4566 = ORIENTED_EDGE ( 'NONE', *, *, #8627, .F. ) ;
#4567 = B_SPLINE_CURVE_WITH_KNOTS ( 'NONE', 3,
 ( #8327, #8449, #5642, #7673, #9045, #2944, #2845, #6289, #5733, #1496, #80, #7027, #2759, #4175, #984, #814 ),
 .UNSPECIFIED., .F., .F.,
 ( 4, 2, 2, 2, 2, 2, 2, 4 ),
 ( 4.818711198530449181E-07, 0.0008765200830274260703, 0.001314539188981219547, 0.001752558294935013241, 0.002190577400888806502, 0.002628596506842600412, 0.003066615612796393456, 0.003504634718750187367 ),
 .UNSPECIFIED. ) ;
#4568 = CARTESIAN_POINT ( 'NONE',  ( 0.6401341107417193310, -4.359865889258280447, -5.398749546286554235 ) ) ;
#4569 = CARTESIAN_POINT ( 'NONE',  ( 0.06404366727607806176, -4.935956332723922202, -41.22559813399349338 ) ) ;
#4570 = CARTESIAN_POINT ( 'NONE',  ( -4.872131520502827939, -0.1278684794971709504, -58.00740203053999977 ) ) ;
#4571 = CARTESIAN_POINT ( 'NONE',  ( -4.366408635906906532, -0.6335913640930935786, -93.39380044883600362 ) ) ;
#4572 = CARTESIAN_POINT ( 'NONE',  ( -0.1278684794971282068, -4.872131520502872348, -61.49259796946014944 ) ) ;
#4573 = CARTESIAN_POINT ( 'NONE',  ( 3.671958834454332354, -1.328041165545667868, -4.750000000000001776 ) ) ;
#4574 = CARTESIAN_POINT ( 'NONE',  ( -4.739198801701952846, -0.2608011982980474319, -36.40923771779445417 ) ) ;
#4575 = ORIENTED_EDGE ( 'NONE', *, *, #5572, .F. ) ;
#4576 = CARTESIAN_POINT ( 'NONE',  ( 0.000000000000000000, 0.000000000000000000, -80.99999999999998579 ) ) ;
#4577 = CIRCLE ( 'NONE', #468, 3.999999999999996447 ) ;
#4578 = EDGE_CURVE ( 'NONE', #2656, #3275, #7160, .T. ) ;
#4579 = ORIENTED_EDGE ( 'NONE', *, *, #3757, .F. ) ;
#4580 = CIRCLE ( 'NONE', #917, 4.000000000000001776 ) ;
#4581 = DIRECTION ( 'NONE',  ( -0.000000000000000000, -0.000000000000000000, 1.000000000000000000 ) ) ;
#4582 = CARTESIAN_POINT ( 'NONE',  ( -0.9999999999999993339, 1.224646799147353207E-16, -91.99999999999998579 ) ) ;
#4583 = CARTESIAN_POINT ( 'NONE',  ( -1.000000000000000000, 1.224646799147353207E-16, -68.00000000000000000 ) ) ;
#4584 = CARTESIAN_POINT ( 'NONE',  ( -4.740996707076430283, -0.2590032929235690506, -121.5954032727459122 ) ) ;
#4585 = CARTESIAN_POINT ( 'NONE',  ( -4.991957775357463767, -0.008042224642536550602, -62.20753412542731553 ) ) ;
#4586 = CARTESIAN_POINT ( 'NONE',  ( -4.960065625082965113, -0.03993437491703669823, -83.91868978647572419 ) ) ;
#4587 = CARTESIAN_POINT ( 'NONE',  ( 0.000000000000000000, 0.000000000000000000, 0.000000000000000000 ) ) ;
#4588 = ORIENTED_EDGE ( 'NONE', *, *, #3862, .F. ) ;
#4589 = APPROVAL_STATUS ( 'not_yet_approved' ) ;
#4590 = EDGE_CURVE ( 'NONE', #2140, #7060, #3206, .T. ) ;
#4591 = ORIENTED_EDGE ( 'NONE', *, *, #420, .T. ) ;
#4592 = B_SPLINE_CURVE_WITH_KNOTS ( 'NONE', 3,
 ( #7037, #1331, #735, #7779, #93, #4878, #2035, #6389, #4837, #4188, #3455, #7683 ),
 .UNSPECIFIED., .F., .F.,
 ( 4, 2, 2, 2, 2, 4 ),
 ( 0.003504634718750185632, 0.003941423334025070079, 0.004378211949299954525, 0.005251789179849724286, 0.006125366410399494047, 0.006998943640949262940 ),
 .UNSPECIFIED. ) ;
#4593 = CARTESIAN_POINT ( 'NONE',  ( 1.000000000000000000, 0.000000000000000000, -13.00000000000000355 ) ) ;
#4594 = CARTESIAN_POINT ( 'NONE',  ( 0.000000000000000000, 0.000000000000000000, -24.00000000000000355 ) ) ;
#4595 = LINE ( 'NONE', #7997, #4473 ) ;
#4596 = ORIENTED_EDGE ( 'NONE', *, *, #8354, .T. ) ;
#4597 = DIRECTION ( 'NONE',  ( -0.000000000000000000, -0.000000000000000000, 1.000000000000000000 ) ) ;
#4598 = CARTESIAN_POINT ( 'NONE',  ( -0.008301598518898192086, -4.991698401481102110, -7.203746370642509333 ) ) ;
#4599 = EDGE_CURVE ( 'NONE', #316, #257, #6132, .T. ) ;
#4600 = B_SPLINE_CURVE_WITH_KNOTS ( 'NONE', 3,
 ( #3114, #1827, #3755, #2423, #6556, #2337, #7296, #3251, #350, #3159, #4630, #8770, #8084, #5907, #1090, #304 ),
 .UNSPECIFIED., .F., .F.,
 ( 4, 2, 2, 2, 2, 2, 2, 4 ),
 ( 4.818711198649328138E-07, 0.0008765200830275122644, 0.001314539188981335991, 0.001752558294935159609, 0.002190577400888983443, 0.002628596506842807278, 0.003066615612796630679, 0.003504634718750454514 ),
 .UNSPECIFIED. ) ;
#4601 = EDGE_LOOP ( 'NONE', ( #6821, #6504, #1027 ) ) ;
#4602 = CARTESIAN_POINT ( 'NONE',  ( 0.000000000000000000, 0.000000000000000000, -101.0000000000000000 ) ) ;
#4603 = VECTOR ( 'NONE', #7646, 1000.000000000000000 ) ;
#4604 = CARTESIAN_POINT ( 'NONE',  ( 0.4915337874163392407, -4.508466212583661203, -97.39376480692352800 ) ) ;
#4605 = CARTESIAN_POINT ( 'NONE',  ( -1.000000000000000000, 1.224646799147353207E-16, -60.49999999999999289 ) ) ;
#4606 = VERTEX_POINT ( 'NONE', #8669 ) ;
#4607 = CARTESIAN_POINT ( 'NONE',  ( -0.1676550930162088171, -4.832344906983790267, -94.35453806257382325 ) ) ;
#4608 = DIRECTION ( 'NONE',  ( 1.224646799147353207E-16, 1.000000000000000000, 0.000000000000000000 ) ) ;
#4609 = EDGE_LOOP ( 'NONE', ( #6723, #977, #8559 ) ) ;
#4610 = CARTESIAN_POINT ( 'NONE',  ( 4.282386290039718268, -0.7176137099602819536, -97.70222873041527123 ) ) ;
#4611 = ORIENTED_EDGE ( 'NONE', *, *, #2766, .T. ) ;
#4612 = TOROIDAL_SURFACE ( 'NONE', #2258, 1.000000000000000000, 3.999999999999996447 ) ;
#4613 = ORIENTED_EDGE ( 'NONE', *, *, #3976, .T. ) ;
#4614 = CARTESIAN_POINT ( 'NONE',  ( -0.04063066961830195251, -4.959369330381697694, -50.91386551652202286 ) ) ;
#4615 = DIRECTION ( 'NONE',  ( 1.000000000000000000, 0.000000000000000000, 0.000000000000000000 ) ) ;
#4616 = EDGE_CURVE ( 'NONE', #2743, #7927, #5547, .T. ) ;
#4617 = DIRECTION ( 'NONE',  ( -0.000000000000000000, -0.000000000000000000, 1.000000000000000000 ) ) ;
#4618 = CARTESIAN_POINT ( 'NONE',  ( 3.904737509655565209, 0.000000000000000000, -15.75000000000000000 ) ) ;
#4619 = CARTESIAN_POINT ( 'NONE',  ( -4.567820679631958924, -0.4321793203680396322, -47.77342623723033910 ) ) ;
#4620 = AXIS2_PLACEMENT_3D ( 'NONE', #6241, #2669, #6064 ) ;
#4621 = DIRECTION ( 'NONE',  ( 0.000000000000000000, -1.000000000000000000, 0.000000000000000000 ) ) ;
#4622 = ORIENTED_EDGE ( 'NONE', *, *, #6491, .T. ) ;
#4623 = CARTESIAN_POINT ( 'NONE',  ( -0.04063066961833022850, -4.959369330381668384, -89.41386551652185233 ) ) ;
#4624 = EDGE_LOOP ( 'NONE', ( #1210, #3923, #3470 ) ) ;
#4625 = CIRCLE ( 'NONE', #5796, 3.904737509655572758 ) ;
#4626 = AXIS2_PLACEMENT_3D ( 'NONE', #1301, #1381, #5618 ) ;
#4627 = CARTESIAN_POINT ( 'NONE',  ( 0.7176137099645827355, -4.282386290035419485, -27.29777126957944233 ) ) ;
#4628 = CARTESIAN_POINT ( 'NONE',  ( -1.000000000000000000, 1.224646799147353207E-16, -24.00000000000000355 ) ) ;
#4629 = EDGE_CURVE ( 'NONE', #1478, #4546, #4376, .T. ) ;
#4630 = CARTESIAN_POINT ( 'NONE',  ( 0.1278684794971282068, -4.872131520502871460, -17.49259796946014589 ) ) ;
#4631 = CARTESIAN_POINT ( 'NONE',  ( -4.284940244090484462, -0.7150597559095159816, -120.8009639027861226 ) ) ;
#4632 = CARTESIAN_POINT ( 'NONE',  ( -4.366408635906906532, -0.6335913640930936896, -60.39380044883598231 ) ) ;
#4633 = AXIS2_PLACEMENT_3D ( 'NONE', #2567, #3995, #544 ) ;
#4634 = DIRECTION ( 'NONE',  ( -0.000000000000000000, -0.000000000000000000, 1.000000000000000000 ) ) ;
#4635 = DIRECTION ( 'NONE',  ( 1.000000000000000000, 0.000000000000000000, 0.000000000000000000 ) ) ;
#4636 = VERTEX_POINT ( 'NONE', #6555 ) ;
#4637 = CC_DESIGN_PERSON_AND_ORGANIZATION_ASSIGNMENT ( #85, #5783, ( #7451 ) ) ;
#4638 = PERSON_AND_ORGANIZATION_ROLE ( 'classification_officer' ) ;
#4639 = ORIENTED_EDGE ( 'NONE', *, *, #6455, .F. ) ;
#4640 = CIRCLE ( 'NONE', #3753, 1.000000000000000000 ) ;
#4641 = TOROIDAL_SURFACE ( 'NONE', #4349, 1.000000000000000000, 1.999999999999998224 ) ;
#4642 = CARTESIAN_POINT ( 'NONE',  ( 4.502401288914176902, -0.4975987110858216544, -3.886975369893182375 ) ) ;
#4643 = ADVANCED_FACE ( 'NONE', ( #5136 ), #6508, .T. ) ;
#4644 = CARTESIAN_POINT ( 'NONE',  ( 4.739198801701953734, -0.2608011982980464882, -63.90923771779443996 ) ) ;
#4645 = DIRECTION ( 'NONE',  ( -1.000000000000000000, 1.224646799147353207E-16, 0.000000000000000000 ) ) ;
#4646 = DIRECTION ( 'NONE',  ( 0.000000000000000000, 0.000000000000000000, -1.000000000000000000 ) ) ;
#4647 = ORIENTED_EDGE ( 'NONE', *, *, #5665, .T. ) ;
#4648 = DIRECTION ( 'NONE',  ( 1.000000000000000000, 0.000000000000000000, 0.000000000000000000 ) ) ;
#4649 = CARTESIAN_POINT ( 'NONE',  ( -0.1278684794971282901, -4.872131520502871460, -6.492597969460142338 ) ) ;
#4650 = ORIENTED_EDGE ( 'NONE', *, *, #4704, .T. ) ;
#4651 = CARTESIAN_POINT ( 'NONE',  ( 0.000000000000000000, 0.000000000000000000, -69.99999999999998579 ) ) ;
#4652 = EDGE_CURVE ( 'NONE', #5039, #6733, #7310, .T. ) ;
#4653 = CARTESIAN_POINT ( 'NONE',  ( 4.282386290039718268, -0.7176137099602819536, -119.7022287304152712 ) ) ;
#4654 = CARTESIAN_POINT ( 'NONE',  ( 5.000000000000285993, 2.862826807771588442E-13, -57.00000000000020606 ) ) ;
#4655 = ORIENTED_EDGE ( 'NONE', *, *, #4940, .F. ) ;
#4656 = CARTESIAN_POINT ( 'NONE',  ( -4.282386290039718268, -0.7176137099602820646, -70.20222873041527123 ) ) ;
#4657 = DIRECTION ( 'NONE',  ( 1.000000000000000000, 0.000000000000000000, 0.000000000000000000 ) ) ;
#4658 = ORIENTED_EDGE ( 'NONE', *, *, #7323, .T. ) ;
#4659 = CARTESIAN_POINT ( 'NONE',  ( 0.1676550930162090114, -4.832344906983791155, -83.35453806257386589 ) ) ;
#4660 = LOCAL_TIME ( 21, 14, 1.000000000000000000, #2901 ) ;
#4661 = VERTEX_POINT ( 'NONE', #5865 ) ;
#4662 = TOROIDAL_SURFACE ( 'NONE', #2456, 1.000000000000000000, 3.999999999999996447 ) ;
#4663 = ORIENTED_EDGE ( 'NONE', *, *, #269, .F. ) ;
#4664 = AXIS2_PLACEMENT_3D ( 'NONE', #1318, #7062, #4957 ) ;
#4665 = B_SPLINE_CURVE_WITH_KNOTS ( 'NONE', 3,
 ( #5006, #6470, #83, #818, #1407, #4221, #870, #7029, #727, #3535, #3674, #8453, #176, #1456, #2899, #3628 ),
 .UNSPECIFIED., .F., .F.,
 ( 4, 2, 2, 2, 2, 2, 2, 4 ),
 ( 4.818711198576264135E-07, 0.0008765200830206172807, 0.001314539188970997039, 0.001752558294921376797, 0.002190577400871756772, 0.002628596506822136747, 0.003066615612772516288, 0.003504634718722896263 ),
 .UNSPECIFIED. ) ;
#4666 = CARTESIAN_POINT ( 'NONE',  ( -0.1668769287816704583, -4.833123071218329514, -3.142795131292743349 ) ) ;
#4667 = EDGE_CURVE ( 'NONE', #179, #7060, #2613, .T. ) ;
#4668 = TOROIDAL_SURFACE ( 'NONE', #1581, 1.000000000000000000, 3.999999999999996447 ) ;
#4669 = CARTESIAN_POINT ( 'NONE',  ( -0.06404366727606394805, -4.935956332723937301, -30.22559813399339390 ) ) ;
#4670 = CARTESIAN_POINT ( 'NONE',  ( 0.03993437491365121189, -4.960065625086347296, -107.0813102135016521 ) ) ;
#4671 = DIRECTION ( 'NONE',  ( -0.000000000000000000, -0.000000000000000000, 1.000000000000000000 ) ) ;
#4672 = DIRECTION ( 'NONE',  ( -0.000000000000000000, -0.000000000000000000, 1.000000000000000000 ) ) ;
#4673 = DIRECTION ( 'NONE',  ( -0.000000000000000000, -0.000000000000000000, 1.000000000000000000 ) ) ;
#4674 = CARTESIAN_POINT ( 'NONE',  ( 0.000000000000000000, 0.000000000000000000, 0.000000000000000000 ) ) ;
#4675 = EDGE_LOOP ( 'NONE', ( #4030, #3829, #5232, #2188 ) ) ;
#4676 = CARTESIAN_POINT ( 'NONE',  ( 4.935956332719894313, -0.06404366728010570109, -56.27440186598521876 ) ) ;
#4677 = ORIENTED_EDGE ( 'NONE', *, *, #6699, .T. ) ;
#4678 = CIRCLE ( 'NONE', #696, 1.000000000000000000 ) ;
#4679 = CIRCLE ( 'NONE', #5556, 3.904737509655567873 ) ;
#4680 = DIRECTION ( 'NONE',  ( -0.000000000000000000, -0.000000000000000000, 1.000000000000000000 ) ) ;
#4681 = CARTESIAN_POINT ( 'NONE',  ( 0.008301598520829216871, -4.991698401479171210, -45.70374637061713230 ) ) ;
#4682 = CARTESIAN_POINT ( 'NONE',  ( 0.06404366727607761767, -4.935956332723923978, -35.72559813399347917 ) ) ;
#4683 = CIRCLE ( 'NONE', #3213, 3.999999999999996447 ) ;
#4684 = CARTESIAN_POINT ( 'NONE',  ( 0.4323357082839850429, -4.567664291716013736, -121.2262912688046015 ) ) ;
#4685 = CARTESIAN_POINT ( 'NONE',  ( -5.000000000000281553, 2.811725620256466210E-13, -79.00000000000021316 ) ) ;
#4686 = CARTESIAN_POINT ( 'NONE',  ( 4.686141179201312568, -0.3138588207986878764, -9.034678687757985216 ) ) ;
#4687 = TOROIDAL_SURFACE ( 'NONE', #6154, 1.000000000000000000, 4.000000000000001776 ) ;
#4688 = DIRECTION ( 'NONE',  ( -0.000000000000000000, -0.000000000000000000, 1.000000000000000000 ) ) ;
#4689 = EDGE_LOOP ( 'NONE', ( #8567, #3472, #1675 ) ) ;
#4690 = PERSON_AND_ORGANIZATION_ROLE ( 'classification_officer' ) ;
#4691 = ORIENTED_EDGE ( 'NONE', *, *, #7206, .T. ) ;
#4692 = VECTOR ( 'NONE', #352, 1000.000000000000114 ) ;
#4693 = EDGE_CURVE ( 'NONE', #1239, #3964, #6649, .T. ) ;
#4694 = CARTESIAN_POINT ( 'NONE',  ( 0.000000000000000000, 0.000000000000000000, -64.49999999999998579 ) ) ;
#4695 = B_SPLINE_CURVE_WITH_KNOTS ( 'NONE', 3,
 ( #941, #5170, #8806, #5307, #3104, #8119, #4619, #6547, #3939, #7976, #5813, #1672, #6597, #294, #5898, #1724 ),
 .UNSPECIFIED., .F., .F.,
 ( 4, 2, 2, 2, 2, 2, 2, 4 ),
 ( 4.818711198521540512E-07, 0.0008765200830274497059, 0.001314539188981241882, 0.001752558294935034275, 0.002190577400888826451, 0.002628596506842618627, 0.003066615612796410803, 0.003504634718750202545 ),
 .UNSPECIFIED. ) ;
#4696 = LINE ( 'NONE', #8871, #6090 ) ;
#4697 = CARTESIAN_POINT ( 'NONE',  ( -3.671958834454335019, -1.328041165545665203, -26.75000000000000355 ) ) ;
#4698 = DIRECTION ( 'NONE',  ( 1.000000000000000000, 0.000000000000000000, 0.000000000000000000 ) ) ;
#4699 = ORIENTED_EDGE ( 'NONE', *, *, #2835, .T. ) ;
#4700 = CARTESIAN_POINT ( 'NONE',  ( 4.567820679631960701, -0.4321793203680400208, -58.77342623723036041 ) ) ;
#4701 = CARTESIAN_POINT ( 'NONE',  ( 0.000000000000000000, 0.000000000000000000, 0.000000000000000000 ) ) ;
#4702 = VERTEX_POINT ( 'NONE', #8312 ) ;
#4703 = DIRECTION ( 'NONE',  ( -0.000000000000000000, -0.000000000000000000, 1.000000000000000000 ) ) ;
#4704 = EDGE_CURVE ( 'NONE', #2751, #6662, #7538, .T. ) ;
#4705 = CARTESIAN_POINT ( 'NONE',  ( -1.328041165545663649, -3.671958834454336795, -32.25000000000000000 ) ) ;
#4706 = DIRECTION ( 'NONE',  ( 1.000000000000000000, 0.000000000000000000, 0.000000000000000000 ) ) ;
#4707 = ORIENTED_EDGE ( 'NONE', *, *, #8056, .T. ) ;
#4708 = CARTESIAN_POINT ( 'NONE',  ( -0.06459124883188710475, -4.935408751168113284, -94.77165234913508129 ) ) ;
#4709 = CARTESIAN_POINT ( 'NONE',  ( 0.000000000000000000, 0.000000000000000000, -49.49999999999999289 ) ) ;
#4710 = ORIENTED_EDGE ( 'NONE', *, *, #8364, .T. ) ;
#4711 = CARTESIAN_POINT ( 'NONE',  ( 4.935956332719889872, -0.06404366728011023913, -111.2744018659852117 ) ) ;
#4712 = ORIENTED_EDGE ( 'NONE', *, *, #4392, .T. ) ;
#4713 = ADVANCED_FACE ( 'NONE', ( #8991 ), #8482, .T. ) ;
#4714 = CARTESIAN_POINT ( 'NONE',  ( 0.000000000000000000, -5.000000000000000000, -123.0000000000000000 ) ) ;
#4715 = CARTESIAN_POINT ( 'NONE',  ( -0.06404366728014332377, -4.935956332719857009, -13.72559813401497131 ) ) ;
#4716 = CARTESIAN_POINT ( 'NONE',  ( -4.991957775357460214, -0.008042224642539586368, -95.20753412542734395 ) ) ;
#4717 = DIRECTION ( 'NONE',  ( -0.000000000000000000, -0.000000000000000000, 1.000000000000000000 ) ) ;
#4718 = FACE_OUTER_BOUND ( 'NONE', #5210, .T. ) ;
#4719 = CARTESIAN_POINT ( 'NONE',  ( 0.000000000000000000, -5.000000000000000000, -62.50000000000000000 ) ) ;
#4720 = EDGE_LOOP ( 'NONE', ( #4131, #8657, #7937, #7857 ) ) ;
#4721 = CARTESIAN_POINT ( 'NONE',  ( -1.328041165545656765, -3.671958834454343013, -70.75000000000000000 ) ) ;
#4722 = ORIENTED_EDGE ( 'NONE', *, *, #2204, .F. ) ;
#4723 = EDGE_CURVE ( 'NONE', #5331, #6156, #3351, .T. ) ;
#4724 = B_SPLINE_CURVE_WITH_KNOTS ( 'NONE', 3,
 ( #5114, #7921, #7227, #3728, #6526, #3047, #7408, #5978, #1063, #2352, #6770, #1704 ),
 .UNSPECIFIED., .F., .F.,
 ( 4, 2, 2, 2, 2, 4 ),
 ( 0.003504634718722876748, 0.003941423334001175997, 0.004378211949279476115, 0.005251789179836074614, 0.006125366410392673114, 0.006998943640949271613 ),
 .UNSPECIFIED. ) ;
#4725 = CARTESIAN_POINT ( 'NONE',  ( -4.959369330385070107, -0.04063066961493041335, -101.5861344834557087 ) ) ;
#4726 = FACE_OUTER_BOUND ( 'NONE', #3382, .T. ) ;
#4727 = CARTESIAN_POINT ( 'NONE',  ( 0.008042224640654448489, -4.991957775359346705, -79.29246587454755968 ) ) ;
#4728 = CARTESIAN_POINT ( 'NONE',  ( 1.023923072794151746E-12, -5.000000000001025846, -79.14684353042196108 ) ) ;
#4729 = CARTESIAN_POINT ( 'NONE',  ( 0.000000000000000000, 0.000000000000000000, -13.00000000000000355 ) ) ;
#4730 = VERTEX_POINT ( 'NONE', #7529 ) ;
#4731 = ORIENTED_EDGE ( 'NONE', *, *, #6446, .T. ) ;
#4732 = CIRCLE ( 'NONE', #3414, 3.904737509655565209 ) ;
#4733 = DIRECTION ( 'NONE',  ( 1.000000000000000000, 0.000000000000000000, 0.000000000000000000 ) ) ;
#4734 = CARTESIAN_POINT ( 'NONE',  ( 0.000000000000000000, 0.000000000000000000, -68.00000000000000000 ) ) ;
#4735 = ADVANCED_FACE ( 'NONE', ( #3948 ), #6924, .F. ) ;
#4736 = AXIS2_PLACEMENT_3D ( 'NONE', #8417, #318, #8000 ) ;
#4737 = CARTESIAN_POINT ( 'NONE',  ( -1.210198323389581116E-16, -4.999999999999999112, -62.64684353044863485 ) ) ;
#4738 = ORIENTED_EDGE ( 'NONE', *, *, #89, .T. ) ;
#4739 = DIRECTION ( 'NONE',  ( 1.000000000000000000, 0.000000000000000000, 0.000000000000000000 ) ) ;
#4740 = DIRECTION ( 'NONE',  ( 0.7071067811865474617, 0.7071067811865476838, 0.000000000000000000 ) ) ;
#4741 = ORIENTED_EDGE ( 'NONE', *, *, #7092, .F. ) ;
#4742 = DIRECTION ( 'NONE',  ( 0.000000000000000000, -0.000000000000000000, 1.000000000000000000 ) ) ;
#4743 = CARTESIAN_POINT ( 'NONE',  ( 0.008042224640668390462, -4.991957775359332494, -95.79246587454774442 ) ) ;
#4744 = ADVANCED_FACE ( 'NONE', ( #5500 ), #3642, .T. ) ;
#4745 = CARTESIAN_POINT ( 'NONE',  ( -0.2517800035653550705, -4.748219996434644763, -19.90883637236998283 ) ) ;
#4746 = VERTEX_POINT ( 'NONE', #8174 ) ;
#4747 = CARTESIAN_POINT ( 'NONE',  ( -4.739198801701949293, -0.2608011982980511512, -69.40923771779445417 ) ) ;
#4748 = CARTESIAN_POINT ( 'NONE',  ( 3.671958834454343013, -1.328041165545656987, -103.7500000000000000 ) ) ;
#4749 = ORIENTED_EDGE ( 'NONE', *, *, #6699, .F. ) ;
#4750 = CARTESIAN_POINT ( 'NONE',  ( 1.027174926393432362E-12, -4.999999999998974154, -84.35274279208620385 ) ) ;
#4751 = VERTEX_POINT ( 'NONE', #6147 ) ;
#4752 = TOROIDAL_SURFACE ( 'NONE', #7978, 1.000000000000000000, 4.000000000000000000 ) ;
#4753 = CARTESIAN_POINT ( 'NONE',  ( -0.1593231317747889342, -4.840676868225211926, -30.64678058429968033 ) ) ;
#4754 = CARTESIAN_POINT ( 'NONE',  ( 0.9582157396373103264, -4.041784260362688563, -108.9762253496981828 ) ) ;
#4755 = EDGE_CURVE ( 'NONE', #6095, #7108, #6527, .T. ) ;
#4756 = CARTESIAN_POINT ( 'NONE',  ( -4.366408635906906532, -0.6335913640930935786, -98.89380044883600362 ) ) ;
#4757 = CARTESIAN_POINT ( 'NONE',  ( 0.4915337874163392407, -4.508466212583661203, -113.8937648069235422 ) ) ;
#4758 = DIRECTION ( 'NONE',  ( 1.000000000000000000, 0.000000000000000000, 0.000000000000000000 ) ) ;
#4759 = CIRCLE ( 'NONE', #3583, 3.904737509655567873 ) ;
#4760 = DIRECTION ( 'NONE',  ( 0.000000000000000000, 0.000000000000000000, -1.000000000000000000 ) ) ;
#4761 = ORIENTED_EDGE ( 'NONE', *, *, #934, .F. ) ;
#4762 = CARTESIAN_POINT ( 'NONE',  ( -0.3138588207986405254, -4.686141179201358753, -71.96532131224215334 ) ) ;
#4763 = ORIENTED_EDGE ( 'NONE', *, *, #4126, .T. ) ;
#4764 = AXIS2_PLACEMENT_3D ( 'NONE', #1442, #2183, #159 ) ;
#4765 = PRODUCT ( '2mm_assem', '2mm_assem', '', ( #4831 ) ) ;
#4766 = AXIS2_PLACEMENT_3D ( 'NONE', #2005, #2560, #1268 ) ;
#4767 = CARTESIAN_POINT ( 'NONE',  ( -5.000000000000000000, 0.000000000000000000, -123.0000000000000000 ) ) ;
#4768 = CARTESIAN_POINT ( 'NONE',  ( 4.991698401481084346, -0.008301598518916014635, -13.29625362935772159 ) ) ;
#4769 = CARTESIAN_POINT ( 'NONE',  ( 4.991957775357460214, -0.008042224642539515245, -84.20753412542731553 ) ) ;
#4770 = CARTESIAN_POINT ( 'NONE',  ( 1.136863993906876757, -3.863136006093125019, -76.37121622079637007 ) ) ;
#4771 = DIRECTION ( 'NONE',  ( 1.000000000000000000, 0.000000000000000000, 0.000000000000000000 ) ) ;
#4772 = CARTESIAN_POINT ( 'NONE',  ( -5.000000000000283329, 2.838313978266924103E-13, -24.00000000000021316 ) ) ;
#4773 = ORIENTED_EDGE ( 'NONE', *, *, #8929, .F. ) ;
#4774 = VERTEX_POINT ( 'NONE', #4767 ) ;
#4775 = AXIS2_PLACEMENT_3D ( 'NONE', #6854, #3362, #6935 ) ;
#4776 = CIRCLE ( 'NONE', #5941, 2.000000000000001776 ) ;
#4777 = CARTESIAN_POINT ( 'NONE',  ( 4.041784260359807313, -0.9582157396401937977, -21.52377465029931969 ) ) ;
#4778 = CARTESIAN_POINT ( 'NONE',  ( 0.000000000000000000, 0.000000000000000000, -2.000000000000000000 ) ) ;
#4779 = DIRECTION ( 'NONE',  ( 1.000000000000000000, 0.000000000000000000, 0.000000000000000000 ) ) ;
#4780 = CARTESIAN_POINT ( 'NONE',  ( 3.863136006094625596, -1.136863993905375292, -21.12878377920270623 ) ) ;
#4781 = ORIENTED_EDGE ( 'NONE', *, *, #4220, .T. ) ;
#4782 = DIRECTION ( 'NONE',  ( 0.000000000000000000, 0.000000000000000000, 1.000000000000000000 ) ) ;
#4783 = AXIS2_PLACEMENT_3D ( 'NONE', #7627, #8230, #2011 ) ;
#4784 = ORIENTED_EDGE ( 'NONE', *, *, #3967, .T. ) ;
#4785 = ADVANCED_FACE ( 'NONE', ( #4086 ), #3991, .F. ) ;
#4786 = TOROIDAL_SURFACE ( 'NONE', #5071, 1.000000000000000000, 3.999999999999996447 ) ;
#4787 = CIRCLE ( 'NONE', #4930, 2.000000000000001776 ) ;
#4788 = CARTESIAN_POINT ( 'NONE',  ( 0.000000000000000000, -5.000000000000000000, -40.49999999997221778 ) ) ;
#4789 = DIRECTION ( 'NONE',  ( -0.000000000000000000, -0.000000000000000000, 1.000000000000000000 ) ) ;
#4790 = ORIENTED_EDGE ( 'NONE', *, *, #1346, .F. ) ;
#4791 = CYLINDRICAL_SURFACE ( 'NONE', #3174, 0.9999999999999995559 ) ;
#4792 = CARTESIAN_POINT ( 'NONE',  ( 3.904737509655562544, 0.000000000000000000, -48.75000000000000000 ) ) ;
#4793 = CIRCLE ( 'NONE', #2891, 0.9999999999999993339 ) ;
#4794 = VERTEX_POINT ( 'NONE', #3394 ) ;
#4795 = CARTESIAN_POINT ( 'NONE',  ( -0.6335913640883381603, -4.366408635911662728, -42.60619955115780755 ) ) ;
#4796 = ORIENTED_EDGE ( 'NONE', *, *, #3209, .T. ) ;
#4797 = ADVANCED_FACE ( 'NONE', ( #6188 ), #1732, .F. ) ;
#4798 = APPROVAL ( #6205, 'UNSPECIFIED' ) ;
#4799 = CARTESIAN_POINT ( 'NONE',  ( -0.008042224640658440088, -4.991957775359342264, -29.79246587454765560 ) ) ;
#4800 = CARTESIAN_POINT ( 'NONE',  ( 0.000000000000000000, 0.000000000000000000, -120.9999999999999716 ) ) ;
#4801 = CARTESIAN_POINT ( 'NONE',  ( 3.904737509655563876, 0.000000000000000000, -32.25000000000000000 ) ) ;
#4802 = DIRECTION ( 'NONE',  ( -0.000000000000000000, -0.000000000000000000, 1.000000000000000000 ) ) ;
#4803 = DIRECTION ( 'NONE',  ( -0.000000000000000000, -0.000000000000000000, 1.000000000000000000 ) ) ;
#4804 = LOCAL_TIME ( 21, 14, 1.000000000000000000, #1145 ) ;
#4805 = ORIENTED_EDGE ( 'NONE', *, *, #1853, .F. ) ;
#4806 = CARTESIAN_POINT ( 'NONE',  ( 0.2517800035653552371, -4.748219996434644763, -74.90883637236997572 ) ) ;
#4807 = EDGE_LOOP ( 'NONE', ( #7709, #2664, #8454, #5239, #7537, #3238 ) ) ;
#4808 = AXIS2_PLACEMENT_3D ( 'NONE', #1740, #8179, #4542 ) ;
#4809 = CIRCLE ( 'NONE', #9058, 4.000000000000001776 ) ;
#4810 = EDGE_CURVE ( 'NONE', #1190, #6659, #833, .T. ) ;
#4811 = SECURITY_CLASSIFICATION ( '', '', #7396 ) ;
#4812 = CARTESIAN_POINT ( 'NONE',  ( 1.026290529881728122E-12, -4.999999999998975930, -29.35274279208611503 ) ) ;
#4813 = CARTESIAN_POINT ( 'NONE',  ( 3.671958834454336351, -1.328041165545663871, -32.25000000000000000 ) ) ;
#4814 = CARTESIAN_POINT ( 'NONE',  ( -0.1593231317748076137, -4.840676868225192386, -69.14678058429971941 ) ) ;
#4815 = CARTESIAN_POINT ( 'NONE',  ( 4.366408635906906532, -0.6335913640930934676, -82.39380044883601784 ) ) ;
#4816 = TOROIDAL_SURFACE ( 'NONE', #2163, 1.000000000000000000, 3.999999999999996447 ) ;
#4817 = FACE_OUTER_BOUND ( 'NONE', #4820, .T. ) ;
#4818 = CARTESIAN_POINT ( 'NONE',  ( 1.000000000000000000, 0.000000000000000000, -66.00000000000000000 ) ) ;
#4819 = CARTESIAN_POINT ( 'NONE',  ( 1.000000000000000000, 0.000000000000000000, -38.50000000000000000 ) ) ;
#4820 = EDGE_LOOP ( 'NONE', ( #2133, #8429, #4738, #659, #5901, #8507 ) ) ;
#4821 = AXIS2_PLACEMENT_3D ( 'NONE', #3100, #2409, #5214 ) ;
#4822 = ORIENTED_EDGE ( 'NONE', *, *, #1389, .F. ) ;
#4823 = ADVANCED_FACE ( 'NONE', ( #2135 ), #5553, .T. ) ;
#4824 = AXIS2_PLACEMENT_3D ( 'NONE', #90, #2070, #2768 ) ;
#4825 = CARTESIAN_POINT ( 'NONE',  ( -0.04063066961831318658, -4.959369330381687035, -28.91386551652194470 ) ) ;
#4826 = CARTESIAN_POINT ( 'NONE',  ( 0.000000000000000000, 0.000000000000000000, -122.9999999999999716 ) ) ;
#4827 = FACE_OUTER_BOUND ( 'NONE', #3098, .T. ) ;
#4828 = CARTESIAN_POINT ( 'NONE',  ( -4.748219996434698054, -0.2517800035653023349, -11.59116362763015040 ) ) ;
#4829 = ORIENTED_EDGE ( 'NONE', *, *, #4451, .T. ) ;
#4830 = ORIENTED_EDGE ( 'NONE', *, *, #3262, .T. ) ;
#4831 = MECHANICAL_CONTEXT ( 'NONE', #1618, 'mechanical' ) ;
#4832 = EDGE_CURVE ( 'NONE', #1764, #6857, #1713, .T. ) ;
#4833 = CARTESIAN_POINT ( 'NONE',  ( -0.008301598520831870998, -4.991698401479168545, -51.20374637061713941 ) ) ;
#4834 = DIRECTION ( 'NONE',  ( -0.000000000000000000, -0.000000000000000000, 1.000000000000000000 ) ) ;
#4835 = DIRECTION ( 'NONE',  ( 1.224646799147353207E-16, 1.000000000000000000, 0.000000000000000000 ) ) ;
#4836 = EDGE_LOOP ( 'NONE', ( #4902, #2481, #6414 ) ) ;
#4837 = CARTESIAN_POINT ( 'NONE',  ( -4.366408635906907421, -0.6335913640930935786, -32.89380044883598231 ) ) ;
#4838 = CARTESIAN_POINT ( 'NONE',  ( -1.000000000000000000, 1.224646799147353207E-16, -56.99999999999999289 ) ) ;
#4839 = CARTESIAN_POINT ( 'NONE',  ( -0.9999999999999995559, 1.224646799147352714E-16, 0.000000000000000000 ) ) ;
#4840 = ORIENTED_EDGE ( 'NONE', *, *, #6639, .F. ) ;
#4841 = DIRECTION ( 'NONE',  ( -0.000000000000000000, -0.000000000000000000, 1.000000000000000000 ) ) ;
#4842 = CARTESIAN_POINT ( 'NONE',  ( 0.6335913640883061859, -4.366408635911693814, -108.6061995511577578 ) ) ;
#4843 = CARTESIAN_POINT ( 'NONE',  ( 0.000000000000000000, 0.000000000000000000, -68.00000000000000000 ) ) ;
#4844 = CARTESIAN_POINT ( 'NONE',  ( 0.000000000000000000, 0.000000000000000000, -95.50000000000000000 ) ) ;
#4845 = CARTESIAN_POINT ( 'NONE',  ( 1.328041165545657876, -3.671958834454342124, -54.25000000000000000 ) ) ;
#4846 = EDGE_CURVE ( 'NONE', #257, #1355, #1149, .T. ) ;
#4847 = ORIENTED_EDGE ( 'NONE', *, *, #5873, .T. ) ;
#4848 = CARTESIAN_POINT ( 'NONE',  ( -0.04063066961490010426, -4.959369330385099417, -72.91386551654450443 ) ) ;
#4849 = ORIENTED_EDGE ( 'NONE', *, *, #8027, .F. ) ;
#4850 = CARTESIAN_POINT ( 'NONE',  ( -3.671958834454342124, -1.328041165545657876, -37.75000000000000000 ) ) ;
#4851 = DIRECTION ( 'NONE',  ( -0.000000000000000000, -0.000000000000000000, 1.000000000000000000 ) ) ;
#4852 = CARTESIAN_POINT ( 'NONE',  ( 3.863136006094624708, -1.136863993905373071, -15.62878377920270268 ) ) ;
#4853 = DIRECTION ( 'NONE',  ( -0.000000000000000000, -0.000000000000000000, 1.000000000000000000 ) ) ;
#4854 = CARTESIAN_POINT ( 'NONE',  ( 0.000000000000000000, 0.000000000000000000, -24.00000000000000355 ) ) ;
#4855 = CARTESIAN_POINT ( 'NONE',  ( 0.000000000000000000, 0.000000000000000000, -64.49999999999998579 ) ) ;
#4856 = EDGE_CURVE ( 'NONE', #4461, #3977, #1424, .T. ) ;
#4857 = CARTESIAN_POINT ( 'NONE',  ( 4.935408751172076336, -0.06459124882792298405, -90.72834765084402875 ) ) ;
#4858 = VERTEX_POINT ( 'NONE', #5626 ) ;
#4859 = CONTEXT_DEPENDENT_SHAPE_REPRESENTATION ( #5558, #6379 ) ;
#4860 = ORIENTED_EDGE ( 'NONE', *, *, #6664, .F. ) ;
#4861 = DIRECTION ( 'NONE',  ( 1.000000000000000000, 0.000000000000000000, 0.000000000000000000 ) ) ;
#4862 = CARTESIAN_POINT ( 'NONE',  ( 0.000000000000000000, -5.000000000000000000, -29.49999999997211830 ) ) ;
#4863 = CARTESIAN_POINT ( 'NONE',  ( 0.000000000000000000, 0.000000000000000000, -97.49999999999998579 ) ) ;
#4864 = DIRECTION ( 'NONE',  ( -0.000000000000000000, -0.000000000000000000, 1.000000000000000000 ) ) ;
#4865 = EDGE_CURVE ( 'NONE', #1239, #7513, #6568, .T. ) ;
#4866 = CARTESIAN_POINT ( 'NONE',  ( 4.282386290039715604, -0.7176137099602839520, -20.70222873041527478 ) ) ;
#4867 = ORIENTED_EDGE ( 'NONE', *, *, #8002, .F. ) ;
#4868 = DIRECTION ( 'NONE',  ( 0.000000000000000000, 0.000000000000000000, 1.000000000000000000 ) ) ;
#4869 = AXIS2_PLACEMENT_3D ( 'NONE', #7821, #9094, #2208 ) ;
#4870 = AXIS2_PLACEMENT_3D ( 'NONE', #1517, #8472, #4286 ) ;
#4871 = PERSON ( 'NAUO-PER2', 'UNSPECIFIED', 'UNSPECIFIED', ('UNSPECIFIED'), ('UNSPECIFIED'), ('UNSPECIFIED') ) ;
#4872 = SHAPE_REPRESENTATION ( '2mm_part1', ( #8018 ), #3322 ) ;
#4873 = CARTESIAN_POINT ( 'NONE',  ( -0.2608011983036385706, -4.739198801696361762, -50.09076228219166893 ) ) ;
#4874 = CIRCLE ( 'NONE', #4869, 3.904737509655567873 ) ;
#4875 = B_SPLINE_CURVE_WITH_KNOTS ( 'NONE', 3,
 ( #2769, #8931, #9011, #6209, #1902, #8970, #4745, #5567, #2679, #5522, #1328, #8290 ),
 .UNSPECIFIED., .F., .F.,
 ( 4, 2, 2, 2, 2, 4 ),
 ( 0.003504634718750454948, 0.003941423334025311205, 0.004378211949300167896, 0.005251789179849871737, 0.006125366410399575579, 0.006998943640949279420 ),
 .UNSPECIFIED. ) ;
#4876 = CARTESIAN_POINT ( 'NONE',  ( 0.1593231317748074471, -4.840676868225192386, -69.14678058429971941 ) ) ;
#4877 = ORIENTED_EDGE ( 'NONE', *, *, #1648, .F. ) ;
#4878 = CARTESIAN_POINT ( 'NONE',  ( -4.840676868219848217, -0.1593231317801519220, -33.85321941568363968 ) ) ;
#4879 = CARTESIAN_POINT ( 'NONE',  ( -0.9999999999999993339, 1.224646799147353207E-16, -69.99999999999998579 ) ) ;
#4880 = CARTESIAN_POINT ( 'NONE',  ( -0.7177365438799019337, -4.282263456120097622, -120.7976203301355582 ) ) ;
#4881 = EDGE_LOOP ( 'NONE', ( #7891, #7696, #7021 ) ) ;
#4882 = DIRECTION ( 'NONE',  ( -0.000000000000000000, -0.000000000000000000, 1.000000000000000000 ) ) ;
#4883 = DIRECTION ( 'NONE',  ( -0.000000000000000000, -0.000000000000000000, 1.000000000000000000 ) ) ;
#4884 = CARTESIAN_POINT ( 'NONE',  ( 1.328041165545667646, -3.671958834454332354, -4.750000000000002665 ) ) ;
#4885 = CARTESIAN_POINT ( 'NONE',  ( -5.000000000000285105, 2.852501778065482102E-13, -13.00000000000021316 ) ) ;
#4886 = DIRECTION ( 'NONE',  ( -0.000000000000000000, -0.000000000000000000, 1.000000000000000000 ) ) ;
#4887 = ORIENTED_EDGE ( 'NONE', *, *, #5974, .T. ) ;
#4888 = CARTESIAN_POINT ( 'NONE',  ( -3.671958834454343013, -1.328041165545656765, -70.75000000000000000 ) ) ;
#4889 = ORIENTED_EDGE ( 'NONE', *, *, #3459, .T. ) ;
#4890 = CIRCLE ( 'NONE', #5043, 0.9999999999999986677 ) ;
#4891 = EDGE_CURVE ( 'NONE', #1999, #3527, #6207, .T. ) ;
#4892 = CARTESIAN_POINT ( 'NONE',  ( 3.863136006094628705, -1.136863993905370407, -43.12878377920269202 ) ) ;
#4893 = DIRECTION ( 'NONE',  ( -0.000000000000000000, -0.000000000000000000, 1.000000000000000000 ) ) ;
#4894 = DIRECTION ( 'NONE',  ( 0.000000000000000000, -1.000000000000000000, 0.000000000000000000 ) ) ;
#4895 = TOROIDAL_SURFACE ( 'NONE', #8286, 1.000000000000000000, 1.999999999999994893 ) ;
#4896 = CARTESIAN_POINT ( 'NONE',  ( 4.040089233413053371, -0.9599107665869472950, -86.97763427936018843 ) ) ;
#4897 = CARTESIAN_POINT ( 'NONE',  ( 0.4321793203735384004, -4.567820679626461100, -104.7265737627597559 ) ) ;
#4898 = FACE_OUTER_BOUND ( 'NONE', #2854, .T. ) ;
#4899 = CARTESIAN_POINT ( 'NONE',  ( 4.739198801701949293, -0.2608011982980512622, -91.40923771779445417 ) ) ;
#4900 = ORIENTED_EDGE ( 'NONE', *, *, #6304, .F. ) ;
#4901 = CARTESIAN_POINT ( 'NONE',  ( 0.000000000000000000, 0.000000000000000000, 0.000000000000000000 ) ) ;
#4902 = ORIENTED_EDGE ( 'NONE', *, *, #1447, .F. ) ;
#4903 = EDGE_CURVE ( 'NONE', #4858, #7234, #7085, .T. ) ;
#4904 = CARTESIAN_POINT ( 'NONE',  ( 1.000000000000000000, 0.000000000000000000, -46.00000000000000000 ) ) ;
#4905 = FACE_OUTER_BOUND ( 'NONE', #8105, .T. ) ;
#4906 = FACE_OUTER_BOUND ( 'NONE', #2176, .T. ) ;
#4907 = CARTESIAN_POINT ( 'NONE',  ( 0.000000000000000000, 0.000000000000000000, 0.000000000000000000 ) ) ;
#4908 = EDGE_CURVE ( 'NONE', #7686, #2347, #8630, .T. ) ;
#4909 = DIRECTION ( 'NONE',  ( -0.000000000000000000, -0.000000000000000000, 1.000000000000000000 ) ) ;
#4910 = DIRECTION ( 'NONE',  ( 1.000000000000000000, 0.000000000000000000, 0.000000000000000000 ) ) ;
#4911 = ORIENTED_EDGE ( 'NONE', *, *, #7369, .T. ) ;
#4912 = CIRCLE ( 'NONE', #5077, 3.904737509655567873 ) ;
#4913 = PERSON_AND_ORGANIZATION_ROLE ( 'creator' ) ;
#4914 = AXIS2_PLACEMENT_3D ( 'NONE', #8553, #2115, #7914 ) ;
#4915 = EDGE_CURVE ( 'NONE', #1387, #6579, #7007, .T. ) ;
#4916 = VECTOR ( 'NONE', #2127, 1000.000000000000000 ) ;
#4917 = CARTESIAN_POINT ( 'NONE',  ( 0.9999999999999995559, 0.000000000000000000, 0.000000000000000000 ) ) ;
#4918 = CARTESIAN_POINT ( 'NONE',  ( 0.2517800035594487951, -4.748219996440551149, -52.90883637235563697 ) ) ;
#4919 = CARTESIAN_POINT ( 'NONE',  ( 4.832344906989094468, -0.1676550930109053372, -25.14546193740918767 ) ) ;
#4920 = ORIENTED_EDGE ( 'NONE', *, *, #9040, .T. ) ;
#4921 = CARTESIAN_POINT ( 'NONE',  ( -5.000000000000007105, 5.905196070901760024E-15, -106.3531564695516352 ) ) ;
#4922 = CARTESIAN_POINT ( 'NONE',  ( 4.840676868219849105, -0.1593231317801506730, -44.85321941568362547 ) ) ;
#4923 = AXIS2_PLACEMENT_3D ( 'NONE', #8637, #1046, #3810 ) ;
#4924 = DIRECTION ( 'NONE',  ( 1.000000000000000000, 0.000000000000000000, 0.000000000000000000 ) ) ;
#4925 = CARTESIAN_POINT ( 'NONE',  ( -1.328041165545656765, -3.671958834454343013, -92.74999999999998579 ) ) ;
#4926 = ORIENTED_EDGE ( 'NONE', *, *, #7344, .F. ) ;
#4927 = CARTESIAN_POINT ( 'NONE',  ( 0.000000000000000000, 0.000000000000000000, -99.00000000000000000 ) ) ;
#4928 = AXIS2_PLACEMENT_3D ( 'NONE', #7644, #7820, #645 ) ;
#4929 = EDGE_CURVE ( 'NONE', #6659, #3278, #2808, .T. ) ;
#4930 = AXIS2_PLACEMENT_3D ( 'NONE', #3246, #6745, #443 ) ;
#4931 = CARTESIAN_POINT ( 'NONE',  ( -4.999999999999986677, -1.245921937940029991E-14, -106.6472572078872645 ) ) ;
#4932 = CARTESIAN_POINT ( 'NONE',  ( 0.000000000000000000, -5.000000000000000000, -62.50000000000000000 ) ) ;
#4933 = TOROIDAL_SURFACE ( 'NONE', #2003, 1.000000000000000000, 1.999999999999998224 ) ;
#4934 = CARTESIAN_POINT ( 'NONE',  ( 1.137220779209110910, -3.862779220790889312, -4.629009999551387367 ) ) ;
#4935 = DIRECTION ( 'NONE',  ( -0.000000000000000000, -0.000000000000000000, 1.000000000000000000 ) ) ;
#4936 = CARTESIAN_POINT ( 'NONE',  ( 1.027174926393432362E-12, -4.999999999998974154, -111.8527427920862038 ) ) ;
#4937 = ORIENTED_EDGE ( 'NONE', *, *, #6936, .F. ) ;
#4938 = CARTESIAN_POINT ( 'NONE',  ( -1.137203174285779106, -3.862796825714220894, -10.12899883711745908 ) ) ;
#4939 = ORIENTED_EDGE ( 'NONE', *, *, #3788, .F. ) ;
#4940 = EDGE_CURVE ( 'NONE', #5478, #6095, #3372, .T. ) ;
#4941 = CARTESIAN_POINT ( 'NONE',  ( 0.000000000000000000, 0.000000000000000000, -95.50000000000000000 ) ) ;
#4942 = CARTESIAN_POINT ( 'NONE',  ( 0.000000000000000000, -5.000000000000000000, -34.99999999997221067 ) ) ;
#4943 = FACE_OUTER_BOUND ( 'NONE', #1265, .T. ) ;
#4944 = CARTESIAN_POINT ( 'NONE',  ( 4.999999999999986677, -1.267690684684465825E-14, -84.64725720788726449 ) ) ;
#4945 = DIRECTION ( 'NONE',  ( -0.000000000000000000, -0.000000000000000000, 1.000000000000000000 ) ) ;
#4946 = CARTESIAN_POINT ( 'NONE',  ( 0.000000000000000000, 0.000000000000000000, -27.49999999999999645 ) ) ;
#4947 = CARTESIAN_POINT ( 'NONE',  ( 3.863136006094629149, -1.136863993905370185, -92.62878377920269202 ) ) ;
#4948 = EDGE_LOOP ( 'NONE', ( #2496, #5937, #3675, #4231 ) ) ;
#4949 = CARTESIAN_POINT ( 'NONE',  ( 0.06404366728014154742, -4.935956332719858786, -57.72559813401495177 ) ) ;
#4950 = CIRCLE ( 'NONE', #2154, 4.000000000000000000 ) ;
#4951 = ORIENTED_EDGE ( 'NONE', *, *, #8815, .T. ) ;
#4952 = TOROIDAL_SURFACE ( 'NONE', #6437, 1.000000000000000000, 1.999999999999994893 ) ;
#4953 = SECURITY_CLASSIFICATION ( '', '', #356 ) ;
#4954 = CARTESIAN_POINT ( 'NONE',  ( -1.328041165545665203, -3.671958834454335019, -26.75000000000000355 ) ) ;
#4955 = TOROIDAL_SURFACE ( 'NONE', #2308, 1.000000000000000000, 1.999999999999994893 ) ;
#4956 = AXIS2_PLACEMENT_3D ( 'NONE', #2375, #5178, #7985 ) ;
#4957 = DIRECTION ( 'NONE',  ( -1.000000000000000000, 1.224646799147353454E-16, 0.000000000000000000 ) ) ;
#4958 = CARTESIAN_POINT ( 'NONE',  ( 1.136863993906870762, -3.863136006093128128, -92.87121622079632743 ) ) ;
#4959 = AXIS2_PLACEMENT_3D ( 'NONE', #9065, #698, #3464 ) ;
#4960 = CARTESIAN_POINT ( 'NONE',  ( -0.9999999999999995559, 1.224646799147352714E-16, 0.000000000000000000 ) ) ;
#4961 = CARTESIAN_POINT ( 'NONE',  ( 0.008301598518897208498, -4.991698401481102998, -56.70374637064249868 ) ) ;
#4962 = CARTESIAN_POINT ( 'NONE',  ( 4.748219996434698054, -0.2517800035653025015, -116.0911636276301664 ) ) ;
#4963 = EDGE_LOOP ( 'NONE', ( #1245, #7445, #6166 ) ) ;
#4964 = APPLICATION_PROTOCOL_DEFINITION ( 'international standard', 'config_control_design', 1994, #1924 ) ;
#4965 = ADVANCED_FACE ( 'NONE', ( #1770 ), #3210, .T. ) ;
#4966 = ORIENTED_EDGE ( 'NONE', *, *, #1722, .F. ) ;
#4967 = TOROIDAL_SURFACE ( 'NONE', #1427, 1.000000000000000000, 4.000000000000000000 ) ;
#4968 = CIRCLE ( 'NONE', #6145, 3.999999999999996447 ) ;
#4969 = DIRECTION ( 'NONE',  ( 1.224646799147353207E-16, 1.000000000000000000, 0.000000000000000000 ) ) ;
#4970 = FACE_OUTER_BOUND ( 'NONE', #8384, .T. ) ;
#4971 = DIRECTION ( 'NONE',  ( 0.000000000000000000, 0.000000000000000000, -1.000000000000000000 ) ) ;
#4972 = TOROIDAL_SURFACE ( 'NONE', #7302, 1.000000000000000000, 3.999999999999996447 ) ;
#4973 = ORIENTED_EDGE ( 'NONE', *, *, #1050, .F. ) ;
#4974 = CARTESIAN_POINT ( 'NONE',  ( -4.041784260359809089, -0.9582157396401908001, -104.0237746502993019 ) ) ;
#4975 = DIRECTION ( 'NONE',  ( 1.000000000000000000, 0.000000000000000000, 0.000000000000000000 ) ) ;
#4976 = DIRECTION ( 'NONE',  ( 1.000000000000000000, 0.000000000000000000, 0.000000000000000000 ) ) ;
#4977 = EDGE_CURVE ( 'NONE', #5285, #177, #292, .T. ) ;
#4978 = CIRCLE ( 'NONE', #1007, 3.904737509655572758 ) ;
#4979 = DIRECTION ( 'NONE',  ( 1.000000000000000000, 0.000000000000000000, 0.000000000000000000 ) ) ;
#4980 = CARTESIAN_POINT ( 'NONE',  ( 0.000000000000000000, 0.000000000000000000, -98.24999999999998579 ) ) ;
#4981 = DIRECTION ( 'NONE',  ( -0.000000000000000000, -0.000000000000000000, 1.000000000000000000 ) ) ;
#4982 = CARTESIAN_POINT ( 'NONE',  ( 4.959369330385070107, -0.04063066961493031620, -79.58613448345569452 ) ) ;
#4983 = CARTESIAN_POINT ( 'NONE',  ( 4.960065625082964225, -0.03993437491703551862, -28.91868978647572419 ) ) ;
#4984 = LINE ( 'NONE', #2128, #7158 ) ;
#4985 = DIRECTION ( 'NONE',  ( -0.000000000000000000, -0.000000000000000000, 1.000000000000000000 ) ) ;
#4986 = EDGE_CURVE ( 'NONE', #7108, #6176, #8186, .T. ) ;
#4987 = EDGE_LOOP ( 'NONE', ( #4018, #8615, #4830 ) ) ;
#4988 = CARTESIAN_POINT ( 'NONE',  ( -4.567820679631959813, -0.4321793203680409090, -14.77342623723035508 ) ) ;
#4989 = EDGE_LOOP ( 'NONE', ( #8397, #8091, #6902 ) ) ;
#4990 = B_SPLINE_CURVE_WITH_KNOTS ( 'NONE', 3,
 ( #3966, #1752, #4505, #5973, #8052, #3227, #5241, #2536, #319, #463, #3128, #3867, #4553, #278, #6669, #8143 ),
 .UNSPECIFIED., .F., .F.,
 ( 4, 2, 2, 2, 2, 2, 2, 4 ),
 ( 4.818711198500916319E-07, 0.0008765200830274302987, 0.001314539188981223017, 0.001752558294935015627, 0.002190577400888807803, 0.002628596506842599979, 0.003066615612796393022, 0.003504634718750185632 ),
 .UNSPECIFIED. ) ;
#4991 = CARTESIAN_POINT ( 'NONE',  ( 4.832344906989097133, -0.1676550930109028115, -41.64546193740920188 ) ) ;
#4992 = CARTESIAN_POINT ( 'NONE',  ( -1.027098599313404079E-12, -4.999999999998974154, -84.35274279208621806 ) ) ;
#4993 = CARTESIAN_POINT ( 'NONE',  ( 0.000000000000000000, 0.000000000000000000, -59.75000000000000000 ) ) ;
#4994 = DIRECTION ( 'NONE',  ( 1.000000000000000000, 0.000000000000000000, 0.000000000000000000 ) ) ;
#4995 = CARTESIAN_POINT ( 'NONE',  ( -0.6401341107417179987, -4.359865889258282223, -10.89874954628655779 ) ) ;
#4996 = CARTESIAN_POINT ( 'NONE',  ( 3.671958834454343013, -1.328041165545656987, -120.2499999999999858 ) ) ;
#4997 = EDGE_CURVE ( 'NONE', #6733, #8638, #848, .T. ) ;
#4998 = CARTESIAN_POINT ( 'NONE',  ( 4.959369330385070107, -0.04063066961493031620, -90.58613448345569452 ) ) ;
#4999 = ADVANCED_FACE ( 'NONE', ( #7334 ), #4668, .T. ) ;
#5000 = ORIENTED_EDGE ( 'NONE', *, *, #5965, .T. ) ;
#5001 = CARTESIAN_POINT ( 'NONE',  ( 0.06404366728014496135, -4.935956332719857009, -24.72559813401497664 ) ) ;
#5002 = ORIENTED_EDGE ( 'NONE', *, *, #6535, .F. ) ;
#5003 = FACE_OUTER_BOUND ( 'NONE', #3446, .T. ) ;
#5004 = CARTESIAN_POINT ( 'NONE',  ( -4.282386290039721821, -0.7176137099602799552, -42.70222873041529255 ) ) ;
#5005 = DIRECTION ( 'NONE',  ( -0.000000000000000000, -0.000000000000000000, 1.000000000000000000 ) ) ;
#5006 = CARTESIAN_POINT ( 'NONE',  ( 1.328041165545663649, -3.671958834454336795, -32.25000000000000000 ) ) ;
#5007 = VERTEX_POINT ( 'NONE', #2322 ) ;
#5008 = COORDINATED_UNIVERSAL_TIME_OFFSET ( 3, 30, .AHEAD. ) ;
#5009 = ORIENTED_EDGE ( 'NONE', *, *, #2015, .F. ) ;
#5010 = EDGE_CURVE ( 'NONE', #7998, #1330, #8727, .T. ) ;
#5011 = DIRECTION ( 'NONE',  ( 1.000000000000000000, 0.000000000000000000, 0.000000000000000000 ) ) ;
#5012 = DIRECTION ( 'NONE',  ( -0.000000000000000000, -0.000000000000000000, 1.000000000000000000 ) ) ;
#5013 = CARTESIAN_POINT ( 'NONE',  ( 0.000000000000000000, 0.000000000000000000, -81.74999999999998579 ) ) ;
#5014 = ORIENTED_EDGE ( 'NONE', *, *, #8786, .F. ) ;
#5015 = AXIS2_PLACEMENT_3D ( 'NONE', #526, #1300, #1910 ) ;
#5016 = CARTESIAN_POINT ( 'NONE',  ( 0.000000000000000000, -5.000000000000000000, -56.99999999999999289 ) ) ;
#5017 = CARTESIAN_POINT ( 'NONE',  ( -4.999999999999986677, -1.245921937940029991E-14, -79.14725720788725027 ) ) ;
#5018 = DIRECTION ( 'NONE',  ( 0.000000000000000000, -1.000000000000000000, 0.000000000000000000 ) ) ;
#5019 = DIRECTION ( 'NONE',  ( 1.000000000000000000, 0.000000000000000000, 0.000000000000000000 ) ) ;
#5020 = DIRECTION ( 'NONE',  ( 0.000000000000000000, -1.000000000000000000, 0.000000000000000000 ) ) ;
#5021 = AXIS2_PLACEMENT_3D ( 'NONE', #3094, #8745, #933 ) ;
#5022 = ADVANCED_FACE ( 'NONE', ( #6875 ), #5350, .F. ) ;
#5023 = FACE_OUTER_BOUND ( 'NONE', #873, .T. ) ;
#5024 = CARTESIAN_POINT ( 'NONE',  ( 4.282386290039718268, -0.7176137099602819536, -81.20222873041525702 ) ) ;
#5025 = CARTESIAN_POINT ( 'NONE',  ( 4.041784260359807313, -0.9582157396401936866, -93.02377465029930192 ) ) ;
#5026 = CARTESIAN_POINT ( 'NONE',  ( -0.9999999999999986677, 1.224646799147351728E-16, -131.9999999999999716 ) ) ;
#5027 = CARTESIAN_POINT ( 'NONE',  ( 1.328041165545656765, -3.671958834454343013, -109.2499999999999858 ) ) ;
#5028 = ADVANCED_FACE ( 'NONE', ( #6038 ), #2618, .F. ) ;
#5029 = ORIENTED_EDGE ( 'NONE', *, *, #8929, .T. ) ;
#5030 = CARTESIAN_POINT ( 'NONE',  ( -4.872131520502827939, -0.1278684794971726990, -14.00740203054002997 ) ) ;
#5031 = VERTEX_POINT ( 'NONE', #1864 ) ;
#5032 = ADVANCED_FACE ( 'NONE', ( #4115 ), #6874, .T. ) ;
#5033 = CARTESIAN_POINT ( 'NONE',  ( -3.862796825714234661, -1.137203174285766227, -37.87100116288255691 ) ) ;
#5034 = DIRECTION ( 'NONE',  ( -1.000000000000000000, 1.224646799147353207E-16, 0.000000000000000000 ) ) ;
#5035 = CARTESIAN_POINT ( 'NONE',  ( 0.9999999999999986677, 0.000000000000000000, 0.000000000000000000 ) ) ;
#5036 = CARTESIAN_POINT ( 'NONE',  ( -4.739198801701949293, -0.2608011982980511512, -96.90923771779445417 ) ) ;
#5037 = CARTESIAN_POINT ( 'NONE',  ( 0.04063066961490020834, -4.959369330385099417, -72.91386551654450443 ) ) ;
#5038 = CARTESIAN_POINT ( 'NONE',  ( 4.040089233413053371, -0.9599107665869476280, -37.47763427936022396 ) ) ;
#5039 = VERTEX_POINT ( 'NONE', #7475 ) ;
#5040 = CARTESIAN_POINT ( 'NONE',  ( 4.999999999999986677, -1.267690684684465825E-14, -101.1472572078872503 ) ) ;
#5041 = B_SPLINE_CURVE_WITH_KNOTS ( 'NONE', 3,
 ( #3108, #7482, #4482, #5220, #4676, #3205, #8666, #2369, #6046, #7384, #343, #5174 ),
 .UNSPECIFIED., .F., .F.,
 ( 4, 2, 2, 2, 2, 4 ),
 ( 0.003504634718750202979, 0.003941423334025087426, 0.004378211949299971872, 0.005251789179849739898, 0.006125366410399507924, 0.006998943640949276818 ),
 .UNSPECIFIED. ) ;
#5042 = ORIENTED_EDGE ( 'NONE', *, *, #2046, .T. ) ;
#5043 = AXIS2_PLACEMENT_3D ( 'NONE', #8748, #8109, #7235 ) ;
#5044 = FACE_OUTER_BOUND ( 'NONE', #3904, .T. ) ;
#5045 = FACE_OUTER_BOUND ( 'NONE', #6280, .T. ) ;
#5046 = FACE_OUTER_BOUND ( 'NONE', #2234, .T. ) ;
#5047 = DIRECTION ( 'NONE',  ( -0.000000000000000000, -0.000000000000000000, 1.000000000000000000 ) ) ;
#5048 = DIRECTION ( 'NONE',  ( 0.000000000000000000, -1.000000000000000000, 0.000000000000000000 ) ) ;
#5049 = EDGE_LOOP ( 'NONE', ( #719, #1501, #916, #253, #5296, #1631 ) ) ;
#5050 = B_SPLINE_CURVE_WITH_KNOTS ( 'NONE', 3,
 ( #1920, #1961, #3432, #7487, #8992, #4814, #2007, #6841, #7623, #6189, #4087, #1185 ),
 .UNSPECIFIED., .F., .F.,
 ( 4, 2, 2, 2, 2, 4 ),
 ( 0.003504634718722943101, 0.003941423334001239315, 0.004378211949279535962, 0.005251789179836128391, 0.006125366410392720819, 0.006998943640949313247 ),
 .UNSPECIFIED. ) ;
#5051 = COORDINATED_UNIVERSAL_TIME_OFFSET ( 3, 30, .AHEAD. ) ;
#5052 = VERTEX_POINT ( 'NONE', #1909 ) ;
#5053 = AXIS2_PLACEMENT_3D ( 'NONE', #7662, #2052, #6925 ) ;
#5054 = EDGE_CURVE ( 'NONE', #7413, #7126, #4380, .T. ) ;
#5055 = CARTESIAN_POINT ( 'NONE',  ( -4.508466212578266408, -0.4915337874217340919, -5.606235193067955258 ) ) ;
#5056 = AXIS2_PLACEMENT_3D ( 'NONE', #8768, #6506, #1637 ) ;
#5057 = CARTESIAN_POINT ( 'NONE',  ( -3.862779220790900858, -1.137220779209097810, -120.3709900004486002 ) ) ;
#5058 = CARTESIAN_POINT ( 'NONE',  ( 4.935408751172078112, -0.06459124882792163791, -24.72834765084401809 ) ) ;
#5059 = VERTEX_POINT ( 'NONE', #4714 ) ;
#5060 = CARTESIAN_POINT ( 'NONE',  ( -3.904737509655567873, 4.781924292710298509E-16, -114.7499999999999858 ) ) ;
#5061 = DIRECTION ( 'NONE',  ( 0.000000000000000000, -1.000000000000000000, 0.000000000000000000 ) ) ;
#5062 = DIRECTION ( 'NONE',  ( -0.000000000000000000, -0.000000000000000000, 1.000000000000000000 ) ) ;
#5063 = CARTESIAN_POINT ( 'NONE',  ( -0.9599899463623128293, -4.040010053637688614, -120.5222983861616228 ) ) ;
#5064 = EDGE_CURVE ( 'NONE', #3842, #5052, #2715, .T. ) ;
#5065 = ORIENTED_EDGE ( 'NONE', *, *, #148, .T. ) ;
#5066 = CARTESIAN_POINT ( 'NONE',  ( 1.000000000000000000, 0.000000000000000000, -7.500000000000003553 ) ) ;
#5067 = AXIS2_PLACEMENT_3D ( 'NONE', #2962, #5756, #5068 ) ;
#5068 = DIRECTION ( 'NONE',  ( 1.000000000000000000, 0.000000000000000000, 0.000000000000000000 ) ) ;
#5069 = CARTESIAN_POINT ( 'NONE',  ( 0.000000000000000000, 0.000000000000000000, -84.50000000000000000 ) ) ;
#5070 = DIRECTION ( 'NONE',  ( 1.000000000000000000, 0.000000000000000000, 0.000000000000000000 ) ) ;
#5071 = AXIS2_PLACEMENT_3D ( 'NONE', #6585, #8653, #2450 ) ;
#5072 = ORIENTED_EDGE ( 'NONE', *, *, #7033, .T. ) ;
#5073 = CARTESIAN_POINT ( 'NONE',  ( -0.9599107665869267558, -4.040089233413072023, -16.02236572063979736 ) ) ;
#5074 = EDGE_CURVE ( 'NONE', #3998, #4391, #8044, .T. ) ;
#5075 = EDGE_LOOP ( 'NONE', ( #1978, #8132, #223 ) ) ;
#5076 = TOROIDAL_SURFACE ( 'NONE', #2001, 1.000000000000000000, 1.999999999999999112 ) ;
#5077 = AXIS2_PLACEMENT_3D ( 'NONE', #907, #5177, #3709 ) ;
#5078 = DIRECTION ( 'NONE',  ( 0.000000000000000000, -1.000000000000000000, 0.000000000000000000 ) ) ;
#5079 = CARTESIAN_POINT ( 'NONE',  ( -0.4974474678531454752, -4.502552532146853359, -82.61327242306309415 ) ) ;
#5080 = DIRECTION ( 'NONE',  ( 1.000000000000000000, 0.000000000000000000, 0.000000000000000000 ) ) ;
#5081 = CARTESIAN_POINT ( 'NONE',  ( 4.282386290039718268, -0.7176137099602819536, -86.70222873041527123 ) ) ;
#5082 = CARTESIAN_POINT ( 'NONE',  ( -4.872131520502826163, -0.1278684794971741423, -96.50740203054000688 ) ) ;
#5083 = CARTESIAN_POINT ( 'NONE',  ( 0.1676550930108600679, -4.832344906989139766, -72.35453806259094733 ) ) ;
#5084 = CARTESIAN_POINT ( 'NONE',  ( -4.282386290039721821, -0.7176137099602799552, -37.20222873041528544 ) ) ;
#5085 = EDGE_LOOP ( 'NONE', ( #8934, #6956, #1489 ) ) ;
#5086 = CARTESIAN_POINT ( 'NONE',  ( -0.4321793203735343480, -4.567820679626463765, -88.22657376275972752 ) ) ;
#5087 = EDGE_CURVE ( 'NONE', #7895, #1786, #5400, .T. ) ;
#5088 = ORIENTED_EDGE ( 'NONE', *, *, #3557, .T. ) ;
#5089 = CARTESIAN_POINT ( 'NONE',  ( 4.041784260359807313, -0.9582157396401937977, -16.02377465029932324 ) ) ;
#5090 = CARTESIAN_POINT ( 'NONE',  ( -3.863136006094630481, -1.136863993905370185, -43.12878377920270623 ) ) ;
#5091 = CARTESIAN_POINT ( 'NONE',  ( 0.7176137099645706341, -4.282386290035427479, -93.29777126957944233 ) ) ;
#5092 = CARTESIAN_POINT ( 'NONE',  ( 4.935956332719889872, -0.06404366728011047505, -116.7744018659851974 ) ) ;
#5093 = EDGE_LOOP ( 'NONE', ( #1521, #6106, #6431 ) ) ;
#5094 = APPROVAL_PERSON_ORGANIZATION ( #5284, #8347, #1787 ) ;
#5095 = COORDINATED_UNIVERSAL_TIME_OFFSET ( 3, 30, .AHEAD. ) ;
#5096 = EDGE_CURVE ( 'NONE', #1323, #6769, #2319, .T. ) ;
#5097 = ORIENTED_EDGE ( 'NONE', *, *, #3967, .F. ) ;
#5098 = EDGE_CURVE ( 'NONE', #1051, #1252, #622, .T. ) ;
#5099 = TOROIDAL_SURFACE ( 'NONE', #1570, 1.000000000000000000, 3.999999999999996447 ) ;
#5100 = CIRCLE ( 'NONE', #3343, 1.000000000000000000 ) ;
#5101 = B_SPLINE_CURVE_WITH_KNOTS ( 'NONE', 3,
 ( #7811, #2149, #6980, #8406, #5092, #7853, #4962, #4177, #2197, #2946, #35, #3578 ),
 .UNSPECIFIED., .F., .F.,
 ( 4, 2, 2, 2, 2, 4 ),
 ( 0.003504634718750183030, 0.003941423334025066609, 0.004378211949299949321, 0.005251789179849716480, 0.006125366410399483638, 0.006998943640949250797 ),
 .UNSPECIFIED. ) ;
#5102 = DIRECTION ( 'NONE',  ( 1.000000000000000000, 0.000000000000000000, 0.000000000000000000 ) ) ;
#5103 = CARTESIAN_POINT ( 'NONE',  ( -4.935408751172076336, -0.06459124882792278977, -85.22834765084402875 ) ) ;
#5104 = FACE_OUTER_BOUND ( 'NONE', #6633, .T. ) ;
#5105 = ORIENTED_EDGE ( 'NONE', *, *, #7072, .F. ) ;
#5106 = FACE_OUTER_BOUND ( 'NONE', #607, .T. ) ;
#5107 = CARTESIAN_POINT ( 'NONE',  ( 4.041784260359807313, -0.9582157396401936866, -71.02377465029931614 ) ) ;
#5108 = CARTESIAN_POINT ( 'NONE',  ( 0.000000000000000000, 0.000000000000000000, -29.50000000000000355 ) ) ;
#5109 = EDGE_CURVE ( 'NONE', #8720, #4201, #3782, .T. ) ;
#5110 = CARTESIAN_POINT ( 'NONE',  ( -1.328041165545656987, -3.671958834454343013, -114.7499999999999858 ) ) ;
#5111 = EDGE_CURVE ( 'NONE', #1579, #179, #8408, .T. ) ;
#5112 = TOROIDAL_SURFACE ( 'NONE', #7609, 1.000000000000000000, 3.999999999999996447 ) ;
#5113 = ORIENTED_EDGE ( 'NONE', *, *, #8056, .F. ) ;
#5114 = CARTESIAN_POINT ( 'NONE',  ( 0.000000000000000000, -5.000000000000000000, -45.99999999997221067 ) ) ;
#5115 = CIRCLE ( 'NONE', #1159, 2.000000000000001776 ) ;
#5116 = CYLINDRICAL_SURFACE ( 'NONE', #4523, 1.000000000000000000 ) ;
#5117 = AXIS2_PLACEMENT_3D ( 'NONE', #4651, #968, #3919 ) ;
#5118 = CARTESIAN_POINT ( 'NONE',  ( 0.1593231317747888232, -4.840676868225211926, -30.64678058429968033 ) ) ;
#5119 = CARTESIAN_POINT ( 'NONE',  ( 3.671958834454343013, -1.328041165545656987, -70.75000000000000000 ) ) ;
#5120 = CARTESIAN_POINT ( 'NONE',  ( 4.991957775357461990, -0.008042224642536831627, -12.70753412542731375 ) ) ;
#5121 = CIRCLE ( 'NONE', #1439, 2.999999999999998668 ) ;
#5122 = EDGE_LOOP ( 'NONE', ( #310, #8204, #3529 ) ) ;
#5123 = DIRECTION ( 'NONE',  ( -0.000000000000000000, -0.000000000000000000, -1.000000000000000000 ) ) ;
#5124 = ORIENTED_EDGE ( 'NONE', *, *, #8566, .T. ) ;
#5125 = CARTESIAN_POINT ( 'NONE',  ( 3.671958834454336351, -1.328041165545663871, -32.25000000000000000 ) ) ;
#5126 = CARTESIAN_POINT ( 'NONE',  ( 0.000000000000000000, 0.000000000000000000, -112.0000000000000000 ) ) ;
#5127 = ADVANCED_FACE ( 'NONE', ( #2040, #5023 ), #7649, .F. ) ;
#5128 = CARTESIAN_POINT ( 'NONE',  ( -3.904737509655563876, 4.781924292710295550E-16, -32.25000000000000000 ) ) ;
#5129 = CARTESIAN_POINT ( 'NONE',  ( 0.000000000000000000, 0.000000000000000000, 0.000000000000000000 ) ) ;
#5130 = CARTESIAN_POINT ( 'NONE',  ( -0.3138588208043393002, -4.686141179195662865, -77.46532131222946305 ) ) ;
#5131 = ORIENTED_EDGE ( 'NONE', *, *, #853, .F. ) ;
#5132 = DIRECTION ( 'NONE',  ( -0.000000000000000000, -0.000000000000000000, 1.000000000000000000 ) ) ;
#5133 = VERTEX_POINT ( 'NONE', #1379 ) ;
#5134 = FACE_OUTER_BOUND ( 'NONE', #6186, .T. ) ;
#5135 = B_SPLINE_CURVE_WITH_KNOTS ( 'NONE', 3,
 ( #1042, #1137, #7440, #1682, #6653, #5958, #5138, #1781, #7252, #399, #6053, #8034, #3212, #3898, #1735, #4540 ),
 .UNSPECIFIED., .F., .F.,
 ( 4, 2, 2, 2, 2, 2, 2, 4 ),
 ( 4.818711199239378700E-07, 0.0008765200830206796223, 0.001314539188971056887, 0.001752558294921434043, 0.002190577400871811416, 0.002628596506822188355, 0.003066615612772565294, 0.003504634718722942233 ),
 .UNSPECIFIED. ) ;
#5136 = FACE_OUTER_BOUND ( 'NONE', #6552, .T. ) ;
#5137 = EDGE_CURVE ( 'NONE', #73, #7686, #5251, .T. ) ;
#5138 = CARTESIAN_POINT ( 'NONE',  ( 0.4321793203734991540, -4.567820679626500180, -66.22657376275981278 ) ) ;
#5139 = DIRECTION ( 'NONE',  ( -0.000000000000000000, -0.000000000000000000, 1.000000000000000000 ) ) ;
#5140 = AXIS2_PLACEMENT_3D ( 'NONE', #782, #3594, #6394 ) ;
#5141 = DIRECTION ( 'NONE',  ( -0.000000000000000000, -0.000000000000000000, 1.000000000000000000 ) ) ;
#5142 = EDGE_LOOP ( 'NONE', ( #4805, #7598, #464, #1457 ) ) ;
#5143 = CALENDAR_DATE ( 2026, 24, 2 ) ;
#5144 = EDGE_LOOP ( 'NONE', ( #3844, #2299, #4647 ) ) ;
#5145 = DIRECTION ( 'NONE',  ( -0.000000000000000000, -0.000000000000000000, 1.000000000000000000 ) ) ;
#5146 = ADVANCED_FACE ( 'NONE', ( #5666 ), #6397, .F. ) ;
#5147 = DIRECTION ( 'NONE',  ( 1.000000000000000000, 0.000000000000000000, 0.000000000000000000 ) ) ;
#5148 = ORIENTED_EDGE ( 'NONE', *, *, #9050, .T. ) ;
#5149 = DIRECTION ( 'NONE',  ( -0.000000000000000000, -0.000000000000000000, 1.000000000000000000 ) ) ;
#5150 = CARTESIAN_POINT ( 'NONE',  ( 1.328041165545661428, -3.671958834454339016, -21.24999999999999645 ) ) ;
#5151 = CARTESIAN_POINT ( 'NONE',  ( -4.872131520502827939, -0.1278684794971726157, -30.50740203054003530 ) ) ;
#5152 = CARTESIAN_POINT ( 'NONE',  ( -0.9599107665869273109, -4.040089233413072023, -115.0223657206397974 ) ) ;
#5153 = B_SPLINE_CURVE_WITH_KNOTS ( 'NONE', 3,
 ( #6003, #3891, #7292, #5311, #5861, #4533, #3800, #8123, #8854, #299, #8170, #1871, #1180, #3988, #989, #8708 ),
 .UNSPECIFIED., .F., .F.,
 ( 4, 2, 2, 2, 2, 2, 2, 4 ),
 ( 4.818711198784750707E-07, 0.0008765200830206374468, 0.001314539188971016988, 0.001752558294921396529, 0.002190577400871775854, 0.002628596506822155395, 0.003066615612772534936, 0.003504634718722914478 ),
 .UNSPECIFIED. ) ;
#5154 = EDGE_LOOP ( 'NONE', ( #5834, #84, #1334, #4502 ) ) ;
#5155 = CARTESIAN_POINT ( 'NONE',  ( -1.328041165545656765, -3.671958834454343013, -103.7500000000000000 ) ) ;
#5156 = DIRECTION ( 'NONE',  ( 1.000000000000000000, 0.000000000000000000, 0.000000000000000000 ) ) ;
#5157 = CARTESIAN_POINT ( 'NONE',  ( 5.000000000000008882, 9.485286701590465617E-15, -29.35315646955161739 ) ) ;
#5158 = CARTESIAN_POINT ( 'NONE',  ( -1.136863993906869652, -3.863136006093129460, -98.37121622079634164 ) ) ;
#5159 = CARTESIAN_POINT ( 'NONE',  ( -1.328041165545657876, -3.671958834454342124, -43.25000000000000711 ) ) ;
#5160 = ORIENTED_EDGE ( 'NONE', *, *, #1304, .F. ) ;
#5161 = CARTESIAN_POINT ( 'NONE',  ( 4.935408751172076336, -0.06459124882792298405, -96.22834765084402875 ) ) ;
#5162 = ORIENTED_EDGE ( 'NONE', *, *, #6013, .F. ) ;
#5163 = AXIS2_PLACEMENT_3D ( 'NONE', #4337, #3654, #9 ) ;
#5164 = TOROIDAL_SURFACE ( 'NONE', #1638, 1.000000000000000000, 3.999999999999996447 ) ;
#5165 = ORIENTED_EDGE ( 'NONE', *, *, #2807, .F. ) ;
#5166 = CARTESIAN_POINT ( 'NONE',  ( -4.832344906989094468, -0.1676550930109057813, -25.14546193740919833 ) ) ;
#5167 = CARTESIAN_POINT ( 'NONE',  ( 0.6335913640883422682, -4.366408635911657399, -48.10619955115780044 ) ) ;
#5168 = CARTESIAN_POINT ( 'NONE',  ( 4.935408751172079889, -0.06459124882792040279, -30.22834765084402164 ) ) ;
#5169 = CIRCLE ( 'NONE', #1211, 0.9999999999999993339 ) ;
#5170 = CARTESIAN_POINT ( 'NONE',  ( -3.863136006094622932, -1.136863993905375958, -48.62878377920270623 ) ) ;
#5171 = CARTESIAN_POINT ( 'NONE',  ( 0.4974474678531410343, -4.502552532146858688, -38.61327242306310126 ) ) ;
#5172 = CARTESIAN_POINT ( 'NONE',  ( -4.872131520502827939, -0.1278684794971705618, -36.00740203054002109 ) ) ;
#5173 = EDGE_LOOP ( 'NONE', ( #4421, #1934, #5042 ) ) ;
#5174 = CARTESIAN_POINT ( 'NONE',  ( 3.671958834454342124, -1.328041165545657876, -54.25000000000000000 ) ) ;
#5175 = ORIENTED_EDGE ( 'NONE', *, *, #3498, .F. ) ;
#5176 = EDGE_CURVE ( 'NONE', #3987, #1624, #258, .T. ) ;
#5177 = DIRECTION ( 'NONE',  ( -0.000000000000000000, -0.000000000000000000, 1.000000000000000000 ) ) ;
#5178 = DIRECTION ( 'NONE',  ( 1.224646799147353207E-16, 1.000000000000000000, 0.000000000000000000 ) ) ;
#5179 = CARTESIAN_POINT ( 'NONE',  ( 0.008301598520836291073, -4.991698401479165881, -95.20374637061715362 ) ) ;
#5180 = CARTESIAN_POINT ( 'NONE',  ( -4.840676868219849105, -0.1593231317801520885, -61.35321941568363258 ) ) ;
#5181 = DIRECTION ( 'NONE',  ( 1.000000000000000000, 0.000000000000000000, 0.000000000000000000 ) ) ;
#5182 = CARTESIAN_POINT ( 'NONE',  ( -0.7176137099602454272, -4.282386290039754684, -21.79777126958476785 ) ) ;
#5183 = ORIENTED_EDGE ( 'NONE', *, *, #2168, .F. ) ;
#5184 = SECURITY_CLASSIFICATION_LEVEL ( 'unclassified' ) ;
#5185 = VERTEX_POINT ( 'NONE', #4240 ) ;
#5186 = ADVANCED_FACE ( 'NONE', ( #3597 ), #8927, .T. ) ;
#5187 = AXIS2_PLACEMENT_3D ( 'NONE', #2459, #5260, #8659 ) ;
#5188 = ADVANCED_FACE ( 'NONE', ( #742 ), #5693, .F. ) ;
#5189 = CARTESIAN_POINT ( 'NONE',  ( 4.685980280040908497, -0.3140197199590894495, -3.535036328286938367 ) ) ;
#5190 = CARTESIAN_POINT ( 'NONE',  ( 5.000000000000009770, 9.431429523360849184E-15, -7.353156469551620944 ) ) ;
#5191 = CIRCLE ( 'NONE', #8420, 1.999999999999988010 ) ;
#5192 = CARTESIAN_POINT ( 'NONE',  ( 3.671958834454343013, -1.328041165545656987, -70.75000000000000000 ) ) ;
#5193 = ORIENTED_EDGE ( 'NONE', *, *, #4616, .T. ) ;
#5194 = CARTESIAN_POINT ( 'NONE',  ( 4.872131520502826163, -0.1278684794971743088, -107.5074020305400211 ) ) ;
#5195 = DIRECTION ( 'NONE',  ( 0.000000000000000000, -1.000000000000000000, 0.000000000000000000 ) ) ;
#5196 = DIRECTION ( 'NONE',  ( -0.000000000000000000, -0.000000000000000000, 1.000000000000000000 ) ) ;
#5197 = AXIS2_PLACEMENT_3D ( 'NONE', #9079, #753, #7796 ) ;
#5198 = CARTESIAN_POINT ( 'NONE',  ( -0.04063066961489979895, -4.959369330385099417, -116.9138655165445186 ) ) ;
#5199 = ORIENTED_EDGE ( 'NONE', *, *, #204, .F. ) ;
#5200 = CARTESIAN_POINT ( 'NONE',  ( -1.000000000000000000, 1.224646799147353207E-16, -101.0000000000000000 ) ) ;
#5201 = ADVANCED_FACE ( 'NONE', ( #837 ), #6133, .T. ) ;
#5202 = CARTESIAN_POINT ( 'NONE',  ( -4.935408751172079889, -0.06459124882791947297, -52.22834765084401454 ) ) ;
#5203 = DIRECTION ( 'NONE',  ( -0.000000000000000000, -0.000000000000000000, 1.000000000000000000 ) ) ;
#5204 = CARTESIAN_POINT ( 'NONE',  ( 4.935956332719894313, -0.06404366728010636722, -12.27440186598523475 ) ) ;
#5205 = ORIENTED_EDGE ( 'NONE', *, *, #8998, .T. ) ;
#5206 = CARTESIAN_POINT ( 'NONE',  ( 4.999999999999986677, -1.267690684684465825E-14, -95.64725720788727870 ) ) ;
#5207 = AXIS2_PLACEMENT_3D ( 'NONE', #4863, #2194, #1548 ) ;
#5208 = ORIENTED_EDGE ( 'NONE', *, *, #2712, .F. ) ;
#5209 = EDGE_CURVE ( 'NONE', #2723, #5438, #7902, .T. ) ;
#5210 = EDGE_LOOP ( 'NONE', ( #6539, #2633, #8089, #4057, #2645, #5359 ) ) ;
#5211 = AXIS2_PLACEMENT_3D ( 'NONE', #315, #2346, #2438 ) ;
#5212 = CARTESIAN_POINT ( 'NONE',  ( -4.991698401481084346, -0.008301598518917102307, -24.29625362935772870 ) ) ;
#5213 = AXIS2_PLACEMENT_3D ( 'NONE', #1204, #4835, #4186 ) ;
#5214 = DIRECTION ( 'NONE',  ( 1.000000000000000000, 0.000000000000000000, 0.000000000000000000 ) ) ;
#5215 = CARTESIAN_POINT ( 'NONE',  ( -4.502552532152132692, -0.4974474678478675860, -58.88672757692825144 ) ) ;
#5216 = CARTESIAN_POINT ( 'NONE',  ( 0.000000000000000000, -5.000000000000000000, -100.9999999999722036 ) ) ;
#5217 = CARTESIAN_POINT ( 'NONE',  ( 0.000000000000000000, 0.000000000000000000, -87.25000000000000000 ) ) ;
#5218 = CARTESIAN_POINT ( 'NONE',  ( -1.137203174284255436, -3.862796825715746341, -109.1289988371165265 ) ) ;
#5219 = ORIENTED_EDGE ( 'NONE', *, *, #12, .T. ) ;
#5220 = CARTESIAN_POINT ( 'NONE',  ( 4.960065625082965113, -0.03993437491703408226, -56.41868978647570998 ) ) ;
#5221 = AXIS2_PLACEMENT_3D ( 'NONE', #7104, #804, #6645 ) ;
#5222 = ORIENTED_EDGE ( 'NONE', *, *, #1831, .T. ) ;
#5223 = EDGE_CURVE ( 'NONE', #1886, #8736, #4515, .T. ) ;
#5224 = AXIS2_PLACEMENT_3D ( 'NONE', #879, #2251, #3723 ) ;
#5225 = CARTESIAN_POINT ( 'NONE',  ( -1.000000000000000000, 1.224646799147353207E-16, -117.5000000000000000 ) ) ;
#5226 = TOROIDAL_SURFACE ( 'NONE', #3908, 1.000000000000000000, 1.999999999999994893 ) ;
#5227 = DIRECTION ( 'NONE',  ( 1.000000000000000000, 0.000000000000000000, 0.000000000000000000 ) ) ;
#5228 = CARTESIAN_POINT ( 'NONE',  ( 0.06459124883188714639, -4.935408751168110619, -94.77165234913505287 ) ) ;
#5229 = DIRECTION ( 'NONE',  ( 1.000000000000000000, 0.000000000000000000, 0.000000000000000000 ) ) ;
#5230 = DIRECTION ( 'NONE',  ( -0.000000000000000000, -0.000000000000000000, 1.000000000000000000 ) ) ;
#5231 = CARTESIAN_POINT ( 'NONE',  ( 0.000000000000000000, 0.000000000000000000, -15.75000000000000000 ) ) ;
#5232 = ORIENTED_EDGE ( 'NONE', *, *, #5614, .T. ) ;
#5233 = EDGE_LOOP ( 'NONE', ( #4271, #2982, #2057, #436 ) ) ;
#5234 = B_SPLINE_CURVE_WITH_KNOTS ( 'NONE', 3,
 ( #7449, #5235, #414, #1837, #3764, #1101, #3081, #2530, #7399, #6569, #7994, #1692, #3860, #3960, #8093, #959 ),
 .UNSPECIFIED., .F., .F.,
 ( 4, 2, 2, 2, 2, 2, 2, 4 ),
 ( 4.818711198665871750E-07, 0.0008765200830274456944, 0.001314539188981235377, 0.001752558294935024951, 0.002190577400888814308, 0.002628596506842603882, 0.003066615612796393456, 0.003504634718750183030 ),
 .UNSPECIFIED. ) ;
#5235 = CARTESIAN_POINT ( 'NONE',  ( 3.863136006094629149, -1.136863993905370185, -114.6287837792026778 ) ) ;
#5236 = DIRECTION ( 'NONE',  ( 1.000000000000000000, 0.000000000000000000, 0.000000000000000000 ) ) ;
#5237 = EDGE_CURVE ( 'NONE', #5257, #6451, #1288, .T. ) ;
#5238 = CARTESIAN_POINT ( 'NONE',  ( 4.872131520502826163, -0.1278684794971743088, -69.00740203054000688 ) ) ;
#5239 = ORIENTED_EDGE ( 'NONE', *, *, #2153, .F. ) ;
#5240 = CARTESIAN_POINT ( 'NONE',  ( 1.000000000000000000, 0.000000000000000000, -35.00000000000000000 ) ) ;
#5241 = CARTESIAN_POINT ( 'NONE',  ( -4.567820679631960701, -0.4321793203680406870, -20.27342623723034620 ) ) ;
#5242 = TOROIDAL_SURFACE ( 'NONE', #6270, 1.000000000000000000, 1.999999999999994893 ) ;
#5243 = ORIENTED_EDGE ( 'NONE', *, *, #3406, .F. ) ;
#5244 = CARTESIAN_POINT ( 'NONE',  ( 0.2517800035653554036, -4.748219996434645651, -8.908836372369988155 ) ) ;
#5245 = AXIS2_PLACEMENT_3D ( 'NONE', #5129, #5999, #8703 ) ;
#5246 = AXIS2_PLACEMENT_3D ( 'NONE', #6412, #162, #4207 ) ;
#5247 = AXIS2_PLACEMENT_3D ( 'NONE', #5821, #1734, #8632 ) ;
#5248 = CARTESIAN_POINT ( 'NONE',  ( -1.000000000000000000, 1.224646799147353207E-16, -106.5000000000000000 ) ) ;
#5249 = ADVANCED_FACE ( 'NONE', ( #149 ), #6424, .F. ) ;
#5250 = CARTESIAN_POINT ( 'NONE',  ( 4.935408751172081665, -0.06459124882791904276, -46.72834765084403585 ) ) ;
#5251 = CIRCLE ( 'NONE', #4959, 4.000000000000003553 ) ;
#5252 = CARTESIAN_POINT ( 'NONE',  ( -0.4974474678478201795, -4.502552532152179765, -11.11327242307181962 ) ) ;
#5253 = FACE_OUTER_BOUND ( 'NONE', #4532, .T. ) ;
#5254 = CARTESIAN_POINT ( 'NONE',  ( 0.04063066961830682361, -4.959369330381692365, -100.4138655165220371 ) ) ;
#5255 = EDGE_LOOP ( 'NONE', ( #5324, #2513, #8883 ) ) ;
#5256 = DIRECTION ( 'NONE',  ( 1.000000000000000000, 0.000000000000000000, 0.000000000000000000 ) ) ;
#5257 = VERTEX_POINT ( 'NONE', #4384 ) ;
#5258 = VECTOR ( 'NONE', #1462, 1000.000000000000000 ) ;
#5259 = ORIENTED_EDGE ( 'NONE', *, *, #2431, .F. ) ;
#5260 = DIRECTION ( 'NONE',  ( -0.000000000000000000, -0.000000000000000000, 1.000000000000000000 ) ) ;
#5261 = CARTESIAN_POINT ( 'NONE',  ( 0.6335913640883379383, -4.366408635911662728, -42.60619955115780755 ) ) ;
#5262 = CARTESIAN_POINT ( 'NONE',  ( -4.567820679631958924, -0.4321793203680396322, -58.77342623723034620 ) ) ;
#5263 = ADVANCED_FACE ( 'NONE', ( #3091 ), #5112, .T. ) ;
#5264 = LINE ( 'NONE', #3244, #1688 ) ;
#5265 = CARTESIAN_POINT ( 'NONE',  ( -0.2608011982979996923, -4.739198801702001695, -61.09076228220567373 ) ) ;
#5266 = CARTESIAN_POINT ( 'NONE',  ( 3.671958834454351450, -1.328041165545648550, -65.24999999999998579 ) ) ;
#5267 = CARTESIAN_POINT ( 'NONE',  ( 1.000000000000000000, 0.000000000000000000, -104.5000000000000000 ) ) ;
#5268 = ORIENTED_EDGE ( 'NONE', *, *, #3354, .F. ) ;
#5269 = CARTESIAN_POINT ( 'NONE',  ( -1.034161160027613667E-12, -4.999999999998964384, -89.85274279208600490 ) ) ;
#5270 = TOROIDAL_SURFACE ( 'NONE', #3368, 1.000000000000000000, 2.000000000000000000 ) ;
#5271 = EDGE_LOOP ( 'NONE', ( #2502, #4575, #4889, #3589 ) ) ;
#5272 = AXIS2_PLACEMENT_3D ( 'NONE', #5200, #8006, #3822 ) ;
#5273 = B_SPLINE_CURVE_WITH_KNOTS ( 'NONE', 3,
 ( #1156, #3528, #8240, #7404, #1107, #2100, #4700, #8191, #3915, #7501, #2796, #7019, #1796, #6807, #6322, #4209 ),
 .UNSPECIFIED., .F., .F.,
 ( 4, 2, 2, 2, 2, 2, 2, 4 ),
 ( 4.818711198520267845E-07, 0.0008765200830274492722, 0.001314539188981241448, 0.001752558294935033841, 0.002190577400888825584, 0.002628596506842618193, 0.003066615612796410803, 0.003504634718750202979 ),
 .UNSPECIFIED. ) ;
#5274 = CARTESIAN_POINT ( 'NONE',  ( 4.508466212578265520, -0.4915337874217337588, -16.60623519306795615 ) ) ;
#5275 = CARTESIAN_POINT ( 'NONE',  ( 3.862796825714234661, -1.137203174285766227, -32.37100116288254981 ) ) ;
#5276 = CARTESIAN_POINT ( 'NONE',  ( -4.935408751172081665, -0.06459124882792113831, -8.228347650844028749 ) ) ;
#5277 = ADVANCED_FACE ( 'NONE', ( #3005 ), #7875, .F. ) ;
#5278 = EDGE_CURVE ( 'NONE', #4429, #4546, #4557, .T. ) ;
#5279 = LINE ( 'NONE', #2247, #2033 ) ;
#5280 = CARTESIAN_POINT ( 'NONE',  ( 0.000000000000000000, 0.000000000000000000, -123.0000000000000000 ) ) ;
#5281 = CARTESIAN_POINT ( 'NONE',  ( 0.000000000000000000, 0.000000000000000000, -46.00000000000000000 ) ) ;
#5282 = CARTESIAN_POINT ( 'NONE',  ( 0.000000000000000000, -5.000000000000000000, -24.00000000000000711 ) ) ;
#5283 = ORIENTED_EDGE ( 'NONE', *, *, #2545, .T. ) ;
#5284 = PERSON_AND_ORGANIZATION ( #3670, #8188 ) ;
#5285 = VERTEX_POINT ( 'NONE', #4513 ) ;
#5286 = CARTESIAN_POINT ( 'NONE',  ( 5.000000000000003553, 4.915049848600952119E-15, -2.297064704632988619 ) ) ;
#5287 = CARTESIAN_POINT ( 'NONE',  ( -3.671958834454351450, -1.328041165545648550, -65.24999999999998579 ) ) ;
#5288 = CARTESIAN_POINT ( 'NONE',  ( 0.000000000000000000, 0.000000000000000000, -106.5000000000000000 ) ) ;
#5289 = ORIENTED_EDGE ( 'NONE', *, *, #1918, .F. ) ;
#5290 = CARTESIAN_POINT ( 'NONE',  ( 0.000000000000000000, 0.000000000000000000, -59.75000000000000000 ) ) ;
#5291 = CARTESIAN_POINT ( 'NONE',  ( -0.3138588207986375833, -4.686141179201363194, -5.965321312242130247 ) ) ;
#5292 = VERTEX_POINT ( 'NONE', #7186 ) ;
#5293 = ADVANCED_FACE ( 'NONE', ( #2259 ), #5116, .F. ) ;
#5294 = CARTESIAN_POINT ( 'NONE',  ( 4.999999999999986677, -1.267690684684465825E-14, -117.6472572078872503 ) ) ;
#5295 = CARTESIAN_POINT ( 'NONE',  ( 4.999999999999992006, -7.634519711839822531E-15, -46.14725720788724317 ) ) ;
#5296 = ORIENTED_EDGE ( 'NONE', *, *, #6613, .F. ) ;
#5297 = CARTESIAN_POINT ( 'NONE',  ( 4.041784260359807313, -0.9582157396401930205, -10.52377465029932146 ) ) ;
#5298 = ORIENTED_EDGE ( 'NONE', *, *, #136, .F. ) ;
#5299 = DIRECTION ( 'NONE',  ( -1.000000000000000000, 1.224646799147353207E-16, 0.000000000000000000 ) ) ;
#5300 = ORIENTED_EDGE ( 'NONE', *, *, #168, .F. ) ;
#5301 = EDGE_CURVE ( 'NONE', #3892, #7803, #1428, .T. ) ;
#5302 = CARTESIAN_POINT ( 'NONE',  ( -3.671958834454343013, -1.328041165545656765, -114.7499999999999858 ) ) ;
#5303 = EDGE_CURVE ( 'NONE', #2762, #5912, #4383, .T. ) ;
#5304 = DIRECTION ( 'NONE',  ( -0.000000000000000000, -0.000000000000000000, 1.000000000000000000 ) ) ;
#5305 = FACE_OUTER_BOUND ( 'NONE', #8077, .T. ) ;
#5306 = DIRECTION ( 'NONE',  ( -0.000000000000000000, -0.000000000000000000, 1.000000000000000000 ) ) ;
#5307 = CARTESIAN_POINT ( 'NONE',  ( -4.282386290039716492, -0.7176137099602828417, -48.20222873041527833 ) ) ;
#5308 = CARTESIAN_POINT ( 'NONE',  ( 0.06459124883188309407, -4.935408751168115948, -39.77165234913509551 ) ) ;
#5309 = CARTESIAN_POINT ( 'NONE',  ( -0.06404366728014708465, -4.935956332719855233, -118.2255981340149731 ) ) ;
#5310 = ORIENTED_EDGE ( 'NONE', *, *, #1194, .T. ) ;
#5311 = CARTESIAN_POINT ( 'NONE',  ( -0.7176137099645679696, -4.282386290035431919, -38.29777126957947786 ) ) ;
#5312 = AXIS2_PLACEMENT_3D ( 'NONE', #4800, #1174, #5351 ) ;
#5313 = PERSON ( 'NAUO-PER3', 'UNSPECIFIED', 'UNSPECIFIED', ('UNSPECIFIED'), ('UNSPECIFIED'), ('UNSPECIFIED') ) ;
#5314 = ORIENTED_EDGE ( 'NONE', *, *, #1841, .F. ) ;
#5315 = ADVANCED_FACE ( 'NONE', ( #7272 ), #5411, .T. ) ;
#5316 = CIRCLE ( 'NONE', #6486, 3.999999999999996447 ) ;
#5317 = CARTESIAN_POINT ( 'NONE',  ( -3.863136006094629149, -1.136863993905370629, -103.6287837792026920 ) ) ;
#5318 = DIRECTION ( 'NONE',  ( -0.000000000000000000, -0.000000000000000000, 1.000000000000000000 ) ) ;
#5319 = CARTESIAN_POINT ( 'NONE',  ( 0.1278684795020899323, -4.872131520497910095, -94.49259796944174639 ) ) ;
#5320 = CARTESIAN_POINT ( 'NONE',  ( -4.739198801701949293, -0.2608011982980511512, -85.90923771779448259 ) ) ;
#5321 = CARTESIAN_POINT ( 'NONE',  ( -3.671958834454343013, -1.328041165545656765, -76.25000000000000000 ) ) ;
#5322 = CYLINDRICAL_SURFACE ( 'NONE', #6269, 0.9999999999999995559 ) ;
#5323 = CARTESIAN_POINT ( 'NONE',  ( 0.03993437491365121189, -4.960065625086347296, -90.58131021350165213 ) ) ;
#5324 = ORIENTED_EDGE ( 'NONE', *, *, #2892, .F. ) ;
#5325 = APPROVAL_DATE_TIME ( #408, #6714 ) ;
#5326 = ORIENTED_EDGE ( 'NONE', *, *, #6168, .F. ) ;
#5327 = CARTESIAN_POINT ( 'NONE',  ( 4.840676868219847329, -0.1593231317801531155, -22.85321941568363258 ) ) ;
#5328 = CARTESIAN_POINT ( 'NONE',  ( 4.040089233413060477, -0.9599107665869406336, -64.97763427936021685 ) ) ;
#5329 = DIRECTION ( 'NONE',  ( 1.000000000000000000, 0.000000000000000000, 0.000000000000000000 ) ) ;
#5330 = DIRECTION ( 'NONE',  ( 0.000000000000000000, 0.000000000000000000, -1.000000000000000000 ) ) ;
#5331 = VERTEX_POINT ( 'NONE', #8009 ) ;
#5332 = CARTESIAN_POINT ( 'NONE',  ( 0.3138588208042985550, -4.686141179195701945, -49.96532131222954831 ) ) ;
#5333 = CARTESIAN_POINT ( 'NONE',  ( -1.328041165545667868, -3.671958834454332354, -4.750000000000001776 ) ) ;
#5334 = VERTEX_POINT ( 'NONE', #1706 ) ;
#5335 = CARTESIAN_POINT ( 'NONE',  ( 0.000000000000000000, 0.000000000000000000, -13.00000000000000355 ) ) ;
#5336 = EDGE_CURVE ( 'NONE', #8291, #3284, #4683, .T. ) ;
#5337 = VECTOR ( 'NONE', #1333, 1000.000000000000000 ) ;
#5338 = CARTESIAN_POINT ( 'NONE',  ( 1.137203174284266316, -3.862796825715733906, -98.12899883711648386 ) ) ;
#5339 = FACE_OUTER_BOUND ( 'NONE', #8950, .T. ) ;
#5340 = ORIENTED_EDGE ( 'NONE', *, *, #2514, .T. ) ;
#5341 = CARTESIAN_POINT ( 'NONE',  ( -4.040089233413053371, -0.9599107665869472950, -70.47763427936021685 ) ) ;
#5342 = DIRECTION ( 'NONE',  ( 1.000000000000000000, 0.000000000000000000, 0.000000000000000000 ) ) ;
#5343 = EDGE_CURVE ( 'NONE', #4606, #938, #707, .T. ) ;
#5344 = EDGE_LOOP ( 'NONE', ( #5562, #8158, #7801, #3247, #7168, #3926 ) ) ;
#5345 = CARTESIAN_POINT ( 'NONE',  ( 0.000000000000000000, 0.000000000000000000, -32.99999999999999289 ) ) ;
#5346 = ORIENTED_EDGE ( 'NONE', *, *, #259, .F. ) ;
#5347 = CIRCLE ( 'NONE', #1370, 0.9999999999999993339 ) ;
#5348 = VERTEX_POINT ( 'NONE', #323 ) ;
#5349 = CARTESIAN_POINT ( 'NONE',  ( -3.671958834454342124, -1.328041165545657876, -43.25000000000000711 ) ) ;
#5350 = CYLINDRICAL_SURFACE ( 'NONE', #9064, 0.9999999999999995559 ) ;
#5351 = DIRECTION ( 'NONE',  ( 1.000000000000000000, 0.000000000000000000, 0.000000000000000000 ) ) ;
#5352 = B_SPLINE_CURVE_WITH_KNOTS ( 'NONE', 3,
 ( #7664, #1350, #8271, #666, #1879, #6797, #4684, #8909, #495, #1311, #3350, #6151, #5456, #3396 ),
 .UNSPECIFIED., .F., .F.,
 ( 4, 2, 2, 2, 2, 2, 4 ),
 ( 4.818711198670962418E-07, 0.0008763243365552809798, 0.001314245569273000827, 0.001752166801990720458, 0.002190088034708440306, 0.002628009267426160370, 0.003503851732861639531 ),
 .UNSPECIFIED. ) ;
#5353 = CARTESIAN_POINT ( 'NONE',  ( -3.671958834454343013, -1.328041165545656765, -92.74999999999998579 ) ) ;
#5354 = CARTESIAN_POINT ( 'NONE',  ( 0.000000000000000000, 0.000000000000000000, -79.00000000000000000 ) ) ;
#5355 = AXIS2_PLACEMENT_3D ( 'NONE', #4904, #7848, #125 ) ;
#5356 = ADVANCED_FACE ( 'NONE', ( #2353 ), #1738, .T. ) ;
#5357 = ORIENTED_EDGE ( 'NONE', *, *, #6971, .T. ) ;
#5358 = CARTESIAN_POINT ( 'NONE',  ( 0.000000000000000000, 0.000000000000000000, -120.2499999999999858 ) ) ;
#5359 = ORIENTED_EDGE ( 'NONE', *, *, #8212, .F. ) ;
#5360 = AXIS2_PLACEMENT_3D ( 'NONE', #2388, #1696, #7402 ) ;
#5361 = TOROIDAL_SURFACE ( 'NONE', #6973, 1.000000000000000000, 1.999999999999994893 ) ;
#5362 = FACE_OUTER_BOUND ( 'NONE', #3138, .T. ) ;
#5363 = CARTESIAN_POINT ( 'NONE',  ( -1.328041165545657876, -3.671958834454342124, -54.25000000000000000 ) ) ;
#5364 = CARTESIAN_POINT ( 'NONE',  ( -4.991698401481079905, -0.008301598518919178771, -95.79625362935772159 ) ) ;
#5365 = DIRECTION ( 'NONE',  ( 1.000000000000000000, 0.000000000000000000, 0.000000000000000000 ) ) ;
#5366 = DIRECTION ( 'NONE',  ( -0.000000000000000000, -0.000000000000000000, 1.000000000000000000 ) ) ;
#5367 = CIRCLE ( 'NONE', #4331, 1.999999999999994893 ) ;
#5368 = CARTESIAN_POINT ( 'NONE',  ( -3.904737509655567873, 4.781924292710298509E-16, -54.25000000000000000 ) ) ;
#5369 = EDGE_CURVE ( 'NONE', #1788, #2012, #3131, .T. ) ;
#5370 = CARTESIAN_POINT ( 'NONE',  ( 0.000000000000000000, 0.000000000000000000, -29.50000000000000355 ) ) ;
#5371 = ORIENTED_EDGE ( 'NONE', *, *, #6529, .F. ) ;
#5372 = ITEM_DEFINED_TRANSFORMATION ( 'NONE', 'NONE', #4060,  #8018 ) ;
#5373 = ORIENTED_EDGE ( 'NONE', *, *, #1946, .T. ) ;
#5374 = AXIS2_PLACEMENT_3D ( 'NONE', #7232, #3093, #8693 ) ;
#5375 = AXIS2_PLACEMENT_3D ( 'NONE', #7080, #5062, #232 ) ;
#5376 = CARTESIAN_POINT ( 'NONE',  ( 3.862796825714234217, -1.137203174285766671, -48.87100116288254981 ) ) ;
#5377 = DIRECTION ( 'NONE',  ( 1.000000000000000000, 0.000000000000000000, 0.000000000000000000 ) ) ;
#5378 = CARTESIAN_POINT ( 'NONE',  ( 4.935956332719892536, -0.06404366728010715826, -6.774401865985227644 ) ) ;
#5379 = EDGE_CURVE ( 'NONE', #8504, #179, #8933, .T. ) ;
#5380 = CARTESIAN_POINT ( 'NONE',  ( 0.000000000000000000, 0.000000000000000000, -62.50000000000000000 ) ) ;
#5381 = ORIENTED_EDGE ( 'NONE', *, *, #7846, .T. ) ;
#5382 = DIRECTION ( 'NONE',  ( -0.000000000000000000, -0.000000000000000000, 1.000000000000000000 ) ) ;
#5383 = LINE ( 'NONE', #3770, #7281 ) ;
#5384 = ORIENTED_EDGE ( 'NONE', *, *, #724, .T. ) ;
#5385 = FACE_OUTER_BOUND ( 'NONE', #8172, .T. ) ;
#5386 = CARTESIAN_POINT ( 'NONE',  ( 0.9999999999999993339, 0.000000000000000000, -75.50000000000000000 ) ) ;
#5387 = EDGE_CURVE ( 'NONE', #7927, #6695, #8053, .T. ) ;
#5388 = LINE ( 'NONE', #2906, #3602 ) ;
#5389 = EDGE_CURVE ( 'NONE', #8504, #1579, #4097, .T. ) ;
#5390 = ORIENTED_EDGE ( 'NONE', *, *, #8405, .F. ) ;
#5391 = CARTESIAN_POINT ( 'NONE',  ( -4.872131520502826163, -0.1278684794971741423, -69.00740203054000688 ) ) ;
#5392 = DIRECTION ( 'NONE',  ( 1.000000000000000000, 0.000000000000000000, 0.000000000000000000 ) ) ;
#5393 = EDGE_LOOP ( 'NONE', ( #6972, #7676, #8368, #4269 ) ) ;
#5394 = CARTESIAN_POINT ( 'NONE',  ( 0.000000000000000000, -5.000000000000000000, -40.49999999997221778 ) ) ;
#5395 = APPROVAL_PERSON_ORGANIZATION ( #6661, #5646, #1743 ) ;
#5396 = ORIENTED_EDGE ( 'NONE', *, *, #3192, .F. ) ;
#5397 = AXIS2_PLACEMENT_3D ( 'NONE', #8490, #3525, #2937 ) ;
#5398 = AXIS2_PLACEMENT_3D ( 'NONE', #7172, #4969, #7911 ) ;
#5399 = CARTESIAN_POINT ( 'NONE',  ( -4.739198801701949293, -0.2608011982980511512, -113.4092377177944542 ) ) ;
#5400 = CIRCLE ( 'NONE', #2166, 4.000000000000003553 ) ;
#5401 = CARTESIAN_POINT ( 'NONE',  ( 4.991957775357460214, -0.008042224642539692187, -78.70753412542732974 ) ) ;
#5402 = DIRECTION ( 'NONE',  ( -0.000000000000000000, -0.000000000000000000, 1.000000000000000000 ) ) ;
#5403 = DIRECTION ( 'NONE',  ( 1.000000000000000000, 0.000000000000000000, 0.000000000000000000 ) ) ;
#5404 = DIRECTION ( 'NONE',  ( 1.000000000000000000, 0.000000000000000000, 0.000000000000000000 ) ) ;
#5405 = CARTESIAN_POINT ( 'NONE',  ( -0.008301598520829102379, -4.991698401479171210, -45.70374637061711809 ) ) ;
#5406 = DIRECTION ( 'NONE',  ( -0.000000000000000000, -0.000000000000000000, 1.000000000000000000 ) ) ;
#5407 = ORIENTED_EDGE ( 'NONE', *, *, #8364, .F. ) ;
#5408 = DIRECTION ( 'NONE',  ( -1.000000000000000000, 1.224646799147353207E-16, 0.000000000000000000 ) ) ;
#5409 = ORIENTED_EDGE ( 'NONE', *, *, #1182, .T. ) ;
#5410 = AXIS2_PLACEMENT_3D ( 'NONE', #7995, #5969, #5329 ) ;
#5411 = TOROIDAL_SURFACE ( 'NONE', #2770, 1.000000000000000000, 3.999999999999996447 ) ;
#5412 = EDGE_CURVE ( 'NONE', #8987, #4391, #8495, .T. ) ;
#5413 = DIRECTION ( 'NONE',  ( 1.000000000000000000, 0.000000000000000000, 0.000000000000000000 ) ) ;
#5414 = CARTESIAN_POINT ( 'NONE',  ( -0.9599107665869234252, -4.040089233413076464, -54.52236572063980447 ) ) ;
#5415 = CARTESIAN_POINT ( 'NONE',  ( 0.000000000000000000, -5.000000000000000000, -34.99999999997221067 ) ) ;
#5416 = VECTOR ( 'NONE', #5417, 1000.000000000000000 ) ;
#5417 = DIRECTION ( 'NONE',  ( -0.000000000000000000, -0.000000000000000000, 1.000000000000000000 ) ) ;
#5418 = DIRECTION ( 'NONE',  ( -0.000000000000000000, -0.000000000000000000, 1.000000000000000000 ) ) ;
#5419 = DIRECTION ( 'NONE',  ( -0.000000000000000000, -0.000000000000000000, 1.000000000000000000 ) ) ;
#5420 = AXIS2_PLACEMENT_3D ( 'NONE', #4602, #465, #3271 ) ;
#5421 = CARTESIAN_POINT ( 'NONE',  ( 0.000000000000000000, 0.000000000000000000, -110.0000000000000000 ) ) ;
#5422 = ORIENTED_EDGE ( 'NONE', *, *, #7381, .F. ) ;
#5423 = ORIENTED_EDGE ( 'NONE', *, *, #6017, .F. ) ;
#5424 = TOROIDAL_SURFACE ( 'NONE', #2334, 1.000000000000000000, 3.999999999999996447 ) ;
#5425 = EDGE_CURVE ( 'NONE', #8122, #7116, #4679, .T. ) ;
#5426 = CARTESIAN_POINT ( 'NONE',  ( 1.000000000000000000, 0.000000000000000000, -24.00000000000000355 ) ) ;
#5427 = CARTESIAN_POINT ( 'NONE',  ( 0.000000000000000000, 0.000000000000000000, -16.50000000000000000 ) ) ;
#5428 = DIRECTION ( 'NONE',  ( 1.000000000000000000, 0.000000000000000000, 0.000000000000000000 ) ) ;
#5429 = ORIENTED_EDGE ( 'NONE', *, *, #1287, .T. ) ;
#5430 = CARTESIAN_POINT ( 'NONE',  ( 4.832344906989094468, -0.1676550930109069470, -102.1454619374091806 ) ) ;
#5431 = SHAPE_REPRESENTATION_RELATIONSHIP ( 'NONE' , 'NONE' ,  #4872, #6194 ) ;
#5432 = EDGE_LOOP ( 'NONE', ( #5300, #6032, #5743 ) ) ;
#5433 = CARTESIAN_POINT ( 'NONE',  ( 1.016695234776112395E-12, -5.000000000001018741, -101.1468435304221174 ) ) ;
#5434 = EDGE_CURVE ( 'NONE', #1861, #7500, #6097, .T. ) ;
#5435 = CARTESIAN_POINT ( 'NONE',  ( 0.6335913640883366060, -4.366408635911663616, -97.60619955115780044 ) ) ;
#5436 = B_SPLINE_CURVE_WITH_KNOTS ( 'NONE', 3,
 ( #5192, #1650, #6718, #961, #8681, #416, #3766, #3863, #7357, #6571, #5238, #4501, #3224, #1749, #5970, #6020 ),
 .UNSPECIFIED., .F., .F.,
 ( 4, 2, 2, 2, 2, 2, 2, 4 ),
 ( 4.818711198665871750E-07, 0.0008765200830274456944, 0.001314539188981235377, 0.001752558294935024951, 0.002190577400888814308, 0.002628596506842603882, 0.003066615612796393456, 0.003504634718750183030 ),
 .UNSPECIFIED. ) ;
#5437 = DIRECTION ( 'NONE',  ( 0.000000000000000000, -1.000000000000000000, 0.000000000000000000 ) ) ;
#5438 = VERTEX_POINT ( 'NONE', #5386 ) ;
#5439 = CARTESIAN_POINT ( 'NONE',  ( -0.1278684795020899323, -4.872131520497910095, -94.49259796944171796 ) ) ;
#5440 = CARTESIAN_POINT ( 'NONE',  ( 5.000000000000007105, 5.689837944062354162E-15, -106.3531564695516352 ) ) ;
#5441 = VERTEX_POINT ( 'NONE', #8928 ) ;
#5442 = CARTESIAN_POINT ( 'NONE',  ( 4.508466212578261967, -0.4915337874217372560, -110.1062351930679597 ) ) ;
#5443 = ORIENTED_EDGE ( 'NONE', *, *, #6567, .F. ) ;
#5444 = CARTESIAN_POINT ( 'NONE',  ( -4.748219996434698054, -0.2517800035653024460, -66.59116362763016639 ) ) ;
#5445 = CARTESIAN_POINT ( 'NONE',  ( 0.6401341107417209964, -4.359865889258280447, -60.39874954628655956 ) ) ;
#5446 = DIRECTION ( 'NONE',  ( 0.000000000000000000, -1.000000000000000000, 0.000000000000000000 ) ) ;
#5447 = CARTESIAN_POINT ( 'NONE',  ( 0.000000000000000000, 0.000000000000000000, -13.00000000000000355 ) ) ;
#5448 = CARTESIAN_POINT ( 'NONE',  ( -0.1593231317802039637, -4.840676868219794926, -118.6467805843165308 ) ) ;
#5449 = VERTEX_POINT ( 'NONE', #3231 ) ;
#5450 = DIRECTION ( 'NONE',  ( -0.000000000000000000, -0.000000000000000000, 1.000000000000000000 ) ) ;
#5451 = VERTEX_POINT ( 'NONE', #7461 ) ;
#5452 = CARTESIAN_POINT ( 'NONE',  ( 0.1676550930162216957, -4.832344906983778721, -28.35453806257380194 ) ) ;
#5453 = CARTESIAN_POINT ( 'NONE',  ( 1.411109832739705442E-15, -5.000000000000000888, -56.85274279211295578 ) ) ;
#5454 = CARTESIAN_POINT ( 'NONE',  ( 0.000000000000000000, 0.000000000000000000, -106.5000000000000000 ) ) ;
#5455 = TOROIDAL_SURFACE ( 'NONE', #5744, 1.000000000000000000, 3.999999999999996447 ) ;
#5456 = CARTESIAN_POINT ( 'NONE',  ( -3.550762114890114191E-15, -5.000000000000005329, -122.7029352953670411 ) ) ;
#5457 = DIRECTION ( 'NONE',  ( 1.000000000000000000, 0.000000000000000000, 0.000000000000000000 ) ) ;
#5458 = DIRECTION ( 'NONE',  ( 1.000000000000000000, 0.000000000000000000, 0.000000000000000000 ) ) ;
#5459 = CARTESIAN_POINT ( 'NONE',  ( 0.000000000000000000, -5.000000000000000000, -51.49999999997221067 ) ) ;
#5460 = ORIENTED_EDGE ( 'NONE', *, *, #8832, .F. ) ;
#5461 = EDGE_CURVE ( 'NONE', #4858, #6631, #7633, .T. ) ;
#5462 = ORIENTED_EDGE ( 'NONE', *, *, #4362, .T. ) ;
#5463 = CIRCLE ( 'NONE', #7815, 1.000000000000000000 ) ;
#5464 = B_SPLINE_CURVE_WITH_KNOTS ( 'NONE', 3,
 ( #1054, #361, #1791, #5967, #8783, #5327, #8137, #2485, #3910, #4777, #1972, #595 ),
 .UNSPECIFIED., .F., .F.,
 ( 4, 2, 2, 2, 2, 4 ),
 ( 0.003504634718750194305, 0.003941423334025079619, 0.004378211949299964934, 0.005251789179849734694, 0.006125366410399504455, 0.006998943640949275083 ),
 .UNSPECIFIED. ) ;
#5465 = DIRECTION ( 'NONE',  ( 1.000000000000000000, 0.000000000000000000, 0.000000000000000000 ) ) ;
#5466 = FACE_OUTER_BOUND ( 'NONE', #7526, .T. ) ;
#5467 = DIRECTION ( 'NONE',  ( -0.000000000000000000, -0.000000000000000000, 1.000000000000000000 ) ) ;
#5468 = AXIS2_PLACEMENT_3D ( 'NONE', #5240, #3127, #8051 ) ;
#5469 = CARTESIAN_POINT ( 'NONE',  ( 4.040089233413048930, -0.9599107665869512918, -20.97763427936022040 ) ) ;
#5470 = ORIENTED_EDGE ( 'NONE', *, *, #3873, .T. ) ;
#5471 = PERSON_AND_ORGANIZATION ( #6507, #1122 ) ;
#5472 = EDGE_CURVE ( 'NONE', #5052, #1999, #2362, .T. ) ;
#5473 = ORIENTED_EDGE ( 'NONE', *, *, #4010, .T. ) ;
#5474 = CARTESIAN_POINT ( 'NONE',  ( -0.9582157396373277569, -4.041784260362672576, -103.4762253496982112 ) ) ;
#5475 = CC_DESIGN_PERSON_AND_ORGANIZATION_ASSIGNMENT ( #8505, #7118, ( #6702 ) ) ;
#5476 = FACE_OUTER_BOUND ( 'NONE', #8554, .T. ) ;
#5477 = CARTESIAN_POINT ( 'NONE',  ( 0.4915337874163392407, -4.508466212583661203, -69.89376480692351379 ) ) ;
#5478 = VERTEX_POINT ( 'NONE', #4788 ) ;
#5479 = CARTESIAN_POINT ( 'NONE',  ( -4.959369330385070107, -0.04063066961493041335, -68.58613448345570873 ) ) ;
#5480 = DIRECTION ( 'NONE',  ( -0.000000000000000000, -0.000000000000000000, 1.000000000000000000 ) ) ;
#5481 = EDGE_CURVE ( 'NONE', #6021, #3046, #697, .T. ) ;
#5482 = ORIENTED_EDGE ( 'NONE', *, *, #1981, .F. ) ;
#5483 = LINE ( 'NONE', #570, #5337 ) ;
#5484 = ORIENTED_EDGE ( 'NONE', *, *, #4510, .F. ) ;
#5485 = TOROIDAL_SURFACE ( 'NONE', #2248, 1.000000000000000000, 3.999999999999996447 ) ;
#5486 = DIRECTION ( 'NONE',  ( 1.000000000000000000, 0.000000000000000000, 0.000000000000000000 ) ) ;
#5487 = DIRECTION ( 'NONE',  ( -0.000000000000000000, -0.000000000000000000, 1.000000000000000000 ) ) ;
#5488 = B_SPLINE_CURVE_WITH_KNOTS ( 'NONE', 3,
 ( #3825, #3133, #5930, #7101, #116, #8532, #8743, #2229, #5036, #7839, #5082, #4164, #6149, #5364, #2610, #8270 ),
 .UNSPECIFIED., .F., .F.,
 ( 4, 2, 2, 2, 2, 2, 2, 4 ),
 ( 4.818711198664599083E-07, 0.0008765200830274455859, 0.001314539188981235160, 0.001752558294935024734, 0.002190577400888814308, 0.002628596506842603882, 0.003066615612796393456, 0.003504634718750183030 ),
 .UNSPECIFIED. ) ;
#5489 = DIRECTION ( 'NONE',  ( 0.7071067811865474617, -0.7071067811865474617, 0.000000000000000000 ) ) ;
#5490 = DIRECTION ( 'NONE',  ( 1.000000000000000000, 0.000000000000000000, 0.000000000000000000 ) ) ;
#5491 = ADVANCED_FACE ( 'NONE', ( #6169 ), #121, .T. ) ;
#5492 = AXIS2_PLACEMENT_3D ( 'NONE', #4031, #8385, #5408 ) ;
#5493 = ADVANCED_FACE ( 'NONE', ( #5476 ), #1593, .T. ) ;
#5494 = VERTEX_POINT ( 'NONE', #8461 ) ;
#5495 = CARTESIAN_POINT ( 'NONE',  ( 0.06404366728014536381, -4.935956332719855233, -74.22559813401497308 ) ) ;
#5496 = ORIENTED_EDGE ( 'NONE', *, *, #8856, .F. ) ;
#5497 = TOROIDAL_SURFACE ( 'NONE', #4764, 1.000000000000000000, 1.999999999999994893 ) ;
#5498 = CARTESIAN_POINT ( 'NONE',  ( -5.000000000000281553, 2.811725620256466210E-13, -101.0000000000002132 ) ) ;
#5499 = AXIS2_PLACEMENT_3D ( 'NONE', #7061, #5638, #8401 ) ;
#5500 = FACE_OUTER_BOUND ( 'NONE', #4078, .T. ) ;
#5501 = CARTESIAN_POINT ( 'NONE',  ( 4.959369330385074548, -0.04063066961492747126, -13.58613448345569630 ) ) ;
#5502 = CARTESIAN_POINT ( 'NONE',  ( 4.748219996434693613, -0.2517800035653064428, -83.09116362763016639 ) ) ;
#5503 = CARTESIAN_POINT ( 'NONE',  ( 4.508466212578266408, -0.4915337874217323710, -60.60623519306796680 ) ) ;
#5504 = DIRECTION ( 'NONE',  ( -0.000000000000000000, -0.000000000000000000, 1.000000000000000000 ) ) ;
#5505 = CARTESIAN_POINT ( 'NONE',  ( 1.000000000000000000, 0.000000000000000000, -40.50000000000000711 ) ) ;
#5506 = EDGE_CURVE ( 'NONE', #2751, #2088, #1889, .T. ) ;
#5507 = ORIENTED_EDGE ( 'NONE', *, *, #4810, .T. ) ;
#5508 = AXIS2_PLACEMENT_3D ( 'NONE', #2205, #7076, #7818 ) ;
#5509 = ORIENTED_EDGE ( 'NONE', *, *, #4338, .T. ) ;
#5510 = AXIS2_PLACEMENT_3D ( 'NONE', #1031, #5945, #3289 ) ;
#5511 = AXIS2_PLACEMENT_3D ( 'NONE', #5370, #4688, #7491 ) ;
#5512 = CARTESIAN_POINT ( 'NONE',  ( 0.000000000000000000, 0.000000000000000000, -112.0000000000000000 ) ) ;
#5513 = CARTESIAN_POINT ( 'NONE',  ( -4.935956332719893425, -0.06404366728010714438, -28.77440186598522587 ) ) ;
#5514 = CIRCLE ( 'NONE', #4485, 0.9999999999999986677 ) ;
#5515 = DIRECTION ( 'NONE',  ( -0.000000000000000000, -0.000000000000000000, 1.000000000000000000 ) ) ;
#5516 = ORIENTED_EDGE ( 'NONE', *, *, #98, .T. ) ;
#5517 = CARTESIAN_POINT ( 'NONE',  ( 3.535533905932737753, 3.535533905932641829, 131.9999999999999716 ) ) ;
#5518 = CIRCLE ( 'NONE', #3030, 1.999999999999988010 ) ;
#5519 = CIRCLE ( 'NONE', #4775, 1.999999999999999112 ) ;
#5520 = EDGE_CURVE ( 'NONE', #2328, #2140, #1000, .T. ) ;
#5521 = CARTESIAN_POINT ( 'NONE',  ( 0.000000000000000000, 0.000000000000000000, -79.00000000000000000 ) ) ;
#5522 = CARTESIAN_POINT ( 'NONE',  ( -0.9582157396402182226, -4.041784260359782444, -20.97622534970070163 ) ) ;
#5523 = ORIENTED_EDGE ( 'NONE', *, *, #6324, .F. ) ;
#5524 = DIRECTION ( 'NONE',  ( -1.000000000000000000, 1.224646799147353454E-16, 0.000000000000000000 ) ) ;
#5525 = DIRECTION ( 'NONE',  ( 1.000000000000000000, 0.000000000000000000, 0.000000000000000000 ) ) ;
#5526 = AXIS2_PLACEMENT_3D ( 'NONE', #7520, #6139, #3291 ) ;
#5527 = FACE_OUTER_BOUND ( 'NONE', #6738, .T. ) ;
#5528 = ORIENTED_EDGE ( 'NONE', *, *, #1778, .F. ) ;
#5529 = ADVANCED_FACE ( 'NONE', ( #4970 ), #264, .T. ) ;
#5530 = DIRECTION ( 'NONE',  ( 1.000000000000000000, 0.000000000000000000, 0.000000000000000000 ) ) ;
#5531 = CARTESIAN_POINT ( 'NONE',  ( 0.008042224640654448489, -4.991957775359346705, -106.7924658745475313 ) ) ;
#5532 = CARTESIAN_POINT ( 'NONE',  ( -4.840676868219842888, -0.1593231317801557245, -99.85321941568362547 ) ) ;
#5533 = FACE_OUTER_BOUND ( 'NONE', #9012, .T. ) ;
#5534 = APPROVAL_PERSON_ORGANIZATION ( #2430, #6994, #1833 ) ;
#5535 = ORIENTED_EDGE ( 'NONE', *, *, #4693, .F. ) ;
#5536 = CARTESIAN_POINT ( 'NONE',  ( 0.000000000000000000, -5.000000000000000000, -73.50000000000001421 ) ) ;
#5537 = ORIENTED_EDGE ( 'NONE', *, *, #1843, .F. ) ;
#5538 = AXIS2_PLACEMENT_3D ( 'NONE', #7301, #2378, #3216 ) ;
#5539 = CIRCLE ( 'NONE', #4664, 2.000000000000000888 ) ;
#5540 = B_SPLINE_CURVE_WITH_KNOTS ( 'NONE', 3,
 ( #187, #6481, #7179, #881, #5837, #7869, #3544, #8514, #95, #6392, #5151, #3044, #2956, #4326, #7957, #8466 ),
 .UNSPECIFIED., .F., .F.,
 ( 4, 2, 2, 2, 2, 2, 2, 4 ),
 ( 4.818711198530449181E-07, 0.0008765200830274468870, 0.001314539188981237762, 0.001752558294935029071, 0.002190577400888819946, 0.002628596506842611254, 0.003066615612796402563, 0.003504634718750193438 ),
 .UNSPECIFIED. ) ;
#5541 = AXIS2_PLACEMENT_3D ( 'NONE', #8521, #3552, #6350 ) ;
#5542 = ADVANCED_FACE ( 'NONE', ( #2030 ), #7761, .T. ) ;
#5543 = CARTESIAN_POINT ( 'NONE',  ( -0.2517800035594500718, -4.748219996440550261, -113.4088363723556512 ) ) ;
#5544 = CARTESIAN_POINT ( 'NONE',  ( -0.3138588207986332534, -4.686141179201366747, -55.46532131224213202 ) ) ;
#5545 = CARTESIAN_POINT ( 'NONE',  ( -1.000000000000000000, 1.224646799147353207E-16, -110.0000000000000000 ) ) ;
#5546 = CARTESIAN_POINT ( 'NONE',  ( 0.000000000000000000, 0.000000000000000000, -13.00000000000000355 ) ) ;
#5547 = CIRCLE ( 'NONE', #112, 4.000000000000003553 ) ;
#5548 = DIRECTION ( 'NONE',  ( -0.000000000000000000, -0.000000000000000000, 1.000000000000000000 ) ) ;
#5549 = CARTESIAN_POINT ( 'NONE',  ( 0.000000000000000000, 0.000000000000000000, -106.5000000000000000 ) ) ;
#5551 = AXIS2_PLACEMENT_3D ( 'NONE', #6665, #7541, #2760 ) ;
#5550 = DIRECTION ( 'NONE',  ( 1.000000000000000000, 0.000000000000000000, 0.000000000000000000 ) ) ;
#5552 = ORIENTED_EDGE ( 'NONE', *, *, #7650, .T. ) ;
#5553 = TOROIDAL_SURFACE ( 'NONE', #5831, 1.000000000000000000, 3.999999999999996447 ) ;
#5554 = EDGE_LOOP ( 'NONE', ( #4178, #407, #4722 ) ) ;
#5555 = ADVANCED_FACE ( 'NONE', ( #41 ), #6737, .T. ) ;
#5556 = AXIS2_PLACEMENT_3D ( 'NONE', #6814, #1114, #2494 ) ;
#5557 = CARTESIAN_POINT ( 'NONE',  ( 3.671958834454334575, -1.328041165545665647, -48.75000000000000000 ) ) ;
#5558 =( REPRESENTATION_RELATIONSHIP ('NONE','NONE', #8935, #4872 ) REPRESENTATION_RELATIONSHIP_WITH_TRANSFORMATION ( #2381 )SHAPE_REPRESENTATION_RELATIONSHIP( ) );
#5559 = CYLINDRICAL_SURFACE ( 'NONE', #2271, 0.9999999999999995559 ) ;
#5560 = CARTESIAN_POINT ( 'NONE',  ( -4.366408635906907421, -0.6335913640930938007, -27.39380044883598586 ) ) ;
#5561 = CARTESIAN_POINT ( 'NONE',  ( 4.959369330385070995, -0.04063066961492869250, -19.08613448345569807 ) ) ;
#5562 = ORIENTED_EDGE ( 'NONE', *, *, #7092, .T. ) ;
#5563 = DIRECTION ( 'NONE',  ( 0.000000000000000000, 0.000000000000000000, 1.000000000000000000 ) ) ;
#5564 = ORIENTED_EDGE ( 'NONE', *, *, #8296, .F. ) ;
#5565 = CARTESIAN_POINT ( 'NONE',  ( 0.000000000000000000, 0.000000000000000000, -122.9999999999999858 ) ) ;
#5566 = DIRECTION ( 'NONE',  ( 1.224646799147353207E-16, 1.000000000000000000, 0.000000000000000000 ) ) ;
#5567 = CARTESIAN_POINT ( 'NONE',  ( -0.4915337874217810543, -4.508466212578221111, -20.39376480693212201 ) ) ;
#5568 = ORIENTED_EDGE ( 'NONE', *, *, #6553, .F. ) ;
#5569 = CARTESIAN_POINT ( 'NONE',  ( 1.000000000000000000, 0.000000000000000000, -13.00000000000000355 ) ) ;
#5570 = CARTESIAN_POINT ( 'NONE',  ( 0.000000000000000000, 0.000000000000000000, -38.50000000000000000 ) ) ;
#5571 = CARTESIAN_POINT ( 'NONE',  ( 0.3138588208043033290, -4.686141179195698392, -82.96532131222956252 ) ) ;
#5572 = EDGE_CURVE ( 'NONE', #1006, #6969, #3790, .T. ) ;
#5573 = ORIENTED_EDGE ( 'NONE', *, *, #6567, .T. ) ;
#5574 = B_SPLINE_CURVE_WITH_KNOTS ( 'NONE', 3,
 ( #2287, #4958, #172, #5091, #7900, #1598, #4406, #3710, #1453, #4264, #5319, #5228, #6704, #5179, #7987, #3849 ),
 .UNSPECIFIED., .F., .F.,
 ( 4, 2, 2, 2, 2, 2, 2, 4 ),
 ( 4.818711199175747468E-07, 0.0008765200830206747434, 0.001314539188971052550, 0.001752558294921430790, 0.002190577400871808380, 0.002628596506822186187, 0.003066615612772564427, 0.003504634718722942233 ),
 .UNSPECIFIED. ) ;
#5575 = CIRCLE ( 'NONE', #4123, 4.000000000000000000 ) ;
#5576 = CARTESIAN_POINT ( 'NONE',  ( -3.671958834454351450, -1.328041165545648550, -65.24999999999998579 ) ) ;
#5577 = DIRECTION ( 'NONE',  ( 1.000000000000000000, 0.000000000000000000, 0.000000000000000000 ) ) ;
#5578 = CARTESIAN_POINT ( 'NONE',  ( 0.4306231363298300696, -4.569376863670169264, -3.770659893811337593 ) ) ;
#5579 = DIRECTION ( 'NONE',  ( 0.000000000000000000, -0.000000000000000000, 1.000000000000000000 ) ) ;
#5580 = CARTESIAN_POINT ( 'NONE',  ( 3.671958834454343013, -1.328041165545656987, -87.25000000000000000 ) ) ;
#5581 = ORIENTED_EDGE ( 'NONE', *, *, #4723, .F. ) ;
#5582 = FACE_OUTER_BOUND ( 'NONE', #5596, .T. ) ;
#5583 = EDGE_CURVE ( 'NONE', #7555, #7116, #4968, .T. ) ;
#5584 = ORIENTED_EDGE ( 'NONE', *, *, #783, .F. ) ;
#5585 = ADVANCED_FACE ( 'NONE', ( #6943 ), #2170, .F. ) ;
#5586 = CARTESIAN_POINT ( 'NONE',  ( 5.000000000000281553, 2.809514862196180954E-13, -90.00000000000019895 ) ) ;
#5587 = CARTESIAN_POINT ( 'NONE',  ( 0.000000000000000000, 0.000000000000000000, -106.5000000000000000 ) ) ;
#5588 = CARTESIAN_POINT ( 'NONE',  ( 2.500000000000000000, -2.500000000000000000, -131.9999999999999716 ) ) ;
#5589 = CARTESIAN_POINT ( 'NONE',  ( 4.686141179201310791, -0.3138588207986893752, -86.03467868775797456 ) ) ;
#5590 = CARTESIAN_POINT ( 'NONE',  ( 0.9599107665897317343, -4.040089233410269820, -76.52236572063743836 ) ) ;
#5591 = DIRECTION ( 'NONE',  ( -0.000000000000000000, -0.000000000000000000, 1.000000000000000000 ) ) ;
#5592 = DIRECTION ( 'NONE',  ( 1.000000000000000000, 0.000000000000000000, 0.000000000000000000 ) ) ;
#5593 = ORIENTED_EDGE ( 'NONE', *, *, #2443, .F. ) ;
#5594 = DIRECTION ( 'NONE',  ( -0.000000000000000000, -0.000000000000000000, 1.000000000000000000 ) ) ;
#5595 = ADVANCED_FACE ( 'NONE', ( #2856 ), #7320, .T. ) ;
#5596 = EDGE_LOOP ( 'NONE', ( #4120, #1106, #6921 ) ) ;
#5597 = CARTESIAN_POINT ( 'NONE',  ( 5.000000000000000000, -8.673617379884035472E-16, 0.000000000000000000 ) ) ;
#5598 = DIRECTION ( 'NONE',  ( 1.000000000000000000, 0.000000000000000000, 0.000000000000000000 ) ) ;
#5599 = CARTESIAN_POINT ( 'NONE',  ( 0.000000000000000000, 0.000000000000000000, -21.24999999999999645 ) ) ;
#5600 = CARTESIAN_POINT ( 'NONE',  ( 0.000000000000000000, 0.000000000000000000, -13.00000000000000355 ) ) ;
#5601 = FACE_OUTER_BOUND ( 'NONE', #3220, .T. ) ;
#5602 = ORIENTED_EDGE ( 'NONE', *, *, #6850, .T. ) ;
#5603 =( NAMED_UNIT ( * ) PLANE_ANGLE_UNIT ( ) SI_UNIT ( $, .RADIAN. ) );
#5604 = VECTOR ( 'NONE', #6732, 1000.000000000000000 ) ;
#5605 = AXIS2_PLACEMENT_3D ( 'NONE', #6348, #5667, #2214 ) ;
#5606 = DIRECTION ( 'NONE',  ( 0.000000000000000000, -1.000000000000000000, 0.000000000000000000 ) ) ;
#5607 = AXIS2_PLACEMENT_3D ( 'NONE', #2631, #3367, #418 ) ;
#5608 = DIRECTION ( 'NONE',  ( -0.000000000000000000, -0.000000000000000000, 1.000000000000000000 ) ) ;
#5609 = CARTESIAN_POINT ( 'NONE',  ( 4.282386290039715604, -0.7176137099602857283, -26.20222873041528544 ) ) ;
#5610 = ORIENTED_EDGE ( 'NONE', *, *, #2226, .F. ) ;
#5611 = DIRECTION ( 'NONE',  ( 0.000000000000000000, -1.000000000000000000, 0.000000000000000000 ) ) ;
#5612 = CARTESIAN_POINT ( 'NONE',  ( -4.935408751172080777, -0.06459124882791934807, -63.22834765084402164 ) ) ;
#5613 = CARTESIAN_POINT ( 'NONE',  ( -5.000000000000281553, 2.811725620256466210E-13, -112.0000000000002132 ) ) ;
#5614 = EDGE_CURVE ( 'NONE', #1401, #1624, #3453, .T. ) ;
#5615 = ORIENTED_EDGE ( 'NONE', *, *, #7835, .F. ) ;
#5616 = CARTESIAN_POINT ( 'NONE',  ( -4.041784260359809089, -0.9582157396401910221, -65.52377465029931614 ) ) ;
#5617 = FACE_OUTER_BOUND ( 'NONE', #1834, .T. ) ;
#5618 = DIRECTION ( 'NONE',  ( 0.000000000000000000, 0.000000000000000000, -1.000000000000000000 ) ) ;
#5619 = CARTESIAN_POINT ( 'NONE',  ( -4.935956332719893425, -0.06404366728010782439, -17.77440186598522587 ) ) ;
#5620 = CARTESIAN_POINT ( 'NONE',  ( 0.1676550930162090114, -4.832344906983791155, -110.8545380625738943 ) ) ;
#5621 = ORIENTED_EDGE ( 'NONE', *, *, #7248, .T. ) ;
#5622 = CARTESIAN_POINT ( 'NONE',  ( -0.6335913640931364332, -4.366408635906863012, -9.606199551164072759 ) ) ;
#5623 = ORIENTED_EDGE ( 'NONE', *, *, #5800, .T. ) ;
#5624 = AXIS2_PLACEMENT_3D ( 'NONE', #4190, #2165, #4979 ) ;
#5625 = CARTESIAN_POINT ( 'NONE',  ( 4.366408635906908309, -0.6335913640930921353, -87.89380044883600362 ) ) ;
#5626 = CARTESIAN_POINT ( 'NONE',  ( 0.000000000000000000, -5.000000000000000000, -95.49999999997220357 ) ) ;
#5627 = EDGE_CURVE ( 'NONE', #3046, #6021, #3360, .T. ) ;
#5628 = FACE_OUTER_BOUND ( 'NONE', #5049, .T. ) ;
#5629 = AXIS2_PLACEMENT_3D ( 'NONE', #976, #3137, #6538 ) ;
#5630 = CARTESIAN_POINT ( 'NONE',  ( 4.935408751172076336, -0.06459124882792298405, -85.22834765084402875 ) ) ;
#5631 = CARTESIAN_POINT ( 'NONE',  ( 1.255726344304499020E-16, -5.000000000000000888, -12.85274279211299664 ) ) ;
#5632 = CARTESIAN_POINT ( 'NONE',  ( 5.000000000000281553, 2.809514862196180954E-13, -95.50000000000021316 ) ) ;
#5633 = CARTESIAN_POINT ( 'NONE',  ( 4.282386290039720045, -0.7176137099602802882, -37.20222873041525702 ) ) ;
#5634 = ORIENTED_EDGE ( 'NONE', *, *, #2384, .T. ) ;
#5635 = CARTESIAN_POINT ( 'NONE',  ( 5.000000000000283329, 2.837102721152350454E-13, -18.50000000000020961 ) ) ;
#5636 = CC_DESIGN_DATE_AND_TIME_ASSIGNMENT ( #6895, #8182, ( #247 ) ) ;
#5637 = ORIENTED_EDGE ( 'NONE', *, *, #2514, .F. ) ;
#5638 = DIRECTION ( 'NONE',  ( 1.224646799147353207E-16, 1.000000000000000000, 0.000000000000000000 ) ) ;
#5639 = CARTESIAN_POINT ( 'NONE',  ( -4.739198801701952846, -0.2608011982980474319, -41.90923771779446128 ) ) ;
#5640 = EDGE_CURVE ( 'NONE', #3153, #2088, #7743, .T. ) ;
#5641 = CARTESIAN_POINT ( 'NONE',  ( -0.3138588208043030514, -4.686141179195698392, -110.4653213122295483 ) ) ;
#5642 = CARTESIAN_POINT ( 'NONE',  ( 4.040089233413053371, -0.9599107665869476280, -53.97763427936022396 ) ) ;
#5643 = CARTESIAN_POINT ( 'NONE',  ( 0.000000000000000000, 0.000000000000000000, -122.9999999999999716 ) ) ;
#5644 = DIRECTION ( 'NONE',  ( -0.000000000000000000, -0.000000000000000000, 1.000000000000000000 ) ) ;
#5645 = VERTEX_POINT ( 'NONE', #7075 ) ;
#5646 = APPROVAL ( #454, 'UNKNOWN' ) ;
#5647 = TOROIDAL_SURFACE ( 'NONE', #8156, 1.000000000000000000, 4.000000000000000000 ) ;
#5648 = CALENDAR_DATE ( 2026, 24, 2 ) ;
#5649 = EDGE_LOOP ( 'NONE', ( #2537, #657, #7343, #6865 ) ) ;
#5650 = CIRCLE ( 'NONE', #2866, 3.904737509655567873 ) ;
#5651 = AXIS2_PLACEMENT_3D ( 'NONE', #6040, #2411, #3983 ) ;
#5652 = CARTESIAN_POINT ( 'NONE',  ( -5.000000000000007105, 5.905196070901760024E-15, -89.85315646955159252 ) ) ;
#5653 = ADVANCED_FACE ( 'NONE', ( #774 ), #3587, .T. ) ;
#5654 = CARTESIAN_POINT ( 'NONE',  ( 1.000000000000000000, 0.000000000000000000, -101.0000000000000000 ) ) ;
#5655 = ORIENTED_EDGE ( 'NONE', *, *, #8370, .T. ) ;
#5656 = DIRECTION ( 'NONE',  ( 1.000000000000000000, 0.000000000000000000, 0.000000000000000000 ) ) ;
#5657 = DIRECTION ( 'NONE',  ( 1.000000000000000000, 0.000000000000000000, 0.000000000000000000 ) ) ;
#5658 = CARTESIAN_POINT ( 'NONE',  ( 1.328041165545656987, -3.671958834454343013, -87.25000000000000000 ) ) ;
#5659 = CARTESIAN_POINT ( 'NONE',  ( -4.991957775357460214, -0.008042224642539586368, -111.7075341254273297 ) ) ;
#5660 = EDGE_LOOP ( 'NONE', ( #2594, #1098, #1017, #8183 ) ) ;
#5661 = CARTESIAN_POINT ( 'NONE',  ( 0.000000000000000000, -5.000000000000000000, -100.9999999999722036 ) ) ;
#5662 = CIRCLE ( 'NONE', #2879, 2.000000000000001776 ) ;
#5663 = AXIS2_PLACEMENT_3D ( 'NONE', #1284, #5563, #3493 ) ;
#5664 = EDGE_CURVE ( 'NONE', #1330, #9072, #1048, .T. ) ;
#5665 = EDGE_CURVE ( 'NONE', #5739, #3284, #7188, .T. ) ;
#5666 = FACE_OUTER_BOUND ( 'NONE', #8068, .T. ) ;
#5667 = DIRECTION ( 'NONE',  ( -0.000000000000000000, -0.000000000000000000, 1.000000000000000000 ) ) ;
#5668 = CARTESIAN_POINT ( 'NONE',  ( 4.748219996434693613, -0.2517800035653064428, -94.09116362763016639 ) ) ;
#5669 = DIRECTION ( 'NONE',  ( -0.000000000000000000, -0.000000000000000000, 1.000000000000000000 ) ) ;
#5670 = FACE_OUTER_BOUND ( 'NONE', #7360, .T. ) ;
#5671 = ORIENTED_EDGE ( 'NONE', *, *, #2949, .T. ) ;
#5672 = CARTESIAN_POINT ( 'NONE',  ( -4.359865889258240479, -0.6401341107417596321, -15.10125045371350083 ) ) ;
#5673 = B_SPLINE_CURVE_WITH_KNOTS ( 'NONE', 3,
 ( #7496, #632, #2574, #1278, #3442, #6934, #4098, #6897, #3403, #1192, #5376, #5557 ),
 .UNSPECIFIED., .F., .F.,
 ( 4, 2, 2, 2, 2, 4 ),
 ( 0.003504634718750187367, 0.003941423334025072681, 0.004378211949299957127, 0.005251789179849726888, 0.006125366410399496649, 0.006998943640949266409 ),
 .UNSPECIFIED. ) ;
#5674 = EDGE_LOOP ( 'NONE', ( #3555, #417, #883 ) ) ;
#5675 = CARTESIAN_POINT ( 'NONE',  ( 4.959369330385073660, -0.04063066961492575041, -41.08613448345568031 ) ) ;
#5676 = DIRECTION ( 'NONE',  ( -0.000000000000000000, -0.000000000000000000, 1.000000000000000000 ) ) ;
#5677 = DIRECTION ( 'NONE',  ( -0.000000000000000000, -0.000000000000000000, 1.000000000000000000 ) ) ;
#5678 = CARTESIAN_POINT ( 'NONE',  ( 4.502552532152134468, -0.4974474678478654210, -86.38672757692826565 ) ) ;
#5679 = CARTESIAN_POINT ( 'NONE',  ( -1.000000000000000000, 1.224646799147353207E-16, -62.50000000000000000 ) ) ;
#5680 = DIRECTION ( 'NONE',  ( 1.000000000000000000, 0.000000000000000000, 0.000000000000000000 ) ) ;
#5681 = DIRECTION ( 'NONE',  ( -0.000000000000000000, -0.000000000000000000, 1.000000000000000000 ) ) ;
#5682 = ORIENTED_EDGE ( 'NONE', *, *, #5735, .F. ) ;
#5683 = CARTESIAN_POINT ( 'NONE',  ( 0.4915337874217825531, -4.508466212578217558, -58.89376480693211846 ) ) ;
#5684 = CIRCLE ( 'NONE', #5398, 2.000000000000001776 ) ;
#5685 = ORIENTED_EDGE ( 'NONE', *, *, #8794, .T. ) ;
#5686 = CIRCLE ( 'NONE', #2179, 3.904737509655563876 ) ;
#5687 = CC_DESIGN_APPROVAL ( #1360, ( #7451 ) ) ;
#5688 = EDGE_CURVE ( 'NONE', #3119, #3509, #6432, .T. ) ;
#5689 = CARTESIAN_POINT ( 'NONE',  ( 1.000000000000000000, 0.000000000000000000, -84.50000000000000000 ) ) ;
#5690 = CIRCLE ( 'NONE', #1729, 4.000000000000003553 ) ;
#5691 = CIRCLE ( 'NONE', #5981, 3.904737509655567873 ) ;
#5692 = CARTESIAN_POINT ( 'NONE',  ( -4.991698401481079905, -0.008301598518919178771, -73.79625362935772159 ) ) ;
#5693 = TOROIDAL_SURFACE ( 'NONE', #993, 1.000000000000000000, 1.999999999999994893 ) ;
#5694 = LINE ( 'NONE', #4960, #3742 ) ;
#5695 = CARTESIAN_POINT ( 'NONE',  ( -5.000000000000285105, 2.853331553957207015E-13, -35.00000000000021316 ) ) ;
#5696 = FACE_OUTER_BOUND ( 'NONE', #133, .T. ) ;
#5697 = ORIENTED_EDGE ( 'NONE', *, *, #4318, .T. ) ;
#5698 = APPROVAL_DATE_TIME ( #1458, #5863 ) ;
#5699 = VERTEX_POINT ( 'NONE', #7124 ) ;
#5700 = EDGE_CURVE ( 'NONE', #5494, #3892, #5279, .T. ) ;
#5701 = AXIS2_PLACEMENT_3D ( 'NONE', #1599, #2338, #7770 ) ;
#5702 = AXIS2_PLACEMENT_3D ( 'NONE', #6435, #1091, #5365 ) ;
#5703 = CARTESIAN_POINT ( 'NONE',  ( -3.671958834454343013, -1.328041165545656765, -76.25000000000000000 ) ) ;
#5704 = CARTESIAN_POINT ( 'NONE',  ( 0.000000000000000000, 0.000000000000000000, -117.5000000000000000 ) ) ;
#5705 = DIRECTION ( 'NONE',  ( 1.000000000000000000, 0.000000000000000000, 0.000000000000000000 ) ) ;
#5706 = EDGE_LOOP ( 'NONE', ( #5371, #5870, #2588, #5682 ) ) ;
#5707 = CARTESIAN_POINT ( 'NONE',  ( 0.000000000000000000, 0.000000000000000000, 0.000000000000000000 ) ) ;
#5708 = CARTESIAN_POINT ( 'NONE',  ( -4.991698401481079905, -0.008301598518919178771, -79.29625362935772159 ) ) ;
#5709 = DIRECTION ( 'NONE',  ( 0.000000000000000000, 0.000000000000000000, -1.000000000000000000 ) ) ;
#5710 = AXIS2_PLACEMENT_3D ( 'NONE', #3253, #8129, #8774 ) ;
#5711 = B_SPLINE_CURVE_WITH_KNOTS ( 'NONE', 3,
 ( #1632, #4442, #8439, #2141, #5001, #8580, #4401, #1539, #759, #2981, #4354, #3568 ),
 .UNSPECIFIED., .F., .F.,
 ( 4, 2, 2, 2, 2, 4 ),
 ( 0.003504634718750465790, 0.003941423334025322481, 0.004378211949300179172, 0.005251789179849882146, 0.006125366410399585987, 0.006998943640949289828 ),
 .UNSPECIFIED. ) ;
#5712 = DIRECTION ( 'NONE',  ( 1.000000000000000000, 0.000000000000000000, 0.000000000000000000 ) ) ;
#5713 = ADVANCED_FACE ( 'NONE', ( #4371 ), #7171, .T. ) ;
#5714 = CARTESIAN_POINT ( 'NONE',  ( -4.366408635906908309, -0.6335913640930921353, -65.89380044883600362 ) ) ;
#5715 = CARTESIAN_POINT ( 'NONE',  ( 0.000000000000000000, 0.000000000000000000, -106.5000000000000000 ) ) ;
#5716 = CARTESIAN_POINT ( 'NONE',  ( 1.136863993906870762, -3.863136006093128128, -109.3712162207963559 ) ) ;
#5717 = ORIENTED_EDGE ( 'NONE', *, *, #4142, .T. ) ;
#5718 = CARTESIAN_POINT ( 'NONE',  ( -5.000000000000281553, 2.811725620256466210E-13, -90.00000000000019895 ) ) ;
#5719 = DESIGN_CONTEXT ( 'detailed design', #3507, 'design' ) ;
#5720 = VERTEX_POINT ( 'NONE', #7174 ) ;
#5721 = CARTESIAN_POINT ( 'NONE',  ( 4.508466212578269072, -0.4915337874217309277, -88.10623519306794549 ) ) ;
#5722 = CARTESIAN_POINT ( 'NONE',  ( 0.000000000000000000, -5.000000000000000000, -24.00000000000000711 ) ) ;
#5723 = CARTESIAN_POINT ( 'NONE',  ( -0.1278684794971274574, -4.872131520502872348, -11.99259796946014411 ) ) ;
#5724 = LINE ( 'NONE', #4350, #8481 ) ;
#5725 = CARTESIAN_POINT ( 'NONE',  ( 4.040089233413053371, -0.9599107665869472950, -92.47763427936021685 ) ) ;
#5726 = ORIENTED_EDGE ( 'NONE', *, *, #1757, .F. ) ;
#5727 = CARTESIAN_POINT ( 'NONE',  ( 0.2517800035653544599, -4.748219996434644763, -58.40883637236998993 ) ) ;
#5728 = ORIENTED_EDGE ( 'NONE', *, *, #5700, .T. ) ;
#5729 = EDGE_CURVE ( 'NONE', #4774, #8065, #7305, .T. ) ;
#5730 = DIRECTION ( 'NONE',  ( 1.000000000000000000, 0.000000000000000000, 0.000000000000000000 ) ) ;
#5731 = CARTESIAN_POINT ( 'NONE',  ( 0.000000000000000000, 0.000000000000000000, -122.9999999999999716 ) ) ;
#5732 = CARTESIAN_POINT ( 'NONE',  ( -4.999999999999986677, -1.245921937940029991E-14, -73.64725720788725027 ) ) ;
#5733 = CARTESIAN_POINT ( 'NONE',  ( 4.739198801701951957, -0.2608011982980473209, -52.90923771779444706 ) ) ;
#5734 = DIRECTION ( 'NONE',  ( 1.224646799147353207E-16, 1.000000000000000000, 0.000000000000000000 ) ) ;
#5735 = EDGE_CURVE ( 'NONE', #3437, #2432, #5115, .T. ) ;
#5736 = CARTESIAN_POINT ( 'NONE',  ( 0.000000000000000000, 0.000000000000000000, 0.000000000000000000 ) ) ;
#5737 = ORIENTED_EDGE ( 'NONE', *, *, #5389, .T. ) ;
#5738 = COORDINATED_UNIVERSAL_TIME_OFFSET ( 3, 30, .AHEAD. ) ;
#5739 = VERTEX_POINT ( 'NONE', #1271 ) ;
#5740 = CARTESIAN_POINT ( 'NONE',  ( -4.832344906989094468, -0.1676550930109067528, -118.6454619374091948 ) ) ;
#5741 = EDGE_CURVE ( 'NONE', #7854, #8415, #4335, .T. ) ;
#5742 = CARTESIAN_POINT ( 'NONE',  ( 5.000000000000283329, 2.838280096949033931E-13, -24.00000000000021316 ) ) ;
#5743 = ORIENTED_EDGE ( 'NONE', *, *, #5809, .F. ) ;
#5744 = AXIS2_PLACEMENT_3D ( 'NONE', #6261, #2868, #5577 ) ;
#5745 = CARTESIAN_POINT ( 'NONE',  ( 5.000000000000000000, 0.000000000000000000, 8.000000000000007105 ) ) ;
#5746 = DIRECTION ( 'NONE',  ( -0.000000000000000000, -0.000000000000000000, 1.000000000000000000 ) ) ;
#5747 = CARTESIAN_POINT ( 'NONE',  ( 0.1676550930162432340, -4.832344906983754740, -88.85453806257370957 ) ) ;
#5748 = CARTESIAN_POINT ( 'NONE',  ( -0.9582157396402211091, -4.041784260359779779, -59.47622534970071229 ) ) ;
#5749 = CC_DESIGN_PERSON_AND_ORGANIZATION_ASSIGNMENT ( #2243, #4365, ( #2460 ) ) ;
#5750 = ORIENTED_EDGE ( 'NONE', *, *, #8751, .F. ) ;
#5751 = FACE_OUTER_BOUND ( 'NONE', #5271, .T. ) ;
#5752 = AXIS2_PLACEMENT_3D ( 'NONE', #7967, #2356, #6630 ) ;
#5753 = B_SPLINE_CURVE_WITH_KNOTS ( 'NONE', 3,
 ( #6448, #5803, #7876, #8609, #7923, #1619, #4424, #3732, #3922, #3972, #6028, #6729 ),
 .UNSPECIFIED., .F., .F.,
 ( 4, 2, 2, 2, 2, 4 ),
 ( 0.003504634718750448442, 0.003941423334025299062, 0.004378211949300150549, 0.005251789179849851788, 0.006125366410399553894, 0.006998943640949256001 ),
 .UNSPECIFIED. ) ;
#5754 = DIRECTION ( 'NONE',  ( 1.000000000000000000, 0.000000000000000000, 0.000000000000000000 ) ) ;
#5755 = ADVANCED_FACE ( 'NONE', ( #3992 ), #6285, .T. ) ;
#5756 = DIRECTION ( 'NONE',  ( -0.000000000000000000, -0.000000000000000000, 1.000000000000000000 ) ) ;
#5757 = CYLINDRICAL_SURFACE ( 'NONE', #6418, 0.9999999999999995559 ) ;
#5758 = DIRECTION ( 'NONE',  ( 1.000000000000000000, 0.000000000000000000, 0.000000000000000000 ) ) ;
#5759 = ORIENTED_EDGE ( 'NONE', *, *, #4265, .F. ) ;
#5760 = TOROIDAL_SURFACE ( 'NONE', #1089, 1.000000000000000000, 1.999999999999994893 ) ;
#5761 = ORIENTED_EDGE ( 'NONE', *, *, #12, .F. ) ;
#5762 = CARTESIAN_POINT ( 'NONE',  ( -4.040089233413046266, -0.9599107665869534012, -26.47763427936022396 ) ) ;
#5763 = CARTESIAN_POINT ( 'NONE',  ( -0.2517800035594489616, -4.748219996440551149, -36.40883637235563697 ) ) ;
#5764 = CARTESIAN_POINT ( 'NONE',  ( 4.360868809976721217, -0.6391311900232802268, -120.9001613215527300 ) ) ;
#5765 = EDGE_CURVE ( 'NONE', #4391, #6021, #2053, .T. ) ;
#5766 = ADVANCED_FACE ( 'NONE', ( #8955 ), #2612, .F. ) ;
#5767 = CARTESIAN_POINT ( 'NONE',  ( 0.008042224640668390462, -4.991957775359332494, -84.79246587454774442 ) ) ;
#5768 = CARTESIAN_POINT ( 'NONE',  ( 1.000000000000000000, 0.000000000000000000, -101.0000000000000000 ) ) ;
#5769 = CARTESIAN_POINT ( 'NONE',  ( 0.2608011982980036336, -4.739198801701995478, -72.09076228220567373 ) ) ;
#5770 = CARTESIAN_POINT ( 'NONE',  ( -4.991698401481084346, -0.008301598518914836758, -35.29625362935772870 ) ) ;
#5771 = EDGE_LOOP ( 'NONE', ( #5484, #1884, #8655 ) ) ;
#5772 = CARTESIAN_POINT ( 'NONE',  ( -0.9582157396402114502, -4.041784260359788661, -75.97622534970068386 ) ) ;
#5773 = ORIENTED_EDGE ( 'NONE', *, *, #4986, .T. ) ;
#5774 = AXIS2_PLACEMENT_3D ( 'NONE', #3545, #7735, #96 ) ;
#5775 = DIRECTION ( 'NONE',  ( -0.000000000000000000, -0.000000000000000000, 1.000000000000000000 ) ) ;
#5776 = CARTESIAN_POINT ( 'NONE',  ( 0.000000000000000000, 0.000000000000000000, -37.75000000000000000 ) ) ;
#5777 = CARTESIAN_POINT ( 'NONE',  ( -0.4321793203734997091, -4.567820679626501068, -110.2265737627597986 ) ) ;
#5778 = ADVANCED_FACE ( 'NONE', ( #7488 ), #7624, .F. ) ;
#5779 = ADVANCED_FACE ( 'NONE', ( #3301 ), #2458, .T. ) ;
#5780 = CARTESIAN_POINT ( 'NONE',  ( 1.000000000000000000, 0.000000000000000000, -88.00000000000000000 ) ) ;
#5781 = DIRECTION ( 'NONE',  ( 1.000000000000000000, 0.000000000000000000, 0.000000000000000000 ) ) ;
#5782 = ORIENTED_EDGE ( 'NONE', *, *, #1321, .T. ) ;
#5783 = PERSON_AND_ORGANIZATION_ROLE ( 'classification_officer' ) ;
#5784 = ORIENTED_EDGE ( 'NONE', *, *, #3392, .T. ) ;
#5785 = B_SPLINE_CURVE_WITH_KNOTS ( 'NONE', 3,
 ( #6385, #5652, #1558, #2907, #3681, #5787, #5832, #731, #8460, #1461, #4273, #7073 ),
 .UNSPECIFIED., .F., .F.,
 ( 4, 2, 2, 2, 2, 4 ),
 ( 0.003504634718750183030, 0.003941423334025066609, 0.004378211949299949321, 0.005251789179849716480, 0.006125366410399483638, 0.006998943640949250797 ),
 .UNSPECIFIED. ) ;
#5786 = AXIS2_PLACEMENT_3D ( 'NONE', #114, #4894, #3523 ) ;
#5787 = CARTESIAN_POINT ( 'NONE',  ( -4.840676868219845552, -0.1593231317801558078, -88.85321941568362547 ) ) ;
#5788 = TOROIDAL_SURFACE ( 'NONE', #358, 1.000000000000000000, 4.000000000000000000 ) ;
#5789 = CARTESIAN_POINT ( 'NONE',  ( 4.686141179201310791, -0.3138588207986893752, -75.03467868775798877 ) ) ;
#5790 = FACE_OUTER_BOUND ( 'NONE', #461, .T. ) ;
#5791 = ORIENTED_EDGE ( 'NONE', *, *, #2957, .T. ) ;
#5792 = CARTESIAN_POINT ( 'NONE',  ( 4.502552532152134468, -0.4974474678478654210, -108.3867275769282088 ) ) ;
#5793 = CARTESIAN_POINT ( 'NONE',  ( 4.960065625082963336, -0.03993437491703660802, -72.91868978647572419 ) ) ;
#5794 = DIRECTION ( 'NONE',  ( -0.000000000000000000, -0.000000000000000000, 1.000000000000000000 ) ) ;
#5795 = CARTESIAN_POINT ( 'NONE',  ( -0.4323357082839848764, -4.567664291716014624, -121.2262912688046015 ) ) ;
#5796 = AXIS2_PLACEMENT_3D ( 'NONE', #6122, #7681, #1983 ) ;
#5797 = ORIENTED_EDGE ( 'NONE', *, *, #6936, .T. ) ;
#5798 = DIRECTION ( 'NONE',  ( -0.000000000000000000, -0.000000000000000000, 1.000000000000000000 ) ) ;
#5799 = CIRCLE ( 'NONE', #362, 5.000000000000000000 ) ;
#5800 = EDGE_CURVE ( 'NONE', #8581, #8889, #1717, .T. ) ;
#5801 = AXIS2_PLACEMENT_3D ( 'NONE', #7772, #4363, #4910 ) ;
#5802 = CARTESIAN_POINT ( 'NONE',  ( 0.000000000000000000, 0.000000000000000000, -36.99999999999999289 ) ) ;
#5803 = CARTESIAN_POINT ( 'NONE',  ( 3.144609816681588776E-17, -4.999999999999999112, -62.64684353044863485 ) ) ;
#5804 = CARTESIAN_POINT ( 'NONE',  ( 1.328041165545656987, -3.671958834454343013, -76.25000000000000000 ) ) ;
#5805 = CIRCLE ( 'NONE', #527, 3.904737509655563876 ) ;
#5806 = ORIENTED_EDGE ( 'NONE', *, *, #1584, .F. ) ;
#5807 = CARTESIAN_POINT ( 'NONE',  ( -4.991698401481079905, -0.008301598518919178771, -90.29625362935772159 ) ) ;
#5808 = ORIENTED_EDGE ( 'NONE', *, *, #4021, .T. ) ;
#5809 = EDGE_CURVE ( 'NONE', #1317, #5059, #5352, .T. ) ;
#5810 = CARTESIAN_POINT ( 'NONE',  ( 0.1593231317801998559, -4.840676868219799367, -14.14678058431652197 ) ) ;
#5811 = CARTESIAN_POINT ( 'NONE',  ( 0.4915337874163407395, -4.508466212583659427, -42.39376480692352800 ) ) ;
#5812 = CARTESIAN_POINT ( 'NONE',  ( -4.959369330385075436, -0.04063066961492552143, -57.58613448345571584 ) ) ;
#5813 = CARTESIAN_POINT ( 'NONE',  ( -4.872131520502827939, -0.1278684794971709504, -47.00740203054002819 ) ) ;
#5814 = CARTESIAN_POINT ( 'NONE',  ( -1.000000000000000000, 1.224646799147353207E-16, -49.49999999999999289 ) ) ;
#5815 = CARTESIAN_POINT ( 'NONE',  ( 0.000000000000000000, 0.000000000000000000, -7.500000000000003553 ) ) ;
#5816 = VERTEX_POINT ( 'NONE', #6191 ) ;
#5817 = CARTESIAN_POINT ( 'NONE',  ( -0.4915337874217784453, -4.508466212578221999, -75.39376480693215399 ) ) ;
#5818 = ORIENTED_EDGE ( 'NONE', *, *, #6337, .T. ) ;
#5819 = EDGE_CURVE ( 'NONE', #6502, #1376, #4153, .T. ) ;
#5820 = CARTESIAN_POINT ( 'NONE',  ( -1.027093305357485558E-12, -4.999999999998975930, -67.85274279208620385 ) ) ;
#5821 = CARTESIAN_POINT ( 'NONE',  ( -2.500000000000000000, -2.500000000000000000, 8.000000000000007105 ) ) ;
#5822 = CARTESIAN_POINT ( 'NONE',  ( -5.000000000000281553, 2.811725620256466210E-13, -73.50000000000021316 ) ) ;
#5823 = DIRECTION ( 'NONE',  ( -0.000000000000000000, -0.000000000000000000, 1.000000000000000000 ) ) ;
#5824 = CARTESIAN_POINT ( 'NONE',  ( -1.000000000000000000, 1.224646799147353207E-16, -82.50000000000000000 ) ) ;
#5825 = VERTEX_POINT ( 'NONE', #7798 ) ;
#5826 = LOCAL_TIME ( 21, 14, 1.000000000000000000, #5095 ) ;
#5827 = COORDINATED_UNIVERSAL_TIME_OFFSET ( 3, 30, .AHEAD. ) ;
#5828 = ORIENTED_EDGE ( 'NONE', *, *, #4242, .F. ) ;
#5829 = CIRCLE ( 'NONE', #7155, 2.000000000000001776 ) ;
#5830 = TOROIDAL_SURFACE ( 'NONE', #1880, 1.000000000000000000, 4.000000000000001776 ) ;
#5831 = AXIS2_PLACEMENT_3D ( 'NONE', #5587, #4203, #798 ) ;
#5832 = CARTESIAN_POINT ( 'NONE',  ( -4.748219996434698054, -0.2517800035653024460, -88.59116362763018060 ) ) ;
#5833 = DIRECTION ( 'NONE',  ( 1.000000000000000000, 0.000000000000000000, 0.000000000000000000 ) ) ;
#5834 = ORIENTED_EDGE ( 'NONE', *, *, #8424, .F. ) ;
#5835 = CARTESIAN_POINT ( 'NONE',  ( 0.000000000000000000, 0.000000000000000000, 0.000000000000000000 ) ) ;
#5836 = CARTESIAN_POINT ( 'NONE',  ( 3.862796825714234661, -1.137203174285766671, -70.87100116288257823 ) ) ;
#5837 = CARTESIAN_POINT ( 'NONE',  ( -4.359865889258241367, -0.6401341107417610754, -31.60125045371350794 ) ) ;
#5838 = CIRCLE ( 'NONE', #6144, 3.999999999999999112 ) ;
#5839 = CARTESIAN_POINT ( 'NONE',  ( -0.4321793203679948348, -4.567820679632005110, -115.7265737627697462 ) ) ;
#5840 = AXIS2_PLACEMENT_3D ( 'NONE', #8287, #7596, #3500 ) ;
#5841 = ORIENTED_EDGE ( 'NONE', *, *, #2168, .T. ) ;
#5842 = CARTESIAN_POINT ( 'NONE',  ( -1.328041165545656765, -3.671958834454343013, -103.7500000000000000 ) ) ;
#5843 = AXIS2_PLACEMENT_3D ( 'NONE', #205, #7886, #1394 ) ;
#5844 = DIRECTION ( 'NONE',  ( 0.000000000000000000, -1.000000000000000000, 0.000000000000000000 ) ) ;
#5845 = CARTESIAN_POINT ( 'NONE',  ( 0.9582157396373258695, -4.041784260362675241, -31.97622534969821118 ) ) ;
#5846 = DIRECTION ( 'NONE',  ( -1.000000000000000000, 1.224646799147353207E-16, 0.000000000000000000 ) ) ;
#5847 = CARTESIAN_POINT ( 'NONE',  ( 4.508466212578265520, -0.4915337874217332037, -11.10623519306795437 ) ) ;
#5848 = EDGE_CURVE ( 'NONE', #5052, #8749, #5686, .T. ) ;
#5849 = AXIS2_PLACEMENT_3D ( 'NONE', #1044, #3851, #4038 ) ;
#5850 = ORIENTED_EDGE ( 'NONE', *, *, #2949, .F. ) ;
#5851 = FACE_OUTER_BOUND ( 'NONE', #5144, .T. ) ;
#5852 = ORIENTED_EDGE ( 'NONE', *, *, #7714, .T. ) ;
#5853 = VERTEX_POINT ( 'NONE', #2228 ) ;
#5854 = DIRECTION ( 'NONE',  ( -0.000000000000000000, -0.000000000000000000, 1.000000000000000000 ) ) ;
#5855 = CARTESIAN_POINT ( 'NONE',  ( 4.739198801701950181, -0.2608011982980494303, -30.90923771779445772 ) ) ;
#5856 = CARTESIAN_POINT ( 'NONE',  ( -0.3138588207986364176, -4.686141179201364082, -60.96532131224212492 ) ) ;
#5857 = CARTESIAN_POINT ( 'NONE',  ( -4.935956332719894313, -0.06404366728010570109, -45.27440186598522587 ) ) ;
#5858 = EDGE_CURVE ( 'NONE', #86, #8987, #2020, .T. ) ;
#5859 = CARTESIAN_POINT ( 'NONE',  ( -4.567820679631962477, -0.4321793203680380224, -36.77342623723036041 ) ) ;
#5860 = ORIENTED_EDGE ( 'NONE', *, *, #2314, .F. ) ;
#5861 = CARTESIAN_POINT ( 'NONE',  ( -0.6401341107464926239, -4.359865889253508264, -38.39874954628010073 ) ) ;
#5862 = ORIENTED_EDGE ( 'NONE', *, *, #1410, .F. ) ;
#5863 = APPROVAL ( #8455, 'UNSPECIFIED' ) ;
#5864 = DIRECTION ( 'NONE',  ( 1.224646799147353207E-16, 1.000000000000000000, 0.000000000000000000 ) ) ;
#5865 = CARTESIAN_POINT ( 'NONE',  ( -3.904737509655562544, 4.781924292710298509E-16, -59.75000000000000000 ) ) ;
#5866 = CARTESIAN_POINT ( 'NONE',  ( -4.282386290039714716, -0.7176137099602848402, -9.702228730415280111 ) ) ;
#5867 = EDGE_CURVE ( 'NONE', #2150, #6502, #8410, .T. ) ;
#5868 = CARTESIAN_POINT ( 'NONE',  ( -1.136863993905363301, -3.863136006094636699, -21.37121622079730088 ) ) ;
#5869 = ORIENTED_EDGE ( 'NONE', *, *, #3957, .T. ) ;
#5870 = ORIENTED_EDGE ( 'NONE', *, *, #192, .T. ) ;
#5871 = CARTESIAN_POINT ( 'NONE',  ( 4.832192940297736605, -0.1678070597022649768, -3.145947905968863534 ) ) ;
#5872 = CARTESIAN_POINT ( 'NONE',  ( 4.999999999999986677, -1.267690684684465825E-14, -79.14725720788725027 ) ) ;
#5873 = EDGE_CURVE ( 'NONE', #1656, #5334, #3702, .T. ) ;
#5874 = FACE_OUTER_BOUND ( 'NONE', #1601, .T. ) ;
#5875 = EDGE_CURVE ( 'NONE', #86, #3998, #4103, .T. ) ;
#5876 = ORIENTED_EDGE ( 'NONE', *, *, #6736, .F. ) ;
#5877 = CARTESIAN_POINT ( 'NONE',  ( 4.567820679631958924, -0.4321793203680420747, -108.2734262372303533 ) ) ;
#5878 = CARTESIAN_POINT ( 'NONE',  ( 0.4321793203679917816, -4.567820679632009551, -22.22657376276974617 ) ) ;
#5879 = CYLINDRICAL_SURFACE ( 'NONE', #8323, 0.9999999999999995559 ) ;
#5880 = DIRECTION ( 'NONE',  ( 1.000000000000000000, 0.000000000000000000, 0.000000000000000000 ) ) ;
#5881 = ORIENTED_EDGE ( 'NONE', *, *, #3286, .F. ) ;
#5882 = DIRECTION ( 'NONE',  ( -0.000000000000000000, -0.000000000000000000, 1.000000000000000000 ) ) ;
#5883 = DIRECTION ( 'NONE',  ( -0.000000000000000000, -0.000000000000000000, 1.000000000000000000 ) ) ;
#5884 = CARTESIAN_POINT ( 'NONE',  ( 4.040089233413046266, -0.9599107665869511807, -48.47763427936020975 ) ) ;
#5885 = EDGE_CURVE ( 'NONE', #5853, #6259, #572, .T. ) ;
#5886 = DIRECTION ( 'NONE',  ( 1.000000000000000000, 0.000000000000000000, 0.000000000000000000 ) ) ;
#5887 = DIRECTION ( 'NONE',  ( -0.000000000000000000, -0.000000000000000000, 1.000000000000000000 ) ) ;
#5888 = ORIENTED_EDGE ( 'NONE', *, *, #7512, .F. ) ;
#5889 = CARTESIAN_POINT ( 'NONE',  ( 0.000000000000000000, 0.000000000000000000, -106.5000000000000000 ) ) ;
#5890 = VERTEX_POINT ( 'NONE', #1534 ) ;
#5891 = TOROIDAL_SURFACE ( 'NONE', #8390, 1.000000000000000000, 1.999999999999994893 ) ;
#5892 = EDGE_LOOP ( 'NONE', ( #8005, #8579, #4411 ) ) ;
#5893 = CARTESIAN_POINT ( 'NONE',  ( -0.9599107665897160802, -4.040089233410284031, -49.02236572063742415 ) ) ;
#5894 = CARTESIAN_POINT ( 'NONE',  ( -0.2517800035594496832, -4.748219996440550261, -96.90883637235562276 ) ) ;
#5895 = FACE_OUTER_BOUND ( 'NONE', #3294, .T. ) ;
#5896 = TOROIDAL_SURFACE ( 'NONE', #7527, 1.000000000000000000, 4.000000000000000000 ) ;
#5897 = FACE_OUTER_BOUND ( 'NONE', #3968, .T. ) ;
#5898 = CARTESIAN_POINT ( 'NONE',  ( -4.999999999999990230, -7.591956306240251341E-15, -46.14725720788722896 ) ) ;
#5899 = CARTESIAN_POINT ( 'NONE',  ( 0.9599107665897126385, -4.040089233410285807, -38.02236572063742415 ) ) ;
#5900 = CARTESIAN_POINT ( 'NONE',  ( -0.4915337874163011600, -4.508466212583699395, -108.3937648069234569 ) ) ;
#5901 = ORIENTED_EDGE ( 'NONE', *, *, #8911, .F. ) ;
#5902 = LINE ( 'NONE', #2512, #1514 ) ;
#5903 = ORIENTED_EDGE ( 'NONE', *, *, #2345, .F. ) ;
#5904 = ADVANCED_FACE ( 'NONE', ( #4396 ), #8209, .T. ) ;
#5905 = CARTESIAN_POINT ( 'NONE',  ( 3.862796825714234661, -1.137203174285766005, -15.87100116288256046 ) ) ;
#5906 = CARTESIAN_POINT ( 'NONE',  ( 1.000000000000000000, 0.000000000000000000, -68.00000000000000000 ) ) ;
#5907 = CARTESIAN_POINT ( 'NONE',  ( 0.008301598518898473111, -4.991698401481101222, -18.20374637064252354 ) ) ;
#5908 = CARTESIAN_POINT ( 'NONE',  ( -1.328041165545663649, -3.671958834454336351, -10.25000000000000178 ) ) ;
#5909 = FACE_OUTER_BOUND ( 'NONE', #1191, .T. ) ;
#5910 = ORIENTED_EDGE ( 'NONE', *, *, #4652, .F. ) ;
#5911 = B_SPLINE_CURVE_WITH_KNOTS ( 'NONE', 3,
 ( #5842, #2167, #147, #740, #832, #4281, #7133, #1426, #1513, #7872, #3002, #2864, #2121, #190, #7736, #7084 ),
 .UNSPECIFIED., .F., .F.,
 ( 4, 2, 2, 2, 2, 2, 2, 4 ),
 ( 4.818711198922718609E-07, 0.0008765200830205778157, 0.001314539188970933505, 0.001752558294921289410, 0.002190577400871645316, 0.002628596506822001005, 0.003066615612772357127, 0.003504634718722713250 ),
 .UNSPECIFIED. ) ;
#5912 = VERTEX_POINT ( 'NONE', #1485 ) ;
#5913 = CIRCLE ( 'NONE', #7834, 0.9999999999999986677 ) ;
#5914 = ADVANCED_FACE ( 'NONE', ( #8392 ), #5270, .F. ) ;
#5915 = DIRECTION ( 'NONE',  ( -0.000000000000000000, -0.000000000000000000, 1.000000000000000000 ) ) ;
#5916 = FACE_OUTER_BOUND ( 'NONE', #7607, .T. ) ;
#5917 = TOROIDAL_SURFACE ( 'NONE', #3720, 1.000000000000000000, 3.999999999999999112 ) ;
#5918 = CARTESIAN_POINT ( 'NONE',  ( 0.000000000000000000, 0.000000000000000000, -76.25000000000000000 ) ) ;
#5919 = ORIENTED_EDGE ( 'NONE', *, *, #7323, .F. ) ;
#5920 = CARTESIAN_POINT ( 'NONE',  ( 0.06459124882788734590, -4.935408751172113639, -116.7716523491561986 ) ) ;
#5921 = CARTESIAN_POINT ( 'NONE',  ( 0.3138588207986363621, -4.686141179201362306, -22.46532131224214268 ) ) ;
#5922 = CARTESIAN_POINT ( 'NONE',  ( -0.7176137099602470926, -4.282386290039752907, -5.297771269584766074 ) ) ;
#5923 = TOROIDAL_SURFACE ( 'NONE', #7103, 1.000000000000000000, 4.000000000000001776 ) ;
#5924 = ORIENTED_EDGE ( 'NONE', *, *, #3708, .T. ) ;
#5925 = CARTESIAN_POINT ( 'NONE',  ( -0.9999999999999985567, 1.224646799147351728E-16, -120.9999999999999716 ) ) ;
#5926 = ADVANCED_FACE ( 'NONE', ( #7100 ), #4952, .F. ) ;
#5927 = AXIS2_PLACEMENT_3D ( 'NONE', #5689, #6974, #7804 ) ;
#5928 = CARTESIAN_POINT ( 'NONE',  ( -0.9999999999999995559, 1.224646799147352714E-16, 0.000000000000000000 ) ) ;
#5929 = CARTESIAN_POINT ( 'NONE',  ( 4.832344906989098909, -0.1676550930109018400, -47.14546193740920899 ) ) ;
#5930 = CARTESIAN_POINT ( 'NONE',  ( -4.040089233413053371, -0.9599107665869472950, -97.97763427936018843 ) ) ;
#5931 = DIRECTION ( 'NONE',  ( 0.000000000000000000, -1.000000000000000000, 0.000000000000000000 ) ) ;
#5932 = CARTESIAN_POINT ( 'NONE',  ( 0.000000000000000000, 0.000000000000000000, -73.50000000000001421 ) ) ;
#5933 = AXIS2_PLACEMENT_3D ( 'NONE', #8599, #4372, #2953 ) ;
#5934 = ORIENTED_EDGE ( 'NONE', *, *, #7562, .T. ) ;
#5935 = CARTESIAN_POINT ( 'NONE',  ( -0.9999999999999995559, 1.224646799147352714E-16, 0.000000000000000000 ) ) ;
#5936 = CIRCLE ( 'NONE', #7996, 3.904737509655562544 ) ;
#5937 = ORIENTED_EDGE ( 'NONE', *, *, #2015, .T. ) ;
#5938 = ADVANCED_FACE ( 'NONE', ( #2095 ), #2607, .T. ) ;
#5939 = EDGE_CURVE ( 'NONE', #6659, #5451, #8215, .T. ) ;
#5940 = ORIENTED_EDGE ( 'NONE', *, *, #383, .F. ) ;
#5941 = AXIS2_PLACEMENT_3D ( 'NONE', #4101, #6901, #599 ) ;
#5942 = CARTESIAN_POINT ( 'NONE',  ( 0.000000000000000000, -5.000000000000000000, -13.00000000000000533 ) ) ;
#5943 = CARTESIAN_POINT ( 'NONE',  ( 0.03993437491367330533, -4.960065625086327756, -41.08131021350184398 ) ) ;
#5944 = CARTESIAN_POINT ( 'NONE',  ( 4.872131520502827939, -0.1278684794971723382, -30.50740203054003530 ) ) ;
#5945 = DIRECTION ( 'NONE',  ( -0.000000000000000000, -0.000000000000000000, 1.000000000000000000 ) ) ;
#5946 = FACE_OUTER_BOUND ( 'NONE', #9017, .T. ) ;
#5947 = CARTESIAN_POINT ( 'NONE',  ( 1.328041165545657876, -3.671958834454342124, -37.75000000000000000 ) ) ;
#5948 = CARTESIAN_POINT ( 'NONE',  ( -0.03993437491365115638, -4.960065625086347296, -107.0813102135016521 ) ) ;
#5949 = ORIENTED_EDGE ( 'NONE', *, *, #236, .T. ) ;
#5950 = DIRECTION ( 'NONE',  ( 1.000000000000000000, 0.000000000000000000, 0.000000000000000000 ) ) ;
#5951 = AXIS2_PLACEMENT_3D ( 'NONE', #4258, #118, #5592 ) ;
#5952 = ORIENTED_EDGE ( 'NONE', *, *, #6613, .T. ) ;
#5953 = TOROIDAL_SURFACE ( 'NONE', #8014, 1.000000000000000000, 3.999999999999996447 ) ;
#5954 = ADVANCED_FACE ( 'NONE', ( #3886 ), #7934, .F. ) ;
#5955 = CARTESIAN_POINT ( 'NONE',  ( -1.000000000000000000, 1.224646799147353207E-16, -13.00000000000000355 ) ) ;
#5956 =( GEOMETRIC_REPRESENTATION_CONTEXT ( 3 ) GLOBAL_UNCERTAINTY_ASSIGNED_CONTEXT ( ( #6834 ) ) GLOBAL_UNIT_ASSIGNED_CONTEXT ( ( #7595, #4054, #556 ) ) REPRESENTATION_CONTEXT ( 'NONE', 'WORKASPACE' ) );
#5957 = CARTESIAN_POINT ( 'NONE',  ( 4.366408635906906532, -0.6335913640930941337, -32.89380044883598941 ) ) ;
#5958 = CARTESIAN_POINT ( 'NONE',  ( 0.4974474678531454752, -4.502552532146855135, -66.11327242306312257 ) ) ;
#5959 = CARTESIAN_POINT ( 'NONE',  ( -4.502910482877282128, -0.4970895171227181497, -121.1139075807365515 ) ) ;
#5960 = DIRECTION ( 'NONE',  ( 1.000000000000000000, 0.000000000000000000, 0.000000000000000000 ) ) ;
#5961 = DIRECTION ( 'NONE',  ( 1.224646799147353207E-16, 1.000000000000000000, 0.000000000000000000 ) ) ;
#5962 = LINE ( 'NONE', #7945, #1847 ) ;
#5963 = CIRCLE ( 'NONE', #8754, 0.9999999999999993339 ) ;
#5964 = ORIENTED_EDGE ( 'NONE', *, *, #6589, .F. ) ;
#5965 = EDGE_CURVE ( 'NONE', #5699, #8811, #8094, .T. ) ;
#5966 = VERTEX_POINT ( 'NONE', #1628 ) ;
#5967 = CARTESIAN_POINT ( 'NONE',  ( 4.960065625082964225, -0.03993437491703594189, -23.41868978647572419 ) ) ;
#5968 = CC_DESIGN_SECURITY_CLASSIFICATION ( #7451, ( #6702 ) ) ;
#5969 = DIRECTION ( 'NONE',  ( -0.000000000000000000, -0.000000000000000000, 1.000000000000000000 ) ) ;
#5970 = CARTESIAN_POINT ( 'NONE',  ( 4.999999999999986677, -1.267690684684465825E-14, -68.14725720788726449 ) ) ;
#5971 = ORIENTED_EDGE ( 'NONE', *, *, #8846, .F. ) ;
#5972 = CARTESIAN_POINT ( 'NONE',  ( 0.9999999999999995559, 0.000000000000000000, 0.000000000000000000 ) ) ;
#5973 = CARTESIAN_POINT ( 'NONE',  ( -4.282386290039715604, -0.7176137099602839520, -20.70222873041527478 ) ) ;
#5974 = EDGE_CURVE ( 'NONE', #8493, #509, #3775, .T. ) ;
#5975 = AXIS2_PLACEMENT_3D ( 'NONE', #353, #5961, #1002 ) ;
#5976 = TOROIDAL_SURFACE ( 'NONE', #2018, 1.000000000000002220, 3.999999999999994671 ) ;
#5977 = ORIENTED_EDGE ( 'NONE', *, *, #1203, .F. ) ;
#5978 = CARTESIAN_POINT ( 'NONE',  ( -0.4915337874163437926, -4.508466212583657651, -47.89376480692354221 ) ) ;
#5979 = AXIS2_PLACEMENT_3D ( 'NONE', #8227, #541, #6890 ) ;
#5980 = EDGE_CURVE ( 'NONE', #4794, #6237, #103, .T. ) ;
#5981 = AXIS2_PLACEMENT_3D ( 'NONE', #1639, #8713, #7346 ) ;
#5982 = CARTESIAN_POINT ( 'NONE',  ( 4.739198801701949293, -0.2608011982980512622, -118.9092377177944400 ) ) ;
#5983 = CIRCLE ( 'NONE', #7016, 1.999999999999994893 ) ;
#5984 = CARTESIAN_POINT ( 'NONE',  ( 4.959369330385074548, -0.04063066961492557694, -46.58613448345570163 ) ) ;
#5985 = AXIS2_PLACEMENT_3D ( 'NONE', #4394, #4435, #3699 ) ;
#5986 = ORIENTED_EDGE ( 'NONE', *, *, #7228, .F. ) ;
#5987 = CARTESIAN_POINT ( 'NONE',  ( -1.328041165545656765, -3.671958834454343013, -109.2499999999999858 ) ) ;
#5988 = CARTESIAN_POINT ( 'NONE',  ( 0.1278684795020900156, -4.872131520497910095, -99.99259796944171796 ) ) ;
#5989 = ADVANCED_FACE ( 'NONE', ( #7287 ), #8620, .F. ) ;
#5990 = ORIENTED_EDGE ( 'NONE', *, *, #4704, .F. ) ;
#5991 = DIRECTION ( 'NONE',  ( -0.000000000000000000, -0.000000000000000000, 1.000000000000000000 ) ) ;
#5992 = ORIENTED_EDGE ( 'NONE', *, *, #4997, .F. ) ;
#5993 = AXIS2_PLACEMENT_3D ( 'NONE', #2157, #6340, #641 ) ;
#5994 = ORIENTED_EDGE ( 'NONE', *, *, #2452, .T. ) ;
#5995 = CARTESIAN_POINT ( 'NONE',  ( -0.2590032929235763781, -4.740996707076425842, -3.404596727254059374 ) ) ;
#5996 = CARTESIAN_POINT ( 'NONE',  ( -1.328041165545656987, -3.671958834454343013, -87.25000000000000000 ) ) ;
#5997 = DIRECTION ( 'NONE',  ( -0.000000000000000000, -0.000000000000000000, 1.000000000000000000 ) ) ;
#5998 = CARTESIAN_POINT ( 'NONE',  ( -1.000000000000000000, 1.224646799147353207E-16, -44.00000000000000000 ) ) ;
#5999 = DIRECTION ( 'NONE',  ( -0.000000000000000000, -0.000000000000000000, 1.000000000000000000 ) ) ;
#6000 = FACE_OUTER_BOUND ( 'NONE', #4987, .T. ) ;
#6001 = CARTESIAN_POINT ( 'NONE',  ( -4.502552532152140685, -0.4974474678478608691, -64.38672757692825144 ) ) ;
#6002 = ORIENTED_EDGE ( 'NONE', *, *, #8766, .T. ) ;
#6003 = CARTESIAN_POINT ( 'NONE',  ( -1.328041165545657876, -3.671958834454342124, -37.75000000000000000 ) ) ;
#6004 = ORIENTED_EDGE ( 'NONE', *, *, #7924, .F. ) ;
#6005 = B_SPLINE_CURVE_WITH_KNOTS ( 'NONE', 3,
 ( #8416, #4921, #1418, #7732, #6343, #7078, #6989, #8512, #2772, #4974, #1373, #7127 ),
 .UNSPECIFIED., .F., .F.,
 ( 4, 2, 2, 2, 2, 4 ),
 ( 0.003504634718750183030, 0.003941423334025066609, 0.004378211949299949321, 0.005251789179849716480, 0.006125366410399483638, 0.006998943640949250797 ),
 .UNSPECIFIED. ) ;
#6006 = CARTESIAN_POINT ( 'NONE',  ( 0.000000000000000000, 0.000000000000000000, -87.25000000000000000 ) ) ;
#6007 = DIRECTION ( 'NONE',  ( 0.000000000000000000, 0.000000000000000000, -1.000000000000000000 ) ) ;
#6008 = CARTESIAN_POINT ( 'NONE',  ( -1.328041165545667868, -3.671958834454332354, -4.750000000000001776 ) ) ;
#6009 = DIRECTION ( 'NONE',  ( 1.000000000000000000, 0.000000000000000000, 0.000000000000000000 ) ) ;
#6010 = CARTESIAN_POINT ( 'NONE',  ( -4.508466212578269072, -0.4915337874217310388, -77.10623519306797391 ) ) ;
#6011 = CARTESIAN_POINT ( 'NONE',  ( 0.9999999999999993339, 0.000000000000000000, -86.50000000000000000 ) ) ;
#6012 = FACE_OUTER_BOUND ( 'NONE', #8231, .T. ) ;
#6013 = EDGE_CURVE ( 'NONE', #6156, #1354, #4695, .T. ) ;
#6014 = VERTEX_POINT ( 'NONE', #2412 ) ;
#6015 = ITEM_DEFINED_TRANSFORMATION ( 'NONE', 'NONE', #6851,  #8018 ) ;
#6016 = EDGE_LOOP ( 'NONE', ( #7370, #769, #1297 ) ) ;
#6017 = EDGE_CURVE ( 'NONE', #8291, #5739, #1896, .T. ) ;
#6018 = CARTESIAN_POINT ( 'NONE',  ( 0.000000000000000000, 0.000000000000000000, -73.50000000000001421 ) ) ;
#6019 = DIRECTION ( 'NONE',  ( 0.000000000000000000, 0.000000000000000000, -1.000000000000000000 ) ) ;
#6020 = CARTESIAN_POINT ( 'NONE',  ( 5.000000000000281553, 2.809514862196180954E-13, -68.00000000000021316 ) ) ;
#6021 = VERTEX_POINT ( 'NONE', #3838 ) ;
#6022 = CARTESIAN_POINT ( 'NONE',  ( 0.7176137099645699680, -4.282386290035430143, -49.29777126957945654 ) ) ;
#6023 = FACE_OUTER_BOUND ( 'NONE', #4675, .T. ) ;
#6024 = ORIENTED_EDGE ( 'NONE', *, *, #6772, .T. ) ;
#6025 = CARTESIAN_POINT ( 'NONE',  ( 0.000000000000000000, 0.000000000000000000, -18.50000000000000355 ) ) ;
#6026 = EDGE_CURVE ( 'NONE', #3509, #5966, #6868, .T. ) ;
#6027 = CARTESIAN_POINT ( 'NONE',  ( 0.03993437491367660824, -4.960065625086322427, -96.08131021350182266 ) ) ;
#6028 = CARTESIAN_POINT ( 'NONE',  ( -1.137203174285764229, -3.862796825714236881, -65.12899883711746440 ) ) ;
#6029 = ORIENTED_EDGE ( 'NONE', *, *, #3623, .F. ) ;
#6030 = CARTESIAN_POINT ( 'NONE',  ( -4.832344906989094468, -0.1676550930109067528, -69.14546193740920899 ) ) ;
#6031 = CARTESIAN_POINT ( 'NONE',  ( 4.991957775357460214, -0.008042224642539692187, -106.2075341254273582 ) ) ;
#6032 = ORIENTED_EDGE ( 'NONE', *, *, #3623, .T. ) ;
#6033 = CARTESIAN_POINT ( 'NONE',  ( 5.000000000000281553, 2.809514862196180954E-13, -95.50000000000021316 ) ) ;
#6034 = ORIENTED_EDGE ( 'NONE', *, *, #8856, .T. ) ;
#6035 = ORIENTED_EDGE ( 'NONE', *, *, #6516, .T. ) ;
#6036 = ADVANCED_FACE ( 'NONE', ( #5946 ), #126, .T. ) ;
#6037 = LINE ( 'NONE', #4917, #3433 ) ;
#6038 = FACE_OUTER_BOUND ( 'NONE', #5649, .T. ) ;
#6039 = CARTESIAN_POINT ( 'NONE',  ( -1.328041165545661428, -3.671958834454339016, -15.75000000000000000 ) ) ;
#6040 = CARTESIAN_POINT ( 'NONE',  ( 0.000000000000000000, 0.000000000000000000, -79.00000000000000000 ) ) ;
#6041 = CARTESIAN_POINT ( 'NONE',  ( 5.000000000000000000, 0.000000000000000000, -2.000000000000000000 ) ) ;
#6042 = CARTESIAN_POINT ( 'NONE',  ( 1.136863993906865655, -3.863136006093133901, -37.87121622079637007 ) ) ;
#6043 = AXIS2_PLACEMENT_3D ( 'NONE', #8513, #1467, #4975 ) ;
#6044 = FACE_OUTER_BOUND ( 'NONE', #7120, .T. ) ;
#6045 = VERTEX_POINT ( 'NONE', #2600 ) ;
#6046 = CARTESIAN_POINT ( 'NONE',  ( 4.366408635906911861, -0.6335913640930898039, -54.89380044883598231 ) ) ;
#6047 = AXIS2_PLACEMENT_3D ( 'NONE', #1813, #4617, #4477 ) ;
#6048 = ORIENTED_EDGE ( 'NONE', *, *, #5848, .T. ) ;
#6049 = ADVANCED_FACE ( 'NONE', ( #6182 ), #3634, .T. ) ;
#6050 = VECTOR ( 'NONE', #2557, 1000.000000000000000 ) ;
#6051 = CARTESIAN_POINT ( 'NONE',  ( 0.6401341107465103875, -4.359865889253490501, -27.39874954628007941 ) ) ;
#6052 = DIRECTION ( 'NONE',  ( 1.000000000000000000, 0.000000000000000000, 0.000000000000000000 ) ) ;
#6053 = CARTESIAN_POINT ( 'NONE',  ( 0.1278684795020899045, -4.872131520497909207, -66.99259796944171796 ) ) ;
#6054 = CARTESIAN_POINT ( 'NONE',  ( -4.569376863670179922, -0.4306231363298201886, -121.2293401061886584 ) ) ;
#6055 = DIRECTION ( 'NONE',  ( -0.000000000000000000, -0.000000000000000000, 1.000000000000000000 ) ) ;
#6056 = CARTESIAN_POINT ( 'NONE',  ( 4.282386290039716492, -0.7176137099602842850, -9.702228730415283664 ) ) ;
#6057 = DIRECTION ( 'NONE',  ( 0.000000000000000000, 0.000000000000000000, -1.000000000000000000 ) ) ;
#6058 = EDGE_LOOP ( 'NONE', ( #1385, #7628, #8913, #330 ) ) ;
#6059 = CALENDAR_DATE ( 2026, 24, 2 ) ;
#6060 = ORIENTED_EDGE ( 'NONE', *, *, #1667, .F. ) ;
#6061 = EDGE_CURVE ( 'NONE', #532, #545, #270, .T. ) ;
#6062 = ADVANCED_FACE ( 'NONE', ( #6917 ), #8941, .T. ) ;
#6063 = DIRECTION ( 'NONE',  ( -0.000000000000000000, -0.000000000000000000, 1.000000000000000000 ) ) ;
#6064 = DIRECTION ( 'NONE',  ( 1.000000000000000000, 0.000000000000000000, 0.000000000000000000 ) ) ;
#6065 = DIRECTION ( 'NONE',  ( -1.000000000000000000, 1.224646799147353207E-16, 0.000000000000000000 ) ) ;
#6066 = CARTESIAN_POINT ( 'NONE',  ( -5.000000000000009770, 9.310903793574489690E-15, -12.85315646955162627 ) ) ;
#6067 = EDGE_LOOP ( 'NONE', ( #4334, #1990, #1969, #2317 ) ) ;
#6068 = CARTESIAN_POINT ( 'NONE',  ( 4.567820679631958924, -0.4321793203680420747, -102.7734262372303533 ) ) ;
#6069 = CARTESIAN_POINT ( 'NONE',  ( -0.06459124882788476463, -4.935408751172118080, -6.771652349156171979 ) ) ;
#6070 = CIRCLE ( 'NONE', #1504, 1.000000000000000000 ) ;
#6071 = ORIENTED_EDGE ( 'NONE', *, *, #5054, .F. ) ;
#6072 = CARTESIAN_POINT ( 'NONE',  ( -3.904737509655567873, 4.781924292710298509E-16, -43.25000000000000711 ) ) ;
#6073 = CIRCLE ( 'NONE', #2110, 3.904737509655567873 ) ;
#6074 = CARTESIAN_POINT ( 'NONE',  ( -0.1278684795020865461, -4.872131520497913648, -33.99259796944174639 ) ) ;
#6075 = CARTESIAN_POINT ( 'NONE',  ( -4.959369330385075436, -0.04063066961492567408, -52.08613448345570873 ) ) ;
#6076 = ORIENTED_EDGE ( 'NONE', *, *, #8595, .T. ) ;
#6077 = CARTESIAN_POINT ( 'NONE',  ( -1.000000000000000000, 1.224646799147353207E-16, -112.0000000000000000 ) ) ;
#6078 = CARTESIAN_POINT ( 'NONE',  ( 0.000000000000000000, 0.000000000000000000, -43.25000000000000711 ) ) ;
#6079 = VERTEX_POINT ( 'NONE', #8303 ) ;
#6080 = DIRECTION ( 'NONE',  ( -0.000000000000000000, -0.000000000000000000, 1.000000000000000000 ) ) ;
#6081 = ADVANCED_FACE ( 'NONE', ( #2651 ), #7741, .T. ) ;
#6082 = VERTEX_POINT ( 'NONE', #6138 ) ;
#6083 = B_SPLINE_CURVE_WITH_KNOTS ( 'NONE', 3,
 ( #7788, #7231, #3006, #6488, #2216, #55, #5668, #8474, #2311, #5025, #2173, #8563 ),
 .UNSPECIFIED., .F., .F.,
 ( 4, 2, 2, 2, 2, 4 ),
 ( 0.003504634718750183030, 0.003941423334025067476, 0.004378211949299951056, 0.005251789179849720816, 0.006125366410399489710, 0.006998943640949258603 ),
 .UNSPECIFIED. ) ;
#6084 = DIRECTION ( 'NONE',  ( 0.000000000000000000, 0.000000000000000000, -1.000000000000000000 ) ) ;
#6085 = CARTESIAN_POINT ( 'NONE',  ( 1.000000000000000000, 0.000000000000000000, -95.50000000000000000 ) ) ;
#6086 = CARTESIAN_POINT ( 'NONE',  ( 0.000000000000000000, 0.000000000000000000, -114.7499999999999858 ) ) ;
#6087 = CARTESIAN_POINT ( 'NONE',  ( -4.935956332719889872, -0.06404366728011029464, -94.77440186598522587 ) ) ;
#6088 = CARTESIAN_POINT ( 'NONE',  ( 0.2517800035594497943, -4.748219996440550261, -113.4088363723556512 ) ) ;
#6089 = CARTESIAN_POINT ( 'NONE',  ( -0.9599107665897081976, -4.040089233410292024, -43.52236572063742415 ) ) ;
#6090 = VECTOR ( 'NONE', #8138, 1000.000000000000000 ) ;
#6091 = CARTESIAN_POINT ( 'NONE',  ( 0.000000000000000000, 0.000000000000000000, -131.9999999999999716 ) ) ;
#6092 = ORIENTED_EDGE ( 'NONE', *, *, #8661, .T. ) ;
#6093 = CARTESIAN_POINT ( 'NONE',  ( -3.671958834454343013, -1.328041165545656765, -92.74999999999998579 ) ) ;
#6094 = ADVANCED_FACE ( 'NONE', ( #3336 ), #4972, .T. ) ;
#6095 = VERTEX_POINT ( 'NONE', #7478 ) ;
#6096 = AXIS2_PLACEMENT_3D ( 'NONE', #3324, #7597, #6170 ) ;
#6097 = B_SPLINE_CURVE_WITH_KNOTS ( 'NONE', 3,
 ( #8103, #8200, #3921, #4653, #6727, #426, #1802, #1852, #5982, #7552, #8969, #6771, #1941, #3373, #5294, #2638 ),
 .UNSPECIFIED., .F., .F.,
 ( 4, 2, 2, 2, 2, 2, 2, 4 ),
 ( 4.818711198665871750E-07, 0.0008765200830274456944, 0.001314539188981235377, 0.001752558294935024951, 0.002190577400888814308, 0.002628596506842603882, 0.003066615612796393456, 0.003504634718750183030 ),
 .UNSPECIFIED. ) ;
#6098 = CARTESIAN_POINT ( 'NONE',  ( -4.502552532152134468, -0.4974474678478655321, -102.8867275769282514 ) ) ;
#6099 = CARTESIAN_POINT ( 'NONE',  ( 0.3138588208042958905, -4.686141179195703721, -44.46532131222953410 ) ) ;
#6100 = DIRECTION ( 'NONE',  ( -0.000000000000000000, -0.000000000000000000, 1.000000000000000000 ) ) ;
#6101 = DIRECTION ( 'NONE',  ( 1.000000000000000000, 0.000000000000000000, 0.000000000000000000 ) ) ;
#6102 = DIRECTION ( 'NONE',  ( -0.000000000000000000, -0.000000000000000000, 1.000000000000000000 ) ) ;
#6103 = AXIS2_PLACEMENT_3D ( 'NONE', #1446, #2836, #6462 ) ;
#6104 = FACE_OUTER_BOUND ( 'NONE', #523, .T. ) ;
#6105 = CARTESIAN_POINT ( 'NONE',  ( 0.6335913640883061859, -4.366408635911693814, -92.10619955115775781 ) ) ;
#6106 = ORIENTED_EDGE ( 'NONE', *, *, #2758, .T. ) ;
#6107 = DATE_AND_TIME ( #6059, #1873 ) ;
#6108 = EDGE_CURVE ( 'NONE', #4751, #4201, #4468, .T. ) ;
#6109 = ORIENTED_EDGE ( 'NONE', *, *, #1918, .T. ) ;
#6110 = AXIS2_PLACEMENT_3D ( 'NONE', #1108, #5196, #8001 ) ;
#6111 = FACE_OUTER_BOUND ( 'NONE', #2849, .T. ) ;
#6112 = AXIS2_PLACEMENT_3D ( 'NONE', #616, #4027, #6829 ) ;
#6113 = CARTESIAN_POINT ( 'NONE',  ( 0.04063066961489620460, -4.959369330385102970, -12.41386551654451686 ) ) ;
#6114 = FACE_OUTER_BOUND ( 'NONE', #8274, .T. ) ;
#6115 = FACE_OUTER_BOUND ( 'NONE', #1577, .T. ) ;
#6116 = ORIENTED_EDGE ( 'NONE', *, *, #1900, .F. ) ;
#6117 = CARTESIAN_POINT ( 'NONE',  ( 3.863136006094629149, -1.136863993905370185, -103.6287837792026920 ) ) ;
#6118 = ADVANCED_FACE ( 'NONE', ( #5533 ), #7613, .F. ) ;
#6119 = ORIENTED_EDGE ( 'NONE', *, *, #1061, .F. ) ;
#6120 = FACE_OUTER_BOUND ( 'NONE', #4601, .T. ) ;
#6121 = DIRECTION ( 'NONE',  ( 0.000000000000000000, -1.000000000000000000, 0.000000000000000000 ) ) ;
#6122 = CARTESIAN_POINT ( 'NONE',  ( 0.000000000000000000, 0.000000000000000000, -65.24999999999998579 ) ) ;
#6123 = ORIENTED_EDGE ( 'NONE', *, *, #4126, .F. ) ;
#6124 = DIRECTION ( 'NONE',  ( -0.000000000000000000, -0.000000000000000000, 1.000000000000000000 ) ) ;
#6125 = CARTESIAN_POINT ( 'NONE',  ( 0.000000000000000000, 0.000000000000000000, -35.00000000000000000 ) ) ;
#6126 = CIRCLE ( 'NONE', #3772, 3.904737509655563876 ) ;
#6127 = AXIS2_PLACEMENT_3D ( 'NONE', #9022, #7566, #8850 ) ;
#6128 = ORIENTED_EDGE ( 'NONE', *, *, #8988, .F. ) ;
#6129 = CARTESIAN_POINT ( 'NONE',  ( 0.008301598520836291073, -4.991698401479165881, -84.20374637061715362 ) ) ;
#6130 = ORIENTED_EDGE ( 'NONE', *, *, #4113, .T. ) ;
#6131 = AXIS2_PLACEMENT_3D ( 'NONE', #4855, #2010, #6277 ) ;
#6132 = CIRCLE ( 'NONE', #8924, 3.999999999999999112 ) ;
#6133 = TOROIDAL_SURFACE ( 'NONE', #2765, 1.000000000000000000, 3.999999999999999112 ) ;
#6134 = CARTESIAN_POINT ( 'NONE',  ( -4.960065625082965113, -0.03993437491703619863, -67.41868978647575261 ) ) ;
#6135 = EDGE_CURVE ( 'NONE', #938, #1239, #8776, .T. ) ;
#6136 = DIRECTION ( 'NONE',  ( -0.000000000000000000, -0.000000000000000000, 1.000000000000000000 ) ) ;
#6137 = CARTESIAN_POINT ( 'NONE',  ( 1.000000000000000000, 0.000000000000000000, -79.00000000000000000 ) ) ;
#6138 = CARTESIAN_POINT ( 'NONE',  ( -5.000000000000283329, 2.837136602470240626E-13, -18.50000000000020961 ) ) ;
#6139 = DIRECTION ( 'NONE',  ( -0.000000000000000000, -0.000000000000000000, 1.000000000000000000 ) ) ;
#6140 = DIRECTION ( 'NONE',  ( -0.000000000000000000, -0.000000000000000000, 1.000000000000000000 ) ) ;
#6141 = ORIENTED_EDGE ( 'NONE', *, *, #7362, .T. ) ;
#6142 = CARTESIAN_POINT ( 'NONE',  ( 0.4915337874217790004, -4.508466212578221999, -75.39376480693215399 ) ) ;
#6143 = EDGE_LOOP ( 'NONE', ( #555, #4246, #9042, #5537, #8275, #1943 ) ) ;
#6144 = AXIS2_PLACEMENT_3D ( 'NONE', #4407, #5734, #2945 ) ;
#6145 = AXIS2_PLACEMENT_3D ( 'NONE', #4105, #5566, #6904 ) ;
#6146 = CARTESIAN_POINT ( 'NONE',  ( -4.686141179201310791, -0.3138588207986893752, -102.5346786877579603 ) ) ;
#6147 = CARTESIAN_POINT ( 'NONE',  ( 0.000000000000000000, -5.000000000000000000, -111.9999999999722036 ) ) ;
#6148 = ADVANCED_FACE ( 'NONE', ( #8258 ), #980, .T. ) ;
#6149 = CARTESIAN_POINT ( 'NONE',  ( -4.959369330385070107, -0.04063066961493041335, -96.08613448345570873 ) ) ;
#6150 = AXIS2_PLACEMENT_3D ( 'NONE', #1997, #1302, #6785 ) ;
#6151 = CARTESIAN_POINT ( 'NONE',  ( 0.03305267957215303476, -4.966947320427848034, -122.4105415424376133 ) ) ;
#6152 = CARTESIAN_POINT ( 'NONE',  ( 0.000000000000000000, -5.000000000000000000, -106.4999999999720046 ) ) ;
#6153 = CARTESIAN_POINT ( 'NONE',  ( -0.4915337874163011600, -4.508466212583699395, -80.89376480692347116 ) ) ;
#6154 = AXIS2_PLACEMENT_3D ( 'NONE', #2492, #7960, #7269 ) ;
#6155 = CARTESIAN_POINT ( 'NONE',  ( 1.137203174284255658, -3.862796825715745896, -92.62899883711648386 ) ) ;
#6156 = VERTEX_POINT ( 'NONE', #1259 ) ;
#6157 = PRODUCT_DEFINITION ( 'UNKNOWN', '', #6702, #5719 ) ;
#6158 = VERTEX_POINT ( 'NONE', #6041 ) ;
#6159 = CARTESIAN_POINT ( 'NONE',  ( -0.1278684795021025888, -4.872131520497897661, -28.49259796944168599 ) ) ;
#6160 = EDGE_CURVE ( 'NONE', #6259, #3176, #2738, .T. ) ;
#6161 = DIRECTION ( 'NONE',  ( -0.000000000000000000, -0.000000000000000000, 1.000000000000000000 ) ) ;
#6162 = DIRECTION ( 'NONE',  ( -1.000000000000000000, 1.224646799147352961E-16, 0.000000000000000000 ) ) ;
#6163 = CARTESIAN_POINT ( 'NONE',  ( 0.1593231317801990510, -4.840676868219801143, -63.64678058431650953 ) ) ;
#6164 = ORIENTED_EDGE ( 'NONE', *, *, #8080, .F. ) ;
#6165 = PERSON_AND_ORGANIZATION_ROLE ( 'design_owner' ) ;
#6166 = ORIENTED_EDGE ( 'NONE', *, *, #3931, .F. ) ;
#6167 = CARTESIAN_POINT ( 'NONE',  ( -3.904737509655565209, 4.781924292710293578E-16, -21.24999999999999645 ) ) ;
#6168 = EDGE_CURVE ( 'NONE', #6204, #58, #4083, .T. ) ;
#6169 = FACE_OUTER_BOUND ( 'NONE', #8253, .T. ) ;
#6170 = DIRECTION ( 'NONE',  ( 1.000000000000000000, 0.000000000000000000, 0.000000000000000000 ) ) ;
#6171 = ORIENTED_EDGE ( 'NONE', *, *, #7033, .F. ) ;
#6172 = CARTESIAN_POINT ( 'NONE',  ( -3.671958834454343013, -1.328041165545656765, -70.75000000000000000 ) ) ;
#6173 = CARTESIAN_POINT ( 'NONE',  ( -3.000000000000000000, 3.673940397442059375E-16, -2.000000000000000000 ) ) ;
#6174 = EDGE_LOOP ( 'NONE', ( #7280, #3188, #7247, #8903 ) ) ;
#6175 = CARTESIAN_POINT ( 'NONE',  ( 1.136863993906870762, -3.863136006093128128, -81.87121622079632743 ) ) ;
#6176 = VERTEX_POINT ( 'NONE', #1575 ) ;
#6177 = CIRCLE ( 'NONE', #1084, 0.9999999999999993339 ) ;
#6178 = ADVANCED_FACE ( 'NONE', ( #56 ), #5757, .F. ) ;
#6179 = CARTESIAN_POINT ( 'NONE',  ( 5.000000000000281553, 2.809514862196180954E-13, -79.00000000000021316 ) ) ;
#6180 = DIRECTION ( 'NONE',  ( 1.000000000000000000, 0.000000000000000000, 0.000000000000000000 ) ) ;
#6181 = CARTESIAN_POINT ( 'NONE',  ( -4.960065625082965113, -0.03993437491703669823, -100.4186897864757384 ) ) ;
#6182 = FACE_OUTER_BOUND ( 'NONE', #3180, .T. ) ;
#6183 = DIRECTION ( 'NONE',  ( -0.000000000000000000, -0.000000000000000000, 1.000000000000000000 ) ) ;
#6184 = ORIENTED_EDGE ( 'NONE', *, *, #3262, .F. ) ;
#6185 = CARTESIAN_POINT ( 'NONE',  ( 3.514339698158091318E-15, -4.999999999999997335, -73.64684353044862064 ) ) ;
#6186 = EDGE_LOOP ( 'NONE', ( #7340, #7304, #3409, #1465, #8698, #2116 ) ) ;
#6187 = CARTESIAN_POINT ( 'NONE',  ( -4.935408751172076336, -0.06459124882792278977, -101.7283476508440287 ) ) ;
#6188 = FACE_OUTER_BOUND ( 'NONE', #8111, .T. ) ;
#6189 = CARTESIAN_POINT ( 'NONE',  ( -0.9582157396373277569, -4.041784260362672576, -70.47622534969821118 ) ) ;
#6190 = AXIS2_PLACEMENT_3D ( 'NONE', #1865, #4117, #6876 ) ;
#6191 = CARTESIAN_POINT ( 'NONE',  ( 2.999999999999999112, 0.000000000000000000, -123.0000000000000000 ) ) ;
#6192 = CARTESIAN_POINT ( 'NONE',  ( 1.033939237395428799E-12, -4.999999999998966160, -106.3527427920860049 ) ) ;
#6193 = DIRECTION ( 'NONE',  ( 0.000000000000000000, -1.000000000000000000, 0.000000000000000000 ) ) ;
#6194 = ADVANCED_BREP_SHAPE_REPRESENTATION ( '', ( #1064, #8018 ), #3322 ) ;
#6195 = FACE_OUTER_BOUND ( 'NONE', #1766, .T. ) ;
#6196 = VERTEX_POINT ( 'NONE', #5026 ) ;
#6197 = ORIENTED_EDGE ( 'NONE', *, *, #9015, .T. ) ;
#6198 = ADVANCED_FACE ( 'NONE', ( #6954 ), #6998, .F. ) ;
#6199 = AXIS2_PLACEMENT_3D ( 'NONE', #4561, #7368, #1118 ) ;
#6200 = DIRECTION ( 'NONE',  ( 0.000000000000000000, 0.000000000000000000, -1.000000000000000000 ) ) ;
#6201 = DIRECTION ( 'NONE',  ( -1.000000000000000000, 1.224646799147353207E-16, 0.000000000000000000 ) ) ;
#6202 = CARTESIAN_POINT ( 'NONE',  ( -1.000000000000000000, 1.224646799147353207E-16, -51.50000000000000711 ) ) ;
#6203 = DIRECTION ( 'NONE',  ( -0.000000000000000000, -0.000000000000000000, 1.000000000000000000 ) ) ;
#6204 = VERTEX_POINT ( 'NONE', #4885 ) ;
#6205 = APPROVAL_STATUS ( 'not_yet_approved' ) ;
#6206 = ADVANCED_FACE ( 'NONE', ( #4336 ), #2217, .F. ) ;
#6207 = B_SPLINE_CURVE_WITH_KNOTS ( 'NONE', 3,
 ( #4942, #8388, #113, #1441, #7052, #2972, #5763, #2182, #7795, #1482, #4295, #2933 ),
 .UNSPECIFIED., .F., .F.,
 ( 4, 2, 2, 2, 2, 4 ),
 ( 0.003504634718722896263, 0.003941423334001193345, 0.004378211949279490860, 0.005251789179836084155, 0.006125366410392678318, 0.006998943640949272481 ),
 .UNSPECIFIED. ) ;
#6208 = DIRECTION ( 'NONE',  ( 1.000000000000000000, 0.000000000000000000, 0.000000000000000000 ) ) ;
#6209 = CARTESIAN_POINT ( 'NONE',  ( -0.03993437491706595954, -4.960065625082934027, -19.08131021352448187 ) ) ;
#6210 = ORIENTED_EDGE ( 'NONE', *, *, #6274, .T. ) ;
#6211 = DIRECTION ( 'NONE',  ( 1.224646799147353207E-16, 1.000000000000000000, 0.000000000000000000 ) ) ;
#6212 = CARTESIAN_POINT ( 'NONE',  ( 4.366408635906908309, -0.6335913640930921353, -104.3938004488360036 ) ) ;
#6213 = CARTESIAN_POINT ( 'NONE',  ( 0.000000000000000000, 0.000000000000000000, -95.50000000000000000 ) ) ;
#6214 = ORIENTED_EDGE ( 'NONE', *, *, #2295, .T. ) ;
#6215 = ADVANCED_FACE ( 'NONE', ( #7139 ), #6726, .T. ) ;
#6216 = AXIS2_PLACEMENT_3D ( 'NONE', #2454, #6588, #5256 ) ;
#6217 = CARTESIAN_POINT ( 'NONE',  ( 0.000000000000000000, 0.000000000000000000, -22.00000000000000000 ) ) ;
#6218 = LINE ( 'NONE', #9021, #4916 ) ;
#6219 = CARTESIAN_POINT ( 'NONE',  ( 0.008042224640668390462, -4.991957775359332494, -112.2924658745477444 ) ) ;
#6220 = CARTESIAN_POINT ( 'NONE',  ( 0.000000000000000000, 0.000000000000000000, -88.00000000000000000 ) ) ;
#6221 = ORIENTED_EDGE ( 'NONE', *, *, #5278, .T. ) ;
#6222 = CARTESIAN_POINT ( 'NONE',  ( -4.282386290039718268, -0.7176137099602820646, -92.20222873041527123 ) ) ;
#6223 = VERTEX_POINT ( 'NONE', #6264 ) ;
#6224 = AXIS2_PLACEMENT_3D ( 'NONE', #5454, #6230, #1310 ) ;
#6225 = EDGE_CURVE ( 'NONE', #7560, #3749, #3934, .T. ) ;
#6226 = EDGE_CURVE ( 'NONE', #167, #6079, #4984, .T. ) ;
#6227 = CARTESIAN_POINT ( 'NONE',  ( 3.671958834454342124, -1.328041165545657876, -43.25000000000000711 ) ) ;
#6228 = AXIS2_PLACEMENT_3D ( 'NONE', #3430, #8952, #5413 ) ;
#6229 = CARTESIAN_POINT ( 'NONE',  ( -0.04063066961489568418, -4.959369330385105634, -56.41386551654453285 ) ) ;
#6230 = DIRECTION ( 'NONE',  ( -0.000000000000000000, -0.000000000000000000, 1.000000000000000000 ) ) ;
#6231 = CARTESIAN_POINT ( 'NONE',  ( 0.4915337874163004939, -4.508466212583698507, -80.89376480692347116 ) ) ;
#6232 = CARTESIAN_POINT ( 'NONE',  ( 5.000000000000010658, 9.370937253711135071E-15, -62.35315646955161384 ) ) ;
#6233 = CARTESIAN_POINT ( 'NONE',  ( -1.328041165545656765, -3.671958834454343013, -81.74999999999998579 ) ) ;
#6234 = DIRECTION ( 'NONE',  ( -0.000000000000000000, -0.000000000000000000, 1.000000000000000000 ) ) ;
#6235 = ORIENTED_EDGE ( 'NONE', *, *, #8710, .F. ) ;
#6236 = CIRCLE ( 'NONE', #2269, 2.000000000000000000 ) ;
#6237 = VERTEX_POINT ( 'NONE', #7789 ) ;
#6238 = AXIS2_PLACEMENT_3D ( 'NONE', #6584, #7965, #3824 ) ;
#6239 = CIRCLE ( 'NONE', #8890, 0.9999999999999993339 ) ;
#6240 = FACE_OUTER_BOUND ( 'NONE', #8154, .T. ) ;
#6241 = CARTESIAN_POINT ( 'NONE',  ( 0.000000000000000000, 0.000000000000000000, -46.00000000000000000 ) ) ;
#6242 = CARTESIAN_POINT ( 'NONE',  ( -4.748219996434698942, -0.2517800035653023905, -28.09116362763015573 ) ) ;
#6243 = ADVANCED_FACE ( 'NONE', ( #702 ), #3196, .T. ) ;
#6244 = AXIS2_PLACEMENT_3D ( 'NONE', #3084, #4503, #3669 ) ;
#6245 = DIRECTION ( 'NONE',  ( -0.000000000000000000, -0.000000000000000000, 1.000000000000000000 ) ) ;
#6246 = ORIENTED_EDGE ( 'NONE', *, *, #5819, .T. ) ;
#6247 = CARTESIAN_POINT ( 'NONE',  ( -3.535533905932794152, 3.535533905932641829, 131.9999999999999716 ) ) ;
#6248 = TOROIDAL_SURFACE ( 'NONE', #534, 1.000000000000000000, 4.000000000000000000 ) ;
#6249 = B_SPLINE_CURVE_WITH_KNOTS ( 'NONE', 3,
 ( #1830, #8087, #1784, #4586, #1685, #3075, #450, #7392, #7443, #306, #3116, #3902 ),
 .UNSPECIFIED., .F., .F.,
 ( 4, 2, 2, 2, 2, 4 ),
 ( 0.003504634718750183030, 0.003941423334025067476, 0.004378211949299951056, 0.005251789179849719949, 0.006125366410399488842, 0.006998943640949258603 ),
 .UNSPECIFIED. ) ;
#6250 = DIRECTION ( 'NONE',  ( -0.000000000000000000, -0.000000000000000000, 1.000000000000000000 ) ) ;
#6251 = LOCAL_TIME ( 21, 14, 1.000000000000000000, #5008 ) ;
#6252 = DIRECTION ( 'NONE',  ( -0.000000000000000000, -0.000000000000000000, 1.000000000000000000 ) ) ;
#6253 = EDGE_CURVE ( 'NONE', #808, #3989, #4369, .T. ) ;
#6254 = ORIENTED_EDGE ( 'NONE', *, *, #575, .T. ) ;
#6255 = DIRECTION ( 'NONE',  ( 0.000000000000000000, 0.000000000000000000, -1.000000000000000000 ) ) ;
#6256 = DIRECTION ( 'NONE',  ( 0.000000000000000000, 0.000000000000000000, -1.000000000000000000 ) ) ;
#6257 = DIRECTION ( 'NONE',  ( 1.000000000000000000, 0.000000000000000000, 0.000000000000000000 ) ) ;
#6258 = CC_DESIGN_PERSON_AND_ORGANIZATION_ASSIGNMENT ( #2989, #6332, ( #6702 ) ) ;
#6259 = VERTEX_POINT ( 'NONE', #2085 ) ;
#6260 = DIRECTION ( 'NONE',  ( -0.000000000000000000, -0.000000000000000000, 1.000000000000000000 ) ) ;
#6261 = CARTESIAN_POINT ( 'NONE',  ( 0.000000000000000000, 0.000000000000000000, -90.00000000000000000 ) ) ;
#6262 = EDGE_CURVE ( 'NONE', #257, #6082, #405, .T. ) ;
#6263 = CARTESIAN_POINT ( 'NONE',  ( 0.008042224642557419326, -4.991957775357441562, -117.7924658745728834 ) ) ;
#6264 = CARTESIAN_POINT ( 'NONE',  ( -3.671958834454339016, -1.328041165545661206, -15.75000000000000000 ) ) ;
#6265 = LOCAL_TIME ( 21, 14, 1.000000000000000000, #3856 ) ;
#6266 = EDGE_LOOP ( 'NONE', ( #6931, #8195, #6128 ) ) ;
#6267 = CARTESIAN_POINT ( 'NONE',  ( -0.008301598518901356222, -4.991698401481100333, -73.20374637064251999 ) ) ;
#6268 = ORIENTED_EDGE ( 'NONE', *, *, #1817, .T. ) ;
#6269 = AXIS2_PLACEMENT_3D ( 'NONE', #1188, #1045, #3852 ) ;
#6270 = AXIS2_PLACEMENT_3D ( 'NONE', #5512, #2668, #8184 ) ;
#6271 = CARTESIAN_POINT ( 'NONE',  ( -0.008042224640668282909, -4.991957775359332494, -112.2924658745477444 ) ) ;
#6272 = CARTESIAN_POINT ( 'NONE',  ( -0.6335913640931378765, -4.366408635906863900, -26.10619955116407809 ) ) ;
#6273 = CARTESIAN_POINT ( 'NONE',  ( 0.000000000000000000, 0.000000000000000000, -56.99999999999999289 ) ) ;
#6274 = EDGE_CURVE ( 'NONE', #7245, #8569, #1573, .T. ) ;
#6275 = DIRECTION ( 'NONE',  ( -0.000000000000000000, -0.000000000000000000, 1.000000000000000000 ) ) ;
#6276 = LINE ( 'NONE', #9081, #4173 ) ;
#6277 = DIRECTION ( 'NONE',  ( 1.000000000000000000, 0.000000000000000000, 0.000000000000000000 ) ) ;
#6279 = CIRCLE ( 'NONE', #7318, 1.000000000000000000 ) ;
#6278 = CARTESIAN_POINT ( 'NONE',  ( 4.567820679631962477, -0.4321793203680380779, -36.77342623723036041 ) ) ;
#6280 = EDGE_LOOP ( 'NONE', ( #5992, #2785, #2926 ) ) ;
#6281 = CARTESIAN_POINT ( 'NONE',  ( 1.022952161278360091E-12, -4.999999999998977707, -51.35274279208621095 ) ) ;
#6282 = AXIS2_PLACEMENT_3D ( 'NONE', #786, #2733, #7739 ) ;
#6283 = ORIENTED_EDGE ( 'NONE', *, *, #2484, .T. ) ;
#6284 = CARTESIAN_POINT ( 'NONE',  ( 0.000000000000000000, 0.000000000000000000, -86.50000000000000000 ) ) ;
#6285 = TOROIDAL_SURFACE ( 'NONE', #7023, 1.000000000000000000, 4.000000000000000000 ) ;
#6286 = DIRECTION ( 'NONE',  ( 1.000000000000000000, 0.000000000000000000, 0.000000000000000000 ) ) ;
#6287 = CIRCLE ( 'NONE', #271, 3.904737509655567873 ) ;
#6288 = EDGE_CURVE ( 'NONE', #6082, #6223, #7652, .T. ) ;
#6289 = CARTESIAN_POINT ( 'NONE',  ( 4.686141179201316120, -0.3138588207986843237, -53.03467868775796745 ) ) ;
#6290 = DIRECTION ( 'NONE',  ( -0.000000000000000000, -0.000000000000000000, 1.000000000000000000 ) ) ;
#6291 = AXIS2_PLACEMENT_3D ( 'NONE', #403, #5366, #5960 ) ;
#6292 = ORIENTED_EDGE ( 'NONE', *, *, #7787, .F. ) ;
#6293 = DIRECTION ( 'NONE',  ( 0.000000000000000000, 0.000000000000000000, 1.000000000000000000 ) ) ;
#6294 = ORIENTED_EDGE ( 'NONE', *, *, #2345, .T. ) ;
#6295 = CARTESIAN_POINT ( 'NONE',  ( -0.6401341107464955105, -4.359865889253503823, -49.39874954628008652 ) ) ;
#6296 = CARTESIAN_POINT ( 'NONE',  ( 0.1593231317748065867, -4.840676868225194163, -52.64678058429972651 ) ) ;
#6297 = CARTESIAN_POINT ( 'NONE',  ( 1.328041165545656987, -3.671958834454343013, -70.75000000000000000 ) ) ;
#6298 = ORIENTED_EDGE ( 'NONE', *, *, #970, .T. ) ;
#6299 = CYLINDRICAL_SURFACE ( 'NONE', #7862, 0.9999999999999995559 ) ;
#6300 = DIRECTION ( 'NONE',  ( -0.000000000000000000, -0.000000000000000000, 1.000000000000000000 ) ) ;
#6301 = CARTESIAN_POINT ( 'NONE',  ( -3.630594970168744828E-15, -4.999999999999997335, -117.6468435304486206 ) ) ;
#6302 = CARTESIAN_POINT ( 'NONE',  ( -0.2517800035594085495, -4.748219996440591117, -91.40883637235552328 ) ) ;
#6303 = ORIENTED_EDGE ( 'NONE', *, *, #8670, .F. ) ;
#6304 = EDGE_CURVE ( 'NONE', #3929, #3141, #3321, .T. ) ;
#6305 = DIRECTION ( 'NONE',  ( 1.000000000000000000, 0.000000000000000000, 0.000000000000000000 ) ) ;
#6306 = CARTESIAN_POINT ( 'NONE',  ( 0.008301598518897942286, -4.991698401481103886, -62.20374637064250578 ) ) ;
#6307 = CARTESIAN_POINT ( 'NONE',  ( -0.9999999999999993339, 1.224646799147353207E-16, -64.49999999999998579 ) ) ;
#6308 = DIRECTION ( 'NONE',  ( -0.000000000000000000, -0.000000000000000000, 1.000000000000000000 ) ) ;
#6309 = DIRECTION ( 'NONE',  ( -0.000000000000000000, -0.000000000000000000, 1.000000000000000000 ) ) ;
#6310 = ORIENTED_EDGE ( 'NONE', *, *, #1605, .F. ) ;
#6311 = CARTESIAN_POINT ( 'NONE',  ( -0.008042224642554281211, -4.991957775357445115, -7.792465874572919837 ) ) ;
#6312 = ORIENTED_EDGE ( 'NONE', *, *, #6376, .F. ) ;
#6313 = EDGE_CURVE ( 'NONE', #4774, #4794, #6979, .T. ) ;
#6314 = CARTESIAN_POINT ( 'NONE',  ( 4.567820679631962477, -0.4321793203680380779, -42.27342623723036041 ) ) ;
#6315 = DIRECTION ( 'NONE',  ( 1.000000000000000000, 0.000000000000000000, 0.000000000000000000 ) ) ;
#6316 = DIRECTION ( 'NONE',  ( 0.000000000000000000, -1.000000000000000000, 0.000000000000000000 ) ) ;
#6317 = DIRECTION ( 'NONE',  ( 1.000000000000000000, 0.000000000000000000, 0.000000000000000000 ) ) ;
#6318 = CARTESIAN_POINT ( 'NONE',  ( 4.366408635906906532, -0.6335913640930926904, -60.39380044883598231 ) ) ;
#6319 = CARTESIAN_POINT ( 'NONE',  ( 0.000000000000000000, 0.000000000000000000, -95.50000000000000000 ) ) ;
#6320 = CARTESIAN_POINT ( 'NONE',  ( -1.328041165545657876, -3.671958834454342124, -54.25000000000000000 ) ) ;
#6321 = ORIENTED_EDGE ( 'NONE', *, *, #3243, .T. ) ;
#6322 = CARTESIAN_POINT ( 'NONE',  ( 4.999999999999992006, -7.634519711839822531E-15, -57.14725720788724317 ) ) ;
#6323 = VERTEX_POINT ( 'NONE', #5804 ) ;
#6324 = EDGE_CURVE ( 'NONE', #7234, #7481, #3595, .T. ) ;
#6325 = LINE ( 'NONE', #5597, #3586 ) ;
#6326 = DIRECTION ( 'NONE',  ( -0.000000000000000000, -0.000000000000000000, 1.000000000000000000 ) ) ;
#6327 = CARTESIAN_POINT ( 'NONE',  ( -0.04063066961830674034, -4.959369330381694141, -111.4138655165220513 ) ) ;
#6328 = CARTESIAN_POINT ( 'NONE',  ( -4.935956332719889872, -0.06404366728011029464, -72.77440186598522587 ) ) ;
#6329 = LINE ( 'NONE', #4137, #3060 ) ;
#6330 = CARTESIAN_POINT ( 'NONE',  ( 1.000000000000000000, 0.000000000000000000, -29.50000000000000355 ) ) ;
#6331 = ORIENTED_EDGE ( 'NONE', *, *, #2077, .T. ) ;
#6332 = PERSON_AND_ORGANIZATION_ROLE ( 'design_supplier' ) ;
#6333 = ORIENTED_EDGE ( 'NONE', *, *, #7726, .T. ) ;
#6334 = TOROIDAL_SURFACE ( 'NONE', #3548, 1.000000000000000000, 1.999999999999998224 ) ;
#6335 = B_SPLINE_CURVE_WITH_KNOTS ( 'NONE', 3,
 ( #5586, #6357, #2181, #15, #850, #750, #2831, #5721, #5625, #7794, #7096, #3473 ),
 .UNSPECIFIED., .F., .F.,
 ( 4, 2, 2, 2, 2, 4 ),
 ( 0.003504634718750183030, 0.003941423334025066609, 0.004378211949299949321, 0.005251789179849716480, 0.006125366410399483638, 0.006998943640949250797 ),
 .UNSPECIFIED. ) ;
#6336 = TOROIDAL_SURFACE ( 'NONE', #2374, 1.000000000000000000, 1.999999999999994893 ) ;
#6337 = EDGE_CURVE ( 'NONE', #2347, #5449, #2584, .T. ) ;
#6338 = CARTESIAN_POINT ( 'NONE',  ( -4.282386290039718268, -0.7176137099602820646, -119.7022287304152712 ) ) ;
#6339 = CIRCLE ( 'NONE', #4736, 4.000000000000000000 ) ;
#6340 = DIRECTION ( 'NONE',  ( -0.000000000000000000, -0.000000000000000000, 1.000000000000000000 ) ) ;
#6341 = DIRECTION ( 'NONE',  ( 1.000000000000000000, 0.000000000000000000, 0.000000000000000000 ) ) ;
#6342 = ORIENTED_EDGE ( 'NONE', *, *, #8326, .F. ) ;
#6343 = CARTESIAN_POINT ( 'NONE',  ( -4.935956332719889872, -0.06404366728011053056, -105.7744018659851974 ) ) ;
#6344 = CARTESIAN_POINT ( 'NONE',  ( 1.328041165545665203, -3.671958834454335019, -26.75000000000000355 ) ) ;
#6345 = CARTESIAN_POINT ( 'NONE',  ( 4.041784260359807313, -0.9582157396401936866, -109.5237746502993161 ) ) ;
#6346 = CARTESIAN_POINT ( 'NONE',  ( 0.06404366727607954668, -4.935956332723921314, -101.7255981339934579 ) ) ;
#6347 = CARTESIAN_POINT ( 'NONE',  ( -3.671958834454343013, -1.328041165545656765, -109.2499999999999858 ) ) ;
#6348 = CARTESIAN_POINT ( 'NONE',  ( 0.000000000000000000, 0.000000000000000000, -103.7500000000000000 ) ) ;
#6349 = CARTESIAN_POINT ( 'NONE',  ( 4.935956332719893425, -0.06404366728010701948, -28.77440186598522587 ) ) ;
#6350 = DIRECTION ( 'NONE',  ( -1.000000000000000000, 1.224646799147353207E-16, 0.000000000000000000 ) ) ;
#6351 = CARTESIAN_POINT ( 'NONE',  ( 0.000000000000000000, 0.000000000000000000, 0.000000000000000000 ) ) ;
#6352 = EDGE_CURVE ( 'NONE', #8097, #8889, #4640, .T. ) ;
#6353 = ORIENTED_EDGE ( 'NONE', *, *, #1356, .F. ) ;
#6354 = LINE ( 'NONE', #8613, #4454 ) ;
#6355 = VERTEX_POINT ( 'NONE', #3875 ) ;
#6356 = AXIS2_PLACEMENT_3D ( 'NONE', #3672, #6468, #910 ) ;
#6357 = CARTESIAN_POINT ( 'NONE',  ( 5.000000000000006217, 5.692061405548891968E-15, -89.85315646955160673 ) ) ;
#6358 = B_SPLINE_CURVE_WITH_KNOTS ( 'NONE', 3,
 ( #7532, #4770, #5590, #7581, #7706, #6891, #588, #2976, #3564, #856, #2833, #801, #1535, #2449, #8435, #4348 ),
 .UNSPECIFIED., .F., .F.,
 ( 4, 2, 2, 2, 2, 2, 2, 4 ),
 ( 4.818711198930354611E-07, 0.0008765200830205804178, 0.001314539188970937191, 0.001752558294921293964, 0.002190577400871650954, 0.002628596506822007510, 0.003066615612772364500, 0.003504634718722721056 ),
 .UNSPECIFIED. ) ;
#6359 = CARTESIAN_POINT ( 'NONE',  ( -1.136863993906869652, -3.863136006093129460, -81.87121622079631322 ) ) ;
#6360 = CARTESIAN_POINT ( 'NONE',  ( 5.000000000000000000, 0.000000000000000000, -123.0000000000000000 ) ) ;
#6361 = TOROIDAL_SURFACE ( 'NONE', #5629, 1.000000000000000000, 3.999999999999996447 ) ;
#6362 = CARTESIAN_POINT ( 'NONE',  ( 4.991698401481079905, -0.008301598518919086830, -84.79625362935773580 ) ) ;
#6363 = CARTESIAN_POINT ( 'NONE',  ( -3.671958834454343013, -1.328041165545656765, -98.24999999999998579 ) ) ;
#6364 = CARTESIAN_POINT ( 'NONE',  ( -1.000000000000000000, 1.224646799147353207E-16, -56.99999999999999289 ) ) ;
#6365 = EDGE_CURVE ( 'NONE', #2888, #6603, #2830, .T. ) ;
#6366 = CIRCLE ( 'NONE', #1826, 3.904737509655561212 ) ;
#6367 = CARTESIAN_POINT ( 'NONE',  ( 4.832344906989094468, -0.1676550930109069470, -91.14546193740919477 ) ) ;
#6368 = ORIENTED_EDGE ( 'NONE', *, *, #2686, .T. ) ;
#6369 = ORIENTED_EDGE ( 'NONE', *, *, #8566, .F. ) ;
#6370 = AXIS2_PLACEMENT_3D ( 'NONE', #6466, #1357, #866 ) ;
#6371 = B_SPLINE_CURVE_WITH_KNOTS ( 'NONE', 3,
 ( #1126, #3937, #1994, #576, #4715, #2550, #7476, #8163, #3242, #4073, #6826, #6039 ),
 .UNSPECIFIED., .F., .F.,
 ( 4, 2, 2, 2, 2, 4 ),
 ( 0.003504634718750453647, 0.003941423334025305134, 0.004378211949300156620, 0.005251789179849864798, 0.006125366410399572109, 0.006998943640949279420 ),
 .UNSPECIFIED. ) ;
#6372 = CARTESIAN_POINT ( 'NONE',  ( -3.671958834454343013, -1.328041165545656765, -92.74999999999998579 ) ) ;
#6373 = CARTESIAN_POINT ( 'NONE',  ( -1.027098599313404079E-12, -4.999999999998974154, -111.8527427920862181 ) ) ;
#6374 = DIRECTION ( 'NONE',  ( -1.000000000000000000, 1.224646799147353207E-16, 0.000000000000000000 ) ) ;
#6375 = CARTESIAN_POINT ( 'NONE',  ( 1.328041165545657876, -3.671958834454342124, -54.25000000000000000 ) ) ;
#6376 = EDGE_CURVE ( 'NONE', #7458, #4702, #226, .T. ) ;
#6377 = DIRECTION ( 'NONE',  ( 1.000000000000000000, 0.000000000000000000, 0.000000000000000000 ) ) ;
#6378 = VERTEX_POINT ( 'NONE', #5119 ) ;
#6379 = PRODUCT_DEFINITION_SHAPE ( 'NONE', 'NONE',  #9097 ) ;
#6380 = CIRCLE ( 'NONE', #2420, 3.904737509655565209 ) ;
#6381 = SECURITY_CLASSIFICATION_LEVEL ( 'unclassified' ) ;
#6382 = ORIENTED_EDGE ( 'NONE', *, *, #6713, .F. ) ;
#6383 = AXIS2_PLACEMENT_3D ( 'NONE', #7260, #1842, #5147 ) ;
#6384 = TOROIDAL_SURFACE ( 'NONE', #6096, 1.000000000000000000, 1.999999999999998224 ) ;
#6385 = CARTESIAN_POINT ( 'NONE',  ( -5.000000000000281553, 2.811725620256466210E-13, -90.00000000000019895 ) ) ;
#6386 = CARTESIAN_POINT ( 'NONE',  ( 0.6335913640883382714, -4.366408635911662728, -53.60619955115779334 ) ) ;
#6387 = CARTESIAN_POINT ( 'NONE',  ( -1.000000000000000000, 1.224646799147353207E-16, -2.000000000000000000 ) ) ;
#6388 = EDGE_LOOP ( 'NONE', ( #1567, #7212, #1666 ) ) ;
#6389 = CARTESIAN_POINT ( 'NONE',  ( -4.508466212578267296, -0.4915337874217329261, -33.10623519306795259 ) ) ;
#6390 = LINE ( 'NONE', #143, #2079 ) ;
#6391 = CIRCLE ( 'NONE', #7582, 0.9999999999999993339 ) ;
#6392 = CARTESIAN_POINT ( 'NONE',  ( -4.832344906989094468, -0.1676550930109057258, -30.64546193740920543 ) ) ;
#6393 = CARTESIAN_POINT ( 'NONE',  ( 1.416980241638037680E-15, -5.000000000000000888, -57.14684353044862064 ) ) ;
#6394 = DIRECTION ( 'NONE',  ( 1.000000000000000000, 0.000000000000000000, 0.000000000000000000 ) ) ;
#6395 = CIRCLE ( 'NONE', #2436, 3.904737509655562544 ) ;
#6396 = AXIS2_PLACEMENT_3D ( 'NONE', #2350, #8829, #1797 ) ;
#6397 = CYLINDRICAL_SURFACE ( 'NONE', #4217, 0.9999999999999995559 ) ;
#6398 = CARTESIAN_POINT ( 'NONE',  ( -1.000000000000000000, 1.224646799147353207E-16, -90.00000000000000000 ) ) ;
#6399 = AXIS2_PLACEMENT_3D ( 'NONE', #5447, #4803, #4758 ) ;
#6400 = FACE_OUTER_BOUND ( 'NONE', #8180, .T. ) ;
#6401 = CARTESIAN_POINT ( 'NONE',  ( -4.991957775357462879, -0.008042224642538269713, -18.20753412542731553 ) ) ;
#6402 = DIRECTION ( 'NONE',  ( 1.000000000000000000, 0.000000000000000000, 0.000000000000000000 ) ) ;
#6403 = ORIENTED_EDGE ( 'NONE', *, *, #741, .F. ) ;
#6404 = CARTESIAN_POINT ( 'NONE',  ( -4.935408751172076336, -0.06459124882792278977, -90.72834765084402875 ) ) ;
#6405 = ORIENTED_EDGE ( 'NONE', *, *, #4810, .F. ) ;
#6406 = ADVANCED_FACE ( 'NONE', ( #376 ), #4786, .T. ) ;
#6407 = CARTESIAN_POINT ( 'NONE',  ( -4.366408635906906532, -0.6335913640930929125, -38.39380044883598941 ) ) ;
#6408 = CARTESIAN_POINT ( 'NONE',  ( 1.000000000000000000, 0.000000000000000000, -35.00000000000000000 ) ) ;
#6409 = DIRECTION ( 'NONE',  ( 0.000000000000000000, 0.000000000000000000, -1.000000000000000000 ) ) ;
#6410 = DIRECTION ( 'NONE',  ( 1.000000000000000000, 0.000000000000000000, 0.000000000000000000 ) ) ;
#6411 = CYLINDRICAL_SURFACE ( 'NONE', #2708, 0.9999999999999986677 ) ;
#6412 = CARTESIAN_POINT ( 'NONE',  ( 0.000000000000000000, 0.000000000000000000, -37.75000000000000000 ) ) ;
#6413 = CARTESIAN_POINT ( 'NONE',  ( 0.000000000000000000, 0.000000000000000000, -115.4999999999999858 ) ) ;
#6414 = ORIENTED_EDGE ( 'NONE', *, *, #3895, .T. ) ;
#6415 = CARTESIAN_POINT ( 'NONE',  ( -0.3138588208043397998, -4.686141179195660200, -88.46532131222944884 ) ) ;
#6416 = CIRCLE ( 'NONE', #2457, 0.9999999999999993339 ) ;
#6417 = EDGE_LOOP ( 'NONE', ( #2902, #4409, #6667, #5806 ) ) ;
#6418 = AXIS2_PLACEMENT_3D ( 'NONE', #2963, #6308, #8475 ) ;
#6419 = EDGE_CURVE ( 'NONE', #1656, #6196, #5514, .T. ) ;
#6420 = DIRECTION ( 'NONE',  ( -0.000000000000000000, -0.000000000000000000, 1.000000000000000000 ) ) ;
#6421 = AXIS2_PLACEMENT_3D ( 'NONE', #1919, #2006, #9032 ) ;
#6422 = DIRECTION ( 'NONE',  ( 0.000000000000000000, -1.000000000000000000, 0.000000000000000000 ) ) ;
#6423 = CARTESIAN_POINT ( 'NONE',  ( -4.567820679631958924, -0.4321793203680420747, -75.27342623723035331 ) ) ;
#6424 = TOROIDAL_SURFACE ( 'NONE', #2471, 1.000000000000000000, 2.000000000000000000 ) ;
#6425 = CARTESIAN_POINT ( 'NONE',  ( -3.671958834454343013, -1.328041165545656765, -70.75000000000000000 ) ) ;
#6426 = ADVANCED_FACE ( 'NONE', ( #1021 ), #817, .T. ) ;
#6427 = CARTESIAN_POINT ( 'NONE',  ( 0.000000000000000000, 0.000000000000000000, -60.49999999999999289 ) ) ;
#6428 = CARTESIAN_POINT ( 'NONE',  ( -1.000000000000000000, 1.224646799147353207E-16, -104.5000000000000000 ) ) ;
#6429 = ORIENTED_EDGE ( 'NONE', *, *, #8185, .F. ) ;
#6430 = CALENDAR_DATE ( 2026, 24, 2 ) ;
#6431 = ORIENTED_EDGE ( 'NONE', *, *, #8134, .F. ) ;
#6432 = CIRCLE ( 'NONE', #7619, 4.000000000000000000 ) ;
#6433 = ADVANCED_FACE ( 'NONE', ( #5253 ), #4425, .F. ) ;
#6434 = CARTESIAN_POINT ( 'NONE',  ( 0.000000000000000000, 0.000000000000000000, -29.50000000000000355 ) ) ;
#6435 = CARTESIAN_POINT ( 'NONE',  ( 0.000000000000000000, 0.000000000000000000, 0.000000000000000000 ) ) ;
#6436 = CARTESIAN_POINT ( 'NONE',  ( 0.000000000000000000, 0.000000000000000000, -73.50000000000001421 ) ) ;
#6437 = AXIS2_PLACEMENT_3D ( 'NONE', #2935, #899, #8531 ) ;
#6438 = VERTEX_POINT ( 'NONE', #5987 ) ;
#6439 = LINE ( 'NONE', #2912, #960 ) ;
#6440 = CARTESIAN_POINT ( 'NONE',  ( 0.000000000000000000, 0.000000000000000000, -10.25000000000000178 ) ) ;
#6441 = CARTESIAN_POINT ( 'NONE',  ( 0.9999999999999985567, 0.000000000000000000, -120.9999999999999716 ) ) ;
#6442 = DIRECTION ( 'NONE',  ( 1.000000000000000000, 0.000000000000000000, 0.000000000000000000 ) ) ;
#6443 = EDGE_LOOP ( 'NONE', ( #5977, #3118, #8778, #2654 ) ) ;
#6444 = CARTESIAN_POINT ( 'NONE',  ( -3.904737509655564320, 4.781924292710295550E-16, -10.25000000000000178 ) ) ;
#6445 = ADVANCED_FACE ( 'NONE', ( #2497 ), #5953, .T. ) ;
#6446 = EDGE_CURVE ( 'NONE', #6579, #58, #5805, .T. ) ;
#6447 = CARTESIAN_POINT ( 'NONE',  ( -4.872131520502826163, -0.1278684794971741423, -107.5074020305400211 ) ) ;
#6448 = CARTESIAN_POINT ( 'NONE',  ( 0.000000000000000000, -5.000000000000000000, -62.50000000000000000 ) ) ;
#6449 = DIRECTION ( 'NONE',  ( 1.000000000000000000, 0.000000000000000000, 0.000000000000000000 ) ) ;
#6450 = CARTESIAN_POINT ( 'NONE',  ( -1.000000000000000000, 1.224646799147353207E-16, -32.99999999999999289 ) ) ;
#6451 = VERTEX_POINT ( 'NONE', #3974 ) ;
#6452 = CARTESIAN_POINT ( 'NONE',  ( -0.2608011982979996923, -4.739198801702000807, -17.09076228220567373 ) ) ;
#6453 = ORIENTED_EDGE ( 'NONE', *, *, #6061, .T. ) ;
#6454 = B_SPLINE_CURVE_WITH_KNOTS ( 'NONE', 3,
 ( #2828, #7192, #5073, #7048, #3556, #8525, #2132, #7747, #6452, #1622, #747, #2316, #793, #2927, #1436, #6493 ),
 .UNSPECIFIED., .F., .F.,
 ( 4, 2, 2, 2, 2, 2, 2, 4 ),
 ( 4.818711198650599746E-07, 0.0008765200830275124812, 0.001314539188981336208, 0.001752558294935160042, 0.002190577400888983877, 0.002628596506842807278, 0.003066615612796631113, 0.003504634718750454948 ),
 .UNSPECIFIED. ) ;
#6455 = EDGE_CURVE ( 'NONE', #5825, #5031, #5662, .T. ) ;
#6456 = CARTESIAN_POINT ( 'NONE',  ( 0.03993437491706595260, -4.960065625082933138, -13.58131021352448009 ) ) ;
#6457 = CARTESIAN_POINT ( 'NONE',  ( -0.03993437491367647640, -4.960065625086322427, -96.08131021350182266 ) ) ;
#6458 = CARTESIAN_POINT ( 'NONE',  ( 4.502910482877282128, -0.4970895171227181497, -121.1139075807365515 ) ) ;
#6459 = CARTESIAN_POINT ( 'NONE',  ( 3.671958834454343013, -1.328041165545656987, -81.74999999999998579 ) ) ;
#6460 = CARTESIAN_POINT ( 'NONE',  ( -0.04063066961489633644, -4.959369330385103858, -12.41386551654451686 ) ) ;
#6461 = DIRECTION ( 'NONE',  ( 1.000000000000000000, 0.000000000000000000, 0.000000000000000000 ) ) ;
#6462 = DIRECTION ( 'NONE',  ( 1.000000000000000000, 0.000000000000000000, 0.000000000000000000 ) ) ;
#6463 = ORIENTED_EDGE ( 'NONE', *, *, #6529, .T. ) ;
#6464 = CARTESIAN_POINT ( 'NONE',  ( -0.4974474678531847216, -4.502552532146815167, -88.11327242306298047 ) ) ;
#6465 = ORIENTED_EDGE ( 'NONE', *, *, #5412, .T. ) ;
#6466 = CARTESIAN_POINT ( 'NONE',  ( 0.000000000000000000, 0.000000000000000000, -18.50000000000000355 ) ) ;
#6467 = CARTESIAN_POINT ( 'NONE',  ( -4.999999999999990230, -9.175390286360334753E-15, -40.64725720788727870 ) ) ;
#6468 = DIRECTION ( 'NONE',  ( 1.224646799147353207E-16, 1.000000000000000000, 0.000000000000000000 ) ) ;
#6469 = CARTESIAN_POINT ( 'NONE',  ( 0.6335913640931354340, -4.366408635906863900, -20.60619955116407453 ) ) ;
#6470 = CARTESIAN_POINT ( 'NONE',  ( 1.136863993906868320, -3.863136006093130348, -32.37121622079634164 ) ) ;
#6471 = ORIENTED_EDGE ( 'NONE', *, *, #6862, .F. ) ;
#6472 = PERSON_AND_ORGANIZATION_ROLE ( 'design_owner' ) ;
#6473 = ADVANCED_FACE ( 'NONE', ( #429 ), #4791, .F. ) ;
#6474 = ORIENTED_EDGE ( 'NONE', *, *, #5278, .F. ) ;
#6475 = CARTESIAN_POINT ( 'NONE',  ( -5.000000000000281553, 2.811725620256466210E-13, -117.5000000000001990 ) ) ;
#6476 = CARTESIAN_POINT ( 'NONE',  ( 4.567820679631958924, -0.4321793203680420747, -75.27342623723035331 ) ) ;
#6477 = EDGE_LOOP ( 'NONE', ( #8548, #5516, #6130 ) ) ;
#6478 = AXIS2_PLACEMENT_3D ( 'NONE', #6086, #6136, #6180 ) ;
#6479 = CARTESIAN_POINT ( 'NONE',  ( 5.000000000000284217, 2.846191403287952879E-13, -62.50000000000020606 ) ) ;
#6480 = CARTESIAN_POINT ( 'NONE',  ( 4.991957775357460214, -0.008042224642539515245, -73.20753412542734395 ) ) ;
#6481 = CARTESIAN_POINT ( 'NONE',  ( -3.863136006094625152, -1.136863993905375736, -32.12878377920271333 ) ) ;
#6482 = EDGE_CURVE ( 'NONE', #3129, #1051, #952, .T. ) ;
#6483 = CARTESIAN_POINT ( 'NONE',  ( -4.960065625082965113, -0.03993437491703669823, -111.4186897864757526 ) ) ;
#6484 = ORIENTED_EDGE ( 'NONE', *, *, #7835, .T. ) ;
#6485 = DIRECTION ( 'NONE',  ( -0.000000000000000000, -0.000000000000000000, 1.000000000000000000 ) ) ;
#6486 = AXIS2_PLACEMENT_3D ( 'NONE', #286, #1663, #7276 ) ;
#6487 = CARTESIAN_POINT ( 'NONE',  ( 0.000000000000000000, 0.000000000000000000, -84.50000000000000000 ) ) ;
#6488 = CARTESIAN_POINT ( 'NONE',  ( 4.960065625082963336, -0.03993437491703660802, -94.91868978647568156 ) ) ;
#6489 = CARTESIAN_POINT ( 'NONE',  ( -0.04063066961830674034, -4.959369330381694141, -100.4138655165220513 ) ) ;
#6490 = FACE_OUTER_BOUND ( 'NONE', #3306, .T. ) ;
#6491 = EDGE_CURVE ( 'NONE', #8569, #1664, #8151, .T. ) ;
#6492 = ORIENTED_EDGE ( 'NONE', *, *, #2609, .T. ) ;
#6493 = CARTESIAN_POINT ( 'NONE',  ( 0.000000000000000000, -5.000000000000000000, -18.50000000000000355 ) ) ;
#6494 = ORIENTED_EDGE ( 'NONE', *, *, #3243, .F. ) ;
#6495 = CARTESIAN_POINT ( 'NONE',  ( 0.9582157396402165572, -4.041784260359783332, -15.47622534970070340 ) ) ;
#6496 = CARTESIAN_POINT ( 'NONE',  ( 0.1593231317748070031, -4.840676868225192386, -41.64678058429971230 ) ) ;
#6497 = CARTESIAN_POINT ( 'NONE',  ( -4.935408751172081665, -0.06459124882791912603, -57.72834765084403585 ) ) ;
#6498 = CARTESIAN_POINT ( 'NONE',  ( 4.832344906989094468, -0.1676550930109069470, -85.64546193740922320 ) ) ;
#6499 = DIRECTION ( 'NONE',  ( 1.224646799147353207E-16, 1.000000000000000000, 0.000000000000000000 ) ) ;
#6500 = CIRCLE ( 'NONE', #5774, 1.000000000000000000 ) ;
#6501 = CARTESIAN_POINT ( 'NONE',  ( -4.508466212578269072, -0.4915337874217310388, -115.6062351930679455 ) ) ;
#6502 = VERTEX_POINT ( 'NONE', #1166 ) ;
#6503 = DIRECTION ( 'NONE',  ( -0.000000000000000000, -0.000000000000000000, 1.000000000000000000 ) ) ;
#6504 = ORIENTED_EDGE ( 'NONE', *, *, #5098, .T. ) ;
#6505 = TOROIDAL_SURFACE ( 'NONE', #1225, 1.000000000000000000, 1.999999999999998224 ) ;
#6506 = DIRECTION ( 'NONE',  ( -0.000000000000000000, -0.000000000000000000, 1.000000000000000000 ) ) ;
#6507 = PERSON ( 'UNSPECIFIED', 'UNSPECIFIED', 'UNSPECIFIED', ('UNSPECIFIED'), ('UNSPECIFIED'), ('UNSPECIFIED') ) ;
#6508 = PLANE ( 'NONE',  #5247 ) ;
#6509 = CARTESIAN_POINT ( 'NONE',  ( -1.328041165545656765, -3.671958834454343013, -109.2499999999999858 ) ) ;
#6510 = DIRECTION ( 'NONE',  ( -0.000000000000000000, -0.000000000000000000, 1.000000000000000000 ) ) ;
#6511 = CARTESIAN_POINT ( 'NONE',  ( -1.328041165545661428, -3.671958834454339016, -21.24999999999999645 ) ) ;
#6512 = VERTEX_POINT ( 'NONE', #3377 ) ;
#6513 = APPROVAL_ROLE ( '' ) ;
#6514 = ORIENTED_EDGE ( 'NONE', *, *, #2721, .F. ) ;
#6515 = TOROIDAL_SURFACE ( 'NONE', #1971, 1.000000000000000000, 3.999999999999996447 ) ;
#6516 = EDGE_CURVE ( 'NONE', #7560, #4858, #8857, .T. ) ;
#6517 = DIRECTION ( 'NONE',  ( 1.224646799147353207E-16, 1.000000000000000000, 0.000000000000000000 ) ) ;
#6518 = TOROIDAL_SURFACE ( 'NONE', #4766, 1.000000000000000000, 4.000000000000000000 ) ;
#6519 = FACE_OUTER_BOUND ( 'NONE', #4609, .T. ) ;
#6520 = VERTEX_POINT ( 'NONE', #6817 ) ;
#6521 = CARTESIAN_POINT ( 'NONE',  ( 4.832344906989094468, -0.1676550930109069470, -107.6454619374092090 ) ) ;
#6522 = CARTESIAN_POINT ( 'NONE',  ( 0.000000000000000000, 0.000000000000000000, -27.49999999999999645 ) ) ;
#6523 = CARTESIAN_POINT ( 'NONE',  ( -0.1280093952431795301, -4.871990604756822663, -121.9920752194650504 ) ) ;
#6524 = AXIS2_PLACEMENT_3D ( 'NONE', #6330, #5048, #2804 ) ;
#6525 = ORIENTED_EDGE ( 'NONE', *, *, #8343, .F. ) ;
#6526 = CARTESIAN_POINT ( 'NONE',  ( -0.06404366727607592458, -4.935956332723924866, -46.72559813399347917 ) ) ;
#6527 = B_SPLINE_CURVE_WITH_KNOTS ( 'NONE', 3,
 ( #8953, #7622, #623, #1184, #6751, #3431, #447, #6099, #8269, #8859, #1960, #585, #2561, #4681, #1876, #7486 ),
 .UNSPECIFIED., .F., .F.,
 ( 4, 2, 2, 2, 2, 2, 2, 4 ),
 ( 4.818711198454839844E-07, 0.0008765200830206025355, 0.001314539188970981426, 0.001752558294921360534, 0.002190577400871739858, 0.002628596506822118966, 0.003066615612772498074, 0.003504634718722877615 ),
 .UNSPECIFIED. ) ;
#6528 = CIRCLE ( 'NONE', #8888, 3.999999999999989786 ) ;
#6529 = EDGE_CURVE ( 'NONE', #4187, #3437, #1850, .T. ) ;
#6530 = TOROIDAL_SURFACE ( 'NONE', #8159, 1.000000000000000000, 4.000000000000001776 ) ;
#6531 = DIRECTION ( 'NONE',  ( 0.000000000000000000, 0.000000000000000000, -1.000000000000000000 ) ) ;
#6532 = CARTESIAN_POINT ( 'NONE',  ( 1.137203174284269869, -3.862796825715730353, -32.12899883711650517 ) ) ;
#6533 = CARTESIAN_POINT ( 'NONE',  ( 4.935956332719889872, -0.06404366728011023913, -100.2744018659852259 ) ) ;
#6534 = CARTESIAN_POINT ( 'NONE',  ( -0.9999999999999993339, 1.224646799147353207E-16, -113.9999999999999858 ) ) ;
#6535 = EDGE_CURVE ( 'NONE', #2264, #620, #8164, .T. ) ;
#6536 = AXIS2_PLACEMENT_3D ( 'NONE', #4288, #7088, #6449 ) ;
#6537 = EDGE_LOOP ( 'NONE', ( #444, #1072, #1844, #6429 ) ) ;
#6538 = DIRECTION ( 'NONE',  ( 1.000000000000000000, 0.000000000000000000, 0.000000000000000000 ) ) ;
#6539 = ORIENTED_EDGE ( 'NONE', *, *, #2153, .T. ) ;
#6540 = TOROIDAL_SURFACE ( 'NONE', #372, 1.000000000000000000, 4.000000000000000000 ) ;
#6541 = ORIENTED_EDGE ( 'NONE', *, *, #3232, .F. ) ;
#6542 = ADVANCED_FACE ( 'NONE', ( #2724 ), #8322, .T. ) ;
#6543 = TOROIDAL_SURFACE ( 'NONE', #7599, 1.000000000000000000, 3.999999999999999112 ) ;
#6544 = CARTESIAN_POINT ( 'NONE',  ( -4.359865889258239591, -0.6401341107417626297, -26.10125045371351149 ) ) ;
#6545 = CARTESIAN_POINT ( 'NONE',  ( 0.9999999999999995559, 0.000000000000000000, 0.000000000000000000 ) ) ;
#6546 = CARTESIAN_POINT ( 'NONE',  ( -4.282386290039716492, -0.7176137099602828417, -59.20222873041527833 ) ) ;
#6547 = CARTESIAN_POINT ( 'NONE',  ( -4.686141179201315232, -0.3138588207986853784, -47.53467868775798877 ) ) ;
#6548 = DIRECTION ( 'NONE',  ( -0.000000000000000000, -0.000000000000000000, 1.000000000000000000 ) ) ;
#6549 = CARTESIAN_POINT ( 'NONE',  ( -0.2517800035594085495, -4.748219996440591117, -107.9088363723554949 ) ) ;
#6550 = ORIENTED_EDGE ( 'NONE', *, *, #7506, .F. ) ;
#6551 = CARTESIAN_POINT ( 'NONE',  ( -0.2517800035653549040, -4.748219996434644763, -74.90883637236997572 ) ) ;
#6552 = EDGE_LOOP ( 'NONE', ( #5014, #988, #4303, #1146, #5750, #3076, #5346, #5523, #8650, #3207, #2617, #5850, #1917, #6405, #5726, #5528, #3639, #8442, #3716, #7509, #1859, #3401, #1262, #5990, #6369, #5097, #3248, #8948, #3023, #695, #2418, #344, #516, #7948, #8940, #6342, #2950, #2290, #3617, #2142, #1012, #7618, #4519, #6494, #4366, #2066, #5160, #6123, #4939, #7214, #6184, #1435, #636, #4161, #3001, #4822, #8527, #4840, #1538, #4588, #3440, #967, #5162, #1677, #4449, #2034, #3369, #4663, #7980, #2706, #3516, #4926, #4416, #410, #7915, #6310, #8886, #2232, #5396, #7358, #4535, #8921, #1848, #5443, #3879, #3305, #7329, #8707, #945, #3536, #6294, #6614, #7385, #6029 ) ) ;
#6553 = EDGE_CURVE ( 'NONE', #1525, #2753, #8746, .T. ) ;
#6554 = DIRECTION ( 'NONE',  ( -0.000000000000000000, -0.000000000000000000, 1.000000000000000000 ) ) ;
#6555 = CARTESIAN_POINT ( 'NONE',  ( -1.000000000000000000, 1.224646799147353207E-16, -54.99999999999999289 ) ) ;
#6556 = CARTESIAN_POINT ( 'NONE',  ( 0.6401341107417175547, -4.359865889258282223, -16.39874954628655956 ) ) ;
#6557 = AXIS2_PLACEMENT_3D ( 'NONE', #2992, #8596, #3039 ) ;
#6558 = CARTESIAN_POINT ( 'NONE',  ( 0.9582157396402174454, -4.041784260359782444, -20.97622534970070163 ) ) ;
#6559 = DIRECTION ( 'NONE',  ( 1.000000000000000000, 0.000000000000000000, 0.000000000000000000 ) ) ;
#6560 = ORIENTED_EDGE ( 'NONE', *, *, #4044, .T. ) ;
#6561 = APPROVAL_PERSON_ORGANIZATION ( #2058, #3449, #2569 ) ;
#6562 = APPROVAL_STATUS ( 'not_yet_approved' ) ;
#6563 = ORIENTED_EDGE ( 'NONE', *, *, #685, .F. ) ;
#6564 = B_SPLINE_CURVE_WITH_KNOTS ( 'NONE', 3,
 ( #5394, #7559, #8975, #8207, #2684, #8295, #1989, #608, #4795, #647, #9060, #4112 ),
 .UNSPECIFIED., .F., .F.,
 ( 4, 2, 2, 2, 2, 4 ),
 ( 0.003504634718722914478, 0.003941423334001211559, 0.004378211949279508207, 0.005251789179836103237, 0.006125366410392697400, 0.006998943640949292430 ),
 .UNSPECIFIED. ) ;
#6565 = TOROIDAL_SURFACE ( 'NONE', #3778, 1.000000000000000000, 4.000000000000000000 ) ;
#6566 = AXIS2_PLACEMENT_3D ( 'NONE', #9088, #7111, #1403 ) ;
#6567 = EDGE_CURVE ( 'NONE', #179, #1165, #6005, .T. ) ;
#6568 = CIRCLE ( 'NONE', #7464, 4.000000000000003553 ) ;
#6569 = CARTESIAN_POINT ( 'NONE',  ( 4.832344906989094468, -0.1676550930109069470, -113.1454619374091948 ) ) ;
#6570 = CARTESIAN_POINT ( 'NONE',  ( 3.863136006094629149, -1.136863993905370185, -81.62878377920267781 ) ) ;
#6571 = CARTESIAN_POINT ( 'NONE',  ( 4.832344906989094468, -0.1676550930109069470, -69.14546193740920899 ) ) ;
#6572 = ORIENTED_EDGE ( 'NONE', *, *, #3708, .F. ) ;
#6573 = CARTESIAN_POINT ( 'NONE',  ( 0.000000000000000000, 0.000000000000000000, -5.500000000000000000 ) ) ;
#6574 = CARTESIAN_POINT ( 'NONE',  ( 5.000000000000281553, 2.809514862196180954E-13, -68.00000000000021316 ) ) ;
#6575 = CARTESIAN_POINT ( 'NONE',  ( -0.9999999999999995559, 1.224646799147352714E-16, 0.000000000000000000 ) ) ;
#6576 = AXIS2_PLACEMENT_3D ( 'NONE', #2022, #6290, #2803 ) ;
#6577 = CARTESIAN_POINT ( 'NONE',  ( 0.000000000000000000, 0.000000000000000000, -117.5000000000000000 ) ) ;
#6578 = AXIS2_PLACEMENT_3D ( 'NONE', #8509, #4227, #602 ) ;
#6579 = VERTEX_POINT ( 'NONE', #778 ) ;
#6580 = DIRECTION ( 'NONE',  ( -0.000000000000000000, -0.000000000000000000, 1.000000000000000000 ) ) ;
#6581 = AXIS2_PLACEMENT_3D ( 'NONE', #2691, #4717, #529 ) ;
#6582 = DIRECTION ( 'NONE',  ( -0.000000000000000000, -0.000000000000000000, 1.000000000000000000 ) ) ;
#6583 = CIRCLE ( 'NONE', #5272, 1.999999999999994893 ) ;
#6584 = CARTESIAN_POINT ( 'NONE',  ( 0.000000000000000000, 0.000000000000000000, -103.7500000000000000 ) ) ;
#6585 = CARTESIAN_POINT ( 'NONE',  ( 0.000000000000000000, 0.000000000000000000, -73.50000000000001421 ) ) ;
#6586 = CARTESIAN_POINT ( 'NONE',  ( 0.1676550930162088171, -4.832344906983791155, -99.85453806257385168 ) ) ;
#6587 = EDGE_LOOP ( 'NONE', ( #2101, #2640, #209 ) ) ;
#6588 = DIRECTION ( 'NONE',  ( -0.000000000000000000, -0.000000000000000000, 1.000000000000000000 ) ) ;
#6589 = EDGE_CURVE ( 'NONE', #5816, #8900, #1693, .T. ) ;
#6590 = VERTEX_POINT ( 'NONE', #9056 ) ;
#6591 = B_SPLINE_CURVE_WITH_KNOTS ( 'NONE', 3,
 ( #4361, #1497, #951, #2846, #4310, #7114, #869, #3673, #6469, #6558, #8718, #7988 ),
 .UNSPECIFIED., .F., .F.,
 ( 4, 2, 2, 2, 2, 4 ),
 ( 0.003504634718750454514, 0.003941423334025311205, 0.004378211949300167896, 0.005251789179849871737, 0.006125366410399575579, 0.006998943640949279420 ),
 .UNSPECIFIED. ) ;
#6592 = ORIENTED_EDGE ( 'NONE', *, *, #7783, .T. ) ;
#6593 = CARTESIAN_POINT ( 'NONE',  ( -4.282386290039715604, -0.7176137099602857283, -26.20222873041528189 ) ) ;
#6594 = CARTESIAN_POINT ( 'NONE',  ( -0.9582157396373276459, -4.041784260362672576, -86.97622534969822539 ) ) ;
#6595 = CARTESIAN_POINT ( 'NONE',  ( -3.863136006094622932, -1.136863993905375958, -59.62878377920268491 ) ) ;
#6596 = CARTESIAN_POINT ( 'NONE',  ( -4.041784260359808201, -0.9582157396401930205, -93.02377465029930192 ) ) ;
#6597 = CARTESIAN_POINT ( 'NONE',  ( -4.959369330385075436, -0.04063066961492552143, -46.58613448345570873 ) ) ;
#6598 = CARTESIAN_POINT ( 'NONE',  ( 0.1278684795020850751, -4.872131520497914536, -39.49259796944175349 ) ) ;
#6599 = DIRECTION ( 'NONE',  ( 1.000000000000000000, 0.000000000000000000, 0.000000000000000000 ) ) ;
#6600 = ORIENTED_EDGE ( 'NONE', *, *, #7749, .F. ) ;
#6601 = FACE_OUTER_BOUND ( 'NONE', #3258, .T. ) ;
#6602 = EDGE_CURVE ( 'NONE', #3629, #3667, #7586, .T. ) ;
#6603 = VERTEX_POINT ( 'NONE', #4149 ) ;
#6604 = CC_DESIGN_DATE_AND_TIME_ASSIGNMENT ( #1097, #4132, ( #2014 ) ) ;
#6605 = CARTESIAN_POINT ( 'NONE',  ( 4.748219996434697165, -0.2517800035653028345, -17.09116362763015573 ) ) ;
#6606 = DIRECTION ( 'NONE',  ( 1.000000000000000000, 0.000000000000000000, 0.000000000000000000 ) ) ;
#6607 = CARTESIAN_POINT ( 'NONE',  ( -4.872131520502827939, -0.1278684794971731986, -8.507402030540029969 ) ) ;
#6608 = CARTESIAN_POINT ( 'NONE',  ( -4.935956332719893425, -0.06404366728010724152, -61.77440186598523297 ) ) ;
#6609 = CARTESIAN_POINT ( 'NONE',  ( -0.9999999999999993339, 1.224646799147353207E-16, -97.49999999999998579 ) ) ;
#6610 = DIRECTION ( 'NONE',  ( 1.000000000000000000, 0.000000000000000000, 0.000000000000000000 ) ) ;
#6611 = VERTEX_POINT ( 'NONE', #3590 ) ;
#6612 = CALENDAR_DATE ( 2026, 24, 2 ) ;
#6613 = EDGE_CURVE ( 'NONE', #60, #6579, #6849, .T. ) ;
#6614 = ORIENTED_EDGE ( 'NONE', *, *, #7587, .F. ) ;
#6615 = CARTESIAN_POINT ( 'NONE',  ( -0.9999999999999993339, 1.224646799147353207E-16, -80.99999999999998579 ) ) ;
#6616 = CARTESIAN_POINT ( 'NONE',  ( 4.508466212578264631, -0.4915337874217342029, -5.606235193067953482 ) ) ;
#6617 = DIRECTION ( 'NONE',  ( 1.224646799147353207E-16, 1.000000000000000000, 0.000000000000000000 ) ) ;
#6618 = ORIENTED_EDGE ( 'NONE', *, *, #325, .T. ) ;
#6619 = CARTESIAN_POINT ( 'NONE',  ( 0.2608011982980000254, -4.739198801701999919, -116.0907622822056879 ) ) ;
#6620 = FACE_OUTER_BOUND ( 'NONE', #2966, .T. ) ;
#6621 = DIRECTION ( 'NONE',  ( -0.000000000000000000, -0.000000000000000000, 1.000000000000000000 ) ) ;
#6622 = ADVANCED_FACE ( 'NONE', ( #8464 ), #2730, .T. ) ;
#6623 = EDGE_CURVE ( 'NONE', #2579, #2221, #8894, .T. ) ;
#6624 = ORIENTED_EDGE ( 'NONE', *, *, #3985, .T. ) ;
#6625 = CARTESIAN_POINT ( 'NONE',  ( 0.008042224642554296823, -4.991957775357445115, -7.792465874572919837 ) ) ;
#6626 = AXIS2_PLACEMENT_3D ( 'NONE', #2689, #8348, #2041 ) ;
#6627 = CARTESIAN_POINT ( 'NONE',  ( 0.000000000000000000, 0.000000000000000000, 0.000000000000000000 ) ) ;
#6628 = DIRECTION ( 'NONE',  ( -0.000000000000000000, -0.000000000000000000, 1.000000000000000000 ) ) ;
#6629 = CARTESIAN_POINT ( 'NONE',  ( -0.7176137099602450942, -4.282386290039755572, -10.79777126958476785 ) ) ;
#6630 = DIRECTION ( 'NONE',  ( -1.000000000000000000, 1.224646799147353454E-16, 0.000000000000000000 ) ) ;
#6631 = VERTEX_POINT ( 'NONE', #8374 ) ;
#6632 = CARTESIAN_POINT ( 'NONE',  ( 1.000000000000000000, 0.000000000000000000, -95.50000000000000000 ) ) ;
#6633 = EDGE_LOOP ( 'NONE', ( #3035, #1703, #6712 ) ) ;
#6634 = CIRCLE ( 'NONE', #5021, 1.999999999999994893 ) ;
#6635 = B_SPLINE_CURVE_WITH_KNOTS ( 'NONE', 3,
 ( #3416, #6944, #1244, #564, #7508, #4876, #4012, #5477, #6815, #8202, #4062, #6297 ),
 .UNSPECIFIED., .F., .F.,
 ( 4, 2, 2, 2, 2, 4 ),
 ( 0.003504634718722942233, 0.003941423334001238447, 0.004378211949279535095, 0.005251789179836127523, 0.006125366410392719951, 0.006998943640949313247 ),
 .UNSPECIFIED. ) ;
#6636 = ORIENTED_EDGE ( 'NONE', *, *, #5741, .T. ) ;
#6637 = CARTESIAN_POINT ( 'NONE',  ( 0.9599107665869294204, -4.040089233413069358, -5.022365720639798248 ) ) ;
#6638 = CARTESIAN_POINT ( 'NONE',  ( -0.4915337874163392407, -4.508466212583661203, -97.39376480692352800 ) ) ;
#6639 = EDGE_CURVE ( 'NONE', #1491, #379, #4592, .T. ) ;
#6640 = DIRECTION ( 'NONE',  ( 0.000000000000000000, 0.000000000000000000, -1.000000000000000000 ) ) ;
#6641 = AXIS2_PLACEMENT_3D ( 'NONE', #1563, #5594, #4648 ) ;
#6642 = CARTESIAN_POINT ( 'NONE',  ( 5.000000000000008882, 9.116509732179624606E-15, -40.35315646955162094 ) ) ;
#6643 = CARTESIAN_POINT ( 'NONE',  ( 0.000000000000000000, 0.000000000000000000, -37.75000000000000000 ) ) ;
#6644 = DIRECTION ( 'NONE',  ( -0.000000000000000000, -0.000000000000000000, 1.000000000000000000 ) ) ;
#6645 = DIRECTION ( 'NONE',  ( -1.000000000000000000, 1.224646799147353207E-16, 0.000000000000000000 ) ) ;
#6646 = ORIENTED_EDGE ( 'NONE', *, *, #4629, .T. ) ;
#6647 = CARTESIAN_POINT ( 'NONE',  ( 0.000000000000000000, 0.000000000000000000, -109.2499999999999858 ) ) ;
#6648 = ORIENTED_EDGE ( 'NONE', *, *, #8181, .F. ) ;
#6649 = B_SPLINE_CURVE_WITH_KNOTS ( 'NONE', 3,
 ( #1681, #4488, #997, #1041, #3806, #3848, #6651, #348, #5957, #2473, #5275, #4813 ),
 .UNSPECIFIED., .F., .F.,
 ( 4, 2, 2, 2, 2, 4 ),
 ( 0.003504634718750187367, 0.003941423334025071813, 0.004378211949299956260, 0.005251789179849726021, 0.006125366410399495781, 0.006998943640949264675 ),
 .UNSPECIFIED. ) ;
#6650 = DIRECTION ( 'NONE',  ( 1.000000000000000000, 0.000000000000000000, 0.000000000000000000 ) ) ;
#6651 = CARTESIAN_POINT ( 'NONE',  ( 4.748219996434698942, -0.2517800035653020574, -33.59116362763015928 ) ) ;
#6652 = EDGE_CURVE ( 'NONE', #4461, #8100, #6439, .T. ) ;
#6653 = CARTESIAN_POINT ( 'NONE',  ( 0.6401341107464958435, -4.359865889253503823, -65.89874954628010073 ) ) ;
#6654 = CARTESIAN_POINT ( 'NONE',  ( -4.872698163711064900, -0.1273018362889369592, -121.9946127906161166 ) ) ;
#6655 = CARTESIAN_POINT ( 'NONE',  ( -1.137203174284265206, -3.862796825715734794, -103.6289988371164839 ) ) ;
#6656 = FACE_OUTER_BOUND ( 'NONE', #680, .T. ) ;
#6657 = B_SPLINE_CURVE_WITH_KNOTS ( 'NONE', 3,
 ( #7110, #810, #3621, #2941, #7159, #1086, #2373, #7984, #4486, #1680, #302, #1040, #947, #2472, #5820, #8032 ),
 .UNSPECIFIED., .F., .F.,
 ( 4, 2, 2, 2, 2, 2, 2, 4 ),
 ( 4.818711199241922976E-07, 0.0008765200830206801644, 0.001314539188971057320, 0.001752558294921434693, 0.002190577400871811849, 0.002628596506822189222, 0.003066615612772566161, 0.003504634718722943101 ),
 .UNSPECIFIED. ) ;
#6658 = CARTESIAN_POINT ( 'NONE',  ( -0.008301598518898225046, -4.991698401481102110, -23.70374637064251289 ) ) ;
#6659 = VERTEX_POINT ( 'NONE', #2207 ) ;
#6660 = ADVANCED_FACE ( 'NONE', ( #3542 ), #6299, .F. ) ;
#6661 = PERSON_AND_ORGANIZATION ( #5313, #1280 ) ;
#6662 = VERTEX_POINT ( 'NONE', #5016 ) ;
#6663 = CIRCLE ( 'NONE', #775, 1.999999999999994893 ) ;
#6664 = EDGE_CURVE ( 'NONE', #4201, #6355, #864, .T. ) ;
#6665 = CARTESIAN_POINT ( 'NONE',  ( 0.000000000000000000, 0.000000000000000000, -93.50000000000000000 ) ) ;
#6666 = DIRECTION ( 'NONE',  ( -0.000000000000000000, -0.000000000000000000, 1.000000000000000000 ) ) ;
#6667 = ORIENTED_EDGE ( 'NONE', *, *, #2712, .T. ) ;
#6668 = B_SPLINE_CURVE_WITH_KNOTS ( 'NONE', 3,
 ( #2062, #3361, #7539, #9044, #2019, #4047, #6852, #2756, #7671, #549, #6159, #8365, #4825, #1930, #8961, #4862 ),
 .UNSPECIFIED., .F., .F.,
 ( 4, 2, 2, 2, 2, 2, 2, 4 ),
 ( 4.818711198500916319E-07, 0.0008765200830205815020, 0.001314539188970950418, 0.001752558294921319334, 0.002190577400871687817, 0.002628596506822056516, 0.003066615612772425649, 0.003504634718722794348 ),
 .UNSPECIFIED. ) ;
#6669 = CARTESIAN_POINT ( 'NONE',  ( -4.999999999999991118, -1.021206449902765528E-14, -18.64725720788726093 ) ) ;
#6670 = CIRCLE ( 'NONE', #2562, 4.000000000000003553 ) ;
#6671 = ORIENTED_EDGE ( 'NONE', *, *, #3648, .F. ) ;
#6672 = CARTESIAN_POINT ( 'NONE',  ( 1.137203174285779106, -3.862796825714220894, -10.12899883711745908 ) ) ;
#6673 = AXIS2_PLACEMENT_3D ( 'NONE', #6006, #3072, #2421 ) ;
#6674 = CARTESIAN_POINT ( 'NONE',  ( 0.000000000000000000, 0.000000000000000000, -20.49999999999999645 ) ) ;
#6675 = CARTESIAN_POINT ( 'NONE',  ( 4.935956332719889872, -0.06404366728011047505, -67.27440186598521166 ) ) ;
#6676 = EDGE_LOOP ( 'NONE', ( #2996, #6777, #5623, #2111 ) ) ;
#6677 = CARTESIAN_POINT ( 'NONE',  ( 3.671958834454343013, -1.328041165545656987, -98.24999999999998579 ) ) ;
#6678 = CARTESIAN_POINT ( 'NONE',  ( 1.027184996674027653E-12, -4.999999999998975042, -100.8527427920861896 ) ) ;
#6679 = AXIS2_PLACEMENT_3D ( 'NONE', #8920, #1236, #2629 ) ;
#6680 = EDGE_LOOP ( 'NONE', ( #2592, #8687, #6331, #6268 ) ) ;
#6681 = CARTESIAN_POINT ( 'NONE',  ( 0.000000000000000000, 0.000000000000000000, -7.500000000000003553 ) ) ;
#6682 = CIRCLE ( 'NONE', #4626, 2.000000000000001776 ) ;
#6683 = EDGE_LOOP ( 'NONE', ( #1343, #6303, #7278, #70 ) ) ;
#6684 = ORIENTED_EDGE ( 'NONE', *, *, #5741, .F. ) ;
#6685 = AXIS2_PLACEMENT_3D ( 'NONE', #8673, #7303, #1003 ) ;
#6686 = CARTESIAN_POINT ( 'NONE',  ( -4.040089233413053371, -0.9599107665869472950, -114.4776342793601884 ) ) ;
#6687 = EDGE_CURVE ( 'NONE', #5853, #6158, #8683, .T. ) ;
#6688 = DIRECTION ( 'NONE',  ( 1.000000000000000000, 0.000000000000000000, 0.000000000000000000 ) ) ;
#6689 = CARTESIAN_POINT ( 'NONE',  ( -3.671958834454334575, -1.328041165545665425, -59.75000000000000000 ) ) ;
#6690 = VECTOR ( 'NONE', #2300, 1000.000000000000000 ) ;
#6691 = CARTESIAN_POINT ( 'NONE',  ( 4.935956332719893425, -0.06404366728010719989, -39.77440186598524008 ) ) ;
#6692 = CARTESIAN_POINT ( 'NONE',  ( -1.136863993905365744, -3.863136006094634034, -59.87121622079728667 ) ) ;
#6693 = CARTESIAN_POINT ( 'NONE',  ( 0.000000000000000000, 0.000000000000000000, -13.00000000000000355 ) ) ;
#6694 = CARTESIAN_POINT ( 'NONE',  ( -4.960065625082965113, -0.03993437491703619863, -116.9186897864757526 ) ) ;
#6695 = VERTEX_POINT ( 'NONE', #6479 ) ;
#6696 = LINE ( 'NONE', #1776, #6050 ) ;
#6697 = CIRCLE ( 'NONE', #2732, 3.904737509655567429 ) ;
#6698 = ORIENTED_EDGE ( 'NONE', *, *, #2991, .T. ) ;
#6699 = EDGE_CURVE ( 'NONE', #6045, #8017, #4339, .T. ) ;
#6700 = AXIS2_PLACEMENT_3D ( 'NONE', #995, #3111, #6650 ) ;
#6701 = CARTESIAN_POINT ( 'NONE',  ( 0.000000000000000000, 0.000000000000000000, 0.000000000000000000 ) ) ;
#6702 = PRODUCT_DEFINITION_FORMATION_WITH_SPECIFIED_SOURCE ( 'ANY', '', #4765, .NOT_KNOWN. ) ;
#6703 = DIRECTION ( 'NONE',  ( 1.000000000000000000, 0.000000000000000000, 0.000000000000000000 ) ) ;
#6704 = CARTESIAN_POINT ( 'NONE',  ( 0.04063066961830684443, -4.959369330381691476, -94.91386551652202286 ) ) ;
#6705 = CARTESIAN_POINT ( 'NONE',  ( -3.863136006094629149, -1.136863993905370629, -87.12878377920269202 ) ) ;
#6706 = DIRECTION ( 'NONE',  ( -0.000000000000000000, -0.000000000000000000, 1.000000000000000000 ) ) ;
#6707 = FACE_OUTER_BOUND ( 'NONE', #3109, .T. ) ;
#6708 = DIRECTION ( 'NONE',  ( 1.224646799147353207E-16, 1.000000000000000000, 0.000000000000000000 ) ) ;
#6709 = AXIS2_PLACEMENT_3D ( 'NONE', #1033, #3839, #7430 ) ;
#6710 = ORIENTED_EDGE ( 'NONE', *, *, #6589, .T. ) ;
#6711 = CALENDAR_DATE ( 2026, 24, 2 ) ;
#6712 = ORIENTED_EDGE ( 'NONE', *, *, #2257, .F. ) ;
#6713 = EDGE_CURVE ( 'NONE', #2579, #1459, #921, .T. ) ;
#6714 = APPROVAL ( #4589, 'UNSPECIFIED' ) ;
#6715 = DIRECTION ( 'NONE',  ( 0.000000000000000000, 0.000000000000000000, -1.000000000000000000 ) ) ;
#6716 = CC_DESIGN_APPROVAL ( #6994, ( #834 ) ) ;
#6717 = DIRECTION ( 'NONE',  ( 1.000000000000000000, 0.000000000000000000, 0.000000000000000000 ) ) ;
#6718 = CARTESIAN_POINT ( 'NONE',  ( 4.040089233413053371, -0.9599107665869472950, -70.47763427936021685 ) ) ;
#6719 = ORIENTED_EDGE ( 'NONE', *, *, #1096, .T. ) ;
#6720 = CARTESIAN_POINT ( 'NONE',  ( 0.6401341107464957325, -4.359865889253504712, -49.39874954628008652 ) ) ;
#6721 = CYLINDRICAL_SURFACE ( 'NONE', #231, 0.9999999999999995559 ) ;
#6722 = CIRCLE ( 'NONE', #836, 1.999999999999998224 ) ;
#6723 = ORIENTED_EDGE ( 'NONE', *, *, #7897, .F. ) ;
#6724 = FACE_OUTER_BOUND ( 'NONE', #3340, .T. ) ;
#6725 = ADVANCED_FACE ( 'NONE', ( #5106 ), #229, .F. ) ;
#6726 = TOROIDAL_SURFACE ( 'NONE', #2757, 1.000000000000000000, 4.000000000000000000 ) ;
#6727 = CARTESIAN_POINT ( 'NONE',  ( 4.359865889258244920, -0.6401341107417566345, -119.6012504537134760 ) ) ;
#6728 = AXIS2_PLACEMENT_3D ( 'NONE', #7498, #7452, #5236 ) ;
#6729 = CARTESIAN_POINT ( 'NONE',  ( -1.328041165545648550, -3.671958834454351450, -65.24999999999998579 ) ) ;
#6730 = ORIENTED_EDGE ( 'NONE', *, *, #425, .T. ) ;
#6731 = CARTESIAN_POINT ( 'NONE',  ( -1.000000000000000000, 1.224646799147353207E-16, -29.50000000000000355 ) ) ;
#6732 = DIRECTION ( 'NONE',  ( -0.000000000000000000, -0.000000000000000000, 1.000000000000000000 ) ) ;
#6733 = VERTEX_POINT ( 'NONE', #5060 ) ;
#6734 = CARTESIAN_POINT ( 'NONE',  ( 4.991698401481079905, -0.008301598518919086830, -95.79625362935772159 ) ) ;
#6735 = ORIENTED_EDGE ( 'NONE', *, *, #136, .T. ) ;
#6736 = EDGE_CURVE ( 'NONE', #7374, #2743, #2283, .T. ) ;
#6737 = TOROIDAL_SURFACE ( 'NONE', #4824, 1.000000000000000000, 4.000000000000000000 ) ;
#6738 = EDGE_LOOP ( 'NONE', ( #2090, #6035, #7871 ) ) ;
#6739 = CARTESIAN_POINT ( 'NONE',  ( -4.359865889258244920, -0.6401341107417566345, -114.1012504537135186 ) ) ;
#6740 = CARTESIAN_POINT ( 'NONE',  ( 3.862796825714240434, -1.137203174285761786, -76.37100116288257823 ) ) ;
#6741 = CARTESIAN_POINT ( 'NONE',  ( 0.2517800035594076058, -4.748219996440592894, -107.9088363723554949 ) ) ;
#6742 = CARTESIAN_POINT ( 'NONE',  ( 4.366408635906907421, -0.6335913640930932456, -38.39380044883599652 ) ) ;
#6743 = DIRECTION ( 'NONE',  ( -0.000000000000000000, -0.000000000000000000, 1.000000000000000000 ) ) ;
#6744 = CARTESIAN_POINT ( 'NONE',  ( -4.840676868219849105, -0.1593231317801506175, -44.85321941568362547 ) ) ;
#6745 = DIRECTION ( 'NONE',  ( 1.224646799147353207E-16, 1.000000000000000000, 0.000000000000000000 ) ) ;
#6746 = ORIENTED_EDGE ( 'NONE', *, *, #8678, .F. ) ;
#6747 = DIRECTION ( 'NONE',  ( 0.000000000000000000, -1.000000000000000000, 0.000000000000000000 ) ) ;
#6748 = EDGE_LOOP ( 'NONE', ( #6076, #5782, #7255, #7648, #2851, #3059 ) ) ;
#6749 = ADVANCED_FACE ( 'NONE', ( #4417 ), #82, .F. ) ;
#6750 = CARTESIAN_POINT ( 'NONE',  ( 1.136863993906872539, -3.863136006093126351, -26.87121622079633809 ) ) ;
#6751 = CARTESIAN_POINT ( 'NONE',  ( 0.6401341107464911806, -4.359865889253509152, -43.89874954628008652 ) ) ;
#6752 = CARTESIAN_POINT ( 'NONE',  ( 1.328041165545657876, -3.671958834454342124, -37.75000000000000000 ) ) ;
#6753 = CARTESIAN_POINT ( 'NONE',  ( -4.991698401481079905, -0.008301598518919178771, -84.79625362935773580 ) ) ;
#6754 = CARTESIAN_POINT ( 'NONE',  ( -5.000000000000284217, 2.844285577088679172E-13, -62.50000000000020606 ) ) ;
#6755 = CARTESIAN_POINT ( 'NONE',  ( 3.863136006094625152, -1.136863993905375958, -10.12878377920270800 ) ) ;
#6756 = DIRECTION ( 'NONE',  ( 1.000000000000000000, 0.000000000000000000, 0.000000000000000000 ) ) ;
#6757 = EDGE_LOOP ( 'NONE', ( #6671, #1450, #3483 ) ) ;
#6758 = SHAPE_DEFINITION_REPRESENTATION ( #584, #4872 ) ;
#6759 = ORIENTED_EDGE ( 'NONE', *, *, #3469, .T. ) ;
#6760 = AXIS2_PLACEMENT_3D ( 'NONE', #4980, #7784, #1470 ) ;
#6761 = CARTESIAN_POINT ( 'NONE',  ( 4.282263456120089629, -0.7177365438799112596, -4.202379669864444445 ) ) ;
#6762 = CARTESIAN_POINT ( 'NONE',  ( 0.4321793203679912265, -4.567820679632008662, -11.22657376276974084 ) ) ;
#6763 = CARTESIAN_POINT ( 'NONE',  ( -1.328041165545656765, -3.671958834454343013, -81.74999999999998579 ) ) ;
#6764 = EDGE_CURVE ( 'NONE', #2470, #5331, #6395, .T. ) ;
#6765 = CARTESIAN_POINT ( 'NONE',  ( -4.508466212578265520, -0.4915337874217332037, -11.10623519306795437 ) ) ;
#6766 = ORIENTED_EDGE ( 'NONE', *, *, #7484, .T. ) ;
#6767 = CARTESIAN_POINT ( 'NONE',  ( 0.1676550930162027386, -4.832344906983796484, -50.35453806257385878 ) ) ;
#6768 = CARTESIAN_POINT ( 'NONE',  ( 0.000000000000000000, 0.000000000000000000, 0.000000000000000000 ) ) ;
#6769 = VERTEX_POINT ( 'NONE', #963 ) ;
#6770 = CARTESIAN_POINT ( 'NONE',  ( -1.137203174284277196, -3.862796825715722804, -48.62899883711651938 ) ) ;
#6771 = CARTESIAN_POINT ( 'NONE',  ( 4.935408751172076336, -0.06459124882792298405, -118.2283476508440145 ) ) ;
#6772 = EDGE_CURVE ( 'NONE', #3929, #2328, #8197, .T. ) ;
#6773 = CARTESIAN_POINT ( 'NONE',  ( 4.508466212578269072, -0.4915337874217309277, -66.10623519306793128 ) ) ;
#6774 = EDGE_LOOP ( 'NONE', ( #936, #3037, #446 ) ) ;
#6775 = CARTESIAN_POINT ( 'NONE',  ( -4.935408751172076336, -0.06459124882792278977, -68.72834765084402875 ) ) ;
#6776 = CARTESIAN_POINT ( 'NONE',  ( 4.960065625082965113, -0.03993437491703672598, -105.9186897864757526 ) ) ;
#6777 = ORIENTED_EDGE ( 'NONE', *, *, #7460, .F. ) ;
#6778 = DIRECTION ( 'NONE',  ( 0.000000000000000000, -1.000000000000000000, 0.000000000000000000 ) ) ;
#6779 = EDGE_LOOP ( 'NONE', ( #5002, #6572, #3461, #1367 ) ) ;
#6780 = CARTESIAN_POINT ( 'NONE',  ( -4.686141179201310791, -0.3138588207986893752, -113.5346786877579746 ) ) ;
#6781 = DIRECTION ( 'NONE',  ( 0.000000000000000000, -1.000000000000000000, 0.000000000000000000 ) ) ;
#6782 = CARTESIAN_POINT ( 'NONE',  ( 3.904737509655567429, 0.000000000000000000, -37.75000000000000000 ) ) ;
#6783 = EDGE_CURVE ( 'NONE', #6695, #73, #9030, .T. ) ;
#6784 = CARTESIAN_POINT ( 'NONE',  ( 0.000000000000000000, 0.000000000000000000, -46.00000000000000000 ) ) ;
#6785 = DIRECTION ( 'NONE',  ( 1.000000000000000000, 0.000000000000000000, 0.000000000000000000 ) ) ;
#6786 = CARTESIAN_POINT ( 'NONE',  ( -0.9999999999999995559, 1.224646799147352714E-16, 0.000000000000000000 ) ) ;
#6787 = AXIS2_PLACEMENT_3D ( 'NONE', #4109, #2725, #6910 ) ;
#6788 = DIRECTION ( 'NONE',  ( 1.000000000000000000, 0.000000000000000000, 0.000000000000000000 ) ) ;
#6789 = EDGE_LOOP ( 'NONE', ( #4067, #3802, #6235 ) ) ;
#6790 = CARTESIAN_POINT ( 'NONE',  ( -0.1676550930162429842, -4.832344906983757404, -88.85453806257375220 ) ) ;
#6791 = CIRCLE ( 'NONE', #5605, 3.904737509655567873 ) ;
#6792 = ORIENTED_EDGE ( 'NONE', *, *, #2637, .F. ) ;
#6793 = AXIS2_PLACEMENT_3D ( 'NONE', #7917, #8733, #880 ) ;
#6794 = CARTESIAN_POINT ( 'NONE',  ( 0.3138588208043166516, -4.686141179195685069, -27.96532131222950568 ) ) ;
#6795 = CARTESIAN_POINT ( 'NONE',  ( 0.000000000000000000, 0.000000000000000000, 0.000000000000000000 ) ) ;
#6796 = CARTESIAN_POINT ( 'NONE',  ( 0.000000000000000000, 0.000000000000000000, -90.00000000000000000 ) ) ;
#6797 = CARTESIAN_POINT ( 'NONE',  ( 0.4975987110858135498, -4.502401288914185784, -121.1130246301067928 ) ) ;
#6798 = DIRECTION ( 'NONE',  ( -0.000000000000000000, -0.000000000000000000, 1.000000000000000000 ) ) ;
#6799 = FACE_OUTER_BOUND ( 'NONE', #7314, .T. ) ;
#6800 = CARTESIAN_POINT ( 'NONE',  ( -3.904737509655567873, 4.781924292710299495E-16, -109.2499999999999858 ) ) ;
#6801 = EDGE_LOOP ( 'NONE', ( #3677, #4032, #8135 ) ) ;
#6802 = ORIENTED_EDGE ( 'NONE', *, *, #5010, .T. ) ;
#6803 = CARTESIAN_POINT ( 'NONE',  ( 1.136863993905362857, -3.863136006094637143, -10.37121622079730443 ) ) ;
#6804 = CARTESIAN_POINT ( 'NONE',  ( 1.000000000000000000, 0.000000000000000000, -56.99999999999999289 ) ) ;
#6805 = CARTESIAN_POINT ( 'NONE',  ( 4.991698401481084346, -0.008301598518917116185, -18.79625362935772515 ) ) ;
#6806 = EDGE_LOOP ( 'NONE', ( #1872, #7308, #7261, #1283 ) ) ;
#6807 = CARTESIAN_POINT ( 'NONE',  ( 4.991698401481086123, -0.008301598518914109909, -57.29625362935770738 ) ) ;
#6808 = B_SPLINE_CURVE_WITH_KNOTS ( 'NONE', 3,
 ( #8367, #598, #9002, #2711, #5513, #3444, #6242, #9046, #5560, #7065, #2148, #2986 ),
 .UNSPECIFIED., .F., .F.,
 ( 4, 2, 2, 2, 2, 4 ),
 ( 0.003504634718750193438, 0.003941423334025078752, 0.004378211949299964066, 0.005251789179849733827, 0.006125366410399504455, 0.006998943640949275083 ),
 .UNSPECIFIED. ) ;
#6809 = TOROIDAL_SURFACE ( 'NONE', #6216, 1.000000000000000000, 1.999999999999998224 ) ;
#6810 = ORIENTED_EDGE ( 'NONE', *, *, #5614, .F. ) ;
#6811 = CARTESIAN_POINT ( 'NONE',  ( -0.008042224640668277705, -4.991957775359332494, -101.2924658745477444 ) ) ;
#6812 = EDGE_CURVE ( 'NONE', #6590, #6611, #7427, .T. ) ;
#6813 = TOROIDAL_SURFACE ( 'NONE', #51, 1.000000000000000000, 4.000000000000000000 ) ;
#6814 = CARTESIAN_POINT ( 'NONE',  ( 0.000000000000000000, 0.000000000000000000, -76.25000000000000000 ) ) ;
#6815 = CARTESIAN_POINT ( 'NONE',  ( 0.6335913640883366060, -4.366408635911663616, -70.10619955115781465 ) ) ;
#6816 = ORIENTED_EDGE ( 'NONE', *, *, #3828, .F. ) ;
#6817 = CARTESIAN_POINT ( 'NONE',  ( -0.9999999999999986677, 1.224646799147351728E-16, -122.9999999999999858 ) ) ;
#6818 = LINE ( 'NONE', #2542, #5604 ) ;
#6819 = ORIENTED_EDGE ( 'NONE', *, *, #631, .T. ) ;
#6820 = CARTESIAN_POINT ( 'NONE',  ( 0.1278684795020899323, -4.872131520497910095, -83.49259796944174639 ) ) ;
#6821 = ORIENTED_EDGE ( 'NONE', *, *, #8332, .F. ) ;
#6822 = EDGE_CURVE ( 'NONE', #1624, #3987, #6962, .T. ) ;
#6823 = VERTEX_POINT ( 'NONE', #3530 ) ;
#6824 = APPROVAL ( #1409, 'UNSPECIFIED' ) ;
#6825 = CARTESIAN_POINT ( 'NONE',  ( -0.9582157396373267577, -4.041784260362674353, -31.97622534969821118 ) ) ;
#6826 = CARTESIAN_POINT ( 'NONE',  ( -1.137203174285775775, -3.862796825714224891, -15.62899883711745375 ) ) ;
#6827 = CARTESIAN_POINT ( 'NONE',  ( 0.7150597559095273059, -4.284940244090472916, -4.199036097213865837 ) ) ;
#6828 = CARTESIAN_POINT ( 'NONE',  ( -1.016614237250531202E-12, -5.000000000001018741, -112.1468435304221316 ) ) ;
#6829 = DIRECTION ( 'NONE',  ( 1.000000000000000000, 0.000000000000000000, 0.000000000000000000 ) ) ;
#6830 = TOROIDAL_SURFACE ( 'NONE', #2865, 1.000000000000000000, 1.999999999999994893 ) ;
#6831 = DIRECTION ( 'NONE',  ( 1.000000000000000000, 0.000000000000000000, 0.000000000000000000 ) ) ;
#6832 = EDGE_LOOP ( 'NONE', ( #935, #434, #5971 ) ) ;
#6833 = CARTESIAN_POINT ( 'NONE',  ( -0.9599107665869289763, -4.040089233413071135, -71.02236572063978315 ) ) ;
#6834 = UNCERTAINTY_MEASURE_WITH_UNIT (LENGTH_MEASURE( 1.000000000000000082E-05 ), #7595, 'distance_accuracy_value', 'NONE');
#6835 = EDGE_LOOP ( 'NONE', ( #3914, #7845, #1727 ) ) ;
#6836 = CIRCLE ( 'NONE', #7113, 4.000000000000003553 ) ;
#6837 = ADVANCED_FACE ( 'NONE', ( #5003 ), #794, .T. ) ;
#6838 = CIRCLE ( 'NONE', #2873, 4.000000000000003553 ) ;
#6839 = CARTESIAN_POINT ( 'NONE',  ( -4.991698401481079905, -0.008301598518919178771, -101.2962536293577216 ) ) ;
#6840 = CARTESIAN_POINT ( 'NONE',  ( -0.7176137099602423186, -4.282386290039758237, -54.79777126958475009 ) ) ;
#6841 = CARTESIAN_POINT ( 'NONE',  ( -0.4915337874163392407, -4.508466212583661203, -69.89376480692351379 ) ) ;
#6842 = DIRECTION ( 'NONE',  ( 1.000000000000000000, 0.000000000000000000, 0.000000000000000000 ) ) ;
#6843 = CARTESIAN_POINT ( 'NONE',  ( 0.000000000000000000, 0.000000000000000000, -43.25000000000000711 ) ) ;
#6844 = TOROIDAL_SURFACE ( 'NONE', #4056, 1.000000000000000000, 3.999999999999996447 ) ;
#6845 = CARTESIAN_POINT ( 'NONE',  ( 4.872131520502827051, -0.1278684794971728933, -8.507402030540029969 ) ) ;
#6846 = CARTESIAN_POINT ( 'NONE',  ( -4.508466212578267296, -0.4915337874217339809, -22.10623519306796325 ) ) ;
#6847 = EDGE_LOOP ( 'NONE', ( #5009, #6541, #4596, #4699 ) ) ;
#6848 = EDGE_LOOP ( 'NONE', ( #6550, #2990, #2108 ) ) ;
#6849 = CIRCLE ( 'NONE', #1390, 3.999999999999998224 ) ;
#6850 = EDGE_CURVE ( 'NONE', #620, #8493, #7022, .T. ) ;
#6851 = AXIS2_PLACEMENT_3D ( 'NONE', #6247, #2763, #4740 ) ;
#6852 = CARTESIAN_POINT ( 'NONE',  ( -0.4321793203735130873, -4.567820679626485969, -27.72657376275976659 ) ) ;
#6853 = VECTOR ( 'NONE', #6644, 1000.000000000000000 ) ;
#6854 = CARTESIAN_POINT ( 'NONE',  ( -1.000000000000000000, 1.224646799147353207E-16, -7.500000000000003553 ) ) ;
#6855 = CARTESIAN_POINT ( 'NONE',  ( -4.502401288914176902, -0.4975987110858216544, -3.886975369893182375 ) ) ;
#6856 = CARTESIAN_POINT ( 'NONE',  ( 5.000000000000283329, 2.837102721152350454E-13, -18.50000000000020961 ) ) ;
#6857 = VERTEX_POINT ( 'NONE', #4954 ) ;
#6858 = CARTESIAN_POINT ( 'NONE',  ( 0.04063066961830228557, -4.959369330381697694, -50.91386551652202286 ) ) ;
#6859 = B_SPLINE_CURVE_WITH_KNOTS ( 'NONE', 3,
 ( #1261, #8899, #1130, #1217, #2555, #6001, #3339, #485, #3506, #7523, #4077, #5612, #392, #7480, #8168, #6881 ),
 .UNSPECIFIED., .F., .F.,
 ( 4, 2, 2, 2, 2, 2, 2, 4 ),
 ( 4.818711198662053749E-07, 0.0008765200830274453691, 0.001314539188981234293, 0.001752558294935023433, 0.002190577400888812139, 0.002628596506842600846, 0.003066615612796389986, 0.003504634718750178693 ),
 .UNSPECIFIED. ) ;
#6860 = ORIENTED_EDGE ( 'NONE', *, *, #8898, .F. ) ;
#6861 = DIRECTION ( 'NONE',  ( 1.000000000000000000, 0.000000000000000000, 0.000000000000000000 ) ) ;
#6862 = EDGE_CURVE ( 'NONE', #5494, #8524, #7109, .T. ) ;
#6863 = CARTESIAN_POINT ( 'NONE',  ( -1.016614237250531202E-12, -5.000000000001018741, -95.64684353042213161 ) ) ;
#6864 = CARTESIAN_POINT ( 'NONE',  ( 0.000000000000000000, 0.000000000000000000, -114.7499999999999858 ) ) ;
#6865 = ORIENTED_EDGE ( 'NONE', *, *, #6274, .F. ) ;
#6866 = CARTESIAN_POINT ( 'NONE',  ( -3.863136006094629149, -1.136863993905370629, -70.62878377920269202 ) ) ;
#6867 = CARTESIAN_POINT ( 'NONE',  ( 4.991957775357465543, -0.008042224642535627729, -45.70753412542728711 ) ) ;
#6868 = CIRCLE ( 'NONE', #4230, 3.904737509655567429 ) ;
#6869 = VERTEX_POINT ( 'NONE', #7670 ) ;
#6870 = ORGANIZATION ( 'NAUO-ORG2', 'UNSPECIFIED', 'UNSPECIFIED' ) ;
#6871 = ORIENTED_EDGE ( 'NONE', *, *, #1737, .F. ) ;
#6872 = TOROIDAL_SURFACE ( 'NONE', #2911, 1.000000000000000000, 4.000000000000000000 ) ;
#6873 = AXIS2_PLACEMENT_3D ( 'NONE', #1825, #3031, #5227 ) ;
#6874 = TOROIDAL_SURFACE ( 'NONE', #8346, 1.000000000000000000, 4.000000000000001776 ) ;
#6875 = FACE_OUTER_BOUND ( 'NONE', #7970, .T. ) ;
#6876 = DIRECTION ( 'NONE',  ( 1.000000000000000000, 0.000000000000000000, 0.000000000000000000 ) ) ;
#6877 = CARTESIAN_POINT ( 'NONE',  ( 1.328041165545663649, -3.671958834454336351, -10.25000000000000178 ) ) ;
#6878 = DIRECTION ( 'NONE',  ( 1.224646799147353207E-16, 1.000000000000000000, 0.000000000000000000 ) ) ;
#6879 = FACE_OUTER_BOUND ( 'NONE', #7395, .T. ) ;
#6880 = EDGE_CURVE ( 'NONE', #6451, #6502, #3888, .T. ) ;
#6881 = CARTESIAN_POINT ( 'NONE',  ( -5.000000000000284217, 2.844285577088679172E-13, -62.50000000000020606 ) ) ;
#6882 = VERTEX_POINT ( 'NONE', #169 ) ;
#6883 = CARTESIAN_POINT ( 'NONE',  ( -0.9999999999999995559, 1.224646799147352714E-16, 0.000000000000000000 ) ) ;
#6884 = ORIENTED_EDGE ( 'NONE', *, *, #1584, .T. ) ;
#6885 = CIRCLE ( 'NONE', #3945, 1.000000000000000000 ) ;
#6886 = AXIS2_PLACEMENT_3D ( 'NONE', #2538, #6121, #1163 ) ;
#6887 = DIRECTION ( 'NONE',  ( 1.000000000000000000, 0.000000000000000000, 0.000000000000000000 ) ) ;
#6888 = DIRECTION ( 'NONE',  ( 1.000000000000000000, 0.000000000000000000, 0.000000000000000000 ) ) ;
#6889 = AXIS2_PLACEMENT_3D ( 'NONE', #2464, #6743, #4478 ) ;
#6890 = DIRECTION ( 'NONE',  ( 0.000000000000000000, 0.000000000000000000, -1.000000000000000000 ) ) ;
#6891 = CARTESIAN_POINT ( 'NONE',  ( 0.4974474678531836669, -4.502552532146816056, -77.11327242306298047 ) ) ;
#6892 = EDGE_CURVE ( 'NONE', #6981, #3890, #6325, .T. ) ;
#6893 = CARTESIAN_POINT ( 'NONE',  ( 1.328041165545656765, -3.671958834454343013, -92.74999999999998579 ) ) ;
#6894 = ORIENTED_EDGE ( 'NONE', *, *, #4351, .F. ) ;
#6895 = DATE_AND_TIME ( #1927, #1412 ) ;
#6896 = EDGE_LOOP ( 'NONE', ( #290, #488, #1448 ) ) ;
#6897 = CARTESIAN_POINT ( 'NONE',  ( 4.508466212578267296, -0.4915337874217331482, -49.60623519306796680 ) ) ;
#6898 = CARTESIAN_POINT ( 'NONE',  ( 3.863136006094636699, -1.136863993905363301, -65.12878377920270623 ) ) ;
#6899 = CARTESIAN_POINT ( 'NONE',  ( 3.671958834454336795, -1.328041165545663649, -10.25000000000000178 ) ) ;
#6900 = ADVANCED_FACE ( 'NONE', ( #4262 ), #2103, .F. ) ;
#6901 = DIRECTION ( 'NONE',  ( 0.000000000000000000, -1.000000000000000000, 0.000000000000000000 ) ) ;
#6902 = ORIENTED_EDGE ( 'NONE', *, *, #8535, .T. ) ;
#6903 = B_SPLINE_CURVE_WITH_KNOTS ( 'NONE', 3,
 ( #677, #1361, #3491, #7028, #1406, #6855, #9089, #7592, #7720, #2064, #1974, #4176, #7674, #4219 ),
 .UNSPECIFIED., .F., .F.,
 ( 4, 2, 2, 2, 2, 2, 4 ),
 ( 4.818711198541903184E-07, 0.0008763243365552959418, 0.001314245569273018392, 0.001752166801990740841, 0.002190088034708463291, 0.002628009267426185958, 0.003503851732861629122 ),
 .UNSPECIFIED. ) ;
#6904 = DIRECTION ( 'NONE',  ( -1.000000000000000000, 1.224646799147353207E-16, 0.000000000000000000 ) ) ;
#6905 = EDGE_CURVE ( 'NONE', #1988, #6590, #8299, .T. ) ;
#6906 = CARTESIAN_POINT ( 'NONE',  ( 0.000000000000000000, 0.000000000000000000, -48.00000000000000000 ) ) ;
#6907 = ADVANCED_FACE ( 'NONE', ( #5044 ), #5788, .T. ) ;
#6908 = ORIENTED_EDGE ( 'NONE', *, *, #1410, .T. ) ;
#6909 = CARTESIAN_POINT ( 'NONE',  ( -0.04063066961830674034, -4.959369330381694141, -94.91386551652203707 ) ) ;
#6910 = DIRECTION ( 'NONE',  ( 1.000000000000000000, 0.000000000000000000, 0.000000000000000000 ) ) ;
#6911 = EDGE_LOOP ( 'NONE', ( #5535, #8511, #6004 ) ) ;
#6912 = CARTESIAN_POINT ( 'NONE',  ( 4.991957775357460214, -0.008042224642539515245, -111.7075341254273297 ) ) ;
#6913 = ORIENTED_EDGE ( 'NONE', *, *, #4192, .F. ) ;
#6914 = DIRECTION ( 'NONE',  ( -0.000000000000000000, -0.000000000000000000, 1.000000000000000000 ) ) ;
#6915 = CARTESIAN_POINT ( 'NONE',  ( 0.000000000000000000, 0.000000000000000000, -76.25000000000000000 ) ) ;
#6916 = CARTESIAN_POINT ( 'NONE',  ( 0.1668769287816705971, -4.833123071218330402, -3.142795131292744681 ) ) ;
#6917 = FACE_OUTER_BOUND ( 'NONE', #5674, .T. ) ;
#6918 = DIRECTION ( 'NONE',  ( -0.000000000000000000, -0.000000000000000000, 1.000000000000000000 ) ) ;
#6919 = ORIENTED_EDGE ( 'NONE', *, *, #3788, .T. ) ;
#6920 = CARTESIAN_POINT ( 'NONE',  ( -4.040089233413053371, -0.9599107665869472950, -92.47763427936021685 ) ) ;
#6921 = ORIENTED_EDGE ( 'NONE', *, *, #5054, .T. ) ;
#6922 = EDGE_CURVE ( 'NONE', #3236, #4730, #7702, .T. ) ;
#6923 = DIRECTION ( 'NONE',  ( -0.000000000000000000, -0.000000000000000000, 1.000000000000000000 ) ) ;
#6924 = CYLINDRICAL_SURFACE ( 'NONE', #7608, 0.9999999999999995559 ) ;
#6925 = DIRECTION ( 'NONE',  ( 1.000000000000000000, 0.000000000000000000, 0.000000000000000000 ) ) ;
#6926 = VECTOR ( 'NONE', #4883, 1000.000000000000000 ) ;
#6927 = CARTESIAN_POINT ( 'NONE',  ( 0.1593231317747713927, -4.840676868225228802, -80.14678058429960572 ) ) ;
#6928 = CARTESIAN_POINT ( 'NONE',  ( 3.862796825714234217, -1.137203174285766227, -59.87100116288255691 ) ) ;
#6929 = CARTESIAN_POINT ( 'NONE',  ( -0.9999999999999993339, 1.224646799147353207E-16, -108.4999999999999858 ) ) ;
#6930 = ORIENTED_EDGE ( 'NONE', *, *, #4846, .T. ) ;
#6931 = ORIENTED_EDGE ( 'NONE', *, *, #5010, .F. ) ;
#6932 = CIRCLE ( 'NONE', #1940, 3.999999999999999112 ) ;
#6933 = EDGE_CURVE ( 'NONE', #6981, #4774, #7847, .T. ) ;
#6934 = CARTESIAN_POINT ( 'NONE',  ( 4.840676868219848217, -0.1593231317801520330, -50.35321941568363968 ) ) ;
#6935 = DIRECTION ( 'NONE',  ( -1.000000000000000000, 1.224646799147352961E-16, 0.000000000000000000 ) ) ;
#6936 = EDGE_CURVE ( 'NONE', #3267, #2695, #212, .T. ) ;
#6937 = FACE_OUTER_BOUND ( 'NONE', #4624, .T. ) ;
#6938 = CARTESIAN_POINT ( 'NONE',  ( 0.2517800035653531276, -4.748219996434646539, -63.90883637236996151 ) ) ;
#6939 = ORIENTED_EDGE ( 'NONE', *, *, #1214, .T. ) ;
#6940 = CARTESIAN_POINT ( 'NONE',  ( 0.000000000000000000, 0.000000000000000000, 0.000000000000000000 ) ) ;
#6941 = EDGE_CURVE ( 'NONE', #268, #2347, #1835, .T. ) ;
#6942 = CARTESIAN_POINT ( 'NONE',  ( -4.999999999999986677, -1.245921937940029991E-14, -112.1472572078872645 ) ) ;
#6943 = FACE_OUTER_BOUND ( 'NONE', #7321, .T. ) ;
#6944 = CARTESIAN_POINT ( 'NONE',  ( -1.016614237250531202E-12, -5.000000000001018741, -68.14684353042213161 ) ) ;
#6945 = EDGE_LOOP ( 'NONE', ( #5298, #1230, #8427, #1958 ) ) ;
#6946 = CARTESIAN_POINT ( 'NONE',  ( 1.000000000000000000, 0.000000000000000000, -29.50000000000000355 ) ) ;
#6947 = DIRECTION ( 'NONE',  ( 1.000000000000000000, 0.000000000000000000, 0.000000000000000000 ) ) ;
#6948 = ORIENTED_EDGE ( 'NONE', *, *, #3192, .T. ) ;
#6949 = AXIS2_PLACEMENT_3D ( 'NONE', #262, #3949, #949 ) ;
#6950 = PERSON ( 'NAUO-PER4', 'UNSPECIFIED', 'UNSPECIFIED', ('UNSPECIFIED'), ('UNSPECIFIED'), ('UNSPECIFIED') ) ;
#6951 = CARTESIAN_POINT ( 'NONE',  ( 0.000000000000000000, 0.000000000000000000, -75.50000000000000000 ) ) ;
#6952 = CARTESIAN_POINT ( 'NONE',  ( 5.000000000000281553, 2.809514862196180954E-13, -79.00000000000021316 ) ) ;
#6953 = CARTESIAN_POINT ( 'NONE',  ( 3.723027440537870353E-15, -4.999999999999997335, -117.6468435304486206 ) ) ;
#6954 = FACE_OUTER_BOUND ( 'NONE', #8536, .T. ) ;
#6955 = CARTESIAN_POINT ( 'NONE',  ( -0.1278684795020828546, -4.872131520497917201, -44.99259796944174639 ) ) ;
#6956 = ORIENTED_EDGE ( 'NONE', *, *, #4891, .T. ) ;
#6957 = LINE ( 'NONE', #6883, #8869 ) ;
#6958 = ORIENTED_EDGE ( 'NONE', *, *, #14, .F. ) ;
#6959 = TOROIDAL_SURFACE ( 'NONE', #5197, 1.000000000000000000, 1.999999999999994893 ) ;
#6960 = ADVANCED_FACE ( 'NONE', ( #3572 ), #8147, .T. ) ;
#6961 = CARTESIAN_POINT ( 'NONE',  ( -1.328041165545656987, -3.671958834454343013, -114.7499999999999858 ) ) ;
#6962 = CIRCLE ( 'NONE', #650, 0.9999999999999993339 ) ;
#6963 = CARTESIAN_POINT ( 'NONE',  ( -1.137203174285779994, -3.862796825714218674, -26.62899883711746085 ) ) ;
#6964 = FACE_OUTER_BOUND ( 'NONE', #5122, .T. ) ;
#6965 = CARTESIAN_POINT ( 'NONE',  ( 1.328041165545656765, -3.671958834454343013, -81.74999999999998579 ) ) ;
#6966 = CARTESIAN_POINT ( 'NONE',  ( 0.6401341107465311486, -4.359865889253469184, -104.3987495462800581 ) ) ;
#6967 = CARTESIAN_POINT ( 'NONE',  ( -0.03993437491365115638, -4.960065625086347296, -79.58131021350166634 ) ) ;
#6968 = CARTESIAN_POINT ( 'NONE',  ( 5.000000000000281553, 2.809514862196180954E-13, -90.00000000000019895 ) ) ;
#6969 = VERTEX_POINT ( 'NONE', #2191 ) ;
#6970 = CIRCLE ( 'NONE', #360, 0.9999999999999993339 ) ;
#6971 = EDGE_CURVE ( 'NONE', #7472, #5890, #6657, .T. ) ;
#6972 = ORIENTED_EDGE ( 'NONE', *, *, #2295, .F. ) ;
#6973 = AXIS2_PLACEMENT_3D ( 'NONE', #7769, #1454, #4266 ) ;
#6974 = DIRECTION ( 'NONE',  ( 0.000000000000000000, -1.000000000000000000, 0.000000000000000000 ) ) ;
#6975 = CIRCLE ( 'NONE', #8594, 4.000000000000003553 ) ;
#6976 = DIRECTION ( 'NONE',  ( -0.000000000000000000, -0.000000000000000000, 1.000000000000000000 ) ) ;
#6977 = CARTESIAN_POINT ( 'NONE',  ( 1.000000000000000000, 0.000000000000000000, -106.5000000000000000 ) ) ;
#6978 = CARTESIAN_POINT ( 'NONE',  ( 1.328041165545656765, -3.671958834454343013, -120.2499999999999858 ) ) ;
#6979 = CIRCLE ( 'NONE', #1995, 3.999999999999994671 ) ;
#6980 = CARTESIAN_POINT ( 'NONE',  ( 4.991957775357460214, -0.008042224642539692187, -117.2075341254273440 ) ) ;
#6981 = VERTEX_POINT ( 'NONE', #3847 ) ;
#6982 = ADVANCED_FACE ( 'NONE', ( #3157 ), #7294, .F. ) ;
#6983 = CIRCLE ( 'NONE', #1396, 5.000000000000000000 ) ;
#6984 = CARTESIAN_POINT ( 'NONE',  ( -0.3117974193816393513, -4.688202580618362703, -3.530133912790450079 ) ) ;
#6985 = B_SPLINE_CURVE_WITH_KNOTS ( 'NONE', 3,
 ( #1391, #4294, #8486, #3560, #9031, #7051, #796, #3609, #6407, #2932, #5033, #4850 ),
 .UNSPECIFIED., .F., .F.,
 ( 4, 2, 2, 2, 2, 4 ),
 ( 0.003504634718750185632, 0.003941423334025070079, 0.004378211949299954525, 0.005251789179849723418, 0.006125366410399493179, 0.006998943640949262072 ),
 .UNSPECIFIED. ) ;
#6986 = CARTESIAN_POINT ( 'NONE',  ( 0.03993437491367315961, -4.960065625086328644, -52.08131021350185108 ) ) ;
#6987 = CARTESIAN_POINT ( 'NONE',  ( -4.840676868219848217, -0.1593231317801521163, -50.35321941568363968 ) ) ;
#6988 = ORIENTED_EDGE ( 'NONE', *, *, #7206, .F. ) ;
#6989 = CARTESIAN_POINT ( 'NONE',  ( -4.748219996434698054, -0.2517800035653024460, -105.0911636276301380 ) ) ;
#6990 = CARTESIAN_POINT ( 'NONE',  ( 0.000000000000000000, 0.000000000000000000, -24.00000000000000355 ) ) ;
#6991 = EDGE_CURVE ( 'NONE', #6823, #6204, #4179, .T. ) ;
#6992 = CARTESIAN_POINT ( 'NONE',  ( -0.06404366727605258214, -4.935956332723947071, -90.72559813399330153 ) ) ;
#6993 = EDGE_LOOP ( 'NONE', ( #8976, #6368, #7465 ) ) ;
#6994 = APPROVAL ( #4545, 'UNKNOWN' ) ;
#6995 = DIRECTION ( 'NONE',  ( 1.000000000000000000, 0.000000000000000000, 0.000000000000000000 ) ) ;
#6996 = CARTESIAN_POINT ( 'NONE',  ( 4.686141179201310791, -0.3138588207986893752, -80.53467868775797456 ) ) ;
#6997 = CARTESIAN_POINT ( 'NONE',  ( 0.1273018362889395683, -4.872698163711060459, -3.005387209383886482 ) ) ;
#6998 = PLANE ( 'NONE',  #8473 ) ;
#6999 = DIRECTION ( 'NONE',  ( 1.000000000000000000, 0.000000000000000000, 0.000000000000000000 ) ) ;
#7000 = LOCAL_TIME ( 21, 14, 1.000000000000000000, #5051 ) ;
#7001 = EDGE_CURVE ( 'NONE', #6378, #7374, #4912, .T. ) ;
#7002 = ORIENTED_EDGE ( 'NONE', *, *, #7083, .T. ) ;
#7003 = CARTESIAN_POINT ( 'NONE',  ( -5.000000000000281553, 2.811725620256466210E-13, -73.50000000000021316 ) ) ;
#7004 = ORIENTED_EDGE ( 'NONE', *, *, #5627, .T. ) ;
#7005 = AXIS2_PLACEMENT_3D ( 'NONE', #3163, #4634, #8130 ) ;
#7006 = AXIS2_PLACEMENT_3D ( 'NONE', #3488, #4001, #4733 ) ;
#7007 = CIRCLE ( 'NONE', #3645, 3.904737509655563876 ) ;
#7008 = CARTESIAN_POINT ( 'NONE',  ( 4.739198801701951957, -0.2608011982980473209, -41.90923771779446128 ) ) ;
#7009 = CARTESIAN_POINT ( 'NONE',  ( -0.1593231317802012992, -4.840676868219798479, -25.14678058431652019 ) ) ;
#7010 = DIRECTION ( 'NONE',  ( 1.000000000000000000, 0.000000000000000000, 0.000000000000000000 ) ) ;
#7011 = CARTESIAN_POINT ( 'NONE',  ( 4.567820679631958924, -0.4321793203680420747, -86.27342623723036752 ) ) ;
#7012 = CARTESIAN_POINT ( 'NONE',  ( 0.000000000000000000, 0.000000000000000000, -51.50000000000000711 ) ) ;
#7013 = CARTESIAN_POINT ( 'NONE',  ( 0.1278684794971299554, -4.872131520502869684, -72.49259796946017786 ) ) ;
#7014 = ADVANCED_FACE ( 'NONE', ( #5134 ), #3911, .T. ) ;
#7016 = AXIS2_PLACEMENT_3D ( 'NONE', #3222, #3264, #6065 ) ;
#7015 = CARTESIAN_POINT ( 'NONE',  ( 4.959369330385073660, -0.04063066961492575041, -35.58613448345568031 ) ) ;
#7017 = ADVANCED_FACE ( 'NONE', ( #1779 ), #2335, .F. ) ;
#7018 = ORIENTED_EDGE ( 'NONE', *, *, #8968, .F. ) ;
#7019 = CARTESIAN_POINT ( 'NONE',  ( 4.935408751172081665, -0.06459124882791904276, -57.72834765084402875 ) ) ;
#7020 = AXIS2_PLACEMENT_3D ( 'NONE', #732, #4146, #4274 ) ;
#7021 = ORIENTED_EDGE ( 'NONE', *, *, #1304, .T. ) ;
#7022 = LINE ( 'NONE', #8584, #2716 ) ;
#7023 = AXIS2_PLACEMENT_3D ( 'NONE', #5546, #6275, #8358 ) ;
#7024 = CARTESIAN_POINT ( 'NONE',  ( -5.000000000000285105, 2.853331553957207015E-13, -40.50000000000021316 ) ) ;
#7025 = CARTESIAN_POINT ( 'NONE',  ( -0.7176137099645710782, -4.282386290035430143, -109.7977712695794565 ) ) ;
#7026 = AXIS2_PLACEMENT_3D ( 'NONE', #5335, #3969, #2394 ) ;
#7027 = CARTESIAN_POINT ( 'NONE',  ( 4.935408751172079889, -0.06459124882791927869, -52.22834765084400743 ) ) ;
#7028 = CARTESIAN_POINT ( 'NONE',  ( -4.282263456120089629, -0.7177365438799112596, -4.202379669864444445 ) ) ;
#7029 = CARTESIAN_POINT ( 'NONE',  ( 0.3138588208042982219, -4.686141179195703721, -33.46532131222954831 ) ) ;
#7030 = EDGE_LOOP ( 'NONE', ( #3695, #2292, #1711, #119 ) ) ;
#7031 = PERSON_AND_ORGANIZATION ( #6507, #1122 ) ;
#7032 = ORIENTED_EDGE ( 'NONE', *, *, #5434, .T. ) ;
#7033 = EDGE_CURVE ( 'NONE', #2876, #1949, #1053, .T. ) ;
#7034 = CARTESIAN_POINT ( 'NONE',  ( -4.366408635906905644, -0.6335913640930944668, -5.393800448835985861 ) ) ;
#7035 = CARTESIAN_POINT ( 'NONE',  ( 1.328041165545657876, -3.671958834454342124, -54.25000000000000000 ) ) ;
#7036 = ORIENTED_EDGE ( 'NONE', *, *, #4172, .T. ) ;
#7037 = CARTESIAN_POINT ( 'NONE',  ( -5.000000000000285105, 2.853331553957207015E-13, -35.00000000000021316 ) ) ;
#7038 = CARTESIAN_POINT ( 'NONE',  ( -4.872131520502826163, -0.1278684794971741423, -80.00740203054002109 ) ) ;
#7039 = CARTESIAN_POINT ( 'NONE',  ( 1.136863993906876757, -3.863136006093124575, -87.37121622079634164 ) ) ;
#7040 = CARTESIAN_POINT ( 'NONE',  ( -3.862796825714235549, -1.137203174285766671, -109.3710011628825924 ) ) ;
#7041 = CARTESIAN_POINT ( 'NONE',  ( 0.03993437491367660824, -4.960065625086322427, -101.5813102135018511 ) ) ;
#7042 = ADVANCED_FACE ( 'NONE', ( #7250 ), #2414, .T. ) ;
#7043 = CARTESIAN_POINT ( 'NONE',  ( 0.1278684794971284566, -4.872131520502872348, -61.49259796946014944 ) ) ;
#7044 = CARTESIAN_POINT ( 'NONE',  ( 0.000000000000000000, 0.000000000000000000, -75.50000000000000000 ) ) ;
#7045 = CARTESIAN_POINT ( 'NONE',  ( -4.748219996434697165, -0.2517800035653028345, -17.09116362763015573 ) ) ;
#7046 = CYLINDRICAL_SURFACE ( 'NONE', #7218, 0.9999999999999995559 ) ;
#7047 = ORIENTED_EDGE ( 'NONE', *, *, #8181, .T. ) ;
#7048 = CARTESIAN_POINT ( 'NONE',  ( -0.7176137099602452052, -4.282386290039756460, -16.29777126958477496 ) ) ;
#7049 = ORIENTED_EDGE ( 'NONE', *, *, #2257, .T. ) ;
#7050 = EDGE_CURVE ( 'NONE', #3278, #5451, #2122, .T. ) ;
#7051 = CARTESIAN_POINT ( 'NONE',  ( -4.840676868219848217, -0.1593231317801519220, -39.35321941568363258 ) ) ;
#7052 = CARTESIAN_POINT ( 'NONE',  ( -0.06404366727607774257, -4.935956332723923978, -35.72559813399347917 ) ) ;
#7053 = DIRECTION ( 'NONE',  ( 0.000000000000000000, 0.000000000000000000, -1.000000000000000000 ) ) ;
#7054 = CARTESIAN_POINT ( 'NONE',  ( 0.000000000000000000, 0.000000000000000000, 0.000000000000000000 ) ) ;
#7055 = CARTESIAN_POINT ( 'NONE',  ( -0.4321793203679912265, -4.567820679632009551, -11.22657376276974084 ) ) ;
#7056 = CARTESIAN_POINT ( 'NONE',  ( -5.000000000000000000, 0.000000000000000000, 8.000000000000007105 ) ) ;
#7057 = DIRECTION ( 'NONE',  ( -0.000000000000000000, -0.000000000000000000, 1.000000000000000000 ) ) ;
#7058 = ORIENTED_EDGE ( 'NONE', *, *, #4010, .F. ) ;
#7059 = CARTESIAN_POINT ( 'NONE',  ( 0.9582157396402207761, -4.041784260359781555, -59.47622534970071229 ) ) ;
#7060 = VERTEX_POINT ( 'NONE', #8712 ) ;
#7061 = CARTESIAN_POINT ( 'NONE',  ( -1.000000000000000000, 1.224646799147353207E-16, -73.50000000000001421 ) ) ;
#7062 = DIRECTION ( 'NONE',  ( 1.224646799147353207E-16, 1.000000000000000000, 0.000000000000000000 ) ) ;
#7063 = CARTESIAN_POINT ( 'NONE',  ( -1.136863993906869652, -3.863136006093129460, -109.3712162207963274 ) ) ;
#7064 = DIRECTION ( 'NONE',  ( 1.000000000000000000, 0.000000000000000000, 0.000000000000000000 ) ) ;
#7065 = CARTESIAN_POINT ( 'NONE',  ( -4.041784260359805536, -0.9582157396401942417, -27.02377465029933035 ) ) ;
#7066 = DIRECTION ( 'NONE',  ( -0.000000000000000000, -0.000000000000000000, 1.000000000000000000 ) ) ;
#7067 = ORIENTED_EDGE ( 'NONE', *, *, #678, .F. ) ;
#7068 = CALENDAR_DATE ( 2026, 24, 2 ) ;
#7069 = ORIENTED_EDGE ( 'NONE', *, *, #8751, .T. ) ;
#7070 = VECTOR ( 'NONE', #240, 1000.000000000000000 ) ;
#7071 = B_SPLINE_CURVE_WITH_KNOTS ( 'NONE', 3,
 ( #1362, #6066, #508, #2023, #1893, #3445, #4828, #6765, #2578, #2713, #8280, #1322 ),
 .UNSPECIFIED., .F., .F.,
 ( 4, 2, 2, 2, 2, 4 ),
 ( 0.003504634718750187367, 0.003941423334025074415, 0.004378211949299962331, 0.005251789179849732092, 0.006125366410399502720, 0.006998943640949271613 ),
 .UNSPECIFIED. ) ;
#7072 = EDGE_CURVE ( 'NONE', #6237, #6733, #8723, .T. ) ;
#7073 = CARTESIAN_POINT ( 'NONE',  ( -3.671958834454343013, -1.328041165545656765, -87.25000000000000000 ) ) ;
#7074 = CIRCLE ( 'NONE', #8689, 1.000000000000000000 ) ;
#7075 = CARTESIAN_POINT ( 'NONE',  ( -1.000000000000000000, 1.224646799147353207E-16, -66.00000000000000000 ) ) ;
#7076 = DIRECTION ( 'NONE',  ( -0.000000000000000000, -0.000000000000000000, 1.000000000000000000 ) ) ;
#7077 = VERTEX_POINT ( 'NONE', #7207 ) ;
#7078 = CARTESIAN_POINT ( 'NONE',  ( -4.840676868219845552, -0.1593231317801558078, -105.3532194156836539 ) ) ;
#7079 = CARTESIAN_POINT ( 'NONE',  ( -4.502552532152134468, -0.4974474678478655321, -80.88672757692823723 ) ) ;
#7080 = CARTESIAN_POINT ( 'NONE',  ( 0.000000000000000000, 0.000000000000000000, -73.50000000000001421 ) ) ;
#7081 =( REPRESENTATION_RELATIONSHIP ('NONE','NONE', #8935, #4872 ) REPRESENTATION_RELATIONSHIP_WITH_TRANSFORMATION ( #6015 )SHAPE_REPRESENTATION_RELATIONSHIP( ) );
#7082 = CARTESIAN_POINT ( 'NONE',  ( 0.000000000000000000, 0.000000000000000000, -84.50000000000000000 ) ) ;
#7083 = EDGE_CURVE ( 'NONE', #8097, #4159, #347, .T. ) ;
#7084 = CARTESIAN_POINT ( 'NONE',  ( 0.000000000000000000, -5.000000000000000000, -106.4999999999720046 ) ) ;
#7085 = B_SPLINE_CURVE_WITH_KNOTS ( 'NONE', 3,
 ( #7146, #851, #3659, #6457, #8573, #2272, #5894, #6638, #3743, #3063, #7197, #7376 ),
 .UNSPECIFIED., .F., .F.,
 ( 4, 2, 2, 2, 2, 4 ),
 ( 0.003504634718722943101, 0.003941423334001239315, 0.004378211949279535962, 0.005251789179836128391, 0.006125366410392720819, 0.006998943640949313247 ),
 .UNSPECIFIED. ) ;
#7086 = CARTESIAN_POINT ( 'NONE',  ( -3.862796825714238214, -1.137203174285763119, -65.37100116288257823 ) ) ;
#7087 = CARTESIAN_POINT ( 'NONE',  ( 4.567820679631958924, -0.4321793203680420747, -80.77342623723035331 ) ) ;
#7088 = DIRECTION ( 'NONE',  ( -0.000000000000000000, -0.000000000000000000, 1.000000000000000000 ) ) ;
#7089 = CARTESIAN_POINT ( 'NONE',  ( 0.000000000000000000, 0.000000000000000000, -7.500000000000003553 ) ) ;
#7090 = ORIENTED_EDGE ( 'NONE', *, *, #370, .F. ) ;
#7091 = CARTESIAN_POINT ( 'NONE',  ( -0.1593231317802003000, -4.840676868219799367, -8.646780584316521967 ) ) ;
#7092 = EDGE_CURVE ( 'NONE', #6451, #8291, #1977, .T. ) ;
#7093 = ORIENTED_EDGE ( 'NONE', *, *, #8002, .T. ) ;
#7094 = AXIS2_PLACEMENT_3D ( 'NONE', #4941, #2223, #7751 ) ;
#7095 = ADVANCED_FACE ( 'NONE', ( #3346 ), #6518, .T. ) ;
#7096 = CARTESIAN_POINT ( 'NONE',  ( 3.862796825714239546, -1.137203174285761786, -87.37100116288260665 ) ) ;
#7097 = CARTESIAN_POINT ( 'NONE',  ( -0.9599107665897164132, -4.040089233410284031, -82.02236572063743836 ) ) ;
#7098 = CARTESIAN_POINT ( 'NONE',  ( 4.740996707076430283, -0.2590032929235690506, -121.5954032727459122 ) ) ;
#7099 = TOROIDAL_SURFACE ( 'NONE', #8861, 1.000000000000000000, 4.000000000000000000 ) ;
#7100 = FACE_OUTER_BOUND ( 'NONE', #6174, .T. ) ;
#7101 = CARTESIAN_POINT ( 'NONE',  ( -4.282386290039718268, -0.7176137099602820646, -97.70222873041527123 ) ) ;
#7102 = FACE_OUTER_BOUND ( 'NONE', #6143, .T. ) ;
#7103 = AXIS2_PLACEMENT_3D ( 'NONE', #6273, #3562, #898 ) ;
#7104 = CARTESIAN_POINT ( 'NONE',  ( -1.000000000000000000, 1.224646799147353207E-16, -68.00000000000000000 ) ) ;
#7105 = EDGE_LOOP ( 'NONE', ( #4427, #2200, #2630 ) ) ;
#7106 = CARTESIAN_POINT ( 'NONE',  ( -1.136863993906876091, -3.863136006093123687, -87.37121622079635586 ) ) ;
#7107 = ADVANCED_FACE ( 'NONE', ( #5362 ), #3149, .F. ) ;
#7108 = VERTEX_POINT ( 'NONE', #2515 ) ;
#7109 = CIRCLE ( 'NONE', #4320, 1.000000000000000000 ) ;
#7110 = CARTESIAN_POINT ( 'NONE',  ( -1.328041165545648550, -3.671958834454351450, -65.24999999999998579 ) ) ;
#7111 = DIRECTION ( 'NONE',  ( 1.224646799147353207E-16, 1.000000000000000000, 0.000000000000000000 ) ) ;
#7112 = DIRECTION ( 'NONE',  ( -0.000000000000000000, -0.000000000000000000, 1.000000000000000000 ) ) ;
#7113 = AXIS2_PLACEMENT_3D ( 'NONE', #8096, #1105, #4646 ) ;
#7114 = CARTESIAN_POINT ( 'NONE',  ( 0.1593231317802004943, -4.840676868219798479, -19.64678058431651309 ) ) ;
#7115 = CARTESIAN_POINT ( 'NONE',  ( 0.000000000000000000, 0.000000000000000000, -56.99999999999999289 ) ) ;
#7116 = VERTEX_POINT ( 'NONE', #3249 ) ;
#7117 = CIRCLE ( 'NONE', #7568, 0.9999999999999993339 ) ;
#7118 = PERSON_AND_ORGANIZATION_ROLE ( 'creator' ) ;
#7119 = EDGE_CURVE ( 'NONE', #2546, #3842, #3255, .T. ) ;
#7120 = EDGE_LOOP ( 'NONE', ( #266, #4191, #8150, #630 ) ) ;
#7121 = ADVANCED_FACE ( 'NONE', ( #1308 ), #4085, .F. ) ;
#7122 = TOROIDAL_SURFACE ( 'NONE', #7716, 1.000000000000000000, 4.000000000000000000 ) ;
#7123 = DIRECTION ( 'NONE',  ( 0.000000000000000000, -1.000000000000000000, 0.000000000000000000 ) ) ;
#7124 = CARTESIAN_POINT ( 'NONE',  ( -1.328041165545665647, -3.671958834454334575, -59.75000000000000000 ) ) ;
#7125 = CARTESIAN_POINT ( 'NONE',  ( 3.863136006094623376, -1.136863993905377734, -26.62878377920271333 ) ) ;
#7126 = VERTEX_POINT ( 'NONE', #8990 ) ;
#7127 = CARTESIAN_POINT ( 'NONE',  ( -3.671958834454343013, -1.328041165545656765, -103.7500000000000000 ) ) ;
#7128 = CARTESIAN_POINT ( 'NONE',  ( 4.041784260359810865, -0.9582157396401889127, -43.52377465029933035 ) ) ;
#7129 = CIRCLE ( 'NONE', #7860, 3.904737509655567429 ) ;
#7130 = CARTESIAN_POINT ( 'NONE',  ( 0.4974474678531837224, -4.502552532146816056, -88.11327242306302310 ) ) ;
#7131 = CARTESIAN_POINT ( 'NONE',  ( -0.008042224642551998315, -4.991957775357449556, -57.29246587457290474 ) ) ;
#7132 = ADVANCED_FACE ( 'NONE', ( #490 ), #2572, .T. ) ;
#7133 = CARTESIAN_POINT ( 'NONE',  ( -0.4321793203735337929, -4.567820679626464653, -104.7265737627597275 ) ) ;
#7134 = AXIS2_PLACEMENT_3D ( 'NONE', #1654, #5018, #5709 ) ;
#7135 = CARTESIAN_POINT ( 'NONE',  ( -4.359865889258244920, -0.6401341107417566345, -108.6012504537135044 ) ) ;
#7136 = DIRECTION ( 'NONE',  ( -1.000000000000000000, 1.224646799147353207E-16, 0.000000000000000000 ) ) ;
#7137 = CIRCLE ( 'NONE', #3183, 0.9999999999999993339 ) ;
#7138 = CARTESIAN_POINT ( 'NONE',  ( -1.023874474278803031E-12, -5.000000000001024958, -29.64684353042206055 ) ) ;
#7139 = FACE_OUTER_BOUND ( 'NONE', #6911, .T. ) ;
#7140 = CARTESIAN_POINT ( 'NONE',  ( 0.000000000000000000, 0.000000000000000000, -15.75000000000000000 ) ) ;
#7141 = ORIENTED_EDGE ( 'NONE', *, *, #8988, .T. ) ;
#7142 = CARTESIAN_POINT ( 'NONE',  ( -4.999999999999992006, -9.308468573851092555E-15, -13.14725720788725738 ) ) ;
#7143 = ORIENTED_EDGE ( 'NONE', *, *, #3828, .T. ) ;
#7144 = CARTESIAN_POINT ( 'NONE',  ( 4.040089233413053371, -0.9599107665869476280, -42.97763427936023106 ) ) ;
#7145 = CC_DESIGN_SECURITY_CLASSIFICATION ( #4953, ( #2460 ) ) ;
#7146 = CARTESIAN_POINT ( 'NONE',  ( 0.000000000000000000, -5.000000000000000000, -95.49999999997220357 ) ) ;
#7147 = ADVANCED_FACE ( 'NONE', ( #2657 ), #7409, .T. ) ;
#7148 = DIRECTION ( 'NONE',  ( -0.000000000000000000, -0.000000000000000000, 1.000000000000000000 ) ) ;
#7149 = DIRECTION ( 'NONE',  ( 1.224646799147353207E-16, 1.000000000000000000, 0.000000000000000000 ) ) ;
#7150 = CARTESIAN_POINT ( 'NONE',  ( -0.2608011982979986931, -4.739198801702002584, -11.59076228220567550 ) ) ;
#7151 = CARTESIAN_POINT ( 'NONE',  ( -0.6401341107465318148, -4.359865889253468296, -76.89874954628007231 ) ) ;
#7152 = CARTESIAN_POINT ( 'NONE',  ( 4.282386290039718268, -0.7176137099602819536, -92.20222873041527123 ) ) ;
#7153 = ORIENTED_EDGE ( 'NONE', *, *, #4154, .F. ) ;
#7154 = FACE_OUTER_BOUND ( 'NONE', #5093, .T. ) ;
#7155 = AXIS2_PLACEMENT_3D ( 'NONE', #7533, #6193, #2703 ) ;
#7156 = CIRCLE ( 'NONE', #8035, 2.000000000000001776 ) ;
#7157 = ORIENTED_EDGE ( 'NONE', *, *, #1524, .T. ) ;
#7158 = VECTOR ( 'NONE', #4935, 1000.000000000000000 ) ;
#7159 = CARTESIAN_POINT ( 'NONE',  ( -0.6401341107464959546, -4.359865889253503823, -65.89874954628010073 ) ) ;
#7160 = CIRCLE ( 'NONE', #1730, 3.904737509655565209 ) ;
#7161 = EDGE_CURVE ( 'NONE', #1165, #7458, #3575, .T. ) ;
#7162 = CARTESIAN_POINT ( 'NONE',  ( 0.000000000000000000, 0.000000000000000000, 0.000000000000000000 ) ) ;
#7163 = TOROIDAL_SURFACE ( 'NONE', #263, 1.000000000000000000, 2.000000000000000000 ) ;
#7164 = AXIS2_PLACEMENT_3D ( 'NONE', #8071, #3143, #7932 ) ;
#7165 = CARTESIAN_POINT ( 'NONE',  ( -4.748219996434693613, -0.2517800035653069424, -72.09116362763015218 ) ) ;
#7166 = FACE_OUTER_BOUND ( 'NONE', #5432, .T. ) ;
#7167 = DIRECTION ( 'NONE',  ( 1.000000000000000000, 0.000000000000000000, 0.000000000000000000 ) ) ;
#7168 = ORIENTED_EDGE ( 'NONE', *, *, #3448, .F. ) ;
#7169 = PERSON_AND_ORGANIZATION ( #6507, #1122 ) ;
#7170 = VERTEX_POINT ( 'NONE', #538 ) ;
#7171 = TOROIDAL_SURFACE ( 'NONE', #9073, 1.000000000000000000, 4.000000000000000000 ) ;
#7172 = CARTESIAN_POINT ( 'NONE',  ( -1.000000000000000000, 1.224646799147353207E-16, -56.99999999999999289 ) ) ;
#7173 = ADVANCED_FACE ( 'NONE', ( #7577 ), #2266, .T. ) ;
#7174 = CARTESIAN_POINT ( 'NONE',  ( -0.9999999999999993339, 1.224646799147353207E-16, -14.99999999999999822 ) ) ;
#7175 = CARTESIAN_POINT ( 'NONE',  ( 4.040089233413047154, -0.9599107665869538453, -26.47763427936023106 ) ) ;
#7176 = EDGE_LOOP ( 'NONE', ( #8822, #8239, #2829 ) ) ;
#7177 = CARTESIAN_POINT ( 'NONE',  ( 3.671958834454343013, -1.328041165545656987, -109.2499999999999858 ) ) ;
#7178 = CARTESIAN_POINT ( 'NONE',  ( 1.000000000000000000, 0.000000000000000000, -18.50000000000000355 ) ) ;
#7179 = CARTESIAN_POINT ( 'NONE',  ( -4.040089233413049818, -0.9599107665869508477, -31.97763427936023461 ) ) ;
#7180 = CARTESIAN_POINT ( 'NONE',  ( -0.1593231317801983293, -4.840676868219801143, -58.14678058431651664 ) ) ;
#7181 = VERTEX_POINT ( 'NONE', #1319 ) ;
#7182 = CARTESIAN_POINT ( 'NONE',  ( 3.671958834454343013, -1.328041165545656987, -103.7500000000000000 ) ) ;
#7183 = EDGE_CURVE ( 'NONE', #7585, #2959, #2704, .T. ) ;
#7184 = ADVANCED_FACE ( 'NONE', ( #5466 ), #8582, .F. ) ;
#7185 = B_SPLINE_CURVE_WITH_KNOTS ( 'NONE', 3,
 ( #4772, #2750, #498, #628, #3436, #1229, #4040, #6846, #7583, #3256, #8912, #2616 ),
 .UNSPECIFIED., .F., .F.,
 ( 4, 2, 2, 2, 2, 4 ),
 ( 0.003504634718750194305, 0.003941423334025079619, 0.004378211949299964066, 0.005251789179849733827, 0.006125366410399504455, 0.006998943640949274216 ),
 .UNSPECIFIED. ) ;
#7186 = CARTESIAN_POINT ( 'NONE',  ( 1.328041165545656765, -3.671958834454343013, -109.2499999999999858 ) ) ;
#7187 = CARTESIAN_POINT ( 'NONE',  ( 1.328041165545656765, -3.671958834454343013, -120.2499999999999858 ) ) ;
#7188 = B_SPLINE_CURVE_WITH_KNOTS ( 'NONE', 3,
 ( #3214, #6705, #3160, #8862, #8816, #3950, #2297, #3682, #5320, #3899, #2993, #5103, #8128, #6753, #7912, #4414 ),
 .UNSPECIFIED., .F., .F.,
 ( 4, 2, 2, 2, 2, 2, 2, 4 ),
 ( 4.818711198664599083E-07, 0.0008765200830274455859, 0.001314539188981235160, 0.001752558294935024734, 0.002190577400888814308, 0.002628596506842603882, 0.003066615612796393456, 0.003504634718750183030 ),
 .UNSPECIFIED. ) ;
#7189 = CARTESIAN_POINT ( 'NONE',  ( 0.000000000000000000, 0.000000000000000000, -10.25000000000000178 ) ) ;
#7190 = CARTESIAN_POINT ( 'NONE',  ( 0.9599107665897163022, -4.040089233410283143, -98.52236572063743836 ) ) ;
#7191 = ORIENTED_EDGE ( 'NONE', *, *, #5074, .T. ) ;
#7192 = CARTESIAN_POINT ( 'NONE',  ( -1.136863993905362191, -3.863136006094637143, -15.87121622079730088 ) ) ;
#7193 = EDGE_LOOP ( 'NONE', ( #975, #7407, #1120 ) ) ;
#7194 = CIRCLE ( 'NONE', #6760, 3.904737509655567873 ) ;
#7195 = CARTESIAN_POINT ( 'NONE',  ( -3.671958834454335019, -1.328041165545665203, -26.75000000000000355 ) ) ;
#7196 = EDGE_CURVE ( 'NONE', #6769, #2389, #4696, .T. ) ;
#7197 = CARTESIAN_POINT ( 'NONE',  ( -1.137203174284265206, -3.862796825715734794, -98.12899883711648386 ) ) ;
#7198 = CARTESIAN_POINT ( 'NONE',  ( 4.284940244090484462, -0.7150597559095159816, -120.8009639027861226 ) ) ;
#7199 = CARTESIAN_POINT ( 'NONE',  ( 0.000000000000000000, 0.000000000000000000, -35.00000000000000000 ) ) ;
#7200 = CARTESIAN_POINT ( 'NONE',  ( -0.008301598518898124432, -4.991698401481102110, -12.70374637064251289 ) ) ;
#7201 = CARTESIAN_POINT ( 'NONE',  ( 3.904737509655567873, 0.000000000000000000, -81.74999999999998579 ) ) ;
#7202 = CARTESIAN_POINT ( 'NONE',  ( -4.686141179201315232, -0.3138588207986845457, -36.53467868775799587 ) ) ;
#7203 = ORIENTED_EDGE ( 'NONE', *, *, #6313, .F. ) ;
#7204 = CARTESIAN_POINT ( 'NONE',  ( 0.000000000000000000, 0.000000000000000000, -110.0000000000000000 ) ) ;
#7205 = ORIENTED_EDGE ( 'NONE', *, *, #6941, .T. ) ;
#7206 = EDGE_CURVE ( 'NONE', #6969, #1006, #4471, .T. ) ;
#7207 = CARTESIAN_POINT ( 'NONE',  ( 3.904737509655565209, 0.000000000000000000, -21.24999999999999645 ) ) ;
#7208 = DIRECTION ( 'NONE',  ( -0.000000000000000000, -0.000000000000000000, 1.000000000000000000 ) ) ;
#7209 = DIRECTION ( 'NONE',  ( 1.000000000000000000, 0.000000000000000000, 0.000000000000000000 ) ) ;
#7210 = CARTESIAN_POINT ( 'NONE',  ( 0.6401341107417150011, -4.359865889258284000, -54.89874954628653825 ) ) ;
#7211 = CARTESIAN_POINT ( 'NONE',  ( 0.2517800035594076058, -4.748219996440592894, -91.40883637235552328 ) ) ;
#7212 = ORIENTED_EDGE ( 'NONE', *, *, #6026, .T. ) ;
#7213 = DATE_TIME_ROLE ( 'creation_date' ) ;
#7214 = ORIENTED_EDGE ( 'NONE', *, *, #8110, .F. ) ;
#7215 = EDGE_CURVE ( 'NONE', #1984, #6695, #8310, .T. ) ;
#7216 = EDGE_CURVE ( 'NONE', #4159, #6045, #5519, .T. ) ;
#7217 = CARTESIAN_POINT ( 'NONE',  ( -4.040089233413053371, -0.9599107665869472950, -119.9776342793601742 ) ) ;
#7218 = AXIS2_PLACEMENT_3D ( 'NONE', #6351, #4388, #57 ) ;
#7219 = CARTESIAN_POINT ( 'NONE',  ( 3.904737509655567873, 0.000000000000000000, -98.24999999999998579 ) ) ;
#7220 = ORIENTED_EDGE ( 'NONE', *, *, #2646, .F. ) ;
#7221 = TOROIDAL_SURFACE ( 'NONE', #1052, 1.000000000000000000, 3.999999999999996447 ) ;
#7222 = CARTESIAN_POINT ( 'NONE',  ( 4.739198801701949293, -0.2608011982980512622, -107.9092377177944542 ) ) ;
#7223 = CARTESIAN_POINT ( 'NONE',  ( 4.366408635906906532, -0.6335913640930934676, -71.39380044883600362 ) ) ;
#7224 = DIRECTION ( 'NONE',  ( -0.000000000000000000, -0.000000000000000000, 1.000000000000000000 ) ) ;
#7225 = CARTESIAN_POINT ( 'NONE',  ( -0.1278684794971297056, -4.872131520502869684, -116.4925979694601494 ) ) ;
#7226 = ORIENTED_EDGE ( 'NONE', *, *, #1981, .T. ) ;
#7227 = CARTESIAN_POINT ( 'NONE',  ( -0.008042224640663500276, -4.991957775359336935, -46.29246587454772310 ) ) ;
#7228 = EDGE_CURVE ( 'NONE', #6158, #7920, #5799, .T. ) ;
#7229 = AXIS2_PLACEMENT_3D ( 'NONE', #3818, #2998, #4418 ) ;
#7230 = CARTESIAN_POINT ( 'NONE',  ( 0.000000000000000000, 0.000000000000000000, -95.50000000000000000 ) ) ;
#7231 = CARTESIAN_POINT ( 'NONE',  ( 5.000000000000006217, 5.690932028285886497E-15, -95.35315646955162094 ) ) ;
#7232 = CARTESIAN_POINT ( 'NONE',  ( 0.000000000000000000, 0.000000000000000000, -84.50000000000000000 ) ) ;
#7233 = CARTESIAN_POINT ( 'NONE',  ( 0.008301598520836266787, -4.991698401479164104, -100.7037463706170826 ) ) ;
#7234 = VERTEX_POINT ( 'NONE', #3404 ) ;
#7235 = DIRECTION ( 'NONE',  ( 1.000000000000000000, 0.000000000000000000, 0.000000000000000000 ) ) ;
#7236 = EDGE_LOOP ( 'NONE', ( #569, #5507, #2621 ) ) ;
#7237 = ORIENTED_EDGE ( 'NONE', *, *, #3459, .F. ) ;
#7238 = CARTESIAN_POINT ( 'NONE',  ( 1.000000000000000000, 0.000000000000000000, -73.50000000000001421 ) ) ;
#7239 = DIRECTION ( 'NONE',  ( -0.000000000000000000, -0.000000000000000000, 1.000000000000000000 ) ) ;
#7240 = CARTESIAN_POINT ( 'NONE',  ( 4.359865889258241367, -0.6401341107417610754, -31.60125045371350794 ) ) ;
#7241 = CARTESIAN_POINT ( 'NONE',  ( -0.4321793203679918927, -4.567820679632005998, -60.72657376276972485 ) ) ;
#7242 = CARTESIAN_POINT ( 'NONE',  ( -3.671958834454342124, -1.328041165545657876, -43.25000000000000711 ) ) ;
#7243 = CIRCLE ( 'NONE', #7546, 4.000000000000000000 ) ;
#7244 = CARTESIAN_POINT ( 'NONE',  ( -4.040089233413053371, -0.9599107665869468509, -37.47763427936023106 ) ) ;
#7245 = VERTEX_POINT ( 'NONE', #7591 ) ;
#7246 = CARTESIAN_POINT ( 'NONE',  ( 0.03993437491706305215, -4.960065625082936691, -57.58131021352448187 ) ) ;
#7247 = ORIENTED_EDGE ( 'NONE', *, *, #5096, .T. ) ;
#7248 = EDGE_CURVE ( 'NONE', #1095, #4139, #3313, .T. ) ;
#7249 = CIRCLE ( 'NONE', #3292, 1.000000000000000000 ) ;
#7250 = FACE_OUTER_BOUND ( 'NONE', #2244, .T. ) ;
#7251 = DIRECTION ( 'NONE',  ( 1.000000000000000000, 0.000000000000000000, 0.000000000000000000 ) ) ;
#7252 = CARTESIAN_POINT ( 'NONE',  ( 0.2608011983036406800, -4.739198801696359986, -66.59076228219167604 ) ) ;
#7253 = CYLINDRICAL_SURFACE ( 'NONE', #7309, 0.9999999999999995559 ) ;
#7254 = DIRECTION ( 'NONE',  ( -0.000000000000000000, -0.000000000000000000, 1.000000000000000000 ) ) ;
#7255 = ORIENTED_EDGE ( 'NONE', *, *, #3648, .T. ) ;
#7256 = APPROVAL_DATE_TIME ( #2526, #6994 ) ;
#7257 = ORIENTED_EDGE ( 'NONE', *, *, #3402, .T. ) ;
#7258 = CARTESIAN_POINT ( 'NONE',  ( 4.359730172326965025, -0.6402698276730349747, -4.101434051222929256 ) ) ;
#7259 = ADVANCED_FACE ( 'NONE', ( #9001 ), #7713, .F. ) ;
#7260 = CARTESIAN_POINT ( 'NONE',  ( 0.000000000000000000, 0.000000000000000000, -79.00000000000000000 ) ) ;
#7261 = ORIENTED_EDGE ( 'NONE', *, *, #5209, .T. ) ;
#7262 = CARTESIAN_POINT ( 'NONE',  ( 4.991698401481079905, -0.008301598518919086830, -106.7962536293577216 ) ) ;
#7263 = CARTESIAN_POINT ( 'NONE',  ( 0.04063066961489639889, -4.959369330385103858, -23.41386551654452219 ) ) ;
#7264 = DIRECTION ( 'NONE',  ( -0.000000000000000000, -0.000000000000000000, 1.000000000000000000 ) ) ;
#7265 = CARTESIAN_POINT ( 'NONE',  ( -0.03305267957215302088, -4.966947320427848034, -122.4105415424376133 ) ) ;
#7266 = CC_DESIGN_DATE_AND_TIME_ASSIGNMENT ( #8675, #7446, ( #834 ) ) ;
#7267 = AXIS2_PLACEMENT_3D ( 'NONE', #8730, #3913, #8140 ) ;
#7268 = ORIENTED_EDGE ( 'NONE', *, *, #2904, .T. ) ;
#7269 = DIRECTION ( 'NONE',  ( 1.000000000000000000, 0.000000000000000000, 0.000000000000000000 ) ) ;
#7270 = AXIS2_PLACEMENT_3D ( 'NONE', #482, #1814, #1077 ) ;
#7271 = TOROIDAL_SURFACE ( 'NONE', #1109, 1.000000000000000000, 3.999999999999996447 ) ;
#7272 = FACE_OUTER_BOUND ( 'NONE', #3868, .T. ) ;
#7273 = EDGE_CURVE ( 'NONE', #268, #5449, #4567, .T. ) ;
#7274 = LINE ( 'NONE', #972, #1840 ) ;
#7275 = CARTESIAN_POINT ( 'NONE',  ( -1.027098599313404079E-12, -4.999999999998974154, -100.8527427920862323 ) ) ;
#7276 = DIRECTION ( 'NONE',  ( -1.000000000000000000, 1.224646799147353207E-16, 0.000000000000000000 ) ) ;
#7277 = AXIS2_PLACEMENT_3D ( 'NONE', #5835, #3042, #7955 ) ;
#7278 = ORIENTED_EDGE ( 'NONE', *, *, #4095, .T. ) ;
#7279 = DIRECTION ( 'NONE',  ( 1.000000000000000000, 0.000000000000000000, 0.000000000000000000 ) ) ;
#7280 = ORIENTED_EDGE ( 'NONE', *, *, #631, .F. ) ;
#7281 = VECTOR ( 'NONE', #7405, 1000.000000000000000 ) ;
#7282 = TOROIDAL_SURFACE ( 'NONE', #3620, 1.000000000000000000, 3.999999999999996447 ) ;
#7283 = CARTESIAN_POINT ( 'NONE',  ( 1.328041165545667646, -3.671958834454332354, -4.750000000000002665 ) ) ;
#7284 = CARTESIAN_POINT ( 'NONE',  ( 0.000000000000000000, 0.000000000000000000, -10.25000000000000178 ) ) ;
#7285 = CARTESIAN_POINT ( 'NONE',  ( -1.024133666360662847E-12, -5.000000000001025846, -106.6468435304219469 ) ) ;
#7286 = ADVANCED_FACE ( 'NONE', ( #2239 ), #4043, .F. ) ;
#7287 = FACE_OUTER_BOUND ( 'NONE', #1542, .T. ) ;
#7288 = CARTESIAN_POINT ( 'NONE',  ( -5.000000000000285993, 2.863267262836209146E-13, -57.00000000000020606 ) ) ;
#7289 = B_SPLINE_CURVE_WITH_KNOTS ( 'NONE', 3,
 ( #4543, #354, #2523, #5323, #4408, #1600, #7211, #8996, #6105, #8131, #6155, #6893 ),
 .UNSPECIFIED., .F., .F.,
 ( 4, 2, 2, 2, 2, 4 ),
 ( 0.003504634718722721056, 0.003941423334001042424, 0.004378211949279363358, 0.005251789179836006093, 0.006125366410392648828, 0.006998943640949292430 ),
 .UNSPECIFIED. ) ;
#7290 = CARTESIAN_POINT ( 'NONE',  ( -3.862796825714239546, -1.137203174285761786, -114.8710011628826066 ) ) ;
#7291 = VERTEX_POINT ( 'NONE', #2147 ) ;
#7292 = CARTESIAN_POINT ( 'NONE',  ( -0.9599107665897136377, -4.040089233410284919, -38.02236572063742415 ) ) ;
#7293 = ORIENTED_EDGE ( 'NONE', *, *, #370, .T. ) ;
#7294 = CYLINDRICAL_SURFACE ( 'NONE', #6700, 0.9999999999999995559 ) ;
#7295 = DIRECTION ( 'NONE',  ( -0.000000000000000000, -0.000000000000000000, 1.000000000000000000 ) ) ;
#7296 = CARTESIAN_POINT ( 'NONE',  ( 0.4321793203679912820, -4.567820679632009551, -16.72657376276974972 ) ) ;
#7297 = EDGE_CURVE ( 'NONE', #4661, #8125, #5936, .T. ) ;
#7298 = ADVANCED_FACE ( 'NONE', ( #4309 ), #5559, .F. ) ;
#7299 = CIRCLE ( 'NONE', #8773, 3.904737509655562544 ) ;
#7300 = CARTESIAN_POINT ( 'NONE',  ( 2.500000000000000000, -2.500000000000000000, 0.000000000000000000 ) ) ;
#7301 = CARTESIAN_POINT ( 'NONE',  ( 1.000000000000000000, 0.000000000000000000, -29.50000000000000355 ) ) ;
#7302 = AXIS2_PLACEMENT_3D ( 'NONE', #4026, #1215, #8896 ) ;
#7303 = DIRECTION ( 'NONE',  ( -0.000000000000000000, -0.000000000000000000, 1.000000000000000000 ) ) ;
#7304 = ORIENTED_EDGE ( 'NONE', *, *, #1841, .T. ) ;
#7305 = B_SPLINE_CURVE_WITH_KNOTS ( 'NONE', 3,
 ( #3850, #1782, #8085, #6654, #8552, #4584, #351, #6054, #5959, #1828, #4631, #7441, #5057, #7863 ),
 .UNSPECIFIED., .F., .F.,
 ( 4, 2, 2, 2, 2, 2, 4 ),
 ( 1.970071025867751503E-07, 0.0008756576440557108446, 0.001313387962532292430, 0.001751118281008874232, 0.002188848599485455817, 0.002626578917962037619, 0.003502039554915174768 ),
 .UNSPECIFIED. ) ;
#7306 = APPROVAL_PERSON_ORGANIZATION ( #7774, #6824, #3630 ) ;
#7307 = APPROVAL_DATE_TIME ( #7947, #5646 ) ;
#7308 = ORIENTED_EDGE ( 'NONE', *, *, #7401, .T. ) ;
#7309 = AXIS2_PLACEMENT_3D ( 'NONE', #3711, #6510, #218 ) ;
#7310 = CIRCLE ( 'NONE', #411, 3.904737509655567873 ) ;
#7311 = CARTESIAN_POINT ( 'NONE',  ( 4.871990604756819110, -0.1280093952431808624, -3.007924780534963372 ) ) ;
#7312 = CARTESIAN_POINT ( 'NONE',  ( 4.991957775357461990, -0.008042224642536788259, -7.207534125427315530 ) ) ;
#7313 = DIRECTION ( 'NONE',  ( 1.000000000000000000, 0.000000000000000000, 0.000000000000000000 ) ) ;
#7314 = EDGE_LOOP ( 'NONE', ( #1437, #591, #3707, #333, #189, #1399 ) ) ;
#7315 = DIRECTION ( 'NONE',  ( 1.000000000000000000, 0.000000000000000000, 0.000000000000000000 ) ) ;
#7316 = CARTESIAN_POINT ( 'NONE',  ( 0.6401341107417179987, -4.359865889258282223, -21.89874954628655956 ) ) ;
#7317 = FACE_OUTER_BOUND ( 'NONE', #1110, .T. ) ;
#7318 = AXIS2_PLACEMENT_3D ( 'NONE', #7635, #4909, #3534 ) ;
#7319 = CARTESIAN_POINT ( 'NONE',  ( -0.2609614760798247834, -4.739038523920174661, -121.5903642080977107 ) ) ;
#7320 = TOROIDAL_SURFACE ( 'NONE', #5993, 1.000000000000000000, 4.000000000000000000 ) ;
#7321 = EDGE_LOOP ( 'NONE', ( #3833, #3799, #7447, #8496 ) ) ;
#7322 = CARTESIAN_POINT ( 'NONE',  ( 0.000000000000000000, -5.000000000000000000, -7.500000000000003553 ) ) ;
#7323 = EDGE_CURVE ( 'NONE', #1613, #5133, #62, .T. ) ;
#7324 = AXIS2_PLACEMENT_3D ( 'NONE', #7199, #4297, #8434 ) ;
#7325 = CARTESIAN_POINT ( 'NONE',  ( 0.000000000000000000, 0.000000000000000000, 0.000000000000000000 ) ) ;
#7326 = CARTESIAN_POINT ( 'NONE',  ( 4.567820679631960701, -0.4321793203680400208, -47.77342623723036041 ) ) ;
#7327 = CARTESIAN_POINT ( 'NONE',  ( -0.008301598520836204337, -4.991698401479164104, -100.7037463706171252 ) ) ;
#7328 = CARTESIAN_POINT ( 'NONE',  ( 3.862796825714234217, -1.137203174285766005, -10.37100116288255691 ) ) ;
#7329 = ORIENTED_EDGE ( 'NONE', *, *, #4034, .F. ) ;
#7330 = CARTESIAN_POINT ( 'NONE',  ( -1.000000000000000000, 1.224646799147353207E-16, -35.00000000000000000 ) ) ;
#7331 = ORIENTED_EDGE ( 'NONE', *, *, #7183, .T. ) ;
#7332 = ADVANCED_FACE ( 'NONE', ( #4360 ), #5361, .F. ) ;
#7333 = CARTESIAN_POINT ( 'NONE',  ( 0.000000000000000000, -5.000000000000000000, -7.500000000000003553 ) ) ;
#7334 = FACE_OUTER_BOUND ( 'NONE', #1926, .T. ) ;
#7335 = CARTESIAN_POINT ( 'NONE',  ( -4.832344906989096245, -0.1676550930109019510, -58.14546193740915925 ) ) ;
#7336 = CARTESIAN_POINT ( 'NONE',  ( -1.328041165545648550, -3.671958834454351450, -65.24999999999998579 ) ) ;
#7337 = CARTESIAN_POINT ( 'NONE',  ( -0.04063066961489682216, -4.959369330385103858, -61.91386551654449732 ) ) ;
#7338 = CARTESIAN_POINT ( 'NONE',  ( 0.9999999999999995559, 0.000000000000000000, 0.000000000000000000 ) ) ;
#7339 = CARTESIAN_POINT ( 'NONE',  ( 0.000000000000000000, 0.000000000000000000, -92.74999999999998579 ) ) ;
#7340 = ORIENTED_EDGE ( 'NONE', *, *, #761, .T. ) ;
#7341 = DIRECTION ( 'NONE',  ( 1.000000000000000000, 0.000000000000000000, 0.000000000000000000 ) ) ;
#7342 = B_SPLINE_CURVE_WITH_KNOTS ( 'NONE', 3,
 ( #6509, #7063, #813, #7025, #4308, #1547, #5777, #5641, #7718, #2985, #1404, #765, #6327, #3624, #6373, #1495 ),
 .UNSPECIFIED., .F., .F.,
 ( 4, 2, 2, 2, 2, 2, 2, 4 ),
 ( 4.818711199177020135E-07, 0.0008765200830206752855, 0.001314539188971053200, 0.001752558294921431224, 0.002190577400871808814, 0.002628596506822187054, 0.003066615612772564860, 0.003504634718722943101 ),
 .UNSPECIFIED. ) ;
#7343 = ORIENTED_EDGE ( 'NONE', *, *, #4154, .T. ) ;
#7344 = EDGE_CURVE ( 'NONE', #3236, #3129, #8629, .T. ) ;
#7345 = DIRECTION ( 'NONE',  ( -0.000000000000000000, -0.000000000000000000, 1.000000000000000000 ) ) ;
#7346 = DIRECTION ( 'NONE',  ( 1.000000000000000000, 0.000000000000000000, 0.000000000000000000 ) ) ;
#7347 = CARTESIAN_POINT ( 'NONE',  ( 1.328041165545656765, -3.671958834454343013, -92.74999999999998579 ) ) ;
#7348 = DIRECTION ( 'NONE',  ( -0.000000000000000000, -0.000000000000000000, 1.000000000000000000 ) ) ;
#7349 = DIRECTION ( 'NONE',  ( -0.000000000000000000, -0.000000000000000000, 1.000000000000000000 ) ) ;
#7350 = DIRECTION ( 'NONE',  ( -0.000000000000000000, -0.000000000000000000, 1.000000000000000000 ) ) ;
#7351 = DIRECTION ( 'NONE',  ( 1.000000000000000000, 0.000000000000000000, 0.000000000000000000 ) ) ;
#7352 = EDGE_LOOP ( 'NONE', ( #8868, #5634, #1131, #6525, #3400, #8478 ) ) ;
#7353 = DATE_AND_TIME ( #3219, #3345 ) ;
#7354 = ORIENTED_EDGE ( 'NONE', *, *, #5939, .T. ) ;
#7355 = DIRECTION ( 'NONE',  ( 0.000000000000000000, -1.000000000000000000, 0.000000000000000000 ) ) ;
#7356 = CYLINDRICAL_SURFACE ( 'NONE', #5410, 0.9999999999999995559 ) ;
#7357 = CARTESIAN_POINT ( 'NONE',  ( 4.739198801701949293, -0.2608011982980512622, -69.40923771779445417 ) ) ;
#7358 = ORIENTED_EDGE ( 'NONE', *, *, #7436, .F. ) ;
#7359 = CARTESIAN_POINT ( 'NONE',  ( 0.000000000000000000, 0.000000000000000000, 0.000000000000000000 ) ) ;
#7360 = EDGE_LOOP ( 'NONE', ( #9091, #4402, #4677, #1832 ) ) ;
#7361 = FACE_OUTER_BOUND ( 'NONE', #1218, .T. ) ;
#7362 = EDGE_CURVE ( 'NONE', #509, #8682, #3017, .T. ) ;
#7363 = CIRCLE ( 'NONE', #4140, 3.904737509655567873 ) ;
#7364 = DIRECTION ( 'NONE',  ( -1.000000000000000000, 1.224646799147353207E-16, 0.000000000000000000 ) ) ;
#7365 = CARTESIAN_POINT ( 'NONE',  ( 4.991957775357460214, -0.008042224642539692187, -67.70753412542732974 ) ) ;
#7366 = DIRECTION ( 'NONE',  ( 1.000000000000000000, 0.000000000000000000, 0.000000000000000000 ) ) ;
#7367 = CARTESIAN_POINT ( 'NONE',  ( 5.000000000000281553, 2.809514862196180954E-13, -101.0000000000002132 ) ) ;
#7368 = DIRECTION ( 'NONE',  ( -0.000000000000000000, -0.000000000000000000, 1.000000000000000000 ) ) ;
#7369 = EDGE_CURVE ( 'NONE', #7762, #4746, #5694, .T. ) ;
#7370 = ORIENTED_EDGE ( 'NONE', *, *, #7647, .F. ) ;
#7371 = DIRECTION ( 'NONE',  ( 0.000000000000000000, 0.000000000000000000, -1.000000000000000000 ) ) ;
#7372 = ORIENTED_EDGE ( 'NONE', *, *, #5939, .F. ) ;
#7373 = CIRCLE ( 'NONE', #5752, 4.000000000000001776 ) ;
#7374 = VERTEX_POINT ( 'NONE', #3490 ) ;
#7375 = DIRECTION ( 'NONE',  ( -0.000000000000000000, -0.000000000000000000, 1.000000000000000000 ) ) ;
#7376 = CARTESIAN_POINT ( 'NONE',  ( -1.328041165545656765, -3.671958834454343013, -98.24999999999998579 ) ) ;
#7377 = CARTESIAN_POINT ( 'NONE',  ( 4.282386290039717380, -0.7176137099602828417, -31.70222873041527478 ) ) ;
#7378 = DIRECTION ( 'NONE',  ( 1.000000000000000000, 0.000000000000000000, 0.000000000000000000 ) ) ;
#7379 = CARTESIAN_POINT ( 'NONE',  ( -1.000000000000000000, 1.224646799147353207E-16, -117.5000000000000000 ) ) ;
#7380 = CARTESIAN_POINT ( 'NONE',  ( -4.960065625082965113, -0.03993437491703386716, -45.41868978647570998 ) ) ;
#7381 = EDGE_CURVE ( 'NONE', #8067, #7077, #6380, .T. ) ;
#7382 = CARTESIAN_POINT ( 'NONE',  ( -4.041784260359809089, -0.9582157396401908001, -115.0237746502993161 ) ) ;
#7383 = ORIENTED_EDGE ( 'NONE', *, *, #1314, .T. ) ;
#7384 = CARTESIAN_POINT ( 'NONE',  ( 4.041784260359810865, -0.9582157396401889127, -54.52377465029930903 ) ) ;
#7385 = ORIENTED_EDGE ( 'NONE', *, *, #1707, .T. ) ;
#7386 = EDGE_CURVE ( 'NONE', #3906, #6611, #2577, .T. ) ;
#7387 = CARTESIAN_POINT ( 'NONE',  ( 5.000000000000283329, 2.837102721152350454E-13, -18.50000000000020961 ) ) ;
#7388 = CARTESIAN_POINT ( 'NONE',  ( 0.000000000000000000, 0.000000000000000000, -79.00000000000000000 ) ) ;
#7389 = CARTESIAN_POINT ( 'NONE',  ( -4.999999999999991118, -9.273104948303258648E-15, -7.647257207887256492 ) ) ;
#7390 = DIRECTION ( 'NONE',  ( -1.000000000000000000, 1.224646799147353207E-16, 0.000000000000000000 ) ) ;
#7391 = CARTESIAN_POINT ( 'NONE',  ( -4.960065625082965113, -0.03993437491703469289, -61.91868978647572419 ) ) ;
#7392 = CARTESIAN_POINT ( 'NONE',  ( -4.508466212578261967, -0.4915337874217377001, -82.60623519306795970 ) ) ;
#7393 = ADVANCED_FACE ( 'NONE', ( #130 ), #8729, .T. ) ;
#7394 = DIRECTION ( 'NONE',  ( 1.224646799147353207E-16, 1.000000000000000000, 0.000000000000000000 ) ) ;
#7395 = EDGE_LOOP ( 'NONE', ( #2568, #5193, #5615 ) ) ;
#7396 = SECURITY_CLASSIFICATION_LEVEL ( 'unclassified' ) ;
#7397 = EDGE_LOOP ( 'NONE', ( #5208, #5994, #7775, #671 ) ) ;
#7398 = TOROIDAL_SURFACE ( 'NONE', #638, 1.000000000000000000, 3.999999999999999112 ) ;
#7399 = CARTESIAN_POINT ( 'NONE',  ( 4.739198801701949293, -0.2608011982980512622, -113.4092377177944542 ) ) ;
#7400 = CARTESIAN_POINT ( 'NONE',  ( 4.366408635906904756, -0.6335913640930950219, -5.393800448835985861 ) ) ;
#7401 = EDGE_CURVE ( 'NONE', #3417, #2723, #5264, .T. ) ;
#7402 = DIRECTION ( 'NONE',  ( 1.000000000000000000, 0.000000000000000000, 0.000000000000000000 ) ) ;
#7403 = ORIENTED_EDGE ( 'NONE', *, *, #649, .F. ) ;
#7404 = CARTESIAN_POINT ( 'NONE',  ( 4.282386290039716492, -0.7176137099602829528, -59.20222873041527123 ) ) ;
#7405 = DIRECTION ( 'NONE',  ( -0.000000000000000000, -0.000000000000000000, 1.000000000000000000 ) ) ;
#7406 = B_SPLINE_CURVE_WITH_KNOTS ( 'NONE', 3,
 ( #7742, #2084, #3335, #6181, #1952, #5532, #4074, #7612, #4756, #3466, #8302, #7565 ),
 .UNSPECIFIED., .F., .F.,
 ( 4, 2, 2, 2, 2, 4 ),
 ( 0.003504634718750183030, 0.003941423334025067476, 0.004378211949299951056, 0.005251789179849719949, 0.006125366410399488842, 0.006998943640949258603 ),
 .UNSPECIFIED. ) ;
#7407 = ORIENTED_EDGE ( 'NONE', *, *, #2721, .T. ) ;
#7408 = CARTESIAN_POINT ( 'NONE',  ( -0.2517800035594496277, -4.748219996440551149, -47.40883637235565118 ) ) ;
#7409 = TOROIDAL_SURFACE ( 'NONE', #6228, 1.000000000000000000, 4.000000000000000000 ) ;
#7410 = DIRECTION ( 'NONE',  ( 1.000000000000000000, 0.000000000000000000, 0.000000000000000000 ) ) ;
#7411 = CARTESIAN_POINT ( 'NONE',  ( 4.686141179201313456, -0.3138588207986856005, -47.53467868775796745 ) ) ;
#7412 = EDGE_CURVE ( 'NONE', #6438, #5292, #1980, .T. ) ;
#7413 = VERTEX_POINT ( 'NONE', #8024 ) ;
#7414 = CARTESIAN_POINT ( 'NONE',  ( -1.136863993906869652, -3.863136006093129460, -92.87121622079631322 ) ) ;
#7415 = DIRECTION ( 'NONE',  ( -1.000000000000000000, 1.224646799147353207E-16, 0.000000000000000000 ) ) ;
#7416 = AXIS2_PLACEMENT_3D ( 'NONE', #5654, #8510, #4971 ) ;
#7417 = VERTEX_POINT ( 'NONE', #4618 ) ;
#7418 = FACE_OUTER_BOUND ( 'NONE', #3482, .T. ) ;
#7419 = TOROIDAL_SURFACE ( 'NONE', #1037, 1.000000000000000000, 4.000000000000000000 ) ;
#7420 = TOROIDAL_SURFACE ( 'NONE', #656, 1.000000000000000000, 4.000000000000000000 ) ;
#7421 = ORIENTED_EDGE ( 'NONE', *, *, #7737, .T. ) ;
#7422 = VERTEX_POINT ( 'NONE', #5998 ) ;
#7423 = CIRCLE ( 'NONE', #3901, 1.999999999999994893 ) ;
#7424 = CARTESIAN_POINT ( 'NONE',  ( -4.282386290039718268, -0.7176137099602820646, -114.2022287304152712 ) ) ;
#7425 = DIRECTION ( 'NONE',  ( 1.000000000000000000, 0.000000000000000000, 0.000000000000000000 ) ) ;
#7426 = CARTESIAN_POINT ( 'NONE',  ( 0.000000000000000000, 0.000000000000000000, 0.000000000000000000 ) ) ;
#7427 = CIRCLE ( 'NONE', #1119, 3.904737509655561212 ) ;
#7428 = CARTESIAN_POINT ( 'NONE',  ( -3.862796825714235549, -1.137203174285766671, -92.87100116288257823 ) ) ;
#7429 = CARTESIAN_POINT ( 'NONE',  ( -0.9599107665869293093, -4.040089233413069358, -60.02236572063979025 ) ) ;
#7430 = DIRECTION ( 'NONE',  ( 1.000000000000000000, 0.000000000000000000, 0.000000000000000000 ) ) ;
#7431 = CARTESIAN_POINT ( 'NONE',  ( 0.000000000000000000, -5.000000000000000000, -117.5000000000000000 ) ) ;
#7432 = ORIENTED_EDGE ( 'NONE', *, *, #1778, .T. ) ;
#7433 = CARTESIAN_POINT ( 'NONE',  ( 0.000000000000000000, -5.000000000000000000, -13.00000000000000533 ) ) ;
#7434 = AXIS2_PLACEMENT_3D ( 'NONE', #1178, #1869, #4924 ) ;
#7435 = ORIENTED_EDGE ( 'NONE', *, *, #6226, .T. ) ;
#7436 = EDGE_CURVE ( 'NONE', #1808, #4481, #3379, .T. ) ;
#7437 = CARTESIAN_POINT ( 'NONE',  ( 0.06459124883189704125, -4.935408751168103514, -28.77165234913500669 ) ) ;
#7438 = B_SPLINE_CURVE_WITH_KNOTS ( 'NONE', 3,
 ( #1151, #4453, #8726, #6761, #7258, #4642, #8046, #5189, #457, #5871, #7311, #3261, #5286, #2385 ),
 .UNSPECIFIED., .F., .F.,
 ( 4, 2, 2, 2, 2, 2, 4 ),
 ( 4.818711198541903184E-07, 0.0008763243365552959418, 0.001314245569273018392, 0.001752166801990740841, 0.002190088034708463291, 0.002628009267426185958, 0.003503851732861629122 ),
 .UNSPECIFIED. ) ;
#7439 = DIRECTION ( 'NONE',  ( -0.000000000000000000, -0.000000000000000000, 1.000000000000000000 ) ) ;
#7440 = CARTESIAN_POINT ( 'NONE',  ( 0.9599107665897143038, -4.040089233410286695, -65.52236572063746678 ) ) ;
#7441 = CARTESIAN_POINT ( 'NONE',  ( -4.043148172725555156, -0.9568518272744450659, -120.5252776777137598 ) ) ;
#7442 = CARTESIAN_POINT ( 'NONE',  ( -5.000000000000283329, 2.838313978266924103E-13, -24.00000000000021316 ) ) ;
#7443 = CARTESIAN_POINT ( 'NONE',  ( -4.366408635906906532, -0.6335913640930935786, -82.39380044883600362 ) ) ;
#7444 = CARTESIAN_POINT ( 'NONE',  ( 0.000000000000000000, 0.000000000000000000, -68.00000000000000000 ) ) ;
#7445 = ORIENTED_EDGE ( 'NONE', *, *, #9038, .T. ) ;
#7446 = DATE_TIME_ROLE ( 'classification_date' ) ;
#7447 = ORIENTED_EDGE ( 'NONE', *, *, #3406, .T. ) ;
#7448 = ADVANCED_FACE ( 'NONE', ( #2507 ), #3596, .T. ) ;
#7449 = CARTESIAN_POINT ( 'NONE',  ( 3.671958834454343013, -1.328041165545656987, -114.7499999999999858 ) ) ;
#7450 = CARTESIAN_POINT ( 'NONE',  ( 4.832344906989098021, -0.1676550930109025062, -63.64546193740920899 ) ) ;
#7451 = SECURITY_CLASSIFICATION ( '', '', #6381 ) ;
#7452 = DIRECTION ( 'NONE',  ( -0.000000000000000000, -0.000000000000000000, 1.000000000000000000 ) ) ;
#7453 = CARTESIAN_POINT ( 'NONE',  ( 1.000000000000000000, 0.000000000000000000, -5.500000000000000000 ) ) ;
#7454 = ORIENTED_EDGE ( 'NONE', *, *, #4362, .F. ) ;
#7455 = FACE_OUTER_BOUND ( 'NONE', #992, .T. ) ;
#7456 = LINE ( 'NONE', #8685, #2285 ) ;
#7457 = TOROIDAL_SURFACE ( 'NONE', #4507, 1.000000000000000000, 1.999999999999994893 ) ;
#7458 = VERTEX_POINT ( 'NONE', #337 ) ;
#7459 = CARTESIAN_POINT ( 'NONE',  ( 0.000000000000000000, 0.000000000000000000, -56.99999999999999289 ) ) ;
#7460 = EDGE_CURVE ( 'NONE', #8581, #5720, #7117, .T. ) ;
#7461 = CARTESIAN_POINT ( 'NONE',  ( 1.328041165545656987, -3.671958834454343013, -87.25000000000000000 ) ) ;
#7462 = CIRCLE ( 'NONE', #2623, 3.904737509655565209 ) ;
#7463 = CARTESIAN_POINT ( 'NONE',  ( -4.686141179201315232, -0.3138588207986845457, -53.03467868775798166 ) ) ;
#7464 = AXIS2_PLACEMENT_3D ( 'NONE', #6408, #7703, #4346 ) ;
#7465 = ORIENTED_EDGE ( 'NONE', *, *, #1008, .F. ) ;
#7466 = CARTESIAN_POINT ( 'NONE',  ( -0.7176137099645710782, -4.282386290035430143, -93.29777126957941391 ) ) ;
#7467 = CARTESIAN_POINT ( 'NONE',  ( -4.366408635906910085, -0.6335913640930901369, -54.89380044883598231 ) ) ;
#7468 = VERTEX_POINT ( 'NONE', #3200 ) ;
#7469 = LINE ( 'NONE', #4839, #4603 ) ;
#7470 = ORIENTED_EDGE ( 'NONE', *, *, #9008, .F. ) ;
#7471 = AXIS2_PLACEMENT_3D ( 'NONE', #7325, #3871, #8651 ) ;
#7472 = VERTEX_POINT ( 'NONE', #7336 ) ;
#7473 = TOROIDAL_SURFACE ( 'NONE', #7026, 1.000000000000000000, 1.999999999999999112 ) ;
#7474 = CARTESIAN_POINT ( 'NONE',  ( -4.567820679631958924, -0.4321793203680420747, -113.7734262372303533 ) ) ;
#7475 = CARTESIAN_POINT ( 'NONE',  ( 3.904737509655567873, 0.000000000000000000, -114.7499999999999858 ) ) ;
#7476 = CARTESIAN_POINT ( 'NONE',  ( -0.2517800035653544599, -4.748219996434644763, -14.40883637236998283 ) ) ;
#7477 = CARTESIAN_POINT ( 'NONE',  ( -4.960065625082965113, -0.03993437491703669823, -94.91868978647576682 ) ) ;
#7478 = CARTESIAN_POINT ( 'NONE',  ( 1.328041165545657876, -3.671958834454342124, -43.25000000000000711 ) ) ;
#7479 = DIRECTION ( 'NONE',  ( -0.000000000000000000, -0.000000000000000000, 1.000000000000000000 ) ) ;
#7480 = CARTESIAN_POINT ( 'NONE',  ( -4.991698401481084346, -0.008301598518915521974, -62.79625362935771449 ) ) ;
#7481 = VERTEX_POINT ( 'NONE', #5216 ) ;
#7482 = CARTESIAN_POINT ( 'NONE',  ( 5.000000000000010658, 1.072502529901554095E-14, -56.85315646955161384 ) ) ;
#7483 = ORIENTED_EDGE ( 'NONE', *, *, #894, .F. ) ;
#7484 = EDGE_CURVE ( 'NONE', #4114, #3714, #3156, .T. ) ;
#7485 = DIRECTION ( 'NONE',  ( 1.000000000000000000, 0.000000000000000000, 0.000000000000000000 ) ) ;
#7486 = CARTESIAN_POINT ( 'NONE',  ( 0.000000000000000000, -5.000000000000000000, -45.99999999997221067 ) ) ;
#7487 = CARTESIAN_POINT ( 'NONE',  ( -0.03993437491367647640, -4.960065625086322427, -68.58131021350182266 ) ) ;
#7488 = FACE_OUTER_BOUND ( 'NONE', #6847, .T. ) ;
#7489 = CARTESIAN_POINT ( 'NONE',  ( -4.935956332719889872, -0.06404366728011053056, -78.27440186598522587 ) ) ;
#7490 = FACE_OUTER_BOUND ( 'NONE', #2219, .T. ) ;
#7491 = DIRECTION ( 'NONE',  ( 1.000000000000000000, 0.000000000000000000, 0.000000000000000000 ) ) ;
#7492 = ORIENTED_EDGE ( 'NONE', *, *, #5506, .T. ) ;
#7493 = CONTEXT_DEPENDENT_SHAPE_REPRESENTATION ( #32, #2050 ) ;
#7494 = ADVANCED_FACE ( 'NONE', ( #5897 ), #1679, .T. ) ;
#7495 = ORIENTED_EDGE ( 'NONE', *, *, #5209, .F. ) ;
#7496 = CARTESIAN_POINT ( 'NONE',  ( 5.000000000000285105, 2.855686632286915929E-13, -51.50000000000021316 ) ) ;
#7497 = CARTESIAN_POINT ( 'NONE',  ( 1.328041165545663649, -3.671958834454336351, -10.25000000000000178 ) ) ;
#7498 = CARTESIAN_POINT ( 'NONE',  ( 0.000000000000000000, 0.000000000000000000, -91.99999999999998579 ) ) ;
#7499 = CARTESIAN_POINT ( 'NONE',  ( 3.671958834454338572, -1.328041165545661428, -21.24999999999999645 ) ) ;
#7500 = VERTEX_POINT ( 'NONE', #4528 ) ;
#7501 = CARTESIAN_POINT ( 'NONE',  ( 4.832344906989098909, -0.1676550930109018400, -58.14546193740918767 ) ) ;
#7502 = DIRECTION ( 'NONE',  ( 1.000000000000000000, 0.000000000000000000, 0.000000000000000000 ) ) ;
#7503 = ADVANCED_FACE ( 'NONE', ( #293 ), #8305, .F. ) ;
#7504 = ORIENTED_EDGE ( 'NONE', *, *, #3429, .T. ) ;
#7505 = CARTESIAN_POINT ( 'NONE',  ( -0.06404366727607974097, -4.935956332723921314, -101.7255981339934579 ) ) ;
#7506 = EDGE_CURVE ( 'NONE', #4606, #604, #723, .T. ) ;
#7507 = CARTESIAN_POINT ( 'NONE',  ( -0.04063066961830193169, -4.959369330381697694, -34.41386551652202286 ) ) ;
#7508 = CARTESIAN_POINT ( 'NONE',  ( 0.06404366727607954668, -4.935956332723921314, -68.72559813399347206 ) ) ;
#7509 = ORIENTED_EDGE ( 'NONE', *, *, #6971, .F. ) ;
#7510 = CARTESIAN_POINT ( 'NONE',  ( 0.000000000000000000, 0.000000000000000000, 0.000000000000000000 ) ) ;
#7511 = CARTESIAN_POINT ( 'NONE',  ( -4.991957775357465543, -0.008042224642535390072, -56.70753412542730132 ) ) ;
#7512 = EDGE_CURVE ( 'NONE', #1499, #1363, #4022, .T. ) ;
#7513 = VERTEX_POINT ( 'NONE', #4801 ) ;
#7514 = CARTESIAN_POINT ( 'NONE',  ( 4.840676868219843776, -0.1593231317801557245, -110.8532194156836397 ) ) ;
#7515 = VERTEX_POINT ( 'NONE', #6307 ) ;
#7516 = DIRECTION ( 'NONE',  ( 0.000000000000000000, -1.000000000000000000, 0.000000000000000000 ) ) ;
#7517 = CARTESIAN_POINT ( 'NONE',  ( 1.328041165545665425, -3.671958834454334575, -59.75000000000000000 ) ) ;
#7518 = CARTESIAN_POINT ( 'NONE',  ( -4.748219996434693613, -0.2517800035653069424, -94.09116362763015218 ) ) ;
#7519 = CARTESIAN_POINT ( 'NONE',  ( 0.9582157396373277569, -4.041784260362672576, -114.4762253496982112 ) ) ;
#7520 = CARTESIAN_POINT ( 'NONE',  ( 0.000000000000000000, 0.000000000000000000, -29.50000000000000355 ) ) ;
#7521 = EDGE_CURVE ( 'NONE', #393, #3141, #6528, .T. ) ;
#7522 = AXIS2_PLACEMENT_3D ( 'NONE', #2861, #5746, #2913 ) ;
#7523 = CARTESIAN_POINT ( 'NONE',  ( -4.832344906989098021, -0.1676550930109025062, -63.64546193740920899 ) ) ;
#7524 = ORIENTED_EDGE ( 'NONE', *, *, #6639, .T. ) ;
#7525 = CARTESIAN_POINT ( 'NONE',  ( -0.4321793203679955564, -4.567820679632004222, -71.72657376276976038 ) ) ;
#7526 = EDGE_LOOP ( 'NONE', ( #5496, #687, #2483, #7293 ) ) ;
#7527 = AXIS2_PLACEMENT_3D ( 'NONE', #8922, #4597, #1238 ) ;
#7528 = CARTESIAN_POINT ( 'NONE',  ( -4.040089233413053371, -0.9599107665869472950, -103.4776342793602169 ) ) ;
#7529 = CARTESIAN_POINT ( 'NONE',  ( -3.904737509655567873, 4.781924292710299495E-16, -70.75000000000000000 ) ) ;
#7530 = FACE_OUTER_BOUND ( 'NONE', #600, .T. ) ;
#7531 = CARTESIAN_POINT ( 'NONE',  ( 0.000000000000000000, 0.000000000000000000, -90.00000000000000000 ) ) ;
#7532 = CARTESIAN_POINT ( 'NONE',  ( 1.328041165545656987, -3.671958834454343013, -76.25000000000000000 ) ) ;
#7533 = CARTESIAN_POINT ( 'NONE',  ( 1.000000000000000000, 0.000000000000000000, -51.50000000000000711 ) ) ;
#7534 = DIRECTION ( 'NONE',  ( 0.000000000000000000, -1.000000000000000000, 0.000000000000000000 ) ) ;
#7535 = ADVANCED_FACE ( 'NONE', ( #7 ), #4330, .T. ) ;
#7536 = ORIENTED_EDGE ( 'NONE', *, *, #1377, .F. ) ;
#7537 = ORIENTED_EDGE ( 'NONE', *, *, #4865, .F. ) ;
#7538 = B_SPLINE_CURVE_WITH_KNOTS ( 'NONE', 3,
 ( #5363, #3347, #5414, #6840, #2608, #7578, #1222, #5544, #8225, #2051, #8356, #7660, #6229, #1269, #5453, #3250 ),
 .UNSPECIFIED., .F., .F.,
 ( 4, 2, 2, 2, 2, 2, 2, 4 ),
 ( 4.818711198449750235E-07, 0.0008765200830274808225, 0.001314539188981305416, 0.001752558294935129901, 0.002190577400888954820, 0.002628596506842779089, 0.003066615612796604225, 0.003504634718750428493 ),
 .UNSPECIFIED. ) ;
#7539 = CARTESIAN_POINT ( 'NONE',  ( -0.9599107665897235186, -4.040089233410274261, -27.02236572063741349 ) ) ;
#7540 = CARTESIAN_POINT ( 'NONE',  ( 5.000000000000284217, 2.846191403287952879E-13, -62.50000000000020606 ) ) ;
#7541 = DIRECTION ( 'NONE',  ( -0.000000000000000000, -0.000000000000000000, 1.000000000000000000 ) ) ;
#7542 = CARTESIAN_POINT ( 'NONE',  ( 4.832344906989093580, -0.1676550930109045046, -19.64546193740918767 ) ) ;
#7543 = ORIENTED_EDGE ( 'NONE', *, *, #3122, .T. ) ;
#7544 = CARTESIAN_POINT ( 'NONE',  ( 4.686141179201310791, -0.3138588207986893752, -102.5346786877579603 ) ) ;
#7545 = DIRECTION ( 'NONE',  ( -0.7071067811865476838, 0.7071067811865474617, 0.000000000000000000 ) ) ;
#7546 = AXIS2_PLACEMENT_3D ( 'NONE', #1702, #233, #3045 ) ;
#7547 = ORIENTED_EDGE ( 'NONE', *, *, #2016, .T. ) ;
#7548 = FACE_BOUND ( 'NONE', #728, .T. ) ;
#7549 = EDGE_CURVE ( 'NONE', #7458, #471, #7406, .T. ) ;
#7550 = AXIS2_PLACEMENT_3D ( 'NONE', #6632, #242, #7371 ) ;
#7551 = B_SPLINE_CURVE_WITH_KNOTS ( 'NONE', 3,
 ( #5302, #8891, #6686, #7424, #6739, #437, #7474, #6780, #5399, #8211, #2029, #640, #7640, #1325, #6942, #3452 ),
 .UNSPECIFIED., .F., .F.,
 ( 4, 2, 2, 2, 2, 2, 2, 4 ),
 ( 4.818711198664599083E-07, 0.0008765200830274455859, 0.001314539188981235160, 0.001752558294935024734, 0.002190577400888814308, 0.002628596506842603882, 0.003066615612796393456, 0.003504634718750183030 ),
 .UNSPECIFIED. ) ;
#7552 = CARTESIAN_POINT ( 'NONE',  ( 4.832344906989094468, -0.1676550930109069470, -118.6454619374091948 ) ) ;
#7553 = AXIS2_PLACEMENT_3D ( 'NONE', #2094, #2225, #5034 ) ;
#7554 = CARTESIAN_POINT ( 'NONE',  ( 0.000000000000000000, 0.000000000000000000, -18.50000000000000355 ) ) ;
#7555 = VERTEX_POINT ( 'NONE', #7693 ) ;
#7556 = CARTESIAN_POINT ( 'NONE',  ( 0.9999999999999995559, 0.000000000000000000, 0.000000000000000000 ) ) ;
#7557 = CARTESIAN_POINT ( 'NONE',  ( 5.000000000000285993, 2.862826807771588442E-13, -46.00000000000020606 ) ) ;
#7558 = ORIENTED_EDGE ( 'NONE', *, *, #8535, .F. ) ;
#7559 = CARTESIAN_POINT ( 'NONE',  ( 1.020306524453690962E-12, -5.000000000001020517, -40.64684353042216003 ) ) ;
#7560 = VERTEX_POINT ( 'NONE', #2822 ) ;
#7561 = AXIS2_PLACEMENT_3D ( 'NONE', #4538, #6554, #260 ) ;
#7562 = EDGE_CURVE ( 'NONE', #1478, #1401, #6682, .T. ) ;
#7563 = CARTESIAN_POINT ( 'NONE',  ( 4.041784260359809089, -0.9582157396401910221, -76.52377465029930192 ) ) ;
#7564 = CARTESIAN_POINT ( 'NONE',  ( 0.1593231317747713927, -4.840676868225228802, -107.6467805842996199 ) ) ;
#7565 = CARTESIAN_POINT ( 'NONE',  ( -3.671958834454343013, -1.328041165545656765, -98.24999999999998579 ) ) ;
#7566 = DIRECTION ( 'NONE',  ( -0.000000000000000000, -0.000000000000000000, 1.000000000000000000 ) ) ;
#7567 = CARTESIAN_POINT ( 'NONE',  ( -0.7176137099645634176, -4.282386290035436360, -43.79777126957945654 ) ) ;
#7568 = AXIS2_PLACEMENT_3D ( 'NONE', #1911, #3103, #5403 ) ;
#7569 = CARTESIAN_POINT ( 'NONE',  ( -0.008042224642557369019, -4.991957775357441562, -117.7924658745728834 ) ) ;
#7570 = ORIENTED_EDGE ( 'NONE', *, *, #38, .T. ) ;
#7571 = CARTESIAN_POINT ( 'NONE',  ( -0.7176137099602476477, -4.282386290039753796, -71.29777126958478561 ) ) ;
#7572 = EDGE_LOOP ( 'NONE', ( #8108, #5470, #2540 ) ) ;
#7573 = CIRCLE ( 'NONE', #3014, 3.999999999999996447 ) ;
#7574 = B_SPLINE_CURVE_WITH_KNOTS ( 'NONE', 3,
 ( #8879, #5433, #6811, #8243, #7505, #1199, #4058, #560, #3370, #5474, #6655, #2521 ),
 .UNSPECIFIED., .F., .F.,
 ( 4, 2, 2, 2, 2, 4 ),
 ( 0.003504634718722943101, 0.003941423334001239315, 0.004378211949279535962, 0.005251789179836128391, 0.006125366410392720819, 0.006998943640949313247 ),
 .UNSPECIFIED. ) ;
#7575 = AXIS2_PLACEMENT_3D ( 'NONE', #7554, #1290, #4706 ) ;
#7576 = ADVANCED_FACE ( 'NONE', ( #8981 ), #5647, .T. ) ;
#7577 = FACE_OUTER_BOUND ( 'NONE', #6832, .T. ) ;
#7578 = CARTESIAN_POINT ( 'NONE',  ( -0.4974474678478176815, -4.502552532152182430, -55.11327242307180541 ) ) ;
#7579 = CARTESIAN_POINT ( 'NONE',  ( -1.020332500130741171E-12, -5.000000000001020517, -35.14684353042214582 ) ) ;
#7580 = CARTESIAN_POINT ( 'NONE',  ( 4.960065625082963336, -0.03993437491703660802, -83.91868978647570998 ) ) ;
#7581 = CARTESIAN_POINT ( 'NONE',  ( 0.7176137099645977235, -4.282386290035401721, -76.79777126957942812 ) ) ;
#7582 = AXIS2_PLACEMENT_3D ( 'NONE', #3066, #2367, #6599 ) ;
#7583 = CARTESIAN_POINT ( 'NONE',  ( -4.366408635906905644, -0.6335913640930941337, -21.89380044883598586 ) ) ;
#7584 = ORIENTED_EDGE ( 'NONE', *, *, #4693, .T. ) ;
#7585 = VERTEX_POINT ( 'NONE', #6877 ) ;
#7586 = CIRCLE ( 'NONE', #4193, 4.000000000000000000 ) ;
#7587 = EDGE_CURVE ( 'NONE', #8538, #1608, #8944, .T. ) ;
#7588 = EDGE_CURVE ( 'NONE', #2221, #5825, #6218, .T. ) ;
#7589 = DIRECTION ( 'NONE',  ( -0.000000000000000000, -0.000000000000000000, 1.000000000000000000 ) ) ;
#7590 = AXIS2_PLACEMENT_3D ( 'NONE', #6220, #6183, #9023 ) ;
#7591 = CARTESIAN_POINT ( 'NONE',  ( 0.9999999999999993339, 0.000000000000000000, -64.49999999999998579 ) ) ;
#7592 = CARTESIAN_POINT ( 'NONE',  ( -4.685980280040908497, -0.3140197199590894495, -3.535036328286938367 ) ) ;
#7593 = CARTESIAN_POINT ( 'NONE',  ( 1.137203174285763785, -3.862796825714236881, -65.12899883711746440 ) ) ;
#7594 = ORIENTED_EDGE ( 'NONE', *, *, #5848, .F. ) ;
#7595 =( LENGTH_UNIT ( ) NAMED_UNIT ( * ) SI_UNIT ( .MILLI., .METRE. ) );
#7596 = DIRECTION ( 'NONE',  ( -0.000000000000000000, -0.000000000000000000, 1.000000000000000000 ) ) ;
#7597 = DIRECTION ( 'NONE',  ( -0.000000000000000000, -0.000000000000000000, 1.000000000000000000 ) ) ;
#7598 = ORIENTED_EDGE ( 'NONE', *, *, #6535, .T. ) ;
#7599 = AXIS2_PLACEMENT_3D ( 'NONE', #2366, #8075, #8807 ) ;
#7600 = CARTESIAN_POINT ( 'NONE',  ( 0.000000000000000000, -5.000000000000000000, -95.49999999997220357 ) ) ;
#7601 = CARTESIAN_POINT ( 'NONE',  ( -4.935956332719894313, -0.06404366728010570109, -56.27440186598521876 ) ) ;
#7602 = CIRCLE ( 'NONE', #1277, 3.904737509655567873 ) ;
#7603 = AXIS2_PLACEMENT_3D ( 'NONE', #4844, #4672, #5404 ) ;
#7604 = ORIENTED_EDGE ( 'NONE', *, *, #4997, .T. ) ;
#7605 = DIRECTION ( 'NONE',  ( 0.000000000000000000, 0.000000000000000000, -1.000000000000000000 ) ) ;
#7606 = EDGE_CURVE ( 'NONE', #177, #5441, #4183, .T. ) ;
#7607 = EDGE_LOOP ( 'NONE', ( #4122, #245, #6465, #5310 ) ) ;
#7608 = AXIS2_PLACEMENT_3D ( 'NONE', #1309, #4851, #4125 ) ;
#7609 = AXIS2_PLACEMENT_3D ( 'NONE', #930, #2310, #3823 ) ;
#7610 = CARTESIAN_POINT ( 'NONE',  ( 5.000000000000007105, 5.689837944062354162E-15, -78.85315646955162094 ) ) ;
#7611 = DIRECTION ( 'NONE',  ( 1.000000000000000000, 0.000000000000000000, 0.000000000000000000 ) ) ;
#7612 = CARTESIAN_POINT ( 'NONE',  ( -4.508466212578261967, -0.4915337874217377001, -99.10623519306797391 ) ) ;
#7613 = CYLINDRICAL_SURFACE ( 'NONE', #6581, 0.9999999999999995559 ) ;
#7614 = CYLINDRICAL_SURFACE ( 'NONE', #823, 0.9999999999999995559 ) ;
#7615 = ORIENTED_EDGE ( 'NONE', *, *, #6135, .T. ) ;
#7616 = CARTESIAN_POINT ( 'NONE',  ( 0.000000000000000000, -5.000000000000000000, 0.000000000000000000 ) ) ;
#7617 = ADVANCED_FACE ( 'NONE', ( #3386 ), #3894, .T. ) ;
#7618 = ORIENTED_EDGE ( 'NONE', *, *, #9038, .F. ) ;
#7619 = AXIS2_PLACEMENT_3D ( 'NONE', #3637, #1043, #7390 ) ;
#7620 = EDGE_CURVE ( 'NONE', #6355, #1317, #1158, .T. ) ;
#7621 = CARTESIAN_POINT ( 'NONE',  ( 0.9599107665897230746, -4.040089233410276925, -27.02236572063741349 ) ) ;
#7622 = CARTESIAN_POINT ( 'NONE',  ( 1.136863993906861880, -3.863136006093138786, -43.37121622079636296 ) ) ;
#7623 = CARTESIAN_POINT ( 'NONE',  ( -0.6335913640883366060, -4.366408635911663616, -70.10619955115781465 ) ) ;
#7624 = CYLINDRICAL_SURFACE ( 'NONE', #3344, 0.9999999999999995559 ) ;
#7625 = CARTESIAN_POINT ( 'NONE',  ( 0.4974474678531836669, -4.502552532146816056, -104.6132724230630089 ) ) ;
#7626 = DIRECTION ( 'NONE',  ( 0.000000000000000000, 0.000000000000000000, -1.000000000000000000 ) ) ;
#7627 = CARTESIAN_POINT ( 'NONE',  ( 0.000000000000000000, 0.000000000000000000, 0.000000000000000000 ) ) ;
#7628 = ORIENTED_EDGE ( 'NONE', *, *, #1817, .F. ) ;
#7629 = EDGE_CURVE ( 'NONE', #5438, #2723, #3451, .T. ) ;
#7630 = ORIENTED_EDGE ( 'NONE', *, *, #456, .F. ) ;
#7631 = B_SPLINE_CURVE_WITH_KNOTS ( 'NONE', 3,
 ( #1726, #7936, #7244, #5084, #2466, #1590, #5859, #7202, #4574, #1081, #5172, #3106, #3704, #5770, #3841, #8578 ),
 .UNSPECIFIED., .F., .F.,
 ( 4, 2, 2, 2, 2, 2, 2, 4 ),
 ( 4.818711198524085846E-07, 0.0008765200830274246608, 0.001314539188981217813, 0.001752558294935011507, 0.002190577400888805201, 0.002628596506842598678, 0.003066615612796392155, 0.003504634718750185632 ),
 .UNSPECIFIED. ) ;
#7632 = DIRECTION ( 'NONE',  ( -1.000000000000000000, 1.224646799147352961E-16, 0.000000000000000000 ) ) ;
#7633 = B_SPLINE_CURVE_WITH_KNOTS ( 'NONE', 3,
 ( #373, #6863, #4743, #6027, #8834, #1901, #8793, #4604, #5435, #1289, #5338, #1982 ),
 .UNSPECIFIED., .F., .F.,
 ( 4, 2, 2, 2, 2, 4 ),
 ( 0.003504634718722942233, 0.003941423334001238447, 0.004378211949279535095, 0.005251789179836127523, 0.006125366410392719951, 0.006998943640949313247 ),
 .UNSPECIFIED. ) ;
#7634 = DIRECTION ( 'NONE',  ( -0.000000000000000000, -0.000000000000000000, 1.000000000000000000 ) ) ;
#7635 = CARTESIAN_POINT ( 'NONE',  ( 0.000000000000000000, 0.000000000000000000, -82.50000000000000000 ) ) ;
#7636 = DIRECTION ( 'NONE',  ( 1.000000000000000000, 0.000000000000000000, 0.000000000000000000 ) ) ;
#7637 = ORIENTED_EDGE ( 'NONE', *, *, #660, .T. ) ;
#7638 = DIRECTION ( 'NONE',  ( -0.7071067811865474617, -0.7071067811865476838, 0.000000000000000000 ) ) ;
#7639 = EDGE_CURVE ( 'NONE', #3842, #8749, #8835, .T. ) ;
#7640 = CARTESIAN_POINT ( 'NONE',  ( -4.959369330385070107, -0.04063066961493041335, -112.5861344834557087 ) ) ;
#7641 = CARTESIAN_POINT ( 'NONE',  ( 0.000000000000000000, 0.000000000000000000, -35.00000000000000000 ) ) ;
#7642 = CARTESIAN_POINT ( 'NONE',  ( -4.991957775357462879, -0.008042224642536928772, -51.20753412542730132 ) ) ;
#7643 = EDGE_LOOP ( 'NONE', ( #7454, #1856, #6710, #3376 ) ) ;
#7644 = CARTESIAN_POINT ( 'NONE',  ( 0.000000000000000000, 0.000000000000000000, -32.99999999999999289 ) ) ;
#7645 = CARTESIAN_POINT ( 'NONE',  ( -4.748219996434699830, -0.2517800035652998369, -55.59116362763014507 ) ) ;
#7646 = DIRECTION ( 'NONE',  ( -0.000000000000000000, -0.000000000000000000, 1.000000000000000000 ) ) ;
#7647 = EDGE_CURVE ( 'NONE', #3629, #7181, #503, .T. ) ;
#7648 = ORIENTED_EDGE ( 'NONE', *, *, #761, .F. ) ;
#7649 = PLANE ( 'NONE',  #6282 ) ;
#7650 = EDGE_CURVE ( 'NONE', #1786, #532, #6083, .T. ) ;
#7651 = CARTESIAN_POINT ( 'NONE',  ( 0.3138588207986381384, -4.686141179201361417, -60.96532131224213202 ) ) ;
#7652 = B_SPLINE_CURVE_WITH_KNOTS ( 'NONE', 3,
 ( #1382, #4198, #6401, #3514, #5619, #4244, #7045, #744, #3600, #2174, #842, #1474 ),
 .UNSPECIFIED., .F., .F.,
 ( 4, 2, 2, 2, 2, 4 ),
 ( 0.003504634718750185632, 0.003941423334025070946, 0.004378211949299955393, 0.005251789179849725153, 0.006125366410399494914, 0.006998943640949264675 ),
 .UNSPECIFIED. ) ;
#7653 = DIRECTION ( 'NONE',  ( -0.000000000000000000, -0.000000000000000000, 1.000000000000000000 ) ) ;
#7654 = CARTESIAN_POINT ( 'NONE',  ( 0.06404366727607954668, -4.935956332723921314, -112.7255981339934436 ) ) ;
#7655 = FACE_OUTER_BOUND ( 'NONE', #141, .T. ) ;
#7656 = ORIENTED_EDGE ( 'NONE', *, *, #5096, .F. ) ;
#7657 = CARTESIAN_POINT ( 'NONE',  ( 0.008042224642557396774, -4.991957775357441562, -73.79246587457292605 ) ) ;
#7658 = ORIENTED_EDGE ( 'NONE', *, *, #5176, .T. ) ;
#7659 = CARTESIAN_POINT ( 'NONE',  ( 4.999999999999992006, -9.243388209070470239E-15, -40.64725720788728580 ) ) ;
#7660 = CARTESIAN_POINT ( 'NONE',  ( -0.06459124882788297439, -4.935408751172116304, -56.27165234915616310 ) ) ;
#7661 = ADVANCED_FACE ( 'NONE', ( #931 ), #6830, .F. ) ;
#7662 = CARTESIAN_POINT ( 'NONE',  ( 0.000000000000000000, 0.000000000000000000, -24.00000000000000355 ) ) ;
#7663 = AXIS2_PLACEMENT_3D ( 'NONE', #7692, #1380, #7827 ) ;
#7664 = CARTESIAN_POINT ( 'NONE',  ( 1.328041165545656765, -3.671958834454343013, -120.2499999999999858 ) ) ;
#7665 = CARTESIAN_POINT ( 'NONE',  ( 8.673617379884035472E-16, -5.000000000000000000, 0.000000000000000000 ) ) ;
#7666 = CARTESIAN_POINT ( 'NONE',  ( 3.671958834454343013, -1.328041165545656987, -92.74999999999998579 ) ) ;
#7667 = ORIENTED_EDGE ( 'NONE', *, *, #3985, .F. ) ;
#7668 = ORIENTED_EDGE ( 'NONE', *, *, #3429, .F. ) ;
#7669 = CIRCLE ( 'NONE', #180, 4.000000000000000000 ) ;
#7670 = CARTESIAN_POINT ( 'NONE',  ( 3.671958834454334575, -1.328041165545665647, -48.75000000000000000 ) ) ;
#7671 = CARTESIAN_POINT ( 'NONE',  ( -0.2608011983036583326, -4.739198801696341334, -28.09076228219161919 ) ) ;
#7672 = ADVANCED_FACE ( 'NONE', ( #6400 ), #221, .T. ) ;
#7673 = CARTESIAN_POINT ( 'NONE',  ( 4.282386290039720045, -0.7176137099602802882, -53.70222873041526412 ) ) ;
#7674 = CARTESIAN_POINT ( 'NONE',  ( -5.000000000000003553, 4.915049848600952119E-15, -2.297064704632988619 ) ) ;
#7675 = CARTESIAN_POINT ( 'NONE',  ( 3.904737509655567873, 0.000000000000000000, -76.25000000000000000 ) ) ;
#7676 = ORIENTED_EDGE ( 'NONE', *, *, #6822, .F. ) ;
#7677 = CARTESIAN_POINT ( 'NONE',  ( 0.000000000000000000, 0.000000000000000000, -101.0000000000000000 ) ) ;
#7678 = EDGE_CURVE ( 'NONE', #8811, #7472, #5753, .T. ) ;
#7679 = EDGE_CURVE ( 'NONE', #6512, #2753, #2799, .T. ) ;
#7680 = CIRCLE ( 'NONE', #6356, 1.999999999999999112 ) ;
#7681 = DIRECTION ( 'NONE',  ( -0.000000000000000000, -0.000000000000000000, 1.000000000000000000 ) ) ;
#7682 = ORIENTED_EDGE ( 'NONE', *, *, #994, .T. ) ;
#7683 = CARTESIAN_POINT ( 'NONE',  ( -3.671958834454336351, -1.328041165545663871, -32.25000000000000000 ) ) ;
#7684 = FACE_OUTER_BOUND ( 'NONE', #6537, .T. ) ;
#7685 = CARTESIAN_POINT ( 'NONE',  ( -4.935956332719889872, -0.06404366728011029464, -111.2744018659852117 ) ) ;
#7686 = VERTEX_POINT ( 'NONE', #4654 ) ;
#7687 = B_SPLINE_CURVE_WITH_KNOTS ( 'NONE', 3,
 ( #4559, #8061, #4256, #6629, #4995, #5252, #7055, #7887, #7150, #1587, #5723, #2936, #6460, #7200, #5631, #2137 ),
 .UNSPECIFIED., .F., .F.,
 ( 4, 2, 2, 2, 2, 2, 2, 4 ),
 ( 4.818711198599433662E-07, 0.0008765200830275083612, 0.001314539188981332521, 0.001752558294935156790, 0.002190577400888980841, 0.002628596506842805110, 0.003066615612796629378, 0.003504634718750453647 ),
 .UNSPECIFIED. ) ;
#7688 = CIRCLE ( 'NONE', #5492, 4.000000000000000000 ) ;
#7689 = EDGE_CURVE ( 'NONE', #122, #2250, #1104, .T. ) ;
#7690 = ADVANCED_FACE ( 'NONE', ( #5339 ), #7420, .T. ) ;
#7691 = CARTESIAN_POINT ( 'NONE',  ( 0.000000000000000000, 0.000000000000000000, -18.50000000000000355 ) ) ;
#7692 = CARTESIAN_POINT ( 'NONE',  ( 1.000000000000000000, 0.000000000000000000, -2.000000000000000000 ) ) ;
#7693 = CARTESIAN_POINT ( 'NONE',  ( -5.000000000000281553, 2.811725620256466210E-13, -79.00000000000021316 ) ) ;
#7694 = DIRECTION ( 'NONE',  ( 0.000000000000000000, 0.000000000000000000, -1.000000000000000000 ) ) ;
#7695 = CARTESIAN_POINT ( 'NONE',  ( 0.06459124883188714639, -4.935408751168110619, -111.2716523491350102 ) ) ;
#7696 = ORIENTED_EDGE ( 'NONE', *, *, #2493, .T. ) ;
#7697 = CARTESIAN_POINT ( 'NONE',  ( 0.000000000000000000, 0.000000000000000000, -18.50000000000000355 ) ) ;
#7698 = ORIENTED_EDGE ( 'NONE', *, *, #5867, .T. ) ;
#7699 = AXIS2_PLACEMENT_3D ( 'NONE', #1393, #5677, #7753 ) ;
#7700 = CARTESIAN_POINT ( 'NONE',  ( 4.935408751172079889, -0.06459124882791927869, -41.22834765084400033 ) ) ;
#7701 = PRODUCT_DEFINITION_SHAPE ( 'NONE', 'NONE',  #9096 ) ;
#7702 = CIRCLE ( 'NONE', #5499, 3.999999999999996447 ) ;
#7703 = DIRECTION ( 'NONE',  ( 0.000000000000000000, -1.000000000000000000, 0.000000000000000000 ) ) ;
#7704 = CARTESIAN_POINT ( 'NONE',  ( 0.000000000000000000, 0.000000000000000000, -66.00000000000000000 ) ) ;
#7705 = CARTESIAN_POINT ( 'NONE',  ( 0.06404366727607954668, -4.935956332723921314, -85.22559813399345785 ) ) ;
#7706 = CARTESIAN_POINT ( 'NONE',  ( 0.6401341107465311486, -4.359865889253469184, -76.89874954628007231 ) ) ;
#7707 = CARTESIAN_POINT ( 'NONE',  ( 4.832344906989096245, -0.1676550930109050319, -8.645461937409200104 ) ) ;
#7708 = CARTESIAN_POINT ( 'NONE',  ( 4.832344906989097133, -0.1676550930109028115, -36.14546193740919477 ) ) ;
#7709 = ORIENTED_EDGE ( 'NONE', *, *, #1843, .T. ) ;
#7710 = CARTESIAN_POINT ( 'NONE',  ( 3.671958834454343013, -1.328041165545656987, -103.7500000000000000 ) ) ;
#7711 = TOROIDAL_SURFACE ( 'NONE', #3740, 1.000000000000000000, 4.000000000000001776 ) ;
#7712 = EDGE_LOOP ( 'NONE', ( #5326, #9070, #2559 ) ) ;
#7713 = TOROIDAL_SURFACE ( 'NONE', #1242, 0.9999999999999986677, 2.000000000000000888 ) ;
#7714 = EDGE_CURVE ( 'NONE', #2743, #1984, #2031, .T. ) ;
#7715 = DIRECTION ( 'NONE',  ( -0.000000000000000000, -0.000000000000000000, 1.000000000000000000 ) ) ;
#7716 = AXIS2_PLACEMENT_3D ( 'NONE', #4729, #2705, #590 ) ;
#7717 = CARTESIAN_POINT ( 'NONE',  ( -4.040089233413053371, -0.9599107665869468509, -42.97763427936023106 ) ) ;
#7718 = CARTESIAN_POINT ( 'NONE',  ( -0.2608011983036451209, -4.739198801696356433, -110.5907622821916760 ) ) ;
#7719 = CARTESIAN_POINT ( 'NONE',  ( -3.862796825714235549, -1.137203174285766671, -70.87100116288257823 ) ) ;
#7720 = CARTESIAN_POINT ( 'NONE',  ( -4.739038523920171997, -0.2609614760798291133, -3.409635791902251967 ) ) ;
#7721 = AXIS2_PLACEMENT_3D ( 'NONE', #6077, #6211, #9013 ) ;
#7722 = CARTESIAN_POINT ( 'NONE',  ( -3.904737509655567873, 4.781924292710298509E-16, -87.25000000000000000 ) ) ;
#7723 = EDGE_LOOP ( 'NONE', ( #476, #1894, #1372 ) ) ;
#7724 = COORDINATED_UNIVERSAL_TIME_OFFSET ( 3, 30, .AHEAD. ) ;
#7725 = AXIS2_PLACEMENT_3D ( 'NONE', #4674, #3986, #8220 ) ;
#7726 = EDGE_CURVE ( 'NONE', #8524, #7803, #7274, .T. ) ;
#7727 = CIRCLE ( 'NONE', #7005, 3.904737509655562988 ) ;
#7728 = CARTESIAN_POINT ( 'NONE',  ( -4.567820679631958924, -0.4321793203680420747, -119.2734262372303391 ) ) ;
#7729 = CARTESIAN_POINT ( 'NONE',  ( 0.4915337874163398513, -4.508466212583660315, -53.39376480692352800 ) ) ;
#7730 = CARTESIAN_POINT ( 'NONE',  ( 3.671958834454335019, -1.328041165545665203, -26.75000000000000355 ) ) ;
#7731 = ORIENTED_EDGE ( 'NONE', *, *, #8678, .T. ) ;
#7732 = CARTESIAN_POINT ( 'NONE',  ( -4.960065625082965113, -0.03993437491703619863, -105.9186897864757526 ) ) ;
#7733 = DIRECTION ( 'NONE',  ( -0.000000000000000000, -0.000000000000000000, 1.000000000000000000 ) ) ;
#7734 = CARTESIAN_POINT ( 'NONE',  ( 0.000000000000000000, 0.000000000000000000, -29.50000000000000355 ) ) ;
#7735 = DIRECTION ( 'NONE',  ( -0.000000000000000000, -0.000000000000000000, 1.000000000000000000 ) ) ;
#7736 = CARTESIAN_POINT ( 'NONE',  ( -1.034155654313455908E-12, -4.999999999998965272, -106.3527427920860049 ) ) ;
#7737 = EDGE_CURVE ( 'NONE', #2428, #805, #1251, .T. ) ;
#7738 = AXIS2_PLACEMENT_3D ( 'NONE', #909, #8402, #2104 ) ;
#7739 = DIRECTION ( 'NONE',  ( -1.000000000000000000, 0.000000000000000000, -0.000000000000000000 ) ) ;
#7740 = FACE_OUTER_BOUND ( 'NONE', #5173, .T. ) ;
#7741 = TOROIDAL_SURFACE ( 'NONE', #6150, 1.000000000000000000, 4.000000000000000000 ) ;
#7742 = CARTESIAN_POINT ( 'NONE',  ( -5.000000000000281553, 2.811725620256466210E-13, -101.0000000000002132 ) ) ;
#7743 = B_SPLINE_CURVE_WITH_KNOTS ( 'NONE', 3,
 ( #2720, #4185, #8333, #6986, #684, #6296, #4918, #7729, #6386, #1414, #3539, #7035 ),
 .UNSPECIFIED., .F., .F.,
 ( 4, 2, 2, 2, 2, 4 ),
 ( 0.003504634718722896263, 0.003941423334001193345, 0.004378211949279489992, 0.005251789179836083288, 0.006125366410392676583, 0.006998943640949270746 ),
 .UNSPECIFIED. ) ;
#7744 = DIRECTION ( 'NONE',  ( -0.7071067811865475727, 0.7071067811865475727, 0.000000000000000000 ) ) ;
#7745 = CARTESIAN_POINT ( 'NONE',  ( 0.000000000000000000, -5.000000000000000000, -111.9999999999722036 ) ) ;
#7746 = ORIENTED_EDGE ( 'NONE', *, *, #4929, .T. ) ;
#7747 = CARTESIAN_POINT ( 'NONE',  ( -0.3138588207986357514, -4.686141179201362306, -16.96532131224213202 ) ) ;
#7748 = ORIENTED_EDGE ( 'NONE', *, *, #3070, .F. ) ;
#7749 = EDGE_CURVE ( 'NONE', #6869, #3267, #3679, .T. ) ;
#7750 = AXIS2_PLACEMENT_3D ( 'NONE', #8213, #7516, #1212 ) ;
#7751 = DIRECTION ( 'NONE',  ( 1.000000000000000000, 0.000000000000000000, 0.000000000000000000 ) ) ;
#7752 = CARTESIAN_POINT ( 'NONE',  ( 0.000000000000000000, -5.000000000000000000, -84.49999999997220357 ) ) ;
#7753 = DIRECTION ( 'NONE',  ( 1.000000000000000000, 0.000000000000000000, 0.000000000000000000 ) ) ;
#7754 = CARTESIAN_POINT ( 'NONE',  ( 0.000000000000000000, 0.000000000000000000, -112.0000000000000000 ) ) ;
#7755 = DIRECTION ( 'NONE',  ( 1.000000000000000000, 0.000000000000000000, 0.000000000000000000 ) ) ;
#7756 = CARTESIAN_POINT ( 'NONE',  ( 0.9599107665869291983, -4.040089233413071135, -71.02236572063978315 ) ) ;
#7758 = AXIS2_PLACEMENT_3D ( 'NONE', #3815, #1055, #3861 ) ;
#7757 = CARTESIAN_POINT ( 'NONE',  ( 4.686141179201316120, -0.3138588207986843237, -36.53467868775798166 ) ) ;
#7759 = ORIENTED_EDGE ( 'NONE', *, *, #1075, .F. ) ;
#7760 = CARTESIAN_POINT ( 'NONE',  ( 4.991698401481079905, -0.008301598518919086830, -101.2962536293577216 ) ) ;
#7761 = TOROIDAL_SURFACE ( 'NONE', #7020, 1.000000000000000000, 3.999999999999996447 ) ;
#7762 = VERTEX_POINT ( 'NONE', #4605 ) ;
#7763 = ADVANCED_FACE ( 'NONE', ( #9053 ), #8739, .T. ) ;
#7764 = CARTESIAN_POINT ( 'NONE',  ( 0.000000000000000000, 0.000000000000000000, -54.25000000000000000 ) ) ;
#7765 = AXIS2_PLACEMENT_3D ( 'NONE', #2552, #6878, #3387 ) ;
#7766 = CARTESIAN_POINT ( 'NONE',  ( 1.000000000000000000, 0.000000000000000000, -18.50000000000000355 ) ) ;
#7767 = CARTESIAN_POINT ( 'NONE',  ( 0.9999999999999993339, 0.000000000000000000, -42.49999999999999289 ) ) ;
#7768 = AXIS2_PLACEMENT_3D ( 'NONE', #3319, #2675, #4009 ) ;
#7769 = CARTESIAN_POINT ( 'NONE',  ( 0.000000000000000000, 0.000000000000000000, -68.00000000000000000 ) ) ;
#7770 = DIRECTION ( 'NONE',  ( 1.000000000000000000, 0.000000000000000000, 0.000000000000000000 ) ) ;
#7771 = EDGE_CURVE ( 'NONE', #8308, #4187, #5388, .T. ) ;
#7772 = CARTESIAN_POINT ( 'NONE',  ( 0.000000000000000000, 0.000000000000000000, -7.500000000000003553 ) ) ;
#7773 = ORIENTED_EDGE ( 'NONE', *, *, #7749, .T. ) ;
#7774 = PERSON_AND_ORGANIZATION ( #6507, #1122 ) ;
#7775 = ORIENTED_EDGE ( 'NONE', *, *, #5858, .T. ) ;
#7776 = CARTESIAN_POINT ( 'NONE',  ( -5.000000000000009770, 9.351879012397916469E-15, -7.353156469551624497 ) ) ;
#7777 = EDGE_CURVE ( 'NONE', #7291, #7500, #6838, .T. ) ;
#7778 = ORIENTED_EDGE ( 'NONE', *, *, #4467, .F. ) ;
#7779 = CARTESIAN_POINT ( 'NONE',  ( -4.960065625082964225, -0.03993437491703531739, -34.41868978647571709 ) ) ;
#7780 = CARTESIAN_POINT ( 'NONE',  ( -4.832344906989094468, -0.1676550930109067528, -80.14546193740916635 ) ) ;
#7781 = DIRECTION ( 'NONE',  ( 1.000000000000000000, 0.000000000000000000, 0.000000000000000000 ) ) ;
#7782 = CARTESIAN_POINT ( 'NONE',  ( 0.000000000000000000, -5.000000000000000000, -56.99999999999999289 ) ) ;
#7783 = EDGE_CURVE ( 'NONE', #5890, #2714, #6635, .T. ) ;
#7784 = DIRECTION ( 'NONE',  ( -0.000000000000000000, -0.000000000000000000, 1.000000000000000000 ) ) ;
#7785 = CARTESIAN_POINT ( 'NONE',  ( -4.739198801701949293, -0.2608011982980511512, -107.9092377177944542 ) ) ;
#7786 = CARTESIAN_POINT ( 'NONE',  ( -5.000000000000281553, 2.811725620256466210E-13, -68.00000000000021316 ) ) ;
#7787 = EDGE_CURVE ( 'NONE', #4199, #3417, #8007, .T. ) ;
#7788 = CARTESIAN_POINT ( 'NONE',  ( 5.000000000000281553, 2.809514862196180954E-13, -95.50000000000021316 ) ) ;
#7789 = CARTESIAN_POINT ( 'NONE',  ( -5.000000000000281553, 2.811725620256466210E-13, -117.5000000000001990 ) ) ;
#7790 = CARTESIAN_POINT ( 'NONE',  ( 0.1278684795020899323, -4.872131520497910095, -110.9925979694417464 ) ) ;
#7791 = EDGE_LOOP ( 'NONE', ( #474, #7002, #4171, #8407 ) ) ;
#7792 = CARTESIAN_POINT ( 'NONE',  ( -4.739198801701951069, -0.2608011982980495413, -14.40923771779446128 ) ) ;
#7793 = ORIENTED_EDGE ( 'NONE', *, *, #7196, .T. ) ;
#7794 = CARTESIAN_POINT ( 'NONE',  ( 4.041784260359807313, -0.9582157396401911331, -87.52377465029933035 ) ) ;
#7795 = CARTESIAN_POINT ( 'NONE',  ( -0.6335913640883387155, -4.366408635911661840, -37.10619955115780755 ) ) ;
#7796 = DIRECTION ( 'NONE',  ( 1.000000000000000000, 0.000000000000000000, 0.000000000000000000 ) ) ;
#7797 = EDGE_CURVE ( 'NONE', #6733, #8959, #74, .T. ) ;
#7798 = CARTESIAN_POINT ( 'NONE',  ( -0.9999999999999993339, 1.224646799147353207E-16, -31.50000000000000000 ) ) ;
#7799 = DIRECTION ( 'NONE',  ( -0.000000000000000000, -0.000000000000000000, 1.000000000000000000 ) ) ;
#7800 = CARTESIAN_POINT ( 'NONE',  ( 4.991698401481086123, -0.008301598518914900943, -35.29625362935773580 ) ) ;
#7801 = ORIENTED_EDGE ( 'NONE', *, *, #996, .T. ) ;
#7802 = CARTESIAN_POINT ( 'NONE',  ( 1.137203174285781326, -3.862796825714219118, -59.62899883711745730 ) ) ;
#7803 = VERTEX_POINT ( 'NONE', #8247 ) ;
#7804 = DIRECTION ( 'NONE',  ( 0.000000000000000000, 0.000000000000000000, -1.000000000000000000 ) ) ;
#7805 = CIRCLE ( 'NONE', #5015, 3.904737509655563876 ) ;
#7806 = DIRECTION ( 'NONE',  ( 1.000000000000000000, 0.000000000000000000, 0.000000000000000000 ) ) ;
#7807 = FACE_OUTER_BOUND ( 'NONE', #3332, .T. ) ;
#7808 = ADVANCED_FACE ( 'NONE', ( #2639 ), #6384, .F. ) ;
#7809 = CARTESIAN_POINT ( 'NONE',  ( -4.366408635906906532, -0.6335913640930935786, -71.39380044883600362 ) ) ;
#7810 = CARTESIAN_POINT ( 'NONE',  ( 0.000000000000000000, -5.000000000000000000, -2.000000000000000000 ) ) ;
#7811 = CARTESIAN_POINT ( 'NONE',  ( 5.000000000000281553, 2.809514862196180954E-13, -117.5000000000001990 ) ) ;
#7812 = ORIENTED_EDGE ( 'NONE', *, *, #7412, .T. ) ;
#7813 = PERSON_AND_ORGANIZATION_ROLE ( 'creator' ) ;
#7814 = ORIENTED_EDGE ( 'NONE', *, *, #8911, .T. ) ;
#7815 = AXIS2_PLACEMENT_3D ( 'NONE', #4709, #5480, #4065 ) ;
#7816 = CARTESIAN_POINT ( 'NONE',  ( -4.359865889258244920, -0.6401341107417566345, -119.6012504537134760 ) ) ;
#7817 = TOROIDAL_SURFACE ( 'NONE', #1646, 1.000000000000000000, 3.999999999999999112 ) ;
#7818 = DIRECTION ( 'NONE',  ( 1.000000000000000000, 0.000000000000000000, 0.000000000000000000 ) ) ;
#7819 = VERTEX_POINT ( 'NONE', #4106 ) ;
#7820 = DIRECTION ( 'NONE',  ( -0.000000000000000000, -0.000000000000000000, 1.000000000000000000 ) ) ;
#7821 = CARTESIAN_POINT ( 'NONE',  ( 0.000000000000000000, 0.000000000000000000, -87.25000000000000000 ) ) ;
#7822 = DIRECTION ( 'NONE',  ( 1.000000000000000000, 0.000000000000000000, 0.000000000000000000 ) ) ;
#7823 = CARTESIAN_POINT ( 'NONE',  ( 3.671958834454343013, -1.328041165545656987, -109.2499999999999858 ) ) ;
#7824 = CARTESIAN_POINT ( 'NONE',  ( 0.1593231317748074471, -4.840676868225192386, -102.1467805842997052 ) ) ;
#7825 = EDGE_CURVE ( 'NONE', #422, #7413, #4875, .T. ) ;
#7826 = CARTESIAN_POINT ( 'NONE',  ( 0.000000000000000000, 0.000000000000000000, -68.00000000000000000 ) ) ;
#7827 = DIRECTION ( 'NONE',  ( 0.000000000000000000, 0.000000000000000000, -1.000000000000000000 ) ) ;
#7828 = CARTESIAN_POINT ( 'NONE',  ( 0.008042224640658459170, -4.991957775359342264, -29.79246587454765560 ) ) ;
#7829 = DIRECTION ( 'NONE',  ( 0.000000000000000000, -1.000000000000000000, 0.000000000000000000 ) ) ;
#7830 = CARTESIAN_POINT ( 'NONE',  ( 0.4974474678531453642, -4.502552532146853359, -110.1132724230630799 ) ) ;
#7831 = ORIENTED_EDGE ( 'NONE', *, *, #1807, .T. ) ;
#7832 = CARTESIAN_POINT ( 'NONE',  ( -4.959369330385074548, -0.04063066961492747126, -13.58613448345569630 ) ) ;
#7833 = ORIENTED_EDGE ( 'NONE', *, *, #8199, .T. ) ;
#7834 = AXIS2_PLACEMENT_3D ( 'NONE', #4327, #831, #6442 ) ;
#7835 = EDGE_CURVE ( 'NONE', #1984, #7927, #4625, .T. ) ;
#7836 = CARTESIAN_POINT ( 'NONE',  ( 1.016695234776112395E-12, -5.000000000001018741, -112.1468435304221316 ) ) ;
#7837 = CARTESIAN_POINT ( 'NONE',  ( -0.03993437491706693793, -4.960065625082934027, -24.58131021352449963 ) ) ;
#7838 = DIRECTION ( 'NONE',  ( -0.000000000000000000, -0.000000000000000000, 1.000000000000000000 ) ) ;
#7839 = CARTESIAN_POINT ( 'NONE',  ( -4.832344906989094468, -0.1676550930109067528, -96.64546193740919477 ) ) ;
#7840 = DIRECTION ( 'NONE',  ( 1.000000000000000000, 0.000000000000000000, 0.000000000000000000 ) ) ;
#7841 = CIRCLE ( 'NONE', #3584, 1.000000000000000000 ) ;
#7842 = CARTESIAN_POINT ( 'NONE',  ( -0.6335913640883387155, -4.366408635911661840, -53.60619955115779334 ) ) ;
#7843 = ORIENTED_EDGE ( 'NONE', *, *, #1707, .F. ) ;
#7844 = CARTESIAN_POINT ( 'NONE',  ( -0.03993437491706836040, -4.960065625082929586, -74.08131021352447476 ) ) ;
#7845 = ORIENTED_EDGE ( 'NONE', *, *, #5237, .T. ) ;
#7846 = EDGE_CURVE ( 'NONE', #771, #2012, #8004, .T. ) ;
#7847 = CIRCLE ( 'NONE', #3012, 5.000000000000000000 ) ;
#7848 = DIRECTION ( 'NONE',  ( 0.000000000000000000, -1.000000000000000000, 0.000000000000000000 ) ) ;
#7849 = CYLINDRICAL_SURFACE ( 'NONE', #2554, 0.9999999999999995559 ) ;
#7850 = DIRECTION ( 'NONE',  ( -0.000000000000000000, -0.000000000000000000, 1.000000000000000000 ) ) ;
#7851 = TOROIDAL_SURFACE ( 'NONE', #8735, 1.000000000000000000, 3.999999999999996447 ) ;
#7852 = CARTESIAN_POINT ( 'NONE',  ( -1.328041165545656765, -3.671958834454343013, -76.25000000000000000 ) ) ;
#7853 = CARTESIAN_POINT ( 'NONE',  ( 4.840676868219843776, -0.1593231317801558355, -116.3532194156836539 ) ) ;
#7854 = VERTEX_POINT ( 'NONE', #8334 ) ;
#7855 = VECTOR ( 'NONE', #3424, 1000.000000000000114 ) ;
#7856 = APPROVAL_STATUS ( 'not_yet_approved' ) ;
#7857 = ORIENTED_EDGE ( 'NONE', *, *, #287, .T. ) ;
#7858 = EDGE_CURVE ( 'NONE', #2753, #6156, #1589, .T. ) ;
#7859 = ADVANCED_FACE ( 'NONE', ( #6519 ), #7851, .T. ) ;
#7860 = AXIS2_PLACEMENT_3D ( 'NONE', #4531, #3889, #1774 ) ;
#7861 = CARTESIAN_POINT ( 'NONE',  ( -4.041784260359804648, -0.9582157396401957961, -5.023774650299318800 ) ) ;
#7862 = AXIS2_PLACEMENT_3D ( 'NONE', #5707, #2307, #5656 ) ;
#7863 = CARTESIAN_POINT ( 'NONE',  ( -3.671958834454343013, -1.328041165545656765, -120.2499999999999858 ) ) ;
#7864 = CARTESIAN_POINT ( 'NONE',  ( -5.000000000000000000, 0.000000000000000000, -2.000000000000000000 ) ) ;
#7865 = ORIENTED_EDGE ( 'NONE', *, *, #504, .T. ) ;
#7866 = CARTESIAN_POINT ( 'NONE',  ( 3.725886176734854405E-15, -4.999999999999995559, -117.3527427921129913 ) ) ;
#7867 = CARTESIAN_POINT ( 'NONE',  ( -4.739198801701949293, -0.2608011982980511512, -80.40923771779445417 ) ) ;
#7868 = AXIS2_PLACEMENT_3D ( 'NONE', #1421, #6140, #2510 ) ;
#7869 = CARTESIAN_POINT ( 'NONE',  ( -4.502552532152131803, -0.4974474678478680301, -31.38672757692825854 ) ) ;
#7870 = CARTESIAN_POINT ( 'NONE',  ( -4.840676868219842888, -0.1593231317801557245, -110.8532194156836255 ) ) ;
#7871 = ORIENTED_EDGE ( 'NONE', *, *, #3731, .F. ) ;
#7872 = CARTESIAN_POINT ( 'NONE',  ( -0.1676550930162429565, -4.832344906983758293, -105.3545380625737522 ) ) ;
#7873 = EDGE_CURVE ( 'NONE', #509, #8493, #9019, .T. ) ;
#7874 = APPROVAL_PERSON_ORGANIZATION ( #3410, #4798, #8331 ) ;
#7875 = CYLINDRICAL_SURFACE ( 'NONE', #7471, 0.9999999999999995559 ) ;
#7876 = CARTESIAN_POINT ( 'NONE',  ( -0.008042224642554050493, -4.991957775357446003, -62.79246587457290474 ) ) ;
#7877 = DIRECTION ( 'NONE',  ( -0.000000000000000000, -0.000000000000000000, 1.000000000000000000 ) ) ;
#7878 = EDGE_CURVE ( 'NONE', #3942, #8987, #3588, .T. ) ;
#7879 = ORIENTED_EDGE ( 'NONE', *, *, #5461, .T. ) ;
#7880 = CARTESIAN_POINT ( 'NONE',  ( -0.03993437491706599424, -4.960065625082932250, -8.081310213524483643 ) ) ;
#7881 = ORIENTED_EDGE ( 'NONE', *, *, #7777, .F. ) ;
#7882 = LINE ( 'NONE', #1768, #2396 ) ;
#7883 = LOCAL_TIME ( 21, 14, 1.000000000000000000, #914 ) ;
#7884 = CARTESIAN_POINT ( 'NONE',  ( 0.4915337874163437926, -4.508466212583657651, -47.89376480692354221 ) ) ;
#7885 = CARTESIAN_POINT ( 'NONE',  ( 4.833123071218334843, -0.1668769287816652402, -121.8572048687072851 ) ) ;
#7886 = DIRECTION ( 'NONE',  ( -0.000000000000000000, -0.000000000000000000, 1.000000000000000000 ) ) ;
#7887 = CARTESIAN_POINT ( 'NONE',  ( -0.3138588207986359180, -4.686141179201362306, -11.46532131224213025 ) ) ;
#7888 = CARTESIAN_POINT ( 'NONE',  ( 0.7176137099602477587, -4.282386290039753796, -71.29777126958478561 ) ) ;
#7889 = ADVANCED_FACE ( 'NONE', ( #1505 ), #4275, .F. ) ;
#7890 = CARTESIAN_POINT ( 'NONE',  ( -3.671958834454343013, -1.328041165545656765, -114.7499999999999858 ) ) ;
#7891 = ORIENTED_EDGE ( 'NONE', *, *, #1171, .F. ) ;
#7892 = CARTESIAN_POINT ( 'NONE',  ( -0.2608011983036800929, -4.739198801696320018, -88.59076228219157656 ) ) ;
#7893 = AXIS2_PLACEMENT_3D ( 'NONE', #2898, #5823, #2240 ) ;
#7894 = AXIS2_PLACEMENT_3D ( 'NONE', #4593, #7355, #6715 ) ;
#7895 = VERTEX_POINT ( 'NONE', #7219 ) ;
#7896 = AXIS2_PLACEMENT_3D ( 'NONE', #2871, #8381, #789 ) ;
#7897 = EDGE_CURVE ( 'NONE', #7116, #3236, #7573, .T. ) ;
#7898 = CARTESIAN_POINT ( 'NONE',  ( -0.9999999999999995559, 1.224646799147352714E-16, 0.000000000000000000 ) ) ;
#7899 = CARTESIAN_POINT ( 'NONE',  ( 0.000000000000000000, 0.000000000000000000, -46.00000000000000000 ) ) ;
#7900 = CARTESIAN_POINT ( 'NONE',  ( 0.6401341107464960656, -4.359865889253503823, -93.39874954628010073 ) ) ;
#7901 = AXIS2_PLACEMENT_3D ( 'NONE', #1235, #553, #3363 ) ;
#7902 = CIRCLE ( 'NONE', #8485, 0.9999999999999993339 ) ;
#7903 = CARTESIAN_POINT ( 'NONE',  ( 0.000000000000000000, 0.000000000000000000, -46.00000000000000000 ) ) ;
#7904 = B_SPLINE_CURVE_WITH_KNOTS ( 'NONE', 3,
 ( #4091, #4039, #716, #802, #7151, #2276, #2138, #5130, #8577, #1397, #3565, #2834, #3615, #2886, #4299, #68 ),
 .UNSPECIFIED., .F., .F.,
 ( 4, 2, 2, 2, 2, 2, 2, 4 ),
 ( 4.818711198922718609E-07, 0.0008765200830205778157, 0.001314539188970933505, 0.001752558294921289410, 0.002190577400871645316, 0.002628596506822001005, 0.003066615612772357127, 0.003504634718722713250 ),
 .UNSPECIFIED. ) ;
#7905 = EDGE_CURVE ( 'NONE', #7181, #9048, #173, .T. ) ;
#7906 = DIRECTION ( 'NONE',  ( -0.000000000000000000, -0.000000000000000000, 1.000000000000000000 ) ) ;
#7907 = ORIENTED_EDGE ( 'NONE', *, *, #3757, .T. ) ;
#7908 = PERSON_AND_ORGANIZATION ( #6507, #1122 ) ;
#7909 = ORIENTED_EDGE ( 'NONE', *, *, #4667, .F. ) ;
#7910 = AXIS2_PLACEMENT_3D ( 'NONE', #7641, #4834, #6208 ) ;
#7911 = DIRECTION ( 'NONE',  ( -1.000000000000000000, 1.224646799147353454E-16, 0.000000000000000000 ) ) ;
#7912 = CARTESIAN_POINT ( 'NONE',  ( -4.999999999999986677, -1.245921937940029991E-14, -84.64725720788726449 ) ) ;
#7913 = ADVANCED_FACE ( 'NONE', ( #4229 ), #1979, .T. ) ;
#7914 = DIRECTION ( 'NONE',  ( 1.000000000000000000, 0.000000000000000000, 0.000000000000000000 ) ) ;
#7915 = ORIENTED_EDGE ( 'NONE', *, *, #2545, .F. ) ;
#7916 = CARTESIAN_POINT ( 'NONE',  ( 0.1676550930108578474, -4.832344906989141542, -116.3545380625909473 ) ) ;
#7917 = CARTESIAN_POINT ( 'NONE',  ( 1.000000000000000000, 0.000000000000000000, -79.00000000000000000 ) ) ;
#7918 = CARTESIAN_POINT ( 'NONE',  ( 0.04063066961833028401, -4.959369330381669272, -89.41386551652185233 ) ) ;
#7919 = CARTESIAN_POINT ( 'NONE',  ( -0.3138588207986401368, -4.686141179201361417, -115.9653213122421676 ) ) ;
#7920 = VERTEX_POINT ( 'NONE', #7864 ) ;
#7921 = CARTESIAN_POINT ( 'NONE',  ( 1.021646565869287811E-12, -5.000000000001022293, -46.14684353042215292 ) ) ;
#7922 = DIRECTION ( 'NONE',  ( 1.000000000000000000, 0.000000000000000000, 0.000000000000000000 ) ) ;
#7923 = CARTESIAN_POINT ( 'NONE',  ( -0.06404366728014389276, -4.935956332719856121, -63.22559813401495887 ) ) ;
#7924 = EDGE_CURVE ( 'NONE', #3964, #7513, #4046, .T. ) ;
#7925 = CARTESIAN_POINT ( 'NONE',  ( -0.1278684795020899323, -4.872131520497910095, -99.99259796944171796 ) ) ;
#7926 = CARTESIAN_POINT ( 'NONE',  ( 0.06459124883188717414, -4.935408751168113284, -100.2716523491350955 ) ) ;
#7927 = VERTEX_POINT ( 'NONE', #2298 ) ;
#7928 = CARTESIAN_POINT ( 'NONE',  ( -3.671958834454339016, -1.328041165545661206, -15.75000000000000000 ) ) ;
#7929 = UNCERTAINTY_MEASURE_WITH_UNIT (LENGTH_MEASURE( 1.000000000000000082E-05 ), #681, 'distance_accuracy_value', 'NONE');
#7930 = ORIENTED_EDGE ( 'NONE', *, *, #3101, .F. ) ;
#7931 = CARTESIAN_POINT ( 'NONE',  ( -1.136863993906868986, -3.863136006093129016, -48.87121622079634875 ) ) ;
#7932 = DIRECTION ( 'NONE',  ( 0.000000000000000000, 0.000000000000000000, -1.000000000000000000 ) ) ;
#7933 = CARTESIAN_POINT ( 'NONE',  ( 3.671958834454336351, -1.328041165545663871, -32.25000000000000000 ) ) ;
#7934 = CYLINDRICAL_SURFACE ( 'NONE', #6889, 0.9999999999999995559 ) ;
#7935 = DIRECTION ( 'NONE',  ( 1.000000000000000000, 0.000000000000000000, 0.000000000000000000 ) ) ;
#7936 = CARTESIAN_POINT ( 'NONE',  ( -3.863136006094630481, -1.136863993905370185, -37.62878377920269202 ) ) ;
#7937 = ORIENTED_EDGE ( 'NONE', *, *, #5735, .T. ) ;
#7938 = CARTESIAN_POINT ( 'NONE',  ( 0.1593231317801984404, -4.840676868219800255, -58.14678058431649532 ) ) ;
#7939 = ORIENTED_EDGE ( 'NONE', *, *, #8013, .T. ) ;
#7940 = EDGE_CURVE ( 'NONE', #5912, #2428, #6236, .T. ) ;
#7941 = CARTESIAN_POINT ( 'NONE',  ( 5.000000000000008882, 8.403731507065130871E-15, -18.35315646955162450 ) ) ;
#7942 = DIRECTION ( 'NONE',  ( 1.000000000000000000, 0.000000000000000000, 0.000000000000000000 ) ) ;
#7943 = DIRECTION ( 'NONE',  ( 1.224646799147353207E-16, 1.000000000000000000, 0.000000000000000000 ) ) ;
#7944 = DIRECTION ( 'NONE',  ( 1.000000000000000000, 0.000000000000000000, 0.000000000000000000 ) ) ;
#7945 = CARTESIAN_POINT ( 'NONE',  ( 0.9999999999999995559, 0.000000000000000000, 0.000000000000000000 ) ) ;
#7946 = ORIENTED_EDGE ( 'NONE', *, *, #6713, .T. ) ;
#7947 = DATE_AND_TIME ( #3905, #6265 ) ;
#7948 = ORIENTED_EDGE ( 'NONE', *, *, #4304, .F. ) ;
#7949 = EDGE_CURVE ( 'NONE', #1190, #8415, #1528, .T. ) ;
#7950 = CARTESIAN_POINT ( 'NONE',  ( 0.000000000000000000, 0.000000000000000000, -59.75000000000000000 ) ) ;
#7951 = AXIS2_PLACEMENT_3D ( 'NONE', #6440, #2162, #3591 ) ;
#7952 = DIRECTION ( 'NONE',  ( -0.000000000000000000, -0.000000000000000000, 1.000000000000000000 ) ) ;
#7953 = ORIENTED_EDGE ( 'NONE', *, *, #3976, .F. ) ;
#7954 = AXIS2_PLACEMENT_3D ( 'NONE', #7426, #3744, #4527 ) ;
#7955 = DIRECTION ( 'NONE',  ( 1.000000000000000000, 0.000000000000000000, 0.000000000000000000 ) ) ;
#7956 = CARTESIAN_POINT ( 'NONE',  ( 1.136863993905363301, -3.863136006094636699, -21.37121622079730088 ) ) ;
#7957 = CARTESIAN_POINT ( 'NONE',  ( -4.999999999999992006, -9.405877362785354449E-15, -29.64725720788726449 ) ) ;
#7958 = CARTESIAN_POINT ( 'NONE',  ( 3.904737509655562988, 0.000000000000000000, -26.75000000000000355 ) ) ;
#7959 = ORIENTED_EDGE ( 'NONE', *, *, #8134, .T. ) ;
#7960 = DIRECTION ( 'NONE',  ( -0.000000000000000000, -0.000000000000000000, 1.000000000000000000 ) ) ;
#7961 = EDGE_CURVE ( 'NONE', #2140, #2888, #2573, .T. ) ;
#7962 = AXIS2_PLACEMENT_3D ( 'NONE', #6522, #1699, #922 ) ;
#7963 = ADVANCED_FACE ( 'NONE', ( #5790 ), #2125, .T. ) ;
#7964 = DIRECTION ( 'NONE',  ( 1.000000000000000000, 0.000000000000000000, 0.000000000000000000 ) ) ;
#7965 = DIRECTION ( 'NONE',  ( -0.000000000000000000, -0.000000000000000000, 1.000000000000000000 ) ) ;
#7966 = CARTESIAN_POINT ( 'NONE',  ( -1.328041165545656765, -3.671958834454343013, -98.24999999999998579 ) ) ;
#7967 = CARTESIAN_POINT ( 'NONE',  ( -1.000000000000000000, 1.224646799147353207E-16, -46.00000000000000000 ) ) ;
#7968 = ORIENTED_EDGE ( 'NONE', *, *, #6764, .T. ) ;
#7969 = DIRECTION ( 'NONE',  ( -1.000000000000000000, 1.224646799147353207E-16, 0.000000000000000000 ) ) ;
#7970 = EDGE_LOOP ( 'NONE', ( #7470, #7090, #1870, #6624 ) ) ;
#7971 = ADVANCED_FACE ( 'NONE', ( #5104 ), #8300, .T. ) ;
#7972 = EDGE_CURVE ( 'NONE', #1376, #1886, #1248, .T. ) ;
#7973 = CARTESIAN_POINT ( 'NONE',  ( 1.000000000000000000, 0.000000000000000000, -27.49999999999999645 ) ) ;
#7974 = CARTESIAN_POINT ( 'NONE',  ( -0.03993437491367648334, -4.960065625086322427, -85.08131021350180845 ) ) ;
#7975 = CARTESIAN_POINT ( 'NONE',  ( 0.000000000000000000, 0.000000000000000000, -29.50000000000000355 ) ) ;
#7976 = CARTESIAN_POINT ( 'NONE',  ( -4.832344906989096245, -0.1676550930109019510, -47.14546193740918056 ) ) ;
#7977 = DIRECTION ( 'NONE',  ( 1.000000000000000000, 0.000000000000000000, 0.000000000000000000 ) ) ;
#7978 = AXIS2_PLACEMENT_3D ( 'NONE', #8355, #2091, #2787 ) ;
#7979 = CARTESIAN_POINT ( 'NONE',  ( -5.000000000000007105, 5.905196070901760024E-15, -117.3531564695516067 ) ) ;
#7980 = ORIENTED_EDGE ( 'NONE', *, *, #8794, .F. ) ;
#7981 = DIRECTION ( 'NONE',  ( -0.000000000000000000, -0.000000000000000000, 1.000000000000000000 ) ) ;
#7982 = EDGE_LOOP ( 'NONE', ( #6312, #3787, #1820 ) ) ;
#7983 = CIRCLE ( 'NONE', #937, 3.904737509655567429 ) ;
#7984 = CARTESIAN_POINT ( 'NONE',  ( -0.3138588208043027183, -4.686141179195698392, -66.46532131222956252 ) ) ;
#7985 = DIRECTION ( 'NONE',  ( -1.000000000000000000, 1.224646799147353207E-16, 0.000000000000000000 ) ) ;
#7986 = TOROIDAL_SURFACE ( 'NONE', #642, 1.000000000000000000, 3.999999999999999112 ) ;
#7987 = CARTESIAN_POINT ( 'NONE',  ( 1.027174926393432362E-12, -4.999999999998974154, -95.35274279208621806 ) ) ;
#7988 = CARTESIAN_POINT ( 'NONE',  ( 1.328041165545661428, -3.671958834454339016, -21.24999999999999645 ) ) ;
#7989 = CARTESIAN_POINT ( 'NONE',  ( -0.1676550930108554605, -4.832344906989142430, -22.85453806259096865 ) ) ;
#7990 = ORIENTED_EDGE ( 'NONE', *, *, #5111, .T. ) ;
#7991 = CONTEXT_DEPENDENT_SHAPE_REPRESENTATION ( #2260, #8298 ) ;
#7992 = ADVANCED_FACE ( 'NONE', ( #8644 ), #72, .T. ) ;
#7993 = ORIENTED_EDGE ( 'NONE', *, *, #6262, .F. ) ;
#7994 = CARTESIAN_POINT ( 'NONE',  ( 4.872131520502826163, -0.1278684794971743088, -113.0074020305400353 ) ) ;
#7995 = CARTESIAN_POINT ( 'NONE',  ( 0.000000000000000000, 0.000000000000000000, 0.000000000000000000 ) ) ;
#7996 = AXIS2_PLACEMENT_3D ( 'NONE', #2896, #5005, #33 ) ;
#7997 = CARTESIAN_POINT ( 'NONE',  ( -0.9999999999999995559, 1.224646799147352714E-16, 0.000000000000000000 ) ) ;
#7998 = VERTEX_POINT ( 'NONE', #1011 ) ;
#7999 = CARTESIAN_POINT ( 'NONE',  ( 5.000000000000281553, 2.809514862196180954E-13, -106.5000000000001990 ) ) ;
#8000 = DIRECTION ( 'NONE',  ( 0.000000000000000000, 0.000000000000000000, -1.000000000000000000 ) ) ;
#8001 = DIRECTION ( 'NONE',  ( 1.000000000000000000, 0.000000000000000000, 0.000000000000000000 ) ) ;
#8002 = EDGE_CURVE ( 'NONE', #6981, #7291, #6836, .T. ) ;
#8003 = CARTESIAN_POINT ( 'NONE',  ( 0.000000000000000000, -5.000000000000000000, -117.5000000000000000 ) ) ;
#8004 = CIRCLE ( 'NONE', #3893, 0.9999999999999993339 ) ;
#8005 = ORIENTED_EDGE ( 'NONE', *, *, #7924, .T. ) ;
#8006 = DIRECTION ( 'NONE',  ( 1.224646799147353207E-16, 1.000000000000000000, 0.000000000000000000 ) ) ;
#8007 = CIRCLE ( 'NONE', #5213, 1.999999999999994893 ) ;
#8008 = TOROIDAL_SURFACE ( 'NONE', #367, 1.000000000000000000, 3.999999999999996447 ) ;
#8009 = CARTESIAN_POINT ( 'NONE',  ( -3.904737509655562544, 4.781924292710295550E-16, -48.75000000000000000 ) ) ;
#8010 = CARTESIAN_POINT ( 'NONE',  ( 0.000000000000000000, 0.000000000000000000, -51.50000000000000711 ) ) ;
#8011 = CARTESIAN_POINT ( 'NONE',  ( 4.041784260359807313, -0.9582157396401936866, -98.52377465029933035 ) ) ;
#8012 = CARTESIAN_POINT ( 'NONE',  ( 0.4321793203734998756, -4.567820679626500180, -99.22657376275984120 ) ) ;
#8013 = EDGE_CURVE ( 'NONE', #3046, #6969, #3154, .T. ) ;
#8014 = AXIS2_PLACEMENT_3D ( 'NONE', #889, #3693, #2681 ) ;
#8015 = EDGE_LOOP ( 'NONE', ( #4639, #4521, #6884, #7831 ) ) ;
#8016 = DIRECTION ( 'NONE',  ( -1.000000000000000000, 1.224646799147353207E-16, 0.000000000000000000 ) ) ;
#8017 = VERTEX_POINT ( 'NONE', #7453 ) ;
#8018 = AXIS2_PLACEMENT_3D ( 'NONE', #6940, #637, #4180 ) ;
#8019 = EDGE_LOOP ( 'NONE', ( #1947, #8971, #6141, #536 ) ) ;
#8020 = AXIS2_PLACEMENT_3D ( 'NONE', #530, #4119, #3337 ) ;
#8021 = CARTESIAN_POINT ( 'NONE',  ( 0.2608011982979999699, -4.739198801702001695, -6.090762282205671063 ) ) ;
#8022 = CARTESIAN_POINT ( 'NONE',  ( 0.1593231317748051712, -4.840676868225195939, -47.14678058429972651 ) ) ;
#8023 = CARTESIAN_POINT ( 'NONE',  ( -4.739198801701951957, -0.2608011982980475429, -58.40923771779445417 ) ) ;
#8024 = CARTESIAN_POINT ( 'NONE',  ( -1.328041165545661428, -3.671958834454339016, -21.24999999999999645 ) ) ;
#8025 = DIRECTION ( 'NONE',  ( -0.000000000000000000, -0.000000000000000000, 1.000000000000000000 ) ) ;
#8026 = CARTESIAN_POINT ( 'NONE',  ( 0.1676550930162019892, -4.832344906983798261, -39.35453806257385878 ) ) ;
#8027 = EDGE_CURVE ( 'NONE', #7998, #8122, #807, .T. ) ;
#8028 = CARTESIAN_POINT ( 'NONE',  ( -4.748219996434698054, -0.2517800035653024460, -116.0911636276301522 ) ) ;
#8029 = ORIENTED_EDGE ( 'NONE', *, *, #6623, .T. ) ;
#8030 = CARTESIAN_POINT ( 'NONE',  ( 0.000000000000000000, 0.000000000000000000, -43.25000000000000711 ) ) ;
#8031 = ORIENTED_EDGE ( 'NONE', *, *, #4283, .F. ) ;
#8032 = CARTESIAN_POINT ( 'NONE',  ( 0.000000000000000000, -5.000000000000000000, -67.99999999997220357 ) ) ;
#8033 = CARTESIAN_POINT ( 'NONE',  ( 0.000000000000000000, 0.000000000000000000, -91.99999999999998579 ) ) ;
#8034 = CARTESIAN_POINT ( 'NONE',  ( 0.06459124883188724353, -4.935408751168113284, -67.27165234913506708 ) ) ;
#8035 = AXIS2_PLACEMENT_3D ( 'NONE', #181, #7123, #3635 ) ;
#8036 = CYLINDRICAL_SURFACE ( 'NONE', #4808, 0.9999999999999995559 ) ;
#8037 = CARTESIAN_POINT ( 'NONE',  ( 1.328041165545656765, -3.671958834454343013, -81.74999999999998579 ) ) ;
#8038 = ORIENTED_EDGE ( 'NONE', *, *, #3364, .F. ) ;
#8039 = CC_DESIGN_APPROVAL ( #3449, ( #247 ) ) ;
#8040 = ITEM_DEFINED_TRANSFORMATION ( 'NONE', 'NONE', #1700,  #8018 ) ;
#8041 = ORIENTED_EDGE ( 'NONE', *, *, #7606, .F. ) ;
#8042 = AXIS2_PLACEMENT_3D ( 'NONE', #6319, #1536, #6461 ) ;
#8043 = TOROIDAL_SURFACE ( 'NONE', #8782, 1.000000000000000000, 4.000000000000000000 ) ;
#8044 = CIRCLE ( 'NONE', #413, 1.000000000000000000 ) ;
#8045 = ADVANCED_FACE ( 'NONE', ( #5874 ), #8441, .T. ) ;
#8046 = CARTESIAN_POINT ( 'NONE',  ( 4.567664291716008407, -0.4323357082839922039, -3.773708731195404287 ) ) ;
#8047 = CARTESIAN_POINT ( 'NONE',  ( 0.000000000000000000, 0.000000000000000000, -82.50000000000000000 ) ) ;
#8048 = DIRECTION ( 'NONE',  ( -0.000000000000000000, -0.000000000000000000, 1.000000000000000000 ) ) ;
#8049 = ORIENTED_EDGE ( 'NONE', *, *, #592, .T. ) ;
#8050 = B_SPLINE_CURVE_WITH_KNOTS ( 'NONE', 3,
 ( #5027, #5716, #3553, #1433, #843, #7830, #8382, #1383, #2824, #5620, #7790, #7695, #8522, #2129, #4936, #7745 ),
 .UNSPECIFIED., .F., .F.,
 ( 4, 2, 2, 2, 2, 2, 2, 4 ),
 ( 4.818711199175747468E-07, 0.0008765200830206747434, 0.001314539188971052550, 0.001752558294921430790, 0.002190577400871808380, 0.002628596506822186187, 0.003066615612772564427, 0.003504634718722942233 ),
 .UNSPECIFIED. ) ;
#8051 = DIRECTION ( 'NONE',  ( 0.000000000000000000, 0.000000000000000000, -1.000000000000000000 ) ) ;
#8052 = CARTESIAN_POINT ( 'NONE',  ( -4.359865889258240479, -0.6401341107417601872, -20.60125045371350083 ) ) ;
#8053 = CIRCLE ( 'NONE', #861, 4.000000000000003553 ) ;
#8054 = ORIENTED_EDGE ( 'NONE', *, *, #4467, .T. ) ;
#8055 = CARTESIAN_POINT ( 'NONE',  ( 0.000000000000000000, 0.000000000000000000, -46.00000000000000000 ) ) ;
#8056 = EDGE_CURVE ( 'NONE', #8308, #8682, #4182, .T. ) ;
#8057 = AXIS2_PLACEMENT_3D ( 'NONE', #5217, #8025, #1032 ) ;
#8058 = DIRECTION ( 'NONE',  ( -0.000000000000000000, -0.000000000000000000, 1.000000000000000000 ) ) ;
#8059 = TOROIDAL_SURFACE ( 'NONE', #424, 1.000000000000000000, 3.999999999999999112 ) ;
#8060 = CARTESIAN_POINT ( 'NONE',  ( -4.282386290039721821, -0.7176137099602799552, -53.70222873041529255 ) ) ;
#8061 = CARTESIAN_POINT ( 'NONE',  ( -1.136863993905363079, -3.863136006094637143, -10.37121622079730443 ) ) ;
#8062 = DIRECTION ( 'NONE',  ( -0.000000000000000000, -0.000000000000000000, 1.000000000000000000 ) ) ;
#8063 = DIRECTION ( 'NONE',  ( 1.000000000000000000, 0.000000000000000000, 0.000000000000000000 ) ) ;
#8064 = EDGE_CURVE ( 'NONE', #8206, #1613, #4595, .T. ) ;
#8065 = VERTEX_POINT ( 'NONE', #2487 ) ;
#8066 = CARTESIAN_POINT ( 'NONE',  ( -5.000000000000281553, 2.811725620256466210E-13, -84.50000000000021316 ) ) ;
#8067 = VERTEX_POINT ( 'NONE', #227 ) ;
#8068 = EDGE_LOOP ( 'NONE', ( #7153, #4911, #3855, #4342 ) ) ;
#8069 = ADVANCED_FACE ( 'NONE', ( #3040 ), #518, .T. ) ;
#8070 = CARTESIAN_POINT ( 'NONE',  ( -5.000000000000283329, 2.838313978266924103E-13, -24.00000000000021316 ) ) ;
#8071 = CARTESIAN_POINT ( 'NONE',  ( 1.000000000000000000, 0.000000000000000000, -56.99999999999999289 ) ) ;
#8072 = CARTESIAN_POINT ( 'NONE',  ( 0.000000000000000000, 0.000000000000000000, -101.0000000000000000 ) ) ;
#8073 = CARTESIAN_POINT ( 'NONE',  ( 0.000000000000000000, 0.000000000000000000, -109.2499999999999858 ) ) ;
#8074 = CARTESIAN_POINT ( 'NONE',  ( -0.06459124882788470912, -4.935408751172114528, -61.77165234915616310 ) ) ;
#8075 = DIRECTION ( 'NONE',  ( -0.000000000000000000, -0.000000000000000000, 1.000000000000000000 ) ) ;
#8076 = CARTESIAN_POINT ( 'NONE',  ( -5.000000000000281553, 2.811725620256466210E-13, -117.5000000000001990 ) ) ;
#8077 = EDGE_LOOP ( 'NONE', ( #6484, #1643, #844 ) ) ;
#8078 = CARTESIAN_POINT ( 'NONE',  ( 0.000000000000000000, -5.000000000000000000, -89.99999999997200462 ) ) ;
#8079 = VERTEX_POINT ( 'NONE', #8787 ) ;
#8080 = EDGE_CURVE ( 'NONE', #1408, #6323, #5650, .T. ) ;
#8081 = CARTESIAN_POINT ( 'NONE',  ( 0.000000000000000000, 0.000000000000000000, -87.25000000000000000 ) ) ;
#8082 = EDGE_CURVE ( 'NONE', #6378, #2743, #5436, .T. ) ;
#8083 = CYLINDRICAL_SURFACE ( 'NONE', #1286, 0.9999999999999995559 ) ;
#8084 = CARTESIAN_POINT ( 'NONE',  ( 0.04063066961489641277, -4.959369330385103858, -17.91386551654451864 ) ) ;
#8085 = CARTESIAN_POINT ( 'NONE',  ( -4.967796004299648516, -0.03220399570035233083, -122.4154637256984870 ) ) ;
#8086 = CARTESIAN_POINT ( 'NONE',  ( -4.508466212578266408, -0.4915337874217325931, -60.60623519306796680 ) ) ;
#8087 = CARTESIAN_POINT ( 'NONE',  ( -5.000000000000007105, 5.907101895033082199E-15, -84.35315646955164937 ) ) ;
#8088 = DIRECTION ( 'NONE',  ( -0.000000000000000000, -0.000000000000000000, 1.000000000000000000 ) ) ;
#8089 = ORIENTED_EDGE ( 'NONE', *, *, #2597, .T. ) ;
#8090 = COORDINATED_UNIVERSAL_TIME_OFFSET ( 3, 30, .AHEAD. ) ;
#8091 = ORIENTED_EDGE ( 'NONE', *, *, #596, .T. ) ;
#8092 = EDGE_CURVE ( 'NONE', #3998, #3046, #4550, .T. ) ;
#8093 = CARTESIAN_POINT ( 'NONE',  ( 4.999999999999986677, -1.267690684684465825E-14, -112.1472572078872645 ) ) ;
#8094 = B_SPLINE_CURVE_WITH_KNOTS ( 'NONE', 3,
 ( #1772, #6692, #7429, #1815, #2324, #390, #7241, #5856, #5265, #2365, #4572, #8074, #7337, #1128, #1078, #2508 ),
 .UNSPECIFIED., .F., .F.,
 ( 4, 2, 2, 2, 2, 2, 2, 4 ),
 ( 4.818711198557174130E-07, 0.0008765200830275126980, 0.001314539188981335340, 0.001752558294935158091, 0.002190577400888980408, 0.002628596506842802941, 0.003066615612796625909, 0.003504634718750448442 ),
 .UNSPECIFIED. ) ;
#8095 = DIRECTION ( 'NONE',  ( 1.224646799147353207E-16, 1.000000000000000000, 0.000000000000000000 ) ) ;
#8096 = CARTESIAN_POINT ( 'NONE',  ( 1.000000000000002220, 0.000000000000000000, -122.9999999999999716 ) ) ;
#8097 = VERTEX_POINT ( 'NONE', #9047 ) ;
#8098 = CARTESIAN_POINT ( 'NONE',  ( 4.282386290039718268, -0.7176137099602819536, -103.2022287304152712 ) ) ;
#8099 = CARTESIAN_POINT ( 'NONE',  ( -0.1676550930108563764, -4.832344906989142430, -6.354538062590958880 ) ) ;
#8100 = VERTEX_POINT ( 'NONE', #3408 ) ;
#8101 = CARTESIAN_POINT ( 'NONE',  ( -0.9999999999999995559, 1.224646799147352714E-16, 0.000000000000000000 ) ) ;
#8102 = AXIS2_PLACEMENT_3D ( 'NONE', #7975, #3019, #2410 ) ;
#8103 = CARTESIAN_POINT ( 'NONE',  ( 3.671958834454343013, -1.328041165545656987, -120.2499999999999858 ) ) ;
#8104 = CARTESIAN_POINT ( 'NONE',  ( -3.863136006094630481, -1.136863993905370185, -54.12878377920268491 ) ) ;
#8105 = EDGE_LOOP ( 'NONE', ( #5584, #7093, #903 ) ) ;
#8106 = CARTESIAN_POINT ( 'NONE',  ( 4.366408635906906532, -0.6335913640930934676, -98.89380044883601784 ) ) ;
#8107 = CARTESIAN_POINT ( 'NONE',  ( -1.000000000000000000, 1.224646799147353207E-16, -18.50000000000000355 ) ) ;
#8108 = ORIENTED_EDGE ( 'NONE', *, *, #6108, .F. ) ;
#8109 = DIRECTION ( 'NONE',  ( -0.000000000000000000, -0.000000000000000000, 1.000000000000000000 ) ) ;
#8110 = EDGE_CURVE ( 'NONE', #6204, #5348, #7071, .T. ) ;
#8111 = EDGE_LOOP ( 'NONE', ( #4222, #3877, #7421, #7067 ) ) ;
#8112 = B_SPLINE_CURVE_WITH_KNOTS ( 'NONE', 3,
 ( #6375, #3758, #131, #1641, #7210, #2195, #1455, #3577, #4447, #8502, #34, #815, #2288, #4961, #81, #3033 ),
 .UNSPECIFIED., .F., .F.,
 ( 4, 2, 2, 2, 2, 2, 2, 4 ),
 ( 4.818711198454839844E-07, 0.0008765200830274816899, 0.001314539188981306067, 0.001752558294935130552, 0.002190577400888955254, 0.002628596506842780390, 0.003066615612796604658, 0.003504634718750429360 ),
 .UNSPECIFIED. ) ;
#8113 = AXIS2_PLACEMENT_3D ( 'NONE', #430, #606, #517 ) ;
#8114 = ORIENTED_EDGE ( 'NONE', *, *, #8092, .T. ) ;
#8115 = CARTESIAN_POINT ( 'NONE',  ( -1.328041165545667868, -3.671958834454332354, -4.750000000000001776 ) ) ;
#8116 = DIRECTION ( 'NONE',  ( 1.000000000000000000, 0.000000000000000000, 0.000000000000000000 ) ) ;
#8117 = CARTESIAN_POINT ( 'NONE',  ( 1.000000000000000000, 0.000000000000000000, -106.5000000000000000 ) ) ;
#8118 = CARTESIAN_POINT ( 'NONE',  ( -5.000000000000007105, 5.907101895033082199E-15, -95.35315646955162094 ) ) ;
#8119 = CARTESIAN_POINT ( 'NONE',  ( -4.502552532152132692, -0.4974474678478675860, -47.88672757692825144 ) ) ;
#8120 = CARTESIAN_POINT ( 'NONE',  ( -4.366408635906910085, -0.6335913640930901369, -43.89380044883598941 ) ) ;
#8121 = CARTESIAN_POINT ( 'NONE',  ( -2.999999999999999112, 3.673940397442059375E-16, -123.0000000000000000 ) ) ;
#8122 = VERTEX_POINT ( 'NONE', #7675 ) ;
#8123 = CARTESIAN_POINT ( 'NONE',  ( -0.3138588208042981664, -4.686141179195702833, -38.96532131222955542 ) ) ;
#8124 = ADVANCED_FACE ( 'NONE', ( #8329 ), #1100, .T. ) ;
#8125 = VERTEX_POINT ( 'NONE', #460 ) ;
#8126 = CARTESIAN_POINT ( 'NONE',  ( -4.359865889258244920, -0.6401341107417566345, -103.1012504537135044 ) ) ;
#8127 = FACE_OUTER_BOUND ( 'NONE', #9026, .T. ) ;
#8128 = CARTESIAN_POINT ( 'NONE',  ( -4.959369330385070107, -0.04063066961493041335, -85.08613448345570873 ) ) ;
#8129 = DIRECTION ( 'NONE',  ( -0.000000000000000000, -0.000000000000000000, 1.000000000000000000 ) ) ;
#8130 = DIRECTION ( 'NONE',  ( 1.000000000000000000, 0.000000000000000000, 0.000000000000000000 ) ) ;
#8131 = CARTESIAN_POINT ( 'NONE',  ( 0.9582157396373103264, -4.041784260362688563, -92.47622534969821118 ) ) ;
#8132 = ORIENTED_EDGE ( 'NONE', *, *, #7777, .T. ) ;
#8133 = PERSON_AND_ORGANIZATION ( #6507, #1122 ) ;
#8134 = EDGE_CURVE ( 'NONE', #8067, #2876, #8716, .T. ) ;
#8135 = ORIENTED_EDGE ( 'NONE', *, *, #7183, .F. ) ;
#8136 = AXIS2_PLACEMENT_3D ( 'NONE', #2069, #8411, #1172 ) ;
#8137 = CARTESIAN_POINT ( 'NONE',  ( 4.748219996434697165, -0.2517800035653030011, -22.59116362763014862 ) ) ;
#8138 = DIRECTION ( 'NONE',  ( -0.000000000000000000, -0.000000000000000000, 1.000000000000000000 ) ) ;
#8139 = FACE_OUTER_BOUND ( 'NONE', #5771, .T. ) ;
#8140 = DIRECTION ( 'NONE',  ( 1.000000000000000000, 0.000000000000000000, 0.000000000000000000 ) ) ;
#8141 = ORIENTED_EDGE ( 'NONE', *, *, #5729, .T. ) ;
#8142 = CARTESIAN_POINT ( 'NONE',  ( 4.040089233413053371, -0.9599107665869472950, -103.4776342793602169 ) ) ;
#8143 = CARTESIAN_POINT ( 'NONE',  ( -5.000000000000283329, 2.837136602470240626E-13, -18.50000000000020961 ) ) ;
#8144 = AXIS2_PLACEMENT_3D ( 'NONE', #2136, #2973, #6409 ) ;
#8145 = ORIENTED_EDGE ( 'NONE', *, *, #7629, .T. ) ;
#8146 = CARTESIAN_POINT ( 'NONE',  ( 0.9999999999999993339, 0.000000000000000000, -80.99999999999998579 ) ) ;
#8147 = TOROIDAL_SURFACE ( 'NONE', #2736, 1.000000000000000000, 4.000000000000000000 ) ;
#8148 = CARTESIAN_POINT ( 'NONE',  ( -0.2608011983036385706, -4.739198801696361762, -33.59076228219166893 ) ) ;
#8149 = DIRECTION ( 'NONE',  ( -0.000000000000000000, -0.000000000000000000, 1.000000000000000000 ) ) ;
#8150 = ORIENTED_EDGE ( 'NONE', *, *, #5885, .F. ) ;
#8151 = LINE ( 'NONE', #7556, #8597 ) ;
#8152 = CARTESIAN_POINT ( 'NONE',  ( 0.000000000000000000, 0.000000000000000000, -112.0000000000000000 ) ) ;
#8153 = AXIS2_PLACEMENT_3D ( 'NONE', #2811, #733, #1560 ) ;
#8154 = EDGE_LOOP ( 'NONE', ( #5131, #2805, #1275 ) ) ;
#8155 = CARTESIAN_POINT ( 'NONE',  ( 0.000000000000000000, 0.000000000000000000, -112.0000000000000000 ) ) ;
#8156 = AXIS2_PLACEMENT_3D ( 'NONE', #3513, #8423, #2690 ) ;
#8157 = ORIENTED_EDGE ( 'NONE', *, *, #1855, .T. ) ;
#8158 = ORIENTED_EDGE ( 'NONE', *, *, #5336, .T. ) ;
#8159 = AXIS2_PLACEMENT_3D ( 'NONE', #1741, #3854, #6559 ) ;
#8160 = B_SPLINE_CURVE_WITH_KNOTS ( 'NONE', 3,
 ( #8621, #206, #7756, #7888, #2186, #2325, #2977, #756, #5769, #5083, #7013, #1445, #5037, #4398, #3703, #4257 ),
 .UNSPECIFIED., .F., .F.,
 ( 4, 2, 2, 2, 2, 2, 2, 4 ),
 ( 4.818711199173202134E-07, 0.0008765200830275632219, 0.001314539188981386298, 0.001752558294935209265, 0.002190577400889032016, 0.002628596506842854983, 0.003066615612796677950, 0.003504634718750500918 ),
 .UNSPECIFIED. ) ;
#8161 = CARTESIAN_POINT ( 'NONE',  ( 3.671958834454343013, -1.328041165545656987, -76.25000000000000000 ) ) ;
#8162 = ADVANCED_FACE ( 'NONE', ( #6115 ), #1933, .F. ) ;
#8163 = CARTESIAN_POINT ( 'NONE',  ( -0.4915337874217803882, -4.508466212578220222, -14.89376480693212734 ) ) ;
#8164 = CIRCLE ( 'NONE', #7721, 1.999999999999994893 ) ;
#8165 = CARTESIAN_POINT ( 'NONE',  ( 0.000000000000000000, -5.000000000000000000, -2.000000000000000000 ) ) ;
#8166 = CARTESIAN_POINT ( 'NONE',  ( 0.1593231317748074471, -4.840676868225192386, -113.1467805842996768 ) ) ;
#8167 = CARTESIAN_POINT ( 'NONE',  ( 0.000000000000000000, 0.000000000000000000, 0.000000000000000000 ) ) ;
#8168 = CARTESIAN_POINT ( 'NONE',  ( -4.999999999999992006, -9.191789785366830039E-15, -62.64725720788725738 ) ) ;
#8169 = ORIENTED_EDGE ( 'NONE', *, *, #7072, .T. ) ;
#8170 = CARTESIAN_POINT ( 'NONE',  ( -0.1278684795020848808, -4.872131520497914536, -39.49259796944175349 ) ) ;
#8171 = AXIS2_PLACEMENT_3D ( 'NONE', #579, #4621, #4760 ) ;
#8172 = EDGE_LOOP ( 'NONE', ( #3056, #2453, #153 ) ) ;
#8173 = CARTESIAN_POINT ( 'NONE',  ( 0.2608011983036582215, -4.739198801696341334, -28.09076228219161919 ) ) ;
#8174 = CARTESIAN_POINT ( 'NONE',  ( -0.9999999999999993339, 1.224646799147353207E-16, -59.00000000000000000 ) ) ;
#8175 = EDGE_CURVE ( 'NONE', #5645, #1750, #950, .T. ) ;
#8176 = CARTESIAN_POINT ( 'NONE',  ( 4.502552532152131803, -0.4974474678478672529, -14.88672757692826210 ) ) ;
#8177 = CARTESIAN_POINT ( 'NONE',  ( 0.000000000000000000, 0.000000000000000000, 0.000000000000000000 ) ) ;
#8178 = CARTESIAN_POINT ( 'NONE',  ( -4.748219996434699830, -0.2517800035653010027, -61.09116362763014507 ) ) ;
#8179 = DIRECTION ( 'NONE',  ( -0.000000000000000000, -0.000000000000000000, 1.000000000000000000 ) ) ;
#8180 = EDGE_LOOP ( 'NONE', ( #384, #5949, #5685 ) ) ;
#8181 = EDGE_CURVE ( 'NONE', #8811, #3315, #4554, .T. ) ;
#8182 = DATE_TIME_ROLE ( 'classification_date' ) ;
#8183 = ORIENTED_EDGE ( 'NONE', *, *, #2431, .T. ) ;
#8184 = DIRECTION ( 'NONE',  ( 1.000000000000000000, 0.000000000000000000, 0.000000000000000000 ) ) ;
#8185 = EDGE_CURVE ( 'NONE', #3714, #8524, #4776, .T. ) ;
#8186 = B_SPLINE_CURVE_WITH_KNOTS ( 'NONE', 3,
 ( #8660, #2363, #897, #2505, #3018, #8022, #8618, #7884, #5167, #1583, #1720, #4526 ),
 .UNSPECIFIED., .F., .F.,
 ( 4, 2, 2, 2, 2, 4 ),
 ( 0.003504634718722877615, 0.003941423334001176865, 0.004378211949279476115, 0.005251789179836074614, 0.006125366410392672246, 0.006998943640949270746 ),
 .UNSPECIFIED. ) ;
#8187 = CARTESIAN_POINT ( 'NONE',  ( 4.502552532152140685, -0.4974474678478607581, -64.38672757692825144 ) ) ;
#8188 = ORGANIZATION ( 'NAUO-ORG1', 'UNSPECIFIED', 'UNSPECIFIED' ) ;
#8189 = CARTESIAN_POINT ( 'NONE',  ( 4.686141179201314344, -0.3138588207986869882, -20.03467868775798522 ) ) ;
#8190 = EDGE_LOOP ( 'NONE', ( #6563, #2685, #2400, #8262 ) ) ;
#8191 = CARTESIAN_POINT ( 'NONE',  ( 4.686141179201313456, -0.3138588207986856005, -58.53467868775796745 ) ) ;
#8192 = FACE_OUTER_BOUND ( 'NONE', #4355, .T. ) ;
#8193 = TOROIDAL_SURFACE ( 'NONE', #9055, 1.000000000000000000, 3.999999999999996447 ) ;
#8194 = CIRCLE ( 'NONE', #6566, 4.000000000000000000 ) ;
#8195 = ORIENTED_EDGE ( 'NONE', *, *, #8027, .T. ) ;
#8196 = PLANE ( 'NONE',  #3803 ) ;
#8197 = B_SPLINE_CURVE_WITH_KNOTS ( 'NONE', 3,
 ( #7177, #3817, #2348, #1652, #2997, #5792, #5877, #276, #7222, #6521, #5194, #1698, #4457, #7262, #3768, #7999 ),
 .UNSPECIFIED., .F., .F.,
 ( 4, 2, 2, 2, 2, 2, 2, 4 ),
 ( 4.818711198665871750E-07, 0.0008765200830274456944, 0.001314539188981235377, 0.001752558294935024951, 0.002190577400888814308, 0.002628596506842603882, 0.003066615612796393456, 0.003504634718750183030 ),
 .UNSPECIFIED. ) ;
#8198 = AXIS2_PLACEMENT_3D ( 'NONE', #8378, #1429, #1516 ) ;
#8199 = EDGE_CURVE ( 'NONE', #1459, #5825, #6970, .T. ) ;
#8200 = CARTESIAN_POINT ( 'NONE',  ( 3.863136006094629149, -1.136863993905370185, -120.1287837792026920 ) ) ;
#8201 = AXIS2_PLACEMENT_3D ( 'NONE', #6804, #8785, #6019 ) ;
#8202 = CARTESIAN_POINT ( 'NONE',  ( 0.9582157396373277569, -4.041784260362672576, -70.47622534969821118 ) ) ;
#8203 = AXIS2_PLACEMENT_3D ( 'NONE', #7230, #3730, #7964 ) ;
#8204 = ORIENTED_EDGE ( 'NONE', *, *, #3, .T. ) ;
#8205 = DIRECTION ( 'NONE',  ( -0.000000000000000000, -0.000000000000000000, 1.000000000000000000 ) ) ;
#8206 = VERTEX_POINT ( 'NONE', #635 ) ;
#8207 = CARTESIAN_POINT ( 'NONE',  ( -0.03993437491367309716, -4.960065625086326868, -41.08131021350182266 ) ) ;
#8208 = EDGE_LOOP ( 'NONE', ( #5314, #717, #8938 ) ) ;
#8209 = TOROIDAL_SURFACE ( 'NONE', #7324, 1.000000000000000000, 4.000000000000000000 ) ;
#8210 = TOROIDAL_SURFACE ( 'NONE', #708, 1.000000000000000000, 4.000000000000001776 ) ;
#8211 = CARTESIAN_POINT ( 'NONE',  ( -4.832344906989094468, -0.1676550930109067528, -113.1454619374091948 ) ) ;
#8212 = EDGE_CURVE ( 'NONE', #7513, #3629, #1378, .T. ) ;
#8213 = CARTESIAN_POINT ( 'NONE',  ( 1.000000000000000000, 0.000000000000000000, -117.5000000000000000 ) ) ;
#8214 = DIRECTION ( 'NONE',  ( -0.000000000000000000, -0.000000000000000000, 1.000000000000000000 ) ) ;
#8215 = B_SPLINE_CURVE_WITH_KNOTS ( 'NONE', 3,
 ( #855, #2975, #5767, #8575, #7705, #2274, #4438, #4529, #250, #985, #3746, #8759 ),
 .UNSPECIFIED., .F., .F.,
 ( 4, 2, 2, 2, 2, 4 ),
 ( 0.003504634718722942233, 0.003941423334001238447, 0.004378211949279535095, 0.005251789179836127523, 0.006125366410392719951, 0.006998943640949313247 ),
 .UNSPECIFIED. ) ;
#8216 = AXIS2_PLACEMENT_3D ( 'NONE', #305, #6706, #8863 ) ;
#8217 = CARTESIAN_POINT ( 'NONE',  ( -5.000000000000281553, 2.811725620256466210E-13, -95.50000000000021316 ) ) ;
#8218 = CARTESIAN_POINT ( 'NONE',  ( 0.6335913640883366060, -4.366408635911663616, -114.1061995511577862 ) ) ;
#8219 = CARTESIAN_POINT ( 'NONE',  ( -1.021646459990168597E-12, -4.999999999998979483, -45.85274279208620385 ) ) ;
#8220 = DIRECTION ( 'NONE',  ( 1.000000000000000000, 0.000000000000000000, 0.000000000000000000 ) ) ;
#8221 = EDGE_LOOP ( 'NONE', ( #3067, #4650, #3767 ) ) ;
#8222 = CARTESIAN_POINT ( 'NONE',  ( -3.433659809932120394E-15, -4.999999999999995559, -73.35274279211301973 ) ) ;
#8223 = EDGE_LOOP ( 'NONE', ( #3722, #5000, #2159 ) ) ;
#8224 = CARTESIAN_POINT ( 'NONE',  ( -4.872131520502826163, -0.1278684794971741423, -102.0074020305400211 ) ) ;
#8225 = CARTESIAN_POINT ( 'NONE',  ( -0.2608011982979969168, -4.739198801702002584, -55.59076228220565241 ) ) ;
#8226 = CARTESIAN_POINT ( 'NONE',  ( 1.328041165545657876, -3.671958834454342124, -37.75000000000000000 ) ) ;
#8227 = CARTESIAN_POINT ( 'NONE',  ( 1.000000000000000000, 0.000000000000000000, -13.00000000000000355 ) ) ;
#8228 = DIRECTION ( 'NONE',  ( -0.000000000000000000, -0.000000000000000000, 1.000000000000000000 ) ) ;
#8229 = CARTESIAN_POINT ( 'NONE',  ( 4.999999999999991118, -9.189554559533770159E-15, -7.647257207887257380 ) ) ;
#8230 = DIRECTION ( 'NONE',  ( -0.000000000000000000, -0.000000000000000000, 1.000000000000000000 ) ) ;
#8231 = EDGE_LOOP ( 'NONE', ( #2928, #355, #6514 ) ) ;
#8232 = ORIENTED_EDGE ( 'NONE', *, *, #4616, .F. ) ;
#8233 = ADVANCED_FACE ( 'NONE', ( #4268 ), #7711, .T. ) ;
#8234 = CC_DESIGN_PERSON_AND_ORGANIZATION_ASSIGNMENT ( #2430, #4638, ( #834 ) ) ;
#8235 = DIRECTION ( 'NONE',  ( 0.000000000000000000, -1.000000000000000000, 0.000000000000000000 ) ) ;
#8236 = DIRECTION ( 'NONE',  ( 1.000000000000000000, 0.000000000000000000, 0.000000000000000000 ) ) ;
#8237 = CARTESIAN_POINT ( 'NONE',  ( 3.671958834454343013, -1.328041165545656987, -81.74999999999998579 ) ) ;
#8238 = CARTESIAN_POINT ( 'NONE',  ( 0.000000000000000000, -5.000000000000000000, -62.50000000000000000 ) ) ;
#8239 = ORIENTED_EDGE ( 'NONE', *, *, #1605, .T. ) ;
#8240 = CARTESIAN_POINT ( 'NONE',  ( 4.040089233413046266, -0.9599107665869511807, -59.47763427936020264 ) ) ;
#8241 = APPLICATION_PROTOCOL_DEFINITION ( 'international standard', 'config_control_design', 1994, #1618 ) ;
#8242 = ORIENTED_EDGE ( 'NONE', *, *, #2686, .F. ) ;
#8243 = CARTESIAN_POINT ( 'NONE',  ( -0.03993437491367647640, -4.960065625086322427, -101.5813102135018511 ) ) ;
#8244 = EDGE_CURVE ( 'NONE', #7500, #7170, #5101, .T. ) ;
#8245 = CC_DESIGN_DATE_AND_TIME_ASSIGNMENT ( #3956, #3812, ( #4953 ) ) ;
#8246 = CARTESIAN_POINT ( 'NONE',  ( -0.4321793203734952127, -4.567820679626504621, -33.22657376275979857 ) ) ;
#8247 = CARTESIAN_POINT ( 'NONE',  ( 0.9999999999999993339, 0.000000000000000000, -36.99999999999999289 ) ) ;
#8248 = EDGE_LOOP ( 'NONE', ( #2370, #2940, #4013, #4020, #4849, #8242 ) ) ;
#8249 = DIRECTION ( 'NONE',  ( -1.000000000000000000, 1.224646799147353207E-16, 0.000000000000000000 ) ) ;
#8250 = DIRECTION ( 'NONE',  ( -0.000000000000000000, -0.000000000000000000, 1.000000000000000000 ) ) ;
#8251 = ORIENTED_EDGE ( 'NONE', *, *, #8786, .T. ) ;
#8252 = CARTESIAN_POINT ( 'NONE',  ( 4.366408635906906532, -0.6335913640930934676, -109.8938004488360036 ) ) ;
#8253 = EDGE_LOOP ( 'NONE', ( #2837, #2491, #4860 ) ) ;
#8254 = ADVANCED_FACE ( 'NONE', ( #9090 ), #8503, .F. ) ;
#8255 = CARTESIAN_POINT ( 'NONE',  ( -4.508466212578269072, -0.4915337874217310388, -66.10623519306795970 ) ) ;
#8256 = CARTESIAN_POINT ( 'NONE',  ( 0.4974474678478226775, -4.502552532152177989, -60.61327242307181251 ) ) ;
#8257 = CARTESIAN_POINT ( 'NONE',  ( 0.9568518272744570563, -4.043148172725541833, -4.474722322286244669 ) ) ;
#8258 = FACE_OUTER_BOUND ( 'NONE', #2488, .T. ) ;
#8259 = CYLINDRICAL_SURFACE ( 'NONE', #6112, 0.9999999999999995559 ) ;
#8260 = AXIS2_PLACEMENT_3D ( 'NONE', #377, #5887, #8063 ) ;
#8261 = CARTESIAN_POINT ( 'NONE',  ( -0.9582157396402132266, -4.041784260359787773, -119.9762253497006839 ) ) ;
#8262 = ORIENTED_EDGE ( 'NONE', *, *, #1224, .F. ) ;
#8263 = DIRECTION ( 'NONE',  ( 1.000000000000000000, 0.000000000000000000, 0.000000000000000000 ) ) ;
#8264 = ORIENTED_EDGE ( 'NONE', *, *, #1088, .T. ) ;
#8265 = EDGE_CURVE ( 'NONE', #5912, #2762, #1987, .T. ) ;
#8266 = ADVANCED_FACE ( 'NONE', ( #5696 ), #3171, .T. ) ;
#8267 = CIRCLE ( 'NONE', #7962, 1.000000000000000000 ) ;
#8268 = CARTESIAN_POINT ( 'NONE',  ( -4.832344906989094468, -0.1676550930109067528, -102.1454619374091806 ) ) ;
#8269 = CARTESIAN_POINT ( 'NONE',  ( 0.2608011983036361281, -4.739198801696363539, -44.59076228219166182 ) ) ;
#8270 = CARTESIAN_POINT ( 'NONE',  ( -5.000000000000281553, 2.811725620256466210E-13, -95.50000000000021316 ) ) ;
#8271 = CARTESIAN_POINT ( 'NONE',  ( 0.9599899463623128293, -4.040010053637687726, -120.5222983861615944 ) ) ;
#8272 = CARTESIAN_POINT ( 'NONE',  ( 4.739198801701948405, -0.2608011982980503185, -8.909237717794461275 ) ) ;
#8273 = CARTESIAN_POINT ( 'NONE',  ( 0.000000000000000000, 0.000000000000000000, -70.75000000000000000 ) ) ;
#8274 = EDGE_LOOP ( 'NONE', ( #4301, #1798, #920, #594 ) ) ;
#8275 = ORIENTED_EDGE ( 'NONE', *, *, #5343, .F. ) ;
#8276 = CARTESIAN_POINT ( 'NONE',  ( 0.000000000000000000, 0.000000000000000000, -120.9999999999999716 ) ) ;
#8277 = CARTESIAN_POINT ( 'NONE',  ( 4.999999999999992006, -8.988290119788985960E-15, -62.64725720788725738 ) ) ;
#8278 = DIRECTION ( 'NONE',  ( 1.000000000000000000, 0.000000000000000000, 0.000000000000000000 ) ) ;
#8279 = ADVANCED_FACE ( 'NONE', ( #5601 ), #4311, .F. ) ;
#8280 = CARTESIAN_POINT ( 'NONE',  ( -3.862796825714234217, -1.137203174285766005, -10.37100116288255691 ) ) ;
#8281 = EDGE_LOOP ( 'NONE', ( #777, #3420, #8697, #2072, #1715, #1929 ) ) ;
#8282 = APPLICATION_PROTOCOL_DEFINITION ( 'international standard', 'config_control_design', 1994, #3507 ) ;
#8283 = AXIS2_PLACEMENT_3D ( 'NONE', #4216, #8633, #2844 ) ;
#8284 = ORIENTED_EDGE ( 'NONE', *, *, #3930, .T. ) ;
#8285 = CARTESIAN_POINT ( 'NONE',  ( 0.000000000000000000, 0.000000000000000000, 0.000000000000000000 ) ) ;
#8286 = AXIS2_PLACEMENT_3D ( 'NONE', #5889, #3830, #8841 ) ;
#8287 = CARTESIAN_POINT ( 'NONE',  ( 0.000000000000000000, 0.000000000000000000, -117.5000000000000000 ) ) ;
#8288 = ADVANCED_FACE ( 'NONE', ( #2848 ), #9029, .T. ) ;
#8289 = CIRCLE ( 'NONE', #785, 3.904737509655562544 ) ;
#8290 = CARTESIAN_POINT ( 'NONE',  ( -1.328041165545661428, -3.671958834454339016, -21.24999999999999645 ) ) ;
#8291 = VERTEX_POINT ( 'NONE', #7722 ) ;
#8292 = CARTESIAN_POINT ( 'NONE',  ( -0.6401341107464958435, -4.359865889253503823, -93.39874954628008652 ) ) ;
#8293 = FACE_OUTER_BOUND ( 'NONE', #1295, .T. ) ;
#8294 = ORIENTED_EDGE ( 'NONE', *, *, #741, .T. ) ;
#8295 = CARTESIAN_POINT ( 'NONE',  ( -0.1593231317748069475, -4.840676868225194163, -41.64678058429974072 ) ) ;
#8296 = EDGE_CURVE ( 'NONE', #2012, #771, #6239, .T. ) ;
#8297 = ORIENTED_EDGE ( 'NONE', *, *, #2503, .F. ) ;
#8298 = PRODUCT_DEFINITION_SHAPE ( 'NONE', 'NONE',  #9095 ) ;
#8299 = CIRCLE ( 'NONE', #1523, 3.904737509655561212 ) ;
#8300 = TOROIDAL_SURFACE ( 'NONE', #7267, 1.000000000000000000, 3.999999999999996447 ) ;
#8301 = EDGE_CURVE ( 'NONE', #8749, #1999, #4665, .T. ) ;
#8302 = CARTESIAN_POINT ( 'NONE',  ( -3.862796825714235549, -1.137203174285766671, -98.37100116288257823 ) ) ;
#8303 = CARTESIAN_POINT ( 'NONE',  ( -0.9999999999999993339, 1.224646799147353207E-16, -119.4999999999999858 ) ) ;
#8304 = LINE ( 'NONE', #6786, #8459 ) ;
#8305 = TOROIDAL_SURFACE ( 'NONE', #5510, 1.000000000000000000, 1.999999999999994893 ) ;
#8306 = ORIENTED_EDGE ( 'NONE', *, *, #2626, .T. ) ;
#8307 = CARTESIAN_POINT ( 'NONE',  ( 0.1593231317802006053, -4.840676868219799367, -74.64678058431651664 ) ) ;
#8308 = VERTEX_POINT ( 'NONE', #6428 ) ;
#8309 = CIRCLE ( 'NONE', #524, 1.000000000000000000 ) ;
#8310 = B_SPLINE_CURVE_WITH_KNOTS ( 'NONE', 3,
 ( #1234, #6898, #5328, #2710, #597, #8187, #506, #4048, #4644, #7450, #1973, #4136, #458, #1931, #8277, #7540 ),
 .UNSPECIFIED., .F., .F.,
 ( 4, 2, 2, 2, 2, 2, 2, 4 ),
 ( 4.818711198670962418E-07, 0.0008765200830274461280, 0.001314539188981234943, 0.001752558294935024083, 0.002190577400888813440, 0.002628596506842601713, 0.003066615612796390854, 0.003504634718750179560 ),
 .UNSPECIFIED. ) ;
#8311 = VECTOR ( 'NONE', #8601, 1000.000000000000000 ) ;
#8312 = CARTESIAN_POINT ( 'NONE',  ( -3.904737509655567873, 4.781924292710299495E-16, -98.24999999999998579 ) ) ;
#8313 = CARTESIAN_POINT ( 'NONE',  ( 4.999999999999992006, -9.308468573851092555E-15, -13.14725720788725738 ) ) ;
#8314 = CARTESIAN_POINT ( 'NONE',  ( 4.508466212578261967, -0.4915337874217372560, -82.60623519306795970 ) ) ;
#8315 = CARTESIAN_POINT ( 'NONE',  ( 4.041784260359806424, -0.9582157396401941307, -60.02377465029932324 ) ) ;
#8316 = TOROIDAL_SURFACE ( 'NONE', #4343, 1.000000000000000000, 4.000000000000000000 ) ;
#8317 = DIRECTION ( 'NONE',  ( 1.000000000000000000, 0.000000000000000000, 0.000000000000000000 ) ) ;
#8318 = FACE_OUTER_BOUND ( 'NONE', #2047, .T. ) ;
#8319 = ORIENTED_EDGE ( 'NONE', *, *, #5137, .T. ) ;
#8320 = COORDINATED_UNIVERSAL_TIME_OFFSET ( 3, 30, .AHEAD. ) ;
#8321 = ORIENTED_EDGE ( 'NONE', *, *, #2847, .F. ) ;
#8322 = TOROIDAL_SURFACE ( 'NONE', #3462, 1.000000000000000000, 3.999999999999996447 ) ;
#8323 = AXIS2_PLACEMENT_3D ( 'NONE', #7359, #7264, #366 ) ;
#8324 = DIRECTION ( 'NONE',  ( 1.224646799147353207E-16, 1.000000000000000000, 0.000000000000000000 ) ) ;
#8325 = CIRCLE ( 'NONE', #8020, 3.904737509655567873 ) ;
#8326 = EDGE_CURVE ( 'NONE', #7413, #1764, #929, .T. ) ;
#8327 = CARTESIAN_POINT ( 'NONE',  ( 3.671958834454342124, -1.328041165545657876, -54.25000000000000000 ) ) ;
#8328 = CARTESIAN_POINT ( 'NONE',  ( 0.9999999999999993339, 0.000000000000000000, -119.4999999999999858 ) ) ;
#8329 = FACE_OUTER_BOUND ( 'NONE', #6757, .T. ) ;
#8330 = VERTEX_POINT ( 'NONE', #3903 ) ;
#8331 = APPROVAL_ROLE ( '' ) ;
#8332 = EDGE_CURVE ( 'NONE', #1051, #24, #1540, .T. ) ;
#8333 = CARTESIAN_POINT ( 'NONE',  ( 0.008042224640664976526, -4.991957775359335159, -51.79246587454773021 ) ) ;
#8334 = CARTESIAN_POINT ( 'NONE',  ( 0.000000000000000000, -5.000000000000000000, -78.99999999997200462 ) ) ;
#8335 = ORIENTED_EDGE ( 'NONE', *, *, #3957, .F. ) ;
#8336 = CIRCLE ( 'NONE', #5975, 4.000000000000000000 ) ;
#8337 = CARTESIAN_POINT ( 'NONE',  ( 0.000000000000000000, 0.000000000000000000, -24.00000000000000355 ) ) ;
#8338 = CARTESIAN_POINT ( 'NONE',  ( 1.000000000000000000, 0.000000000000000000, -49.49999999999999289 ) ) ;
#8339 = CIRCLE ( 'NONE', #4368, 0.9999999999999993339 ) ;
#8340 = AXIS2_PLACEMENT_3D ( 'NONE', #5069, #7877, #2781 ) ;
#8341 = CARTESIAN_POINT ( 'NONE',  ( 0.4974474678531453642, -4.502552532146853359, -82.61327242306309415 ) ) ;
#8342 = ORIENTED_EDGE ( 'NONE', *, *, #2991, .F. ) ;
#8343 = EDGE_CURVE ( 'NONE', #7895, #4702, #224, .T. ) ;
#8344 = AXIS2_PLACEMENT_3D ( 'NONE', #1780, #214, #6703 ) ;
#8345 = CIRCLE ( 'NONE', #7758, 3.904737509655567873 ) ;
#8346 = AXIS2_PLACEMENT_3D ( 'NONE', #8979, #6914, #8116 ) ;
#8347 = APPROVAL ( #6562, 'UNKNOWN' ) ;
#8348 = DIRECTION ( 'NONE',  ( -0.000000000000000000, -0.000000000000000000, 1.000000000000000000 ) ) ;
#8349 = DIRECTION ( 'NONE',  ( -0.000000000000000000, -0.000000000000000000, 1.000000000000000000 ) ) ;
#8350 = CARTESIAN_POINT ( 'NONE',  ( 0.000000000000000000, 0.000000000000000000, -68.00000000000000000 ) ) ;
#8351 = ORIENTED_EDGE ( 'NONE', *, *, #3223, .T. ) ;
#8352 = ORIENTED_EDGE ( 'NONE', *, *, #7588, .T. ) ;
#8353 = VECTOR ( 'NONE', #8741, 1000.000000000000000 ) ;
#8354 = EDGE_CURVE ( 'NONE', #8399, #332, #5962, .T. ) ;
#8355 = CARTESIAN_POINT ( 'NONE',  ( 0.000000000000000000, 0.000000000000000000, -7.500000000000003553 ) ) ;
#8356 = CARTESIAN_POINT ( 'NONE',  ( -0.1278684794971261807, -4.872131520502872348, -55.99259796946012102 ) ) ;
#8357 = DIRECTION ( 'NONE',  ( -1.000000000000000000, 1.224646799147353207E-16, 0.000000000000000000 ) ) ;
#8358 = DIRECTION ( 'NONE',  ( 1.000000000000000000, 0.000000000000000000, 0.000000000000000000 ) ) ;
#8359 = CARTESIAN_POINT ( 'NONE',  ( 0.2608011983036803705, -4.739198801696320018, -105.0907622821915623 ) ) ;
#8360 = CARTESIAN_POINT ( 'NONE',  ( 5.000000000000284217, 2.845106866107319290E-13, -7.500000000000213163 ) ) ;
#8361 = CARTESIAN_POINT ( 'NONE',  ( 0.000000000000000000, 0.000000000000000000, -79.00000000000000000 ) ) ;
#8362 = EDGE_LOOP ( 'NONE', ( #3944, #8925, #8628, #3665 ) ) ;
#8363 = VERTEX_POINT ( 'NONE', #5824 ) ;
#8364 = EDGE_CURVE ( 'NONE', #1788, #2439, #2434, .T. ) ;
#8365 = CARTESIAN_POINT ( 'NONE',  ( -0.06459124883189691635, -4.935408751168103514, -28.77165234913500669 ) ) ;
#8366 = DIRECTION ( 'NONE',  ( -0.000000000000000000, -0.000000000000000000, 1.000000000000000000 ) ) ;
#8367 = CARTESIAN_POINT ( 'NONE',  ( -5.000000000000285105, 2.853348811012736403E-13, -29.50000000000020961 ) ) ;
#8368 = ORIENTED_EDGE ( 'NONE', *, *, #8898, .T. ) ;
#8369 = CARTESIAN_POINT ( 'NONE',  ( -3.535533905932737753, -3.535533905932863874, 131.9999999999999716 ) ) ;
#8370 = EDGE_CURVE ( 'NONE', #1949, #7417, #2280, .T. ) ;
#8371 = CARTESIAN_POINT ( 'NONE',  ( -0.6391311900232893306, -4.360868809976711447, -4.099838678447258467 ) ) ;
#8372 = CARTESIAN_POINT ( 'NONE',  ( -4.960065625082964225, -0.03993437491703551168, -50.91868978647571709 ) ) ;
#8373 = EDGE_LOOP ( 'NONE', ( #5183, #3136, #6735, #9061 ) ) ;
#8374 = CARTESIAN_POINT ( 'NONE',  ( 1.328041165545656987, -3.671958834454343013, -98.24999999999998579 ) ) ;
#8375 = CARTESIAN_POINT ( 'NONE',  ( -1.328041165545661428, -3.671958834454339016, -15.75000000000000000 ) ) ;
#8376 = CARTESIAN_POINT ( 'NONE',  ( -3.671958834454343013, -1.328041165545656765, -109.2499999999999858 ) ) ;
#8377 = VERTEX_POINT ( 'NONE', #8819 ) ;
#8378 = CARTESIAN_POINT ( 'NONE',  ( 0.000000000000000000, 0.000000000000000000, -114.7499999999999858 ) ) ;
#8379 = CARTESIAN_POINT ( 'NONE',  ( 4.935408751172076336, -0.06459124882792298405, -79.72834765084402875 ) ) ;
#8380 = DIRECTION ( 'NONE',  ( 0.000000000000000000, 0.000000000000000000, -1.000000000000000000 ) ) ;
#8381 = DIRECTION ( 'NONE',  ( 1.224646799147353207E-16, 1.000000000000000000, 0.000000000000000000 ) ) ;
#8382 = CARTESIAN_POINT ( 'NONE',  ( 0.4321793203734998756, -4.567820679626500180, -110.2265737627597986 ) ) ;
#8383 = ADVANCED_FACE ( 'NONE', ( #3164 ), #3607, .F. ) ;
#8384 = EDGE_LOOP ( 'NONE', ( #8674, #108, #519 ) ) ;
#8385 = DIRECTION ( 'NONE',  ( 1.224646799147353207E-16, 1.000000000000000000, 0.000000000000000000 ) ) ;
#8386 = EDGE_LOOP ( 'NONE', ( #7495, #8799, #5841, #3605 ) ) ;
#8387 = CARTESIAN_POINT ( 'NONE',  ( -0.9582157396373276459, -4.041784260362672576, -114.4762253496982112 ) ) ;
#8388 = CARTESIAN_POINT ( 'NONE',  ( 1.020244832220700351E-12, -5.000000000001020517, -35.14684353042214582 ) ) ;
#8389 = CARTESIAN_POINT ( 'NONE',  ( 0.9999999999999993339, 0.000000000000000000, -48.00000000000000000 ) ) ;
#8390 = AXIS2_PLACEMENT_3D ( 'NONE', #8152, #1167, #4657 ) ;
#8391 = AXIS2_PLACEMENT_3D ( 'NONE', #8117, #983, #6640 ) ;
#8392 = FACE_OUTER_BOUND ( 'NONE', #3191, .T. ) ;
#8393 = CARTESIAN_POINT ( 'NONE',  ( -3.671958834454336351, -1.328041165545663871, -32.25000000000000000 ) ) ;
#8394 = CARTESIAN_POINT ( 'NONE',  ( 4.935408751172079000, -0.06459124882792087463, -8.228347650844028749 ) ) ;
#8395 = ADVANCED_FACE ( 'NONE', ( #5909 ), #265, .F. ) ;
#8396 = CARTESIAN_POINT ( 'NONE',  ( 0.000000000000000000, 0.000000000000000000, -101.0000000000000000 ) ) ;
#8397 = ORIENTED_EDGE ( 'NONE', *, *, #7783, .F. ) ;
#8398 = CARTESIAN_POINT ( 'NONE',  ( 0.000000000000000000, -5.000000000000000000, -51.49999999997221067 ) ) ;
#8399 = VERTEX_POINT ( 'NONE', #8719 ) ;
#8400 = CIRCLE ( 'NONE', #3265, 3.904737509655567429 ) ;
#8401 = DIRECTION ( 'NONE',  ( -1.000000000000000000, 1.224646799147353207E-16, 0.000000000000000000 ) ) ;
#8402 = DIRECTION ( 'NONE',  ( -0.000000000000000000, -0.000000000000000000, 1.000000000000000000 ) ) ;
#8403 = DIRECTION ( 'NONE',  ( -0.000000000000000000, -0.000000000000000000, 1.000000000000000000 ) ) ;
#8404 = DIRECTION ( 'NONE',  ( 1.000000000000000000, 0.000000000000000000, 0.000000000000000000 ) ) ;
#8405 = EDGE_CURVE ( 'NONE', #4546, #5007, #5367, .T. ) ;
#8406 = CARTESIAN_POINT ( 'NONE',  ( 4.960065625082963336, -0.03993437491703671210, -116.9186897864757100 ) ) ;
#8407 = ORIENTED_EDGE ( 'NONE', *, *, #1967, .F. ) ;
#8408 = B_SPLINE_CURVE_WITH_KNOTS ( 'NONE', 3,
 ( #6347, #2126, #8518, #101, #7135, #2921, #2081, #2867, #7785, #2820, #6447, #53, #8421, #2213, #4931, #4285 ),
 .UNSPECIFIED., .F., .F.,
 ( 4, 2, 2, 2, 2, 2, 2, 4 ),
 ( 4.818711198664599083E-07, 0.0008765200830274455859, 0.001314539188981235160, 0.001752558294935024734, 0.002190577400888814308, 0.002628596506842603882, 0.003066615612796393456, 0.003504634718750183030 ),
 .UNSPECIFIED. ) ;
#8409 = DATE_AND_TIME ( #3036, #5826 ) ;
#8410 = B_SPLINE_CURVE_WITH_KNOTS ( 'NONE', 3,
 ( #1443, #754, #4896, #5081, #4205, #5678, #7011, #5589, #4255, #6498, #3613, #5630, #66, #6362, #4944, #2883 ),
 .UNSPECIFIED., .F., .F.,
 ( 4, 2, 2, 2, 2, 2, 2, 4 ),
 ( 4.818711198665871750E-07, 0.0008765200830274456944, 0.001314539188981235377, 0.001752558294935024951, 0.002190577400888814308, 0.002628596506842603882, 0.003066615612796393456, 0.003504634718750183030 ),
 .UNSPECIFIED. ) ;
#8411 = DIRECTION ( 'NONE',  ( -0.000000000000000000, -0.000000000000000000, 1.000000000000000000 ) ) ;
#8412 = DIRECTION ( 'NONE',  ( -0.000000000000000000, -0.000000000000000000, 1.000000000000000000 ) ) ;
#8413 = AXIS2_PLACEMENT_3D ( 'NONE', #4359, #8500, #2237 ) ;
#8414 = DIRECTION ( 'NONE',  ( 1.000000000000000000, 0.000000000000000000, 0.000000000000000000 ) ) ;
#8415 = VERTEX_POINT ( 'NONE', #8037 ) ;
#8416 = CARTESIAN_POINT ( 'NONE',  ( -5.000000000000281553, 2.811725620256466210E-13, -106.5000000000001990 ) ) ;
#8417 = CARTESIAN_POINT ( 'NONE',  ( 1.000000000000000000, 0.000000000000000000, -7.500000000000003553 ) ) ;
#8418 = CARTESIAN_POINT ( 'NONE',  ( -4.508466212578261967, -0.4915337874217377001, -110.1062351930679455 ) ) ;
#8419 = ORIENTED_EDGE ( 'NONE', *, *, #7606, .T. ) ;
#8420 = AXIS2_PLACEMENT_3D ( 'NONE', #1306, #1263, #4121 ) ;
#8421 = CARTESIAN_POINT ( 'NONE',  ( -4.959369330385070107, -0.04063066961493041335, -107.0861344834556945 ) ) ;
#8422 = DIRECTION ( 'NONE',  ( 1.000000000000000000, 0.000000000000000000, 0.000000000000000000 ) ) ;
#8423 = DIRECTION ( 'NONE',  ( -0.000000000000000000, -0.000000000000000000, 1.000000000000000000 ) ) ;
#8424 = EDGE_CURVE ( 'NONE', #1613, #4429, #7423, .T. ) ;
#8425 = DIRECTION ( 'NONE',  ( -0.000000000000000000, -0.000000000000000000, 1.000000000000000000 ) ) ;
#8426 = DIRECTION ( 'NONE',  ( -0.000000000000000000, -0.000000000000000000, 1.000000000000000000 ) ) ;
#8427 = ORIENTED_EDGE ( 'NONE', *, *, #8175, .T. ) ;
#8428 = CARTESIAN_POINT ( 'NONE',  ( 0.000000000000000000, -5.000000000000000000, -7.500000000000003553 ) ) ;
#8429 = ORIENTED_EDGE ( 'NONE', *, *, #6553, .T. ) ;
#8430 = ADVANCED_FACE ( 'NONE', ( #6012 ), #6530, .T. ) ;
#8431 = CARTESIAN_POINT ( 'NONE',  ( 4.359865889258242255, -0.6401341107417586329, -42.60125045371350438 ) ) ;
#8432 = VECTOR ( 'NONE', #7345, 1000.000000000000000 ) ;
#8433 = CARTESIAN_POINT ( 'NONE',  ( 0.000000000000000000, 0.000000000000000000, -71.50000000000001421 ) ) ;
#8434 = DIRECTION ( 'NONE',  ( 1.000000000000000000, 0.000000000000000000, 0.000000000000000000 ) ) ;
#8435 = CARTESIAN_POINT ( 'NONE',  ( 1.033939237395428799E-12, -4.999999999998966160, -78.85274279208601911 ) ) ;
#8436 = FACE_OUTER_BOUND ( 'NONE', #8792, .T. ) ;
#8437 = CARTESIAN_POINT ( 'NONE',  ( 4.502552532152134468, -0.4974474678478660872, -36.88672757692827275 ) ) ;
#8438 = ORIENTED_EDGE ( 'NONE', *, *, #4846, .F. ) ;
#8439 = CARTESIAN_POINT ( 'NONE',  ( 0.008042224642555025407, -4.991957775357444227, -24.29246587457292250 ) ) ;
#8440 = B_SPLINE_CURVE_WITH_KNOTS ( 'NONE', 3,
 ( #4302, #7106, #806, #3666, #3618, #6464, #5086, #6415, #7892, #6790, #8763, #1132, #4623, #2468, #5269, #8078 ),
 .UNSPECIFIED., .F., .F.,
 ( 4, 2, 2, 2, 2, 2, 2, 4 ),
 ( 4.818711198921445942E-07, 0.0008765200830206167385, 0.001314539188970966247, 0.001752558294921315648, 0.002190577400871664832, 0.002628596506822014015, 0.003066615612772363633, 0.003504634718722713250 ),
 .UNSPECIFIED. ) ;
#8441 = TOROIDAL_SURFACE ( 'NONE', #5360, 1.000000000000000000, 4.000000000000000000 ) ;
#8442 = ORIENTED_EDGE ( 'NONE', *, *, #3088, .F. ) ;
#8443 = AXIS2_PLACEMENT_3D ( 'NONE', #3145, #5306, #8702 ) ;
#8444 = EDGE_CURVE ( 'NONE', #2131, #3749, #7289, .T. ) ;
#8445 = DIRECTION ( 'NONE',  ( 1.000000000000000000, 0.000000000000000000, 0.000000000000000000 ) ) ;
#8446 = AXIS2_PLACEMENT_3D ( 'NONE', #3713, #6708, #4492 ) ;
#8447 = CARTESIAN_POINT ( 'NONE',  ( -4.872131520502827939, -0.1278684794971705618, -41.50740203054002819 ) ) ;
#8448 = CARTESIAN_POINT ( 'NONE',  ( -3.671958834454343013, -1.328041165545656765, -76.25000000000000000 ) ) ;
#8449 = CARTESIAN_POINT ( 'NONE',  ( 3.863136006094628705, -1.136863993905370407, -54.12878377920268491 ) ) ;
#8450 = CC_DESIGN_PERSON_AND_ORGANIZATION_ASSIGNMENT ( #5471, #6165, ( #4765 ) ) ;
#8451 = FACE_OUTER_BOUND ( 'NONE', #3270, .T. ) ;
#8452 = AXIS2_PLACEMENT_3D ( 'NONE', #2398, #5931, #3054 ) ;
#8453 = CARTESIAN_POINT ( 'NONE',  ( 0.06459124883188382960, -4.935408751168116837, -34.27165234913507419 ) ) ;
#8454 = ORIENTED_EDGE ( 'NONE', *, *, #3297, .T. ) ;
#8455 = APPROVAL_STATUS ( 'not_yet_approved' ) ;
#8456 = ORIENTED_EDGE ( 'NONE', *, *, #2735, .T. ) ;
#8457 = CIRCLE ( 'NONE', #7868, 3.904737509655567873 ) ;
#8458 = ADVANCED_FACE ( 'NONE', ( #6195 ), #7122, .T. ) ;
#8459 = VECTOR ( 'NONE', #7479, 1000.000000000000000 ) ;
#8460 = CARTESIAN_POINT ( 'NONE',  ( -4.366408635906908309, -0.6335913640930921353, -87.89380044883600362 ) ) ;
#8461 = CARTESIAN_POINT ( 'NONE',  ( -1.000000000000000000, 1.224646799147353207E-16, -38.50000000000000000 ) ) ;
#8462 = CARTESIAN_POINT ( 'NONE',  ( 4.686141179201312568, -0.3138588207986888756, -25.53467868775798877 ) ) ;
#8463 = EDGE_LOOP ( 'NONE', ( #3518, #6719, #2255 ) ) ;
#8464 = FACE_OUTER_BOUND ( 'NONE', #4836, .T. ) ;
#8465 = DIRECTION ( 'NONE',  ( -1.000000000000000000, 1.224646799147353207E-16, 0.000000000000000000 ) ) ;
#8466 = CARTESIAN_POINT ( 'NONE',  ( -5.000000000000285105, 2.853348811012736403E-13, -29.50000000000020961 ) ) ;
#8467 = CARTESIAN_POINT ( 'NONE',  ( -4.748219996434693613, -0.2517800035653069424, -110.5911636276301522 ) ) ;
#8468 = CARTESIAN_POINT ( 'NONE',  ( 1.328041165545656987, -3.671958834454343013, -103.7500000000000000 ) ) ;
#8469 = ADVANCED_FACE ( 'NONE', ( #3304 ), #7271, .T. ) ;
#8470 = CIRCLE ( 'NONE', #4512, 1.000000000000000000 ) ;
#8471 = DIRECTION ( 'NONE',  ( -0.000000000000000000, -0.000000000000000000, 1.000000000000000000 ) ) ;
#8472 = DIRECTION ( 'NONE',  ( 0.000000000000000000, -1.000000000000000000, 0.000000000000000000 ) ) ;
#8473 = AXIS2_PLACEMENT_3D ( 'NONE', #1432, #7744, #8 ) ;
#8474 = CARTESIAN_POINT ( 'NONE',  ( 4.508466212578261967, -0.4915337874217372560, -93.60623519306794549 ) ) ;
#8475 = DIRECTION ( 'NONE',  ( 1.000000000000000000, 0.000000000000000000, 0.000000000000000000 ) ) ;
#8476 = DIRECTION ( 'NONE',  ( -0.000000000000000000, -0.000000000000000000, 1.000000000000000000 ) ) ;
#8477 = APPROVAL_PERSON_ORGANIZATION ( #3580, #2211, #872 ) ;
#8478 = ORIENTED_EDGE ( 'NONE', *, *, #7961, .F. ) ;
#8479 = CARTESIAN_POINT ( 'NONE',  ( -4.502552532152131803, -0.4974474678478672529, -14.88672757692826210 ) ) ;
#8480 = ORIENTED_EDGE ( 'NONE', *, *, #8370, .F. ) ;
#8481 = VECTOR ( 'NONE', #857, 1000.000000000000000 ) ;
#8482 = TOROIDAL_SURFACE ( 'NONE', #6421, 1.000000000000000000, 4.000000000000000000 ) ;
#8483 = B_SPLINE_CURVE_WITH_KNOTS ( 'NONE', 3,
 ( #2413, #3148, #1725, #7380, #5857, #6744, #3747, #251, #8120, #4530, #3887, #7242 ),
 .UNSPECIFIED., .F., .F.,
 ( 4, 2, 2, 2, 2, 4 ),
 ( 0.003504634718750202545, 0.003941423334025086558, 0.004378211949299970138, 0.005251789179849738164, 0.006125366410399506190, 0.006998943640949273348 ),
 .UNSPECIFIED. ) ;
#8484 = EDGE_CURVE ( 'NONE', #2695, #4606, #6975, .T. ) ;
#8485 = AXIS2_PLACEMENT_3D ( 'NONE', #6951, #3549, #3651 ) ;
#8486 = CARTESIAN_POINT ( 'NONE',  ( -4.991957775357462879, -0.008042224642536751830, -40.20753412542731553 ) ) ;
#8487 = DIRECTION ( 'NONE',  ( 1.000000000000000000, 0.000000000000000000, 0.000000000000000000 ) ) ;
#8488 = CARTESIAN_POINT ( 'NONE',  ( 0.000000000000000000, 0.000000000000000000, -84.50000000000000000 ) ) ;
#8489 = DIRECTION ( 'NONE',  ( 1.000000000000000000, 0.000000000000000000, 0.000000000000000000 ) ) ;
#8490 = CARTESIAN_POINT ( 'NONE',  ( 0.000000000000000000, 0.000000000000000000, -113.9999999999999858 ) ) ;
#8492 = AXIS2_PLACEMENT_3D ( 'NONE', #6202, #4049, #6162 ) ;
#8491 = FACE_OUTER_BOUND ( 'NONE', #3421, .T. ) ;
#8493 = VERTEX_POINT ( 'NONE', #6929 ) ;
#8494 = DIRECTION ( 'NONE',  ( 1.000000000000000000, 0.000000000000000000, 0.000000000000000000 ) ) ;
#8495 = CIRCLE ( 'NONE', #6886, 1.999999999999998224 ) ;
#8496 = ORIENTED_EDGE ( 'NONE', *, *, #2766, .F. ) ;
#8497 = DIRECTION ( 'NONE',  ( 1.000000000000000000, 0.000000000000000000, 0.000000000000000000 ) ) ;
#8498 = AXIS2_PLACEMENT_3D ( 'NONE', #7754, #3563, #6317 ) ;
#8499 = CARTESIAN_POINT ( 'NONE',  ( -4.959369330385075436, -0.04063066961492567408, -41.08613448345569452 ) ) ;
#8500 = DIRECTION ( 'NONE',  ( -0.000000000000000000, -0.000000000000000000, 1.000000000000000000 ) ) ;
#8501 = CARTESIAN_POINT ( 'NONE',  ( 0.000000000000000000, 0.000000000000000000, -56.99999999999999289 ) ) ;
#8502 = CARTESIAN_POINT ( 'NONE',  ( 0.1676550930108547666, -4.832344906989147759, -55.85453806259096154 ) ) ;
#8503 = CYLINDRICAL_SURFACE ( 'NONE', #3162, 0.9999999999999995559 ) ;
#8504 = VERTEX_POINT ( 'NONE', #6800 ) ;
#8505 = PERSON_AND_ORGANIZATION ( #6507, #1122 ) ;
#8506 = ADVANCED_FACE ( 'NONE', ( #8318 ), #1925, .F. ) ;
#8507 = ORIENTED_EDGE ( 'NONE', *, *, #6337, .F. ) ;
#8508 = CARTESIAN_POINT ( 'NONE',  ( -3.863136006094629149, -1.136863993905370629, -120.1287837792026920 ) ) ;
#8509 = CARTESIAN_POINT ( 'NONE',  ( 1.000000000000000000, 0.000000000000000000, -106.5000000000000000 ) ) ;
#8510 = DIRECTION ( 'NONE',  ( 0.000000000000000000, -1.000000000000000000, 0.000000000000000000 ) ) ;
#8511 = ORIENTED_EDGE ( 'NONE', *, *, #4865, .T. ) ;
#8512 = CARTESIAN_POINT ( 'NONE',  ( -4.508466212578269072, -0.4915337874217310388, -104.6062351930679881 ) ) ;
#8513 = CARTESIAN_POINT ( 'NONE',  ( 0.000000000000000000, 0.000000000000000000, -103.0000000000000000 ) ) ;
#8514 = CARTESIAN_POINT ( 'NONE',  ( -4.686141179201313456, -0.3138588207986879319, -31.03467868775798522 ) ) ;
#8515 = EDGE_CURVE ( 'NONE', #316, #1355, #7185, .T. ) ;
#8516 = DIRECTION ( 'NONE',  ( -0.000000000000000000, -0.000000000000000000, 1.000000000000000000 ) ) ;
#8517 = CARTESIAN_POINT ( 'NONE',  ( -3.904737509655572758, 4.781924292710301467E-16, -65.24999999999998579 ) ) ;
#8518 = CARTESIAN_POINT ( 'NONE',  ( -4.040089233413053371, -0.9599107665869472950, -108.9776342793601742 ) ) ;
#8519 = DIRECTION ( 'NONE',  ( -1.000000000000000000, 1.224646799147353207E-16, 0.000000000000000000 ) ) ;
#8520 = DIRECTION ( 'NONE',  ( -0.000000000000000000, -0.000000000000000000, 1.000000000000000000 ) ) ;
#8521 = CARTESIAN_POINT ( 'NONE',  ( -1.000000000000000000, 1.224646799147353207E-16, -18.50000000000000355 ) ) ;
#8522 = CARTESIAN_POINT ( 'NONE',  ( 0.04063066961830684443, -4.959369330381691476, -111.4138655165219802 ) ) ;
#8523 = EDGE_CURVE ( 'NONE', #6014, #620, #8309, .T. ) ;
#8524 = VERTEX_POINT ( 'NONE', #4819 ) ;
#8525 = CARTESIAN_POINT ( 'NONE',  ( -0.4974474678478197909, -4.502552532152179765, -16.61327242307181962 ) ) ;
#8526 = B_SPLINE_CURVE_WITH_KNOTS ( 'NONE', 3,
 ( #138, #8508, #7217, #6338, #7816, #40, #7728, #3585, #8643, #5740, #824, #918, #1502, #4370, #2202, #6475 ),
 .UNSPECIFIED., .F., .F.,
 ( 4, 2, 2, 2, 2, 2, 2, 4 ),
 ( 4.818711198664599083E-07, 0.0008765200830274455859, 0.001314539188981235160, 0.001752558294935024734, 0.002190577400888814308, 0.002628596506842603882, 0.003066615612796393456, 0.003504634718750183030 ),
 .UNSPECIFIED. ) ;
#8527 = ORIENTED_EDGE ( 'NONE', *, *, #8951, .F. ) ;
#8528 = CARTESIAN_POINT ( 'NONE',  ( 4.502552532152134468, -0.4974474678478660872, -42.38672757692827275 ) ) ;
#8529 = CARTESIAN_POINT ( 'NONE',  ( -0.4321793203734997091, -4.567820679626501068, -82.72657376275979857 ) ) ;
#8530 = LINE ( 'NONE', #5588, #3729 ) ;
#8531 = DIRECTION ( 'NONE',  ( 1.000000000000000000, 0.000000000000000000, 0.000000000000000000 ) ) ;
#8532 = CARTESIAN_POINT ( 'NONE',  ( -4.502552532152134468, -0.4974474678478655321, -97.38672757692825144 ) ) ;
#8533 = ADVANCED_FACE ( 'NONE', ( #8865 ), #8008, .T. ) ;
#8534 = CARTESIAN_POINT ( 'NONE',  ( 3.671958834454342124, -1.328041165545657876, -37.75000000000000000 ) ) ;
#8535 = EDGE_CURVE ( 'NONE', #7819, #2714, #3751, .T. ) ;
#8536 = EDGE_LOOP ( 'NONE', ( #846, #7843, #5384, #1305, #308, #7032, #3389, #7036, #3997, #6024, #395, #878, #1039, #5784, #5552, #2351, #739, #7698, #6246, #566, #6802, #2368, #1645, #1168, #5852, #1144, #6730, #2740, #4248, #2707, #2278, #7773, #2060, #7143, #1198, #4152, #7584, #2206, #3342, #4081, #9084, #7959, #5072, #13, #1249, #3097, #2812, #3646, #4052, #2099, #6321, #1035, #3280, #2795, #7331, #5869, #7907, #7157, #8456, #7268, #3831, #8788, #2416, #8049, #5373, #1795, #3619, #5773, #298, #3380, #4443, #3791, #7682, #7047, #1208, #6592, #8157, #8612, #3881, #6636, #6759, #7354, #819, #3773, #2859, #7879, #7049, #8753, #4591, #486, #8974, #3225, #3010, #1307 ) ) ;
#8537 = CARTESIAN_POINT ( 'NONE',  ( -1.328041165545656765, -3.671958834454343013, -76.25000000000000000 ) ) ;
#8538 = VERTEX_POINT ( 'NONE', #1883 ) ;
#8539 = CARTESIAN_POINT ( 'NONE',  ( 0.000000000000000000, 0.000000000000000000, -123.0000000000000000 ) ) ;
#8540 = AXIS2_PLACEMENT_3D ( 'NONE', #6915, #5402, #613 ) ;
#8541 = CARTESIAN_POINT ( 'NONE',  ( -1.000000000000000000, 1.224646799147353207E-16, -93.50000000000000000 ) ) ;
#8542 = CARTESIAN_POINT ( 'NONE',  ( -4.872131520502826163, -0.1278684794971741423, -74.50740203054003530 ) ) ;
#8543 = CARTESIAN_POINT ( 'NONE',  ( -4.960065625082965113, -0.03993437491703669823, -72.91868978647572419 ) ) ;
#8544 = CARTESIAN_POINT ( 'NONE',  ( 5.000000000000284217, 2.845106866107319290E-13, -7.500000000000213163 ) ) ;
#8545 = DIRECTION ( 'NONE',  ( 1.000000000000000000, 0.000000000000000000, 0.000000000000000000 ) ) ;
#8546 = ORIENTED_EDGE ( 'NONE', *, *, #478, .F. ) ;
#8547 = CALENDAR_DATE ( 2026, 24, 2 ) ;
#8548 = ORIENTED_EDGE ( 'NONE', *, *, #4986, .F. ) ;
#8549 = AXIS2_PLACEMENT_3D ( 'NONE', #6125, #1294, #5525 ) ;
#8550 = ADVANCED_FACE ( 'NONE', ( #1315 ), #957, .F. ) ;
#8551 = CARTESIAN_POINT ( 'NONE',  ( -4.935956332719893425, -0.06404366728010746357, -6.774401865985229421 ) ) ;
#8552 = CARTESIAN_POINT ( 'NONE',  ( -4.833123071218334843, -0.1668769287816652402, -121.8572048687072851 ) ) ;
#8553 = CARTESIAN_POINT ( 'NONE',  ( 0.000000000000000000, 0.000000000000000000, -73.50000000000001421 ) ) ;
#8554 = EDGE_LOOP ( 'NONE', ( #368, #8251, #4070 ) ) ;
#8555 = DIRECTION ( 'NONE',  ( 0.000000000000000000, -1.000000000000000000, 0.000000000000000000 ) ) ;
#8556 = CARTESIAN_POINT ( 'NONE',  ( -4.040089233413053371, -0.9599107665869472950, -81.47763427936018843 ) ) ;
#8557 = CARTESIAN_POINT ( 'NONE',  ( 0.008301598520849596402, -4.991698401479149894, -89.70374637061692624 ) ) ;
#8558 = CARTESIAN_POINT ( 'NONE',  ( -1.328041165545656765, -3.671958834454343013, -120.2499999999999858 ) ) ;
#8559 = ORIENTED_EDGE ( 'NONE', *, *, #3690, .T. ) ;
#8560 = CARTESIAN_POINT ( 'NONE',  ( 0.008042224640668390462, -4.991957775359332494, -101.2924658745477444 ) ) ;
#8561 = EDGE_CURVE ( 'NONE', #805, #2428, #3317, .T. ) ;
#8562 = DIRECTION ( 'NONE',  ( 0.000000000000000000, -1.000000000000000000, 0.000000000000000000 ) ) ;
#8563 = CARTESIAN_POINT ( 'NONE',  ( 3.671958834454343013, -1.328041165545656987, -92.74999999999998579 ) ) ;
#8564 = DIRECTION ( 'NONE',  ( 1.000000000000000000, 0.000000000000000000, 0.000000000000000000 ) ) ;
#8565 = CARTESIAN_POINT ( 'NONE',  ( 1.328041165545656987, -3.671958834454343013, -98.24999999999998579 ) ) ;
#8566 = EDGE_CURVE ( 'NONE', #3153, #2751, #1801, .T. ) ;
#8567 = ORIENTED_EDGE ( 'NONE', *, *, #2516, .F. ) ;
#8568 = CARTESIAN_POINT ( 'NONE',  ( -4.686141179201313456, -0.3138588207986871548, -14.53467868775798699 ) ) ;
#8569 = VERTEX_POINT ( 'NONE', #2794 ) ;
#8570 = CIRCLE ( 'NONE', #8413, 0.9999999999999993339 ) ;
#8571 = ADVANCED_FACE ( 'NONE', ( #3526 ), #8740, .T. ) ;
#8572 = CARTESIAN_POINT ( 'NONE',  ( -4.502552532152130915, -0.4974474678478694178, -25.88672757692826920 ) ) ;
#8573 = CARTESIAN_POINT ( 'NONE',  ( -0.06404366727607974097, -4.935956332723921314, -96.22559813399345785 ) ) ;
#8574 = CARTESIAN_POINT ( 'NONE',  ( 4.043148172725555156, -0.9568518272744450659, -120.5252776777137598 ) ) ;
#8575 = CARTESIAN_POINT ( 'NONE',  ( 0.03993437491367660824, -4.960065625086322427, -85.08131021350180845 ) ) ;
#8576 = CARTESIAN_POINT ( 'NONE',  ( 0.000000000000000000, 0.000000000000000000, 0.000000000000000000 ) ) ;
#8577 = CARTESIAN_POINT ( 'NONE',  ( -0.2608011983036800929, -4.739198801696320018, -77.59076228219156235 ) ) ;
#8578 = CARTESIAN_POINT ( 'NONE',  ( -5.000000000000285105, 2.853331553957207015E-13, -35.00000000000021316 ) ) ;
#8579 = ORIENTED_EDGE ( 'NONE', *, *, #8212, .T. ) ;
#8580 = CARTESIAN_POINT ( 'NONE',  ( 0.1593231317802018543, -4.840676868219798479, -25.14678058431653085 ) ) ;
#8581 = VERTEX_POINT ( 'NONE', #4352 ) ;
#8582 = TOROIDAL_SURFACE ( 'NONE', #4620, 1.000000000000000000, 2.000000000000001776 ) ;
#8583 = EDGE_CURVE ( 'NONE', #6769, #2320, #4189, .T. ) ;
#8584 = CARTESIAN_POINT ( 'NONE',  ( -0.9999999999999995559, 1.224646799147352714E-16, 0.000000000000000000 ) ) ;
#8585 = B_SPLINE_CURVE_WITH_KNOTS ( 'NONE', 3,
 ( #1839, #5190, #7312, #3123, #5378, #2532, #8728, #6616, #7400, #1892, #2576, #507 ),
 .UNSPECIFIED., .F., .F.,
 ( 4, 2, 2, 2, 2, 4 ),
 ( 0.003504634718750195607, 0.003941423334025081354, 0.004378211949299966668, 0.005251789179849739031, 0.006125366410399512261, 0.006998943640949285491 ),
 .UNSPECIFIED. ) ;
#8586 = CARTESIAN_POINT ( 'NONE',  ( 0.000000000000000000, 0.000000000000000000, -106.5000000000000000 ) ) ;
#8587 = CARTESIAN_POINT ( 'NONE',  ( -4.040089233413053371, -0.9599107665869472950, -75.97763427936021685 ) ) ;
#8588 = AXIS2_PLACEMENT_3D ( 'NONE', #8827, #6617, #274 ) ;
#8589 = CARTESIAN_POINT ( 'NONE',  ( 0.9999999999999993339, 0.000000000000000000, -31.50000000000000000 ) ) ;
#8590 = EDGE_LOOP ( 'NONE', ( #7778, #891, #6766, #6353 ) ) ;
#8591 = AXIS2_PLACEMENT_3D ( 'NONE', #8073, #4671, #2599 ) ;
#8592 = APPROVAL_DATE_TIME ( #4270, #1360 ) ;
#8593 = ORIENTED_EDGE ( 'NONE', *, *, #3015, .F. ) ;
#8594 = AXIS2_PLACEMENT_3D ( 'NONE', #5505, #7534, #6057 ) ;
#8595 = EDGE_CURVE ( 'NONE', #7927, #24, #811, .T. ) ;
#8596 = DIRECTION ( 'NONE',  ( -0.000000000000000000, -0.000000000000000000, 1.000000000000000000 ) ) ;
#8597 = VECTOR ( 'NONE', #4108, 1000.000000000000000 ) ;
#8598 = CARTESIAN_POINT ( 'NONE',  ( 4.040089233413053371, -0.9599107665869472950, -75.97763427936021685 ) ) ;
#8599 = CARTESIAN_POINT ( 'NONE',  ( 0.000000000000000000, 0.000000000000000000, -108.4999999999999858 ) ) ;
#8600 = ORIENTED_EDGE ( 'NONE', *, *, #5873, .F. ) ;
#8601 = DIRECTION ( 'NONE',  ( -0.000000000000000000, -0.000000000000000000, -1.000000000000000000 ) ) ;
#8602 = CARTESIAN_POINT ( 'NONE',  ( 5.000000000000281553, 2.809514862196180954E-13, -73.50000000000021316 ) ) ;
#8603 = CARTESIAN_POINT ( 'NONE',  ( 0.000000000000000000, -5.000000000000000000, -89.99999999997200462 ) ) ;
#8604 = CARTESIAN_POINT ( 'NONE',  ( 0.000000000000000000, -5.000000000000000000, -123.0000000000000000 ) ) ;
#8605 = ADVANCED_FACE ( 'NONE', ( #8491 ), #4483, .T. ) ;
#8606 = ORIENTED_EDGE ( 'NONE', *, *, #6225, .T. ) ;
#8607 = CARTESIAN_POINT ( 'NONE',  ( -1.000000000000000000, 1.224646799147353207E-16, -51.50000000000000711 ) ) ;
#8608 = DIRECTION ( 'NONE',  ( 1.224646799147353207E-16, 1.000000000000000000, 0.000000000000000000 ) ) ;
#8609 = CARTESIAN_POINT ( 'NONE',  ( -0.03993437491706496728, -4.960065625082935803, -63.08131021352447476 ) ) ;
#8610 = CARTESIAN_POINT ( 'NONE',  ( -0.1676550930162088171, -4.832344906983790267, -99.85453806257386589 ) ) ;
#8611 = CARTESIAN_POINT ( 'NONE',  ( 0.4974474678531454752, -4.502552532146855135, -99.11327242306309415 ) ) ;
#8612 = ORIENTED_EDGE ( 'NONE', *, *, #3155, .T. ) ;
#8613 = CARTESIAN_POINT ( 'NONE',  ( 0.000000000000000000, -5.000000000000000000, 8.000000000000007105 ) ) ;
#8614 = ADVANCED_FACE ( 'NONE', ( #757 ), #6844, .T. ) ;
#8615 = ORIENTED_EDGE ( 'NONE', *, *, #1377, .T. ) ;
#8616 = CARTESIAN_POINT ( 'NONE',  ( -4.567820679631958036, -0.4321793203680425743, -25.77342623723036041 ) ) ;
#8617 = LOCAL_TIME ( 21, 14, 1.000000000000000000, #1005 ) ;
#8618 = CARTESIAN_POINT ( 'NONE',  ( 0.2517800035594496832, -4.748219996440551149, -47.40883637235565118 ) ) ;
#8619 = DIRECTION ( 'NONE',  ( 1.000000000000000000, 0.000000000000000000, 0.000000000000000000 ) ) ;
#8620 = CYLINDRICAL_SURFACE ( 'NONE', #5245, 0.9999999999999995559 ) ;
#8621 = CARTESIAN_POINT ( 'NONE',  ( 1.328041165545656987, -3.671958834454343013, -70.75000000000000000 ) ) ;
#8622 = DIRECTION ( 'NONE',  ( 1.000000000000000000, 0.000000000000000000, 0.000000000000000000 ) ) ;
#8623 = EDGE_LOOP ( 'NONE', ( #4497, #1023, #6948 ) ) ;
#8624 = CARTESIAN_POINT ( 'NONE',  ( 4.872131520502826163, -0.1278684794971743088, -102.0074020305400211 ) ) ;
#8625 = CIRCLE ( 'NONE', #3932, 4.000000000000003553 ) ;
#8626 = AXIS2_PLACEMENT_3D ( 'NONE', #1604, #4319, #5011 ) ;
#8627 = EDGE_CURVE ( 'NONE', #532, #5257, #166, .T. ) ;
#8628 = ORIENTED_EDGE ( 'NONE', *, *, #6652, .T. ) ;
#8629 = B_SPLINE_CURVE_WITH_KNOTS ( 'NONE', 3,
 ( #3626, #1359, #2063, #8543, #6328, #2802, #7165, #725, #7809, #3533, #7719, #6425 ),
 .UNSPECIFIED., .F., .F.,
 ( 4, 2, 2, 2, 2, 4 ),
 ( 0.003504634718750183030, 0.003941423334025067476, 0.004378211949299951056, 0.005251789179849719949, 0.006125366410399488842, 0.006998943640949258603 ),
 .UNSPECIFIED. ) ;
#8630 = CIRCLE ( 'NONE', #7164, 4.000000000000003553 ) ;
#8631 = DIRECTION ( 'NONE',  ( 1.224646799147353207E-16, 1.000000000000000000, 0.000000000000000000 ) ) ;
#8632 = DIRECTION ( 'NONE',  ( 0.7071067811865474617, -0.7071067811865474617, 0.000000000000000000 ) ) ;
#8633 = DIRECTION ( 'NONE',  ( -0.000000000000000000, -0.000000000000000000, 1.000000000000000000 ) ) ;
#8634 = CIRCLE ( 'NONE', #4378, 0.9999999999999993339 ) ;
#8635 = AXIS2_PLACEMENT_3D ( 'NONE', #9078, #5676, #158 ) ;
#8636 = DIRECTION ( 'NONE',  ( -0.000000000000000000, -0.000000000000000000, 1.000000000000000000 ) ) ;
#8637 = CARTESIAN_POINT ( 'NONE',  ( 0.000000000000000000, 0.000000000000000000, -49.49999999999999289 ) ) ;
#8638 = VERTEX_POINT ( 'NONE', #3480 ) ;
#8639 = PERSON_AND_ORGANIZATION_ROLE ( 'classification_officer' ) ;
#8640 = EDGE_CURVE ( 'NONE', #604, #1239, #3026, .T. ) ;
#8641 = ORIENTED_EDGE ( 'NONE', *, *, #2728, .T. ) ;
#8642 = AXIS2_PLACEMENT_3D ( 'NONE', #7459, #6580, #3090 ) ;
#8643 = CARTESIAN_POINT ( 'NONE',  ( -4.739198801701949293, -0.2608011982980511512, -118.9092377177944400 ) ) ;
#8644 = FACE_OUTER_BOUND ( 'NONE', #6266, .T. ) ;
#8645 = EDGE_LOOP ( 'NONE', ( #6894, #7667, #2380, #6492 ) ) ;
#8646 = DIRECTION ( 'NONE',  ( 0.000000000000000000, 0.000000000000000000, -1.000000000000000000 ) ) ;
#8647 = CARTESIAN_POINT ( 'NONE',  ( 4.748219996434693613, -0.2517800035653064428, -72.09116362763015218 ) ) ;
#8648 = DIRECTION ( 'NONE',  ( 1.000000000000000000, 0.000000000000000000, 0.000000000000000000 ) ) ;
#8649 = CARTESIAN_POINT ( 'NONE',  ( -3.632924310773694154E-15, -4.999999999999995559, -117.3527427921129913 ) ) ;
#8650 = ORIENTED_EDGE ( 'NONE', *, *, #4903, .F. ) ;
#8651 = DIRECTION ( 'NONE',  ( 1.000000000000000000, 0.000000000000000000, 0.000000000000000000 ) ) ;
#8652 = CARTESIAN_POINT ( 'NONE',  ( 4.366408635906907421, -0.6335913640930924684, -27.39380044883598941 ) ) ;
#8653 = DIRECTION ( 'NONE',  ( -0.000000000000000000, -0.000000000000000000, 1.000000000000000000 ) ) ;
#8654 = CARTESIAN_POINT ( 'NONE',  ( 3.904737509655567873, 0.000000000000000000, -54.25000000000000000 ) ) ;
#8655 = ORIENTED_EDGE ( 'NONE', *, *, #1946, .F. ) ;
#8656 = DIRECTION ( 'NONE',  ( -0.000000000000000000, -0.000000000000000000, 1.000000000000000000 ) ) ;
#8657 = ORIENTED_EDGE ( 'NONE', *, *, #2636, .F. ) ;
#8658 = ORIENTED_EDGE ( 'NONE', *, *, #7949, .T. ) ;
#8659 = DIRECTION ( 'NONE',  ( 1.000000000000000000, 0.000000000000000000, 0.000000000000000000 ) ) ;
#8660 = CARTESIAN_POINT ( 'NONE',  ( 0.000000000000000000, -5.000000000000000000, -45.99999999997221067 ) ) ;
#8661 = EDGE_CURVE ( 'NONE', #4730, #1051, #1991, .T. ) ;
#8662 = DIRECTION ( 'NONE',  ( -1.000000000000000000, 1.224646799147353207E-16, 0.000000000000000000 ) ) ;
#8663 = FACE_OUTER_BOUND ( 'NONE', #4340, .T. ) ;
#8664 = CARTESIAN_POINT ( 'NONE',  ( -0.008042224640654392978, -4.991957775359346705, -106.7924658745475313 ) ) ;
#8665 = ORIENTED_EDGE ( 'NONE', *, *, #8064, .T. ) ;
#8666 = CARTESIAN_POINT ( 'NONE',  ( 4.748219996434699830, -0.2517800035652998925, -55.59116362763014507 ) ) ;
#8667 = EDGE_LOOP ( 'NONE', ( #5407, #146, #3391, #381 ) ) ;
#8668 = CARTESIAN_POINT ( 'NONE',  ( 4.935956332719893425, -0.06404366728010782439, -17.77440186598522587 ) ) ;
#8669 = CARTESIAN_POINT ( 'NONE',  ( 5.000000000000285105, 2.855686632286915929E-13, -40.50000000000021316 ) ) ;
#8670 = EDGE_CURVE ( 'NONE', #8100, #2666, #6391, .T. ) ;
#8671 = CARTESIAN_POINT ( 'NONE',  ( -4.359865889258239591, -0.6401341107417616305, -9.601250453713507937 ) ) ;
#8672 = DIRECTION ( 'NONE',  ( -0.000000000000000000, -0.000000000000000000, 1.000000000000000000 ) ) ;
#8673 = CARTESIAN_POINT ( 'NONE',  ( 0.000000000000000000, 0.000000000000000000, -98.24999999999998579 ) ) ;
#8674 = ORIENTED_EDGE ( 'NONE', *, *, #5583, .F. ) ;
#8675 = DATE_AND_TIME ( #1049, #4804 ) ;
#8676 = ORIENTED_EDGE ( 'NONE', *, *, #6419, .T. ) ;
#8677 = DIRECTION ( 'NONE',  ( -0.000000000000000000, -0.000000000000000000, 1.000000000000000000 ) ) ;
#8678 = EDGE_CURVE ( 'NONE', #1525, #6512, #7129, .T. ) ;
#8679 = CARTESIAN_POINT ( 'NONE',  ( -3.904737509655567873, 4.781924292710299495E-16, -92.74999999999998579 ) ) ;
#8680 = CIRCLE ( 'NONE', #6043, 0.9999999999999993339 ) ;
#8681 = CARTESIAN_POINT ( 'NONE',  ( 4.359865889258244920, -0.6401341107417566345, -70.10125045371350438 ) ) ;
#8682 = VERTEX_POINT ( 'NONE', #5267 ) ;
#8683 = LINE ( 'NONE', #5745, #8311 ) ;
#8684 = CARTESIAN_POINT ( 'NONE',  ( 0.008301598518898375967, -4.991698401481102110, -23.70374637064251289 ) ) ;
#8685 = CARTESIAN_POINT ( 'NONE',  ( 0.9999999999999995559, 0.000000000000000000, 0.000000000000000000 ) ) ;
#8686 = CARTESIAN_POINT ( 'NONE',  ( -0.2608011982980035781, -4.739198801701995478, -116.0907622822056453 ) ) ;
#8687 = ORIENTED_EDGE ( 'NONE', *, *, #431, .F. ) ;
#8688 = CARTESIAN_POINT ( 'NONE',  ( -5.000000000000281553, 2.811725620256466210E-13, -106.5000000000001990 ) ) ;
#8689 = AXIS2_PLACEMENT_3D ( 'NONE', #7204, #5132, #4260 ) ;
#8690 = EDGE_CURVE ( 'NONE', #6237, #8959, #2245, .T. ) ;
#8691 = DIRECTION ( 'NONE',  ( -0.000000000000000000, -0.000000000000000000, 1.000000000000000000 ) ) ;
#8692 = CARTESIAN_POINT ( 'NONE',  ( 4.282386290039716492, -0.7176137099602829528, -48.20222873041528544 ) ) ;
#8693 = DIRECTION ( 'NONE',  ( 1.000000000000000000, 0.000000000000000000, 0.000000000000000000 ) ) ;
#8694 = CARTESIAN_POINT ( 'NONE',  ( -1.000000000000000000, 1.224646799147353207E-16, -115.4999999999999858 ) ) ;
#8695 = ORIENTED_EDGE ( 'NONE', *, *, #7873, .T. ) ;
#8696 = CARTESIAN_POINT ( 'NONE',  ( 4.686141179201310791, -0.3138588207986893752, -97.03467868775796035 ) ) ;
#8697 = ORIENTED_EDGE ( 'NONE', *, *, #1102, .T. ) ;
#8698 = ORIENTED_EDGE ( 'NONE', *, *, #4908, .F. ) ;
#8699 = CARTESIAN_POINT ( 'NONE',  ( -4.739198801701947517, -0.2608011982980510401, -25.40923771779446128 ) ) ;
#8700 = CARTESIAN_POINT ( 'NONE',  ( -0.4915337874163394072, -4.508466212583661203, -86.39376480692351379 ) ) ;
#8701 = CARTESIAN_POINT ( 'NONE',  ( -4.686141179201315232, -0.3138588207986853784, -58.53467868775798877 ) ) ;
#8702 = DIRECTION ( 'NONE',  ( 1.000000000000000000, 0.000000000000000000, 0.000000000000000000 ) ) ;
#8703 = DIRECTION ( 'NONE',  ( 1.000000000000000000, 0.000000000000000000, 0.000000000000000000 ) ) ;
#8704 = CARTESIAN_POINT ( 'NONE',  ( 0.6401341107464924018, -4.359865889253508264, -38.39874954628010073 ) ) ;
#8705 = CIRCLE ( 'NONE', #5624, 1.000000000000000000 ) ;
#8706 = CARTESIAN_POINT ( 'NONE',  ( -0.6335913640883067410, -4.366408635911693814, -108.6061995511577578 ) ) ;
#8707 = ORIENTED_EDGE ( 'NONE', *, *, #8690, .F. ) ;
#8708 = CARTESIAN_POINT ( 'NONE',  ( 0.000000000000000000, -5.000000000000000000, -40.49999999997221778 ) ) ;
#8709 = EDGE_LOOP ( 'NONE', ( #1082, #7604, #8294, #905, #1714, #501 ) ) ;
#8710 = EDGE_CURVE ( 'NONE', #1095, #4481, #661, .T. ) ;
#8711 = CIRCLE ( 'NONE', #1970, 4.000000000000000000 ) ;
#8712 = CARTESIAN_POINT ( 'NONE',  ( -3.904737509655567873, 4.781924292710298509E-16, -103.7500000000000000 ) ) ;
#8713 = DIRECTION ( 'NONE',  ( -0.000000000000000000, -0.000000000000000000, 1.000000000000000000 ) ) ;
#8714 = AXIS2_PLACEMENT_3D ( 'NONE', #161, #4945, #67 ) ;
#8715 = CARTESIAN_POINT ( 'NONE',  ( -4.686141179201312568, -0.3138588207986880430, -9.034678687757988769 ) ) ;
#8716 = B_SPLINE_CURVE_WITH_KNOTS ( 'NONE', 3,
 ( #7499, #4780, #5469, #4866, #2065, #3266, #2761, #8189, #1195, #7542, #4138, #4005, #5561, #6805, #3314, #6856 ),
 .UNSPECIFIED., .F., .F.,
 ( 4, 2, 2, 2, 2, 2, 2, 4 ),
 ( 4.818711198500916319E-07, 0.0008765200830274302987, 0.001314539188981223017, 0.001752558294935015627, 0.002190577400888807803, 0.002628596506842599979, 0.003066615612796393022, 0.003504634718750185632 ),
 .UNSPECIFIED. ) ;
#8717 = CARTESIAN_POINT ( 'NONE',  ( -3.671958834454334575, -1.328041165545665425, -59.75000000000000000 ) ) ;
#8718 = CARTESIAN_POINT ( 'NONE',  ( 1.137203174285776219, -3.862796825714224447, -21.12899883711745375 ) ) ;
#8719 = CARTESIAN_POINT ( 'NONE',  ( 1.000000000000000000, 0.000000000000000000, -54.99999999999999289 ) ) ;
#8720 = VERTEX_POINT ( 'NONE', #1034 ) ;
#8721 = PERSON_AND_ORGANIZATION_ROLE ( 'design_supplier' ) ;
#8722 = ORIENTED_EDGE ( 'NONE', *, *, #4977, .T. ) ;
#8723 = CIRCLE ( 'NONE', #3307, 3.999999999999996447 ) ;
#8724 = EDGE_CURVE ( 'NONE', #5966, #1491, #7631, .T. ) ;
#8725 = CC_DESIGN_DATE_AND_TIME_ASSIGNMENT ( #729, #770, ( #2333 ) ) ;
#8726 = CARTESIAN_POINT ( 'NONE',  ( 4.040010053637675291, -0.9599899463623234874, -4.477701613838375394 ) ) ;
#8727 = B_SPLINE_CURVE_WITH_KNOTS ( 'NONE', 3,
 ( #6179, #7610, #5401, #574, #1993, #3936, #1256, #3241, #2688, #7563, #6740, #8161 ),
 .UNSPECIFIED., .F., .F.,
 ( 4, 2, 2, 2, 2, 4 ),
 ( 0.003504634718750183030, 0.003941423334025066609, 0.004378211949299949321, 0.005251789179849716480, 0.006125366410399483638, 0.006998943640949250797 ),
 .UNSPECIFIED. ) ;
#8728 = CARTESIAN_POINT ( 'NONE',  ( 4.748219996434697165, -0.2517800035653021684, -6.091163627630149513 ) ) ;
#8729 = TOROIDAL_SURFACE ( 'NONE', #8443, 1.000000000000000000, 4.000000000000000000 ) ;
#8730 = CARTESIAN_POINT ( 'NONE',  ( 0.000000000000000000, 0.000000000000000000, -101.0000000000000000 ) ) ;
#8731 = ORIENTED_EDGE ( 'NONE', *, *, #2268, .F. ) ;
#8732 = CARTESIAN_POINT ( 'NONE',  ( 0.04063066961490015977, -4.959369330385099417, -116.9138655165445186 ) ) ;
#8733 = DIRECTION ( 'NONE',  ( 0.000000000000000000, -1.000000000000000000, 0.000000000000000000 ) ) ;
#8734 = CARTESIAN_POINT ( 'NONE',  ( -0.4974474678478214007, -4.502552532152179765, -5.613272423071816064 ) ) ;
#8735 = AXIS2_PLACEMENT_3D ( 'NONE', #6436, #826, #8414 ) ;
#8736 = VERTEX_POINT ( 'NONE', #4480 ) ;
#8737 = FACE_OUTER_BOUND ( 'NONE', #8221, .T. ) ;
#8738 = ADVANCED_FACE ( 'NONE', ( #208 ), #5076, .F. ) ;
#8739 = TOROIDAL_SURFACE ( 'NONE', #7575, 1.000000000000000000, 3.999999999999999112 ) ;
#8740 = TOROIDAL_SURFACE ( 'NONE', #6103, 1.000000000000000000, 4.000000000000000000 ) ;
#8741 = DIRECTION ( 'NONE',  ( -0.000000000000000000, -0.000000000000000000, 1.000000000000000000 ) ) ;
#8742 = CARTESIAN_POINT ( 'NONE',  ( 4.359865889258239591, -0.6401341107417609644, -48.10125045371351149 ) ) ;
#8743 = CARTESIAN_POINT ( 'NONE',  ( -4.567820679631958924, -0.4321793203680420747, -97.27342623723035331 ) ) ;
#8744 = CARTESIAN_POINT ( 'NONE',  ( 4.748219996434693613, -0.2517800035653064428, -99.59116362763015218 ) ) ;
#8745 = DIRECTION ( 'NONE',  ( 1.224646799147353207E-16, 1.000000000000000000, 0.000000000000000000 ) ) ;
#8746 = CIRCLE ( 'NONE', #3168, 4.000000000000000000 ) ;
#8747 = ORIENTED_EDGE ( 'NONE', *, *, #5472, .T. ) ;
#8748 = CARTESIAN_POINT ( 'NONE',  ( 0.000000000000000000, 0.000000000000000000, -131.9999999999999716 ) ) ;
#8749 = VERTEX_POINT ( 'NONE', #341 ) ;
#8750 = ADVANCED_FACE ( 'NONE', ( #2327 ), #4641, .F. ) ;
#8751 = EDGE_CURVE ( 'NONE', #3318, #6438, #3458, .T. ) ;
#8752 = B_SPLINE_CURVE_WITH_KNOTS ( 'NONE', 3,
 ( #875, #7776, #225, #2951, #8551, #2855, #2246, #5055, #7034, #7861, #2156, #3538 ),
 .UNSPECIFIED., .F., .F.,
 ( 4, 2, 2, 2, 2, 4 ),
 ( 0.003504634718750196040, 0.003941423334025083089, 0.004378211949299970138, 0.005251789179849741633, 0.006125366410399513128, 0.006998943640949283757 ),
 .UNSPECIFIED. ) ;
#8753 = ORIENTED_EDGE ( 'NONE', *, *, #14, .T. ) ;
#8754 = AXIS2_PLACEMENT_3D ( 'NONE', #2782, #4886, #6999 ) ;
#8755 = CARTESIAN_POINT ( 'NONE',  ( -4.935408751172079000, -0.06459124882792185995, -24.72834765084402164 ) ) ;
#8756 = CARTESIAN_POINT ( 'NONE',  ( 0.000000000000000000, -5.000000000000000000, -40.49999999997221778 ) ) ;
#8757 = CARTESIAN_POINT ( 'NONE',  ( 4.959369330385072772, -0.04063066961492747819, -30.08613448345569452 ) ) ;
#8758 = CARTESIAN_POINT ( 'NONE',  ( 5.000000000000285105, 2.855686632286915929E-13, -40.50000000000021316 ) ) ;
#8759 = CARTESIAN_POINT ( 'NONE',  ( 1.328041165545656987, -3.671958834454343013, -87.25000000000000000 ) ) ;
#8760 = DIRECTION ( 'NONE',  ( -0.000000000000000000, -0.000000000000000000, 1.000000000000000000 ) ) ;
#8761 = CARTESIAN_POINT ( 'NONE',  ( -1.328041165545656765, -3.671958834454343013, -109.2499999999999858 ) ) ;
#8762 = ORIENTED_EDGE ( 'NONE', *, *, #6226, .F. ) ;
#8763 = CARTESIAN_POINT ( 'NONE',  ( -0.1278684795021247378, -4.872131520497875456, -88.99259796944160428 ) ) ;
#8764 = B_SPLINE_CURVE_WITH_KNOTS ( 'NONE', 3,
 ( #3352, #2009, #2792, #3397, #6966, #7625, #4897, #2702, #8359, #4167, #715, #3524, #667, #2054, #6192, #6152 ),
 .UNSPECIFIED., .F., .F.,
 ( 4, 2, 2, 2, 2, 2, 2, 4 ),
 ( 4.818711198930354611E-07, 0.0008765200830205804178, 0.001314539188970937191, 0.001752558294921293964, 0.002190577400871650954, 0.002628596506822007510, 0.003066615612772364500, 0.003504634718722721056 ),
 .UNSPECIFIED. ) ;
#8765 = ORIENTED_EDGE ( 'NONE', *, *, #6922, .T. ) ;
#8766 = EDGE_CURVE ( 'NONE', #5039, #393, #1264, .T. ) ;
#8767 = LOCAL_TIME ( 21, 14, 1.000000000000000000, #3077 ) ;
#8768 = CARTESIAN_POINT ( 'NONE',  ( 0.000000000000000000, 0.000000000000000000, -56.99999999999999289 ) ) ;
#8769 = DIRECTION ( 'NONE',  ( -0.000000000000000000, -0.000000000000000000, 1.000000000000000000 ) ) ;
#8770 = CARTESIAN_POINT ( 'NONE',  ( 0.06459124882788502831, -4.935408751172115416, -17.77165234915617376 ) ) ;
#8771 = TOROIDAL_SURFACE ( 'NONE', #2160, 1.000000000000000000, 2.000000000000001776 ) ;
#8772 = CARTESIAN_POINT ( 'NONE',  ( 3.671958834454343013, -1.328041165545656987, -76.25000000000000000 ) ) ;
#8773 = AXIS2_PLACEMENT_3D ( 'NONE', #7950, #8824, #1649 ) ;
#8774 = DIRECTION ( 'NONE',  ( 1.000000000000000000, 0.000000000000000000, 0.000000000000000000 ) ) ;
#8775 = CARTESIAN_POINT ( 'NONE',  ( 0.000000000000000000, 0.000000000000000000, -68.00000000000000000 ) ) ;
#8776 = CIRCLE ( 'NONE', #8916, 4.000000000000003553 ) ;
#8777 = CARTESIAN_POINT ( 'NONE',  ( -1.000000000000000000, 1.224646799147353207E-16, -90.00000000000000000 ) ) ;
#8778 = ORIENTED_EDGE ( 'NONE', *, *, #3909, .T. ) ;
#8779 = CC_DESIGN_SECURITY_CLASSIFICATION ( #834, ( #9096 ) ) ;
#8780 = COORDINATED_UNIVERSAL_TIME_OFFSET ( 3, 30, .AHEAD. ) ;
#8781 = ORIENTED_EDGE ( 'NONE', *, *, #8092, .F. ) ;
#8782 = AXIS2_PLACEMENT_3D ( 'NONE', #3158, #3897, #7251 ) ;
#8783 = CARTESIAN_POINT ( 'NONE',  ( 4.935956332719892536, -0.06404366728010811582, -23.27440186598522942 ) ) ;
#8784 = B_SPLINE_CURVE_WITH_KNOTS ( 'NONE', 3,
 ( #6689, #6595, #1771, #6546, #249, #5215, #5262, #8701, #8023, #7335, #4570, #6497, #5812, #1030, #4436, #388 ),
 .UNSPECIFIED., .F., .F.,
 ( 4, 2, 2, 2, 2, 2, 2, 4 ),
 ( 4.818711198521540512E-07, 0.0008765200830274497059, 0.001314539188981241882, 0.001752558294935034275, 0.002190577400888826451, 0.002628596506842618627, 0.003066615612796410803, 0.003504634718750202545 ),
 .UNSPECIFIED. ) ;
#8785 = DIRECTION ( 'NONE',  ( 0.000000000000000000, -1.000000000000000000, 0.000000000000000000 ) ) ;
#8786 = EDGE_CURVE ( 'NONE', #6355, #6882, #1463, .T. ) ;
#8787 = CARTESIAN_POINT ( 'NONE',  ( -3.671958834454343013, -1.328041165545656765, -81.74999999999998579 ) ) ;
#8788 = ORIENTED_EDGE ( 'NONE', *, *, #7639, .T. ) ;
#8789 = CARTESIAN_POINT ( 'NONE',  ( 0.7176137099602454272, -4.282386290039754684, -21.79777126958476785 ) ) ;
#8790 = CARTESIAN_POINT ( 'NONE',  ( -1.136863993905366410, -3.863136006094634478, -4.871216220797304430 ) ) ;
#8791 = AXIS2_PLACEMENT_3D ( 'NONE', #2810, #2908, #2203 ) ;
#8792 = EDGE_LOOP ( 'NONE', ( #1754, #364, #6254 ) ) ;
#8793 = CARTESIAN_POINT ( 'NONE',  ( 0.2517800035594497943, -4.748219996440550261, -96.90883637235562276 ) ) ;
#8794 = EDGE_CURVE ( 'NONE', #1252, #1731, #6859, .T. ) ;
#8795 = CARTESIAN_POINT ( 'NONE',  ( 4.991698401481086123, -0.008301598518914109909, -46.29625362935772159 ) ) ;
#8796 = ORIENTED_EDGE ( 'NONE', *, *, #5640, .F. ) ;
#8797 = CARTESIAN_POINT ( 'NONE',  ( 4.991957775357460214, -0.008042224642539515245, -100.7075341254273582 ) ) ;
#8798 = CARTESIAN_POINT ( 'NONE',  ( 4.960065625082965113, -0.03993437491703484554, -12.41868978647572774 ) ) ;
#8799 = ORIENTED_EDGE ( 'NONE', *, *, #1203, .T. ) ;
#8800 = EDGE_LOOP ( 'NONE', ( #2938, #6221, #6939, #580 ) ) ;
#8801 = EDGE_LOOP ( 'NONE', ( #827, #8306, #6919 ) ) ;
#8802 = CARTESIAN_POINT ( 'NONE',  ( -0.9568518272744571673, -4.043148172725543610, -4.474722322286244669 ) ) ;
#8803 = DIRECTION ( 'NONE',  ( 1.000000000000000000, 0.000000000000000000, 0.000000000000000000 ) ) ;
#8804 = ADVANCED_FACE ( 'NONE', ( #1 ), #5226, .F. ) ;
#8805 = DIRECTION ( 'NONE',  ( -0.000000000000000000, -0.000000000000000000, 1.000000000000000000 ) ) ;
#8806 = CARTESIAN_POINT ( 'NONE',  ( -4.040089233413048042, -0.9599107665869511807, -48.47763427936023106 ) ) ;
#8807 = DIRECTION ( 'NONE',  ( 1.000000000000000000, 0.000000000000000000, 0.000000000000000000 ) ) ;
#8808 = DIRECTION ( 'NONE',  ( 1.000000000000000000, 0.000000000000000000, 0.000000000000000000 ) ) ;
#8809 = VERTEX_POINT ( 'NONE', #3293 ) ;
#8810 = DIRECTION ( 'NONE',  ( 1.000000000000000000, 0.000000000000000000, 0.000000000000000000 ) ) ;
#8811 = VERTEX_POINT ( 'NONE', #4719 ) ;
#8812 = DIRECTION ( 'NONE',  ( -0.000000000000000000, -0.000000000000000000, 1.000000000000000000 ) ) ;
#8813 = FACE_OUTER_BOUND ( 'NONE', #6993, .T. ) ;
#8814 = CARTESIAN_POINT ( 'NONE',  ( -4.991698401481084346, -0.008301598518915823816, -7.796253629357722481 ) ) ;
#8815 = EDGE_CURVE ( 'NONE', #3890, #1608, #6983, .T. ) ;
#8816 = CARTESIAN_POINT ( 'NONE',  ( -4.359865889258244920, -0.6401341107417566345, -86.60125045371350438 ) ) ;
#8817 = CARTESIAN_POINT ( 'NONE',  ( -3.862796825714239546, -1.137203174285761786, -76.37100116288257823 ) ) ;
#8818 = CARTESIAN_POINT ( 'NONE',  ( 0.000000000000000000, 0.000000000000000000, -97.49999999999998579 ) ) ;
#8819 = CARTESIAN_POINT ( 'NONE',  ( -0.9999999999999993339, 1.224646799147353207E-16, -53.49999999999999289 ) ) ;
#8820 = ORIENTED_EDGE ( 'NONE', *, *, #8523, .F. ) ;
#8821 = APPROVAL_DATE_TIME ( #7353, #8347 ) ;
#8822 = ORIENTED_EDGE ( 'NONE', *, *, #996, .F. ) ;
#8823 = B_SPLINE_CURVE_WITH_KNOTS ( 'NONE', 3,
 ( #5658, #7039, #923, #830, #1510, #7130, #144, #3687, #1468, #5747, #47, #2999, #7918, #8557, #4279, #8603 ),
 .UNSPECIFIED., .F., .F.,
 ( 4, 2, 2, 2, 2, 2, 2, 4 ),
 ( 4.818711198930354611E-07, 0.0008765200830206194491, 0.001314539188970969717, 0.001752558294921319985, 0.002190577400871670036, 0.002628596506822020520, 0.003066615612772371005, 0.003504634718722721056 ),
 .UNSPECIFIED. ) ;
#8824 = DIRECTION ( 'NONE',  ( -0.000000000000000000, -0.000000000000000000, 1.000000000000000000 ) ) ;
#8825 = ADVANCED_FACE ( 'NONE', ( #3941 ), #9036, .T. ) ;
#8826 = FACE_OUTER_BOUND ( 'NONE', #7572, .T. ) ;
#8827 = CARTESIAN_POINT ( 'NONE',  ( -1.000000000000000000, 1.224646799147353207E-16, -18.50000000000000355 ) ) ;
#8828 = ORIENTED_EDGE ( 'NONE', *, *, #3364, .T. ) ;
#8829 = DIRECTION ( 'NONE',  ( -0.000000000000000000, -0.000000000000000000, 1.000000000000000000 ) ) ;
#8830 = ORIENTED_EDGE ( 'NONE', *, *, #8640, .F. ) ;
#8831 = DIRECTION ( 'NONE',  ( 1.000000000000000000, 0.000000000000000000, 0.000000000000000000 ) ) ;
#8832 = EDGE_CURVE ( 'NONE', #5720, #8581, #1113, .T. ) ;
#8833 = AXIS2_PLACEMENT_3D ( 'NONE', #8072, #3837, #8619 ) ;
#8834 = CARTESIAN_POINT ( 'NONE',  ( 0.06404366727607954668, -4.935956332723921314, -96.22559813399345785 ) ) ;
#8835 = B_SPLINE_CURVE_WITH_KNOTS ( 'NONE', 3,
 ( #2869, #7138, #7828, #3551, #840, #5118, #3052, #4243, #150, #5845, #6532, #788 ),
 .UNSPECIFIED., .F., .F.,
 ( 4, 2, 2, 2, 2, 4 ),
 ( 0.003504634718722794782, 0.003941423334001104874, 0.004378211949279414532, 0.005251789179836034716, 0.006125366410392654899, 0.006998943640949275083 ),
 .UNSPECIFIED. ) ;
#8836 = CARTESIAN_POINT ( 'NONE',  ( -4.872131520502827939, -0.1278684794971705618, -52.50740203054002109 ) ) ;
#8837 = ORIENTED_EDGE ( 'NONE', *, *, #1182, .F. ) ;
#8838 = CARTESIAN_POINT ( 'NONE',  ( -4.991698401481079905, -0.008301598518919178771, -68.29625362935772159 ) ) ;
#8839 = CARTESIAN_POINT ( 'NONE',  ( -3.671958834454342124, -1.328041165545657876, -54.25000000000000000 ) ) ;
#8840 = ORIENTED_EDGE ( 'NONE', *, *, #5974, .F. ) ;
#8841 = DIRECTION ( 'NONE',  ( 1.000000000000000000, 0.000000000000000000, 0.000000000000000000 ) ) ;
#8842 = ORIENTED_EDGE ( 'NONE', *, *, #4578, .T. ) ;
#8843 = TOROIDAL_SURFACE ( 'NONE', #7522, 1.000000000000000000, 3.999999999999999112 ) ;
#8844 = EDGE_CURVE ( 'NONE', #604, #938, #6697, .T. ) ;
#8845 = DIRECTION ( 'NONE',  ( -0.000000000000000000, -0.000000000000000000, 1.000000000000000000 ) ) ;
#8846 = EDGE_CURVE ( 'NONE', #4730, #3129, #8457, .T. ) ;
#8847 = CARTESIAN_POINT ( 'NONE',  ( -0.03993437491366195330, -4.960065625086339303, -30.08131021350176226 ) ) ;
#8848 = CARTESIAN_POINT ( 'NONE',  ( 0.06404366727605249887, -4.935956332723947071, -107.2255981339933015 ) ) ;
#8849 = DIRECTION ( 'NONE',  ( -0.000000000000000000, -0.000000000000000000, 1.000000000000000000 ) ) ;
#8850 = DIRECTION ( 'NONE',  ( 1.000000000000000000, 0.000000000000000000, 0.000000000000000000 ) ) ;
#8851 = CARTESIAN_POINT ( 'NONE',  ( 0.008301598520832060082, -4.991698401479168545, -40.20374637061713941 ) ) ;
#8852 = CYLINDRICAL_SURFACE ( 'NONE', #7725, 5.000000000000000000 ) ;
#8853 = EDGE_LOOP ( 'NONE', ( #1133, #5462, #1555, #5964 ) ) ;
#8854 = CARTESIAN_POINT ( 'NONE',  ( -0.2608011983036378489, -4.739198801696361762, -39.09076228219166893 ) ) ;
#8855 = VERTEX_POINT ( 'NONE', #8121 ) ;
#8856 = EDGE_CURVE ( 'NONE', #2012, #7422, #4787, .T. ) ;
#8857 = B_SPLINE_CURVE_WITH_KNOTS ( 'NONE', 3,
 ( #1944, #7414, #8884, #7466, #8292, #472, #1246, #567, #1904, #4607, #5439, #4708, #6909, #1206, #1985, #7600 ),
 .UNSPECIFIED., .F., .F.,
 ( 4, 2, 2, 2, 2, 2, 2, 4 ),
 ( 4.818711199177020135E-07, 0.0008765200830206752855, 0.001314539188971053200, 0.001752558294921431224, 0.002190577400871808814, 0.002628596506822187054, 0.003066615612772564860, 0.003504634718722943101 ),
 .UNSPECIFIED. ) ;
#8858 = CARTESIAN_POINT ( 'NONE',  ( 0.4321793203735130318, -4.567820679626485969, -27.72657376275976304 ) ) ;
#8859 = CARTESIAN_POINT ( 'NONE',  ( 0.1676550930162007957, -4.832344906983798261, -44.85453806257385168 ) ) ;
#8860 = DIRECTION ( 'NONE',  ( 1.224646799147353207E-16, 1.000000000000000000, 0.000000000000000000 ) ) ;
#8861 = AXIS2_PLACEMENT_3D ( 'NONE', #6681, #8656, #7279 ) ;
#8862 = CARTESIAN_POINT ( 'NONE',  ( -4.282386290039718268, -0.7176137099602820646, -86.70222873041527123 ) ) ;
#8863 = DIRECTION ( 'NONE',  ( 1.000000000000000000, 0.000000000000000000, 0.000000000000000000 ) ) ;
#8864 = CARTESIAN_POINT ( 'NONE',  ( 4.359865889258239591, -0.6401341107417611864, -9.601250453713506161 ) ) ;
#8865 = FACE_OUTER_BOUND ( 'NONE', #8623, .T. ) ;
#8866 = ORIENTED_EDGE ( 'NONE', *, *, #4915, .T. ) ;
#8867 = APPROVAL_DATE_TIME ( #6107, #3449 ) ;
#8868 = ORIENTED_EDGE ( 'NONE', *, *, #4590, .T. ) ;
#8869 = VECTOR ( 'NONE', #619, 1000.000000000000000 ) ;
#8870 = LINE ( 'NONE', #3221, #3050 ) ;
#8871 = CARTESIAN_POINT ( 'NONE',  ( 0.9999999999999995559, 0.000000000000000000, 0.000000000000000000 ) ) ;
#8872 = DIRECTION ( 'NONE',  ( -0.000000000000000000, -0.000000000000000000, 1.000000000000000000 ) ) ;
#8873 = CARTESIAN_POINT ( 'NONE',  ( 0.000000000000000000, 0.000000000000000000, -66.00000000000000000 ) ) ;
#8874 = EDGE_LOOP ( 'NONE', ( #5828, #4133, #5422 ) ) ;
#8875 = CARTESIAN_POINT ( 'NONE',  ( 4.739198801701949293, -0.2608011982980512622, -102.4092377177944684 ) ) ;
#8876 = CARTESIAN_POINT ( 'NONE',  ( 1.814768089492338476E-16, -5.000000000000000000, -7.352742792112993975 ) ) ;
#8877 = AXIS2_PLACEMENT_3D ( 'NONE', #2275, #1067, #7755 ) ;
#8878 = ORIENTED_EDGE ( 'NONE', *, *, #6850, .F. ) ;
#8879 = CARTESIAN_POINT ( 'NONE',  ( 0.000000000000000000, -5.000000000000000000, -100.9999999999722036 ) ) ;
#8880 = ADVANCED_FACE ( 'NONE', ( #6044 ), #8852, .T. ) ;
#8881 = AXIS2_PLACEMENT_3D ( 'NONE', #1152, #3263, #5377 ) ;
#8882 = CARTESIAN_POINT ( 'NONE',  ( -1.136863993906868320, -3.863136006093131236, -32.37121622079634164 ) ) ;
#8883 = ORIENTED_EDGE ( 'NONE', *, *, #2786, .T. ) ;
#8884 = CARTESIAN_POINT ( 'NONE',  ( -0.9599107665897164132, -4.040089233410284031, -93.02236572063742415 ) ) ;
#8885 = DIRECTION ( 'NONE',  ( 1.000000000000000000, 0.000000000000000000, 0.000000000000000000 ) ) ;
#8886 = ORIENTED_EDGE ( 'NONE', *, *, #5665, .F. ) ;
#8887 = CARTESIAN_POINT ( 'NONE',  ( 0.06459124883188714639, -4.935408751168110619, -83.77165234913505287 ) ) ;
#8888 = AXIS2_PLACEMENT_3D ( 'NONE', #528, #4197, #8380 ) ;
#8889 = VERTEX_POINT ( 'NONE', #2915 ) ;
#8890 = AXIS2_PLACEMENT_3D ( 'NONE', #1498, #2289, #6377 ) ;
#8891 = CARTESIAN_POINT ( 'NONE',  ( -3.863136006094629149, -1.136863993905370629, -114.6287837792026778 ) ) ;
#8892 = DIRECTION ( 'NONE',  ( 0.000000000000000000, 0.000000000000000000, -1.000000000000000000 ) ) ;
#8893 = CARTESIAN_POINT ( 'NONE',  ( 0.000000000000000000, 0.000000000000000000, -119.4999999999999858 ) ) ;
#8894 = CIRCLE ( 'NONE', #4928, 1.000000000000000000 ) ;
#8895 = CARTESIAN_POINT ( 'NONE',  ( 3.862796825714234661, -1.137203174285766005, -37.87100116288255691 ) ) ;
#8896 = DIRECTION ( 'NONE',  ( 1.000000000000000000, 0.000000000000000000, 0.000000000000000000 ) ) ;
#8897 = CARTESIAN_POINT ( 'NONE',  ( -0.4321793203734922706, -4.567820679626507285, -44.22657376275979857 ) ) ;
#8898 = EDGE_CURVE ( 'NONE', #1624, #5285, #5518, .T. ) ;
#8899 = CARTESIAN_POINT ( 'NONE',  ( -3.863136006094638475, -1.136863993905363079, -65.12878377920270623 ) ) ;
#8900 = VERTEX_POINT ( 'NONE', #6441 ) ;
#8901 = CARTESIAN_POINT ( 'NONE',  ( -0.2608011982980036891, -4.739198801701995478, -72.09076228220567373 ) ) ;
#8902 = VECTOR ( 'NONE', #419, 1000.000000000000000 ) ;
#8903 = ORIENTED_EDGE ( 'NONE', *, *, #8583, .T. ) ;
#8904 = CC_DESIGN_PERSON_AND_ORGANIZATION_ASSIGNMENT ( #7169, #8721, ( #2460 ) ) ;
#8905 = AXIS2_PLACEMENT_3D ( 'NONE', #8350, #2739, #655 ) ;
#8906 = CARTESIAN_POINT ( 'NONE',  ( 0.000000000000000000, -5.000000000000000000, -29.49999999997211830 ) ) ;
#8907 = CARTESIAN_POINT ( 'NONE',  ( 0.000000000000000000, 0.000000000000000000, -13.00000000000000355 ) ) ;
#8908 = CARTESIAN_POINT ( 'NONE',  ( 1.137203174284267426, -3.862796825715733462, -37.62899883711651228 ) ) ;
#8909 = CARTESIAN_POINT ( 'NONE',  ( 0.3140197199590834543, -4.685980280040914714, -121.4649636717130221 ) ) ;
#8910 = CARTESIAN_POINT ( 'NONE',  ( -4.748219996434698054, -0.2517800035653024460, -77.59116362763018060 ) ) ;
#8911 = EDGE_CURVE ( 'NONE', #5449, #2470, #822, .T. ) ;
#8912 = CARTESIAN_POINT ( 'NONE',  ( -3.862796825714235105, -1.137203174285765561, -21.37100116288255691 ) ) ;
#8913 = ORIENTED_EDGE ( 'NONE', *, *, #1061, .T. ) ;
#8914 = ORIENTED_EDGE ( 'NONE', *, *, #7588, .F. ) ;
#8915 = TOROIDAL_SURFACE ( 'NONE', #4214, 1.000000000000000000, 1.999999999999994893 ) ;
#8916 = AXIS2_PLACEMENT_3D ( 'NONE', #1340, #5446, #8945 ) ;
#8917 = CARTESIAN_POINT ( 'NONE',  ( 0.000000000000000000, -5.000000000000000000, -13.00000000000000533 ) ) ;
#8918 = LOCAL_TIME ( 21, 14, 1.000000000000000000, #7724 ) ;
#8919 = ADVANCED_FACE ( 'NONE', ( #3643 ), #3178, .F. ) ;
#8920 = CARTESIAN_POINT ( 'NONE',  ( 0.000000000000000000, 0.000000000000000000, 0.000000000000000000 ) ) ;
#8921 = ORIENTED_EDGE ( 'NONE', *, *, #7549, .F. ) ;
#8922 = CARTESIAN_POINT ( 'NONE',  ( 0.000000000000000000, 0.000000000000000000, -51.50000000000000711 ) ) ;
#8923 = CIRCLE ( 'NONE', #4511, 1.999999999999998224 ) ;
#8924 = AXIS2_PLACEMENT_3D ( 'NONE', #4628, #2336, #3754 ) ;
#8925 = ORIENTED_EDGE ( 'NONE', *, *, #4856, .F. ) ;
#8926 = DIRECTION ( 'NONE',  ( 1.000000000000000000, 0.000000000000000000, 0.000000000000000000 ) ) ;
#8927 = TOROIDAL_SURFACE ( 'NONE', #3357, 1.000000000000000000, 4.000000000000000000 ) ;
#8928 = CARTESIAN_POINT ( 'NONE',  ( 1.000000000000000000, 0.000000000000000000, -77.00000000000000000 ) ) ;
#8929 = EDGE_CURVE ( 'NONE', #7803, #3892, #3463, .T. ) ;
#8930 = CIRCLE ( 'NONE', #8492, 1.999999999999998224 ) ;
#8931 = CARTESIAN_POINT ( 'NONE',  ( -8.185514644028741943E-16, -4.999999999999999112, -18.64684353044862419 ) ) ;
#8932 = ADVANCED_FACE ( 'NONE', ( #2253 ), #6248, .T. ) ;
#8933 = CIRCLE ( 'NONE', #2330, 3.999999999999996447 ) ;
#8934 = ORIENTED_EDGE ( 'NONE', *, *, #592, .F. ) ;
#8935 = SHAPE_REPRESENTATION ( '2mm_assem', ( #3916, #1700, #6851, #2885, #4060 ), #5956 ) ;
#8936 = DIRECTION ( 'NONE',  ( 1.000000000000000000, 0.000000000000000000, 0.000000000000000000 ) ) ;
#8937 = CARTESIAN_POINT ( 'NONE',  ( -3.862796825714241322, -1.137203174285759566, -54.37100116288256402 ) ) ;
#8938 = ORIENTED_EDGE ( 'NONE', *, *, #816, .T. ) ;
#8939 = CARTESIAN_POINT ( 'NONE',  ( 5.000000000000281553, 2.809514862196180954E-13, -112.0000000000002132 ) ) ;
#8940 = ORIENTED_EDGE ( 'NONE', *, *, #4832, .F. ) ;
#8941 = TOROIDAL_SURFACE ( 'NONE', #7603, 1.000000000000000000, 3.999999999999996447 ) ;
#8942 = CARTESIAN_POINT ( 'NONE',  ( -4.935956332719889872, -0.06404366728011053056, -67.27440186598522587 ) ) ;
#8943 = FACE_OUTER_BOUND ( 'NONE', #3813, .T. ) ;
#8944 = LINE ( 'NONE', #614, #7855 ) ;
#8945 = DIRECTION ( 'NONE',  ( 0.000000000000000000, 0.000000000000000000, -1.000000000000000000 ) ) ;
#8946 = CARTESIAN_POINT ( 'NONE',  ( -0.1676550930162012398, -4.832344906983800037, -44.85453806257385878 ) ) ;
#8947 = DIRECTION ( 'NONE',  ( -0.000000000000000000, -0.000000000000000000, 1.000000000000000000 ) ) ;
#8948 = ORIENTED_EDGE ( 'NONE', *, *, #2016, .F. ) ;
#8949 = CARTESIAN_POINT ( 'NONE',  ( 0.000000000000000000, 0.000000000000000000, -70.75000000000000000 ) ) ;
#8950 = EDGE_LOOP ( 'NONE', ( #8796, #5124, #7492 ) ) ;
#8951 = EDGE_CURVE ( 'NONE', #379, #3989, #5540, .T. ) ;
#8952 = DIRECTION ( 'NONE',  ( -0.000000000000000000, -0.000000000000000000, 1.000000000000000000 ) ) ;
#8953 = CARTESIAN_POINT ( 'NONE',  ( 1.328041165545657876, -3.671958834454342124, -43.25000000000000711 ) ) ;
#8954 = CARTESIAN_POINT ( 'NONE',  ( 3.671958834454339016, -1.328041165545661206, -15.75000000000000000 ) ) ;
#8955 = FACE_OUTER_BOUND ( 'NONE', #1155, .T. ) ;
#8956 = CARTESIAN_POINT ( 'NONE',  ( 0.000000000000000000, -5.000000000000000000, -18.50000000000000355 ) ) ;
#8957 = CARTESIAN_POINT ( 'NONE',  ( -0.03993437491367320125, -4.960065625086328644, -52.08131021350185108 ) ) ;
#8958 = ORIENTED_EDGE ( 'NONE', *, *, #5700, .F. ) ;
#8959 = VERTEX_POINT ( 'NONE', #2209 ) ;
#8960 = ADVANCED_FACE ( 'NONE', ( #737 ), #8316, .T. ) ;
#8961 = CARTESIAN_POINT ( 'NONE',  ( -1.026544004491193769E-12, -4.999999999998975930, -29.35274279208611503 ) ) ;
#8962 = DIRECTION ( 'NONE',  ( 1.000000000000000000, 0.000000000000000000, 0.000000000000000000 ) ) ;
#8963 = CARTESIAN_POINT ( 'NONE',  ( 3.671958834454343013, -1.328041165545656987, -76.25000000000000000 ) ) ;
#8964 = CARTESIAN_POINT ( 'NONE',  ( 0.4915337874217769465, -4.508466212578221999, -64.39376480693213978 ) ) ;
#8965 = EDGE_LOOP ( 'NONE', ( #893, #275, #6816 ) ) ;
#8966 = ORIENTED_EDGE ( 'NONE', *, *, #8265, .T. ) ;
#8967 = DIRECTION ( 'NONE',  ( 1.000000000000000000, 0.000000000000000000, 0.000000000000000000 ) ) ;
#8968 = EDGE_CURVE ( 'NONE', #5451, #2131, #8823, .T. ) ;
#8969 = CARTESIAN_POINT ( 'NONE',  ( 4.872131520502826163, -0.1278684794971743088, -118.5074020305400069 ) ) ;
#8970 = CARTESIAN_POINT ( 'NONE',  ( -0.1593231317802005498, -4.840676868219798479, -19.64678058431651309 ) ) ;
#8971 = ORIENTED_EDGE ( 'NONE', *, *, #7873, .F. ) ;
#8972 = DIRECTION ( 'NONE',  ( 1.224646799147353207E-16, 1.000000000000000000, 0.000000000000000000 ) ) ;
#8973 = CARTESIAN_POINT ( 'NONE',  ( -5.000000000000285993, 2.863267262836209146E-13, -57.00000000000020606 ) ) ;
#8974 = ORIENTED_EDGE ( 'NONE', *, *, #2204, .T. ) ;
#8975 = CARTESIAN_POINT ( 'NONE',  ( -0.008042224640664919280, -4.991957775359335159, -40.79246587454772310 ) ) ;
#8976 = ORIENTED_EDGE ( 'NONE', *, *, #7972, .T. ) ;
#8977 = B_SPLINE_CURVE_WITH_KNOTS ( 'NONE', 3,
 ( #738, #3644, #1511, #2076, #6992, #3508, #6302, #3592, #1375, #2210, #2816, #4925 ),
 .UNSPECIFIED., .F., .F.,
 ( 4, 2, 2, 2, 2, 4 ),
 ( 0.003504634718722713250, 0.003941423334001033750, 0.004378211949279353817, 0.005251789179835994817, 0.006125366410392634950, 0.006998943640949276818 ),
 .UNSPECIFIED. ) ;
#8978 = CIRCLE ( 'NONE', #170, 3.904737509655562988 ) ;
#8979 = CARTESIAN_POINT ( 'NONE',  ( 0.000000000000000000, 0.000000000000000000, -56.99999999999999289 ) ) ;
#8980 = DIRECTION ( 'NONE',  ( 1.000000000000000000, 0.000000000000000000, 0.000000000000000000 ) ) ;
#8981 = FACE_OUTER_BOUND ( 'NONE', #6848, .T. ) ;
#8982 = CARTESIAN_POINT ( 'NONE',  ( 1.328041165545656987, -3.671958834454343013, -114.7499999999999858 ) ) ;
#8983 = FACE_OUTER_BOUND ( 'NONE', #7397, .T. ) ;
#8984 = CIRCLE ( 'NONE', #6787, 3.904737509655561212 ) ;
#8985 = ORIENTED_EDGE ( 'NONE', *, *, #2282, .T. ) ;
#8986 = DIRECTION ( 'NONE',  ( 1.000000000000000000, 0.000000000000000000, 0.000000000000000000 ) ) ;
#8987 = VERTEX_POINT ( 'NONE', #1611 ) ;
#8988 = EDGE_CURVE ( 'NONE', #1330, #8122, #4194, .T. ) ;
#8989 = AXIS2_PLACEMENT_3D ( 'NONE', #4576, #7981, #8810 ) ;
#8990 = CARTESIAN_POINT ( 'NONE',  ( 1.328041165545661428, -3.671958834454339016, -21.24999999999999645 ) ) ;
#8991 = FACE_OUTER_BOUND ( 'NONE', #1196, .T. ) ;
#8992 = CARTESIAN_POINT ( 'NONE',  ( -0.06404366727607974097, -4.935956332723921314, -68.72559813399347206 ) ) ;
#8993 = CARTESIAN_POINT ( 'NONE',  ( 4.935956332719889872, -0.06404366728011023913, -83.77440186598521166 ) ) ;
#8994 = CARTESIAN_POINT ( 'NONE',  ( 4.991957775357463767, -0.008042224642536449988, -62.20753412542731553 ) ) ;
#8995 = CARTESIAN_POINT ( 'NONE',  ( 4.991698401481084346, -0.008301598518915889735, -7.796253629357727810 ) ) ;
#8996 = CARTESIAN_POINT ( 'NONE',  ( 0.4915337874163004939, -4.508466212583698507, -91.89376480692347116 ) ) ;
#8997 = ORIENTED_EDGE ( 'NONE', *, *, #2113, .F. ) ;
#8998 = EDGE_CURVE ( 'NONE', #5816, #8855, #2441, .T. ) ;
#8999 = EDGE_LOOP ( 'NONE', ( #2683, #862, #2407 ) ) ;
#9000 = FACE_OUTER_BOUND ( 'NONE', #5142, .T. ) ;
#9001 = FACE_OUTER_BOUND ( 'NONE', #7643, .T. ) ;
#9002 = CARTESIAN_POINT ( 'NONE',  ( -4.991957775357462879, -0.008042224642537411025, -29.20753412542732264 ) ) ;
#9003 = CARTESIAN_POINT ( 'NONE',  ( 0.000000000000000000, 0.000000000000000000, -31.50000000000000000 ) ) ;
#9004 = ORIENTED_EDGE ( 'NONE', *, *, #5425, .T. ) ;
#9005 = DIRECTION ( 'NONE',  ( 1.000000000000000000, 0.000000000000000000, 0.000000000000000000 ) ) ;
#9006 = ADVANCED_FACE ( 'NONE', ( #8192 ), #6540, .T. ) ;
#9007 = CIRCLE ( 'NONE', #1818, 2.000000000000001776 ) ;
#9008 = EDGE_CURVE ( 'NONE', #7422, #4114, #1015, .T. ) ;
#9009 = CARTESIAN_POINT ( 'NONE',  ( 0.9999999999999995559, 0.000000000000000000, 0.000000000000000000 ) ) ;
#9010 = TOROIDAL_SURFACE ( 'NONE', #5053, 1.000000000000000000, 3.999999999999999112 ) ;
#9011 = CARTESIAN_POINT ( 'NONE',  ( -0.008042224642554392233, -4.991957775357446003, -18.79246587457291895 ) ) ;
#9012 = EDGE_LOOP ( 'NONE', ( #7668, #4790, #8722, #5791 ) ) ;
#9013 = DIRECTION ( 'NONE',  ( -1.000000000000000000, 1.224646799147353207E-16, 0.000000000000000000 ) ) ;
#9014 = CARTESIAN_POINT ( 'NONE',  ( 4.960065625082965113, -0.03993437491703408226, -45.41868978647570998 ) ) ;
#9015 = EDGE_CURVE ( 'NONE', #1355, #6082, #4990, .T. ) ;
#9016 = DIRECTION ( 'NONE',  ( 1.000000000000000000, 0.000000000000000000, 0.000000000000000000 ) ) ;
#9017 = EDGE_LOOP ( 'NONE', ( #6648, #1205, #2267 ) ) ;
#9018 = AXIS2_PLACEMENT_3D ( 'NONE', #3947, #8812, #7485 ) ;
#9019 = CIRCLE ( 'NONE', #5933, 0.9999999999999993339 ) ;
#9020 = CARTESIAN_POINT ( 'NONE',  ( 1.000000000000000000, 0.000000000000000000, -44.00000000000000000 ) ) ;
#9021 = CARTESIAN_POINT ( 'NONE',  ( -0.9999999999999995559, 1.224646799147352714E-16, 0.000000000000000000 ) ) ;
#9022 = CARTESIAN_POINT ( 'NONE',  ( 0.000000000000000000, 0.000000000000000000, -51.50000000000000711 ) ) ;
#9023 = DIRECTION ( 'NONE',  ( 1.000000000000000000, 0.000000000000000000, 0.000000000000000000 ) ) ;
#9024 = AXIS2_PLACEMENT_3D ( 'NONE', #4843, #7653, #1338 ) ;
#9025 = ADVANCED_FACE ( 'NONE', ( #6023 ), #5879, .F. ) ;
#9026 = EDGE_LOOP ( 'NONE', ( #4041, #4763, #821 ) ) ;
#9027 = CARTESIAN_POINT ( 'NONE',  ( -4.359865889258244920, -0.6401341107417566345, -92.10125045371350438 ) ) ;
#9028 = ORIENTED_EDGE ( 'NONE', *, *, #5627, .F. ) ;
#9029 = TOROIDAL_SURFACE ( 'NONE', #5801, 1.000000000000000000, 4.000000000000000000 ) ;
#9030 = CIRCLE ( 'NONE', #6244, 4.000000000000003553 ) ;
#9031 = CARTESIAN_POINT ( 'NONE',  ( -4.935956332719893425, -0.06404366728010735255, -39.77440186598524008 ) ) ;
#9032 = DIRECTION ( 'NONE',  ( 1.000000000000000000, 0.000000000000000000, 0.000000000000000000 ) ) ;
#9033 = CARTESIAN_POINT ( 'NONE',  ( 0.6335913640883382714, -4.366408635911662728, -37.10619955115780755 ) ) ;
#9034 = CARTESIAN_POINT ( 'NONE',  ( 0.9582157396373103264, -4.041784260362688563, -81.47622534969818275 ) ) ;
#9035 = CARTESIAN_POINT ( 'NONE',  ( 4.840676868219849105, -0.1593231317801519775, -61.35321941568363258 ) ) ;
#9036 = TOROIDAL_SURFACE ( 'NONE', #2585, 1.000000000000000000, 4.000000000000000000 ) ;
#9037 = LINE ( 'NONE', #7665, #111 ) ;
#9038 = EDGE_CURVE ( 'NONE', #3763, #3013, #3230, .T. ) ;
#9039 = DIRECTION ( 'NONE',  ( -0.000000000000000000, -0.000000000000000000, 1.000000000000000000 ) ) ;
#9040 = EDGE_CURVE ( 'NONE', #2439, #771, #7456, .T. ) ;
#9041 = ORIENTED_EDGE ( 'NONE', *, *, #2529, .F. ) ;
#9042 = ORIENTED_EDGE ( 'NONE', *, *, #5688, .T. ) ;
#9043 = CC_DESIGN_APPROVAL ( #4798, ( #6157 ) ) ;
#9044 = CARTESIAN_POINT ( 'NONE',  ( -0.7176137099645832906, -4.282386290035417709, -27.29777126957944233 ) ) ;
#9045 = CARTESIAN_POINT ( 'NONE',  ( 4.359865889258242255, -0.6401341107417586329, -53.60125045371349017 ) ) ;
#9046 = CARTESIAN_POINT ( 'NONE',  ( -4.508466212578267296, -0.4915337874217331482, -27.60623519306795615 ) ) ;
#9047 = CARTESIAN_POINT ( 'NONE',  ( -1.000000000000000000, 1.224646799147353207E-16, -11.00000000000000000 ) ) ;
#9048 = VERTEX_POINT ( 'NONE', #1157 ) ;
#9049 = CC_DESIGN_APPROVAL ( #5646, ( #2014 ) ) ;
#9050 = EDGE_CURVE ( 'NONE', #8900, #1323, #5383, .T. ) ;
#9051 = CARTESIAN_POINT ( 'NONE',  ( -1.137220779209110022, -3.862779220790890200, -4.629009999551387367 ) ) ;
#9052 = CARTESIAN_POINT ( 'NONE',  ( 0.000000000000000000, 0.000000000000000000, -54.25000000000000000 ) ) ;
#9053 = FACE_OUTER_BOUND ( 'NONE', #4314, .T. ) ;
#9054 = EDGE_LOOP ( 'NONE', ( #7968, #2874, #3603, #7748, #4937, #5289 ) ) ;
#9055 = AXIS2_PLACEMENT_3D ( 'NONE', #5549, #5504, #8317 ) ;
#9056 = CARTESIAN_POINT ( 'NONE',  ( 3.904737509655561212, 0.000000000000000000, -4.750000000000001776 ) ) ;
#9057 = DIRECTION ( 'NONE',  ( 1.224646799147353207E-16, 1.000000000000000000, 0.000000000000000000 ) ) ;
#9058 = AXIS2_PLACEMENT_3D ( 'NONE', #2296, #6517, #1413 ) ;
#9059 = AXIS2_PLACEMENT_3D ( 'NONE', #9068, #5669, #2262 ) ;
#9060 = CARTESIAN_POINT ( 'NONE',  ( -1.137203174284270757, -3.862796825715730353, -43.12899883711651228 ) ) ;
#9061 = ORIENTED_EDGE ( 'NONE', *, *, #6652, .F. ) ;
#9062 = ADVANCED_FACE ( 'NONE', ( #7317 ), #1545, .T. ) ;
#9063 = AXIS2_PLACEMENT_3D ( 'NONE', #4734, #2670, #8278 ) ;
#9064 = AXIS2_PLACEMENT_3D ( 'NONE', #438, #480, #4615 ) ;
#9065 = CARTESIAN_POINT ( 'NONE',  ( 1.000000000000000000, 0.000000000000000000, -56.99999999999999289 ) ) ;
#9066 = CARTESIAN_POINT ( 'NONE',  ( 0.1676550930108566539, -4.832344906989144206, -61.35453806259097576 ) ) ;
#9067 = CARTESIAN_POINT ( 'NONE',  ( 0.03993437491706845754, -4.960065625082931362, -118.0813102135245174 ) ) ;
#9068 = CARTESIAN_POINT ( 'NONE',  ( 0.000000000000000000, 0.000000000000000000, -92.74999999999998579 ) ) ;
#9069 = CARTESIAN_POINT ( 'NONE',  ( -0.2608011983036366277, -4.739198801696363539, -44.59076228219166182 ) ) ;
#9070 = ORIENTED_EDGE ( 'NONE', *, *, #8110, .T. ) ;
#9071 = CARTESIAN_POINT ( 'NONE',  ( -4.502552532152134468, -0.4974474678478655321, -91.88672757692823723 ) ) ;
#9072 = VERTEX_POINT ( 'NONE', #1701 ) ;
#9073 = AXIS2_PLACEMENT_3D ( 'NONE', #3252, #7348, #6009 ) ;
#9074 = CIRCLE ( 'NONE', #2332, 4.000000000000000000 ) ;
#9075 = ADVANCED_FACE ( 'NONE', ( #3819 ), #6721, .F. ) ;
#9076 = AXIS2_PLACEMENT_3D ( 'NONE', #1739, #7349, #3951 ) ;
#9077 = CARTESIAN_POINT ( 'NONE',  ( 0.000000000000000000, -5.000000000000000000, -111.9999999999722036 ) ) ;
#9078 = CARTESIAN_POINT ( 'NONE',  ( 0.000000000000000000, 0.000000000000000000, -21.24999999999999645 ) ) ;
#9079 = CARTESIAN_POINT ( 'NONE',  ( 0.000000000000000000, 0.000000000000000000, -95.50000000000000000 ) ) ;
#9080 = DIRECTION ( 'NONE',  ( 1.000000000000000000, 0.000000000000000000, 0.000000000000000000 ) ) ;
#9081 = CARTESIAN_POINT ( 'NONE',  ( -0.9999999999999986677, 1.224646799147351728E-16, 0.000000000000000000 ) ) ;
#9082 = CARTESIAN_POINT ( 'NONE',  ( 0.000000000000000000, 0.000000000000000000, -18.50000000000000355 ) ) ;
#9083 = CARTESIAN_POINT ( 'NONE',  ( -1.137203174284270757, -3.862796825715730353, -54.12899883711651938 ) ) ;
#9084 = ORIENTED_EDGE ( 'NONE', *, *, #4242, .T. ) ;
#9085 = CARTESIAN_POINT ( 'NONE',  ( 0.000000000000000000, 0.000000000000000000, -112.0000000000000000 ) ) ;
#9086 = ORIENTED_EDGE ( 'NONE', *, *, #4578, .F. ) ;
#9087 = CARTESIAN_POINT ( 'NONE',  ( 0.000000000000000000, 0.000000000000000000, -38.50000000000000000 ) ) ;
#9088 = CARTESIAN_POINT ( 'NONE',  ( -1.000000000000000000, 1.224646799147353207E-16, -35.00000000000000000 ) ) ;
#9089 = CARTESIAN_POINT ( 'NONE',  ( -4.567664291716008407, -0.4323357082839922039, -3.773708731195404287 ) ) ;
#9090 = FACE_OUTER_BOUND ( 'NONE', #8800, .T. ) ;
#9091 = ORIENTED_EDGE ( 'NONE', *, *, #1339, .F. ) ;
#9092 = CIRCLE ( 'NONE', #5140, 3.904737509655567873 ) ;
#9093 = CARTESIAN_POINT ( 'NONE',  ( -0.3138588208042985550, -4.686141179195700168, -49.96532131222954831 ) ) ;
#9094 = DIRECTION ( 'NONE',  ( -0.000000000000000000, -0.000000000000000000, 1.000000000000000000 ) ) ;
#9095 = NEXT_ASSEMBLY_USAGE_OCCURRENCE ( 'NAUO1', ' ', ' ', #6157, #2333, $ ) ;
#9096 = NEXT_ASSEMBLY_USAGE_OCCURRENCE ( 'NAUO2', ' ', ' ', #6157, #2333, $ ) ;
#9097 = NEXT_ASSEMBLY_USAGE_OCCURRENCE ( 'NAUO3', ' ', ' ', #6157, #2333, $ ) ;
#9098 = NEXT_ASSEMBLY_USAGE_OCCURRENCE ( 'NAUO4', ' ', ' ', #6157, #2333, $ ) ;
ENDSEC;
END-ISO-10303-21;
