ISO-10303-21;
HEADER;
FILE_DESCRIPTION (( 'STEP AP203' ),
    '1' );
FILE_NAME ('2.5mm_assem.STEP',
    '2026-02-21T16:26:48',
    ( '' ),
    ( '' ),
    'SwSTEP 2.0',
    'SolidWorks 2025',
    '' );
FILE_SCHEMA (( 'CONFIG_CONTROL_DESIGN' ));
ENDSEC;

DATA;
#1 = VERTEX_POINT ( 'NONE', #5882 ) ;
#2 = EDGE_CURVE ( 'NONE', #4598, #7001, #8128, .T. ) ;
#3 = VERTEX_POINT ( 'NONE', #8018 ) ;
#4 = DIRECTION ( 'NONE',  ( 0.000000000000000000, 0.000000000000000000, -1.000000000000000000 ) ) ;
#5 = DIRECTION ( 'NONE',  ( -1.000000000000000000, -0.000000000000000000, -0.000000000000000000 ) ) ;
#6 = DIRECTION ( 'NONE',  ( -1.000000000000000000, -0.000000000000000000, -0.000000000000000000 ) ) ;
#7 = ORIENTED_EDGE ( 'NONE', *, *, #2675, .T. ) ;
#8 = DIRECTION ( 'NONE',  ( -1.000000000000000000, -0.000000000000000000, -0.000000000000000000 ) ) ;
#9 = TOROIDAL_SURFACE ( 'NONE', #5144, 1.000000000000000000, 1.374999999999994227 ) ;
#10 = CARTESIAN_POINT ( 'NONE',  ( 24.77225720791391694, -4.999999999998972378, 1.027140527444292965E-12 ) ) ;
#11 = CARTESIAN_POINT ( 'NONE',  ( 28.74999999999999645, 0.000000000000000000, 1.000000000000000000 ) ) ;
#12 = CARTESIAN_POINT ( 'NONE',  ( 117.8287463706422784, -0.008301598518918091099, -4.991698401481082570 ) ) ;
#13 = CARTESIAN_POINT ( 'NONE',  ( 85.85059813401477413, -0.06404366728010883747, -4.935956332719892536 ) ) ;
#14 = CARTESIAN_POINT ( 'NONE',  ( 37.00000000000000000, 0.000000000000000000, 0.000000000000000000 ) ) ;
#15 = FACE_OUTER_BOUND ( 'NONE', #4307, .T. ) ;
#16 = VERTEX_POINT ( 'NONE', #7289 ) ;
#17 = CARTESIAN_POINT ( 'NONE',  ( 104.3750000000000000, -3.671958834454324805, -1.328041165545675195 ) ) ;
#18 = DIRECTION ( 'NONE',  ( 0.000000000000000000, 0.000000000000000000, 1.000000000000000000 ) ) ;
#19 = ORIENTED_EDGE ( 'NONE', *, *, #5801, .F. ) ;
#20 = CARTESIAN_POINT ( 'NONE',  ( 52.12500000000000000, 0.000000000000000000, 0.000000000000000000 ) ) ;
#21 = CARTESIAN_POINT ( 'NONE',  ( 90.62499999999977263, 2.821161565220927584E-13, 5.000000000000282441 ) ) ;
#22 = ORIENTED_EDGE ( 'NONE', *, *, #4564, .T. ) ;
#23 = PRODUCT_DEFINITION ( 'UNKNOWN', '', #837, #1806 ) ;
#24 = CARTESIAN_POINT ( 'NONE',  ( 58.63240203055824651, -4.872131520497916313, -0.1278684795020846032 ) ) ;
#25 = CARTESIAN_POINT ( 'NONE',  ( 83.71616362764447672, -4.748219996440589341, 0.2517800035594118246 ) ) ;
#27 = DIRECTION ( 'NONE',  ( -0.000000000000000000, 1.000000000000000000, 1.224646799147353207E-16 ) ) ;
#26 = CARTESIAN_POINT ( 'NONE',  ( 13.47774279211275150, -9.161296599265683115E-15, -4.999999999999992006 ) ) ;
#28 = CARTESIAN_POINT ( 'NONE',  ( 113.3533476508650750, -4.935408751168084862, -0.06459124883191545707 ) ) ;
#29 = DIRECTION ( 'NONE',  ( 0.000000000000000000, -1.000000000000000000, 0.000000000000000000 ) ) ;
#30 = DIRECTION ( 'NONE',  ( 0.000000000000000000, 0.000000000000000000, 1.000000000000000000 ) ) ;
#31 = AXIS2_PLACEMENT_3D ( 'NONE', #7647, #729, #1415 ) ;
#32 = VERTEX_POINT ( 'NONE', #1009 ) ;
#33 = FACE_OUTER_BOUND ( 'NONE', #2854, .T. ) ;
#34 = EDGE_CURVE ( 'NONE', #1717, #3570, #6610, .T. ) ;
#35 = DIRECTION ( 'NONE',  ( -1.000000000000000000, -0.000000000000000000, -0.000000000000000000 ) ) ;
#36 = CARTESIAN_POINT ( 'NONE',  ( 67.25000000000000000, 1.224646799147353207E-16, -1.000000000000000000 ) ) ;
#37 = CARTESIAN_POINT ( 'NONE',  ( 34.09032131224201123, -0.3138588207986880430, 4.686141179201312568 ) ) ;
#38 = DIRECTION ( 'NONE',  ( 0.000000000000000000, -1.224646799147353207E-16, 1.000000000000000000 ) ) ;
#39 = VERTEX_POINT ( 'NONE', #8798 ) ;
#40 = CARTESIAN_POINT ( 'NONE',  ( 70.15967868777053695, -4.686141179195655759, 0.3138588208043440742 ) ) ;
#41 = ORIENTED_EDGE ( 'NONE', *, *, #7760, .F. ) ;
#42 = EDGE_LOOP ( 'NONE', ( #1184, #6551, #1381, #6796, #2427, #5277 ) ) ;
#43 = DIRECTION ( 'NONE',  ( 0.000000000000000000, -1.000000000000000000, 0.000000000000000000 ) ) ;
#44 = CARTESIAN_POINT ( 'NONE',  ( 64.13240203055839572, -4.872131520497879009, -0.1278684795021211296 ) ) ;
#45 = TOROIDAL_SURFACE ( 'NONE', #337, 1.000000000000000000, 3.999999999999999112 ) ;
#46 = DIRECTION ( 'NONE',  ( -1.000000000000000000, -0.000000000000000000, -0.000000000000000000 ) ) ;
#47 = EDGE_CURVE ( 'NONE', #1927, #5473, #2292, .T. ) ;
#48 = ORIENTED_EDGE ( 'NONE', *, *, #5360, .F. ) ;
#49 = DIRECTION ( 'NONE',  ( -1.000000000000000000, -0.000000000000000000, -0.000000000000000000 ) ) ;
#50 = TOROIDAL_SURFACE ( 'NONE', #6073, 1.000000000000000000, 3.999999999999997335 ) ;
#51 = CARTESIAN_POINT ( 'NONE',  ( 54.87499999999999289, -3.671958834454339460, 1.328041165545660540 ) ) ;
#52 = DIRECTION ( 'NONE',  ( 0.000000000000000000, 0.000000000000000000, -1.000000000000000000 ) ) ;
#53 = CARTESIAN_POINT ( 'NONE',  ( 116.5903213122420112, -0.3138588207986883205, -4.686141179201312568 ) ) ;
#54 = CARTESIAN_POINT ( 'NONE',  ( 72.35157376276966090, -0.4321793203680488471, -4.567820679631951819 ) ) ;
#55 = CARTESIAN_POINT ( 'NONE',  ( 77.51880044884225640, -4.366408635911688485, 0.6335913640883120701 ) ) ;
#56 = ORIENTED_EDGE ( 'NONE', *, *, #8972, .T. ) ;
#57 = DIRECTION ( 'NONE',  ( -1.000000000000000000, -0.000000000000000000, -0.000000000000000000 ) ) ;
#58 = LINE ( 'NONE', #6311, #5273 ) ;
#59 = ORIENTED_EDGE ( 'NONE', *, *, #2760, .F. ) ;
#60 = AXIS2_PLACEMENT_3D ( 'NONE', #6008, #3216, #4484 ) ;
#61 = EDGE_CURVE ( 'NONE', #6326, #4353, #6453, .T. ) ;
#62 = CARTESIAN_POINT ( 'NONE',  ( 82.10263427936256164, -4.040089233410273373, 0.9599107665897265163 ) ) ;
#63 = DIRECTION ( 'NONE',  ( 0.000000000000000000, 0.000000000000000000, 1.000000000000000000 ) ) ;
#64 = CARTESIAN_POINT ( 'NONE',  ( 84.39940186600671268, -4.935956332723948847, 0.06404366727605205478 ) ) ;
#66 = CARTESIAN_POINT ( 'NONE',  ( 85.12500000000000000, 0.000000000000000000, 0.000000000000000000 ) ) ;
#65 = DIRECTION ( 'NONE',  ( -1.000000000000000000, -0.000000000000000000, -0.000000000000000000 ) ) ;
#67 = EDGE_CURVE ( 'NONE', #534, #1341, #973, .T. ) ;
#68 = ORIENTED_EDGE ( 'NONE', *, *, #4809, .T. ) ;
#69 = CARTESIAN_POINT ( 'NONE',  ( 24.62500000000000000, 0.000000000000000000, 0.000000000000000000 ) ) ;
#70 = DIRECTION ( 'NONE',  ( -0.000000000000000000, 1.000000000000000000, 1.224646799147353207E-16 ) ) ;
#71 = CARTESIAN_POINT ( 'NONE',  ( 0.000000000000000000, 0.000000000000000000, 1.000000000000000000 ) ) ;
#72 = AXIS2_PLACEMENT_3D ( 'NONE', #7225, #5125, #7185 ) ;
#73 = EDGE_CURVE ( 'NONE', #8035, #4067, #7829, .T. ) ;
#74 = ORIENTED_EDGE ( 'NONE', *, *, #7412, .F. ) ;
#75 = EDGE_CURVE ( 'NONE', #4160, #564, #3820, .T. ) ;
#76 = CARTESIAN_POINT ( 'NONE',  ( 5.922771269584716336, -0.7176137099602851732, -4.282386290039716492 ) ) ;
#77 = DIRECTION ( 'NONE',  ( 0.000000000000000000, -1.000000000000000000, 0.000000000000000000 ) ) ;
#78 = CARTESIAN_POINT ( 'NONE',  ( 96.70631021352423318, -0.03993437491703781539, -4.960065625082960672 ) ) ;
#79 = AXIS2_PLACEMENT_3D ( 'NONE', #7997, #1182, #3977 ) ;
#80 = CARTESIAN_POINT ( 'NONE',  ( 43.75378377920364414, -3.863136006093137453, -1.136863993906862103 ) ) ;
#81 = TOROIDAL_SURFACE ( 'NONE', #6828, 1.000000000000000000, 3.999999999999996447 ) ;
#82 = ADVANCED_FACE ( 'NONE', ( #5621 ), #7397, .T. ) ;
#83 = CARTESIAN_POINT ( 'NONE',  ( 75.27178058431638874, -0.1593231317801559743, -4.840676868219844664 ) ) ;
#84 = AXIS2_PLACEMENT_3D ( 'NONE', #6525, #4409, #6380 ) ;
#85 = ADVANCED_FACE ( 'NONE', ( #1239 ), #4624, .T. ) ;
#86 = EDGE_CURVE ( 'NONE', #4533, #8852, #5002, .T. ) ;
#87 = ORIENTED_EDGE ( 'NONE', *, *, #883, .T. ) ;
#88 = CARTESIAN_POINT ( 'NONE',  ( 71.10263427936257585, -4.040089233410256497, 0.9599107665897450570 ) ) ;
#89 = VERTEX_POINT ( 'NONE', #5665 ) ;
#90 = EDGE_LOOP ( 'NONE', ( #8002, #2640, #6627 ) ) ;
#91 = CARTESIAN_POINT ( 'NONE',  ( 115.6473657206397263, -0.9599107665869465178, 4.040089233413053371 ) ) ;
#92 = APPLICATION_CONTEXT ( 'configuration controlled 3d designs of mechanical parts and assemblies' ) ;
#93 = CARTESIAN_POINT ( 'NONE',  ( 81.72625045371992769, -4.359865889253476290, -0.6401341107465228220 ) ) ;
#94 = AXIS2_PLACEMENT_3D ( 'NONE', #2453, #5383, #4003 ) ;
#95 = CARTESIAN_POINT ( 'NONE',  ( 6.231235193076493317, -4.508466212583670973, 0.4915337874163299148 ) ) ;
#96 = ORIENTED_EDGE ( 'NONE', *, *, #8295, .T. ) ;
#97 = CARTESIAN_POINT ( 'NONE',  ( 0.000000000000000000, -2.500000000000000000, 2.500000000000000000 ) ) ;
#98 = EDGE_CURVE ( 'NONE', #6148, #743, #621, .T. ) ;
#99 = DIRECTION ( 'NONE',  ( 0.000000000000000000, 0.000000000000000000, 1.000000000000000000 ) ) ;
#100 = TOROIDAL_SURFACE ( 'NONE', #4070, 1.000000000000000000, 1.374999999999994227 ) ;
#101 = LOCAL_TIME ( 19, 56, 48.00000000000000000, #7031 ) ;
#102 = CARTESIAN_POINT ( 'NONE',  ( 101.6250000000000000, 0.000000000000000000, 1.000000000000000000 ) ) ;
#103 = DIRECTION ( 'NONE',  ( -1.000000000000000000, -0.000000000000000000, -0.000000000000000000 ) ) ;
#104 = CARTESIAN_POINT ( 'NONE',  ( 87.75378377920365836, -3.863136006093129904, 1.136863993906870984 ) ) ;
#105 = SECURITY_CLASSIFICATION_LEVEL ( 'unclassified' ) ;
#106 = EDGE_LOOP ( 'NONE', ( #2237, #7229, #149 ) ) ;
#107 = CARTESIAN_POINT ( 'NONE',  ( 46.62500000000000000, 0.000000000000000000, 0.000000000000000000 ) ) ;
#108 = CARTESIAN_POINT ( 'NONE',  ( 121.7380246301067928, -0.4975987110858279272, -4.502401288914172461 ) ) ;
#109 = TOROIDAL_SURFACE ( 'NONE', #5241, 1.000000000000000000, 3.999999999999999112 ) ;
#110 = ORIENTED_EDGE ( 'NONE', *, *, #6579, .F. ) ;
#111 = CARTESIAN_POINT ( 'NONE',  ( 89.61759796945997891, -0.1278684794971745309, -4.872131520502826163 ) ) ;
#112 = DIRECTION ( 'NONE',  ( 0.000000000000000000, -1.000000000000000000, 0.000000000000000000 ) ) ;
#113 = CARTESIAN_POINT ( 'NONE',  ( 82.37499999999998579, -3.671958834454344345, -1.328041165545655877 ) ) ;
#114 = CIRCLE ( 'NONE', #4949, 1.375000000000001332 ) ;
#115 = CARTESIAN_POINT ( 'NONE',  ( 84.83253412545248295, -4.991957775359345817, 0.008042224640654483184 ) ) ;
#117 = DIRECTION ( 'NONE',  ( 0.000000000000000000, 0.000000000000000000, -1.000000000000000000 ) ) ;
#116 = LINE ( 'NONE', #802, #5084 ) ;
#118 = AXIS2_PLACEMENT_3D ( 'NONE', #5791, #6481, #827 ) ;
#119 = VERTEX_POINT ( 'NONE', #7809 ) ;
#120 = CARTESIAN_POINT ( 'NONE',  ( 113.3533476508650892, -4.935408751168086638, 0.06459124883191552646 ) ) ;
#121 = CARTESIAN_POINT ( 'NONE',  ( 4.681152339439398347, -4.366282840337995630, -0.6337171596620050362 ) ) ;
#122 = ORIENTED_EDGE ( 'NONE', *, *, #2177, .F. ) ;
#123 = CARTESIAN_POINT ( 'NONE',  ( 31.89842623723026449, -4.567820679632011327, -0.4321793203679898387 ) ) ;
#124 = CIRCLE ( 'NONE', #5254, 3.999999999999996447 ) ;
#125 = EDGE_LOOP ( 'NONE', ( #7619, #4361, #8721, #844 ) ) ;
#126 = CARTESIAN_POINT ( 'NONE',  ( 49.37500000000000000, -1.328041165545665647, 3.671958834454334575 ) ) ;
#127 = CARTESIAN_POINT ( 'NONE',  ( 9.898426237240229852, -4.567820679626493074, -0.4321793203735077582 ) ) ;
#128 = CARTESIAN_POINT ( 'NONE',  ( 80.99999999999998579, 0.000000000000000000, 1.000000000000000000 ) ) ;
#129 = CARTESIAN_POINT ( 'NONE',  ( 55.73123519307646490, -4.508466212583658539, -0.4915337874163402954 ) ) ;
#130 = TOROIDAL_SURFACE ( 'NONE', #4956, 1.000000000000000000, 1.375000000000001332 ) ;
#131 = DIRECTION ( 'NONE',  ( 0.000000000000000000, 0.000000000000000000, 1.000000000000000000 ) ) ;
#132 = CIRCLE ( 'NONE', #2494, 3.999999999999997335 ) ;
#133 = EDGE_CURVE ( 'NONE', #757, #7213, #6352, .T. ) ;
#134 = CARTESIAN_POINT ( 'NONE',  ( 101.6250000000000000, 0.000000000000000000, 0.000000000000000000 ) ) ;
#135 = B_SPLINE_CURVE_WITH_KNOTS ( 'NONE', 3,
 ( #1444, #7039, #8231, #1966, #4750, #581, #3392, #6178, #4115, #6909, #8959, #627, #8536, #751, #2322, #5110 ),
 .UNSPECIFIED., .F., .F.,
 ( 4, 2, 2, 2, 2, 2, 2, 4 ),
 ( 4.818711198465283760E-07, 0.0008765200830274371292, 0.001314539188981229088, 0.001752558294935021048, 0.002190577400888813440, 0.002628596506842604749, 0.003066615612796397359, 0.003504634718750189535 ),
 .UNSPECIFIED. ) ;
#136 = ORIENTED_EDGE ( 'NONE', *, *, #6205, .T. ) ;
#137 = TOROIDAL_SURFACE ( 'NONE', #3358, 1.000000000000000000, 4.000000000000001776 ) ;
#138 = CARTESIAN_POINT ( 'NONE',  ( 38.37499999999999289, 0.000000000000000000, 0.000000000000000000 ) ) ;
#139 = ORIENTED_EDGE ( 'NONE', *, *, #4457, .F. ) ;
#140 = AXIS2_PLACEMENT_3D ( 'NONE', #7461, #443, #8831 ) ;
#141 = ORIENTED_EDGE ( 'NONE', *, *, #7417, .T. ) ;
#142 = CARTESIAN_POINT ( 'NONE',  ( 26.03383637236985848, -0.2517800035653022239, -4.748219996434698054 ) ) ;
#143 = EDGE_CURVE ( 'NONE', #5694, #6566, #5134, .T. ) ;
#144 = CARTESIAN_POINT ( 'NONE',  ( 82.25378377920365836, -3.863136006093129016, -1.136863993906871206 ) ) ;
#145 = CARTESIAN_POINT ( 'NONE',  ( 46.62500000002778222, -5.000000000000000888, -4.336808689942017736E-16 ) ) ;
#146 = CARTESIAN_POINT ( 'NONE',  ( 30.41746587457268802, -0.008042224642535681506, -4.991957775357465543 ) ) ;
#147 = B_SPLINE_CURVE_WITH_KNOTS ( 'NONE', 3,
 ( #1959, #5640, #3630, #5691, #8266, #3536, #8224, #518, #573, #1512, #4745, #4789 ),
 .UNSPECIFIED., .F., .F.,
 ( 4, 2, 2, 2, 2, 4 ),
 ( 0.003504634718750223796, 0.003941423334025108242, 0.004378211949299992689, 0.005251789179849761582, 0.006125366410399530476, 0.006998943640949299369 ),
 .UNSPECIFIED. ) ;
#148 = VECTOR ( 'NONE', #2569, 1000.000000000000114 ) ;
#149 = ORIENTED_EDGE ( 'NONE', *, *, #1486, .F. ) ;
#150 = CARTESIAN_POINT ( 'NONE',  ( 0.000000000000000000, 0.000000000000000000, 0.000000000000000000 ) ) ;
#151 = CARTESIAN_POINT ( 'NONE',  ( 27.37500000000000000, 0.000000000000000000, 3.904737509655564320 ) ) ;
#152 = CARTESIAN_POINT ( 'NONE',  ( 74.12499999999978684, 2.818544231345960265E-13, 5.000000000000282441 ) ) ;
#153 = CARTESIAN_POINT ( 'NONE',  ( 79.47815646957802471, -5.000000000001023182, -1.023794429665287500E-12 ) ) ;
#154 = ORIENTED_EDGE ( 'NONE', *, *, #641, .F. ) ;
#155 = DIRECTION ( 'NONE',  ( 0.000000000000000000, 0.000000000000000000, 1.000000000000000000 ) ) ;
#156 = CARTESIAN_POINT ( 'NONE',  ( 122.2153642080977392, -0.2609614760798324995, -4.739038523920166668 ) ) ;
#157 = ORIENTED_EDGE ( 'NONE', *, *, #2690, .T. ) ;
#158 = CARTESIAN_POINT ( 'NONE',  ( 88.14736572063976894, -0.9599107665869465178, -4.040089233413053371 ) ) ;
#159 = CARTESIAN_POINT ( 'NONE',  ( 20.27046193742617319, -4.832344906983786714, -0.1676550930162145070 ) ) ;
#160 = FACE_OUTER_BOUND ( 'NONE', #5649, .T. ) ;
#162 = CARTESIAN_POINT ( 'NONE',  ( 4.000000000000000000, 0.000000000000000000, 0.000000000000000000 ) ) ;
#161 = CARTESIAN_POINT ( 'NONE',  ( 4.788203352913346755, -4.288723716504676986, 0.7112762834953232360 ) ) ;
#163 = AXIS2_PLACEMENT_3D ( 'NONE', #635, #6873, #7638 ) ;
#164 = ORIENTED_EDGE ( 'NONE', *, *, #2435, .F. ) ;
#165 = CARTESIAN_POINT ( 'NONE',  ( 35.91746587457269868, -0.008042224642538188181, 4.991957775357462879 ) ) ;
#166 = ORIENTED_EDGE ( 'NONE', *, *, #7366, .F. ) ;
#167 = B_SPLINE_CURVE_WITH_KNOTS ( 'NONE', 3,
 ( #6784, #8750, #6743, #3314, #1200, #454, #8067, #3816, #4634, #5423, #2493, #7423, #1101, #1798, #6112, #3224 ),
 .UNSPECIFIED., .F., .F.,
 ( 4, 2, 2, 2, 2, 2, 2, 4 ),
 ( 4.818711198695142032E-07, 0.0008765200830274565364, 0.001314539188981250122, 0.001752558294935043599, 0.002190577400888837293, 0.002628596506842630770, 0.003066615612796424247, 0.003504634718750217724 ),
 .UNSPECIFIED. ) ;
#168 = DIRECTION ( 'NONE',  ( 0.000000000000000000, -1.224646799147353207E-16, 1.000000000000000000 ) ) ;
#169 = EDGE_CURVE ( 'NONE', #4264, #5003, #1893, .T. ) ;
#170 = ORIENTED_EDGE ( 'NONE', *, *, #8981, .T. ) ;
#171 = EDGE_CURVE ( 'NONE', #4203, #5474, #1749, .T. ) ;
#172 = CARTESIAN_POINT ( 'NONE',  ( 48.73119955116401769, -0.6335913640930933566, 4.366408635906906532 ) ) ;
#173 = CARTESIAN_POINT ( 'NONE',  ( 7.977742792112747949, -9.359996411475715486E-15, -4.999999999999991118 ) ) ;
#174 = CARTESIAN_POINT ( 'NONE',  ( 0.000000000000000000, 0.000000000000000000, 0.000000000000000000 ) ) ;
#175 = B_SPLINE_CURVE_WITH_KNOTS ( 'NONE', 3,
 ( #4142, #8261, #4829, #1210, #2817, #4782, #6797, #6246, #7662, #9031, #1953, #7575, #8345, #2083 ),
 .UNSPECIFIED., .F., .F.,
 ( 4, 2, 2, 2, 2, 2, 4 ),
 ( 1.970071025867807354E-07, 0.0008756576440557127961, 0.001313387962532295249, 0.001751118281008877918, 0.002188848599485460587, 0.002626578917962043257, 0.003502039554915183876 ),
 .UNSPECIFIED. ) ;
#176 = CARTESIAN_POINT ( 'NONE',  ( 57.33253412545228400, -4.991957775359337823, -0.008042224640662750876 ) ) ;
#177 = EDGE_CURVE ( 'NONE', #5510, #5262, #8504, .T. ) ;
#178 = DIRECTION ( 'NONE',  ( 0.000000000000000000, 0.000000000000000000, -1.000000000000000000 ) ) ;
#179 = TOROIDAL_SURFACE ( 'NONE', #7645, 1.000000000000000000, 3.999999999999996447 ) ;
#180 = CARTESIAN_POINT ( 'NONE',  ( 27.25399883711745019, -1.137203174285764229, 3.862796825714235993 ) ) ;
#181 = ORIENTED_EDGE ( 'NONE', *, *, #5549, .T. ) ;
#182 = CARTESIAN_POINT ( 'NONE',  ( 46.62500000002778222, -5.000000000000000888, -4.336808689942017736E-16 ) ) ;
#183 = EDGE_LOOP ( 'NONE', ( #3130, #3867 ) ) ;
#184 = ORIENTED_EDGE ( 'NONE', *, *, #483, .F. ) ;
#185 = EDGE_CURVE ( 'NONE', #1248, #4047, #3065, .T. ) ;
#186 = CARTESIAN_POINT ( 'NONE',  ( 14.35059813401477768, -0.06404366728010663090, 4.935956332719894313 ) ) ;
#187 = CARTESIAN_POINT ( 'NONE',  ( 79.92125362938301691, -4.991698401479151670, -0.008301598520848999657 ) ) ;
#188 = DIRECTION ( 'NONE',  ( -1.000000000000000000, -0.000000000000000000, -0.000000000000000000 ) ) ;
#189 = CARTESIAN_POINT ( 'NONE',  ( 123.6249999999999858, -5.000000000000000888, -4.336808689942017736E-16 ) ) ;
#190 = ORIENTED_EDGE ( 'NONE', *, *, #2209, .F. ) ;
#191 = CARTESIAN_POINT ( 'NONE',  ( 78.09032131224202544, -0.3138588207986951484, -4.686141179201305462 ) ) ;
#192 = ADVANCED_FACE ( 'NONE', ( #160 ), #2331, .T. ) ;
#193 = EDGE_LOOP ( 'NONE', ( #366, #8064, #3504 ) ) ;
#194 = CARTESIAN_POINT ( 'NONE',  ( 38.25399883711744309, -1.137203174285764451, -3.862796825714235993 ) ) ;
#195 = CARTESIAN_POINT ( 'NONE',  ( 72.97953806259077680, -0.1676550930109080573, 4.832344906989091804 ) ) ;
#196 = DIRECTION ( 'NONE',  ( 0.000000000000000000, 0.000000000000000000, 1.000000000000000000 ) ) ;
#197 =( NAMED_UNIT ( * ) SI_UNIT ( $, .STERADIAN. ) SOLID_ANGLE_UNIT ( ) );
#198 = ORIENTED_EDGE ( 'NONE', *, *, #886, .T. ) ;
#199 = EDGE_CURVE ( 'NONE', #5911, #2192, #7013, .T. ) ;
#200 = CARTESIAN_POINT ( 'NONE',  ( 24.47774279211274617, -9.258705388199927654E-15, 4.999999999999992006 ) ) ;
#201 = ADVANCED_FACE ( 'NONE', ( #7179 ), #7728, .T. ) ;
#202 = DIRECTION ( 'NONE',  ( 0.000000000000000000, 0.000000000000000000, 1.000000000000000000 ) ) ;
#203 = VERTEX_POINT ( 'NONE', #2375 ) ;
#204 = EDGE_CURVE ( 'NONE', #8488, #415, #5406, .T. ) ;
#205 = CARTESIAN_POINT ( 'NONE',  ( 19.12500000000000000, 1.224646799147353207E-16, -1.000000000000000000 ) ) ;
#206 = CARTESIAN_POINT ( 'NONE',  ( 79.33253412545244032, -4.991957775359344041, -0.008042224640655553508 ) ) ;
#207 = CARTESIAN_POINT ( 'NONE',  ( 107.7063102135242616, -0.03993437491703633047, 4.960065625082964225 ) ) ;
#208 = CARTESIAN_POINT ( 'NONE',  ( 6.750000000000000000, 1.224646799147353207E-16, -1.000000000000000000 ) ) ;
#210 = CARTESIAN_POINT ( 'NONE',  ( 24.62500000000000000, 0.000000000000000000, 0.000000000000000000 ) ) ;
#209 = CARTESIAN_POINT ( 'NONE',  ( 87.60263427936259006, -4.040089233410274261, -0.9599107665897267383 ) ) ;
#211 = CARTESIAN_POINT ( 'NONE',  ( 112.9212536293830311, -4.991698401479151670, 0.008301598520848907717 ) ) ;
#212 = CARTESIAN_POINT ( 'NONE',  ( 52.12499999999978684, 2.834739505433365550E-13, 5.000000000000283329 ) ) ;
#213 = ORIENTED_EDGE ( 'NONE', *, *, #3083, .F. ) ;
#214 = CARTESIAN_POINT ( 'NONE',  ( 100.6175979694599789, -0.1278684794971776395, 4.872131520502823498 ) ) ;
#215 = AXIS2_PLACEMENT_3D ( 'NONE', #491, #3303, #3807 ) ;
#216 = VECTOR ( 'NONE', #2399, 1000.000000000000000 ) ;
#217 = VERTEX_POINT ( 'NONE', #1634 ) ;
#218 = CARTESIAN_POINT ( 'NONE',  ( 52.70631021352429002, -0.03993437491703670517, 4.960065625082964225 ) ) ;
#219 = CARTESIAN_POINT ( 'NONE',  ( 69.35334765086507502, -4.935408751168083086, -0.06459124883191602606 ) ) ;
#220 = DIRECTION ( 'NONE',  ( -1.000000000000000000, -0.000000000000000000, -0.000000000000000000 ) ) ;
#221 = DIRECTION ( 'NONE',  ( -1.000000000000000000, -0.000000000000000000, -0.000000000000000000 ) ) ;
#222 = CARTESIAN_POINT ( 'NONE',  ( 35.32874637064227841, -0.008301598518915940042, 4.991698401481083458 ) ) ;
#223 = CIRCLE ( 'NONE', #8709, 1.000000000000000000 ) ;
#224 = DIRECTION ( 'NONE',  ( -1.000000000000000000, -0.000000000000000000, -0.000000000000000000 ) ) ;
#225 = VERTEX_POINT ( 'NONE', #8594 ) ;
#226 = CARTESIAN_POINT ( 'NONE',  ( 0.000000000000000000, 0.000000000000000000, 1.000000000000000000 ) ) ;
#227 = AXIS2_PLACEMENT_3D ( 'NONE', #3155, #4570, #2471 ) ;
#228 = EDGE_LOOP ( 'NONE', ( #8056, #3473, #2145 ) ) ;
#229 = ORIENTED_EDGE ( 'NONE', *, *, #2207, .F. ) ;
#230 = DIRECTION ( 'NONE',  ( -1.000000000000000000, -0.000000000000000000, -0.000000000000000000 ) ) ;
#231 = CARTESIAN_POINT ( 'NONE',  ( 0.000000000000000000, 1.224646799147353207E-16, -1.000000000000000000 ) ) ;
#232 = AXIS2_PLACEMENT_3D ( 'NONE', #2605, #1173, #3244 ) ;
#233 = CARTESIAN_POINT ( 'NONE',  ( 57.62499999999999289, 1.224646799147353207E-16, -1.000000000000000000 ) ) ;
#234 = DIRECTION ( 'NONE',  ( 0.000000000000000000, -1.000000000000000000, 0.000000000000000000 ) ) ;
#235 = CIRCLE ( 'NONE', #5076, 3.999999999999999112 ) ;
#236 = ORIENTED_EDGE ( 'NONE', *, *, #1821, .T. ) ;
#237 = DIRECTION ( 'NONE',  ( 0.000000000000000000, 0.000000000000000000, 1.000000000000000000 ) ) ;
#238 = ADVANCED_FACE ( 'NONE', ( #4427 ), #5845, .T. ) ;
#239 = ORIENTED_EDGE ( 'NONE', *, *, #530, .T. ) ;
#240 = DIRECTION ( 'NONE',  ( 0.000000000000000000, 0.000000000000000000, 1.000000000000000000 ) ) ;
#241 = CIRCLE ( 'NONE', #8148, 3.904737509655568761 ) ;
#242 = FACE_OUTER_BOUND ( 'NONE', #6782, .T. ) ;
#243 = CARTESIAN_POINT ( 'NONE',  ( 123.6249999999999858, 0.000000000000000000, 5.000000000000000000 ) ) ;
#244 = CALENDAR_DATE ( 2026, 21, 2 ) ;
#245 = EDGE_LOOP ( 'NONE', ( #3964, #2314, #2641 ) ) ;
#246 = CARTESIAN_POINT ( 'NONE',  ( 118.2718435304483791, 6.384510839929286439E-15, -5.000000000000006217 ) ) ;
#247 = TOROIDAL_SURFACE ( 'NONE', #4641, 1.000000000000000000, 1.375000000000001332 ) ;
#248 = ORIENTED_EDGE ( 'NONE', *, *, #6435, .F. ) ;
#249 = DIRECTION ( 'NONE',  ( 0.000000000000000000, 0.000000000000000000, 1.000000000000000000 ) ) ;
#250 = B_SPLINE_CURVE_WITH_KNOTS ( 'NONE', 3,
 ( #8743, #7372, #8794, #1094, #1140, #2535, #3895, #5314, #2625, #5414, #6825, #3356 ),
 .UNSPECIFIED., .F., .F.,
 ( 4, 2, 2, 2, 2, 4 ),
 ( 0.003504634718750187800, 0.003941423334025071813, 0.004378211949299955393, 0.005251789179849722551, 0.006125366410399490577, 0.006998943640949257736 ),
 .UNSPECIFIED. ) ;
#251 = CARTESIAN_POINT ( 'NONE',  ( 76.99600116288350193, -3.862796825715727689, -1.137203174284272977 ) ) ;
#252 = DIRECTION ( 'NONE',  ( 0.000000000000000000, 0.000000000000000000, -1.000000000000000000 ) ) ;
#253 = CARTESIAN_POINT ( 'NONE',  ( 0.000000000000000000, 0.000000000000000000, 1.000000000000000000 ) ) ;
#254 = AXIS2_PLACEMENT_3D ( 'NONE', #9057, #27, #1279 ) ;
#256 = CARTESIAN_POINT ( 'NONE',  ( 0.000000000000000000, -1.734723475976807094E-15, 4.999999999999999112 ) ) ;
#255 = CARTESIAN_POINT ( 'NONE',  ( 87.32722873042055767, -4.282386290035407050, -0.7176137099645947259 ) ) ;
#257 = EDGE_CURVE ( 'NONE', #8076, #3321, #3494, .T. ) ;
#258 = CARTESIAN_POINT ( 'NONE',  ( 37.73119955116401059, -0.6335913640930941337, 4.366408635906906532 ) ) ;
#259 = CC_DESIGN_APPROVAL ( #6214, ( #8162 ) ) ;
#260 = CARTESIAN_POINT ( 'NONE',  ( 3.538331087163099742, -4.874457784808692296, -0.1255422151913086204 ) ) ;
#261 = ORIENTED_EDGE ( 'NONE', *, *, #4580, .F. ) ;
#262 = FACE_OUTER_BOUND ( 'NONE', #1344, .T. ) ;
#263 = ORIENTED_EDGE ( 'NONE', *, *, #5724, .F. ) ;
#264 = CARTESIAN_POINT ( 'NONE',  ( 53.27178058431636032, -0.1593231317801528935, 4.840676868219846440 ) ) ;
#265 = CARTESIAN_POINT ( 'NONE',  ( 70.03423771780843765, -4.739198801696314689, -0.2608011983036852000 ) ) ;
#266 = DIRECTION ( 'NONE',  ( -1.000000000000000000, -0.000000000000000000, -0.000000000000000000 ) ) ;
#267 = AXIS2_PLACEMENT_3D ( 'NONE', #9053, #2793, #6185 ) ;
#268 = CARTESIAN_POINT ( 'NONE',  ( 98.60122534970065544, -0.9582157396402011251, -4.041784260359799319 ) ) ;
#269 = DIRECTION ( 'NONE',  ( -1.000000000000000000, -0.000000000000000000, -0.000000000000000000 ) ) ;
#270 = AXIS2_PLACEMENT_3D ( 'NONE', #3655, #5901, #1495 ) ;
#271 = TOROIDAL_SURFACE ( 'NONE', #1895, 1.000000000000000000, 4.000000000000001776 ) ;
#272 = DIRECTION ( 'NONE',  ( 0.000000000000000000, 0.000000000000000000, 1.000000000000000000 ) ) ;
#273 = CARTESIAN_POINT ( 'NONE',  ( 45.89940186600652083, -4.935956332723923978, 0.06404366727607746501 ) ) ;
#274 = ORIENTED_EDGE ( 'NONE', *, *, #5980, .T. ) ;
#275 = ORIENTED_EDGE ( 'NONE', *, *, #1882, .F. ) ;
#276 = CARTESIAN_POINT ( 'NONE',  ( 21.99621622079728667, -1.136863993905378845, -3.863136006094621155 ) ) ;
#277 = DIRECTION ( 'NONE',  ( 0.000000000000000000, 0.000000000000000000, 1.000000000000000000 ) ) ;
#278 = TOROIDAL_SURFACE ( 'NONE', #2490, 1.000000000000000000, 3.999999999999997335 ) ;
#279 = DIRECTION ( 'NONE',  ( 0.000000000000000000, -1.224646799147353207E-16, 1.000000000000000000 ) ) ;
#280 = CIRCLE ( 'NONE', #4100, 3.904737509655557215 ) ;
#281 = EDGE_CURVE ( 'NONE', #7714, #4224, #8170, .T. ) ;
#282 = EDGE_CURVE ( 'NONE', #3420, #8687, #4222, .T. ) ;
#283 = ORIENTED_EDGE ( 'NONE', *, *, #5637, .T. ) ;
#284 = CARTESIAN_POINT ( 'NONE',  ( 36.35059813401476703, -0.06404366728010842114, -4.935956332719892536 ) ) ;
#285 = B_SPLINE_CURVE_WITH_KNOTS ( 'NONE', 3,
 ( #1437, #2654, #1350, #8310, #6217, #5442, #8956, #4147, #5524, #6858, #7534, #2004 ),
 .UNSPECIFIED., .F., .F.,
 ( 4, 2, 2, 2, 2, 4 ),
 ( 0.003504634718750162213, 0.003941423334025047527, 0.004378211949299933708, 0.005251789179849706071, 0.006125366410399477567, 0.006998943640949249929 ),
 .UNSPECIFIED. ) ;
#286 = CARTESIAN_POINT ( 'NONE',  ( 32.87500000000000000, -3.671958834454334575, 1.328041165545665647 ) ) ;
#287 = CARTESIAN_POINT ( 'NONE',  ( 43.87500000000000000, -1.328041165545660540, -3.671958834454339460 ) ) ;
#288 = DIRECTION ( 'NONE',  ( 5.541835563929090209E-17, 1.962615573354710022E-17, -1.000000000000000000 ) ) ;
#289 = EDGE_LOOP ( 'NONE', ( #3649, #4446, #4399, #4946 ) ) ;
#290 = DIRECTION ( 'NONE',  ( -0.000000000000000000, 1.000000000000000000, 1.224646799147353207E-16 ) ) ;
#291 = ORIENTED_EDGE ( 'NONE', *, *, #8229, .F. ) ;
#292 = CARTESIAN_POINT ( 'NONE',  ( 21.75399883711744664, -1.137203174285765783, 3.862796825714234217 ) ) ;
#293 = CARTESIAN_POINT ( 'NONE',  ( 19.42125362938292099, -4.991698401479164993, -0.008301598520835609327 ) ) ;
#294 = DIRECTION ( 'NONE',  ( 0.000000000000000000, 0.000000000000000000, 1.000000000000000000 ) ) ;
#295 = DIRECTION ( 'NONE',  ( 0.000000000000000000, 0.000000000000000000, 1.000000000000000000 ) ) ;
#297 = CARTESIAN_POINT ( 'NONE',  ( 80.20631021352427581, -0.03993437491703633047, 4.960065625082964225 ) ) ;
#296 = CARTESIAN_POINT ( 'NONE',  ( 85.12500000002799538, -5.000000000000000888, -4.336808689942017736E-16 ) ) ;
#298 = CARTESIAN_POINT ( 'NONE',  ( 34.21616362764436303, -4.748219996440549373, 0.2517800035594505714 ) ) ;
#299 = CARTESIAN_POINT ( 'NONE',  ( 37.72625045371989216, -4.359865889253508264, -0.6401341107464911806 ) ) ;
#300 = DIRECTION ( 'NONE',  ( 0.000000000000000000, 0.000000000000000000, 1.000000000000000000 ) ) ;
#301 = ORIENTED_EDGE ( 'NONE', *, *, #7656, .F. ) ;
#302 = CARTESIAN_POINT ( 'NONE',  ( 46.92125362938285349, -4.991698401479171210, -0.008301598520828836966 ) ) ;
#303 = ORIENTED_EDGE ( 'NONE', *, *, #3335, .F. ) ;
#304 = APPROVAL ( #8811, 'UNSPECIFIED' ) ;
#305 = CARTESIAN_POINT ( 'NONE',  ( 100.0903213122420397, -0.3138588207986942047, -4.686141179201305462 ) ) ;
#306 = CARTESIAN_POINT ( 'NONE',  ( 0.000000000000000000, 0.000000000000000000, 0.000000000000000000 ) ) ;
#307 = AXIS2_PLACEMENT_3D ( 'NONE', #5958, #4717, #7410 ) ;
#308 = CARTESIAN_POINT ( 'NONE',  ( 95.54368978649830524, -4.960065625086348184, -0.03993437491365268988 ) ) ;
#309 = CARTESIAN_POINT ( 'NONE',  ( 75.27046193742630464, -4.832344906983753852, -0.1676550930162466757 ) ) ;
#310 = CARTESIAN_POINT ( 'NONE',  ( 95.97815646957799629, -5.000000000001025846, -1.024879796508075479E-12 ) ) ;
#311 = EDGE_CURVE ( 'NONE', #9051, #6933, #1148, .T. ) ;
#312 = DIRECTION ( 'NONE',  ( -1.000000000000000000, -0.000000000000000000, -0.000000000000000000 ) ) ;
#313 = ORIENTED_EDGE ( 'NONE', *, *, #7942, .T. ) ;
#314 = ORIENTED_EDGE ( 'NONE', *, *, #3004, .T. ) ;
#315 = CARTESIAN_POINT ( 'NONE',  ( 76.87500000000000000, -1.328041165545675195, 3.671958834454324805 ) ) ;
#316 = CARTESIAN_POINT ( 'NONE',  ( 30.12500000000000000, -5.000000000000000888, -4.336808689942017736E-16 ) ) ;
#317 = CARTESIAN_POINT ( 'NONE',  ( 0.000000000000000000, 1.224646799147353207E-16, -1.000000000000000000 ) ) ;
#318 = DIRECTION ( 'NONE',  ( -1.000000000000000000, -0.000000000000000000, -0.000000000000000000 ) ) ;
#319 = CARTESIAN_POINT ( 'NONE',  ( 120.0117275769369485, -4.502552532146814279, -0.4974474678531852767 ) ) ;
#320 = CARTESIAN_POINT ( 'NONE',  ( 17.97953806259080167, -0.1676550930109058368, -4.832344906989093580 ) ) ;
#321 = AXIS2_PLACEMENT_3D ( 'NONE', #7198, #3039, #2992 ) ;
#322 = ORIENTED_EDGE ( 'NONE', *, *, #8713, .T. ) ;
#323 = CARTESIAN_POINT ( 'NONE',  ( 60.37500000000000000, 4.781924292710295550E-16, -3.904737509655562544 ) ) ;
#324 = CARTESIAN_POINT ( 'NONE',  ( 71.64736572063974052, -0.9599107665869606176, 4.040089233413039160 ) ) ;
#325 = VERTEX_POINT ( 'NONE', #2607 ) ;
#326 = EDGE_CURVE ( 'NONE', #2967, #1874, #4665, .T. ) ;
#327 = DIRECTION ( 'NONE',  ( -1.000000000000000000, -0.000000000000000000, -0.000000000000000000 ) ) ;
#328 = APPROVAL_ROLE ( '' ) ;
#329 = ORIENTED_EDGE ( 'NONE', *, *, #5927, .F. ) ;
#330 = ORIENTED_EDGE ( 'NONE', *, *, #1979, .F. ) ;
#331 = CARTESIAN_POINT ( 'NONE',  ( 20.53383637236985138, -0.2517800035653030011, 4.748219996434697165 ) ) ;
#332 = DIRECTION ( 'NONE',  ( 0.000000000000000000, 0.000000000000000000, 1.000000000000000000 ) ) ;
#333 = CARTESIAN_POINT ( 'NONE',  ( 83.75000000000000000, 0.000000000000000000, 0.000000000000000000 ) ) ;
#335 = FACE_OUTER_BOUND ( 'NONE', #3923, .T. ) ;
#334 = CARTESIAN_POINT ( 'NONE',  ( 102.2063102135242900, -0.03993437491703808601, 4.960065625082963336 ) ) ;
#336 = CARTESIAN_POINT ( 'NONE',  ( 35.62500000002778933, -5.000000000000000888, -4.336808689942017736E-16 ) ) ;
#337 = AXIS2_PLACEMENT_3D ( 'NONE', #3528, #1460, #8552 ) ;
#338 = DIRECTION ( 'NONE',  ( 0.000000000000000000, 0.000000000000000000, 1.000000000000000000 ) ) ;
#339 = CARTESIAN_POINT ( 'NONE',  ( 108.1324020305398363, -4.872131520502868796, -0.1278684794971295391 ) ) ;
#340 = EDGE_LOOP ( 'NONE', ( #229, #3890, #3320 ) ) ;
#341 = CARTESIAN_POINT ( 'NONE',  ( 89.21616362764446251, -4.748219996440593782, -0.2517800035594067731 ) ) ;
#342 = EDGE_LOOP ( 'NONE', ( #4578, #9047, #7787 ) ) ;
#343 = ADVANCED_FACE ( 'NONE', ( #429 ), #1120, .F. ) ;
#344 = CARTESIAN_POINT ( 'NONE',  ( 82.64736572063975473, -0.9599107665869561767, -4.040089233413043601 ) ) ;
#345 = CARTESIAN_POINT ( 'NONE',  ( 17.59032131224201834, -0.3138588207986869882, 4.686141179201313456 ) ) ;
#346 = ORIENTED_EDGE ( 'NONE', *, *, #2214, .T. ) ;
#347 = ADVANCED_FACE ( 'NONE', ( #8087 ), #402, .T. ) ;
#348 = CARTESIAN_POINT ( 'NONE',  ( 62.97774279211274262, -8.993372317472525961E-15, 4.999999999999991118 ) ) ;
#349 = CARTESIAN_POINT ( 'NONE',  ( 76.87500000000000000, -3.671958834454324805, -1.328041165545675195 ) ) ;
#350 = CARTESIAN_POINT ( 'NONE',  ( 68.62499999999978684, 2.819348912645851850E-13, -5.000000000000282441 ) ) ;
#351 = EDGE_CURVE ( 'NONE', #7925, #6701, #4607, .T. ) ;
#352 = CARTESIAN_POINT ( 'NONE',  ( 120.8749999999999858, 0.000000000000000000, 0.000000000000000000 ) ) ;
#353 = B_SPLINE_CURVE_WITH_KNOTS ( 'NONE', 3,
 ( #7771, #4334, #5720, #1500, #5075, #806, #8509, #7860, #7815, #906, #2379, #7908, #2980, #5818, #7954, #8600 ),
 .UNSPECIFIED., .F., .F.,
 ( 4, 2, 2, 2, 2, 2, 2, 4 ),
 ( 4.818711198681143754E-07, 0.0008765200830205597095, 0.001314539188970918543, 0.001752558294921277484, 0.002190577400871636642, 0.002628596506821994933, 0.003066615612772354092, 0.003504634718722713250 ),
 .UNSPECIFIED. ) ;
#354 = ORIENTED_EDGE ( 'NONE', *, *, #2402, .T. ) ;
#355 = VERTEX_POINT ( 'NONE', #3247 ) ;
#356 = CARTESIAN_POINT ( 'NONE',  ( 67.25000000000000000, 0.000000000000000000, 0.000000000000000000 ) ) ;
#357 = FACE_OUTER_BOUND ( 'NONE', #6839, .T. ) ;
#358 = CARTESIAN_POINT ( 'NONE',  ( 118.1249999999999858, 0.000000000000000000, 0.000000000000000000 ) ) ;
#359 = DIRECTION ( 'NONE',  ( 0.000000000000000000, 0.000000000000000000, 1.000000000000000000 ) ) ;
#360 = EDGE_CURVE ( 'NONE', #2123, #3420, #5682, .T. ) ;
#361 = CARTESIAN_POINT ( 'NONE',  ( 57.62499999999999289, 0.000000000000000000, 0.000000000000000000 ) ) ;
#362 = EDGE_CURVE ( 'NONE', #6209, #6801, #1738, .T. ) ;
#363 = CARTESIAN_POINT ( 'NONE',  ( 43.87500000000000000, -1.328041165545660540, -3.671958834454339460 ) ) ;
#364 = CIRCLE ( 'NONE', #3017, 4.000000000000001776 ) ;
#365 = B_SPLINE_CURVE_WITH_KNOTS ( 'NONE', 3,
 ( #8820, #7995, #8780, #297, #8728, #3930, #1732, #3113, #992, #3250, #2378, #4521 ),
 .UNSPECIFIED., .F., .F.,
 ( 4, 2, 2, 2, 2, 4 ),
 ( 0.003504634718750217724, 0.003941423334025100436, 0.004378211949299983148, 0.005251789179849748572, 0.006125366410399513128, 0.006998943640949279420 ),
 .UNSPECIFIED. ) ;
#366 = ORIENTED_EDGE ( 'NONE', *, *, #8679, .F. ) ;
#367 = CARTESIAN_POINT ( 'NONE',  ( 117.5436897864983479, -4.960065625086349961, -0.03993437491365044861 ) ) ;
#368 = AXIS2_PLACEMENT_3D ( 'NONE', #5447, #6258, #2786 ) ;
#369 = ORIENTED_EDGE ( 'NONE', *, *, #7556, .F. ) ;
#370 = FACE_OUTER_BOUND ( 'NONE', #4732, .T. ) ;
#371 = EDGE_CURVE ( 'NONE', #2247, #3295, #6334, .T. ) ;
#372 = B_SPLINE_CURVE_WITH_KNOTS ( 'NONE', 3,
 ( #7499, #631, #587, #484, #2746, #5537, #6095, #2616, #5404, #4754, #6869, #8963, #8275, #1227, #4026, #6816 ),
 .UNSPECIFIED., .F., .F.,
 ( 4, 2, 2, 2, 2, 2, 2, 4 ),
 ( 4.818711198682416421E-07, 0.0008765200830205603600, 0.001314539188970919193, 0.001752558294921278135, 0.002190577400871637076, 0.002628596506821995801, 0.003066615612772354959, 0.003504634718722713684 ),
 .UNSPECIFIED. ) ;
#373 = ORIENTED_EDGE ( 'NONE', *, *, #7923, .T. ) ;
#374 = CARTESIAN_POINT ( 'NONE',  ( 21.87500000000000000, -1.328041165545665425, 3.671958834454335019 ) ) ;
#375 = ORIENTED_EDGE ( 'NONE', *, *, #1340, .F. ) ;
#376 = CIRCLE ( 'NONE', #2745, 1.000000000000000000 ) ;
#377 = CARTESIAN_POINT ( 'NONE',  ( 76.22625045371995611, -4.359865889253468296, 0.6401341107465335911 ) ) ;
#378 = FACE_OUTER_BOUND ( 'NONE', #6343, .T. ) ;
#379 = DIRECTION ( 'NONE',  ( 0.000000000000000000, 0.000000000000000000, -1.000000000000000000 ) ) ;
#380 = CARTESIAN_POINT ( 'NONE',  ( 73.39940186600668426, -4.935956332723948847, 0.06404366727605186049 ) ) ;
#382 = CARTESIAN_POINT ( 'NONE',  ( 110.4227712695847288, -0.7176137099602881708, 4.282386290039712051 ) ) ;
#381 = CARTESIAN_POINT ( 'NONE',  ( 54.87499999999999289, -1.328041165545660540, 3.671958834454339460 ) ) ;
#383 = CARTESIAN_POINT ( 'NONE',  ( 35.47815646957786129, -5.000000000001020517, -1.019540630204176807E-12 ) ) ;
#384 = CARTESIAN_POINT ( 'NONE',  ( 100.2500000000000000, 0.000000000000000000, 1.000000000000000000 ) ) ;
#385 = CIRCLE ( 'NONE', #5522, 3.904737509655568761 ) ;
#386 = DIRECTION ( 'NONE',  ( 0.000000000000000000, 0.000000000000000000, 1.000000000000000000 ) ) ;
#387 = ORIENTED_EDGE ( 'NONE', *, *, #6366, .T. ) ;
#388 = CARTESIAN_POINT ( 'NONE',  ( 90.04368978649834787, -4.960065625086349961, -0.03993437491365044861 ) ) ;
#389 = PERSON ( 'NAUO-PER3', 'UNSPECIFIED', 'UNSPECIFIED', ('UNSPECIFIED'), ('UNSPECIFIED'), ('UNSPECIFIED') ) ;
#390 = ORIENTED_EDGE ( 'NONE', *, *, #7732, .F. ) ;
#391 = B_SPLINE_CURVE_WITH_KNOTS ( 'NONE', 3,
 ( #3879, #8597, #209, #255, #7856, #3745, #3151, #3069, #6672, #2333, #3698, #7267, #8644, #5164, #5203, #296 ),
 .UNSPECIFIED., .F., .F.,
 ( 4, 2, 2, 2, 2, 2, 2, 4 ),
 ( 4.818711198674780419E-07, 0.0008765200830205889830, 0.001314539188970937408, 0.001752558294921285941, 0.002190577400871634040, 0.002628596506821982790, 0.003066615612772331540, 0.003504634718722679856 ),
 .UNSPECIFIED. ) ;
#392 = CARTESIAN_POINT ( 'NONE',  ( 101.6249999999997868, 2.819348912645851850E-13, -5.000000000000282441 ) ) ;
#393 = CIRCLE ( 'NONE', #5388, 1.000000000000000000 ) ;
#394 = CARTESIAN_POINT ( 'NONE',  ( 18.82874637064228551, -0.008301598518916658218, 4.991698401481084346 ) ) ;
#395 = ORIENTED_EDGE ( 'NONE', *, *, #6647, .F. ) ;
#396 = CIRCLE ( 'NONE', #5531, 3.904737509655562544 ) ;
#397 = CARTESIAN_POINT ( 'NONE',  ( 95.39940186600667005, -4.935956332723948847, -0.06404366727605186049 ) ) ;
#398 = CARTESIAN_POINT ( 'NONE',  ( 70.03383637236984782, -0.2517800035653070534, -4.748219996434693613 ) ) ;
#399 = CC_DESIGN_APPROVAL ( #9001, ( #8895 ) ) ;
#400 = DIRECTION ( 'NONE',  ( -1.000000000000000000, -0.000000000000000000, -0.000000000000000000 ) ) ;
#401 = CIRCLE ( 'NONE', #6570, 3.904737509655557215 ) ;
#402 = TOROIDAL_SURFACE ( 'NONE', #5546, 1.000000000000000000, 3.999999999999997335 ) ;
#403 = CARTESIAN_POINT ( 'NONE',  ( 132.6250000000000000, 0.000000000000000000, 0.000000000000000000 ) ) ;
#404 = ORIENTED_EDGE ( 'NONE', *, *, #7942, .F. ) ;
#405 = ORIENTED_EDGE ( 'NONE', *, *, #4374, .T. ) ;
#406 = CARTESIAN_POINT ( 'NONE',  ( 79.03886551654429127, -0.04063066961493030926, 4.959369330385070107 ) ) ;
#407 = CARTESIAN_POINT ( 'NONE',  ( 27.37500000000000000, -3.671958834454336795, 1.328041165545663649 ) ) ;
#408 = TOROIDAL_SURFACE ( 'NONE', #586, 1.000000000000000000, 1.500000000000000000 ) ;
#409 = CARTESIAN_POINT ( 'NONE',  ( 19.12500000002784262, -5.000000000000000888, -4.336808689942017736E-16 ) ) ;
#410 = EDGE_CURVE ( 'NONE', #7073, #8554, #6856, .T. ) ;
#411 = CARTESIAN_POINT ( 'NONE',  ( 119.1324020305583957, -4.872131520497873680, -0.1278684795021268750 ) ) ;
#412 = CARTESIAN_POINT ( 'NONE',  ( 43.99621622079727246, -1.136863993905375070, -3.863136006094624264 ) ) ;
#413 = TOROIDAL_SURFACE ( 'NONE', #3067, 1.000000000000000000, 3.999999999999999112 ) ;
#414 = ADVANCED_FACE ( 'NONE', ( #2466 ), #4079, .F. ) ;
#415 = VERTEX_POINT ( 'NONE', #1219 ) ;
#416 = UNCERTAINTY_MEASURE_WITH_UNIT (LENGTH_MEASURE( 1.000000000000000082E-05 ), #8960, 'distance_accuracy_value', 'NONE');
#417 = CARTESIAN_POINT ( 'NONE',  ( 39.75000000000000000, 0.000000000000000000, 0.000000000000000000 ) ) ;
#418 = CARTESIAN_POINT ( 'NONE',  ( 13.62500000000000000, 0.000000000000000000, 0.000000000000000000 ) ) ;
#419 = ORIENTED_EDGE ( 'NONE', *, *, #4812, .T. ) ;
#420 = CARTESIAN_POINT ( 'NONE',  ( 85.71113448347813346, -4.959369330381671048, 0.04063066961832845908 ) ) ;
#421 = CIRCLE ( 'NONE', #2054, 3.904737509655557215 ) ;
#422 = DATE_TIME_ROLE ( 'classification_date' ) ;
#423 = ORIENTED_EDGE ( 'NONE', *, *, #8032, .F. ) ;
#424 = CARTESIAN_POINT ( 'NONE',  ( 35.32874637064227841, -0.008301598518915678099, -4.991698401481083458 ) ) ;
#425 = AXIS2_PLACEMENT_3D ( 'NONE', #3100, #2961, #240 ) ;
#426 = EDGE_LOOP ( 'NONE', ( #301, #8604, #3497 ) ) ;
#427 = CYLINDRICAL_SURFACE ( 'NONE', #8134, 1.000000000000000000 ) ;
#428 = CARTESIAN_POINT ( 'NONE',  ( 115.3749999999999858, 0.000000000000000000, 0.000000000000000000 ) ) ;
#429 = FACE_OUTER_BOUND ( 'NONE', #4493, .T. ) ;
#430 = CARTESIAN_POINT ( 'NONE',  ( 121.8543401061886300, -4.569376863670168376, 0.4306231363298319570 ) ) ;
#431 = AXIS2_PLACEMENT_3D ( 'NONE', #4378, #5768, #3068 ) ;
#433 = FACE_OUTER_BOUND ( 'NONE', #4437, .T. ) ;
#432 = CARTESIAN_POINT ( 'NONE',  ( 78.25000000000000000, 0.000000000000000000, 0.000000000000000000 ) ) ;
#434 = FACE_OUTER_BOUND ( 'NONE', #2678, .T. ) ;
#435 = CARTESIAN_POINT ( 'NONE',  ( 112.0436897864983194, -4.960065625086346408, 0.03993437491365134373 ) ) ;
#436 = CARTESIAN_POINT ( 'NONE',  ( 53.27046193742614832, -4.832344906983798261, -0.1676550930162034880 ) ) ;
#437 = ORIENTED_EDGE ( 'NONE', *, *, #8565, .F. ) ;
#438 = DIRECTION ( 'NONE',  ( -1.000000000000000000, -0.000000000000000000, -0.000000000000000000 ) ) ;
#439 = EDGE_LOOP ( 'NONE', ( #4986, #8668, #796, #1622 ) ) ;
#440 = DIRECTION ( 'NONE',  ( -1.000000000000000000, -0.000000000000000000, -0.000000000000000000 ) ) ;
#441 = CARTESIAN_POINT ( 'NONE',  ( 27.25378377920365480, -3.863136006093128128, -1.136863993906871206 ) ) ;
#442 = ORIENTED_EDGE ( 'NONE', *, *, #7921, .T. ) ;
#443 = DIRECTION ( 'NONE',  ( -1.000000000000000000, -0.000000000000000000, -0.000000000000000000 ) ) ;
#444 = CARTESIAN_POINT ( 'NONE',  ( 43.01876480693204030, -0.4915337874217313718, 4.508466212578267296 ) ) ;
#445 = CARTESIAN_POINT ( 'NONE',  ( 68.03886551654427706, -0.04063066961492947660, 4.959369330385070995 ) ) ;
#446 = ADVANCED_FACE ( 'NONE', ( #5253 ), #109, .T. ) ;
#447 = TOROIDAL_SURFACE ( 'NONE', #3975, 1.000000000000000000, 3.999999999999997335 ) ;
#448 = EDGE_CURVE ( 'NONE', #1, #7925, #1294, .T. ) ;
#449 = DIRECTION ( 'NONE',  ( 0.000000000000000000, 0.000000000000000000, 1.000000000000000000 ) ) ;
#450 = EDGE_CURVE ( 'NONE', #4048, #6156, #5899, .T. ) ;
#451 = CARTESIAN_POINT ( 'NONE',  ( 103.3984262372402867, -4.567820679626460212, 0.4321793203735401767 ) ) ;
#452 = ORIENTED_EDGE ( 'NONE', *, *, #2088, .F. ) ;
#453 = CARTESIAN_POINT ( 'NONE',  ( 115.3749999999999858, -3.671958834454344345, -1.328041165545655877 ) ) ;
#454 = CARTESIAN_POINT ( 'NONE',  ( 105.2382724230717486, -0.4974474678478743028, 4.502552532152126474 ) ) ;
#455 = CARTESIAN_POINT ( 'NONE',  ( 109.2311995511639964, -0.6335913640930906920, -4.366408635906910085 ) ) ;
#456 = CARTESIAN_POINT ( 'NONE',  ( 51.39665234915597836, -0.06459124882792148525, -4.935408751172077224 ) ) ;
#457 = DIRECTION ( 'NONE',  ( -0.000000000000000000, 0.000000000000000000, 1.000000000000000000 ) ) ;
#458 = ADVANCED_FACE ( 'NONE', ( #1962 ), #7666, .T. ) ;
#459 = VERTEX_POINT ( 'NONE', #8267 ) ;
#460 = CARTESIAN_POINT ( 'NONE',  ( 57.62499999999999289, 0.000000000000000000, 0.000000000000000000 ) ) ;
#461 = CARTESIAN_POINT ( 'NONE',  ( 64.49999999999998579, 1.224646799147353207E-16, -1.000000000000000000 ) ) ;
#462 = ORIENTED_EDGE ( 'NONE', *, *, #5266, .F. ) ;
#463 = CARTESIAN_POINT ( 'NONE',  ( 52.12500000000000000, 1.224646799147353207E-16, -1.000000000000000000 ) ) ;
#464 = EDGE_CURVE ( 'NONE', #5155, #4203, #6417, .T. ) ;
#465 = AXIS2_PLACEMENT_3D ( 'NONE', #3948, #6739, #5965 ) ;
#466 = COORDINATED_UNIVERSAL_TIME_OFFSET ( 3, 30, .AHEAD. ) ;
#467 = ORIENTED_EDGE ( 'NONE', *, *, #5472, .T. ) ;
#468 = EDGE_CURVE ( 'NONE', #8554, #5784, #5984, .T. ) ;
#469 = ORIENTED_EDGE ( 'NONE', *, *, #4963, .T. ) ;
#470 = CARTESIAN_POINT ( 'NONE',  ( 76.75378377920365836, -3.863136006093112584, 1.136863993906888082 ) ) ;
#471 = DIRECTION ( 'NONE',  ( -1.000000000000000000, -0.000000000000000000, -0.000000000000000000 ) ) ;
#472 = DIRECTION ( 'NONE',  ( 0.000000000000000000, -1.224646799147353207E-16, 1.000000000000000000 ) ) ;
#473 = CARTESIAN_POINT ( 'NONE',  ( 115.3749999999999858, -1.328041165545655877, -3.671958834454344345 ) ) ;
#474 = B_SPLINE_CURVE_WITH_KNOTS ( 'NONE', 3,
 ( #6371, #3491, #5685, #8474, #1338, #5634, #4992, #6330, #2034, #1509, #4132, #6283 ),
 .UNSPECIFIED., .F., .F.,
 ( 4, 2, 2, 2, 2, 4 ),
 ( 0.003504634718750434131, 0.003941423334025289521, 0.004378211949300144477, 0.005251789179849854390, 0.006125366410399565170, 0.006998943640949275083 ),
 .UNSPECIFIED. ) ;
#475 = CARTESIAN_POINT ( 'NONE',  ( 0.000000000000000000, 0.000000000000000000, 0.000000000000000000 ) ) ;
#476 = CARTESIAN_POINT ( 'NONE',  ( 56.21576228220553872, -0.2608011982980500409, -4.739198801701951069 ) ) ;
#477 = DIRECTION ( 'NONE',  ( -1.000000000000000000, -0.000000000000000000, -0.000000000000000000 ) ) ;
#478 = EDGE_CURVE ( 'NONE', #602, #8561, #285, .T. ) ;
#479 = CARTESIAN_POINT ( 'NONE',  ( 54.22625045371989216, -4.359865889253508264, -0.6401341107464911806 ) ) ;
#480 = ORIENTED_EDGE ( 'NONE', *, *, #7195, .T. ) ;
#481 = DIRECTION ( 'NONE',  ( -1.000000000000000000, -0.000000000000000000, -0.000000000000000000 ) ) ;
#482 = EDGE_CURVE ( 'NONE', #4740, #8076, #1490, .T. ) ;
#483 = EDGE_CURVE ( 'NONE', #7714, #7791, #7145, .T. ) ;
#484 = CARTESIAN_POINT ( 'NONE',  ( 92.82722873042055767, -4.282386290035390175, -0.7176137099646094919 ) ) ;
#485 = ORIENTED_EDGE ( 'NONE', *, *, #2084, .T. ) ;
#486 = CARTESIAN_POINT ( 'NONE',  ( 84.39665234915595704, -0.06459124882792598166, -4.935408751172074560 ) ) ;
#487 = CARTESIAN_POINT ( 'NONE',  ( 26.15967868777051564, -4.686141179195679740, -0.3138588208043204264 ) ) ;
#488 = ORIENTED_EDGE ( 'NONE', *, *, #653, .T. ) ;
#489 = DIRECTION ( 'NONE',  ( 0.000000000000000000, -0.7071067811865474617, -0.7071067811865474617 ) ) ;
#490 = CIRCLE ( 'NONE', #1519, 1.375000000000000000 ) ;
#491 = CARTESIAN_POINT ( 'NONE',  ( 74.12500000000000000, 1.224646799147353207E-16, -1.000000000000000000 ) ) ;
#492 = CARTESIAN_POINT ( 'NONE',  ( 66.73827242307172014, -0.4974474678478725820, 4.502552532152127363 ) ) ;
#493 = PLANE ( 'NONE',  #2037 ) ;
#494 = EDGE_CURVE ( 'NONE', #2017, #2260, #3626, .T. ) ;
#495 = CIRCLE ( 'NONE', #8105, 4.000000000000001776 ) ;
#496 = B_SPLINE_CURVE_WITH_KNOTS ( 'NONE', 3,
 ( #7755, #104, #4277, #7078, #790, #3594, #6390, #7302, #3868, #5243, #2409, #8031, #420, #1811, #7436, #3965 ),
 .UNSPECIFIED., .F., .F.,
 ( 4, 2, 2, 2, 2, 2, 2, 4 ),
 ( 4.818711198676053086E-07, 0.0008765200830205893082, 0.001314539188970937841, 0.001752558294921286374, 0.002190577400871635775, 0.002628596506821983658, 0.003066615612772332407, 0.003504634718722680724 ),
 .UNSPECIFIED. ) ;
#497 = CARTESIAN_POINT ( 'NONE',  ( 96.12499999999978684, 2.819348912645851850E-13, -5.000000000000282441 ) ) ;
#498 = CARTESIAN_POINT ( 'NONE',  ( 102.3533476508650892, -4.935408751168083974, 0.06459124883191601219 ) ) ;
#499 = VERTEX_POINT ( 'NONE', #11 ) ;
#500 = CARTESIAN_POINT ( 'NONE',  ( 10.75399883711744664, -1.137203174285765339, -3.862796825714235549 ) ) ;
#501 = DIRECTION ( 'NONE',  ( -1.000000000000000000, -0.000000000000000000, -0.000000000000000000 ) ) ;
#502 = CARTESIAN_POINT ( 'NONE',  ( 107.7063102135242616, -0.03993437491703637210, -4.960065625082964225 ) ) ;
#503 = DIRECTION ( 'NONE',  ( 0.000000000000000000, -1.224646799147353207E-16, 1.000000000000000000 ) ) ;
#504 = DIRECTION ( 'NONE',  ( 0.000000000000000000, 0.000000000000000000, -1.000000000000000000 ) ) ;
#505 = TOROIDAL_SURFACE ( 'NONE', #6804, 1.000000000000000000, 3.999999999999997335 ) ;
#506 = CIRCLE ( 'NONE', #6951, 1.375000000000001332 ) ;
#507 = ORIENTED_EDGE ( 'NONE', *, *, #6015, .F. ) ;
#508 = ORIENTED_EDGE ( 'NONE', *, *, #3004, .F. ) ;
#509 = FACE_OUTER_BOUND ( 'NONE', #7742, .T. ) ;
#510 = DIRECTION ( 'NONE',  ( 0.000000000000000000, -1.224646799147352961E-16, 1.000000000000000000 ) ) ;
#511 = EDGE_LOOP ( 'NONE', ( #877, #3660, #5012 ) ) ;
#512 = CARTESIAN_POINT ( 'NONE',  ( 93.37499999999998579, -1.328041165545675195, 3.671958834454324805 ) ) ;
#513 = CIRCLE ( 'NONE', #4041, 3.999999999999999112 ) ;
#514 = PERSON_AND_ORGANIZATION_ROLE ( 'design_supplier' ) ;
#515 = ORIENTED_EDGE ( 'NONE', *, *, #1281, .T. ) ;
#516 = DIRECTION ( 'NONE',  ( -1.000000000000000000, -0.000000000000000000, -0.000000000000000000 ) ) ;
#517 = ORIENTED_EDGE ( 'NONE', *, *, #7507, .T. ) ;
#518 = CARTESIAN_POINT ( 'NONE',  ( 43.01876480693204030, -0.4915337874217337588, -4.508466212578263743 ) ) ;
#519 = EDGE_CURVE ( 'NONE', #5262, #3702, #5976, .T. ) ;
#520 = DIRECTION ( 'NONE',  ( 0.000000000000000000, 0.000000000000000000, 1.000000000000000000 ) ) ;
#521 = TOROIDAL_SURFACE ( 'NONE', #2875, 1.000000000000000000, 4.000000000000000000 ) ;
#522 = DIRECTION ( 'NONE',  ( -0.000000000000000000, 1.000000000000000000, 1.224646799147353207E-16 ) ) ;
#523 = CARTESIAN_POINT ( 'NONE',  ( 72.71616362764447672, -4.748219996440587565, 0.2517800035594122132 ) ) ;
#524 = CARTESIAN_POINT ( 'NONE',  ( 39.23827242307174146, -0.4974474678478686407, 4.502552532152132692 ) ) ;
#525 = CARTESIAN_POINT ( 'NONE',  ( 86.27178058431636032, -0.1593231317801521441, -4.840676868219847329 ) ) ;
#526 = CIRCLE ( 'NONE', #5652, 1.374999999999999556 ) ;
#527 = CARTESIAN_POINT ( 'NONE',  ( 93.37499999999998579, -3.671958834454324805, 1.328041165545675195 ) ) ;
#528 = CARTESIAN_POINT ( 'NONE',  ( 107.2722572078870229, -4.999999999999996447, -3.578290685675791782E-15 ) ) ;
#529 = ORIENTED_EDGE ( 'NONE', *, *, #8378, .T. ) ;
#530 = EDGE_CURVE ( 'NONE', #5150, #8059, #2896, .T. ) ;
#531 = FACE_OUTER_BOUND ( 'NONE', #2080, .T. ) ;
#532 = CIRCLE ( 'NONE', #4630, 4.000000000000000000 ) ;
#533 = CARTESIAN_POINT ( 'NONE',  ( 118.2718435304483791, 6.550317539354315731E-15, 5.000000000000006217 ) ) ;
#534 = VERTEX_POINT ( 'NONE', #6345 ) ;
#535 = DIRECTION ( 'NONE',  ( -1.000000000000000000, -0.000000000000000000, -0.000000000000000000 ) ) ;
#536 = CARTESIAN_POINT ( 'NONE',  ( 27.10263427936258296, -4.040089233410276037, -0.9599107665897244068 ) ) ;
#537 = ORIENTED_EDGE ( 'NONE', *, *, #3169, .T. ) ;
#538 = EDGE_CURVE ( 'NONE', #1687, #459, #8371, .T. ) ;
#539 = CARTESIAN_POINT ( 'NONE',  ( 111.4782194157003943, -4.840676868225227025, -0.1593231317747716147 ) ) ;
#540 = DIRECTION ( 'NONE',  ( 0.000000000000000000, 0.000000000000000000, 1.000000000000000000 ) ) ;
#541 = AXIS2_PLACEMENT_3D ( 'NONE', #4909, #5, #4826 ) ;
#542 = DIRECTION ( 'NONE',  ( -1.000000000000000000, -0.000000000000000000, -0.000000000000000000 ) ) ;
#543 = CARTESIAN_POINT ( 'NONE',  ( 105.7500000000000000, 1.224646799147353207E-16, -1.000000000000000000 ) ) ;
#544 = AXIS2_PLACEMENT_3D ( 'NONE', #2420, #5862, #5120 ) ;
#545 = CARTESIAN_POINT ( 'NONE',  ( 49.37500000000000000, -3.671958834454334575, -1.328041165545665647 ) ) ;
#546 = AXIS2_PLACEMENT_3D ( 'NONE', #2048, #2089, #4272 ) ;
#547 = AXIS2_PLACEMENT_3D ( 'NONE', #5708, #843, #4969 ) ;
#548 = CARTESIAN_POINT ( 'NONE',  ( 58.35334765086491871, -4.935408751168118613, -0.06459124883188217814 ) ) ;
#549 = EDGE_LOOP ( 'NONE', ( #3679, #6520, #4221 ) ) ;
#550 = CARTESIAN_POINT ( 'NONE',  ( 118.4212536293830169, -4.991698401479152558, 0.008301598520847820045 ) ) ;
#551 = CARTESIAN_POINT ( 'NONE',  ( 11.73123519307650042, -4.508466212583678079, -0.4915337874163232534 ) ) ;
#552 = CIRCLE ( 'NONE', #7238, 1.000000000000000000 ) ;
#553 = CARTESIAN_POINT ( 'NONE',  ( 107.4174658745726703, -0.008042224642539366058, -4.991957775357460214 ) ) ;
#554 = CARTESIAN_POINT ( 'NONE',  ( 93.37499999999998579, -3.671958834454324805, -1.328041165545675195 ) ) ;
#555 = LOCAL_TIME ( 19, 56, 48.00000000000000000, #616 ) ;
#556 = AXIS2_PLACEMENT_3D ( 'NONE', #7310, #6633, #4517 ) ;
#557 = DIRECTION ( 'NONE',  ( -1.000000000000000000, 0.000000000000000000, -0.000000000000000000 ) ) ;
#558 = AXIS2_PLACEMENT_3D ( 'NONE', #7805, #2791, #7717 ) ;
#559 = EDGE_LOOP ( 'NONE', ( #1323, #7900, #8602, #4401 ) ) ;
#560 = ORIENTED_EDGE ( 'NONE', *, *, #2365, .F. ) ;
#561 = CARTESIAN_POINT ( 'NONE',  ( 32.23119955116401769, -0.6335913640930939117, 4.366408635906906532 ) ) ;
#562 = CARTESIAN_POINT ( 'NONE',  ( 32.60263427936020264, -4.040089233413072911, 0.9599107665869262007 ) ) ;
#563 = TOROIDAL_SURFACE ( 'NONE', #1888, 1.000000000000000000, 3.999999999999999112 ) ;
#564 = VERTEX_POINT ( 'NONE', #5006 ) ;
#565 = CARTESIAN_POINT ( 'NONE',  ( 49.37500000000000000, -3.671958834454334575, 1.328041165545665647 ) ) ;
#566 = CIRCLE ( 'NONE', #6426, 3.904737509655565653 ) ;
#567 = ADVANCED_FACE ( 'NONE', ( #7035 ), #8439, .T. ) ;
#568 = CALENDAR_DATE ( 2026, 21, 2 ) ;
#569 = ORIENTED_EDGE ( 'NONE', *, *, #8253, .T. ) ;
#570 = CARTESIAN_POINT ( 'NONE',  ( 33.52374954628649562, -0.6401341107417608534, -4.359865889258239591 ) ) ;
#571 = ADVANCED_FACE ( 'NONE', ( #4233 ), #4499, .T. ) ;
#572 = VERTEX_POINT ( 'NONE', #2135 ) ;
#573 = CARTESIAN_POINT ( 'NONE',  ( 43.23119955116401769, -0.6335913640930923574, -4.366408635906908309 ) ) ;
#574 = CARTESIAN_POINT ( 'NONE',  ( 6.351573762769646692, -0.4321793203680420192, 4.567820679631958036 ) ) ;
#575 = EDGE_CURVE ( 'NONE', #1572, #1772, #7572, .T. ) ;
#576 = CARTESIAN_POINT ( 'NONE',  ( 31.50000000000000000, 0.000000000000000000, 0.000000000000000000 ) ) ;
#577 = CARTESIAN_POINT ( 'NONE',  ( 91.77178058431636032, -0.1593231317801552527, -4.840676868219844664 ) ) ;
#578 = AXIS2_PLACEMENT_3D ( 'NONE', #1850, #6163, #3862 ) ;
#579 = DIRECTION ( 'NONE',  ( 0.000000000000000000, 0.000000000000000000, 1.000000000000000000 ) ) ;
#580 = CARTESIAN_POINT ( 'NONE',  ( 58.77046193742613411, -4.832344906983796484, 0.1676550930162032937 ) ) ;
#581 = CARTESIAN_POINT ( 'NONE',  ( 28.23827242307172725, -0.4974474678478659762, -4.502552532152131803 ) ) ;
#582 = CARTESIAN_POINT ( 'NONE',  ( 8.125000000000000000, 0.000000000000000000, 0.000000000000000000 ) ) ;
#583 = VERTEX_POINT ( 'NONE', #1483 ) ;
#584 = CYLINDRICAL_SURFACE ( 'NONE', #8387, 1.000000000000000000 ) ;
#585 = B_SPLINE_CURVE_WITH_KNOTS ( 'NONE', 3,
 ( #4089, #6067, #4592, #1292, #8111, #6697, #5972, #8842, #8753, #4769, #3272, #5283, #2585, #6160, #8893, #409 ),
 .UNSPECIFIED., .F., .F.,
 ( 4, 2, 2, 2, 2, 2, 2, 4 ),
 ( 4.818711198530449181E-07, 0.0008765200830205977650, 0.001314539188970971018, 0.001752558294921344054, 0.002190577400871717307, 0.002628596506822090343, 0.003066615612772463379, 0.003504634718722836849 ),
 .UNSPECIFIED. ) ;
#586 = AXIS2_PLACEMENT_3D ( 'NONE', #4885, #1448, #18 ) ;
#587 = CARTESIAN_POINT ( 'NONE',  ( 93.10263427936254743, -4.040089233410254721, -0.9599107665897453900 ) ) ;
#588 = ORIENTED_EDGE ( 'NONE', *, *, #1243, .T. ) ;
#589 = CARTESIAN_POINT ( 'NONE',  ( 76.87500000000000000, -3.671958834454324805, 1.328041165545675195 ) ) ;
#590 = AXIS2_PLACEMENT_3D ( 'NONE', #2345, #5960, #3709 ) ;
#591 = CARTESIAN_POINT ( 'NONE',  ( 90.03886551654429127, -0.04063066961492974721, 4.959369330385070995 ) ) ;
#592 = ORIENTED_EDGE ( 'NONE', *, *, #5251, .T. ) ;
#593 = CARTESIAN_POINT ( 'NONE',  ( 110.1487746503018172, -4.041784260362685011, -0.9582157396373149894 ) ) ;
#594 = DIRECTION ( 'NONE',  ( 0.000000000000000000, 0.000000000000000000, 1.000000000000000000 ) ) ;
#595 = DIRECTION ( 'NONE',  ( -1.000000000000000000, -0.000000000000000000, -0.000000000000000000 ) ) ;
#596 = B_SPLINE_CURVE_WITH_KNOTS ( 'NONE', 3,
 ( #758, #470, #7395, #5198, #377, #3146, #4562, #7990, #1776, #6083, #3924, #6715, #1033, #6631, #8176, #1817 ),
 .UNSPECIFIED., .F., .F.,
 ( 4, 2, 2, 2, 2, 2, 2, 4 ),
 ( 4.818711198681143754E-07, 0.0008765200830205597095, 0.001314539188970918543, 0.001752558294921277484, 0.002190577400871636642, 0.002628596506821994933, 0.003066615612772354092, 0.003504634718722713250 ),
 .UNSPECIFIED. ) ;
#597 = VECTOR ( 'NONE', #1119, 1000.000000000000000 ) ;
#598 = CARTESIAN_POINT ( 'NONE',  ( 19.12500000000000000, 0.000000000000000000, 0.000000000000000000 ) ) ;
#599 = EDGE_CURVE ( 'NONE', #2592, #4533, #5672, .T. ) ;
#600 = B_SPLINE_CURVE_WITH_KNOTS ( 'NONE', 3,
 ( #3686, #5103, #3136, #4359, #5049, #7886, #3640, #191, #7976, #3002, #5930, #7163, #5747, #3049, #1623, #5794 ),
 .UNSPECIFIED., .F., .F.,
 ( 4, 2, 2, 2, 2, 2, 2, 4 ),
 ( 4.818711198696414699E-07, 0.0008765200830274564280, 0.001314539188981249688, 0.001752558294935043165, 0.002190577400888836426, 0.002628596506842629469, 0.003066615612796422946, 0.003504634718750216423 ),
 .UNSPECIFIED. ) ;
#601 = DIRECTION ( 'NONE',  ( 0.000000000000000000, 0.000000000000000000, -1.000000000000000000 ) ) ;
#602 = VERTEX_POINT ( 'NONE', #1436 ) ;
#603 = DIRECTION ( 'NONE',  ( 0.000000000000000000, 0.000000000000000000, 1.000000000000000000 ) ) ;
#604 = CARTESIAN_POINT ( 'NONE',  ( 11.51880044884222976, -4.366408635911676939, -0.6335913640883241715 ) ) ;
#605 = B_SPLINE_CURVE_WITH_KNOTS ( 'NONE', 3,
 ( #3396, #533, #3475, #8923, #8318, #2016, #8188, #6769, #1322, #671, #5493, #4663 ),
 .UNSPECIFIED., .F., .F.,
 ( 4, 2, 2, 2, 2, 4 ),
 ( 0.003504634718750183030, 0.003941423334025069211, 0.004378211949299955393, 0.005251789179849728623, 0.006125366410399502720, 0.006998943640949275950 ),
 .UNSPECIFIED. ) ;
#606 = CARTESIAN_POINT ( 'NONE',  ( 13.62500000002789236, -5.000000000000000888, -4.336808689942017736E-16 ) ) ;
#607 = ADVANCED_FACE ( 'NONE', ( #2735 ), #6844, .T. ) ;
#608 = DIRECTION ( 'NONE',  ( -1.000000000000000000, -0.000000000000000000, -0.000000000000000000 ) ) ;
#609 = ORIENTED_EDGE ( 'NONE', *, *, #6838, .F. ) ;
#610 = ORIENTED_EDGE ( 'NONE', *, *, #7307, .T. ) ;
#611 = CARTESIAN_POINT ( 'NONE',  ( 45.25000000000000000, 0.000000000000000000, 1.000000000000000000 ) ) ;
#612 = CIRCLE ( 'NONE', #2228, 4.000000000000001776 ) ;
#613 = LINE ( 'NONE', #741, #5660 ) ;
#614 = ORIENTED_EDGE ( 'NONE', *, *, #8969, .F. ) ;
#615 = CARTESIAN_POINT ( 'NONE',  ( 115.2539988371174644, -1.137203174285756901, -3.862796825714243543 ) ) ;
#616 = COORDINATED_UNIVERSAL_TIME_OFFSET ( 3, 30, .AHEAD. ) ;
#617 = ORIENTED_EDGE ( 'NONE', *, *, #5915, .T. ) ;
#618 = DIRECTION ( 'NONE',  ( 0.000000000000000000, 0.000000000000000000, 1.000000000000000000 ) ) ;
#619 = B_SPLINE_CURVE_WITH_KNOTS ( 'NONE', 3,
 ( #7342, #3865, #1157, #367, #4002, #5982, #2503, #1807, #7386, #1108, #7432, #4640 ),
 .UNSPECIFIED., .F., .F.,
 ( 4, 2, 2, 2, 2, 4 ),
 ( 0.003504634718722713684, 0.003941423334001034617, 0.004378211949279355551, 0.005251789179835996552, 0.006125366410392638419, 0.006998943640949279420 ),
 .UNSPECIFIED. ) ;
#620 = CARTESIAN_POINT ( 'NONE',  ( 26.03423771780840212, -4.739198801696341334, 0.2608011983036607195 ) ) ;
#621 = CIRCLE ( 'NONE', #1176, 3.904737509655568761 ) ;
#622 = CARTESIAN_POINT ( 'NONE',  ( 40.97774279211274973, -1.005512811685583088E-14, -4.999999999999989342 ) ) ;
#623 = CARTESIAN_POINT ( 'NONE',  ( 96.12499999999998579, 1.224646799147353207E-16, -1.000000000000000000 ) ) ;
#624 = CARTESIAN_POINT ( 'NONE',  ( 52.42125362938286770, -4.991698401479166769, 0.008301598520832341108 ) ) ;
#625 = CARTESIAN_POINT ( 'NONE',  ( 58.21113448347799135, -4.959369330381701246, 0.04063066961829941287 ) ) ;
#626 = AXIS2_PLACEMENT_3D ( 'NONE', #7376, #1196, #8154 ) ;
#627 = CARTESIAN_POINT ( 'NONE',  ( 29.39665234915599612, -0.06459124882791882072, -4.935408751172081665 ) ) ;
#628 = CARTESIAN_POINT ( 'NONE',  ( 85.12500000000000000, 0.000000000000000000, 0.000000000000000000 ) ) ;
#629 = ORIENTED_EDGE ( 'NONE', *, *, #8884, .F. ) ;
#630 = DIRECTION ( 'NONE',  ( -1.000000000000000000, -0.000000000000000000, -0.000000000000000000 ) ) ;
#631 = CARTESIAN_POINT ( 'NONE',  ( 93.25378377920364414, -3.863136006093112140, -1.136863993906888304 ) ) ;
#632 = ORIENTED_EDGE ( 'NONE', *, *, #5040, .F. ) ;
#633 = FACE_OUTER_BOUND ( 'NONE', #8651, .T. ) ;
#634 = VECTOR ( 'NONE', #3287, 1000.000000000000000 ) ;
#635 = CARTESIAN_POINT ( 'NONE',  ( 0.000000000000000000, 0.000000000000000000, 0.000000000000000000 ) ) ;
#636 = ORIENTED_EDGE ( 'NONE', *, *, #5136, .F. ) ;
#637 = CARTESIAN_POINT ( 'NONE',  ( 38.37499999999999289, -1.328041165545660540, -3.671958834454339460 ) ) ;
#638 = CARTESIAN_POINT ( 'NONE',  ( 115.3749999999999858, -3.671958834454344345, 1.328041165545655877 ) ) ;
#639 = CARTESIAN_POINT ( 'NONE',  ( 114.0342377178084234, -4.739198801696318242, -0.2608011983036805370 ) ) ;
#640 = CARTESIAN_POINT ( 'NONE',  ( 30.12499999999979039, 2.863123587767663280E-13, 5.000000000000285993 ) ) ;
#641 = EDGE_CURVE ( 'NONE', #564, #672, #2714, .T. ) ;
#642 = TOROIDAL_SURFACE ( 'NONE', #4744, 1.000000000000000000, 3.999999999999996447 ) ;
#643 = CARTESIAN_POINT ( 'NONE',  ( 5.647365720639773379, -0.9599107665869532902, -4.040089233413048042 ) ) ;
#644 = DIRECTION ( 'NONE',  ( -1.000000000000000000, -0.000000000000000000, -0.000000000000000000 ) ) ;
#645 = EDGE_CURVE ( 'NONE', #4196, #5981, #6407, .T. ) ;
#646 = CARTESIAN_POINT ( 'NONE',  ( 42.53423771780835239, -4.739198801696360874, -0.2608011983036389037 ) ) ;
#647 = CARTESIAN_POINT ( 'NONE',  ( 68.03886551654427706, -0.04063066961492940027, -4.959369330385070995 ) ) ;
#648 = ORIENTED_EDGE ( 'NONE', *, *, #5212, .F. ) ;
#649 = ORIENTED_EDGE ( 'NONE', *, *, #8103, .T. ) ;
#650 = CARTESIAN_POINT ( 'NONE',  ( 3.101686143148198571, -0.03157968873786753949, 4.968420311262133460 ) ) ;
#651 = ADVANCED_FACE ( 'NONE', ( #5569 ), #7706, .T. ) ;
#652 = CARTESIAN_POINT ( 'NONE',  ( 46.62500000000000000, 0.000000000000000000, 0.000000000000000000 ) ) ;
#653 = EDGE_CURVE ( 'NONE', #5856, #3916, #1287, .T. ) ;
#654 = ADVANCED_FACE ( 'NONE', ( #3506 ), #100, .F. ) ;
#655 = ORIENTED_EDGE ( 'NONE', *, *, #805, .T. ) ;
#656 = FACE_OUTER_BOUND ( 'NONE', #2012, .T. ) ;
#657 = TOROIDAL_SURFACE ( 'NONE', #2426, 1.000000000000000000, 4.000000000000001776 ) ;
#658 = COORDINATED_UNIVERSAL_TIME_OFFSET ( 3, 30, .AHEAD. ) ;
#659 = VERTEX_POINT ( 'NONE', #323 ) ;
#660 = CARTESIAN_POINT ( 'NONE',  ( 45.25000000000000000, 0.000000000000000000, 0.000000000000000000 ) ) ;
#661 = CARTESIAN_POINT ( 'NONE',  ( 54.99600116288350193, -3.862796825715729021, 1.137203174284271867 ) ) ;
#662 = CARTESIAN_POINT ( 'NONE',  ( 123.0355415424376133, -0.03305267957215545643, 4.966947320427846257 ) ) ;
#663 = DIRECTION ( 'NONE',  ( 0.000000000000000000, -1.000000000000000000, 0.000000000000000000 ) ) ;
#664 = CARTESIAN_POINT ( 'NONE',  ( 52.12500000002778933, -5.000000000000000888, -4.336808689942017736E-16 ) ) ;
#665 = AXIS2_PLACEMENT_3D ( 'NONE', #6000, #2524, #8092 ) ;
#666 = CARTESIAN_POINT ( 'NONE',  ( 118.1249999999997726, 2.821161565220927584E-13, 5.000000000000282441 ) ) ;
#667 = CARTESIAN_POINT ( 'NONE',  ( 0.000000000000000000, 0.000000000000000000, 1.000000000000000000 ) ) ;
#668 = DIRECTION ( 'NONE',  ( -1.000000000000000000, -0.000000000000000000, -0.000000000000000000 ) ) ;
#669 = ORIENTED_EDGE ( 'NONE', *, *, #1026, .T. ) ;
#670 = CARTESIAN_POINT ( 'NONE',  ( 0.000000000000000000, 0.000000000000000000, -5.000000000000000000 ) ) ;
#671 = CARTESIAN_POINT ( 'NONE',  ( 120.6012253497006554, -0.9582157396402026794, 4.041784260359796654 ) ) ;
#672 = VERTEX_POINT ( 'NONE', #7980 ) ;
#673 = AXIS2_PLACEMENT_3D ( 'NONE', #1316, #4238, #7670 ) ;
#674 = CARTESIAN_POINT ( 'NONE',  ( 97.49999999999998579, 1.224646799147353207E-16, -1.000000000000000000 ) ) ;
#675 = CARTESIAN_POINT ( 'NONE',  ( 79.62500000002799538, -5.000000000000000888, -4.336808689942017736E-16 ) ) ;
#676 = ORIENTED_EDGE ( 'NONE', *, *, #1781, .F. ) ;
#677 = CARTESIAN_POINT ( 'NONE',  ( 65.87499999999998579, -3.671958834454331466, -1.328041165545668756 ) ) ;
#678 = CIRCLE ( 'NONE', #1409, 3.904737509655562544 ) ;
#679 = FACE_OUTER_BOUND ( 'NONE', #8954, .T. ) ;
#680 = CARTESIAN_POINT ( 'NONE',  ( 112.6250000000279954, -5.000000000000000888, -4.336808689942017736E-16 ) ) ;
#681 = TOROIDAL_SURFACE ( 'NONE', #1708, 1.000000000000000000, 1.374999999999999556 ) ;
#682 = CARTESIAN_POINT ( 'NONE',  ( 31.27046193740903135, -4.832344906989146871, -0.1676550930108542392 ) ) ;
#683 = EDGE_CURVE ( 'NONE', #4402, #3979, #7462, .T. ) ;
#684 = ORIENTED_EDGE ( 'NONE', *, *, #6955, .T. ) ;
#685 = DIRECTION ( 'NONE',  ( 0.000000000000000000, -1.224646799147353207E-16, 1.000000000000000000 ) ) ;
#686 = TOROIDAL_SURFACE ( 'NONE', #820, 1.000000000000000000, 3.999999999999999112 ) ;
#687 = DIRECTION ( 'NONE',  ( 0.000000000000000000, 0.000000000000000000, 1.000000000000000000 ) ) ;
#688 = CARTESIAN_POINT ( 'NONE',  ( 119.1324020305583957, -4.872131520497874568, 0.1278684795021269582 ) ) ;
#689 = CARTESIAN_POINT ( 'NONE',  ( 15.15967868777050498, -4.686141179195682405, 0.3138588208043178729 ) ) ;
#690 = AXIS2_PLACEMENT_3D ( 'NONE', #4875, #663, #4148 ) ;
#691 = CARTESIAN_POINT ( 'NONE',  ( 74.70631021352423318, -0.03993437491703781539, -4.960065625082960672 ) ) ;
#692 = B_SPLINE_CURVE_WITH_KNOTS ( 'NONE', 3,
 ( #1848, #7472, #2682, #1201, #3178, #4728, #7513, #3996, #6786, #3226, #6888, #7425 ),
 .UNSPECIFIED., .F., .F.,
 ( 4, 2, 2, 2, 2, 4 ),
 ( 0.003504634718750216857, 0.003941423334025103906, 0.004378211949299990087, 0.005251789179849764184, 0.006125366410399537415, 0.006998943640949311512 ),
 .UNSPECIFIED. ) ;
#693 = ORIENTED_EDGE ( 'NONE', *, *, #8931, .F. ) ;
#694 = ORIENTED_EDGE ( 'NONE', *, *, #4105, .T. ) ;
#695 = TOROIDAL_SURFACE ( 'NONE', #7130, 1.000000000000000000, 1.375000000000001332 ) ;
#696 = DIRECTION ( 'NONE',  ( -1.000000000000000000, -0.000000000000000000, -0.000000000000000000 ) ) ;
#697 = CARTESIAN_POINT ( 'NONE',  ( 63.71113448347813346, -4.959369330381671936, -0.04063066961832764723 ) ) ;
#698 = EDGE_CURVE ( 'NONE', #3716, #1772, #976, .T. ) ;
#699 = CARTESIAN_POINT ( 'NONE',  ( 61.71616362764445540, -4.748219996440592894, -0.2517800035594073838 ) ) ;
#700 = APPROVAL_STATUS ( 'not_yet_approved' ) ;
#701 = VERTEX_POINT ( 'NONE', #5751 ) ;
#702 = CARTESIAN_POINT ( 'NONE',  ( 104.3750000000000000, -3.671958834454324805, -1.328041165545675195 ) ) ;
#703 = APPROVAL ( #6536, 'UNSPECIFIED' ) ;
#704 = CIRCLE ( 'NONE', #8609, 4.000000000000001776 ) ;
#705 = DIRECTION ( 'NONE',  ( 0.000000000000000000, 0.000000000000000000, -1.000000000000000000 ) ) ;
#706 = CARTESIAN_POINT ( 'NONE',  ( 122.2153642080977534, -0.2609614760798325550, 4.739038523920167556 ) ) ;
#707 = CARTESIAN_POINT ( 'NONE',  ( 52.12499999999978684, 2.834739505433365550E-13, 5.000000000000283329 ) ) ;
#708 = AXIS2_PLACEMENT_3D ( 'NONE', #5860, #7853, #5813 ) ;
#710 = CARTESIAN_POINT ( 'NONE',  ( 60.25378377920364414, -3.863136006093132568, 1.136863993906866321 ) ) ;
#709 = AXIS2_PLACEMENT_3D ( 'NONE', #8314, #6810, #6305 ) ;
#711 = DIRECTION ( 'NONE',  ( 0.000000000000000000, 0.000000000000000000, 1.000000000000000000 ) ) ;
#712 = EDGE_LOOP ( 'NONE', ( #5390, #2208, #8903, #694 ) ) ;
#713 = CARTESIAN_POINT ( 'NONE',  ( 24.62500000000000000, 0.000000000000000000, 0.000000000000000000 ) ) ;
#714 = CARTESIAN_POINT ( 'NONE',  ( 122.4790520940311467, -0.1678070597022680022, -4.832192940297733053 ) ) ;
#715 = ORIENTED_EDGE ( 'NONE', *, *, #8679, .T. ) ;
#717 = DIRECTION ( 'NONE',  ( 0.000000000000000000, 0.000000000000000000, 1.000000000000000000 ) ) ;
#716 = VECTOR ( 'NONE', #6010, 1000.000000000000000 ) ;
#718 = DIRECTION ( 'NONE',  ( 0.000000000000000000, 0.000000000000000000, 1.000000000000000000 ) ) ;
#719 = ORIENTED_EDGE ( 'NONE', *, *, #5426, .F. ) ;
#720 = B_SPLINE_CURVE_WITH_KNOTS ( 'NONE', 3,
 ( #4309, #825, #1618, #3633, #186, #3093, #2309, #2995, #5789, #2952, #8567, #4403 ),
 .UNSPECIFIED., .F., .F.,
 ( 4, 2, 2, 2, 2, 4 ),
 ( 0.003504634718750201244, 0.003941423334025084824, 0.004378211949299969270, 0.005251789179849741633, 0.006125366410399513996, 0.006998943640949286359 ),
 .UNSPECIFIED. ) ;
#721 = CARTESIAN_POINT ( 'NONE',  ( 59.03423771780835239, -4.739198801696361762, -0.2608011983036391257 ) ) ;
#722 = CARTESIAN_POINT ( 'NONE',  ( 67.89940186600669847, -4.935956332723948847, -0.06404366727605143028 ) ) ;
#723 = CARTESIAN_POINT ( 'NONE',  ( 116.9782194157003659, -4.840676868225229690, 0.1593231317747706433 ) ) ;
#724 = CARTESIAN_POINT ( 'NONE',  ( 63.12499999999998579, 0.000000000000000000, 0.000000000000000000 ) ) ;
#725 = AXIS2_PLACEMENT_3D ( 'NONE', #8382, #1468, #6238 ) ;
#726 = LINE ( 'NONE', #71, #8979 ) ;
#727 = EDGE_LOOP ( 'NONE', ( #2098, #141, #8953 ) ) ;
#728 = AXIS2_PLACEMENT_3D ( 'NONE', #8711, #5238, #3139 ) ;
#729 = DIRECTION ( 'NONE',  ( -1.000000000000000000, -0.000000000000000000, -0.000000000000000000 ) ) ;
#730 = DIRECTION ( 'NONE',  ( 0.000000000000000000, -1.224646799147353207E-16, 1.000000000000000000 ) ) ;
#731 = DIRECTION ( 'NONE',  ( -1.000000000000000000, -0.000000000000000000, -0.000000000000000000 ) ) ;
#732 = AXIS2_PLACEMENT_3D ( 'NONE', #8060, #5828, #2431 ) ;
#733 = EDGE_CURVE ( 'NONE', #4823, #4048, #6415, .T. ) ;
#734 = CARTESIAN_POINT ( 'NONE',  ( 42.65967868777045879, -4.686141179195703721, -0.3138588208042960015 ) ) ;
#735 = CARTESIAN_POINT ( 'NONE',  ( 68.47774279211276394, -1.202151510390664179E-14, -4.999999999999988454 ) ) ;
#736 = ORIENTED_EDGE ( 'NONE', *, *, #5683, .F. ) ;
#737 = CARTESIAN_POINT ( 'NONE',  ( 71.25378377920365836, -3.863136006093112584, 1.136863993906888082 ) ) ;
#738 = ORIENTED_EDGE ( 'NONE', *, *, #8568, .T. ) ;
#739 = ORIENTED_EDGE ( 'NONE', *, *, #3041, .T. ) ;
#740 = CARTESIAN_POINT ( 'NONE',  ( 0.000000000000000000, 0.000000000000000000, 5.000000000000000000 ) ) ;
#741 = CARTESIAN_POINT ( 'NONE',  ( 0.000000000000000000, 0.000000000000000000, 1.000000000000000000 ) ) ;
#742 = CARTESIAN_POINT ( 'NONE',  ( 6.018800448842219986, -4.366408635911668945, 0.6335913640883306108 ) ) ;
#743 = VERTEX_POINT ( 'NONE', #5107 ) ;
#744 = ADVANCED_FACE ( 'NONE', ( #3643 ), #3087, .T. ) ;
#745 = FACE_OUTER_BOUND ( 'NONE', #5295, .T. ) ;
#746 = CARTESIAN_POINT ( 'NONE',  ( 26.72625045371992769, -4.359865889253486948, 0.6401341107465119418 ) ) ;
#747 = CARTESIAN_POINT ( 'NONE',  ( 107.1250000000000000, 0.000000000000000000, 1.000000000000000000 ) ) ;
#748 = CARTESIAN_POINT ( 'NONE',  ( 9.132402030558305128, -4.872131520497905655, 0.1278684795020972598 ) ) ;
#749 = EDGE_CURVE ( 'NONE', #5784, #8554, #2789, .T. ) ;
#750 = DIRECTION ( 'NONE',  ( 0.000000000000000000, 0.000000000000000000, 1.000000000000000000 ) ) ;
#751 = CARTESIAN_POINT ( 'NONE',  ( 29.82874637064226775, -0.008301598518914191441, -4.991698401481084346 ) ) ;
#752 = ADVANCED_FACE ( 'NONE', ( #2363 ), #1610, .T. ) ;
#753 = DIRECTION ( 'NONE',  ( 0.000000000000000000, 0.000000000000000000, 1.000000000000000000 ) ) ;
#754 = ORIENTED_EDGE ( 'NONE', *, *, #5635, .T. ) ;
#755 = CARTESIAN_POINT ( 'NONE',  ( 102.2111344834781335, -4.959369330381671048, -0.04063066961832864643 ) ) ;
#756 = CARTESIAN_POINT ( 'NONE',  ( 89.89940186600668426, -4.935956332723949735, 0.06404366727605166620 ) ) ;
#757 = VERTEX_POINT ( 'NONE', #151 ) ;
#758 = CARTESIAN_POINT ( 'NONE',  ( 76.87500000000000000, -3.671958834454324805, 1.328041165545675195 ) ) ;
#759 = CARTESIAN_POINT ( 'NONE',  ( 24.62500000002790301, -5.000000000000000888, -4.336808689942017736E-16 ) ) ;
#760 = DIRECTION ( 'NONE',  ( 0.000000000000000000, 0.000000000000000000, 1.000000000000000000 ) ) ;
#761 = CARTESIAN_POINT ( 'NONE',  ( 107.1249999999997868, 2.819526785428872190E-13, 5.000000000000282441 ) ) ;
#763 = CARTESIAN_POINT ( 'NONE',  ( 87.60122534970065544, -0.9582157396401873584, 4.041784260359812642 ) ) ;
#762 = CARTESIAN_POINT ( 'NONE',  ( 10.99621622079729555, -1.136863993905376624, -3.863136006094623376 ) ) ;
#764 = EDGE_CURVE ( 'NONE', #918, #4415, #5563, .T. ) ;
#765 = CARTESIAN_POINT ( 'NONE',  ( 113.7704619374262478, -4.832344906983755628, 0.1676550930162439002 ) ) ;
#766 = EDGE_CURVE ( 'NONE', #771, #4823, #4686, .T. ) ;
#767 = EDGE_CURVE ( 'NONE', #975, #7330, #3955, .T. ) ;
#768 = DIRECTION ( 'NONE',  ( -0.000000000000000000, 1.000000000000000000, 1.224646799147353207E-16 ) ) ;
#769 = DIRECTION ( 'NONE',  ( -0.000000000000000000, 1.000000000000000000, 1.224646799147353207E-16 ) ) ;
#770 = TOROIDAL_SURFACE ( 'NONE', #1799, 1.000000000000000000, 4.000000000000001776 ) ;
#771 = VERTEX_POINT ( 'NONE', #6577 ) ;
#772 = CARTESIAN_POINT ( 'NONE',  ( 104.3750000000000000, 4.781924292710292592E-16, -3.904737509655557659 ) ) ;
#773 = CARTESIAN_POINT ( 'NONE',  ( 38.37499999999999289, -3.671958834454339460, 1.328041165545660540 ) ) ;
#774 = DIRECTION ( 'NONE',  ( -1.000000000000000000, -0.000000000000000000, -0.000000000000000000 ) ) ;
#775 = CARTESIAN_POINT ( 'NONE',  ( 41.42125362938286059, -4.991698401479167657, -0.008301598520832410497 ) ) ;
#776 = EDGE_CURVE ( 'NONE', #2937, #3295, #8630, .T. ) ;
#777 = CARTESIAN_POINT ( 'NONE',  ( 76.75399883711746440, -1.137203174285774887, -3.862796825714226667 ) ) ;
#778 = ORIENTED_EDGE ( 'NONE', *, *, #8259, .T. ) ;
#779 = CARTESIAN_POINT ( 'NONE',  ( 68.77225720791400931, -4.999999999998967048, 1.033198930599532176E-12 ) ) ;
#780 = ORIENTED_EDGE ( 'NONE', *, *, #4696, .T. ) ;
#781 = VERTEX_POINT ( 'NONE', #8579 ) ;
#782 = DIRECTION ( 'NONE',  ( -1.000000000000000000, -0.000000000000000000, -0.000000000000000000 ) ) ;
#783 = AXIS2_PLACEMENT_3D ( 'NONE', #4253, #3665, #3569 ) ;
#784 = CARTESIAN_POINT ( 'NONE',  ( 32.60122534970068386, -0.9582157396401946858, -4.041784260359804648 ) ) ;
#785 = ORIENTED_EDGE ( 'NONE', *, *, #1839, .T. ) ;
#786 = CARTESIAN_POINT ( 'NONE',  ( 82.37499999999998579, 0.000000000000000000, 0.000000000000000000 ) ) ;
#787 = DIRECTION ( 'NONE',  ( 0.000000000000000000, 0.000000000000000000, 1.000000000000000000 ) ) ;
#788 = CARTESIAN_POINT ( 'NONE',  ( 93.64736572063975473, -0.9599107665869607287, -4.040089233413039160 ) ) ;
#789 = CARTESIAN_POINT ( 'NONE',  ( 123.6249999999999858, 0.000000000000000000, 0.000000000000000000 ) ) ;
#790 = CARTESIAN_POINT ( 'NONE',  ( 87.22625045371992769, -4.359865889253476290, 0.6401341107465227109 ) ) ;
#791 = COORDINATED_UNIVERSAL_TIME_OFFSET ( 3, 30, .AHEAD. ) ;
#792 = ORIENTED_EDGE ( 'NONE', *, *, #185, .F. ) ;
#793 = CARTESIAN_POINT ( 'NONE',  ( 104.2537837792036157, -3.863136006093112140, -1.136863993906888304 ) ) ;
#794 = CARTESIAN_POINT ( 'NONE',  ( 123.6249999999999858, 0.000000000000000000, -5.000000000000000000 ) ) ;
#795 = EDGE_CURVE ( 'NONE', #3145, #119, #1913, .T. ) ;
#796 = ORIENTED_EDGE ( 'NONE', *, *, #6331, .T. ) ;
#797 = CIRCLE ( 'NONE', #5038, 1.000000000000000000 ) ;
#798 = CARTESIAN_POINT ( 'NONE',  ( 88.73827242307173435, -0.4974474678478646439, -4.502552532152135356 ) ) ;
#799 = CARTESIAN_POINT ( 'NONE',  ( 92.03383637236983361, -0.2517800035653064428, 4.748219996434693613 ) ) ;
#800 = CARTESIAN_POINT ( 'NONE',  ( 84.39940186600671268, -4.935956332723948847, -0.06404366727605215193 ) ) ;
#801 = CYLINDRICAL_SURFACE ( 'NONE', #7171, 1.000000000000000000 ) ;
#803 = CARTESIAN_POINT ( 'NONE',  ( 56.24999999999999289, 0.000000000000000000, 0.000000000000000000 ) ) ;
#802 = CARTESIAN_POINT ( 'NONE',  ( 0.000000000000000000, 1.224646799147353207E-16, -1.000000000000000000 ) ) ;
#804 = ORIENTED_EDGE ( 'NONE', *, *, #450, .F. ) ;
#805 = EDGE_CURVE ( 'NONE', #5003, #4264, #8334, .T. ) ;
#806 = CARTESIAN_POINT ( 'NONE',  ( 98.01172757693696269, -4.502552532146813391, 0.4974474678531853877 ) ) ;
#807 = LINE ( 'NONE', #7473, #7684 ) ;
#808 = ORIENTED_EDGE ( 'NONE', *, *, #3641, .F. ) ;
#809 = CARTESIAN_POINT ( 'NONE',  ( 10.87500000000000000, 0.000000000000000000, 3.904737509655564320 ) ) ;
#810 = AXIS2_PLACEMENT_3D ( 'NONE', #5400, #4571, #6766 ) ;
#811 = ORIENTED_EDGE ( 'NONE', *, *, #5817, .F. ) ;
#812 = EDGE_CURVE ( 'NONE', #8240, #7460, #1945, .T. ) ;
#813 = CARTESIAN_POINT ( 'NONE',  ( 122.2499999999999858, 1.224646799147353207E-16, -1.000000000000000000 ) ) ;
#814 = CARTESIAN_POINT ( 'NONE',  ( 7.828746370642276631, -0.008301598518915717997, -4.991698401481085234 ) ) ;
#815 = CARTESIAN_POINT ( 'NONE',  ( 39.23123519307647200, -4.508466212583657651, 0.4915337874163441811 ) ) ;
#816 = DIRECTION ( 'NONE',  ( 0.000000000000000000, 0.000000000000000000, 1.000000000000000000 ) ) ;
#817 = TOROIDAL_SURFACE ( 'NONE', #3457, 1.000000000000000000, 3.999999999999996447 ) ;
#818 = DIRECTION ( 'NONE',  ( 0.000000000000000000, 0.000000000000000000, 1.000000000000000000 ) ) ;
#819 = CARTESIAN_POINT ( 'NONE',  ( 110.7382724230717344, -0.4974474678478693068, -4.502552532152130027 ) ) ;
#820 = AXIS2_PLACEMENT_3D ( 'NONE', #4636, #7295, #5232 ) ;
#821 = EDGE_LOOP ( 'NONE', ( #1533, #2581, #7257 ) ) ;
#822 = CARTESIAN_POINT ( 'NONE',  ( 69.63240203055840993, -4.872131520497874568, 0.1278684795021269582 ) ) ;
#823 = ORIENTED_EDGE ( 'NONE', *, *, #8295, .F. ) ;
#824 = ORIENTED_EDGE ( 'NONE', *, *, #6304, .F. ) ;
#825 = CARTESIAN_POINT ( 'NONE',  ( 13.77184353044838261, 9.457652251686294068E-15, 5.000000000000008882 ) ) ;
#826 = CARTESIAN_POINT ( 'NONE',  ( 79.62500000002799538, -5.000000000000000888, -4.336808689942017736E-16 ) ) ;
#827 = DIRECTION ( 'NONE',  ( 0.000000000000000000, 0.000000000000000000, 1.000000000000000000 ) ) ;
#828 = TOROIDAL_SURFACE ( 'NONE', #541, 1.000000000000000000, 1.374999999999999556 ) ;
#829 = CARTESIAN_POINT ( 'NONE',  ( 14.20631021352427936, -0.03993437491703474146, -4.960065625082964225 ) ) ;
#830 = PERSON ( 'NAUO-PER1', 'UNSPECIFIED', 'UNSPECIFIED', ('UNSPECIFIED'), ('UNSPECIFIED'), ('UNSPECIFIED') ) ;
#831 = EDGE_LOOP ( 'NONE', ( #5822, #7306, #6289 ) ) ;
#832 = CARTESIAN_POINT ( 'NONE',  ( 18.39665234915597836, -0.06459124882792140199, -4.935408751172079000 ) ) ;
#833 = B_SPLINE_CURVE_WITH_KNOTS ( 'NONE', 3,
 ( #2162, #5631, #1552, #4255, #4300, #2115, #4344, #5780, #2940, #4940, #8379, #4898 ),
 .UNSPECIFIED., .F., .F.,
 ( 4, 2, 2, 2, 2, 4 ),
 ( 0.003504634718750250684, 0.003941423334025133396, 0.004378211949300016975, 0.005251789179849782399, 0.006125366410399547823, 0.006998943640949313247 ),
 .UNSPECIFIED. ) ;
#834 = CIRCLE ( 'NONE', #6404, 1.374999999999994227 ) ;
#835 = CARTESIAN_POINT ( 'NONE',  ( 38.10122534970068386, -0.9582157396401898009, -4.041784260359809977 ) ) ;
#836 = AXIS2_PLACEMENT_3D ( 'NONE', #6987, #7665, #705 ) ;
#837 = PRODUCT_DEFINITION_FORMATION_WITH_SPECIFIED_SOURCE ( 'ANY', '', #1089, .NOT_KNOWN. ) ;
#838 = DIRECTION ( 'NONE',  ( 0.000000000000000000, -1.224646799147353207E-16, 1.000000000000000000 ) ) ;
#839 = CARTESIAN_POINT ( 'NONE',  ( 8.125000000000000000, 0.000000000000000000, 0.000000000000000000 ) ) ;
#840 = ADVANCED_FACE ( 'NONE', ( #6074 ), #5123, .T. ) ;
#841 = CARTESIAN_POINT ( 'NONE',  ( 118.1249999999999858, 1.224646799147353207E-16, -1.000000000000000000 ) ) ;
#842 = ADVANCED_FACE ( 'NONE', ( #6841 ), #1171, .T. ) ;
#843 = DIRECTION ( 'NONE',  ( 0.000000000000000000, 0.000000000000000000, 1.000000000000000000 ) ) ;
#844 = ORIENTED_EDGE ( 'NONE', *, *, #3041, .F. ) ;
#845 = DIRECTION ( 'NONE',  ( -1.000000000000000000, -0.000000000000000000, -0.000000000000000000 ) ) ;
#846 = DIRECTION ( 'NONE',  ( -1.000000000000000000, -0.000000000000000000, -0.000000000000000000 ) ) ;
#847 = AXIS2_PLACEMENT_3D ( 'NONE', #747, #7707, #4190 ) ;
#848 = ORIENTED_EDGE ( 'NONE', *, *, #5536, .F. ) ;
#849 = ADVANCED_FACE ( 'NONE', ( #2593 ), #3251, .F. ) ;
#850 = CARTESIAN_POINT ( 'NONE',  ( 0.000000000000000000, 0.000000000000000000, 1.000000000000000000 ) ) ;
#851 = CARTESIAN_POINT ( 'NONE',  ( 21.87500000000000000, -3.671958834454334575, -1.328041165545665425 ) ) ;
#852 = CARTESIAN_POINT ( 'NONE',  ( 83.01880044884225640, -4.366408635911691150, -0.6335913640883091835 ) ) ;
#853 = AXIS2_PLACEMENT_3D ( 'NONE', #1400, #5615, #5661 ) ;
#854 = CARTESIAN_POINT ( 'NONE',  ( 16.64877465030177817, -4.041784260362671688, 0.9582157396373283120 ) ) ;
#856 = DIRECTION ( 'NONE',  ( -1.000000000000000000, -0.000000000000000000, -0.000000000000000000 ) ) ;
#855 = CARTESIAN_POINT ( 'NONE',  ( 11.73827242307173258, -0.4974474678478683631, -4.502552532152132692 ) ) ;
#857 = ORIENTED_EDGE ( 'NONE', *, *, #5880, .T. ) ;
#858 = CARTESIAN_POINT ( 'NONE',  ( 37.03423771780833818, -4.739198801696360874, -0.2608011983036389037 ) ) ;
#859 = CARTESIAN_POINT ( 'NONE',  ( 2.500000000000002220, -5.000000000000000888, -4.336808689942017736E-16 ) ) ;
#860 = ORIENTED_EDGE ( 'NONE', *, *, #5136, .T. ) ;
#861 = CARTESIAN_POINT ( 'NONE',  ( 49.10263427936256875, -4.040089233410285807, -0.9599107665897127495 ) ) ;
#862 = CIRCLE ( 'NONE', #3645, 3.904737509655557215 ) ;
#863 = ORIENTED_EDGE ( 'NONE', *, *, #812, .T. ) ;
#864 = ADVANCED_FACE ( 'NONE', ( #4734 ), #4404, .T. ) ;
#865 = CARTESIAN_POINT ( 'NONE',  ( 46.77184353044837195, 1.096134749129949074E-14, 5.000000000000012434 ) ) ;
#866 = CARTESIAN_POINT ( 'NONE',  ( 68.92125362938304534, -4.991698401479152558, -0.008301598520847809637 ) ) ;
#867 = CARTESIAN_POINT ( 'NONE',  ( 113.9999999999999858, 1.224646799147353207E-16, -1.000000000000000000 ) ) ;
#868 = DIRECTION ( 'NONE',  ( 0.000000000000000000, 0.000000000000000000, 1.000000000000000000 ) ) ;
#869 = CIRCLE ( 'NONE', #1163, 1.374999999999994227 ) ;
#870 = CARTESIAN_POINT ( 'NONE',  ( 39.97821941570028059, -4.840676868225191498, -0.1593231317748086961 ) ) ;
#871 = EDGE_CURVE ( 'NONE', #3383, #16, #3681, .T. ) ;
#872 = CIRCLE ( 'NONE', #3657, 4.000000000000001776 ) ;
#873 = CARTESIAN_POINT ( 'NONE',  ( 24.62500000000000000, 0.000000000000000000, 0.000000000000000000 ) ) ;
#874 = ORIENTED_EDGE ( 'NONE', *, *, #1355, .F. ) ;
#875 = CIRCLE ( 'NONE', #6009, 4.320984698279439762 ) ;
#876 = CARTESIAN_POINT ( 'NONE',  ( 46.47815646957785418, -5.000000000001022293, -1.021846677403076640E-12 ) ) ;
#877 = ORIENTED_EDGE ( 'NONE', *, *, #75, .F. ) ;
#878 = VECTOR ( 'NONE', #3806, 1000.000000000000000 ) ;
#879 = VERTEX_POINT ( 'NONE', #8074 ) ;
#880 = CARTESIAN_POINT ( 'NONE',  ( 107.1250000000000000, 0.000000000000000000, 0.000000000000000000 ) ) ;
#881 = CARTESIAN_POINT ( 'NONE',  ( 90.77225720791396668, -4.999999999998967048, 1.033198930599532176E-12 ) ) ;
#882 = CARTESIAN_POINT ( 'NONE',  ( 48.72625045371991348, -4.359865889253507376, 0.6401341107464924018 ) ) ;
#883 = EDGE_CURVE ( 'NONE', #5598, #4254, #895, .T. ) ;
#884 = EDGE_CURVE ( 'NONE', #4845, #8852, #7915, .T. ) ;
#885 = CARTESIAN_POINT ( 'NONE',  ( 30.12499999999979039, 2.861759535918290366E-13, -5.000000000000285993 ) ) ;
#886 = EDGE_CURVE ( 'NONE', #5497, #8585, #7621, .T. ) ;
#887 = AXIS2_PLACEMENT_3D ( 'NONE', #3940, #7501, #8690 ) ;
#888 = VERTEX_POINT ( 'NONE', #8759 ) ;
#889 = CARTESIAN_POINT ( 'NONE',  ( 16.92277126958471456, -0.7176137099602841740, -4.282386290039714716 ) ) ;
#890 = CC_DESIGN_PERSON_AND_ORGANIZATION_ASSIGNMENT ( #4600, #1771, ( #4651 ) ) ;
#891 = ORIENTED_EDGE ( 'NONE', *, *, #2119, .T. ) ;
#892 = DIRECTION ( 'NONE',  ( 0.000000000000000000, 0.000000000000000000, 1.000000000000000000 ) ) ;
#893 = CARTESIAN_POINT ( 'NONE',  ( 71.37500000000000000, -1.328041165545675195, 3.671958834454324805 ) ) ;
#894 = CARTESIAN_POINT ( 'NONE',  ( 94.75000000000000000, 1.224646799147353207E-16, -1.000000000000000000 ) ) ;
#895 = CIRCLE ( 'NONE', #6316, 1.375000000000001332 ) ;
#896 = ORIENTED_EDGE ( 'NONE', *, *, #6787, .T. ) ;
#897 = DIRECTION ( 'NONE',  ( 0.000000000000000000, 0.000000000000000000, -1.000000000000000000 ) ) ;
#898 = CARTESIAN_POINT ( 'NONE',  ( 122.0899636717130363, -0.3140197199590910038, -4.685980280040910273 ) ) ;
#899 = VERTEX_POINT ( 'NONE', #8117 ) ;
#900 = CARTESIAN_POINT ( 'NONE',  ( 101.6250000000000000, 0.000000000000000000, 0.000000000000000000 ) ) ;
#901 = CARTESIAN_POINT ( 'NONE',  ( 0.000000000000000000, 0.000000000000000000, 1.000000000000000000 ) ) ;
#902 = CARTESIAN_POINT ( 'NONE',  ( 82.64877465030178882, -4.041784260362685011, -0.9582157396373149894 ) ) ;
#903 = CARTESIAN_POINT ( 'NONE',  ( 28.74999999999999645, 1.224646799147353207E-16, -1.000000000000000000 ) ) ;
#905 = CARTESIAN_POINT ( 'NONE',  ( 98.23119955116399638, -0.6335913640930986857, 4.366408635906902980 ) ) ;
#904 = CARTESIAN_POINT ( 'NONE',  ( 56.47953806259079101, -0.1676550930109045323, 4.832344906989095357 ) ) ;
#906 = CARTESIAN_POINT ( 'NONE',  ( 97.27046193742624780, -4.832344906983752075, 0.1676550930162465924 ) ) ;
#907 = CARTESIAN_POINT ( 'NONE',  ( 51.82874637064229972, -0.008301598518915940042, 4.991698401481083458 ) ) ;
#908 = EDGE_LOOP ( 'NONE', ( #2665, #6057, #891, #6840 ) ) ;
#909 = CARTESIAN_POINT ( 'NONE',  ( 99.85157376276963248, -0.4321793203680487916, 4.567820679631951819 ) ) ;
#910 = EDGE_LOOP ( 'NONE', ( #8212, #1488, #3107 ) ) ;
#911 = CARTESIAN_POINT ( 'NONE',  ( 49.25399883711745730, -1.137203174285768004, 3.862796825714232440 ) ) ;
#912 = CARTESIAN_POINT ( 'NONE',  ( 68.04368978649831945, -4.960065625086348184, 0.03993437491365267600 ) ) ;
#913 = CARTESIAN_POINT ( 'NONE',  ( 60.64736572063976894, -0.9599107665869499595, 4.040089233413049818 ) ) ;
#914 = FACE_OUTER_BOUND ( 'NONE', #6117, .T. ) ;
#915 = CARTESIAN_POINT ( 'NONE',  ( 104.3750000000000000, 0.000000000000000000, 3.904737509655557659 ) ) ;
#916 = CIRCLE ( 'NONE', #2095, 1.000000000000000000 ) ;
#917 = EDGE_CURVE ( 'NONE', #7325, #1248, #619, .T. ) ;
#918 = VERTEX_POINT ( 'NONE', #8806 ) ;
#919 = CARTESIAN_POINT ( 'NONE',  ( 104.4962162207972654, -1.136863993905388615, -3.863136006094610941 ) ) ;
#920 = ADVANCED_FACE ( 'NONE', ( #2546 ), #7475, .F. ) ;
#921 = B_SPLINE_CURVE_WITH_KNOTS ( 'NONE', 3,
 ( #2895, #2764, #3414, #4135, #3578, #2168, #3534, #7738, #6927, #4863, #5508, #2078, #5689, #4220, #7020, #1339 ),
 .UNSPECIFIED., .F., .F.,
 ( 4, 2, 2, 2, 2, 2, 2, 4 ),
 ( 4.818711198676053086E-07, 0.0008765200830274907972, 0.001314539188981314307, 0.001752558294935138358, 0.002190577400888962193, 0.002628596506842786028, 0.003066615612796610296, 0.003504634718750434131 ),
 .UNSPECIFIED. ) ;
#922 = ORIENTED_EDGE ( 'NONE', *, *, #1011, .T. ) ;
#923 = ORIENTED_EDGE ( 'NONE', *, *, #1809, .F. ) ;
#924 = CARTESIAN_POINT ( 'NONE',  ( 27.37500000000000000, -1.328041165545663649, -3.671958834454336351 ) ) ;
#925 = DIRECTION ( 'NONE',  ( 0.000000000000000000, 0.000000000000000000, 1.000000000000000000 ) ) ;
#926 = CARTESIAN_POINT ( 'NONE',  ( 15.73119955116402124, -0.6335913640930929125, -4.366408635906909197 ) ) ;
#927 = EDGE_LOOP ( 'NONE', ( #5935, #6895, #7897, #5353 ) ) ;
#928 = CARTESIAN_POINT ( 'NONE',  ( 17.59032131224201478, -0.3138588207986882095, -4.686141179201313456 ) ) ;
#929 = ADVANCED_FACE ( 'NONE', ( #1207 ), #7189, .T. ) ;
#930 = ORIENTED_EDGE ( 'NONE', *, *, #2163, .F. ) ;
#931 = CIRCLE ( 'NONE', #6069, 3.904737509655563876 ) ;
#932 = CARTESIAN_POINT ( 'NONE',  ( 30.12499999999979039, 2.863123587767663280E-13, 5.000000000000285993 ) ) ;
#933 = CARTESIAN_POINT ( 'NONE',  ( 64.49999999999998579, 0.000000000000000000, 1.000000000000000000 ) ) ;
#934 = ADVANCED_FACE ( 'NONE', ( #509 ), #447, .T. ) ;
#935 = B_SPLINE_CURVE_WITH_KNOTS ( 'NONE', 3,
 ( #6679, #4436, #7227, #388, #3075, #1045, #341, #952, #6002, #8650, #2382, #5170 ),
 .UNSPECIFIED., .F., .F.,
 ( 4, 2, 2, 2, 2, 4 ),
 ( 0.003504634718722713684, 0.003941423334001034617, 0.004378211949279355551, 0.005251789179835996552, 0.006125366410392638419, 0.006998943640949279420 ),
 .UNSPECIFIED. ) ;
#936 = CARTESIAN_POINT ( 'NONE',  ( 19.12500000000000000, 0.000000000000000000, 0.000000000000000000 ) ) ;
#937 = B_SPLINE_CURVE_WITH_KNOTS ( 'NONE', 3,
 ( #2210, #865, #5874, #5825, #1643, #8652, #2343, #6600, #172, #7867, #911, #126 ),
 .UNSPECIFIED., .F., .F.,
 ( 4, 2, 2, 2, 2, 4 ),
 ( 0.003504634718750195607, 0.003941423334025082222, 0.004378211949299969270, 0.005251789179849742500, 0.006125366410399516598, 0.006998943640949289828 ),
 .UNSPECIFIED. ) ;
#938 = DIRECTION ( 'NONE',  ( 5.541835563929090209E-17, 1.962615573354710022E-17, -1.000000000000000000 ) ) ;
#939 = ORIENTED_EDGE ( 'NONE', *, *, #8032, .T. ) ;
#940 = AXIS2_PLACEMENT_3D ( 'NONE', #3968, #5293, #8857 ) ;
#941 = CARTESIAN_POINT ( 'NONE',  ( 22.52374954628649917, -0.6401341107417616305, 4.359865889258239591 ) ) ;
#942 = ORIENTED_EDGE ( 'NONE', *, *, #1993, .F. ) ;
#943 = CARTESIAN_POINT ( 'NONE',  ( 41.12500000000000000, 0.000000000000000000, 0.000000000000000000 ) ) ;
#944 = CARTESIAN_POINT ( 'NONE',  ( 20.13240203055829625, -4.872131520497905655, -0.1278684795020950671 ) ) ;
#945 = CARTESIAN_POINT ( 'NONE',  ( 83.23123519307652884, -4.508466212583694066, -0.4915337874163073217 ) ) ;
#946 = CARTESIAN_POINT ( 'NONE',  ( 99.14877465030180304, -4.041784260362676129, -0.9582157396373237601 ) ) ;
#948 = DIRECTION ( 'NONE',  ( -1.000000000000000000, -0.000000000000000000, -0.000000000000000000 ) ) ;
#947 = CARTESIAN_POINT ( 'NONE',  ( 57.47774279211274262, -7.907476079092495572E-15, 4.999999999999992895 ) ) ;
#949 = CARTESIAN_POINT ( 'NONE',  ( 35.77225720791378905, -4.999999999998976818, -1.023799617742085393E-12 ) ) ;
#950 = DIRECTION ( 'NONE',  ( -1.000000000000000000, -0.000000000000000000, -0.000000000000000000 ) ) ;
#951 = ORIENTED_EDGE ( 'NONE', *, *, #2134, .T. ) ;
#952 = CARTESIAN_POINT ( 'NONE',  ( 88.73123519307652884, -4.508466212583701171, -0.4915337874162994392 ) ) ;
#953 = TOROIDAL_SURFACE ( 'NONE', #5934, 1.000000000000000000, 1.375000000000000000 ) ;
#954 = CIRCLE ( 'NONE', #5633, 1.000000000000000000 ) ;
#955 = ORIENTED_EDGE ( 'NONE', *, *, #5191, .T. ) ;
#956 = CARTESIAN_POINT ( 'NONE',  ( 99.85157376276963248, -0.4321793203680488471, -4.567820679631951819 ) ) ;
#957 = CARTESIAN_POINT ( 'NONE',  ( 68.62500000002798117, -5.000000000000000888, -4.336808689942017736E-16 ) ) ;
#958 = CARTESIAN_POINT ( 'NONE',  ( 94.01880044884222798, -4.366408635911685820, -0.6335913640883145126 ) ) ;
#959 = CARTESIAN_POINT ( 'NONE',  ( 97.27178058431637453, -0.1593231317801559743, -4.840676868219844664 ) ) ;
#960 = CARTESIAN_POINT ( 'NONE',  ( 40.97815646957785418, -5.000000000001020517, 1.019488220040565447E-12 ) ) ;
#961 = CIRCLE ( 'NONE', #5200, 1.000000000000000000 ) ;
#962 = ADVANCED_FACE ( 'NONE', ( #4226 ), #9, .F. ) ;
#963 = DIRECTION ( 'NONE',  ( 0.000000000000000000, 0.000000000000000000, 1.000000000000000000 ) ) ;
#964 = AXIS2_PLACEMENT_3D ( 'NONE', #7224, #4982, #2931 ) ;
#965 = VERTEX_POINT ( 'NONE', #4825 ) ;
#966 = ORIENTED_EDGE ( 'NONE', *, *, #575, .F. ) ;
#967 = DIRECTION ( 'NONE',  ( 0.000000000000000000, 0.000000000000000000, -1.000000000000000000 ) ) ;
#968 = CARTESIAN_POINT ( 'NONE',  ( 91.35334765086507502, -4.935408751168083974, 0.06459124883191601219 ) ) ;
#969 = AXIS2_PLACEMENT_3D ( 'NONE', #138, #8955, #6131 ) ;
#970 = DIRECTION ( 'NONE',  ( 0.000000000000000000, 0.000000000000000000, 1.000000000000000000 ) ) ;
#971 = DIRECTION ( 'NONE',  ( 0.000000000000000000, 0.000000000000000000, 1.000000000000000000 ) ) ;
#972 = AXIS2_PLACEMENT_3D ( 'NONE', #6348, #5009, #7894 ) ;
#973 = B_SPLINE_CURVE_WITH_KNOTS ( 'NONE', 3,
 ( #3523, #1197, #3267, #4890, #6154, #8838, #4723, #6063, #3991, #6358, #4038, #1938 ),
 .UNSPECIFIED., .F., .F.,
 ( 4, 2, 2, 2, 2, 4 ),
 ( 0.003504634718722782639, 0.003941423334001093598, 0.004378211949279404124, 0.005251789179836026042, 0.006125366410392647093, 0.006998943640949269011 ),
 .UNSPECIFIED. ) ;
#974 = DIRECTION ( 'NONE',  ( -1.000000000000000000, -0.000000000000000000, -0.000000000000000000 ) ) ;
#975 = VERTEX_POINT ( 'NONE', #611 ) ;
#976 = LINE ( 'NONE', #3774, #6735 ) ;
#977 = CIRCLE ( 'NONE', #4788, 3.904737509655557215 ) ;
#978 = DIRECTION ( 'NONE',  ( 0.000000000000000000, 0.000000000000000000, 1.000000000000000000 ) ) ;
#979 = CARTESIAN_POINT ( 'NONE',  ( 100.2161636276444483, -4.748219996440587565, 0.2517800035594122132 ) ) ;
#980 = EDGE_CURVE ( 'NONE', #4098, #7095, #1047, .T. ) ;
#981 = COORDINATED_UNIVERSAL_TIME_OFFSET ( 3, 30, .AHEAD. ) ;
#982 = ORIENTED_EDGE ( 'NONE', *, *, #7263, .T. ) ;
#983 = CARTESIAN_POINT ( 'NONE',  ( 98.32722873042057188, -4.282386290035390175, -0.7176137099646094919 ) ) ;
#984 = AXIS2_PLACEMENT_3D ( 'NONE', #6416, #6368, #2890 ) ;
#985 = ORIENTED_EDGE ( 'NONE', *, *, #4396, .F. ) ;
#986 = CARTESIAN_POINT ( 'NONE',  ( 19.12499999999979039, 2.846928307476403400E-13, 5.000000000000284217 ) ) ;
#987 = CARTESIAN_POINT ( 'NONE',  ( 21.75378377920365125, -3.863136006093130348, -1.136863993906870096 ) ) ;
#988 = CARTESIAN_POINT ( 'NONE',  ( 109.0187648069320119, -0.4915337874217304281, 4.508466212578270849 ) ) ;
#989 = CARTESIAN_POINT ( 'NONE',  ( 17.23123519307649332, -4.508466212583668309, 0.4915337874163325793 ) ) ;
#990 = AXIS2_PLACEMENT_3D ( 'NONE', #2469, #5257, #8045 ) ;
#992 = CARTESIAN_POINT ( 'NONE',  ( 81.73119955116398216, -0.6335913640930904700, 4.366408635906909197 ) ) ;
#991 = CARTESIAN_POINT ( 'NONE',  ( 104.1012253497006554, -0.9582157396402009031, 4.041784260359798431 ) ) ;
#993 = CARTESIAN_POINT ( 'NONE',  ( 56.89665234915597836, -0.06459124882791905664, -4.935408751172080777 ) ) ;
#994 = CARTESIAN_POINT ( 'NONE',  ( 113.6324020305583957, -4.872131520497875456, 0.1278684795021238774 ) ) ;
#995 = LOCAL_TIME ( 19, 56, 48.00000000000000000, #8671 ) ;
#996 = ADVANCED_FACE ( 'NONE', ( #6242 ), #5584, .F. ) ;
#997 = CARTESIAN_POINT ( 'NONE',  ( 51.11759796945997181, -0.1278684794971736705, 4.872131520502827051 ) ) ;
#998 = ORIENTED_EDGE ( 'NONE', *, *, #6986, .T. ) ;
#999 = CARTESIAN_POINT ( 'NONE',  ( 132.6250000000000000, -5.000000000000000888, -4.336808689942017736E-16 ) ) ;
#1000 = ORIENTED_EDGE ( 'NONE', *, *, #6307, .T. ) ;
#1001 = CARTESIAN_POINT ( 'NONE',  ( 52.85059813401475992, -0.06404366728010837950, 4.935956332719892536 ) ) ;
#1002 = CARTESIAN_POINT ( 'NONE',  ( 9.659678687770487215, -4.686141179195690398, -0.3138588208043113226 ) ) ;
#1003 = DIRECTION ( 'NONE',  ( 0.000000000000000000, 0.000000000000000000, 1.000000000000000000 ) ) ;
#1004 = CARTESIAN_POINT ( 'NONE',  ( 71.10122534970065544, -0.9582157396402011251, -4.041784260359799319 ) ) ;
#1005 = CARTESIAN_POINT ( 'NONE',  ( 95.83253412545244032, -4.991957775359345817, 0.008042224640654491857 ) ) ;
#1006 = AXIS2_PLACEMENT_3D ( 'NONE', #2301, #269, #6607 ) ;
#1007 = DIRECTION ( 'NONE',  ( -1.000000000000000000, -0.000000000000000000, -0.000000000000000000 ) ) ;
#1008 = FACE_OUTER_BOUND ( 'NONE', #6079, .T. ) ;
#1009 = CARTESIAN_POINT ( 'NONE',  ( 16.37500000000000000, -1.328041165545662539, 3.671958834454338128 ) ) ;
#1010 = CIRCLE ( 'NONE', #2051, 3.999999999999996447 ) ;
#1011 = EDGE_CURVE ( 'NONE', #8585, #1228, #1628, .T. ) ;
#1012 = ORIENTED_EDGE ( 'NONE', *, *, #2365, .T. ) ;
#1013 = CARTESIAN_POINT ( 'NONE',  ( 61.74999999999999289, 0.000000000000000000, 0.000000000000000000 ) ) ;
#1014 = LINE ( 'NONE', #5281, #9021 ) ;
#1015 = DIRECTION ( 'NONE',  ( -1.000000000000000000, -0.000000000000000000, -0.000000000000000000 ) ) ;
#1016 = PRODUCT ( '2.5mm_part1', '2.5mm_part1', '', ( #3192 ) ) ;
#1017 = CARTESIAN_POINT ( 'NONE',  ( 74.12499999999978684, 2.819348912645851850E-13, -5.000000000000282441 ) ) ;
#1018 = DIRECTION ( 'NONE',  ( -1.000000000000000000, -0.000000000000000000, -0.000000000000000000 ) ) ;
#1019 = TOROIDAL_SURFACE ( 'NONE', #6442, 1.000000000000000000, 3.999999999999999112 ) ;
#1020 = CARTESIAN_POINT ( 'NONE',  ( 16.37499999999999645, 0.000000000000000000, 3.904737509655564320 ) ) ;
#1021 = AXIS2_PLACEMENT_3D ( 'NONE', #4483, #220, #1003 ) ;
#1022 = EDGE_LOOP ( 'NONE', ( #3529, #8870, #6030 ) ) ;
#1023 = DIRECTION ( 'NONE',  ( -1.000000000000000000, -0.000000000000000000, -0.000000000000000000 ) ) ;
#1024 = CARTESIAN_POINT ( 'NONE',  ( 73.97774279211274973, -1.210240675036942905E-14, 4.999999999999988454 ) ) ;
#1025 = CIRCLE ( 'NONE', #1769, 3.904737509655568761 ) ;
#1026 = EDGE_CURVE ( 'NONE', #9003, #3565, #3560, .T. ) ;
#1027 = CARTESIAN_POINT ( 'NONE',  ( 98.87499999999998579, -3.671958834454324805, 1.328041165545675195 ) ) ;
#1028 = DATE_AND_TIME ( #5194, #4350 ) ;
#1029 = ORIENTED_EDGE ( 'NONE', *, *, #917, .T. ) ;
#1030 = DIRECTION ( 'NONE',  ( -1.000000000000000000, -0.000000000000000000, -0.000000000000000000 ) ) ;
#1031 = EDGE_CURVE ( 'NONE', #4415, #6477, #2519, .T. ) ;
#1032 = VERTEX_POINT ( 'NONE', #7025 ) ;
#1033 = CARTESIAN_POINT ( 'NONE',  ( 74.71113448347814767, -4.959369330381671048, 0.04063066961832866031 ) ) ;
#1034 = DIRECTION ( 'NONE',  ( -1.000000000000000000, -0.000000000000000000, -0.000000000000000000 ) ) ;
#1035 = EDGE_CURVE ( 'NONE', #5142, #8240, #872, .T. ) ;
#1036 = CARTESIAN_POINT ( 'NONE',  ( 0.000000000000000000, 0.000000000000000000, 1.000000000000000000 ) ) ;
#1037 = FACE_OUTER_BOUND ( 'NONE', #1022, .T. ) ;
#1039 = CARTESIAN_POINT ( 'NONE',  ( 110.7382724230717344, -0.4974474678478695289, 4.502552532152130027 ) ) ;
#1038 = DIRECTION ( 'NONE',  ( -1.000000000000000000, -0.000000000000000000, -0.000000000000000000 ) ) ;
#1040 = APPLICATION_CONTEXT ( 'configuration controlled 3d designs of mechanical parts and assemblies' ) ;
#1041 = CARTESIAN_POINT ( 'NONE',  ( 65.22625045371997032, -4.359865889253472737, 0.6401341107465297053 ) ) ;
#1042 = CARTESIAN_POINT ( 'NONE',  ( 118.1249999999997726, 2.819534933157905838E-13, -5.000000000000282441 ) ) ;
#1043 = CARTESIAN_POINT ( 'NONE',  ( 109.3272287304152286, -4.282386290039756460, -0.7176137099602448721 ) ) ;
#1044 = ORIENTED_EDGE ( 'NONE', *, *, #7901, .T. ) ;
#1045 = CARTESIAN_POINT ( 'NONE',  ( 89.47821941570039428, -4.840676868225229690, -0.1593231317747707265 ) ) ;
#1046 = ORIENTED_EDGE ( 'NONE', *, *, #538, .T. ) ;
#1047 = B_SPLINE_CURVE_WITH_KNOTS ( 'NONE', 3,
 ( #8984, #6339, #91, #7613, #3498, #4178, #2724, #5475, #4140, #2815, #6291, #5512, #5599, #2856, #8343, #4096 ),
 .UNSPECIFIED., .F., .F.,
 ( 4, 2, 2, 2, 2, 2, 2, 4 ),
 ( 4.818711198665872809E-07, 0.0008765200830274456944, 0.001314539188981235377, 0.001752558294935024951, 0.002190577400888814308, 0.002628596506842603882, 0.003066615612796393456, 0.003504634718750183030 ),
 .UNSPECIFIED. ) ;
#1048 = CARTESIAN_POINT ( 'NONE',  ( 85.12499999999980105, 2.822966390599457035E-13, -5.000000000000282441 ) ) ;
#1049 = CARTESIAN_POINT ( 'NONE',  ( 5.375000000000000000, -1.328041165545665425, -3.671958834454335019 ) ) ;
#1050 = VERTEX_POINT ( 'NONE', #740 ) ;
#1051 = EDGE_CURVE ( 'NONE', #1927, #7023, #421, .T. ) ;
#1052 = CARTESIAN_POINT ( 'NONE',  ( 93.37499999999998579, 0.000000000000000000, 0.000000000000000000 ) ) ;
#1053 = CARTESIAN_POINT ( 'NONE',  ( 41.41746587457270579, -0.008042224642537591436, 4.991957775357462879 ) ) ;
#1054 = EDGE_CURVE ( 'NONE', #6004, #5510, #5557, .T. ) ;
#1055 = FACE_OUTER_BOUND ( 'NONE', #5169, .T. ) ;
#1056 = DIRECTION ( 'NONE',  ( -0.000000000000000000, 1.000000000000000000, 1.224646799147353207E-16 ) ) ;
#1057 = VERTEX_POINT ( 'NONE', #5097 ) ;
#1058 = ORIENTED_EDGE ( 'NONE', *, *, #7140, .F. ) ;
#1059 = CARTESIAN_POINT ( 'NONE',  ( 77.14736572063976894, -0.9599107665869619499, 4.040089233413037384 ) ) ;
#1060 = EDGE_CURVE ( 'NONE', #5421, #659, #6439, .T. ) ;
#1061 = CARTESIAN_POINT ( 'NONE',  ( 42.89842623724021564, -4.567820679626508173, 0.4321793203734928812 ) ) ;
#1062 = DIRECTION ( 'NONE',  ( 0.000000000000000000, 0.000000000000000000, 1.000000000000000000 ) ) ;
#1063 = CARTESIAN_POINT ( 'NONE',  ( 109.8749999999999858, 4.781924292710299495E-16, -3.904737509655568761 ) ) ;
#1064 = DIRECTION ( 'NONE',  ( 0.000000000000000000, 0.000000000000000000, 1.000000000000000000 ) ) ;
#1065 = CARTESIAN_POINT ( 'NONE',  ( 90.62499999999998579, 0.000000000000000000, 0.000000000000000000 ) ) ;
#1066 = AXIS2_PLACEMENT_3D ( 'NONE', #8201, #2114, #2806 ) ;
#1067 = ORIENTED_EDGE ( 'NONE', *, *, #4408, .F. ) ;
#1068 = DIRECTION ( 'NONE',  ( 0.000000000000000000, 0.000000000000000000, 1.000000000000000000 ) ) ;
#1069 = CARTESIAN_POINT ( 'NONE',  ( 54.87499999999999289, -1.328041165545660540, 3.671958834454339460 ) ) ;
#1070 = DIRECTION ( 'NONE',  ( 0.000000000000000000, 0.000000000000000000, 1.000000000000000000 ) ) ;
#1071 = CALENDAR_DATE ( 2026, 21, 2 ) ;
#1072 = ORIENTED_EDGE ( 'NONE', *, *, #6282, .F. ) ;
#1073 = FACE_OUTER_BOUND ( 'NONE', #2596, .T. ) ;
#1074 = ORIENTED_EDGE ( 'NONE', *, *, #133, .T. ) ;
#1075 = CARTESIAN_POINT ( 'NONE',  ( 101.6250000000000000, 0.000000000000000000, 0.000000000000000000 ) ) ;
#1076 = CARTESIAN_POINT ( 'NONE',  ( 69.77178058431634611, -0.1593231317801557245, 4.840676868219844664 ) ) ;
#1077 = DIRECTION ( 'NONE',  ( -1.000000000000000000, -0.000000000000000000, -0.000000000000000000 ) ) ;
#1078 = CARTESIAN_POINT ( 'NONE',  ( 92.51876480693201188, -0.4915337874217381997, -4.508466212578261967 ) ) ;
#1080 = DIRECTION ( 'NONE',  ( -1.000000000000000000, -0.000000000000000000, -0.000000000000000000 ) ) ;
#1079 = CARTESIAN_POINT ( 'NONE',  ( 56.21576228220553872, -0.2608011982980500965, 4.739198801701950181 ) ) ;
#1081 = CARTESIAN_POINT ( 'NONE',  ( 55.85157376276963959, -0.4321793203680398543, -4.567820679631961589 ) ) ;
#1082 = AXIS2_PLACEMENT_3D ( 'NONE', #6726, #6225, #6868 ) ;
#1083 = CARTESIAN_POINT ( 'NONE',  ( 28.97821941568347981, -4.840676868219800255, -0.1593231317801994396 ) ) ;
#1084 = DIRECTION ( 'NONE',  ( -1.000000000000000000, -0.000000000000000000, -0.000000000000000000 ) ) ;
#1085 = EDGE_LOOP ( 'NONE', ( #5991, #4690, #982 ) ) ;
#1086 = CARTESIAN_POINT ( 'NONE',  ( 101.3287463706423068, -0.008301598518917999159, 4.991698401481082570 ) ) ;
#1087 = EDGE_LOOP ( 'NONE', ( #3011, #5897, #3749 ) ) ;
#1088 = CARTESIAN_POINT ( 'NONE',  ( 84.53886551654431969, -0.04063066961493053825, -4.959369330385070107 ) ) ;
#1089 = PRODUCT ( '2.5mm_assem', '2.5mm_assem', '', ( #7757 ) ) ;
#1090 = ORIENTED_EDGE ( 'NONE', *, *, #34, .T. ) ;
#1091 = CARTESIAN_POINT ( 'NONE',  ( 111.2500000000000000, 1.224646799147353207E-16, -1.000000000000000000 ) ) ;
#1092 = EDGE_CURVE ( 'NONE', #8477, #5658, #3225, .T. ) ;
#1093 = CARTESIAN_POINT ( 'NONE',  ( 74.12500000002798117, -5.000000000000000888, -4.336808689942017736E-16 ) ) ;
#1094 = CARTESIAN_POINT ( 'NONE',  ( 52.70631021352429002, -0.03993437491703615699, -4.960065625082964225 ) ) ;
#1095 = VECTOR ( 'NONE', #731, 1000.000000000000000 ) ;
#1096 = ADVANCED_FACE ( 'NONE', ( #7110 ), #7887, .T. ) ;
#1097 = FACE_OUTER_BOUND ( 'NONE', #6821, .T. ) ;
#1098 = ORIENTED_EDGE ( 'NONE', *, *, #282, .T. ) ;
#1099 = ORIENTED_EDGE ( 'NONE', *, *, #2235, .T. ) ;
#1100 = CARTESIAN_POINT ( 'NONE',  ( 77.42277126958474298, -0.7176137099602930558, 4.282386290039707610 ) ) ;
#1101 = CARTESIAN_POINT ( 'NONE',  ( 106.5388655165443339, -0.04063066961493030926, 4.959369330385070107 ) ) ;
#1102 = CARTESIAN_POINT ( 'NONE',  ( 118.1250000000279670, -5.000000000000000888, -4.336808689942017736E-16 ) ) ;
#1103 = CARTESIAN_POINT ( 'NONE',  ( 27.37500000000000000, 0.000000000000000000, 0.000000000000000000 ) ) ;
#1104 = CARTESIAN_POINT ( 'NONE',  ( 16.25378377920365480, -3.863136006093129460, -1.136863993906870762 ) ) ;
#1105 = AXIS2_PLACEMENT_3D ( 'NONE', #8399, #4798, #2141 ) ;
#1106 = CIRCLE ( 'NONE', #2442, 3.904737509655563876 ) ;
#1107 = ORIENTED_EDGE ( 'NONE', *, *, #8363, .F. ) ;
#1108 = CARTESIAN_POINT ( 'NONE',  ( 115.6487746503017746, -4.041784260362697445, -0.9582157396373037761 ) ) ;
#1109 = CARTESIAN_POINT ( 'NONE',  ( 30.42125362935748001, -4.991698401481102110, 0.008301598518896297768 ) ) ;
#1110 = CIRCLE ( 'NONE', #3026, 3.999999999999999112 ) ;
#1111 = ORIENTED_EDGE ( 'NONE', *, *, #6613, .T. ) ;
#1112 = CARTESIAN_POINT ( 'NONE',  ( 79.91746587457267026, -0.008042224642539366058, -4.991957775357460214 ) ) ;
#1113 = PERSON_AND_ORGANIZATION_ROLE ( 'design_owner' ) ;
#1114 = EDGE_LOOP ( 'NONE', ( #1162, #998, #1432 ) ) ;
#1115 = CARTESIAN_POINT ( 'NONE',  ( 7.832534125452332852, -4.991957775359338711, -0.008042224640660389917 ) ) ;
#1116 = EDGE_LOOP ( 'NONE', ( #1515, #8265, #1844, #7273, #3729, #2412 ) ) ;
#1117 = AXIS2_PLACEMENT_3D ( 'NONE', #7727, #1459, #3371 ) ;
#1118 = CARTESIAN_POINT ( 'NONE',  ( 98.87499999999998579, 4.781924292710285690E-16, -3.904737509655557659 ) ) ;
#1119 = DIRECTION ( 'NONE',  ( -1.000000000000000000, -0.000000000000000000, -0.000000000000000000 ) ) ;
#1120 = CYLINDRICAL_SURFACE ( 'NONE', #556, 1.000000000000000000 ) ;
#1121 = CARTESIAN_POINT ( 'NONE',  ( 9.271780584316365648, -0.1593231317801513114, 4.840676868219849105 ) ) ;
#1122 = EDGE_CURVE ( 'NONE', #7986, #8185, #8152, .T. ) ;
#1123 = CYLINDRICAL_SURFACE ( 'NONE', #4065, 1.000000000000000000 ) ;
#1124 = EDGE_CURVE ( 'NONE', #3090, #7986, #8916, .T. ) ;
#1125 = CARTESIAN_POINT ( 'NONE',  ( 57.03886551654432679, -0.04063066961492553530, -4.959369330385076324 ) ) ;
#1126 = CARTESIAN_POINT ( 'NONE',  ( 29.97815646955138291, -5.000000000000002665, 1.638726408621291784E-15 ) ) ;
#1127 = AXIS2_PLACEMENT_3D ( 'NONE', #7660, #2770, #1476 ) ;
#1128 = DIRECTION ( 'NONE',  ( 0.000000000000000000, 0.000000000000000000, 1.000000000000000000 ) ) ;
#1129 = EDGE_LOOP ( 'NONE', ( #8983, #8964, #5521 ) ) ;
#1130 = CARTESIAN_POINT ( 'NONE',  ( 0.000000000000000000, 0.000000000000000000, 0.000000000000000000 ) ) ;
#1131 = ADVANCED_FACE ( 'NONE', ( #5741 ), #2785, .T. ) ;
#1132 = B_SPLINE_CURVE_WITH_KNOTS ( 'NONE', 3,
 ( #2809, #80, #8381, #6199, #7737, #1467, #7019, #734, #646, #4302, #7651, #7781, #3533, #775, #8978, #7608 ),
 .UNSPECIFIED., .F., .F.,
 ( 4, 2, 2, 2, 2, 2, 2, 4 ),
 ( 4.818711198530449181E-07, 0.0008765200830206114260, 0.001314539188970989883, 0.001752558294921368340, 0.002190577400871746364, 0.002628596506822125038, 0.003066615612772503278, 0.003504634718722881952 ),
 .UNSPECIFIED. ) ;
#1133 = ORIENTED_EDGE ( 'NONE', *, *, #2680, .T. ) ;
#1134 = CIRCLE ( 'NONE', #2175, 1.000000000000000000 ) ;
#1135 = CARTESIAN_POINT ( 'NONE',  ( 120.8749999999999858, 0.000000000000000000, 3.904737509655557215 ) ) ;
#1136 = ORIENTED_EDGE ( 'NONE', *, *, #6613, .F. ) ;
#1137 = LINE ( 'NONE', #4031, #6011 ) ;
#1138 = CARTESIAN_POINT ( 'NONE',  ( 74.71113448347814767, -4.959369330381671048, -0.04063066961832864643 ) ) ;
#1139 = AXIS2_PLACEMENT_3D ( 'NONE', #7121, #2369, #5060 ) ;
#1140 = CARTESIAN_POINT ( 'NONE',  ( 52.85059813401475992, -0.06404366728010842114, -4.935956332719892536 ) ) ;
#1141 = EDGE_CURVE ( 'NONE', #6576, #32, #720, .T. ) ;
#1142 = AXIS2_PLACEMENT_3D ( 'NONE', #6615, #188, #1705 ) ;
#1143 = CARTESIAN_POINT ( 'NONE',  ( 52.12500000000000000, 0.000000000000000000, 0.000000000000000000 ) ) ;
#1144 = CARTESIAN_POINT ( 'NONE',  ( 60.10263427936254033, -4.040089233410284031, -0.9599107665897137487 ) ) ;
#1145 = ORIENTED_EDGE ( 'NONE', *, *, #7150, .F. ) ;
#1146 = CARTESIAN_POINT ( 'NONE',  ( 77.73827242307174856, -0.4974474678478743028, 4.502552532152126474 ) ) ;
#1147 = EDGE_CURVE ( 'NONE', #3321, #5102, #4379, .T. ) ;
#1148 = CIRCLE ( 'NONE', #6274, 1.000000000000000000 ) ;
#1149 = CARTESIAN_POINT ( 'NONE',  ( 28.23123519306787799, -4.508466212578220222, 0.4915337874217803882 ) ) ;
#1150 = CYLINDRICAL_SURFACE ( 'NONE', #7878, 1.000000000000000000 ) ;
#1151 = EDGE_CURVE ( 'NONE', #6642, #7304, #132, .T. ) ;
#1152 = FACE_OUTER_BOUND ( 'NONE', #3164, .T. ) ;
#1153 = CARTESIAN_POINT ( 'NONE',  ( 79.62500000000000000, 1.224646799147353207E-16, -1.000000000000000000 ) ) ;
#1154 = CIRCLE ( 'NONE', #2045, 3.904737509655562544 ) ;
#1155 = ORIENTED_EDGE ( 'NONE', *, *, #5345, .T. ) ;
#1156 = EDGE_CURVE ( 'NONE', #4476, #1327, #4822, .T. ) ;
#1157 = CARTESIAN_POINT ( 'NONE',  ( 117.8325341254524545, -4.991957775359346705, -0.008042224640653706028 ) ) ;
#1158 = CARTESIAN_POINT ( 'NONE',  ( 11.85157376276964847, -0.4321793203680419637, 4.567820679631958924 ) ) ;
#1159 = EDGE_CURVE ( 'NONE', #5510, #6004, #1608, .T. ) ;
#1160 = ADVANCED_FACE ( 'NONE', ( #7511 ), #6731, .F. ) ;
#1161 = ADVANCED_FACE ( 'NONE', ( #6111 ), #2576, .T. ) ;
#1162 = ORIENTED_EDGE ( 'NONE', *, *, #4011, .F. ) ;
#1163 = AXIS2_PLACEMENT_3D ( 'NONE', #7383, #8756, #504 ) ;
#1164 = CARTESIAN_POINT ( 'NONE',  ( 82.37499999999998579, -1.328041165545655877, -3.671958834454344345 ) ) ;
#1165 = COORDINATED_UNIVERSAL_TIME_OFFSET ( 3, 30, .AHEAD. ) ;
#1166 = EDGE_LOOP ( 'NONE', ( #8359, #2266, #4177 ) ) ;
#1167 = PRODUCT_DEFINITION_SHAPE ( 'NONE', 'NONE',  #3559 ) ;
#1168 = CARTESIAN_POINT ( 'NONE',  ( 34.09032131224201123, -0.3138588207986883760, -4.686141179201312568 ) ) ;
#1169 = B_SPLINE_CURVE_WITH_KNOTS ( 'NONE', 3,
 ( #2279, #3695, #1633, #5117, #4284, #2195, #799, #4327, #6400, #7178, #4469, #1674 ),
 .UNSPECIFIED., .F., .F.,
 ( 4, 2, 2, 2, 2, 4 ),
 ( 0.003504634718750183030, 0.003941423334025069211, 0.004378211949299955393, 0.005251789179849728623, 0.006125366410399502720, 0.006998943640949275950 ),
 .UNSPECIFIED. ) ;
#1170 = CC_DESIGN_DATE_AND_TIME_ASSIGNMENT ( #1028, #1812, ( #4651 ) ) ;
#1171 = TOROIDAL_SURFACE ( 'NONE', #8195, 1.000000000000000000, 4.000000000000001776 ) ;
#1172 = EDGE_LOOP ( 'NONE', ( #2874, #7611, #5171, #5629 ) ) ;
#1173 = DIRECTION ( 'NONE',  ( -0.000000000000000000, 1.000000000000000000, 1.224646799147353207E-16 ) ) ;
#1174 = CARTESIAN_POINT ( 'NONE',  ( 0.000000000000000000, 1.224646799147353207E-16, -1.000000000000000000 ) ) ;
#1175 = CARTESIAN_POINT ( 'NONE',  ( 71.37500000000000000, 0.000000000000000000, 0.000000000000000000 ) ) ;
#1176 = AXIS2_PLACEMENT_3D ( 'NONE', #4631, #3949, #4328 ) ;
#1177 = CARTESIAN_POINT ( 'NONE',  ( 8.124999999999790390, 2.855127582269921965E-13, 5.000000000000285105 ) ) ;
#1178 = VECTOR ( 'NONE', #7311, 1000.000000000000000 ) ;
#1179 = DIRECTION ( 'NONE',  ( 0.000000000000000000, 0.7071067811865474617, -0.7071067811865474617 ) ) ;
#1180 = EDGE_CURVE ( 'NONE', #3014, #1258, #6089, .T. ) ;
#1181 = CARTESIAN_POINT ( 'NONE',  ( 64.89842623724027248, -4.567820679626462876, 0.4321793203735364575 ) ) ;
#1182 = DIRECTION ( 'NONE',  ( -1.000000000000000000, -0.000000000000000000, -0.000000000000000000 ) ) ;
#1183 = DIRECTION ( 'NONE',  ( -1.000000000000000000, -0.000000000000000000, -0.000000000000000000 ) ) ;
#1184 = ORIENTED_EDGE ( 'NONE', *, *, #4523, .T. ) ;
#1185 = CARTESIAN_POINT ( 'NONE',  ( 85.12500000000000000, 0.000000000000000000, 0.000000000000000000 ) ) ;
#1186 = DIRECTION ( 'NONE',  ( 0.000000000000000000, 0.000000000000000000, 1.000000000000000000 ) ) ;
#1187 = ORIENTED_EDGE ( 'NONE', *, *, #8802, .T. ) ;
#1188 = DIRECTION ( 'NONE',  ( 0.000000000000000000, 0.000000000000000000, 1.000000000000000000 ) ) ;
#1189 = DIRECTION ( 'NONE',  ( -1.000000000000000000, -0.000000000000000000, -0.000000000000000000 ) ) ;
#1190 = ORIENTED_EDGE ( 'NONE', *, *, #5166, .F. ) ;
#1191 = CARTESIAN_POINT ( 'NONE',  ( 110.5188004488422564, -4.366408635911691150, -0.6335913640883091835 ) ) ;
#1192 = CARTESIAN_POINT ( 'NONE',  ( 75.89842623724027248, -4.567820679626460212, -0.4321793203735402322 ) ) ;
#1193 = DIRECTION ( 'NONE',  ( 0.000000000000000000, 0.000000000000000000, 1.000000000000000000 ) ) ;
#1194 = DIRECTION ( 'NONE',  ( -1.000000000000000000, -0.000000000000000000, -0.000000000000000000 ) ) ;
#1195 = AXIS2_PLACEMENT_3D ( 'NONE', #3418, #3454, #8430 ) ;
#1196 = DIRECTION ( 'NONE',  ( -1.000000000000000000, -0.000000000000000000, -0.000000000000000000 ) ) ;
#1197 = CARTESIAN_POINT ( 'NONE',  ( 13.47815646957795721, -5.000000000001023182, -1.023894485432181914E-12 ) ) ;
#1198 = ORIENTED_EDGE ( 'NONE', *, *, #4210, .T. ) ;
#1199 = DIRECTION ( 'NONE',  ( 0.000000000000000000, 0.000000000000000000, 1.000000000000000000 ) ) ;
#1200 = CARTESIAN_POINT ( 'NONE',  ( 105.0237495462864814, -0.6401341107417677367, 4.359865889258232485 ) ) ;
#1201 = CARTESIAN_POINT ( 'NONE',  ( 102.2063102135242190, -0.03993437491703781539, -4.960065625082960672 ) ) ;
#1202 = ADVANCED_FACE ( 'NONE', ( #5318 ), #657, .T. ) ;
#1203 = DIRECTION ( 'NONE',  ( -1.000000000000000000, -0.000000000000000000, -0.000000000000000000 ) ) ;
#1204 = CARTESIAN_POINT ( 'NONE',  ( 13.92125362938295829, -4.991698401479159664, -0.008301598520839052753 ) ) ;
#1205 = EDGE_LOOP ( 'NONE', ( #9034, #8589, #4832 ) ) ;
#1206 = ORIENTED_EDGE ( 'NONE', *, *, #8011, .F. ) ;
#1207 = FACE_OUTER_BOUND ( 'NONE', #42, .T. ) ;
#1208 = CARTESIAN_POINT ( 'NONE',  ( 123.6249999999999858, 1.224646799147332500E-16, -0.9999999999999831246 ) ) ;
#1209 = VERTEX_POINT ( 'NONE', #3993 ) ;
#1210 = CARTESIAN_POINT ( 'NONE',  ( 122.6196127906160882, -4.872698163711057795, -0.1273018362889424271 ) ) ;
#1211 = AXIS2_PLACEMENT_3D ( 'NONE', #6966, #6367, #3572 ) ;
#1212 = PERSON_AND_ORGANIZATION_ROLE ( 'creator' ) ;
#1213 = VERTEX_POINT ( 'NONE', #4589 ) ;
#1214 = CARTESIAN_POINT ( 'NONE',  ( 97.65967868777056538, -4.686141179195657536, -0.3138588208043440742 ) ) ;
#1215 = EDGE_CURVE ( 'NONE', #2192, #3773, #6228, .T. ) ;
#1216 = ORIENTED_EDGE ( 'NONE', *, *, #7617, .F. ) ;
#1217 = FACE_OUTER_BOUND ( 'NONE', #1298, .T. ) ;
#1218 = PLANE ( 'NONE',  #5734 ) ;
#1219 = CARTESIAN_POINT ( 'NONE',  ( 12.25000000000000000, 1.224646799147353207E-16, -1.000000000000000000 ) ) ;
#1220 = CARTESIAN_POINT ( 'NONE',  ( 23.89940186600661676, -4.935956332723939077, -0.06404366727606168597 ) ) ;
#1221 = DIRECTION ( 'NONE',  ( -1.000000000000000000, -0.000000000000000000, -0.000000000000000000 ) ) ;
#1222 = CARTESIAN_POINT ( 'NONE',  ( 59.03423771780835239, -4.739198801696361762, 0.2608011983036391812 ) ) ;
#1223 = CARTESIAN_POINT ( 'NONE',  ( 111.8994018660066985, -4.935956332723948847, 0.06404366727605205478 ) ) ;
#1224 = CARTESIAN_POINT ( 'NONE',  ( 52.12500000002778933, -5.000000000000000888, -4.336808689942017736E-16 ) ) ;
#1225 = ORIENTED_EDGE ( 'NONE', *, *, #3918, .F. ) ;
#1226 = FACE_OUTER_BOUND ( 'NONE', #1584, .T. ) ;
#1227 = CARTESIAN_POINT ( 'NONE',  ( 90.92125362938305955, -4.991698401479152558, -0.008301598520847809637 ) ) ;
#1228 = VERTEX_POINT ( 'NONE', #3952 ) ;
#1229 = CYLINDRICAL_SURFACE ( 'NONE', #4394, 1.000000000000000000 ) ;
#1230 = CARTESIAN_POINT ( 'NONE',  ( 25.21113448347808017, -4.959369330381686147, -0.04063066961831506702 ) ) ;
#1231 = ORIENTED_EDGE ( 'NONE', *, *, #5915, .F. ) ;
#1232 = DIRECTION ( 'NONE',  ( -1.000000000000000000, -0.000000000000000000, -0.000000000000000000 ) ) ;
#1233 = AXIS2_PLACEMENT_3D ( 'NONE', #1320, #2013, #4118 ) ;
#1234 = CARTESIAN_POINT ( 'NONE',  ( 28.74999999999999645, 0.000000000000000000, 0.000000000000000000 ) ) ;
#1235 = CARTESIAN_POINT ( 'NONE',  ( 0.000000000000000000, 0.000000000000000000, 0.000000000000000000 ) ) ;
#1236 = CARTESIAN_POINT ( 'NONE',  ( 59.73119955116402480, -0.6335913640930935786, -4.366408635906906532 ) ) ;
#1237 = AXIS2_PLACEMENT_3D ( 'NONE', #9035, #4314, #8991 ) ;
#1238 = LINE ( 'NONE', #2629, #1354 ) ;
#1239 = FACE_OUTER_BOUND ( 'NONE', #5016, .T. ) ;
#1240 = EDGE_LOOP ( 'NONE', ( #8481, #2043, #7108 ) ) ;
#1241 = CARTESIAN_POINT ( 'NONE',  ( 37.00000000000000000, 1.224646799147353207E-16, -1.000000000000000000 ) ) ;
#1242 = ADVANCED_FACE ( 'NONE', ( #3223 ), #953, .F. ) ;
#1243 = EDGE_CURVE ( 'NONE', #6597, #8059, #6288, .T. ) ;
#1244 = CARTESIAN_POINT ( 'NONE',  ( 49.92277126958472167, -0.7176137099602842850, 4.282386290039717380 ) ) ;
#1245 = FACE_OUTER_BOUND ( 'NONE', #1911, .T. ) ;
#1246 = TOROIDAL_SURFACE ( 'NONE', #6370, 1.000000000000000000, 4.000000000000001776 ) ;
#1247 = B_SPLINE_CURVE_WITH_KNOTS ( 'NONE', 3,
 ( #1935, #4625, #4720, #4033, #2483, #492, #8932, #7464, #6649, #2671, #7506, #1838, #445, #5461, #6778, #6060 ),
 .UNSPECIFIED., .F., .F.,
 ( 4, 2, 2, 2, 2, 2, 2, 4 ),
 ( 4.818711198730775650E-07, 0.0008765200830274589216, 0.001314539188981251857, 0.001752558294935044900, 0.002190577400888837727, 0.002628596506842630336, 0.003066615612796423380, 0.003504634718750216423 ),
 .UNSPECIFIED. ) ;
#1248 = VERTEX_POINT ( 'NONE', #453 ) ;
#1249 = EDGE_LOOP ( 'NONE', ( #8305, #87, #1561, #7833 ) ) ;
#1250 = DIRECTION ( 'NONE',  ( -1.000000000000000000, -0.000000000000000000, -0.000000000000000000 ) ) ;
#1251 = DIRECTION ( 'NONE',  ( -1.000000000000000000, -0.000000000000000000, -0.000000000000000000 ) ) ;
#1252 = EDGE_LOOP ( 'NONE', ( #2722, #4540, #4998 ) ) ;
#1253 = CARTESIAN_POINT ( 'NONE',  ( 49.64877465030176751, -4.041784260362666359, 0.9582157396373345293 ) ) ;
#1254 = AXIS2_PLACEMENT_3D ( 'NONE', #3748, #5866, #1128 ) ;
#1255 = APPROVAL_ROLE ( '' ) ;
#1256 = ORIENTED_EDGE ( 'NONE', *, *, #371, .F. ) ;
#1257 = CARTESIAN_POINT ( 'NONE',  ( 5.648774650301779943, -4.041784260362672576, -0.9582157396373285341 ) ) ;
#1258 = VERTEX_POINT ( 'NONE', #6065 ) ;
#1259 = CARTESIAN_POINT ( 'NONE',  ( 105.7161636276300385, -4.748219996434642098, -0.2517800035653584567 ) ) ;
#1260 = CARTESIAN_POINT ( 'NONE',  ( 7.538865516544304590, -0.04063066961492742962, 4.959369330385071883 ) ) ;
#1261 = TOROIDAL_SURFACE ( 'NONE', #4325, 1.000000000000000000, 3.999999999999997335 ) ;
#1262 = CARTESIAN_POINT ( 'NONE',  ( 121.7380246301067643, -0.4975987110858278162, 4.502401288914171573 ) ) ;
#1263 = CARTESIAN_POINT ( 'NONE',  ( 73.54368978649831945, -4.960065625086348184, 0.03993437491365254416 ) ) ;
#1264 = DIRECTION ( 'NONE',  ( 0.000000000000000000, 0.000000000000000000, 1.000000000000000000 ) ) ;
#1265 = CC_DESIGN_PERSON_AND_ORGANIZATION_ASSIGNMENT ( #3057, #5011, ( #837 ) ) ;
#1266 = CARTESIAN_POINT ( 'NONE',  ( 112.6249999999998010, 2.822932509281566863E-13, 5.000000000000282441 ) ) ;
#1267 = CIRCLE ( 'NONE', #4046, 3.999999999999996447 ) ;
#1268 = CARTESIAN_POINT ( 'NONE',  ( 96.12499999999998579, 1.224646799147353207E-16, -1.000000000000000000 ) ) ;
#1269 = DIRECTION ( 'NONE',  ( -1.000000000000000000, -0.000000000000000000, -0.000000000000000000 ) ) ;
#1270 = ORIENTED_EDGE ( 'NONE', *, *, #2527, .T. ) ;
#1271 = DIRECTION ( 'NONE',  ( 0.000000000000000000, 0.000000000000000000, 1.000000000000000000 ) ) ;
#1272 = AXIS2_PLACEMENT_3D ( 'NONE', #1520, #7029, #4312 ) ;
#1273 = CARTESIAN_POINT ( 'NONE',  ( 64.49999999999998579, 0.000000000000000000, 0.000000000000000000 ) ) ;
#1274 = ORIENTED_EDGE ( 'NONE', *, *, #3245, .F. ) ;
#1275 = FACE_OUTER_BOUND ( 'NONE', #3479, .T. ) ;
#1276 = CARTESIAN_POINT ( 'NONE',  ( 87.87500000000000000, -1.328041165545655655, 3.671958834454344345 ) ) ;
#1277 = ORIENTED_EDGE ( 'NONE', *, *, #4509, .T. ) ;
#1278 = CARTESIAN_POINT ( 'NONE',  ( 115.3749999999999858, -3.671958834454344345, 1.328041165545655877 ) ) ;
#1279 = DIRECTION ( 'NONE',  ( 0.000000000000000000, -1.224646799147353207E-16, 1.000000000000000000 ) ) ;
#1280 = AXIS2_PLACEMENT_3D ( 'NONE', #4726, #7381, #3858 ) ;
#1281 = EDGE_CURVE ( 'NONE', #4733, #7385, #3857, .T. ) ;
#1282 = CARTESIAN_POINT ( 'NONE',  ( 114.8272287304205719, -4.282386290035405274, 0.7176137099645942818 ) ) ;
#1283 = B_SPLINE_CURVE_WITH_KNOTS ( 'NONE', 3,
 ( #3421, #6210, #5478, #8987, #1345, #4738, #699, #2728, #7616, #3326, #2771, #5435 ),
 .UNSPECIFIED., .F., .F.,
 ( 4, 2, 2, 2, 2, 4 ),
 ( 0.003504634718722711081, 0.003941423334001034617, 0.004378211949279357286, 0.005251789179836002623, 0.006125366410392648828, 0.006998943640949294165 ),
 .UNSPECIFIED. ) ;
#1284 = CARTESIAN_POINT ( 'NONE',  ( 29.11759796945997536, -0.1278684794971705341, 4.872131520502828828 ) ) ;
#1285 = AXIS2_PLACEMENT_3D ( 'NONE', #6041, #6720, #7400 ) ;
#1286 = CARTESIAN_POINT ( 'NONE',  ( 60.37500000000000000, 0.000000000000000000, 0.000000000000000000 ) ) ;
#1287 = CIRCLE ( 'NONE', #836, 3.999999999999997335 ) ;
#1288 = APPROVAL_PERSON_ORGANIZATION ( #4556, #3009, #5291 ) ;
#1289 = ORIENTED_EDGE ( 'NONE', *, *, #8306, .T. ) ;
#1290 = CARTESIAN_POINT ( 'NONE',  ( 120.3272287304205719, -4.282386290035391063, 0.7176137099646090478 ) ) ;
#1291 = CARTESIAN_POINT ( 'NONE',  ( 11.42277126958471634, -0.7176137099602843961, -4.282386290039718268 ) ) ;
#1292 = CARTESIAN_POINT ( 'NONE',  ( 21.32722873042055767, -4.282386290035422149, 0.7176137099645769624 ) ) ;
#1293 = DIRECTION ( 'NONE',  ( -1.000000000000000000, -0.000000000000000000, -0.000000000000000000 ) ) ;
#1294 = CIRCLE ( 'NONE', #8744, 1.374999999999994227 ) ;
#1295 = CARTESIAN_POINT ( 'NONE',  ( 74.85059813401477413, -0.06404366728011018361, -4.935956332719889872 ) ) ;
#1296 = TOROIDAL_SURFACE ( 'NONE', #7585, 1.000000000000000000, 4.000000000000000000 ) ;
#1297 = ORIENTED_EDGE ( 'NONE', *, *, #776, .T. ) ;
#1298 = EDGE_LOOP ( 'NONE', ( #5157, #3137, #6752, #8164 ) ) ;
#1299 = CARTESIAN_POINT ( 'NONE',  ( 116.7499999999999858, 0.000000000000000000, 0.000000000000000000 ) ) ;
#1300 = CARTESIAN_POINT ( 'NONE',  ( 120.8749999999999858, -1.328041165545675195, 3.671958834454324805 ) ) ;
#1301 = AXIS2_PLACEMENT_3D ( 'NONE', #2954, #1565, #970 ) ;
#1302 = ORIENTED_EDGE ( 'NONE', *, *, #733, .T. ) ;
#1303 = CARTESIAN_POINT ( 'NONE',  ( 113.2063102135242900, -0.03993437491703633047, -4.960065625082964225 ) ) ;
#1304 = CIRCLE ( 'NONE', #2484, 3.904737509655557215 ) ;
#1305 = DATE_TIME_ROLE ( 'classification_date' ) ;
#1306 = ORIENTED_EDGE ( 'NONE', *, *, #6702, .T. ) ;
#1307 = CARTESIAN_POINT ( 'NONE',  ( 35.47774279211274973, -9.891650758035703582E-15, -4.999999999999989342 ) ) ;
#1308 = CARTESIAN_POINT ( 'NONE',  ( 24.62500000000000000, 0.000000000000000000, 1.000000000000000000 ) ) ;
#1309 = CARTESIAN_POINT ( 'NONE',  ( 121.4226203301355440, -0.7177365438799139241, 4.282263456120085188 ) ) ;
#1310 = CARTESIAN_POINT ( 'NONE',  ( 9.534237717808377255, -4.739198801696348440, 0.2608011983036526704 ) ) ;
#1311 = AXIS2_PLACEMENT_3D ( 'NONE', #786, #4872, #2182 ) ;
#1312 = EDGE_CURVE ( 'NONE', #7109, #4196, #4900, .T. ) ;
#1313 = CARTESIAN_POINT ( 'NONE',  ( 52.85334765086493292, -4.935408751168116837, 0.06459124883188327448 ) ) ;
#1314 = DIRECTION ( 'NONE',  ( 0.000000000000000000, 0.000000000000000000, -1.000000000000000000 ) ) ;
#1315 = AXIS2_PLACEMENT_3D ( 'NONE', #1299, #6896, #4494 ) ;
#1316 = CARTESIAN_POINT ( 'NONE',  ( 107.1250000000000000, 1.224646799147353207E-16, -1.000000000000000000 ) ) ;
#1317 = EDGE_CURVE ( 'NONE', #5209, #7958, #3731, .T. ) ;
#1318 =( NAMED_UNIT ( * ) SI_UNIT ( $, .STERADIAN. ) SOLID_ANGLE_UNIT ( ) );
#1319 = VERTEX_POINT ( 'NONE', #2759 ) ;
#1320 = CARTESIAN_POINT ( 'NONE',  ( 0.000000000000000000, 0.000000000000000000, 0.000000000000000000 ) ) ;
#1321 = AXIS2_PLACEMENT_3D ( 'NONE', #3692, #8588, #5113 ) ;
#1322 = CARTESIAN_POINT ( 'NONE',  ( 120.2311995511639822, -0.6335913640930997959, 4.366408635906901203 ) ) ;
#1323 = ORIENTED_EDGE ( 'NONE', *, *, #5651, .T. ) ;
#1324 = ADVANCED_FACE ( 'NONE', ( #2116 ), #9019, .F. ) ;
#1325 = TOROIDAL_SURFACE ( 'NONE', #590, 1.000000000000000000, 4.000000000000000000 ) ;
#1326 = CARTESIAN_POINT ( 'NONE',  ( 24.77225720791391694, -4.999999999998972378, -1.027051588984831466E-12 ) ) ;
#1327 = VERTEX_POINT ( 'NONE', #36 ) ;
#1328 = CARTESIAN_POINT ( 'NONE',  ( 34.21616362764436303, -4.748219996440549373, -0.2517800035594509045 ) ) ;
#1329 = CARTESIAN_POINT ( 'NONE',  ( 21.87500000000000000, 0.000000000000000000, 0.000000000000000000 ) ) ;
#1330 = AXIS2_PLACEMENT_3D ( 'NONE', #4438, #6508, #4480 ) ;
#1331 = DIRECTION ( 'NONE',  ( -1.000000000000000000, -0.000000000000000000, -0.000000000000000000 ) ) ;
#1332 = ADVANCED_FACE ( 'NONE', ( #6329 ), #2679, .F. ) ;
#1333 = ADVANCED_FACE ( 'NONE', ( #4215 ), #4606, .F. ) ;
#1334 = CARTESIAN_POINT ( 'NONE',  ( 6.715762282205543166, -0.2608011982980506516, -4.739198801701948405 ) ) ;
#1335 = EDGE_CURVE ( 'NONE', #5639, #5922, #5969, .T. ) ;
#1336 = CARTESIAN_POINT ( 'NONE',  ( 37.03423771780833107, -4.739198801696361762, 0.2608011983036376824 ) ) ;
#1337 = SHAPE_REPRESENTATION ( '2.5mm_assem', ( #547, #8301, #1139, #6845, #5392 ), #7861 ) ;
#1338 = CARTESIAN_POINT ( 'NONE',  ( 106.3994018659850269, -4.935956332719855233, 0.06404366728014618260 ) ) ;
#1339 = CARTESIAN_POINT ( 'NONE',  ( 107.1250000000000000, -5.000000000000000888, -4.336808689942017736E-16 ) ) ;
#1340 = EDGE_CURVE ( 'NONE', #6623, #7325, #2368, .T. ) ;
#1341 = VERTEX_POINT ( 'NONE', #4086 ) ;
#1342 = ORIENTED_EDGE ( 'NONE', *, *, #4269, .F. ) ;
#1343 = TOROIDAL_SURFACE ( 'NONE', #2674, 1.000000000000000000, 3.999999999999997335 ) ;
#1344 = EDGE_LOOP ( 'NONE', ( #6537, #4094, #736 ) ) ;
#1345 = CARTESIAN_POINT ( 'NONE',  ( 62.39940186600667005, -4.935956332723952400, -0.06404366727604807186 ) ) ;
#1346 = ORIENTED_EDGE ( 'NONE', *, *, #4961, .T. ) ;
#1347 = DIRECTION ( 'NONE',  ( 0.000000000000000000, 0.000000000000000000, 1.000000000000000000 ) ) ;
#1348 = CARTESIAN_POINT ( 'NONE',  ( 25.77046193742622648, -4.832344906983776056, 0.1676550930162240549 ) ) ;
#1349 = AXIS2_PLACEMENT_3D ( 'NONE', #4247, #7048, #760 ) ;
#1350 = CARTESIAN_POINT ( 'NONE',  ( 63.41746587457268447, -0.008042224642536045798, -4.991957775357463767 ) ) ;
#1351 = CARTESIAN_POINT ( 'NONE',  ( 26.00000000000000355, 0.000000000000000000, 0.000000000000000000 ) ) ;
#1352 = CARTESIAN_POINT ( 'NONE',  ( 96.12500000002798117, -5.000000000000000888, -4.336808689942017736E-16 ) ) ;
#1353 = CARTESIAN_POINT ( 'NONE',  ( 59.51172757693689874, -4.502552532146859576, 0.4974474678531417005 ) ) ;
#1354 = VECTOR ( 'NONE', #8837, 1000.000000000000000 ) ;
#1355 = EDGE_CURVE ( 'NONE', #2260, #2017, #797, .T. ) ;
#1356 = DIRECTION ( 'NONE',  ( 0.000000000000000000, 0.000000000000000000, 1.000000000000000000 ) ) ;
#1357 = DIRECTION ( 'NONE',  ( 1.000000000000000000, 0.000000000000000000, 0.000000000000000000 ) ) ;
#1358 = ORIENTED_EDGE ( 'NONE', *, *, #1243, .F. ) ;
#1359 = LINE ( 'NONE', #4155, #8392 ) ;
#1360 = CARTESIAN_POINT ( 'NONE',  ( 60.37500000000000000, -3.671958834454334575, 1.328041165545665647 ) ) ;
#1361 = ORIENTED_EDGE ( 'NONE', *, *, #8082, .F. ) ;
#1362 = CARTESIAN_POINT ( 'NONE',  ( 13.62500000000000000, 0.000000000000000000, 0.000000000000000000 ) ) ;
#1363 = B_SPLINE_CURVE_WITH_KNOTS ( 'NONE', 3,
 ( #3518, #4242, #2831, #8402, #756, #3555, #8449, #4972, #3596, #6396, #4422, #2327 ),
 .UNSPECIFIED., .F., .F.,
 ( 4, 2, 2, 2, 2, 4 ),
 ( 0.003504634718722713250, 0.003941423334001034617, 0.004378211949279355551, 0.005251789179835996552, 0.006125366410392638419, 0.006998943640949279420 ),
 .UNSPECIFIED. ) ;
#1364 = CARTESIAN_POINT ( 'NONE',  ( 79.92125362938304534, -4.991698401479151670, 0.008301598520848907717 ) ) ;
#1365 = ORIENTED_EDGE ( 'NONE', *, *, #7151, .F. ) ;
#1366 = CARTESIAN_POINT ( 'NONE',  ( 62.97774279211274262, -9.153673302740402301E-15, -4.999999999999991118 ) ) ;
#1367 = DIRECTION ( 'NONE',  ( 0.000000000000000000, 0.000000000000000000, 1.000000000000000000 ) ) ;
#1368 = FACE_OUTER_BOUND ( 'NONE', #5854, .T. ) ;
#1369 = B_SPLINE_CURVE_WITH_KNOTS ( 'NONE', 3,
 ( #4301, #8061, #4535, #5361, #5917, #5961, #398, #8695, #5412, #1004, #3850, #5219 ),
 .UNSPECIFIED., .F., .F.,
 ( 4, 2, 2, 2, 2, 4 ),
 ( 0.003504634718750216857, 0.003941423334025103906, 0.004378211949299990087, 0.005251789179849764184, 0.006125366410399537415, 0.006998943640949311512 ),
 .UNSPECIFIED. ) ;
#1370 = ORIENTED_EDGE ( 'NONE', *, *, #2726, .F. ) ;
#1371 = ADVANCED_FACE ( 'NONE', ( #8380 ), #3306, .T. ) ;
#1372 = AXIS2_PLACEMENT_3D ( 'NONE', #2158, #2109, #30 ) ;
#1373 = FACE_OUTER_BOUND ( 'NONE', #2065, .T. ) ;
#1374 = CARTESIAN_POINT ( 'NONE',  ( 68.62499999999998579, 0.000000000000000000, 1.000000000000000000 ) ) ;
#1375 = CARTESIAN_POINT ( 'NONE',  ( 36.21113448347798425, -4.959369330381698582, 0.04063066961830182067 ) ) ;
#1376 = DIRECTION ( 'NONE',  ( 0.000000000000000000, 0.000000000000000000, 1.000000000000000000 ) ) ;
#1377 = EDGE_CURVE ( 'NONE', #2967, #2354, #3887, .T. ) ;
#1378 = AXIS2_PLACEMENT_3D ( 'NONE', #4971, #7759, #1489 ) ;
#1379 = DIRECTION ( 'NONE',  ( 0.000000000000000000, 0.000000000000000000, 1.000000000000000000 ) ) ;
#1380 = ORIENTED_EDGE ( 'NONE', *, *, #5355, .T. ) ;
#1381 = ORIENTED_EDGE ( 'NONE', *, *, #1551, .T. ) ;
#1382 = CARTESIAN_POINT ( 'NONE',  ( 5.375000000000000000, -1.328041165545665425, 3.671958834454335019 ) ) ;
#1383 = CARTESIAN_POINT ( 'NONE',  ( 65.60263427936256164, -4.040089233410261826, -0.9599107665897400610 ) ) ;
#1384 = CARTESIAN_POINT ( 'NONE',  ( 51.54368978649817024, -4.960065625086326868, 0.03993437491367413800 ) ) ;
#1385 = AXIS2_PLACEMENT_3D ( 'NONE', #2848, #5632, #4817 ) ;
#1386 = AXIS2_PLACEMENT_3D ( 'NONE', #7952, #7536, #1264 ) ;
#1387 = PERSON_AND_ORGANIZATION_ROLE ( 'classification_officer' ) ;
#1388 = EDGE_LOOP ( 'NONE', ( #4871, #6685, #8175, #8791 ) ) ;
#1389 = DIRECTION ( 'NONE',  ( 0.000000000000000000, 0.000000000000000000, 1.000000000000000000 ) ) ;
#1390 = CARTESIAN_POINT ( 'NONE',  ( 43.87500000000000000, 0.000000000000000000, 0.000000000000000000 ) ) ;
#1391 = DIRECTION ( 'NONE',  ( 0.000000000000000000, 0.000000000000000000, 1.000000000000000000 ) ) ;
#1392 = DIRECTION ( 'NONE',  ( -1.000000000000000000, -0.000000000000000000, -0.000000000000000000 ) ) ;
#1393 = CARTESIAN_POINT ( 'NONE',  ( 40.82874637064227130, -0.008301598518916403213, 4.991698401481083458 ) ) ;
#1394 = CIRCLE ( 'NONE', #3896, 3.999999999999999112 ) ;
#1395 = FACE_OUTER_BOUND ( 'NONE', #3157, .T. ) ;
#1396 = CARTESIAN_POINT ( 'NONE',  ( 101.6249999999997868, 2.818544231345960265E-13, 5.000000000000282441 ) ) ;
#1397 = CARTESIAN_POINT ( 'NONE',  ( 0.000000000000000000, 0.000000000000000000, 1.000000000000000000 ) ) ;
#1398 = ORIENTED_EDGE ( 'NONE', *, *, #2787, .T. ) ;
#1399 = CARTESIAN_POINT ( 'NONE',  ( 103.7262504537199561, -4.359865889253467408, -0.6401341107465334801 ) ) ;
#1400 = CARTESIAN_POINT ( 'NONE',  ( 0.000000000000000000, 0.000000000000000000, 0.000000000000000000 ) ) ;
#1401 = EDGE_LOOP ( 'NONE', ( #6034, #857, #1562 ) ) ;
#1402 = AXIS2_PLACEMENT_3D ( 'NONE', #1528, #2965, #196 ) ;
#1403 = CARTESIAN_POINT ( 'NONE',  ( 90.62499999999998579, 0.000000000000000000, 0.000000000000000000 ) ) ;
#1404 = ADVANCED_FACE ( 'NONE', ( #4256 ), #7384, .T. ) ;
#1405 = CARTESIAN_POINT ( 'NONE',  ( 89.89665234915595704, -0.06459124882792273425, 4.935408751172076336 ) ) ;
#1406 = ORIENTED_EDGE ( 'NONE', *, *, #2057, .F. ) ;
#1407 = CARTESIAN_POINT ( 'NONE',  ( 60.25378377920364414, -3.863136006093132568, -1.136863993906866321 ) ) ;
#1408 = DIRECTION ( 'NONE',  ( 0.000000000000000000, 0.000000000000000000, 1.000000000000000000 ) ) ;
#1409 = AXIS2_PLACEMENT_3D ( 'NONE', #7106, #6173, #5440 ) ;
#1410 = CARTESIAN_POINT ( 'NONE',  ( 46.62500000000000000, 0.000000000000000000, 0.000000000000000000 ) ) ;
#1411 = CARTESIAN_POINT ( 'NONE',  ( 115.1026342793625616, -4.040089233410273373, 0.9599107665897265163 ) ) ;
#1412 = AXIS2_PLACEMENT_3D ( 'NONE', #4555, #8077, #1070 ) ;
#1413 = CARTESIAN_POINT ( 'NONE',  ( 49.37500000000000000, -3.671958834454334575, -1.328041165545665647 ) ) ;
#1414 = ORIENTED_EDGE ( 'NONE', *, *, #8146, .T. ) ;
#1415 = DIRECTION ( 'NONE',  ( 0.000000000000000000, 0.000000000000000000, 1.000000000000000000 ) ) ;
#1416 = CIRCLE ( 'NONE', #6548, 4.000000000000000000 ) ;
#1417 = DIRECTION ( 'NONE',  ( 0.000000000000000000, 0.000000000000000000, 1.000000000000000000 ) ) ;
#1418 = EDGE_CURVE ( 'NONE', #7658, #2951, #7533, .T. ) ;
#1419 = CARTESIAN_POINT ( 'NONE',  ( 15.72625045371992769, -4.359865889253489613, 0.6401341107465100544 ) ) ;
#1420 = AXIS2_PLACEMENT_3D ( 'NONE', #8547, #5623, #3367 ) ;
#1421 = DIRECTION ( 'NONE',  ( -1.000000000000000000, -0.000000000000000000, -0.000000000000000000 ) ) ;
#1422 = VERTEX_POINT ( 'NONE', #5133 ) ;
#1423 = ADVANCED_FACE ( 'NONE', ( #2254 ), #2987, .F. ) ;
#1424 = ORIENTED_EDGE ( 'NONE', *, *, #5248, .F. ) ;
#1425 = ORIENTED_EDGE ( 'NONE', *, *, #1031, .T. ) ;
#1426 = AXIS2_PLACEMENT_3D ( 'NONE', #5587, #6876, #594 ) ;
#1427 = CARTESIAN_POINT ( 'NONE',  ( 64.89842623724027248, -4.567820679626462876, -0.4321793203735366240 ) ) ;
#1428 = ADVANCED_FACE ( 'NONE', ( #7823 ), #1684, .F. ) ;
#1429 = APPROVAL_PERSON_ORGANIZATION ( #2599, #8496, #8172 ) ;
#1430 = CARTESIAN_POINT ( 'NONE',  ( 101.6250000000000000, 0.000000000000000000, 0.000000000000000000 ) ) ;
#1431 = APPROVAL_DATE_TIME ( #3458, #6214 ) ;
#1432 = ORIENTED_EDGE ( 'NONE', *, *, #7299, .F. ) ;
#1433 = DIRECTION ( 'NONE',  ( -1.000000000000000000, -0.000000000000000000, -0.000000000000000000 ) ) ;
#1434 = EDGE_CURVE ( 'NONE', #2732, #4639, #8114, .T. ) ;
#1435 = AXIS2_PLACEMENT_3D ( 'NONE', #8364, #6265, #2102 ) ;
#1436 = CARTESIAN_POINT ( 'NONE',  ( 63.12499999999977973, 2.853433197910877531E-13, -5.000000000000285105 ) ) ;
#1437 = CARTESIAN_POINT ( 'NONE',  ( 63.12499999999977973, 2.853433197910877531E-13, -5.000000000000285105 ) ) ;
#1438 = EDGE_CURVE ( 'NONE', #564, #2000, #7922, .T. ) ;
#1439 = CARTESIAN_POINT ( 'NONE',  ( 10.75378377920365303, -3.863136006093129460, 1.136863993906869652 ) ) ;
#1440 = ADVANCED_FACE ( 'NONE', ( #914 ), #4461, .T. ) ;
#1441 = AXIS2_PLACEMENT_3D ( 'NONE', #4285, #1587, #8545 ) ;
#1443 = CARTESIAN_POINT ( 'NONE',  ( 72.59032131224201123, -0.3138588207986942047, -4.686141179201305462 ) ) ;
#1442 = CIRCLE ( 'NONE', #2913, 1.374999999999994227 ) ;
#1444 = CARTESIAN_POINT ( 'NONE',  ( 27.37500000000000000, -1.328041165545663649, -3.671958834454336351 ) ) ;
#1445 = DIRECTION ( 'NONE',  ( 0.000000000000000000, 0.000000000000000000, 1.000000000000000000 ) ) ;
#1446 = ORIENTED_EDGE ( 'NONE', *, *, #5513, .F. ) ;
#1447 = FACE_OUTER_BOUND ( 'NONE', #5048, .T. ) ;
#1448 = DIRECTION ( 'NONE',  ( -1.000000000000000000, -0.000000000000000000, -0.000000000000000000 ) ) ;
#1449 = ORIENTED_EDGE ( 'NONE', *, *, #6694, .F. ) ;
#1450 = CARTESIAN_POINT ( 'NONE',  ( 71.37500000000000000, -3.671958834454324805, -1.328041165545675195 ) ) ;
#1451 = CARTESIAN_POINT ( 'NONE',  ( 90.47774279211276394, -1.181610961419747395E-14, 4.999999999999989342 ) ) ;
#1452 = EDGE_CURVE ( 'NONE', #1422, #2554, #5192, .T. ) ;
#1453 = DIRECTION ( 'NONE',  ( 0.000000000000000000, -1.000000000000000000, 0.000000000000000000 ) ) ;
#1454 = CARTESIAN_POINT ( 'NONE',  ( 82.49600116288353036, -3.862796825715736571, 1.137203174284263651 ) ) ;
#1456 = LINE ( 'NONE', #2199, #6257 ) ;
#1455 = CARTESIAN_POINT ( 'NONE',  ( 4.336032428361277447, -4.573479442990456612, 0.4265205570095408905 ) ) ;
#1457 = CARTESIAN_POINT ( 'NONE',  ( 114.7262504537199277, -4.359865889253476290, 0.6401341107465227109 ) ) ;
#1458 = CIRCLE ( 'NONE', #9059, 1.000000000000000000 ) ;
#1459 = DIRECTION ( 'NONE',  ( -1.000000000000000000, -0.000000000000000000, -0.000000000000000000 ) ) ;
#1460 = DIRECTION ( 'NONE',  ( -1.000000000000000000, -0.000000000000000000, -0.000000000000000000 ) ) ;
#1461 = CIRCLE ( 'NONE', #4689, 4.000000000000001776 ) ;
#1462 = ORIENTED_EDGE ( 'NONE', *, *, #7507, .F. ) ;
#1463 = CARTESIAN_POINT ( 'NONE',  ( 90.62499999999998579, 0.000000000000000000, 0.000000000000000000 ) ) ;
#1464 = CARTESIAN_POINT ( 'NONE',  ( 38.49600116288348772, -3.862796825715721472, 1.137203174284276974 ) ) ;
#1465 = CARTESIAN_POINT ( 'NONE',  ( 119.8984262372402867, -4.567820679626460212, 0.4321793203735401767 ) ) ;
#1466 = CIRCLE ( 'NONE', #4541, 3.904737509655560768 ) ;
#1467 = CARTESIAN_POINT ( 'NONE',  ( 43.01172757693688453, -4.502552532146859576, -0.4974474678531404792 ) ) ;
#1468 = DIRECTION ( 'NONE',  ( -1.000000000000000000, -0.000000000000000000, -0.000000000000000000 ) ) ;
#1469 = B_SPLINE_CURVE_WITH_KNOTS ( 'NONE', 3,
 ( #363, #412, #7430, #4731, #8804, #6115, #4638, #4044, #6700, #3958, #5471, #5285, #8163, #1900, #8072, #4688 ),
 .UNSPECIFIED., .F., .F.,
 ( 4, 2, 2, 2, 2, 2, 2, 4 ),
 ( 4.818711198559719464E-07, 0.0008765200830274418996, 0.001314539188981234076, 0.001752558294935026469, 0.002190577400888818211, 0.002628596506842610821, 0.003066615612796402997, 0.003504634718750195173 ),
 .UNSPECIFIED. ) ;
#1470 = VERTEX_POINT ( 'NONE', #7871 ) ;
#1471 = CARTESIAN_POINT ( 'NONE',  ( 105.0188004488359326, -4.366408635906856794, -0.6335913640931425395 ) ) ;
#1472 = B_SPLINE_CURVE_WITH_KNOTS ( 'NONE', 3,
 ( #336, #383, #6043, #6722, #4611, #7402, #298, #3154, #7360, #8133, #5998, #8822 ),
 .UNSPECIFIED., .F., .F.,
 ( 4, 2, 2, 2, 2, 4 ),
 ( 0.003504634718722878482, 0.003941423334001176865, 0.004378211949279474380, 0.005251789179836069410, 0.006125366410392665308, 0.006998943640949261205 ),
 .UNSPECIFIED. ) ;
#1473 = ORIENTED_EDGE ( 'NONE', *, *, #1418, .T. ) ;
#1474 = ORIENTED_EDGE ( 'NONE', *, *, #8884, .T. ) ;
#1475 = CARTESIAN_POINT ( 'NONE',  ( 76.87500000000000000, 0.000000000000000000, 0.000000000000000000 ) ) ;
#1476 = DIRECTION ( 'NONE',  ( 0.000000000000000000, 0.000000000000000000, 1.000000000000000000 ) ) ;
#1477 = ADVANCED_FACE ( 'NONE', ( #7779 ), #505, .T. ) ;
#1478 = CARTESIAN_POINT ( 'NONE',  ( 7.399401866006582118, -4.935956332723932860, 0.06404366727606761178 ) ) ;
#1479 = ORIENTED_EDGE ( 'NONE', *, *, #6321, .F. ) ;
#1480 = CARTESIAN_POINT ( 'NONE',  ( 8.125000000000000000, 0.000000000000000000, 0.000000000000000000 ) ) ;
#1481 = CIRCLE ( 'NONE', #6617, 3.904737509655565653 ) ;
#1482 = ADVANCED_FACE ( 'NONE', ( #4393 ), #8699, .F. ) ;
#1483 = CARTESIAN_POINT ( 'NONE',  ( 10.87500000000000000, -3.671958834454336351, -1.328041165545663649 ) ) ;
#1484 = CARTESIAN_POINT ( 'NONE',  ( 10.60263427936257763, -4.040089233410278702, 0.9599107665897204100 ) ) ;
#1485 = CARTESIAN_POINT ( 'NONE',  ( 68.62499999999998579, 0.000000000000000000, 0.000000000000000000 ) ) ;
#1486 = EDGE_CURVE ( 'NONE', #7546, #6801, #1369, .T. ) ;
#1487 =( NAMED_UNIT ( * ) PLANE_ANGLE_UNIT ( ) SI_UNIT ( $, .RADIAN. ) );
#1488 = ORIENTED_EDGE ( 'NONE', *, *, #7517, .T. ) ;
#1489 = DIRECTION ( 'NONE',  ( 0.000000000000000000, -1.224646799147353207E-16, 1.000000000000000000 ) ) ;
#1490 = B_SPLINE_CURVE_WITH_KNOTS ( 'NONE', 3,
 ( #6939, #8226, #2698, #1309, #2778, #1262, #5485, #2822, #706, #8394, #4060, #662, #7581, #4234 ),
 .UNSPECIFIED., .F., .F.,
 ( 4, 2, 2, 2, 2, 2, 4 ),
 ( 4.818711198495564129E-07, 0.0008763243365552671020, 0.001314245569272988901, 0.001752166801990710917, 0.002190088034708432933, 0.002628009267426154733, 0.003503851732861638230 ),
 .UNSPECIFIED. ) ;
#1491 = DIRECTION ( 'NONE',  ( 0.000000000000000000, 0.000000000000000000, 1.000000000000000000 ) ) ;
#1492 = ORIENTED_EDGE ( 'NONE', *, *, #766, .F. ) ;
#1493 = CARTESIAN_POINT ( 'NONE',  ( 123.6249999999999858, 0.000000000000000000, 0.000000000000000000 ) ) ;
#1494 = CARTESIAN_POINT ( 'NONE',  ( 79.62500000002799538, -5.000000000000000888, -4.336808689942017736E-16 ) ) ;
#1495 = DIRECTION ( 'NONE',  ( 0.000000000000000000, 0.000000000000000000, 1.000000000000000000 ) ) ;
#1496 = CARTESIAN_POINT ( 'NONE',  ( 150.0000000000000000, 0.000000000000000000, -5.000000000000000000 ) ) ;
#1498 = CARTESIAN_POINT ( 'NONE',  ( 0.000000000000000000, 0.000000000000000000, 1.000000000000000000 ) ) ;
#1497 = CARTESIAN_POINT ( 'NONE',  ( 12.89940186600660788, -4.935956332723937301, -0.06404366727606326803 ) ) ;
#1499 = EDGE_LOOP ( 'NONE', ( #8828, #239, #7528 ) ) ;
#1500 = CARTESIAN_POINT ( 'NONE',  ( 98.32722873042057188, -4.282386290035391063, 0.7176137099646090478 ) ) ;
#1501 = CARTESIAN_POINT ( 'NONE',  ( 125.0000000000000000, 0.000000000000000000, 0.000000000000000000 ) ) ;
#1502 = ORIENTED_EDGE ( 'NONE', *, *, #6398, .F. ) ;
#1503 = CARTESIAN_POINT ( 'NONE',  ( 47.35334765086491160, -4.935408751168119501, -0.06459124883188094302 ) ) ;
#1504 = AXIS2_PLACEMENT_3D ( 'NONE', #7917, #5875, #6555 ) ;
#1505 = VERTEX_POINT ( 'NONE', #6103 ) ;
#1506 = CARTESIAN_POINT ( 'NONE',  ( 101.0388655165443197, -0.04063066961492946272, -4.959369330385070107 ) ) ;
#1507 = CARTESIAN_POINT ( 'NONE',  ( 123.6249999999999858, 1.224646799147353207E-16, -1.000000000000000000 ) ) ;
#1508 = CYLINDRICAL_SURFACE ( 'NONE', #1719, 1.000000000000000000 ) ;
#1509 = CARTESIAN_POINT ( 'NONE',  ( 104.6487746502993019, -4.041784260359772674, 0.9582157396402267713 ) ) ;
#1510 = CARTESIAN_POINT ( 'NONE',  ( 110.1473657206397689, -0.9599107665869561767, -4.040089233413043601 ) ) ;
#1511 = ORIENTED_EDGE ( 'NONE', *, *, #5892, .F. ) ;
#1512 = CARTESIAN_POINT ( 'NONE',  ( 43.60122534970067676, -0.9582157396401917993, -4.041784260359809089 ) ) ;
#1513 = ORIENTED_EDGE ( 'NONE', *, *, #6757, .T. ) ;
#1514 = ADVANCED_FACE ( 'NONE', ( #8880 ), #7371, .F. ) ;
#1515 = ORIENTED_EDGE ( 'NONE', *, *, #1711, .T. ) ;
#1516 = CARTESIAN_POINT ( 'NONE',  ( 22.42277126958471811, -0.7176137099602855063, -4.282386290039713828 ) ) ;
#1517 = EDGE_CURVE ( 'NONE', #8924, #2592, #2583, .T. ) ;
#1518 = CARTESIAN_POINT ( 'NONE',  ( 92.82722873042057188, -4.282386290035391063, 0.7176137099646090478 ) ) ;
#1519 = AXIS2_PLACEMENT_3D ( 'NONE', #4386, #769, #168 ) ;
#1520 = CARTESIAN_POINT ( 'NONE',  ( 17.75000000000000000, 0.000000000000000000, 0.000000000000000000 ) ) ;
#1521 = EDGE_CURVE ( 'NONE', #1057, #7935, #1694, .T. ) ;
#1522 = VERTEX_POINT ( 'NONE', #3893 ) ;
#1523 = DIRECTION ( 'NONE',  ( -1.000000000000000000, -0.000000000000000000, -0.000000000000000000 ) ) ;
#1524 = CARTESIAN_POINT ( 'NONE',  ( 37.73119955116401059, -0.6335913640930908031, -4.366408635906910085 ) ) ;
#1525 = DIRECTION ( 'NONE',  ( -1.000000000000000000, -0.000000000000000000, -0.000000000000000000 ) ) ;
#1526 = DIRECTION ( 'NONE',  ( -1.000000000000000000, -0.000000000000000000, -0.000000000000000000 ) ) ;
#1527 = ADVANCED_FACE ( 'NONE', ( #3987 ), #7968, .F. ) ;
#1528 = CARTESIAN_POINT ( 'NONE',  ( 68.62499999999998579, 0.000000000000000000, 0.000000000000000000 ) ) ;
#1529 = DIRECTION ( 'NONE',  ( 0.7071067811865477948, -0.7071067811865473507, 1.085756341138226776E-16 ) ) ;
#1530 = ORIENTED_EDGE ( 'NONE', *, *, #5122, .F. ) ;
#1531 = CARTESIAN_POINT ( 'NONE',  ( 103.8272287304205435, -4.282386290035390175, -0.7176137099646094919 ) ) ;
#1532 = CARTESIAN_POINT ( 'NONE',  ( 65.60122534970069808, -0.9582157396401982385, 4.041784260359801095 ) ) ;
#1533 = ORIENTED_EDGE ( 'NONE', *, *, #4696, .F. ) ;
#1534 = CARTESIAN_POINT ( 'NONE',  ( 88.42277126958471456, -0.7176137099602811764, -4.282386290039720045 ) ) ;
#1535 = CARTESIAN_POINT ( 'NONE',  ( 68.62499999999998579, 0.000000000000000000, 0.000000000000000000 ) ) ;
#1536 = CC_DESIGN_PERSON_AND_ORGANIZATION_ASSIGNMENT ( #1910, #1212, ( #8009 ) ) ;
#1537 = CARTESIAN_POINT ( 'NONE',  ( 109.6012253497006697, -0.9582157396401881355, 4.041784260359812642 ) ) ;
#1538 = CARTESIAN_POINT ( 'NONE',  ( 61.23827242307174146, -0.4974474678478688627, -4.502552532152131803 ) ) ;
#1540 = CARTESIAN_POINT ( 'NONE',  ( 87.75399883711742177, -1.137203174285758012, 3.862796825714241766 ) ) ;
#1539 = CARTESIAN_POINT ( 'NONE',  ( 4.455052819054373003, -4.508555833051965500, 0.4914441669480343333 ) ) ;
#1541 = ORIENTED_EDGE ( 'NONE', *, *, #2963, .F. ) ;
#1542 = CARTESIAN_POINT ( 'NONE',  ( 38.37499999999999289, -1.328041165545660540, 3.671958834454339460 ) ) ;
#1543 = CARTESIAN_POINT ( 'NONE',  ( 4.788203352913347643, -4.288723716504676986, -0.7112762834953232360 ) ) ;
#1544 = ORIENTED_EDGE ( 'NONE', *, *, #1180, .T. ) ;
#1545 = CARTESIAN_POINT ( 'NONE',  ( 30.71113448345549202, -4.959369330385105634, -0.04063066961489460865 ) ) ;
#1546 = CIRCLE ( 'NONE', #5944, 1.000000000000000000 ) ;
#1547 = ORIENTED_EDGE ( 'NONE', *, *, #8290, .T. ) ;
#1548 = CARTESIAN_POINT ( 'NONE',  ( 100.4795380625908052, -0.1676550930109083903, -4.832344906989090028 ) ) ;
#1549 = ADVANCED_FACE ( 'NONE', ( #8793 ), #1246, .T. ) ;
#1550 = CARTESIAN_POINT ( 'NONE',  ( 71.25378377920364414, -3.863136006093112140, -1.136863993906888304 ) ) ;
#1551 = EDGE_CURVE ( 'NONE', #5473, #6209, #3006, .T. ) ;
#1552 = CARTESIAN_POINT ( 'NONE',  ( 112.9174658745726560, -0.008042224642539314017, 4.991957775357460214 ) ) ;
#1553 = DIRECTION ( 'NONE',  ( -1.000000000000000000, -0.000000000000000000, -0.000000000000000000 ) ) ;
#1554 = AXIS2_PLACEMENT_3D ( 'NONE', #7120, #2366, #4367 ) ;
#1555 = EDGE_CURVE ( 'NONE', #4639, #7925, #4762, .T. ) ;
#1556 = CARTESIAN_POINT ( 'NONE',  ( 76.87500000000000000, 0.000000000000000000, 3.904737509655557659 ) ) ;
#1557 = CARTESIAN_POINT ( 'NONE',  ( 109.8749999999999858, -1.328041165545655877, -3.671958834454344345 ) ) ;
#1558 = CIRCLE ( 'NONE', #8580, 3.904737509655557215 ) ;
#1559 = ORIENTED_EDGE ( 'NONE', *, *, #1781, .T. ) ;
#1560 = DIRECTION ( 'NONE',  ( -1.000000000000000000, -0.000000000000000000, -0.000000000000000000 ) ) ;
#1561 = ORIENTED_EDGE ( 'NONE', *, *, #1741, .T. ) ;
#1562 = ORIENTED_EDGE ( 'NONE', *, *, #5366, .F. ) ;
#1563 = CARTESIAN_POINT ( 'NONE',  ( 21.87500000000000000, -1.328041165545665425, -3.671958834454335019 ) ) ;
#1564 = CARTESIAN_POINT ( 'NONE',  ( 79.77225720791399510, -4.999999999998965272, -1.033786818522306987E-12 ) ) ;
#1565 = DIRECTION ( 'NONE',  ( -1.000000000000000000, -0.000000000000000000, -0.000000000000000000 ) ) ;
#1566 = CIRCLE ( 'NONE', #1280, 3.999999999999997335 ) ;
#1567 = CARTESIAN_POINT ( 'NONE',  ( 50.59032131224200413, -0.3138588207986883760, -4.686141179201312568 ) ) ;
#1568 = ORIENTED_EDGE ( 'NONE', *, *, #2163, .T. ) ;
#1569 = CARTESIAN_POINT ( 'NONE',  ( 132.6250000000000000, 0.000000000000000000, 0.000000000000000000 ) ) ;
#1570 = CIRCLE ( 'NONE', #4795, 3.904737509655557215 ) ;
#1571 = CIRCLE ( 'NONE', #2459, 1.000000000000000000 ) ;
#1572 = VERTEX_POINT ( 'NONE', #7641 ) ;
#1573 = CARTESIAN_POINT ( 'NONE',  ( 36.20631021352429002, -0.03993437491703615699, -4.960065625082964225 ) ) ;
#1574 = APPROVAL_PERSON_ORGANIZATION ( #7348, #304, #328 ) ;
#1575 = CARTESIAN_POINT ( 'NONE',  ( 47.35059813401476703, -0.06404366728010563170, -4.935956332719894313 ) ) ;
#1576 = CARTESIAN_POINT ( 'NONE',  ( 71.64736572063974052, -0.9599107665869607287, -4.040089233413039160 ) ) ;
#1577 = B_SPLINE_CURVE_WITH_KNOTS ( 'NONE', 3,
 ( #7002, #2971, #158, #1534, #3557, #798, #5764, #6451, #7763, #8451, #111, #7217, #2278, #5857, #2876, #2921 ),
 .UNSPECIFIED., .F., .F.,
 ( 4, 2, 2, 2, 2, 2, 2, 4 ),
 ( 4.818711198656964140E-07, 0.0008765200830274448270, 0.001314539188981234509, 0.001752558294935024083, 0.002190577400888813440, 0.002628596506842603014, 0.003066615612796392588, 0.003504634718750182162 ),
 .UNSPECIFIED. ) ;
#1578 = DIRECTION ( 'NONE',  ( -1.000000000000000000, -0.000000000000000000, -0.000000000000000000 ) ) ;
#1579 = APPROVAL_ROLE ( '' ) ;
#1580 = ORIENTED_EDGE ( 'NONE', *, *, #7250, .F. ) ;
#1581 = CARTESIAN_POINT ( 'NONE',  ( 98.60263427936257585, -4.040089233410254721, -0.9599107665897453900 ) ) ;
#1582 = TOROIDAL_SURFACE ( 'NONE', #8167, 1.000000000000000000, 3.999999999999997335 ) ;
#1583 = CARTESIAN_POINT ( 'NONE',  ( 78.25000000000000000, 0.000000000000000000, 0.000000000000000000 ) ) ;
#1584 = EDGE_LOOP ( 'NONE', ( #3616, #2900, #922, #1289 ) ) ;
#1585 = CARTESIAN_POINT ( 'NONE',  ( 123.6249999999999858, 0.000000000000000000, 0.000000000000000000 ) ) ;
#1586 = CARTESIAN_POINT ( 'NONE',  ( 19.12500000002784262, -5.000000000000000888, -4.336808689942017736E-16 ) ) ;
#1587 = DIRECTION ( 'NONE',  ( -1.000000000000000000, -0.000000000000000000, -0.000000000000000000 ) ) ;
#1588 = AXIS2_PLACEMENT_3D ( 'NONE', #3391, #4838, #5573 ) ;
#1589 = CARTESIAN_POINT ( 'NONE',  ( 17.01880044884221732, -4.366408635911667169, 0.6335913640883329423 ) ) ;
#1591 = CARTESIAN_POINT ( 'NONE',  ( 98.01876480693205451, -0.4915337874217388658, 4.508466212578261967 ) ) ;
#1590 = CARTESIAN_POINT ( 'NONE',  ( 120.8749999999999858, 5.452579144223524507E-16, -3.904737509655557215 ) ) ;
#1592 = ADVANCED_FACE ( 'NONE', ( #4125 ), #6994, .T. ) ;
#1593 = CARTESIAN_POINT ( 'NONE',  ( 37.39842623724020854, -4.567820679626509062, -0.4321793203734921596 ) ) ;
#1594 = CARTESIAN_POINT ( 'NONE',  ( 13.62500000000000000, 0.000000000000000000, 0.000000000000000000 ) ) ;
#1595 = VERTEX_POINT ( 'NONE', #4719 ) ;
#1596 = CARTESIAN_POINT ( 'NONE',  ( 32.60263427936020264, -4.040089233413073799, -0.9599107665869260897 ) ) ;
#1597 = EDGE_CURVE ( 'NONE', #4224, #499, #393, .T. ) ;
#1598 = AXIS2_PLACEMENT_3D ( 'NONE', #5089, #5733, #6470 ) ;
#1599 = ORIENTED_EDGE ( 'NONE', *, *, #4742, .T. ) ;
#1600 = CARTESIAN_POINT ( 'NONE',  ( 19.41746587457268802, -0.008042224642537282656, -4.991957775357462879 ) ) ;
#1601 = CARTESIAN_POINT ( 'NONE',  ( 66.14877465030181725, -4.041784260362685899, 0.9582157396373157665 ) ) ;
#1602 = CARTESIAN_POINT ( 'NONE',  ( 60.49621622079730088, -1.136863993905374626, 3.863136006094625152 ) ) ;
#1603 = DIRECTION ( 'NONE',  ( 0.000000000000000000, 0.000000000000000000, 1.000000000000000000 ) ) ;
#1604 = ADVANCED_BREP_SHAPE_REPRESENTATION ( '', ( #3257, #3344 ), #7390 ) ;
#1605 = AXIS2_PLACEMENT_3D ( 'NONE', #4270, #8, #8436 ) ;
#1606 = B_SPLINE_CURVE_WITH_KNOTS ( 'NONE', 3,
 ( #8901, #3377, #2643, #5983, #6704, #8807, #1158, #1855, #3235, #6029, #8166, #4642, #7433, #6075, #8851, #7480 ),
 .UNSPECIFIED., .F., .F.,
 ( 4, 2, 2, 2, 2, 2, 2, 4 ),
 ( 4.818711198600705270E-07, 0.0008765200830274453691, 0.001314539188981238196, 0.001752558294935030805, 0.002190577400888823415, 0.002628596506842616025, 0.003066615612796408635, 0.003504634718750201244 ),
 .UNSPECIFIED. ) ;
#1607 = CYLINDRICAL_SURFACE ( 'NONE', #8027, 1.000000000000000000 ) ;
#1608 = CIRCLE ( 'NONE', #7165, 1.000000000000000000 ) ;
#1609 = EDGE_CURVE ( 'NONE', #2951, #8488, #8159, .T. ) ;
#1610 = TOROIDAL_SURFACE ( 'NONE', #425, 1.000000000000000000, 3.999999999999997335 ) ;
#1611 = LINE ( 'NONE', #5735, #4821 ) ;
#1612 = EDGE_CURVE ( 'NONE', #7109, #7675, #1134, .T. ) ;
#1613 = EDGE_LOOP ( 'NONE', ( #2430, #4455, #7646, #190, #1740, #7518 ) ) ;
#1614 = CARTESIAN_POINT ( 'NONE',  ( 46.33253412545226269, -4.991957775359336935, 0.008042224640663980795 ) ) ;
#1615 = ORIENTED_EDGE ( 'NONE', *, *, #4036, .F. ) ;
#1616 = CIRCLE ( 'NONE', #5275, 3.999999999999997335 ) ;
#1617 = ORIENTED_EDGE ( 'NONE', *, *, #7921, .F. ) ;
#1618 = CARTESIAN_POINT ( 'NONE',  ( 13.91746587457268802, -0.008042224642536762239, 4.991957775357462879 ) ) ;
#1619 = CARTESIAN_POINT ( 'NONE',  ( 83.02374954628650983, -0.6401341107417616305, 4.359865889258237814 ) ) ;
#1620 = CARTESIAN_POINT ( 'NONE',  ( 87.87500000000000000, 0.000000000000000000, 0.000000000000000000 ) ) ;
#1621 = CARTESIAN_POINT ( 'NONE',  ( 7.832534125452332852, -4.991957775359338711, 0.008042224640660062054 ) ) ;
#1622 = ORIENTED_EDGE ( 'NONE', *, *, #1156, .T. ) ;
#1623 = CARTESIAN_POINT ( 'NONE',  ( 79.47774279211274973, -1.296193343359573031E-14, -4.999999999999986677 ) ) ;
#1624 = ORIENTED_EDGE ( 'NONE', *, *, #519, .T. ) ;
#1625 = DIRECTION ( 'NONE',  ( 0.000000000000000000, 0.000000000000000000, 1.000000000000000000 ) ) ;
#1626 = DIRECTION ( 'NONE',  ( -1.000000000000000000, -0.000000000000000000, -0.000000000000000000 ) ) ;
#1627 = FACE_OUTER_BOUND ( 'NONE', #3632, .T. ) ;
#1628 = CIRCLE ( 'NONE', #8796, 1.375000000000001332 ) ;
#1629 = VERTEX_POINT ( 'NONE', #1934 ) ;
#1630 = CARTESIAN_POINT ( 'NONE',  ( 27.37500000000000000, -1.328041165545663649, 3.671958834454336351 ) ) ;
#1631 = ORIENTED_EDGE ( 'NONE', *, *, #3373, .T. ) ;
#1632 = DIRECTION ( 'NONE',  ( 0.000000000000000000, 0.000000000000000000, 1.000000000000000000 ) ) ;
#1633 = CARTESIAN_POINT ( 'NONE',  ( 90.91746587457268447, -0.008042224642539548204, 4.991957775357460214 ) ) ;
#1634 = CARTESIAN_POINT ( 'NONE',  ( 46.62500000002778222, -5.000000000000000888, -4.336808689942017736E-16 ) ) ;
#1635 = CARTESIAN_POINT ( 'NONE',  ( 18.39940186600657057, -4.935956332723929307, 0.06404366727607120613 ) ) ;
#1636 = ADVANCED_FACE ( 'NONE', ( #2839 ), #695, .F. ) ;
#1638 = DIRECTION ( 'NONE',  ( 0.000000000000000000, 0.000000000000000000, 1.000000000000000000 ) ) ;
#1637 = CARTESIAN_POINT ( 'NONE',  ( 63.12499999999998579, 0.000000000000000000, 1.000000000000000000 ) ) ;
#1639 = CARTESIAN_POINT ( 'NONE',  ( 2.805286957784273838, -5.000000000000004441, 4.854628165030146414E-15 ) ) ;
#1640 = ORIENTED_EDGE ( 'NONE', *, *, #1726, .T. ) ;
#1641 = DIRECTION ( 'NONE',  ( 0.000000000000000000, 0.000000000000000000, 1.000000000000000000 ) ) ;
#1642 = ORIENTED_EDGE ( 'NONE', *, *, #8703, .F. ) ;
#1643 = CARTESIAN_POINT ( 'NONE',  ( 47.35059813401476703, -0.06404366728010571497, 4.935956332719894313 ) ) ;
#1644 = CARTESIAN_POINT ( 'NONE',  ( 66.73123519307654306, -4.508466212583692290, 0.4915337874163077658 ) ) ;
#1645 = CARTESIAN_POINT ( 'NONE',  ( 16.37499999999999645, -3.671958834454337683, 1.328041165545662539 ) ) ;
#1646 = CARTESIAN_POINT ( 'NONE',  ( 56.47821941570028770, -4.840676868225196827, -0.1593231317748041997 ) ) ;
#1647 = DIRECTION ( 'NONE',  ( -1.000000000000000000, -0.000000000000000000, -0.000000000000000000 ) ) ;
#1648 = AXIS2_PLACEMENT_3D ( 'NONE', #5502, #6277, #4857 ) ;
#1649 = CARTESIAN_POINT ( 'NONE',  ( 26.73119955116402124, -0.6335913640930922464, 4.366408635906907421 ) ) ;
#1650 = ORIENTED_EDGE ( 'NONE', *, *, #8325, .F. ) ;
#1651 = LINE ( 'NONE', #226, #2249 ) ;
#1652 = EDGE_LOOP ( 'NONE', ( #2200, #3276, #3514 ) ) ;
#1653 = ORIENTED_EDGE ( 'NONE', *, *, #7357, .F. ) ;
#1654 = CARTESIAN_POINT ( 'NONE',  ( 60.37500000000000000, 0.000000000000000000, 0.000000000000000000 ) ) ;
#1655 = EDGE_CURVE ( 'NONE', #2696, #8799, #1730, .T. ) ;
#1656 = CARTESIAN_POINT ( 'NONE',  ( 9.500000000000000000, 0.000000000000000000, 0.000000000000000000 ) ) ;
#1657 = DIRECTION ( 'NONE',  ( 0.000000000000000000, 0.000000000000000000, 1.000000000000000000 ) ) ;
#1658 = CARTESIAN_POINT ( 'NONE',  ( 118.7111344834781335, -4.959369330381671048, -0.04063066961832864643 ) ) ;
#1659 = ORIENTED_EDGE ( 'NONE', *, *, #5796, .F. ) ;
#1660 = CARTESIAN_POINT ( 'NONE',  ( 18.97774279211273907, -1.012119668674162213E-14, -4.999999999999988454 ) ) ;
#1661 = ORIENTED_EDGE ( 'NONE', *, *, #3682, .T. ) ;
#1662 = CIRCLE ( 'NONE', #1378, 3.999999999999999112 ) ;
#1663 = DIRECTION ( 'NONE',  ( 0.000000000000000000, 0.000000000000000000, 1.000000000000000000 ) ) ;
#1664 = CARTESIAN_POINT ( 'NONE',  ( 120.8749999999999858, 0.000000000000000000, 0.000000000000000000 ) ) ;
#1665 = EDGE_CURVE ( 'NONE', #7325, #4047, #7602, .T. ) ;
#1666 = CARTESIAN_POINT ( 'NONE',  ( 0.000000000000000000, 1.224646799147353207E-16, -1.000000000000000000 ) ) ;
#1667 = PERSON_AND_ORGANIZATION_ROLE ( 'classification_officer' ) ;
#1668 = ORIENTED_EDGE ( 'NONE', *, *, #3245, .T. ) ;
#1669 = PRODUCT_DEFINITION_SHAPE ( 'NONE', 'NONE',  #9067 ) ;
#1670 = AXIS2_PLACEMENT_3D ( 'NONE', #4104, #5389, #6080 ) ;
#1671 = CARTESIAN_POINT ( 'NONE',  ( 120.7539988371174644, -1.137203174285775109, -3.862796825714226223 ) ) ;
#1672 = ORIENTED_EDGE ( 'NONE', *, *, #3615, .F. ) ;
#1673 = DIRECTION ( 'NONE',  ( 0.000000000000000000, 0.000000000000000000, 1.000000000000000000 ) ) ;
#1674 = CARTESIAN_POINT ( 'NONE',  ( 93.37499999999998579, -1.328041165545675195, 3.671958834454324805 ) ) ;
#1675 = CARTESIAN_POINT ( 'NONE',  ( 107.8505981340147883, -0.06404366728010897625, 4.935956332719892536 ) ) ;
#1676 = CARTESIAN_POINT ( 'NONE',  ( 90.62499999999998579, 1.224646799147353207E-16, -1.000000000000000000 ) ) ;
#1678 = CARTESIAN_POINT ( 'NONE',  ( 111.4795380625907910, -0.1676550930109082516, 4.832344906989090916 ) ) ;
#1677 = CARTESIAN_POINT ( 'NONE',  ( 57.62499999999978684, 2.871737586104897556E-13, 5.000000000000286882 ) ) ;
#1679 = CARTESIAN_POINT ( 'NONE',  ( 65.01172757693696269, -4.502552532146817832, 0.4974474678531816685 ) ) ;
#1680 = CARTESIAN_POINT ( 'NONE',  ( 36.77046193742613411, -4.832344906983798261, -0.1676550930162034880 ) ) ;
#1681 = DIRECTION ( 'NONE',  ( 0.000000000000000000, 0.000000000000000000, -1.000000000000000000 ) ) ;
#1682 = EDGE_LOOP ( 'NONE', ( #3282, #1907, #387, #373 ) ) ;
#1683 = DIRECTION ( 'NONE',  ( -0.000000000000000000, 1.000000000000000000, 1.224646799147353207E-16 ) ) ;
#1684 = TOROIDAL_SURFACE ( 'NONE', #7237, 1.000000000000000000, 1.374999999999999556 ) ;
#1685 = TOROIDAL_SURFACE ( 'NONE', #2860, 1.000000000000000000, 4.000000000000000000 ) ;
#1686 = EDGE_CURVE ( 'NONE', #602, #659, #4347, .T. ) ;
#1687 = VERTEX_POINT ( 'NONE', #2713 ) ;
#1688 = CARTESIAN_POINT ( 'NONE',  ( 20.53383637236985493, -0.2517800035653026680, -4.748219996434697165 ) ) ;
#1689 = CARTESIAN_POINT ( 'NONE',  ( 10.32722873042055589, -4.282386290035422149, -0.7176137099645785167 ) ) ;
#1690 = FACE_OUTER_BOUND ( 'NONE', #7379, .T. ) ;
#1691 = CARTESIAN_POINT ( 'NONE',  ( 42.27178058431636032, -0.1593231317801532543, 4.840676868219847329 ) ) ;
#1692 = CARTESIAN_POINT ( 'NONE',  ( 94.97821941570039428, -4.840676868225227025, 0.1593231317747715869 ) ) ;
#1693 = AXIS2_PLACEMENT_3D ( 'NONE', #5168, #950, #3023 ) ;
#1694 = B_SPLINE_CURVE_WITH_KNOTS ( 'NONE', 3,
 ( #349, #3264, #4623, #7463, #7414, #2482, #1192, #5272, #1792, #309, #3166, #6776, #1138, #4582, #6686, #1093 ),
 .UNSPECIFIED., .F., .F.,
 ( 4, 2, 2, 2, 2, 2, 2, 4 ),
 ( 4.818711198682416421E-07, 0.0008765200830205603600, 0.001314539188970919193, 0.001752558294921278135, 0.002190577400871637076, 0.002628596506821995801, 0.003066615612772354959, 0.003504634718722713684 ),
 .UNSPECIFIED. ) ;
#1695 = DIRECTION ( 'NONE',  ( 0.000000000000000000, 0.000000000000000000, 1.000000000000000000 ) ) ;
#1696 = CARTESIAN_POINT ( 'NONE',  ( 106.8287463706422784, -0.008301598518918831826, -4.991698401481080793 ) ) ;
#1697 = AXIS2_PLACEMENT_3D ( 'NONE', #7726, #595, #6233 ) ;
#1698 = ORIENTED_EDGE ( 'NONE', *, *, #4269, .T. ) ;
#1699 = ORIENTED_EDGE ( 'NONE', *, *, #1335, .T. ) ;
#1700 = ADVANCED_FACE ( 'NONE', ( #2670, #7008 ), #2752, .F. ) ;
#1701 = CARTESIAN_POINT ( 'NONE',  ( 26.51876480693204741, -0.4915337874217332037, -4.508466212578265520 ) ) ;
#1702 = B_SPLINE_CURVE_WITH_KNOTS ( 'NONE', 3,
 ( #1494, #7218, #206, #3016, #6497, #6454, #7086, #5812, #7764, #8502, #251, #2923 ),
 .UNSPECIFIED., .F., .F.,
 ( 4, 2, 2, 2, 2, 4 ),
 ( 0.003504634718722679856, 0.003941423334001004260, 0.004378211949279328663, 0.005251789179835976602, 0.006125366410392624542, 0.006998943640949273348 ),
 .UNSPECIFIED. ) ;
#1703 = CARTESIAN_POINT ( 'NONE',  ( 84.39665234915595704, -0.06459124882792607880, 4.935408751172074560 ) ) ;
#1704 = TOROIDAL_SURFACE ( 'NONE', #8570, 0.6790153017205606822, 4.320984698279439762 ) ;
#1705 = DIRECTION ( 'NONE',  ( 0.000000000000000000, 0.000000000000000000, 1.000000000000000000 ) ) ;
#1706 = ADVANCED_FACE ( 'NONE', ( #2068 ), #5528, .F. ) ;
#1707 = CARTESIAN_POINT ( 'NONE',  ( 50.97953806259081233, -0.1676550930109056703, -4.832344906989094468 ) ) ;
#1708 = AXIS2_PLACEMENT_3D ( 'NONE', #6068, #1293, #1987 ) ;
#1709 = CARTESIAN_POINT ( 'NONE',  ( 16.37500000000000000, -1.328041165545662539, -3.671958834454338128 ) ) ;
#1710 = EDGE_CURVE ( 'NONE', #1057, #2324, #1570, .T. ) ;
#1711 = EDGE_CURVE ( 'NONE', #5142, #7114, #7285, .T. ) ;
#1712 = EDGE_LOOP ( 'NONE', ( #8276, #7956, #3496, #1511 ) ) ;
#1713 = DIRECTION ( 'NONE',  ( 0.000000000000000000, 0.000000000000000000, 1.000000000000000000 ) ) ;
#1714 = CIRCLE ( 'NONE', #3186, 4.000000000000000000 ) ;
#1715 = DIRECTION ( 'NONE',  ( -1.000000000000000000, -0.000000000000000000, -0.000000000000000000 ) ) ;
#1716 = SECURITY_CLASSIFICATION_LEVEL ( 'unclassified' ) ;
#1717 = VERTEX_POINT ( 'NONE', #6320 ) ;
#1718 = CARTESIAN_POINT ( 'NONE',  ( 118.1249999999997726, 2.819534933157905838E-13, -5.000000000000282441 ) ) ;
#1719 = AXIS2_PLACEMENT_3D ( 'NONE', #174, #5592, #6278 ) ;
#1720 = ADVANCED_FACE ( 'NONE', ( #679 ), #6269, .F. ) ;
#1721 = VERTEX_POINT ( 'NONE', #2978 ) ;
#1722 = AXIS2_PLACEMENT_3D ( 'NONE', #1390, #4960, #787 ) ;
#1723 = ADVANCED_FACE ( 'NONE', ( #3021 ), #8596, .T. ) ;
#1724 = CARTESIAN_POINT ( 'NONE',  ( 19.85059813401477413, -0.06404366728010771337, 4.935956332719892536 ) ) ;
#1725 = CC_DESIGN_SECURITY_CLASSIFICATION ( #4500, ( #9065 ) ) ;
#1726 = EDGE_CURVE ( 'NONE', #7095, #8638, #9025, .T. ) ;
#1727 = DIRECTION ( 'NONE',  ( 0.000000000000000000, 0.000000000000000000, 1.000000000000000000 ) ) ;
#1728 = CARTESIAN_POINT ( 'NONE',  ( 4.785093130367743086, -0.7089385799077767558, -4.291061420092223244 ) ) ;
#1729 = DIRECTION ( 'NONE',  ( 0.000000000000000000, 0.000000000000000000, 1.000000000000000000 ) ) ;
#1730 = CIRCLE ( 'NONE', #3050, 1.000000000000000000 ) ;
#1732 = CARTESIAN_POINT ( 'NONE',  ( 81.03383637236984782, -0.2517800035653028345, 4.748219996434696277 ) ) ;
#1731 = CARTESIAN_POINT ( 'NONE',  ( 102.7717805843163745, -0.1593231317801557245, 4.840676868219844664 ) ) ;
#1733 = FACE_OUTER_BOUND ( 'NONE', #6412, .T. ) ;
#1734 = CARTESIAN_POINT ( 'NONE',  ( 0.000000000000000000, 0.000000000000000000, 0.000000000000000000 ) ) ;
#1735 = CC_DESIGN_SECURITY_CLASSIFICATION ( #4505, ( #9068 ) ) ;
#1736 = FACE_OUTER_BOUND ( 'NONE', #2984, .T. ) ;
#1737 = ORIENTED_EDGE ( 'NONE', *, *, #776, .F. ) ;
#1738 = CIRCLE ( 'NONE', #8308, 3.904737509655557215 ) ;
#1739 = FACE_OUTER_BOUND ( 'NONE', #2993, .T. ) ;
#1740 = ORIENTED_EDGE ( 'NONE', *, *, #5251, .F. ) ;
#1741 = EDGE_CURVE ( 'NONE', #4254, #1032, #2756, .T. ) ;
#1743 = CARTESIAN_POINT ( 'NONE',  ( 83.02374954628650983, -0.6401341107417615195, -4.359865889258237814 ) ) ;
#1742 = AXIS2_PLACEMENT_3D ( 'NONE', #9042, #2702, #1314 ) ;
#1744 = DIRECTION ( 'NONE',  ( -1.000000000000000000, -0.000000000000000000, -0.000000000000000000 ) ) ;
#1745 = VERTEX_POINT ( 'NONE', #6501 ) ;
#1746 = FACE_OUTER_BOUND ( 'NONE', #7657, .T. ) ;
#1747 = AXIS2_PLACEMENT_3D ( 'NONE', #3348, #4756, #3477 ) ;
#1748 = DIRECTION ( 'NONE',  ( 0.000000000000000000, 0.000000000000000000, 1.000000000000000000 ) ) ;
#1749 = B_SPLINE_CURVE_WITH_KNOTS ( 'NONE', 3,
 ( #2281, #6455, #3066, #207, #1675, #2925, #5070, #988, #5715, #1537, #7128, #2196 ),
 .UNSPECIFIED., .F., .F.,
 ( 4, 2, 2, 2, 2, 4 ),
 ( 0.003504634718750217724, 0.003941423334025100436, 0.004378211949299983148, 0.005251789179849748572, 0.006125366410399513128, 0.006998943640949279420 ),
 .UNSPECIFIED. ) ;
#1750 = CARTESIAN_POINT ( 'NONE',  ( 38.49600116288348772, -3.862796825715721916, -1.137203174284276308 ) ) ;
#1751 = AXIS2_PLACEMENT_3D ( 'NONE', #1896, #8160, #5320 ) ;
#1752 = CARTESIAN_POINT ( 'NONE',  ( 43.99600116288348772, -3.862796825715729021, 1.137203174284272311 ) ) ;
#1753 = DIRECTION ( 'NONE',  ( -0.000000000000000000, 1.000000000000000000, 1.224646799147353207E-16 ) ) ;
#1754 = TOROIDAL_SURFACE ( 'NONE', #5858, 1.000000000000000000, 4.000000000000000000 ) ;
#1755 = ORIENTED_EDGE ( 'NONE', *, *, #3347, .F. ) ;
#1756 = CARTESIAN_POINT ( 'NONE',  ( 79.62499999999978684, 2.819526785428872190E-13, 5.000000000000282441 ) ) ;
#1757 = CARTESIAN_POINT ( 'NONE',  ( 32.87500000000000000, -3.671958834454334575, 1.328041165545665647 ) ) ;
#1758 = CARTESIAN_POINT ( 'NONE',  ( 46.77225720791379615, -4.999999999998979483, 1.020930928907974517E-12 ) ) ;
#1759 = DIRECTION ( 'NONE',  ( -1.000000000000000000, -0.000000000000000000, -0.000000000000000000 ) ) ;
#1760 = CARTESIAN_POINT ( 'NONE',  ( 65.87499999999998579, -1.328041165545668534, -3.671958834454331466 ) ) ;
#1761 = TOROIDAL_SURFACE ( 'NONE', #8922, 1.000000000000000000, 3.999999999999997335 ) ;
#1762 = DIRECTION ( 'NONE',  ( -1.000000000000000000, -0.000000000000000000, -0.000000000000000000 ) ) ;
#1763 = AXIS2_PLACEMENT_3D ( 'NONE', #3401, #8145, #4621 ) ;
#1764 = ORIENTED_EDGE ( 'NONE', *, *, #3823, .T. ) ;
#1765 = DIRECTION ( 'NONE',  ( 0.000000000000000000, 0.000000000000000000, 1.000000000000000000 ) ) ;
#1766 = CARTESIAN_POINT ( 'NONE',  ( 32.22625045371345465, -4.359865889258284000, 0.6401341107417179987 ) ) ;
#1767 = EDGE_CURVE ( 'NONE', #1327, #4643, #1456, .T. ) ;
#1768 = ORIENTED_EDGE ( 'NONE', *, *, #3445, .T. ) ;
#1769 = AXIS2_PLACEMENT_3D ( 'NONE', #2385, #2295, #3707 ) ;
#1770 = CARTESIAN_POINT ( 'NONE',  ( 101.4781564695780247, -5.000000000001025846, -1.024879796508075479E-12 ) ) ;
#1771 = PERSON_AND_ORGANIZATION_ROLE ( 'classification_officer' ) ;
#1772 = VERTEX_POINT ( 'NONE', #7907 ) ;
#1773 = CYLINDRICAL_SURFACE ( 'NONE', #2118, 1.000000000000000000 ) ;
#1774 = ORIENTED_EDGE ( 'NONE', *, *, #7522, .T. ) ;
#1775 = EDGE_CURVE ( 'NONE', #8059, #7481, #2317, .T. ) ;
#1776 = CARTESIAN_POINT ( 'NONE',  ( 75.53423771780843765, -4.739198801696314689, 0.2608011983036852000 ) ) ;
#1777 = DIRECTION ( 'NONE',  ( -1.000000000000000000, -0.000000000000000000, -0.000000000000000000 ) ) ;
#1778 = DIRECTION ( 'NONE',  ( -1.000000000000000000, -0.000000000000000000, -0.000000000000000000 ) ) ;
#1780 = DIRECTION ( 'NONE',  ( 0.000000000000000000, 0.000000000000000000, 1.000000000000000000 ) ) ;
#1779 = CARTESIAN_POINT ( 'NONE',  ( 57.32874637064227130, -0.008301598518914071745, 4.991698401481087011 ) ) ;
#1781 = EDGE_CURVE ( 'NONE', #4203, #7469, #3485, .T. ) ;
#1782 = CARTESIAN_POINT ( 'NONE',  ( 63.85334765086507502, -4.935408751168088415, 0.06459124883191152966 ) ) ;
#1783 = DIRECTION ( 'NONE',  ( 0.000000000000000000, 0.000000000000000000, 1.000000000000000000 ) ) ;
#1784 = CARTESIAN_POINT ( 'NONE',  ( 108.8984262372302823, -4.567820679632011327, -0.4321793203679894502 ) ) ;
#1785 = VERTEX_POINT ( 'NONE', #4432 ) ;
#1786 = FACE_OUTER_BOUND ( 'NONE', #2233, .T. ) ;
#1787 = VERTEX_POINT ( 'NONE', #4381 ) ;
#1788 = LINE ( 'NONE', #3121, #148 ) ;
#1789 = CARTESIAN_POINT ( 'NONE',  ( 16.37500000000000000, -1.328041165545662539, 3.671958834454338128 ) ) ;
#1790 = ORIENTED_EDGE ( 'NONE', *, *, #2390, .T. ) ;
#1791 = AXIS2_PLACEMENT_3D ( 'NONE', #1834, #7368, #4668 ) ;
#1792 = CARTESIAN_POINT ( 'NONE',  ( 75.53423771780843765, -4.739198801696314689, -0.2608011983036852000 ) ) ;
#1793 = DIRECTION ( 'NONE',  ( -1.000000000000000000, -0.000000000000000000, -0.000000000000000000 ) ) ;
#1794 = FACE_OUTER_BOUND ( 'NONE', #7969, .T. ) ;
#1795 = ORIENTED_EDGE ( 'NONE', *, *, #4101, .F. ) ;
#1796 = ORIENTED_EDGE ( 'NONE', *, *, #169, .T. ) ;
#1797 = CARTESIAN_POINT ( 'NONE',  ( 8.706310213524275810, -0.03993437491703472064, -4.960065625082964225 ) ) ;
#1798 = CARTESIAN_POINT ( 'NONE',  ( 106.8287463706422784, -0.008301598518918745090, 4.991698401481080793 ) ) ;
#1799 = AXIS2_PLACEMENT_3D ( 'NONE', #9063, #8377, #4897 ) ;
#1800 = CARTESIAN_POINT ( 'NONE',  ( 0.000000000000000000, 0.000000000000000000, 0.000000000000000000 ) ) ;
#1801 = CARTESIAN_POINT ( 'NONE',  ( 0.000000000000000000, 0.000000000000000000, 0.000000000000000000 ) ) ;
#1802 = CARTESIAN_POINT ( 'NONE',  ( 15.15967868777050498, -4.686141179195682405, -0.3138588208043177619 ) ) ;
#1803 = EDGE_CURVE ( 'NONE', #4743, #7073, #6127, .T. ) ;
#1804 = EDGE_CURVE ( 'NONE', #3539, #3714, #5718, .T. ) ;
#1805 = ORIENTED_EDGE ( 'NONE', *, *, #4134, .T. ) ;
#1806 = DESIGN_CONTEXT ( 'detailed design', #1040, 'design' ) ;
#1807 = CARTESIAN_POINT ( 'NONE',  ( 116.2312351930765288, -4.508466212583701171, -0.4915337874162994392 ) ) ;
#1808 = CARTESIAN_POINT ( 'NONE',  ( 31.13240203053985056, -4.872131520502872348, 0.1278684794971265692 ) ) ;
#1809 = EDGE_CURVE ( 'NONE', #1745, #8076, #3746, .T. ) ;
#1810 = ORIENTED_EDGE ( 'NONE', *, *, #2690, .F. ) ;
#1811 = CARTESIAN_POINT ( 'NONE',  ( 85.42125362938307376, -4.991698401479151670, 0.008301598520848907717 ) ) ;
#1812 = DATE_TIME_ROLE ( 'classification_date' ) ;
#1813 = VERTEX_POINT ( 'NONE', #5624 ) ;
#1814 = FACE_OUTER_BOUND ( 'NONE', #4806, .T. ) ;
#1815 = ORIENTED_EDGE ( 'NONE', *, *, #5536, .T. ) ;
#1816 = CIRCLE ( 'NONE', #7081, 3.999999999999997335 ) ;
#1817 = CARTESIAN_POINT ( 'NONE',  ( 74.12500000002798117, -5.000000000000000888, -4.336808689942017736E-16 ) ) ;
#1818 = CARTESIAN_POINT ( 'NONE',  ( 150.0000000000000000, -2.500000000000000000, -2.500000000000000000 ) ) ;
#1819 = DIRECTION ( 'NONE',  ( -1.000000000000000000, -0.000000000000000000, -0.000000000000000000 ) ) ;
#1820 = CARTESIAN_POINT ( 'NONE',  ( 8.271843530448382609, 9.308045057377506426E-15, 5.000000000000009770 ) ) ;
#1821 = EDGE_CURVE ( 'NONE', #8390, #1422, #2465, .T. ) ;
#1823 = DIRECTION ( 'NONE',  ( 0.000000000000000000, 0.000000000000000000, 1.000000000000000000 ) ) ;
#1822 = CARTESIAN_POINT ( 'NONE',  ( 82.37499999999998579, 0.000000000000000000, 3.904737509655568761 ) ) ;
#1824 = DIRECTION ( 'NONE',  ( 0.000000000000000000, 0.000000000000000000, 1.000000000000000000 ) ) ;
#1825 = CIRCLE ( 'NONE', #8691, 3.904737509655564320 ) ;
#1826 = CARTESIAN_POINT ( 'NONE',  ( 110.5188004488422564, -4.366408635911691150, 0.6335913640883091835 ) ) ;
#1827 = DIRECTION ( 'NONE',  ( 0.000000000000000000, 0.000000000000000000, -1.000000000000000000 ) ) ;
#1828 = ORIENTED_EDGE ( 'NONE', *, *, #883, .F. ) ;
#1829 = CARTESIAN_POINT ( 'NONE',  ( 99.73827242307174856, -0.4974474678478726930, 4.502552532152127363 ) ) ;
#1830 = VERTEX_POINT ( 'NONE', #6403 ) ;
#1831 = ADVANCED_FACE ( 'NONE', ( #5770 ), #2027, .T. ) ;
#1832 = DIRECTION ( 'NONE',  ( 0.000000000000000000, 0.000000000000000000, 1.000000000000000000 ) ) ;
#1833 = PRODUCT_DEFINITION_SHAPE ( 'NONE', 'NONE',  #9066 ) ;
#1834 = CARTESIAN_POINT ( 'NONE',  ( 41.12500000000000000, 0.000000000000000000, 0.000000000000000000 ) ) ;
#1835 = ORIENTED_EDGE ( 'NONE', *, *, #478, .T. ) ;
#1836 = DIRECTION ( 'NONE',  ( 0.000000000000000000, 0.000000000000000000, -1.000000000000000000 ) ) ;
#1837 = CARTESIAN_POINT ( 'NONE',  ( 43.75399883711745730, -1.137203174285764451, 3.862796825714235549 ) ) ;
#1838 = CARTESIAN_POINT ( 'NONE',  ( 67.89665234915597125, -0.06459124882792471878, 4.935408751172075448 ) ) ;
#1839 = EDGE_CURVE ( 'NONE', #5856, #3782, #7798, .T. ) ;
#1840 = ADVANCED_FACE ( 'NONE', ( #5905 ), #8298, .T. ) ;
#1841 = DIRECTION ( 'NONE',  ( 0.000000000000000000, -1.000000000000000000, 0.000000000000000000 ) ) ;
#1842 = ADVANCED_FACE ( 'NONE', ( #433 ), #3772, .T. ) ;
#1843 = ORIENTED_EDGE ( 'NONE', *, *, #5740, .T. ) ;
#1844 = ORIENTED_EDGE ( 'NONE', *, *, #7859, .T. ) ;
#1845 = CARTESIAN_POINT ( 'NONE',  ( 78.09032131224202544, -0.3138588207986950929, 4.686141179201304574 ) ) ;
#1846 = AXIS2_PLACEMENT_3D ( 'NONE', #5208, #3612, #7909 ) ;
#1847 = CARTESIAN_POINT ( 'NONE',  ( 115.3749999999999858, -1.328041165545655877, -3.671958834454344345 ) ) ;
#1848 = CARTESIAN_POINT ( 'NONE',  ( 101.6249999999997868, 2.819348912645851850E-13, -5.000000000000282441 ) ) ;
#1849 = FACE_OUTER_BOUND ( 'NONE', #7486, .T. ) ;
#1850 = CARTESIAN_POINT ( 'NONE',  ( 123.6249999999999858, 0.000000000000000000, 1.000000000000000000 ) ) ;
#1851 = TOROIDAL_SURFACE ( 'NONE', #5363, 1.000000000000000000, 3.999999999999999112 ) ;
#1852 = AXIS2_PLACEMENT_3D ( 'NONE', #943, #5810, #8591 ) ;
#1853 = ORIENTED_EDGE ( 'NONE', *, *, #371, .T. ) ;
#1854 = DIRECTION ( 'NONE',  ( -0.000000000000000000, 1.000000000000000000, 1.224646799147353207E-16 ) ) ;
#1855 = CARTESIAN_POINT ( 'NONE',  ( 12.09032131224201656, -0.3138588207986879874, 4.686141179201312568 ) ) ;
#1856 = AXIS2_PLACEMENT_3D ( 'NONE', #4090, #3527, #8161 ) ;
#1857 = EDGE_LOOP ( 'NONE', ( #4027, #1297, #1256 ) ) ;
#1858 = CARTESIAN_POINT ( 'NONE',  ( 82.25399883711745019, -1.137203174285757346, -3.862796825714243543 ) ) ;
#1859 = PERSON_AND_ORGANIZATION ( #6959, #4939 ) ;
#1860 = ORIENTED_EDGE ( 'NONE', *, *, #2090, .T. ) ;
#1861 = CARTESIAN_POINT ( 'NONE',  ( 7.978156469577921683, -5.000000000001022293, 1.022808165677328274E-12 ) ) ;
#1862 = ORIENTED_EDGE ( 'NONE', *, *, #4109, .F. ) ;
#1863 = CIRCLE ( 'NONE', #6980, 3.999999999999997335 ) ;
#1864 = CARTESIAN_POINT ( 'NONE',  ( 17.71616362764439145, -4.748219996440561808, -0.2517800035594393027 ) ) ;
#1865 = B_SPLINE_CURVE_WITH_KNOTS ( 'NONE', 3,
 ( #893, #7168, #324, #6489, #4506, #5891, #6441, #5007, #7298, #195, #5850, #5799, #5933, #2321, #1024, #152 ),
 .UNSPECIFIED., .F., .F.,
 ( 4, 2, 2, 2, 2, 2, 2, 4 ),
 ( 4.818711198681143754E-07, 0.0008765200830274551269, 0.001314539188981248821, 0.001752558294935042298, 0.002190577400888835992, 0.002628596506842629469, 0.003066615612796422946, 0.003504634718750216423 ),
 .UNSPECIFIED. ) ;
#1866 = CARTESIAN_POINT ( 'NONE',  ( 65.87499999999998579, 0.000000000000000000, 0.000000000000000000 ) ) ;
#1867 = CARTESIAN_POINT ( 'NONE',  ( 5.078062799767602442, -0.9514725588577761517, -4.048527441142224070 ) ) ;
#1868 = CARTESIAN_POINT ( 'NONE',  ( 21.99600116288348772, -3.862796825715728133, -1.137203174284270757 ) ) ;
#1869 = CARTESIAN_POINT ( 'NONE',  ( 49.37500000000000000, -3.671958834454334575, -1.328041165545665647 ) ) ;
#1870 = CARTESIAN_POINT ( 'NONE',  ( 55.73827242307172014, -0.4974474678478675860, -4.502552532152132692 ) ) ;
#1871 = DIRECTION ( 'NONE',  ( -0.000000000000000000, 1.000000000000000000, 1.224646799147353207E-16 ) ) ;
#1872 = AXIS2_PLACEMENT_3D ( 'NONE', #5190, #2962, #3826 ) ;
#1873 = CARTESIAN_POINT ( 'NONE',  ( 53.89842623724020143, -4.567820679626509062, -0.4321793203734921596 ) ) ;
#1874 = VERTEX_POINT ( 'NONE', #7268 ) ;
#1875 = CARTESIAN_POINT ( 'NONE',  ( 123.6249999999999858, 0.000000000000000000, 0.000000000000000000 ) ) ;
#1876 = CARTESIAN_POINT ( 'NONE',  ( 112.0388655165443055, -0.04063066961493053825, -4.959369330385070107 ) ) ;
#1877 = EDGE_LOOP ( 'NONE', ( #2694, #4413, #4243, #4549 ) ) ;
#1878 = CARTESIAN_POINT ( 'NONE',  ( 101.4777427921127781, -1.202109158743301463E-14, -4.999999999999988454 ) ) ;
#1879 = AXIS2_PLACEMENT_3D ( 'NONE', #5816, #3659, #117 ) ;
#1880 = DIRECTION ( 'NONE',  ( -1.000000000000000000, -0.000000000000000000, -0.000000000000000000 ) ) ;
#1881 = ORIENTED_EDGE ( 'NONE', *, *, #4181, .T. ) ;
#1882 = EDGE_CURVE ( 'NONE', #8059, #3160, #365, .T. ) ;
#1883 = CARTESIAN_POINT ( 'NONE',  ( 33.14877465030176751, -4.041784260362666359, -0.9582157396373344183 ) ) ;
#1884 = CARTESIAN_POINT ( 'NONE',  ( 41.85059813401478124, -0.06404366728010833787, 4.935956332719892536 ) ) ;
#1885 = AXIS2_PLACEMENT_3D ( 'NONE', #4066, #4116, #1357 ) ;
#1886 = CARTESIAN_POINT ( 'NONE',  ( 91.99999999999998579, 0.000000000000000000, 0.000000000000000000 ) ) ;
#1887 = CARTESIAN_POINT ( 'NONE',  ( 30.12500000000000000, 0.000000000000000000, 0.000000000000000000 ) ) ;
#1888 = AXIS2_PLACEMENT_3D ( 'NONE', #20, #6146, #5495 ) ;
#1889 = DIRECTION ( 'NONE',  ( 0.000000000000000000, 0.000000000000000000, 1.000000000000000000 ) ) ;
#1890 = CARTESIAN_POINT ( 'NONE',  ( 103.0342377178084377, -4.739198801696314689, 0.2608011983036852000 ) ) ;
#1891 = ORIENTED_EDGE ( 'NONE', *, *, #6705, .T. ) ;
#1892 = CARTESIAN_POINT ( 'NONE',  ( 8.850598134014777685, -0.06404366728010658927, -4.935956332719894313 ) ) ;
#1893 = CIRCLE ( 'NONE', #3790, 1.000000000000000000 ) ;
#1894 = CARTESIAN_POINT ( 'NONE',  ( 43.32722873042054346, -4.282386290035432808, 0.7176137099645666373 ) ) ;
#1895 = AXIS2_PLACEMENT_3D ( 'NONE', #8803, #6744, #3369 ) ;
#1896 = CARTESIAN_POINT ( 'NONE',  ( 0.000000000000000000, 0.000000000000000000, 0.000000000000000000 ) ) ;
#1897 = EDGE_CURVE ( 'NONE', #5474, #7044, #8017, .T. ) ;
#1898 = DIRECTION ( 'NONE',  ( -1.000000000000000000, -0.000000000000000000, -0.000000000000000000 ) ) ;
#1899 = ADVANCED_FACE ( 'NONE', ( #335 ), #4936, .T. ) ;
#1900 = CARTESIAN_POINT ( 'NONE',  ( 46.32874637064227841, -0.008301598518914170624, -4.991698401481087011 ) ) ;
#1901 = TOROIDAL_SURFACE ( 'NONE', #5851, 1.000000000000000000, 1.374999999999994227 ) ;
#1902 = EDGE_LOOP ( 'NONE', ( #7065, #7056, #2491 ) ) ;
#1903 = ORIENTED_EDGE ( 'NONE', *, *, #1960, .F. ) ;
#1904 = CARTESIAN_POINT ( 'NONE',  ( 112.6250000000000000, 0.000000000000000000, 0.000000000000000000 ) ) ;
#1905 = CARTESIAN_POINT ( 'NONE',  ( 31.89842623723027160, -4.567820679632011327, 0.4321793203679897277 ) ) ;
#1906 = B_SPLINE_CURVE_WITH_KNOTS ( 'NONE', 3,
 ( #6765, #1126, #3253, #5950, #4522, #1083, #7317, #6045, #3293, #3840, #6638, #3882 ),
 .UNSPECIFIED., .F., .F.,
 ( 4, 2, 2, 2, 2, 4 ),
 ( 0.003504634718750449743, 0.003941423334025299929, 0.004378211949300150549, 0.005251789179849862196, 0.006125366410399572109, 0.006998943640949283757 ),
 .UNSPECIFIED. ) ;
#1907 = ORIENTED_EDGE ( 'NONE', *, *, #767, .F. ) ;
#1908 = TOROIDAL_SURFACE ( 'NONE', #2781, 1.000000000000000000, 4.000000000000000000 ) ;
#1909 = DIRECTION ( 'NONE',  ( -1.000000000000000000, -0.000000000000000000, -0.000000000000000000 ) ) ;
#1910 = PERSON_AND_ORGANIZATION ( #6959, #4939 ) ;
#1911 = EDGE_LOOP ( 'NONE', ( #1642, #5517, #5843, #7392 ) ) ;
#1912 = CARTESIAN_POINT ( 'NONE',  ( 96.27225720791405195, -4.999999999998968825, -1.033198507083057943E-12 ) ) ;
#1913 = CIRCLE ( 'NONE', #3228, 3.904737509655557215 ) ;
#1914 = ORIENTED_EDGE ( 'NONE', *, *, #7202, .T. ) ;
#1915 = CARTESIAN_POINT ( 'NONE',  ( 103.0000000000000000, 1.224646799147353207E-16, -1.000000000000000000 ) ) ;
#1916 = CARTESIAN_POINT ( 'NONE',  ( 4.081559566792507532, -0.3071356251192455256, -4.692864374880755918 ) ) ;
#1917 = CARTESIAN_POINT ( 'NONE',  ( 90.91746587457268447, -0.008042224642539931578, -4.991957775357460214 ) ) ;
#1918 = B_SPLINE_CURVE_WITH_KNOTS ( 'NONE', 3,
 ( #4158, #2147, #4201, #6914, #2062, #3398, #1972, #2018, #7719, #4804, #4847, #1450 ),
 .UNSPECIFIED., .F., .F.,
 ( 4, 2, 2, 2, 2, 4 ),
 ( 0.003504634718722713684, 0.003941423334001038087, 0.004378211949279363358, 0.005251789179836012164, 0.006125366410392660971, 0.006998943640949310645 ),
 .UNSPECIFIED. ) ;
#1919 = AXIS2_PLACEMENT_3D ( 'NONE', #4440, #5218, #3081 ) ;
#1920 = DIRECTION ( 'NONE',  ( -1.000000000000000000, -0.000000000000000000, -0.000000000000000000 ) ) ;
#1921 = DIRECTION ( 'NONE',  ( -0.000000000000000000, 1.000000000000000000, 1.224646799147353207E-16 ) ) ;
#1922 = FACE_OUTER_BOUND ( 'NONE', #4553, .T. ) ;
#1923 = CARTESIAN_POINT ( 'NONE',  ( 83.75000000000000000, 0.000000000000000000, 0.000000000000000000 ) ) ;
#1924 = ORIENTED_EDGE ( 'NONE', *, *, #4109, .T. ) ;
#1925 = CARTESIAN_POINT ( 'NONE',  ( 74.70631021352427581, -0.03993437491703808601, 4.960065625082963336 ) ) ;
#1926 = CARTESIAN_POINT ( 'NONE',  ( 60.64877465030178882, -4.041784260362690340, 0.9582157396373108815 ) ) ;
#1927 = VERTEX_POINT ( 'NONE', #7448 ) ;
#1928 = CARTESIAN_POINT ( 'NONE',  ( 84.82874637064230683, -0.008301598518919062544, -4.991698401481080793 ) ) ;
#1929 = EDGE_CURVE ( 'NONE', #3208, #8909, #8444, .T. ) ;
#1930 = CARTESIAN_POINT ( 'NONE',  ( 18.97774279211275328, -9.940566910739655204E-15, 4.999999999999990230 ) ) ;
#1931 = ORIENTED_EDGE ( 'NONE', *, *, #3727, .F. ) ;
#1932 = EDGE_CURVE ( 'NONE', #5598, #6410, #552, .T. ) ;
#1933 = DIRECTION ( 'NONE',  ( -1.000000000000000000, -0.000000000000000000, -0.000000000000000000 ) ) ;
#1934 = CARTESIAN_POINT ( 'NONE',  ( 32.87500000000000000, -1.328041165545665425, -3.671958834454334575 ) ) ;
#1935 = CARTESIAN_POINT ( 'NONE',  ( 65.87499999999998579, -1.328041165545668756, 3.671958834454331022 ) ) ;
#1936 = CARTESIAN_POINT ( 'NONE',  ( 59.51876480693203320, -0.4915337874217309277, -4.508466212578269072 ) ) ;
#1937 = DIRECTION ( 'NONE',  ( 0.000000000000000000, 0.000000000000000000, 1.000000000000000000 ) ) ;
#1938 = CARTESIAN_POINT ( 'NONE',  ( 10.87500000000000000, -3.671958834454336795, 1.328041165545663649 ) ) ;
#1939 = ORIENTED_EDGE ( 'NONE', *, *, #1804, .F. ) ;
#1940 = DIRECTION ( 'NONE',  ( 0.000000000000000000, 0.000000000000000000, 1.000000000000000000 ) ) ;
#1941 = CARTESIAN_POINT ( 'NONE',  ( 68.62500000002798117, -5.000000000000000888, -4.336808689942017736E-16 ) ) ;
#1942 = CARTESIAN_POINT ( 'NONE',  ( 57.62499999999978684, 2.873490942237762426E-13, -5.000000000000286882 ) ) ;
#1943 = B_SPLINE_CURVE_WITH_KNOTS ( 'NONE', 3,
 ( #851, #987, #2239, #3601, #4376, #5765, #3654, #2330, #4426, #159, #944, #3742, #5068, #293, #7852, #1586 ),
 .UNSPECIFIED., .F., .F.,
 ( 4, 2, 2, 2, 2, 2, 2, 4 ),
 ( 4.818711198530449181E-07, 0.0008765200830205983071, 0.001314539188970971668, 0.001752558294921345138, 0.002190577400871718608, 0.002628596506822091644, 0.003066615612772464680, 0.003504634718722838150 ),
 .UNSPECIFIED. ) ;
#1944 = CARTESIAN_POINT ( 'NONE',  ( 57.62499999999999289, 0.000000000000000000, 1.000000000000000000 ) ) ;
#1945 = B_SPLINE_CURVE_WITH_KNOTS ( 'NONE', 3,
 ( #932, #6532, #7297, #3825, #6621, #4596, #7479, #8850, #561, #3962, #3277, #4049 ),
 .UNSPECIFIED., .F., .F.,
 ( 4, 2, 2, 2, 2, 4 ),
 ( 0.003504634718750189969, 0.003941423334025079619, 0.004378211949299968403, 0.005251789179849738164, 0.006125366410399507924, 0.006998943640949277685 ),
 .UNSPECIFIED. ) ;
#1946 = DIRECTION ( 'NONE',  ( 0.000000000000000000, -1.000000000000000000, 0.000000000000000000 ) ) ;
#1947 = CC_DESIGN_DATE_AND_TIME_ASSIGNMENT ( #4645, #3327, ( #3559 ) ) ;
#1948 = ORIENTED_EDGE ( 'NONE', *, *, #1151, .T. ) ;
#1949 = ORIENTED_EDGE ( 'NONE', *, *, #1767, .T. ) ;
#1950 = CARTESIAN_POINT ( 'NONE',  ( 46.62500000000000000, 1.224646799147353207E-16, -1.000000000000000000 ) ) ;
#1951 = DIRECTION ( 'NONE',  ( -1.000000000000000000, -0.000000000000000000, -0.000000000000000000 ) ) ;
#1952 = ORIENTED_EDGE ( 'NONE', *, *, #1434, .T. ) ;
#1953 = CARTESIAN_POINT ( 'NONE',  ( 121.4259639027861368, -4.284940244090469363, -0.7150597559095321909 ) ) ;
#1954 = AXIS2_PLACEMENT_3D ( 'NONE', #4722, #3309, #8936 ) ;
#1955 = PERSON_AND_ORGANIZATION_ROLE ( 'classification_officer' ) ;
#1956 = ORIENTED_EDGE ( 'NONE', *, *, #4840, .T. ) ;
#1957 = CARTESIAN_POINT ( 'NONE',  ( 6.231235193076494205, -4.508466212583670973, -0.4915337874163303034 ) ) ;
#1958 = ORIENTED_EDGE ( 'NONE', *, *, #8622, .F. ) ;
#1959 = CARTESIAN_POINT ( 'NONE',  ( 41.12499999999979394, 2.836086289887451419E-13, -5.000000000000283329 ) ) ;
#1960 = EDGE_CURVE ( 'NONE', #3714, #8629, #7677, .T. ) ;
#1961 = CARTESIAN_POINT ( 'NONE',  ( 5.647365720639773379, -0.9599107665869531791, 4.040089233413046266 ) ) ;
#1962 = FACE_OUTER_BOUND ( 'NONE', #7166, .T. ) ;
#1963 = CARTESIAN_POINT ( 'NONE',  ( 10.60122534970068386, -0.9582157396401926874, 4.041784260359808201 ) ) ;
#1964 = DIRECTION ( 'NONE',  ( -1.000000000000000000, -0.000000000000000000, -0.000000000000000000 ) ) ;
#1965 = DIRECTION ( 'NONE',  ( 0.000000000000000000, 0.000000000000000000, 1.000000000000000000 ) ) ;
#1966 = CARTESIAN_POINT ( 'NONE',  ( 27.92277126958470745, -0.7176137099602827307, -4.282386290039718268 ) ) ;
#1967 = CARTESIAN_POINT ( 'NONE',  ( 109.8749999999999858, -3.671958834454344345, -1.328041165545655877 ) ) ;
#1968 = EDGE_LOOP ( 'NONE', ( #4649, #8098, #8467 ) ) ;
#1969 = CARTESIAN_POINT ( 'NONE',  ( 76.23119955116399638, -0.6335913640930986857, 4.366408635906902980 ) ) ;
#1970 = DIRECTION ( 'NONE',  ( 0.000000000000000000, 0.000000000000000000, 1.000000000000000000 ) ) ;
#1971 = VERTEX_POINT ( 'NONE', #1869 ) ;
#1972 = CARTESIAN_POINT ( 'NONE',  ( 72.71616362764447672, -4.748219996440587565, -0.2517800035594122132 ) ) ;
#1973 = CARTESIAN_POINT ( 'NONE',  ( 86.50000000000000000, 0.000000000000000000, 0.000000000000000000 ) ) ;
#1974 = ORIENTED_EDGE ( 'NONE', *, *, #4560, .F. ) ;
#1975 = CARTESIAN_POINT ( 'NONE',  ( 109.8749999999999858, -3.671958834454344345, -1.328041165545655877 ) ) ;
#1976 = TOROIDAL_SURFACE ( 'NONE', #8832, 1.000000000000000000, 4.000000000000000000 ) ;
#1977 = CARTESIAN_POINT ( 'NONE',  ( 26.00000000000000355, 0.000000000000000000, 0.000000000000000000 ) ) ;
#1978 = CARTESIAN_POINT ( 'NONE',  ( 68.62499999999998579, 1.224646799147353207E-16, -1.000000000000000000 ) ) ;
#1979 = EDGE_CURVE ( 'NONE', #4153, #5805, #5165, .T. ) ;
#1980 = DIRECTION ( 'NONE',  ( -0.000000000000000000, 0.000000000000000000, 1.000000000000000000 ) ) ;
#1981 = CARTESIAN_POINT ( 'NONE',  ( 5.375000000000000000, 4.781924292710292592E-16, -3.904737509655562544 ) ) ;
#1982 = B_SPLINE_CURVE_WITH_KNOTS ( 'NONE', 3,
 ( #6268, #2241, #3603, #7129, #7089, #1538, #6231, #6318, #4929, #2197, #4851, #2837, #9012, #6956, #1366, #4248 ),
 .UNSPECIFIED., .F., .F.,
 ( 4, 2, 2, 2, 2, 2, 2, 4 ),
 ( 4.818711198305418997E-07, 0.0008765200830274123009, 0.001314539188981203935, 0.001752558294934995460, 0.002190577400888786986, 0.002628596506842578728, 0.003066615612796370471, 0.003504634718750162213 ),
 .UNSPECIFIED. ) ;
#1983 = ORIENTED_EDGE ( 'NONE', *, *, #7340, .F. ) ;
#1984 = CARTESIAN_POINT ( 'NONE',  ( 96.12499999999978684, 2.819348912645851850E-13, -5.000000000000282441 ) ) ;
#1985 = DIRECTION ( 'NONE',  ( 0.000000000000000000, 0.000000000000000000, 1.000000000000000000 ) ) ;
#1986 = CYLINDRICAL_SURFACE ( 'NONE', #1751, 1.000000000000000000 ) ;
#1987 = DIRECTION ( 'NONE',  ( 0.000000000000000000, 0.000000000000000000, 1.000000000000000000 ) ) ;
#1988 = DIRECTION ( 'NONE',  ( 0.000000000000000000, 0.000000000000000000, 1.000000000000000000 ) ) ;
#1989 = ADVANCED_FACE ( 'NONE', ( #3974 ), #6519, .T. ) ;
#1990 = ORIENTED_EDGE ( 'NONE', *, *, #450, .T. ) ;
#1991 = ORIENTED_EDGE ( 'NONE', *, *, #1092, .T. ) ;
#1992 = CARTESIAN_POINT ( 'NONE',  ( 30.12500000000000000, 0.000000000000000000, 1.000000000000000000 ) ) ;
#1993 = EDGE_CURVE ( 'NONE', #5111, #8924, #3000, .T. ) ;
#1994 = CARTESIAN_POINT ( 'NONE',  ( 23.89940186600661676, -4.935956332723939077, 0.06404366727606150556 ) ) ;
#1995 = VERTEX_POINT ( 'NONE', #8182 ) ;
#1996 = CARTESIAN_POINT ( 'NONE',  ( 50.75000000000000000, 0.000000000000000000, 0.000000000000000000 ) ) ;
#1997 = CIRCLE ( 'NONE', #5795, 4.000000000000001776 ) ;
#1998 = EDGE_CURVE ( 'NONE', #8019, #6870, #954, .T. ) ;
#1999 = CALENDAR_DATE ( 2026, 21, 2 ) ;
#2000 = VERTEX_POINT ( 'NONE', #3390 ) ;
#2001 = CARTESIAN_POINT ( 'NONE',  ( 97.53423771780845186, -4.739198801696314689, -0.2608011983036852000 ) ) ;
#2002 = DIRECTION ( 'NONE',  ( 0.000000000000000000, -1.000000000000000000, 0.000000000000000000 ) ) ;
#2003 = CIRCLE ( 'NONE', #7254, 1.000000000000000000 ) ;
#2004 = CARTESIAN_POINT ( 'NONE',  ( 65.87499999999998579, -1.328041165545668534, -3.671958834454331466 ) ) ;
#2005 = CARTESIAN_POINT ( 'NONE',  ( 10.23119955116401414, -0.6335913640930921353, 4.366408635906907421 ) ) ;
#2006 = CARTESIAN_POINT ( 'NONE',  ( 53.65967868777045169, -4.686141179195702833, 0.3138588208042963901 ) ) ;
#2007 = CARTESIAN_POINT ( 'NONE',  ( 57.77225720791379615, -4.999999999998979483, 1.021481288565452999E-12 ) ) ;
#2008 = TOROIDAL_SURFACE ( 'NONE', #321, 1.000000000000000000, 3.999999999999996447 ) ;
#2009 = DIRECTION ( 'NONE',  ( 0.000000000000000000, -1.224646799147353207E-16, 1.000000000000000000 ) ) ;
#2010 = EDGE_CURVE ( 'NONE', #7786, #7714, #8354, .T. ) ;
#2011 = SHAPE_REPRESENTATION_RELATIONSHIP ( 'NONE' , 'NONE' ,  #3161, #1604 ) ;
#2012 = EDGE_LOOP ( 'NONE', ( #588, #5279, #930 ) ) ;
#2013 = DIRECTION ( 'NONE',  ( -1.000000000000000000, -0.000000000000000000, -0.000000000000000000 ) ) ;
#2014 = AXIS2_PLACEMENT_3D ( 'NONE', #361, #1018, #3957 ) ;
#2015 = ADVANCED_FACE ( 'NONE', ( #2782 ), #3007, .T. ) ;
#2016 = CARTESIAN_POINT ( 'NONE',  ( 119.2717805843163461, -0.1593231317801553082, 4.840676868219844664 ) ) ;
#2017 = VERTEX_POINT ( 'NONE', #4062 ) ;
#2018 = CARTESIAN_POINT ( 'NONE',  ( 72.23123519307654306, -4.508466212583692290, -0.4915337874163090981 ) ) ;
#2019 = DIRECTION ( 'NONE',  ( -1.000000000000000000, -0.000000000000000000, -0.000000000000000000 ) ) ;
#2020 = EDGE_LOOP ( 'NONE', ( #5966, #6184, #5616, #7596, #6110, #4614 ) ) ;
#2021 = FACE_OUTER_BOUND ( 'NONE', #342, .T. ) ;
#2022 = DIRECTION ( 'NONE',  ( 0.000000000000000000, 0.000000000000000000, 1.000000000000000000 ) ) ;
#2023 = TOROIDAL_SURFACE ( 'NONE', #7124, 1.000000000000000000, 4.000000000000001776 ) ;
#2024 = LINE ( 'NONE', #2754, #6826 ) ;
#2025 = CARTESIAN_POINT ( 'NONE',  ( 28.71576228220553162, -0.2608011982980487642, 4.739198801701951069 ) ) ;
#2026 = ADVANCED_FACE ( 'NONE', ( #5396 ), #4113, .F. ) ;
#2027 = TOROIDAL_SURFACE ( 'NONE', #7711, 1.000000000000000000, 3.999999999999996447 ) ;
#2028 = AXIS2_PLACEMENT_3D ( 'NONE', #6328, #7778, #730 ) ;
#2029 = CARTESIAN_POINT ( 'NONE',  ( 57.62499999999999289, 0.000000000000000000, 0.000000000000000000 ) ) ;
#2030 = AXIS2_PLACEMENT_3D ( 'NONE', #3547, #4916, #5702 ) ;
#2031 = CC_DESIGN_APPROVAL ( #3009, ( #3559 ) ) ;
#2032 = EDGE_LOOP ( 'NONE', ( #7067, #4023, #4697 ) ) ;
#2033 = DIRECTION ( 'NONE',  ( 0.000000000000000000, 0.000000000000000000, 1.000000000000000000 ) ) ;
#2034 = CARTESIAN_POINT ( 'NONE',  ( 105.0188004488359326, -4.366408635906856794, 0.6335913640931424284 ) ) ;
#2035 = AXIS2_PLACEMENT_3D ( 'NONE', #6988, #4110, #2091 ) ;
#2036 = CARTESIAN_POINT ( 'NONE',  ( 68.32874637064227841, -0.008301598518917888136, -4.991698401481082570 ) ) ;
#2037 = AXIS2_PLACEMENT_3D ( 'NONE', #2673, #8835, #1980 ) ;
#2038 = B_SPLINE_CURVE_WITH_KNOTS ( 'NONE', 3,
 ( #6106, #3881, #2520, #3252, #1041, #1679, #1181, #6637, #5302, #2470, #5397, #1782, #3976, #3931, #3839, #8046 ),
 .UNSPECIFIED., .F., .F.,
 ( 4, 2, 2, 2, 2, 2, 2, 4 ),
 ( 4.818711198686234422E-07, 0.0008765200830205596011, 0.001314539188970917892, 0.001752558294921276617, 0.002190577400871634908, 0.002628596506821993632, 0.003066615612772352357, 0.003504634718722711081 ),
 .UNSPECIFIED. ) ;
#2039 = ORIENTED_EDGE ( 'NONE', *, *, #1929, .T. ) ;
#2040 = ORIENTED_EDGE ( 'NONE', *, *, #171, .F. ) ;
#2041 = CARTESIAN_POINT ( 'NONE',  ( 112.6250000000000000, 0.000000000000000000, 0.000000000000000000 ) ) ;
#2042 = CARTESIAN_POINT ( 'NONE',  ( 22.51880044884223153, -4.366408635911677827, 0.6335913640883230613 ) ) ;
#2043 = ORIENTED_EDGE ( 'NONE', *, *, #2392, .T. ) ;
#2044 = DIRECTION ( 'NONE',  ( 0.000000000000000000, 0.000000000000000000, 1.000000000000000000 ) ) ;
#2045 = AXIS2_PLACEMENT_3D ( 'NONE', #7563, #5425, #2496 ) ;
#2046 = APPROVAL_ROLE ( '' ) ;
#2047 = VERTEX_POINT ( 'NONE', #1352 ) ;
#2048 = CARTESIAN_POINT ( 'NONE',  ( 119.4999999999999858, 0.000000000000000000, 0.000000000000000000 ) ) ;
#2049 = CARTESIAN_POINT ( 'NONE',  ( 41.12499999999979394, 2.836086289887451419E-13, -5.000000000000283329 ) ) ;
#2050 = CARTESIAN_POINT ( 'NONE',  ( 95.97774279211273551, -1.202109158743301463E-14, -4.999999999999988454 ) ) ;
#2051 = AXIS2_PLACEMENT_3D ( 'NONE', #1153, #7609, #9064 ) ;
#2052 = CARTESIAN_POINT ( 'NONE',  ( 0.000000000000000000, 0.000000000000000000, 1.000000000000000000 ) ) ;
#2053 = CARTESIAN_POINT ( 'NONE',  ( 85.41746587457268447, -0.008042224642539338303, -4.991957775357460214 ) ) ;
#2054 = AXIS2_PLACEMENT_3D ( 'NONE', #1475, #782, #4778 ) ;
#2055 = CARTESIAN_POINT ( 'NONE',  ( 46.47774279211275683, -7.907476079092495572E-15, 4.999999999999992895 ) ) ;
#2056 = ORIENTED_EDGE ( 'NONE', *, *, #4961, .F. ) ;
#2057 = EDGE_CURVE ( 'NONE', #4515, #4702, #8846, .T. ) ;
#2058 = DIRECTION ( 'NONE',  ( -1.000000000000000000, -0.000000000000000000, -0.000000000000000000 ) ) ;
#2059 = VECTOR ( 'NONE', #4035, 1000.000000000000000 ) ;
#2060 = CARTESIAN_POINT ( 'NONE',  ( 62.97815646957801050, -5.000000000001028511, -1.027852882152938073E-12 ) ) ;
#2061 = ORIENTED_EDGE ( 'NONE', *, *, #7732, .T. ) ;
#2062 = CARTESIAN_POINT ( 'NONE',  ( 73.39940186600668426, -4.935956332723948847, -0.06404366727605186049 ) ) ;
#2063 = VECTOR ( 'NONE', #7007, 1000.000000000000000 ) ;
#2064 = CARTESIAN_POINT ( 'NONE',  ( 81.39842623724024406, -4.567820679626467317, 0.4321793203735330158 ) ) ;
#2065 = EDGE_LOOP ( 'NONE', ( #811, #6640, #5677 ) ) ;
#2066 = ADVANCED_FACE ( 'NONE', ( #9040 ), #4172, .T. ) ;
#2067 = DIRECTION ( 'NONE',  ( 0.000000000000000000, -1.224646799147353207E-16, 1.000000000000000000 ) ) ;
#2068 = FACE_OUTER_BOUND ( 'NONE', #7632, .T. ) ;
#2069 = CARTESIAN_POINT ( 'NONE',  ( 113.7704619374262762, -4.832344906983756516, -0.1676550930162439557 ) ) ;
#2070 = VECTOR ( 'NONE', #2557, 1000.000000000000000 ) ;
#2071 = DIRECTION ( 'NONE',  ( -0.000000000000000000, 1.000000000000000000, 1.224646799147353207E-16 ) ) ;
#2072 = ORIENTED_EDGE ( 'NONE', *, *, #5138, .T. ) ;
#2073 = CARTESIAN_POINT ( 'NONE',  ( 21.87500000000000000, -1.328041165545665425, -3.671958834454335019 ) ) ;
#2074 = CARTESIAN_POINT ( 'NONE',  ( 39.71616362764436303, -4.748219996440549373, 0.2517800035594510710 ) ) ;
#2075 = CARTESIAN_POINT ( 'NONE',  ( 37.15967868777044458, -4.686141179195702833, 0.3138588208042963901 ) ) ;
#2076 = CARTESIAN_POINT ( 'NONE',  ( 34.21576228220553872, -0.2608011982980507071, 4.739198801701948405 ) ) ;
#2077 = AXIS2_PLACEMENT_3D ( 'NONE', #1904, #6794, #4692 ) ;
#2078 = CARTESIAN_POINT ( 'NONE',  ( 107.8533476508438582, -4.935408751172111863, 0.06459124882788709610 ) ) ;
#2079 = ORIENTED_EDGE ( 'NONE', *, *, #6707, .T. ) ;
#2080 = EDGE_LOOP ( 'NONE', ( #2308, #951, #8297 ) ) ;
#2081 = CARTESIAN_POINT ( 'NONE',  ( 4.785093130367743086, -0.7089385799077767558, 4.291061420092223244 ) ) ;
#2082 = CARTESIAN_POINT ( 'NONE',  ( 58.35059813401475992, -0.06404366728010571497, 4.935956332719894313 ) ) ;
#2083 = CARTESIAN_POINT ( 'NONE',  ( 120.8749999999999858, -3.671958834454324805, -1.328041165545675195 ) ) ;
#2084 = EDGE_CURVE ( 'NONE', #672, #8812, #7691, .T. ) ;
#2085 = DATE_TIME_ROLE ( 'classification_date' ) ;
#2086 = ORIENTED_EDGE ( 'NONE', *, *, #7315, .T. ) ;
#2087 = CARTESIAN_POINT ( 'NONE',  ( 120.8749999999999858, -3.671958834454324805, -1.328041165545675195 ) ) ;
#2088 = EDGE_CURVE ( 'NONE', #4476, #4588, #8312, .T. ) ;
#2089 = DIRECTION ( 'NONE',  ( -1.000000000000000000, -0.000000000000000000, -0.000000000000000000 ) ) ;
#2090 = EDGE_CURVE ( 'NONE', #8687, #5209, #5045, .T. ) ;
#2091 = DIRECTION ( 'NONE',  ( 0.000000000000000000, 0.000000000000000000, 1.000000000000000000 ) ) ;
#2092 = CARTESIAN_POINT ( 'NONE',  ( 94.35157376276964669, -0.4321793203680488471, -4.567820679631951819 ) ) ;
#2093 = DIRECTION ( 'NONE',  ( 0.000000000000000000, 0.000000000000000000, 1.000000000000000000 ) ) ;
#2094 = DIRECTION ( 'NONE',  ( -1.000000000000000000, -0.000000000000000000, -0.000000000000000000 ) ) ;
#2095 = AXIS2_PLACEMENT_3D ( 'NONE', #8469, #6327, #4130 ) ;
#2096 = CARTESIAN_POINT ( 'NONE',  ( 85.12500000000000000, 0.000000000000000000, 0.000000000000000000 ) ) ;
#2097 = DIRECTION ( 'NONE',  ( -1.000000000000000000, -0.000000000000000000, -0.000000000000000000 ) ) ;
#2098 = ORIENTED_EDGE ( 'NONE', *, *, #3906, .F. ) ;
#2099 = CARTESIAN_POINT ( 'NONE',  ( 72.75000000000001421, 0.000000000000000000, 0.000000000000000000 ) ) ;
#2100 = CARTESIAN_POINT ( 'NONE',  ( 121.8512912688045873, -0.4323357082839944243, -4.567664291716004854 ) ) ;
#2101 = ORIENTED_EDGE ( 'NONE', *, *, #3739, .F. ) ;
#2102 = DIRECTION ( 'NONE',  ( 0.000000000000000000, 0.000000000000000000, 1.000000000000000000 ) ) ;
#2103 = ADVANCED_FACE ( 'NONE', ( #7159 ), #8406, .T. ) ;
#2104 = CARTESIAN_POINT ( 'NONE',  ( 89.47953806259080523, -0.1676550930109048376, 4.832344906989094468 ) ) ;
#2105 = ORIENTED_EDGE ( 'NONE', *, *, #199, .T. ) ;
#2106 = CARTESIAN_POINT ( 'NONE',  ( 59.82722873042054346, -4.282386290035431919, -0.7176137099645683026 ) ) ;
#2107 = CARTESIAN_POINT ( 'NONE',  ( 68.47815646957799629, -5.000000000001026734, 1.024876937771878495E-12 ) ) ;
#2108 = DIRECTION ( 'NONE',  ( -1.000000000000000000, -0.000000000000000000, -0.000000000000000000 ) ) ;
#2109 = DIRECTION ( 'NONE',  ( -1.000000000000000000, -0.000000000000000000, -0.000000000000000000 ) ) ;
#2110 = EDGE_CURVE ( 'NONE', #8262, #7330, #506, .T. ) ;
#2111 = EDGE_LOOP ( 'NONE', ( #8784, #8005, #2548 ) ) ;
#2112 = ADVANCED_FACE ( 'NONE', ( #2443 ), #1685, .T. ) ;
#2113 = AXIS2_PLACEMENT_3D ( 'NONE', #4526, #5127, #7320 ) ;
#2114 = DIRECTION ( 'NONE',  ( -1.000000000000000000, -0.000000000000000000, -0.000000000000000000 ) ) ;
#2115 = CARTESIAN_POINT ( 'NONE',  ( 113.7717805843163603, -0.1593231317801521441, 4.840676868219847329 ) ) ;
#2116 = FACE_OUTER_BOUND ( 'NONE', #3848, .T. ) ;
#2117 = CARTESIAN_POINT ( 'NONE',  ( 14.77046193742620339, -4.832344906983777832, 0.1676550930162218067 ) ) ;
#2118 = AXIS2_PLACEMENT_3D ( 'NONE', #3871, #8637, #2325 ) ;
#2119 = EDGE_CURVE ( 'NONE', #7786, #4981, #3360, .T. ) ;
#2120 = CARTESIAN_POINT ( 'NONE',  ( 66.14736572063974052, -0.9599107665869591743, -4.040089233413040049 ) ) ;
#2121 = EDGE_CURVE ( 'NONE', #7304, #6209, #6706, .T. ) ;
#2122 = EDGE_CURVE ( 'NONE', #3782, #4067, #7434, .T. ) ;
#2123 = VERTEX_POINT ( 'NONE', #3636 ) ;
#2124 = ORIENTED_EDGE ( 'NONE', *, *, #7934, .F. ) ;
#2125 = EDGE_LOOP ( 'NONE', ( #7478, #5867, #4095 ) ) ;
#2126 = DIRECTION ( 'NONE',  ( -1.000000000000000000, -0.000000000000000000, -0.000000000000000000 ) ) ;
#2127 = CC_DESIGN_DATE_AND_TIME_ASSIGNMENT ( #2456, #8952, ( #4500 ) ) ;
#2128 = CARTESIAN_POINT ( 'NONE',  ( 86.50000000000000000, 0.000000000000000000, 1.000000000000000000 ) ) ;
#2129 = CARTESIAN_POINT ( 'NONE',  ( 16.37500000000000000, -1.328041165545662539, -3.671958834454338128 ) ) ;
#2130 = VECTOR ( 'NONE', #4837, 1000.000000000000000 ) ;
#2131 = CALENDAR_DATE ( 2026, 21, 2 ) ;
#2132 = ORIENTED_EDGE ( 'NONE', *, *, #3150, .T. ) ;
#2133 = CARTESIAN_POINT ( 'NONE',  ( 94.23827242307174856, -0.4974474678478726930, 4.502552532152127363 ) ) ;
#2134 = EDGE_CURVE ( 'NONE', #4620, #1522, #2910, .T. ) ;
#2135 = CARTESIAN_POINT ( 'NONE',  ( 71.37500000000000000, -1.328041165545675195, 3.671958834454324805 ) ) ;
#2136 = DIRECTION ( 'NONE',  ( -1.000000000000000000, -0.000000000000000000, -0.000000000000000000 ) ) ;
#2137 = CARTESIAN_POINT ( 'NONE',  ( 117.9777427921127497, -1.198128103891206252E-14, -4.999999999999989342 ) ) ;
#2138 = VECTOR ( 'NONE', #7496, 1000.000000000000000 ) ;
#2139 = CARTESIAN_POINT ( 'NONE',  ( 71.92277126958471456, -0.7176137099602921676, -4.282386290039709387 ) ) ;
#2140 = CARTESIAN_POINT ( 'NONE',  ( 45.89665234915598546, -0.06459124882791900113, 4.935408751172081665 ) ) ;
#2141 = DIRECTION ( 'NONE',  ( 0.000000000000000000, 0.000000000000000000, 1.000000000000000000 ) ) ;
#2142 = ORIENTED_EDGE ( 'NONE', *, *, #47, .F. ) ;
#2143 = CARTESIAN_POINT ( 'NONE',  ( 10.87500000000000000, 0.000000000000000000, 0.000000000000000000 ) ) ;
#2144 = CARTESIAN_POINT ( 'NONE',  ( 72.75000000000001421, 0.000000000000000000, 1.000000000000000000 ) ) ;
#2145 = ORIENTED_EDGE ( 'NONE', *, *, #1340, .T. ) ;
#2146 = CIRCLE ( 'NONE', #4626, 1.374999999999994227 ) ;
#2147 = CARTESIAN_POINT ( 'NONE',  ( 73.97815646957803892, -5.000000000001025846, 1.024875031947747173E-12 ) ) ;
#2148 = DIRECTION ( 'NONE',  ( -1.000000000000000000, -0.000000000000000000, -0.000000000000000000 ) ) ;
#2149 = ORIENTED_EDGE ( 'NONE', *, *, #1655, .T. ) ;
#2150 = CARTESIAN_POINT ( 'NONE',  ( 102.2111344834781477, -4.959369330381671048, 0.04063066961832866031 ) ) ;
#2151 = CARTESIAN_POINT ( 'NONE',  ( 23.25000000000000000, 1.224646799147353207E-16, -1.000000000000000000 ) ) ;
#2152 = AXIS2_PLACEMENT_3D ( 'NONE', #2697, #2652, #5483 ) ;
#2154 = CARTESIAN_POINT ( 'NONE',  ( 86.27178058431634611, -0.1593231317801521441, 4.840676868219847329 ) ) ;
#2153 = CARTESIAN_POINT ( 'NONE',  ( 11.14877465030178527, -4.041784260362676129, -0.9582157396373234270 ) ) ;
#2155 = CARTESIAN_POINT ( 'NONE',  ( 112.7722572079139667, -4.999999999998965272, -1.033786818522306987E-12 ) ) ;
#2156 = AXIS2_PLACEMENT_3D ( 'NONE', #7975, #3273, #5147 ) ;
#2157 = DIRECTION ( 'NONE',  ( 0.000000000000000000, 0.000000000000000000, -1.000000000000000000 ) ) ;
#2158 = CARTESIAN_POINT ( 'NONE',  ( 2.500000000000000444, 0.000000000000000000, 0.000000000000000000 ) ) ;
#2159 = EDGE_LOOP ( 'NONE', ( #8093, #6750, #1659 ) ) ;
#2160 = DIRECTION ( 'NONE',  ( -1.000000000000000000, -0.000000000000000000, -0.000000000000000000 ) ) ;
#2161 = TOROIDAL_SURFACE ( 'NONE', #5827, 1.000000000000000000, 1.375000000000001332 ) ;
#2162 = CARTESIAN_POINT ( 'NONE',  ( 112.6249999999998010, 2.822932509281566863E-13, 5.000000000000282441 ) ) ;
#2163 = EDGE_CURVE ( 'NONE', #6597, #7481, #401, .T. ) ;
#2164 = CARTESIAN_POINT ( 'NONE',  ( 37.72625045371990637, -4.359865889253509152, 0.6401341107464916247 ) ) ;
#2165 = DIRECTION ( 'NONE',  ( -1.000000000000000000, -0.000000000000000000, -0.000000000000000000 ) ) ;
#2166 = CIRCLE ( 'NONE', #984, 3.904737509655557215 ) ;
#2167 = EDGE_CURVE ( 'NONE', #6755, #217, #5067, .T. ) ;
#2168 = CARTESIAN_POINT ( 'NONE',  ( 109.0117275769281946, -4.502552532152180653, 0.4974474678478200684 ) ) ;
#2169 = AXIS2_PLACEMENT_3D ( 'NONE', #3464, #2184, #8438 ) ;
#2170 = CARTESIAN_POINT ( 'NONE',  ( 33.42277126958472167, -0.7176137099602842850, 4.282386290039717380 ) ) ;
#2171 = EDGE_LOOP ( 'NONE', ( #4467, #2835, #6459, #4465 ) ) ;
#2172 = CARTESIAN_POINT ( 'NONE',  ( 70.03423771780843765, -4.739198801696314689, 0.2608011983036852000 ) ) ;
#2173 = EDGE_LOOP ( 'NONE', ( #1216, #6725, #7635, #824 ) ) ;
#2174 = EDGE_LOOP ( 'NONE', ( #6096, #346, #5381, #6817 ) ) ;
#2175 = AXIS2_PLACEMENT_3D ( 'NONE', #1977, #8196, #3354 ) ;
#2176 = CARTESIAN_POINT ( 'NONE',  ( 2.804717449046281619, -6.098637220230962441E-17, 5.000000000000000000 ) ) ;
#2177 = EDGE_CURVE ( 'NONE', #2602, #6733, #3492, .T. ) ;
#2178 = CARTESIAN_POINT ( 'NONE',  ( 132.6250000000000000, 0.000000000000000000, -5.000000000000000000 ) ) ;
#2179 = LOCAL_TIME ( 19, 56, 48.00000000000000000, #6078 ) ;
#2180 = CARTESIAN_POINT ( 'NONE',  ( 49.64736572063975473, -0.9599107665869520689, -4.040089233413046266 ) ) ;
#2181 = ORIENTED_EDGE ( 'NONE', *, *, #1452, .F. ) ;
#2182 = DIRECTION ( 'NONE',  ( 0.000000000000000000, 0.000000000000000000, 1.000000000000000000 ) ) ;
#2183 = TOROIDAL_SURFACE ( 'NONE', #6866, 1.000000000000000000, 3.999999999999996447 ) ;
#2184 = DIRECTION ( 'NONE',  ( -1.000000000000000000, -0.000000000000000000, -0.000000000000000000 ) ) ;
#2185 = DIRECTION ( 'NONE',  ( -0.000000000000000000, 1.000000000000000000, 1.224646799147353207E-16 ) ) ;
#2186 = AXIS2_PLACEMENT_3D ( 'NONE', #7194, #3126, #3086 ) ;
#2187 = CARTESIAN_POINT ( 'NONE',  ( 76.87500000000000000, -3.671958834454324805, 1.328041165545675195 ) ) ;
#2188 = ORIENTED_EDGE ( 'NONE', *, *, #8788, .T. ) ;
#2189 = DIRECTION ( 'NONE',  ( 0.000000000000000000, 0.000000000000000000, 1.000000000000000000 ) ) ;
#2190 = B_SPLINE_CURVE_WITH_KNOTS ( 'NONE', 3,
 ( #286, #5289, #562, #5240, #1766, #4551, #1905, #5433, #2594, #8075, #1808, #7343, #2547, #1109, #3187, #8760 ),
 .UNSPECIFIED., .F., .F.,
 ( 4, 2, 2, 2, 2, 2, 2, 4 ),
 ( 4.818711198515178236E-07, 0.0008765200830274900382, 0.001314539188981316475, 0.001752558294935143129, 0.002190577400888969999, 0.002628596506842796002, 0.003066615612796622873, 0.003504634718750448876 ),
 .UNSPECIFIED. ) ;
#2191 = CARTESIAN_POINT ( 'NONE',  ( 97.49999999999998579, 0.000000000000000000, 1.000000000000000000 ) ) ;
#2192 = VERTEX_POINT ( 'NONE', #8663 ) ;
#2193 = DIRECTION ( 'NONE',  ( 0.000000000000000000, 0.000000000000000000, 1.000000000000000000 ) ) ;
#2194 = CIRCLE ( 'NONE', #8762, 3.904737509655568761 ) ;
#2195 = CARTESIAN_POINT ( 'NONE',  ( 91.77178058431636032, -0.1593231317801553082, 4.840676868219844664 ) ) ;
#2196 = CARTESIAN_POINT ( 'NONE',  ( 109.8749999999999858, -1.328041165545655877, 3.671958834454344345 ) ) ;
#2197 = CARTESIAN_POINT ( 'NONE',  ( 61.97953806259079101, -0.1676550930109052262, -4.832344906989093580 ) ) ;
#2199 = CARTESIAN_POINT ( 'NONE',  ( 0.000000000000000000, 1.224646799147353207E-16, -1.000000000000000000 ) ) ;
#2198 = CARTESIAN_POINT ( 'NONE',  ( 12.89665234915597836, -0.06459124882792127709, -4.935408751172080777 ) ) ;
#2200 = ORIENTED_EDGE ( 'NONE', *, *, #7859, .F. ) ;
#2201 = CARTESIAN_POINT ( 'NONE',  ( 38.37499999999999289, -3.671958834454339904, -1.328041165545660318 ) ) ;
#2202 = VECTOR ( 'NONE', #438, 1000.000000000000000 ) ;
#2203 = CARTESIAN_POINT ( 'NONE',  ( 0.000000000000000000, 0.000000000000000000, 0.000000000000000000 ) ) ;
#2204 = EDGE_LOOP ( 'NONE', ( #6290, #517, #8333 ) ) ;
#2205 = CARTESIAN_POINT ( 'NONE',  ( 48.03423771780833107, -4.739198801696363539, -0.2608011983036364612 ) ) ;
#2206 = AXIS2_PLACEMENT_3D ( 'NONE', #6499, #6634, #1729 ) ;
#2207 = EDGE_CURVE ( 'NONE', #7322, #1319, #704, .T. ) ;
#2208 = ORIENTED_EDGE ( 'NONE', *, *, #8864, .F. ) ;
#2209 = EDGE_CURVE ( 'NONE', #7926, #771, #9036, .T. ) ;
#2210 = CARTESIAN_POINT ( 'NONE',  ( 46.62499999999979394, 2.871737586104897556E-13, 5.000000000000286882 ) ) ;
#2211 = DIRECTION ( 'NONE',  ( -1.000000000000000000, -0.000000000000000000, -0.000000000000000000 ) ) ;
#2212 = DIRECTION ( 'NONE',  ( 0.000000000000000000, -1.000000000000000000, 0.000000000000000000 ) ) ;
#2213 = DIRECTION ( 'NONE',  ( 0.000000000000000000, 0.000000000000000000, 1.000000000000000000 ) ) ;
#2214 = EDGE_CURVE ( 'NONE', #4264, #4743, #5886, .T. ) ;
#2215 = AXIS2_PLACEMENT_3D ( 'NONE', #3246, #4516, #6761 ) ;
#2216 = CARTESIAN_POINT ( 'NONE',  ( 69.99999999999998579, 1.224646799147353207E-16, -1.000000000000000000 ) ) ;
#2217 = CARTESIAN_POINT ( 'NONE',  ( 120.8749999999999858, -3.671958834454324805, 1.328041165545675195 ) ) ;
#2218 = ORIENTED_EDGE ( 'NONE', *, *, #1897, .F. ) ;
#2219 = CARTESIAN_POINT ( 'NONE',  ( 69.77046193742626201, -4.832344906983752075, 0.1676550930162465924 ) ) ;
#2220 = ORIENTED_EDGE ( 'NONE', *, *, #5892, .T. ) ;
#2221 = EDGE_LOOP ( 'NONE', ( #9011, #1133, #1699 ) ) ;
#2222 = CARTESIAN_POINT ( 'NONE',  ( 24.62499999999979394, 2.855542628414076572E-13, -5.000000000000285105 ) ) ;
#2223 = CARTESIAN_POINT ( 'NONE',  ( 80.21113448347811925, -4.959369330381670160, -0.04063066961832854235 ) ) ;
#2224 = CARTESIAN_POINT ( 'NONE',  ( 31.53383637236985138, -0.2517800035653018909, -4.748219996434698054 ) ) ;
#2225 = ORIENTED_EDGE ( 'NONE', *, *, #7813, .F. ) ;
#2226 = CARTESIAN_POINT ( 'NONE',  ( 0.000000000000000000, 0.000000000000000000, 0.000000000000000000 ) ) ;
#2227 = ADVANCED_FACE ( 'NONE', ( #8023 ), #7725, .T. ) ;
#2228 = AXIS2_PLACEMENT_3D ( 'NONE', #7489, #5252, #2606 ) ;
#2229 = CARTESIAN_POINT ( 'NONE',  ( 26.51172757693694138, -4.502552532146836484, 0.4974474678531628502 ) ) ;
#2230 = CARTESIAN_POINT ( 'NONE',  ( 49.25399883711745730, -1.137203174285768448, -3.862796825714232440 ) ) ;
#2231 = FACE_OUTER_BOUND ( 'NONE', #1114, .T. ) ;
#2232 = LINE ( 'NONE', #1666, #7838 ) ;
#2233 = EDGE_LOOP ( 'NONE', ( #3234, #4997, #5197, #2149 ) ) ;
#2234 = CARTESIAN_POINT ( 'NONE',  ( 2.500000000000000000, 3.061616997868383141E-16, -2.500000000000000000 ) ) ;
#2235 = EDGE_CURVE ( 'NONE', #7791, #499, #4660, .T. ) ;
#2236 = CARTESIAN_POINT ( 'NONE',  ( 121.4226203301355440, -0.7177365438799137021, -4.282263456120087852 ) ) ;
#2237 = ORIENTED_EDGE ( 'NONE', *, *, #8649, .F. ) ;
#2238 = DIRECTION ( 'NONE',  ( -1.000000000000000000, -0.000000000000000000, -0.000000000000000000 ) ) ;
#2239 = CARTESIAN_POINT ( 'NONE',  ( 21.60263427936257230, -4.040089233410280478, -0.9599107665897197439 ) ) ;
#2240 = CARTESIAN_POINT ( 'NONE',  ( 21.87500000000000000, 0.000000000000000000, 0.000000000000000000 ) ) ;
#2241 = CARTESIAN_POINT ( 'NONE',  ( 60.49621622079728667, -1.136863993905374626, -3.863136006094625152 ) ) ;
#2243 = CARTESIAN_POINT ( 'NONE',  ( 96.70631021352429002, -0.03993437491703808601, 4.960065625082963336 ) ) ;
#2242 = CARTESIAN_POINT ( 'NONE',  ( 11.14736572063976894, -0.9599107665869520689, -4.040089233413046266 ) ) ;
#2244 = ORIENTED_EDGE ( 'NONE', *, *, #464, .T. ) ;
#2245 = CARTESIAN_POINT ( 'NONE',  ( 36.21113448347798425, -4.959369330381699470, -0.04063066961830186230 ) ) ;
#2246 = CARTESIAN_POINT ( 'NONE',  ( 4.086081313658574743, -4.690933072593409747, -0.3090669274065897532 ) ) ;
#2247 = VERTEX_POINT ( 'NONE', #4545 ) ;
#2248 = CARTESIAN_POINT ( 'NONE',  ( 32.32722873041522149, -4.282386290039758237, -0.7176137099602442060 ) ) ;
#2249 = VECTOR ( 'NONE', #5785, 1000.000000000000000 ) ;
#2250 = ORIENTED_EDGE ( 'NONE', *, *, #4443, .F. ) ;
#2251 = CARTESIAN_POINT ( 'NONE',  ( 98.87499999999998579, -1.328041165545675195, -3.671958834454324805 ) ) ;
#2252 = CARTESIAN_POINT ( 'NONE',  ( 9.270461937426183852, -4.832344906983784050, -0.1676550930162167274 ) ) ;
#2253 = CARTESIAN_POINT ( 'NONE',  ( 40.97815646957785418, -5.000000000001020517, -1.019541583116242468E-12 ) ) ;
#2254 = FACE_OUTER_BOUND ( 'NONE', #2829, .T. ) ;
#2255 = FACE_OUTER_BOUND ( 'NONE', #1085, .T. ) ;
#2256 = CARTESIAN_POINT ( 'NONE',  ( 111.0903213122420112, -0.3138588207986898748, -4.686141179201310791 ) ) ;
#2257 = EDGE_LOOP ( 'NONE', ( #7946, #4185, #1768 ) ) ;
#2258 = B_SPLINE_CURVE_WITH_KNOTS ( 'NONE', 3,
 ( #5742, #144, #2953, #4495, #93, #5697, #8485, #8623, #3095, #6523, #8527, #7835, #2223, #187, #1564, #826 ),
 .UNSPECIFIED., .F., .F.,
 ( 4, 2, 2, 2, 2, 2, 2, 4 ),
 ( 4.818711198674780419E-07, 0.0008765200830205889830, 0.001314539188970937408, 0.001752558294921285941, 0.002190577400871634040, 0.002628596506821982790, 0.003066615612772331540, 0.003504634718722679856 ),
 .UNSPECIFIED. ) ;
#2259 = CARTESIAN_POINT ( 'NONE',  ( 105.2382724230717486, -0.4974474678478745249, -4.502552532152126474 ) ) ;
#2260 = VERTEX_POINT ( 'NONE', #3177 ) ;
#2261 = ORIENTED_EDGE ( 'NONE', *, *, #6787, .F. ) ;
#2262 = CARTESIAN_POINT ( 'NONE',  ( 32.87500000000000000, -3.671958834454334575, -1.328041165545665647 ) ) ;
#2263 = CARTESIAN_POINT ( 'NONE',  ( 47.63240203055825361, -4.872131520497917201, 0.1278684795020831044 ) ) ;
#2264 = AXIS2_PLACEMENT_3D ( 'NONE', #5910, #1683, #6552 ) ;
#2265 = CARTESIAN_POINT ( 'NONE',  ( 49.49621622079728667, -1.136863993905377956, -3.863136006094622488 ) ) ;
#2266 = ORIENTED_EDGE ( 'NONE', *, *, #2402, .F. ) ;
#2267 = CARTESIAN_POINT ( 'NONE',  ( 113.9999999999999858, 0.000000000000000000, 0.000000000000000000 ) ) ;
#2268 = ADVANCED_FACE ( 'NONE', ( #5282 ), #6422, .F. ) ;
#2269 = DIRECTION ( 'NONE',  ( -1.000000000000000000, -0.000000000000000000, -0.000000000000000000 ) ) ;
#2270 = CARTESIAN_POINT ( 'NONE',  ( 49.10122534970070518, -0.9582157396401950189, -4.041784260359805536 ) ) ;
#2271 = ADVANCED_FACE ( 'NONE', ( #633 ), #563, .T. ) ;
#2272 = CARTESIAN_POINT ( 'NONE',  ( 54.87499999999999289, 0.000000000000000000, 0.000000000000000000 ) ) ;
#2273 = APPLICATION_PROTOCOL_DEFINITION ( 'international standard', 'config_control_design', 1994, #1040 ) ;
#2274 = ORIENTED_EDGE ( 'NONE', *, *, #4274, .T. ) ;
#2275 = CARTESIAN_POINT ( 'NONE',  ( 118.8505981340147599, -0.06404366728010940646, -4.935956332719890760 ) ) ;
#2276 = CARTESIAN_POINT ( 'NONE',  ( 64.53383637236983361, -0.2517800035653021684, 4.748219996434698054 ) ) ;
#2277 = ORIENTED_EDGE ( 'NONE', *, *, #2177, .T. ) ;
#2278 = CARTESIAN_POINT ( 'NONE',  ( 90.03886551654429127, -0.04063066961492931006, -4.959369330385070995 ) ) ;
#2279 = CARTESIAN_POINT ( 'NONE',  ( 90.62499999999977263, 2.821161565220927584E-13, 5.000000000000282441 ) ) ;
#2280 = CIRCLE ( 'NONE', #72, 1.000000000000000000 ) ;
#2281 = CARTESIAN_POINT ( 'NONE',  ( 107.1249999999997868, 2.819526785428872190E-13, 5.000000000000282441 ) ) ;
#2282 = CARTESIAN_POINT ( 'NONE',  ( 118.1249999999999858, 0.000000000000000000, 0.000000000000000000 ) ) ;
#2284 = CARTESIAN_POINT ( 'NONE',  ( 97.53383637236984782, -0.2517800035653071089, 4.748219996434693613 ) ) ;
#2283 = CARTESIAN_POINT ( 'NONE',  ( 12.61759796945997358, -0.1278684794971733374, -4.872131520502827939 ) ) ;
#2285 = EDGE_CURVE ( 'NONE', #7092, #1595, #5100, .T. ) ;
#2286 = ADVANCED_FACE ( 'NONE', ( #1275 ), #8321, .F. ) ;
#2287 = ORIENTED_EDGE ( 'NONE', *, *, #8473, .T. ) ;
#2288 = CARTESIAN_POINT ( 'NONE',  ( 38.25399883711744309, -1.137203174285764229, 3.862796825714235993 ) ) ;
#2289 = ADVANCED_FACE ( 'NONE', ( #8237 ), #1582, .T. ) ;
#2290 = CARTESIAN_POINT ( 'NONE',  ( 51.53886551654431258, -0.04063066961492687451, 4.959369330385073660 ) ) ;
#2291 = EDGE_LOOP ( 'NONE', ( #4138, #3197, #2220, #2855 ) ) ;
#2292 = CIRCLE ( 'NONE', #5504, 3.999999999999997335 ) ;
#2293 = DIRECTION ( 'NONE',  ( -1.000000000000000000, -0.000000000000000000, -0.000000000000000000 ) ) ;
#2294 = EDGE_LOOP ( 'NONE', ( #4056, #1661, #5335 ) ) ;
#2295 = DIRECTION ( 'NONE',  ( -1.000000000000000000, -0.000000000000000000, -0.000000000000000000 ) ) ;
#2296 = TOROIDAL_SURFACE ( 'NONE', #1852, 1.000000000000000000, 3.999999999999999112 ) ;
#2297 = CARTESIAN_POINT ( 'NONE',  ( 75.50000000000000000, 1.224646799147353207E-16, -1.000000000000000000 ) ) ;
#2298 = DIRECTION ( 'NONE',  ( 0.000000000000000000, 0.000000000000000000, 1.000000000000000000 ) ) ;
#2299 = CARTESIAN_POINT ( 'NONE',  ( 97.53383637236986203, -0.2517800035653070534, -4.748219996434693613 ) ) ;
#2300 = AXIS2_PLACEMENT_3D ( 'NONE', #1978, #7010, #4761 ) ;
#2301 = CARTESIAN_POINT ( 'NONE',  ( 32.87500000000000000, 0.000000000000000000, 0.000000000000000000 ) ) ;
#2302 = ADVANCED_FACE ( 'NONE', ( #2708 ), #4219, .T. ) ;
#2303 = CARTESIAN_POINT ( 'NONE',  ( 0.000000000000000000, 0.000000000000000000, 0.000000000000000000 ) ) ;
#2304 = TOROIDAL_SURFACE ( 'NONE', #8872, 1.000000000000000000, 3.999999999999997335 ) ;
#2305 = ORIENTED_EDGE ( 'NONE', *, *, #8259, .F. ) ;
#2306 = CARTESIAN_POINT ( 'NONE',  ( 107.1249999999997868, 2.818747515117398234E-13, -5.000000000000282441 ) ) ;
#2307 = ORIENTED_EDGE ( 'NONE', *, *, #2390, .F. ) ;
#2308 = ORIENTED_EDGE ( 'NONE', *, *, #5085, .F. ) ;
#2309 = CARTESIAN_POINT ( 'NONE',  ( 15.03383637236985315, -0.2517800035653021129, 4.748219996434698054 ) ) ;
#2310 = CARTESIAN_POINT ( 'NONE',  ( 83.59032131224202544, -0.3138588207986899303, 4.686141179201310791 ) ) ;
#2311 = CARTESIAN_POINT ( 'NONE',  ( 47.35334765086491160, -4.935408751168119501, 0.06459124883188091526 ) ) ;
#2312 = CIRCLE ( 'NONE', #690, 4.000000000000000000 ) ;
#2313 = CARTESIAN_POINT ( 'NONE',  ( 32.87500000000000000, -1.328041165545665425, -3.671958834454334575 ) ) ;
#2314 = ORIENTED_EDGE ( 'NONE', *, *, #5937, .T. ) ;
#2315 = CARTESIAN_POINT ( 'NONE',  ( 16.37499999999999645, 4.781924292710292592E-16, -3.904737509655564320 ) ) ;
#2316 = EDGE_CURVE ( 'NONE', #4970, #8629, #7594, .T. ) ;
#2317 = CIRCLE ( 'NONE', #7424, 3.999999999999996447 ) ;
#2318 = EDGE_LOOP ( 'NONE', ( #5620, #6665, #485 ) ) ;
#2319 = CARTESIAN_POINT ( 'NONE',  ( 35.91746587457269868, -0.008042224642537627866, -4.991957775357462879 ) ) ;
#2320 = ORGANIZATION ( 'NAUO-ORG1', 'UNSPECIFIED', 'UNSPECIFIED' ) ;
#2321 = CARTESIAN_POINT ( 'NONE',  ( 73.82874637064227841, -0.008301598518917999159, 4.991698401481082570 ) ) ;
#2322 = CARTESIAN_POINT ( 'NONE',  ( 29.97774279211273196, -7.383374442978911437E-15, -4.999999999999990230 ) ) ;
#2323 = CALENDAR_DATE ( 2026, 21, 2 ) ;
#2324 = VERTEX_POINT ( 'NONE', #589 ) ;
#2325 = DIRECTION ( 'NONE',  ( 0.000000000000000000, 0.000000000000000000, 1.000000000000000000 ) ) ;
#2326 = VECTOR ( 'NONE', #2748, 1000.000000000000000 ) ;
#2327 = CARTESIAN_POINT ( 'NONE',  ( 87.87500000000000000, -3.671958834454344345, 1.328041165545655877 ) ) ;
#2328 = VERTEX_POINT ( 'NONE', #6950 ) ;
#2329 = DIRECTION ( 'NONE',  ( -0.000000000000000000, 1.000000000000000000, 1.224646799147353207E-16 ) ) ;
#2330 = CARTESIAN_POINT ( 'NONE',  ( 20.65967868777048011, -4.686141179195690398, -0.3138588208043096572 ) ) ;
#2331 = TOROIDAL_SURFACE ( 'NONE', #1441, 1.000000000000000000, 4.000000000000001776 ) ;
#2332 = CIRCLE ( 'NONE', #1598, 1.375000000000001332 ) ;
#2334 = DIRECTION ( 'NONE',  ( -1.000000000000000000, -0.000000000000000000, -0.000000000000000000 ) ) ;
#2333 = CARTESIAN_POINT ( 'NONE',  ( 86.27046193742626201, -4.832344906983756516, -0.1676550930162439557 ) ) ;
#2335 = EDGE_CURVE ( 'NONE', #5387, #6477, #3785, .T. ) ;
#2336 = FACE_OUTER_BOUND ( 'NONE', #8429, .T. ) ;
#2337 = CARTESIAN_POINT ( 'NONE',  ( 5.375000000000000000, -3.671958834454335019, -1.328041165545665425 ) ) ;
#2338 = ORIENTED_EDGE ( 'NONE', *, *, #2527, .F. ) ;
#2339 = CYLINDRICAL_SURFACE ( 'NONE', #2113, 1.000000000000000000 ) ;
#2340 = TOROIDAL_SURFACE ( 'NONE', #8618, 1.000000000000000000, 4.000000000000000000 ) ;
#2341 = ORIENTED_EDGE ( 'NONE', *, *, #6871, .F. ) ;
#2342 = APPROVAL ( #6446, 'UNSPECIFIED' ) ;
#2343 = CARTESIAN_POINT ( 'NONE',  ( 48.03383637236985493, -0.2517800035652996704, 4.748219996434700718 ) ) ;
#2344 = CARTESIAN_POINT ( 'NONE',  ( 68.62500000002798117, -5.000000000000000888, -4.336808689942017736E-16 ) ) ;
#2345 = CARTESIAN_POINT ( 'NONE',  ( 13.62500000000000000, 0.000000000000000000, 0.000000000000000000 ) ) ;
#2346 = CARTESIAN_POINT ( 'NONE',  ( 118.1249999999999858, 0.000000000000000000, 0.000000000000000000 ) ) ;
#2347 = B_SPLINE_CURVE_WITH_KNOTS ( 'NONE', 3,
 ( #8048, #5303, #6676, #435, #1223, #8091, #4020, #6811, #1826, #5907, #5348, #2422 ),
 .UNSPECIFIED., .F., .F.,
 ( 4, 2, 2, 2, 2, 4 ),
 ( 0.003504634718722680724, 0.003941423334001003392, 0.004378211949279325194, 0.005251789179835970531, 0.006125366410392615001, 0.006998943640949259470 ),
 .UNSPECIFIED. ) ;
#2348 = CIRCLE ( 'NONE', #578, 1.375000000000008216 ) ;
#2349 = CARTESIAN_POINT ( 'NONE',  ( 35.03886551654433390, -0.04063066961492687451, 4.959369330385073660 ) ) ;
#2350 = AXIS2_PLACEMENT_3D ( 'NONE', #3688, #7167, #892 ) ;
#2351 = DIRECTION ( 'NONE',  ( 0.000000000000000000, 0.000000000000000000, 1.000000000000000000 ) ) ;
#2352 = ORIENTED_EDGE ( 'NONE', *, *, #5740, .F. ) ;
#2353 = DIRECTION ( 'NONE',  ( 0.000000000000000000, 0.000000000000000000, 1.000000000000000000 ) ) ;
#2354 = VERTEX_POINT ( 'NONE', #5581 ) ;
#2355 = CIRCLE ( 'NONE', #5424, 1.374999999999994227 ) ;
#2356 = VERTEX_POINT ( 'NONE', #8278 ) ;
#2357 = CARTESIAN_POINT ( 'NONE',  ( 22.73827242307173790, -0.4974474678478686407, -4.502552532152132692 ) ) ;
#2358 = CARTESIAN_POINT ( 'NONE',  ( 84.82874637064230683, -0.008301598518919066014, 4.991698401481080793 ) ) ;
#2359 = CARTESIAN_POINT ( 'NONE',  ( 48.82722873042055767, -4.282386290035432808, 0.7176137099645666373 ) ) ;
#2360 = CARTESIAN_POINT ( 'NONE',  ( 120.8749999999999858, -3.671958834454324805, -1.328041165545675195 ) ) ;
#2361 = ORIENTED_EDGE ( 'NONE', *, *, #6299, .T. ) ;
#2362 = VERTEX_POINT ( 'NONE', #674 ) ;
#2363 = FACE_OUTER_BOUND ( 'NONE', #4886, .T. ) ;
#2364 = CARTESIAN_POINT ( 'NONE',  ( 67.25000000000000000, 0.000000000000000000, 0.000000000000000000 ) ) ;
#2365 = EDGE_CURVE ( 'NONE', #7935, #4515, #1918, .T. ) ;
#2366 = DIRECTION ( 'NONE',  ( 0.000000000000000000, -1.000000000000000000, 0.000000000000000000 ) ) ;
#2367 = AXIS2_PLACEMENT_3D ( 'NONE', #5432, #5329, #8900 ) ;
#2368 = B_SPLINE_CURVE_WITH_KNOTS ( 'NONE', 3,
 ( #8419, #2719, #7689, #1290, #7735, #2808, #1465, #8939, #4169, #6968, #688, #6885, #6832, #550, #3490, #6197 ),
 .UNSPECIFIED., .F., .F.,
 ( 4, 2, 2, 2, 2, 2, 2, 4 ),
 ( 4.818711198681143754E-07, 0.0008765200830205597095, 0.001314539188970918543, 0.001752558294921277484, 0.002190577400871636642, 0.002628596506821994933, 0.003066615612772354092, 0.003504634718722713250 ),
 .UNSPECIFIED. ) ;
#2369 = DIRECTION ( 'NONE',  ( -0.7071067811865473507, -0.7071067811865477948, 7.857023932653279918E-17 ) ) ;
#2370 = EDGE_LOOP ( 'NONE', ( #8620, #1949, #6954, #452 ) ) ;
#2371 = CARTESIAN_POINT ( 'NONE',  ( 119.5338363723698194, -0.2517800035653059987, -4.748219996434693613 ) ) ;
#2372 = EDGE_LOOP ( 'NONE', ( #7731, #7021, #6516, #7042 ) ) ;
#2373 = DIRECTION ( 'NONE',  ( -1.000000000000000000, -0.000000000000000000, -0.000000000000000000 ) ) ;
#2374 = B_SPLINE_CURVE_WITH_KNOTS ( 'NONE', 3,
 ( #5514, #3500, #1383, #6897, #6167, #7700, #1427, #4180, #8300, #4227, #44, #6978, #697, #6292, #6931, #6206 ),
 .UNSPECIFIED., .F., .F.,
 ( 4, 2, 2, 2, 2, 2, 2, 4 ),
 ( 4.818711198686234422E-07, 0.0008765200830205596011, 0.001314539188970917892, 0.001752558294921276617, 0.002190577400871634908, 0.002628596506821993632, 0.003066615612772352357, 0.003504634718722711081 ),
 .UNSPECIFIED. ) ;
#2375 = CARTESIAN_POINT ( 'NONE',  ( 17.75000000000000000, 0.000000000000000000, 1.000000000000000000 ) ) ;
#2376 = FACE_OUTER_BOUND ( 'NONE', #4715, .T. ) ;
#2378 = CARTESIAN_POINT ( 'NONE',  ( 82.25399883711745019, -1.137203174285757346, 3.862796825714243987 ) ) ;
#2377 = CARTESIAN_POINT ( 'NONE',  ( 57.03886551654431258, -0.04063066961492543816, 4.959369330385074548 ) ) ;
#2379 = CARTESIAN_POINT ( 'NONE',  ( 97.13240203055840993, -4.872131520497874568, 0.1278684795021269582 ) ) ;
#2380 = CARTESIAN_POINT ( 'NONE',  ( 51.39665234915597836, -0.06459124882792187383, 4.935408751172077224 ) ) ;
#2381 = VERTEX_POINT ( 'NONE', #7636 ) ;
#2382 = CARTESIAN_POINT ( 'NONE',  ( 87.99600116288353036, -3.862796825715747673, -1.137203174284253882 ) ) ;
#2383 = ORIENTED_EDGE ( 'NONE', *, *, #1551, .F. ) ;
#2384 = ADVANCED_FACE ( 'NONE', ( #4244 ), #3933, .T. ) ;
#2385 = CARTESIAN_POINT ( 'NONE',  ( 82.37499999999998579, 0.000000000000000000, 0.000000000000000000 ) ) ;
#2386 = CARTESIAN_POINT ( 'NONE',  ( 35.62500000000000000, 1.224646799147353207E-16, -1.000000000000000000 ) ) ;
#2387 = CARTESIAN_POINT ( 'NONE',  ( 61.97953806259078391, -0.1676550930109051152, 4.832344906989093580 ) ) ;
#2388 = CARTESIAN_POINT ( 'NONE',  ( 57.47815646957786839, -5.000000000001022293, 1.022278417154898973E-12 ) ) ;
#2389 = DIRECTION ( 'NONE',  ( 0.000000000000000000, 0.000000000000000000, 1.000000000000000000 ) ) ;
#2390 = EDGE_CURVE ( 'NONE', #89, #5003, #5399, .T. ) ;
#2391 = CIRCLE ( 'NONE', #3127, 3.904737509655562544 ) ;
#2392 = EDGE_CURVE ( 'NONE', #2356, #7251, #8460, .T. ) ;
#2393 = CARTESIAN_POINT ( 'NONE',  ( 24.77184353044837906, 9.361408133054524192E-15, 5.000000000000008882 ) ) ;
#2394 = CARTESIAN_POINT ( 'NONE',  ( 105.5903213122420112, -0.3138588207986951484, -4.686141179201305462 ) ) ;
#2395 = ORIENTED_EDGE ( 'NONE', *, *, #8490, .T. ) ;
#2396 = ORIENTED_EDGE ( 'NONE', *, *, #3624, .F. ) ;
#2397 = CARTESIAN_POINT ( 'NONE',  ( 24.77184353044837906, 9.361408133054524192E-15, -5.000000000000008882 ) ) ;
#2398 = CARTESIAN_POINT ( 'NONE',  ( 93.10263427936256164, -4.040089233410256497, 0.9599107665897450570 ) ) ;
#2399 = DIRECTION ( 'NONE',  ( -1.000000000000000000, -0.000000000000000000, -0.000000000000000000 ) ) ;
#2400 = ADVANCED_FACE ( 'NONE', ( #4887 ), #2183, .T. ) ;
#2401 = CARTESIAN_POINT ( 'NONE',  ( 2.500000000000000000, 0.000000000000000000, 2.500000000000000000 ) ) ;
#2402 = EDGE_CURVE ( 'NONE', #965, #2950, #1577, .T. ) ;
#2403 = ADVANCED_FACE ( 'NONE', ( #6541 ), #8902, .T. ) ;
#2404 = CARTESIAN_POINT ( 'NONE',  ( 18.53886551654430903, -0.04063066961492833862, -4.959369330385071883 ) ) ;
#2405 = ORIENTED_EDGE ( 'NONE', *, *, #8897, .F. ) ;
#2406 = AXIS2_PLACEMENT_3D ( 'NONE', #4713, #7542, #1271 ) ;
#2407 = DIRECTION ( 'NONE',  ( -0.000000000000000000, 1.000000000000000000, 1.224646799147353207E-16 ) ) ;
#2408 = DIRECTION ( 'NONE',  ( 0.000000000000000000, 0.000000000000000000, 1.000000000000000000 ) ) ;
#2409 = CARTESIAN_POINT ( 'NONE',  ( 86.13240203055839572, -4.872131520497875456, 0.1278684795021238774 ) ) ;
#2410 = ADVANCED_FACE ( 'NONE', ( #7045 ), #3599, .F. ) ;
#2411 = COORDINATED_UNIVERSAL_TIME_OFFSET ( 3, 30, .AHEAD. ) ;
#2412 = ORIENTED_EDGE ( 'NONE', *, *, #1035, .F. ) ;
#2413 = CIRCLE ( 'NONE', #8836, 3.904737509655562544 ) ;
#2414 = FACE_OUTER_BOUND ( 'NONE', #5023, .T. ) ;
#2415 = ORIENTED_EDGE ( 'NONE', *, *, #7133, .T. ) ;
#2416 = FACE_OUTER_BOUND ( 'NONE', #3001, .T. ) ;
#2417 = CARTESIAN_POINT ( 'NONE',  ( 68.62499999999978684, 2.818544231345960265E-13, 5.000000000000282441 ) ) ;
#2418 = CARTESIAN_POINT ( 'NONE',  ( 3.678545946137535161, -0.1639194438105646967, -4.836080556189436663 ) ) ;
#2419 = DIRECTION ( 'NONE',  ( 0.000000000000000000, -1.224646799147353207E-16, 1.000000000000000000 ) ) ;
#2420 = CARTESIAN_POINT ( 'NONE',  ( 119.4999999999999858, 0.000000000000000000, 0.000000000000000000 ) ) ;
#2421 = DIRECTION ( 'NONE',  ( -1.000000000000000000, -0.000000000000000000, -0.000000000000000000 ) ) ;
#2422 = CARTESIAN_POINT ( 'NONE',  ( 109.8749999999999858, -3.671958834454344345, 1.328041165545655877 ) ) ;
#2423 = CARTESIAN_POINT ( 'NONE',  ( 5.081399495796014243, -4.045279225846909910, -0.9547207741530910896 ) ) ;
#2424 = EDGE_LOOP ( 'NONE', ( #4332, #7240, #7695 ) ) ;
#2425 = CARTESIAN_POINT ( 'NONE',  ( 100.8966523491559713, -0.06459124882792478817, 4.935408751172075448 ) ) ;
#2426 = AXIS2_PLACEMENT_3D ( 'NONE', #2492, #6783, #1199 ) ;
#2427 = ORIENTED_EDGE ( 'NONE', *, *, #1151, .F. ) ;
#2428 = CARTESIAN_POINT ( 'NONE',  ( 112.6250000000000000, 0.000000000000000000, 0.000000000000000000 ) ) ;
#2429 = CARTESIAN_POINT ( 'NONE',  ( 70.15967868777055116, -4.686141179195657536, -0.3138588208043440742 ) ) ;
#2430 = ORIENTED_EDGE ( 'NONE', *, *, #86, .T. ) ;
#2431 = DIRECTION ( 'NONE',  ( 0.000000000000000000, 0.000000000000000000, 1.000000000000000000 ) ) ;
#2432 = CARTESIAN_POINT ( 'NONE',  ( 79.62500000000000000, 0.000000000000000000, 0.000000000000000000 ) ) ;
#2433 = DIRECTION ( 'NONE',  ( -1.000000000000000000, -0.000000000000000000, -0.000000000000000000 ) ) ;
#2434 = AXIS2_PLACEMENT_3D ( 'NONE', #9046, #5575, #7587 ) ;
#2435 = EDGE_CURVE ( 'NONE', #499, #7675, #4283, .T. ) ;
#2436 = CARTESIAN_POINT ( 'NONE',  ( 107.1250000000000000, 0.000000000000000000, 0.000000000000000000 ) ) ;
#2437 = CIRCLE ( 'NONE', #2300, 1.374999999999994227 ) ;
#2438 = DIRECTION ( 'NONE',  ( -1.000000000000000000, -0.000000000000000000, -0.000000000000000000 ) ) ;
#2439 = ORIENTED_EDGE ( 'NONE', *, *, #1686, .F. ) ;
#2440 = CARTESIAN_POINT ( 'NONE',  ( 78.61759796945997891, -0.1278684794971783889, 4.872131520502821722 ) ) ;
#2441 = CARTESIAN_POINT ( 'NONE',  ( 43.60263427936256875, -4.040089233410288472, 0.9599107665897111952 ) ) ;
#2442 = AXIS2_PLACEMENT_3D ( 'NONE', #3740, #3062, #1673 ) ;
#2443 = FACE_OUTER_BOUND ( 'NONE', #7541, .T. ) ;
#2444 = DIRECTION ( 'NONE',  ( 0.000000000000000000, 0.000000000000000000, 1.000000000000000000 ) ) ;
#2445 = EDGE_CURVE ( 'NONE', #7986, #2192, #6139, .T. ) ;
#2446 = CARTESIAN_POINT ( 'NONE',  ( 51.53886551654431258, -0.04063066961492661083, -4.959369330385073660 ) ) ;
#2447 = CIRCLE ( 'NONE', #4780, 1.500000000000000000 ) ;
#2448 = CYLINDRICAL_SURFACE ( 'NONE', #4092, 1.000000000000000000 ) ;
#2449 = ADVANCED_FACE ( 'NONE', ( #7127 ), #7947, .F. ) ;
#2450 = EDGE_LOOP ( 'NONE', ( #3766, #8366, #261 ) ) ;
#2451 = DIRECTION ( 'NONE',  ( 0.000000000000000000, 0.000000000000000000, 1.000000000000000000 ) ) ;
#2452 = CIRCLE ( 'NONE', #6690, 1.374999999999997780 ) ;
#2453 = CARTESIAN_POINT ( 'NONE',  ( 16.37499999999999645, 0.000000000000000000, 0.000000000000000000 ) ) ;
#2454 = ORIENTED_EDGE ( 'NONE', *, *, #257, .F. ) ;
#2455 = CARTESIAN_POINT ( 'NONE',  ( 101.6250000000000000, 1.224646799147353207E-16, -1.000000000000000000 ) ) ;
#2456 = DATE_AND_TIME ( #5938, #2758 ) ;
#2457 = ORIENTED_EDGE ( 'NONE', *, *, #4412, .T. ) ;
#2458 = CARTESIAN_POINT ( 'NONE',  ( 120.0187648069320403, -0.4915337874217381997, -4.508466212578261967 ) ) ;
#2459 = AXIS2_PLACEMENT_3D ( 'NONE', #432, #3249, #2807 ) ;
#2460 = EDGE_LOOP ( 'NONE', ( #1274, #2768, #6983, #2188 ) ) ;
#2461 = AXIS2_PLACEMENT_3D ( 'NONE', #8440, #2864, #52 ) ;
#2462 = CARTESIAN_POINT ( 'NONE',  ( 16.49600116288350193, -3.862796825715728577, -1.137203174284272533 ) ) ;
#2463 = CC_DESIGN_APPROVAL ( #304, ( #8009 ) ) ;
#2464 = LINE ( 'NONE', #1174, #2070 ) ;
#2465 = B_SPLINE_CURVE_WITH_KNOTS ( 'NONE', 3,
 ( #4288, #6546, #8412, #5073, #8548, #2154, #4931, #4250, #7768, #763, #1540, #7051 ),
 .UNSPECIFIED., .F., .F.,
 ( 4, 2, 2, 2, 2, 4 ),
 ( 0.003504634718750250684, 0.003941423334025133396, 0.004378211949300016975, 0.005251789179849782399, 0.006125366410399547823, 0.006998943640949313247 ),
 .UNSPECIFIED. ) ;
#2466 = FACE_OUTER_BOUND ( 'NONE', #7226, .T. ) ;
#2467 = CARTESIAN_POINT ( 'NONE',  ( 100.2161636276444483, -4.748219996440587565, -0.2517800035594122132 ) ) ;
#2469 = CARTESIAN_POINT ( 'NONE',  ( 63.12499999999998579, 0.000000000000000000, 0.000000000000000000 ) ) ;
#2468 = DIRECTION ( 'NONE',  ( -1.000000000000000000, -0.000000000000000000, -0.000000000000000000 ) ) ;
#2470 = CARTESIAN_POINT ( 'NONE',  ( 64.27046193742626201, -4.832344906983756516, 0.1676550930162438446 ) ) ;
#2471 = DIRECTION ( 'NONE',  ( 0.000000000000000000, 0.000000000000000000, 1.000000000000000000 ) ) ;
#2472 = CARTESIAN_POINT ( 'NONE',  ( 65.87499999999998579, 0.000000000000000000, 3.904737509655561212 ) ) ;
#2473 = ORIENTED_EDGE ( 'NONE', *, *, #3845, .T. ) ;
#2474 = AXIS2_PLACEMENT_3D ( 'NONE', #3427, #4834, #1391 ) ;
#2475 = DIRECTION ( 'NONE',  ( -0.000000000000000000, 1.000000000000000000, 1.224646799147353207E-16 ) ) ;
#2476 = ORIENTED_EDGE ( 'NONE', *, *, #6012, .F. ) ;
#2478 = FACE_OUTER_BOUND ( 'NONE', #4691, .T. ) ;
#2477 = TOROIDAL_SURFACE ( 'NONE', #2909, 1.000000000000000000, 3.999999999999996447 ) ;
#2479 = DIRECTION ( 'NONE',  ( 0.000000000000000000, 0.000000000000000000, 1.000000000000000000 ) ) ;
#2480 = ORIENTED_EDGE ( 'NONE', *, *, #7149, .F. ) ;
#2481 = CARTESIAN_POINT ( 'NONE',  ( 35.33253412545226979, -4.991957775359334271, -0.008042224640665977461 ) ) ;
#2482 = CARTESIAN_POINT ( 'NONE',  ( 76.01172757693697690, -4.502552532146814279, -0.4974474678531852767 ) ) ;
#2483 = CARTESIAN_POINT ( 'NONE',  ( 66.52374954628648140, -0.6401341107417657383, 4.359865889258235150 ) ) ;
#2484 = AXIS2_PLACEMENT_3D ( 'NONE', #3622, #6419, #131 ) ;
#2485 = ADVANCED_FACE ( 'NONE', ( #8501 ), #4775, .T. ) ;
#2486 = ADVANCED_FACE ( 'NONE', ( #6356 ), #5215, .T. ) ;
#2487 = DIRECTION ( 'NONE',  ( -1.000000000000000000, -0.000000000000000000, -0.000000000000000000 ) ) ;
#2488 = ADVANCED_FACE ( 'NONE', ( #5017 ), #5803, .T. ) ;
#2489 = ORIENTED_EDGE ( 'NONE', *, *, #3853, .F. ) ;
#2490 = AXIS2_PLACEMENT_3D ( 'NONE', #1065, #2639, #8210 ) ;
#2491 = ORIENTED_EDGE ( 'NONE', *, *, #6531, .F. ) ;
#2492 = CARTESIAN_POINT ( 'NONE',  ( 46.62500000000000000, 0.000000000000000000, 0.000000000000000000 ) ) ;
#2493 = CARTESIAN_POINT ( 'NONE',  ( 106.1175979694599647, -0.1278684794971783889, 4.872131520502821722 ) ) ;
#2494 = AXIS2_PLACEMENT_3D ( 'NONE', #4450, #7242, #967 ) ;
#2495 = DIRECTION ( 'NONE',  ( 0.000000000000000000, -1.000000000000000000, 0.000000000000000000 ) ) ;
#2496 = DIRECTION ( 'NONE',  ( 0.000000000000000000, 0.000000000000000000, 1.000000000000000000 ) ) ;
#2497 = CARTESIAN_POINT ( 'NONE',  ( 80.99999999999998579, 0.000000000000000000, 0.000000000000000000 ) ) ;
#2498 = TOROIDAL_SURFACE ( 'NONE', #4082, 1.000000000000000000, 4.000000000000000000 ) ;
#2499 = CARTESIAN_POINT ( 'NONE',  ( 16.10263427936258651, -4.040089233410277814, -0.9599107665897227415 ) ) ;
#2500 = CIRCLE ( 'NONE', #140, 1.000000000000000000 ) ;
#2501 = ADVANCED_FACE ( 'NONE', ( #3015 ), #2296, .T. ) ;
#2502 = ORIENTED_EDGE ( 'NONE', *, *, #3907, .T. ) ;
#2503 = CARTESIAN_POINT ( 'NONE',  ( 116.7161636276444625, -4.748219996440593782, -0.2517800035594067731 ) ) ;
#2504 = DIRECTION ( 'NONE',  ( -1.000000000000000000, -0.000000000000000000, -0.000000000000000000 ) ) ;
#2505 = EDGE_LOOP ( 'NONE', ( #5179, #5612, #3375, #4004 ) ) ;
#2506 = CIRCLE ( 'NONE', #6892, 3.999999999999996447 ) ;
#2507 = CARTESIAN_POINT ( 'NONE',  ( 99.14877465030180304, -4.041784260362676129, 0.9582157396373237601 ) ) ;
#2508 = EDGE_CURVE ( 'NONE', #3773, #6202, #6237, .T. ) ;
#2509 = APPROVAL_STATUS ( 'not_yet_approved' ) ;
#2510 = ORIENTED_EDGE ( 'NONE', *, *, #2844, .T. ) ;
#2511 = CARTESIAN_POINT ( 'NONE',  ( 35.62499999999978684, 2.837560127215673901E-13, -5.000000000000283329 ) ) ;
#2512 = ORIENTED_EDGE ( 'NONE', *, *, #8649, .T. ) ;
#2513 = DIRECTION ( 'NONE',  ( 0.000000000000000000, 0.000000000000000000, 1.000000000000000000 ) ) ;
#2514 = DIRECTION ( 'NONE',  ( -1.000000000000000000, -0.000000000000000000, -0.000000000000000000 ) ) ;
#2515 = CARTESIAN_POINT ( 'NONE',  ( 4.679924016395770714, -0.6328726800982308331, -4.367127319901767279 ) ) ;
#2516 = CARTESIAN_POINT ( 'NONE',  ( 23.21616362764441988, -4.748219996440572466, -0.2517800035594274233 ) ) ;
#2518 = DIRECTION ( 'NONE',  ( -1.000000000000000000, -0.000000000000000000, -0.000000000000000000 ) ) ;
#2517 = DIRECTION ( 'NONE',  ( 0.000000000000000000, 0.000000000000000000, 1.000000000000000000 ) ) ;
#2519 = CIRCLE ( 'NONE', #7603, 3.999999999999999112 ) ;
#2520 = CARTESIAN_POINT ( 'NONE',  ( 65.60263427936256164, -4.040089233410260938, 0.9599107665897401720 ) ) ;
#2521 = EDGE_CURVE ( 'NONE', #5358, #4557, #1106, .T. ) ;
#2522 = CARTESIAN_POINT ( 'NONE',  ( 30.12500000000000000, -5.000000000000000888, -4.336808689942017736E-16 ) ) ;
#2523 = EDGE_CURVE ( 'NONE', #2324, #7935, #596, .T. ) ;
#2524 = DIRECTION ( 'NONE',  ( -0.000000000000000000, 1.000000000000000000, 1.224646799147353207E-16 ) ) ;
#2525 = ORIENTED_EDGE ( 'NONE', *, *, #530, .F. ) ;
#2526 = CARTESIAN_POINT ( 'NONE',  ( 46.77225720791379615, -4.999999999998979483, -1.021273130218665254E-12 ) ) ;
#2527 = EDGE_CURVE ( 'NONE', #4842, #2381, #9009, .T. ) ;
#2528 = ORIENTED_EDGE ( 'NONE', *, *, #4179, .F. ) ;
#2529 = DIRECTION ( 'NONE',  ( -1.000000000000000000, -0.000000000000000000, -0.000000000000000000 ) ) ;
#2530 = CARTESIAN_POINT ( 'NONE',  ( 16.49621622079729377, -1.136863993905374848, 3.863136006094625152 ) ) ;
#2531 = ORIENTED_EDGE ( 'NONE', *, *, #7377, .F. ) ;
#2532 = TOROIDAL_SURFACE ( 'NONE', #7630, 1.000000000000000000, 3.999999999999999112 ) ;
#2533 = CC_DESIGN_PERSON_AND_ORGANIZATION_ASSIGNMENT ( #3423, #1955, ( #8895 ) ) ;
#2534 = CARTESIAN_POINT ( 'NONE',  ( 110.7312351930765288, -4.508466212583694066, -0.4915337874163073217 ) ) ;
#2535 = CARTESIAN_POINT ( 'NONE',  ( 53.27178058431636032, -0.1593231317801528379, -4.840676868219846440 ) ) ;
#2536 = CARTESIAN_POINT ( 'NONE',  ( 51.97815646957787550, -5.000000000001020517, 1.019487267128499786E-12 ) ) ;
#2537 = CARTESIAN_POINT ( 'NONE',  ( 74.12500000000000000, 1.224646799147353207E-16, -1.000000000000000000 ) ) ;
#2538 = ORIENTED_EDGE ( 'NONE', *, *, #5763, .F. ) ;
#2539 = CARTESIAN_POINT ( 'NONE',  ( 9.271780584316367424, -0.1593231317801513947, -4.840676868219850881 ) ) ;
#2540 = CARTESIAN_POINT ( 'NONE',  ( 42.13240203055824651, -4.872131520497915425, 0.1278684795020852694 ) ) ;
#2541 = TOROIDAL_SURFACE ( 'NONE', #1954, 1.000000000000000000, 3.999999999999997335 ) ;
#2542 = DIRECTION ( 'NONE',  ( -1.000000000000000000, -0.000000000000000000, -0.000000000000000000 ) ) ;
#2543 = CARTESIAN_POINT ( 'NONE',  ( 119.2704619374262762, -4.832344906983753852, -0.1676550930162466757 ) ) ;
#2544 = CARTESIAN_POINT ( 'NONE',  ( 13.62500000002789236, -5.000000000000000888, -4.336808689942017736E-16 ) ) ;
#2545 = ORIENTED_EDGE ( 'NONE', *, *, #73, .F. ) ;
#2546 = FACE_OUTER_BOUND ( 'NONE', #3735, .T. ) ;
#2547 = CARTESIAN_POINT ( 'NONE',  ( 30.71113448345549202, -4.959369330385106522, 0.04063066961489453233 ) ) ;
#2548 = ORIENTED_EDGE ( 'NONE', *, *, #1517, .T. ) ;
#2549 = CARTESIAN_POINT ( 'NONE',  ( 99.51880044884224219, -4.366408635911685820, 0.6335913640883145126 ) ) ;
#2550 = APPROVAL_STATUS ( 'not_yet_approved' ) ;
#2551 = ORIENTED_EDGE ( 'NONE', *, *, #6641, .F. ) ;
#2552 = CARTESIAN_POINT ( 'NONE',  ( 116.7499999999999858, 0.000000000000000000, 1.000000000000000000 ) ) ;
#2553 = ADVANCED_FACE ( 'NONE', ( #2416 ), #427, .F. ) ;
#2554 = VERTEX_POINT ( 'NONE', #4604 ) ;
#2555 = AXIS2_PLACEMENT_3D ( 'NONE', #3750, #8603, #1641 ) ;
#2556 = CARTESIAN_POINT ( 'NONE',  ( 17.97821941570030546, -4.840676868225202156, -0.1593231317747980103 ) ) ;
#2557 = DIRECTION ( 'NONE',  ( -1.000000000000000000, -0.000000000000000000, -0.000000000000000000 ) ) ;
#2558 = ADVANCED_FACE ( 'NONE', ( #7352 ), #8867, .T. ) ;
#2559 = DIRECTION ( 'NONE',  ( -1.000000000000000000, -0.000000000000000000, -0.000000000000000000 ) ) ;
#2560 = CARTESIAN_POINT ( 'NONE',  ( 22.51880044884222087, -4.366408635911676939, -0.6335913640883239495 ) ) ;
#2561 = DIRECTION ( 'NONE',  ( 0.000000000000000000, 0.000000000000000000, -1.000000000000000000 ) ) ;
#2562 = AXIS2_PLACEMENT_3D ( 'NONE', #4421, #7214, #7848 ) ;
#2563 = DIRECTION ( 'NONE',  ( -1.000000000000000000, -0.000000000000000000, -0.000000000000000000 ) ) ;
#2564 = CARTESIAN_POINT ( 'NONE',  ( 107.4212536293574942, -4.991698401481101222, -0.008301598518901416937 ) ) ;
#2565 = VERTEX_POINT ( 'NONE', #1118 ) ;
#2566 = CARTESIAN_POINT ( 'NONE',  ( 76.60122534970065544, -0.9582157396402009031, 4.041784260359798431 ) ) ;
#2567 = CARTESIAN_POINT ( 'NONE',  ( 61.97821941570038717, -4.840676868225232354, 0.1593231317747674791 ) ) ;
#2568 = ORIENTED_EDGE ( 'NONE', *, *, #3359, .F. ) ;
#2569 = DIRECTION ( 'NONE',  ( 0.000000000000000000, 0.7071067811865474617, 0.7071067811865474617 ) ) ;
#2570 = CARTESIAN_POINT ( 'NONE',  ( 26.39842623724025472, -4.567820679626485081, -0.4321793203735164735 ) ) ;
#2571 = ORIENTED_EDGE ( 'NONE', *, *, #8977, .T. ) ;
#2572 = ADVANCED_FACE ( 'NONE', ( #3108 ), #6971, .T. ) ;
#2573 = DIRECTION ( 'NONE',  ( -1.000000000000000000, -0.000000000000000000, -0.000000000000000000 ) ) ;
#2574 = DIRECTION ( 'NONE',  ( -1.000000000000000000, -0.000000000000000000, -0.000000000000000000 ) ) ;
#2575 = EDGE_CURVE ( 'NONE', #4557, #3014, #4481, .T. ) ;
#2576 = TOROIDAL_SURFACE ( 'NONE', #3448, 1.000000000000000000, 3.999999999999997335 ) ;
#2577 = AXIS2_PLACEMENT_3D ( 'NONE', #475, #6941, #6861 ) ;
#2578 = CARTESIAN_POINT ( 'NONE',  ( 0.000000000000000000, 1.224646799147353207E-16, -1.000000000000000000 ) ) ;
#2579 = CARTESIAN_POINT ( 'NONE',  ( 50.23123519307646490, -4.508466212583658539, -0.4915337874163436815 ) ) ;
#2580 = CARTESIAN_POINT ( 'NONE',  ( 101.6250000000000000, 0.000000000000000000, 1.000000000000000000 ) ) ;
#2581 = ORIENTED_EDGE ( 'NONE', *, *, #6757, .F. ) ;
#2582 = AXIS2_PLACEMENT_3D ( 'NONE', #2981, #6409, #8550 ) ;
#2583 = B_SPLINE_CURVE_WITH_KNOTS ( 'NONE', 3,
 ( #7281, #8007, #1053, #8147, #1884, #1691, #6648, #444, #8102, #4671, #1837, #8740 ),
 .UNSPECIFIED., .F., .F.,
 ( 4, 2, 2, 2, 2, 4 ),
 ( 0.003504634718750224663, 0.003941423334025109110, 0.004378211949299992689, 0.005251789179849761582, 0.006125366410399530476, 0.006998943640949298502 ),
 .UNSPECIFIED. ) ;
#2584 = CARTESIAN_POINT ( 'NONE',  ( 46.62500000000000000, 0.000000000000000000, 1.000000000000000000 ) ) ;
#2585 = CARTESIAN_POINT ( 'NONE',  ( 19.71113448347802688, -4.959369330381692365, 0.04063066961830764934 ) ) ;
#2586 = CARTESIAN_POINT ( 'NONE',  ( 63.12499999999998579, 1.224646799147353207E-16, -1.000000000000000000 ) ) ;
#2587 = FACE_OUTER_BOUND ( 'NONE', #183, .T. ) ;
#2588 = B_SPLINE_CURVE_WITH_KNOTS ( 'NONE', 3,
 ( #8234, #8317, #8274, #1925, #4069, #6912, #7498, #5451, #1969, #2566, #6182, #7453 ),
 .UNSPECIFIED., .F., .F.,
 ( 4, 2, 2, 2, 2, 4 ),
 ( 0.003504634718750216423, 0.003941423334025103038, 0.004378211949299989220, 0.005251789179849763317, 0.006125366410399537415, 0.006998943640949311512 ),
 .UNSPECIFIED. ) ;
#2589 = AXIS2_PLACEMENT_3D ( 'NONE', #3206, #8782, #711 ) ;
#2590 = AXIS2_PLACEMENT_3D ( 'NONE', #6399, #5713, #1632 ) ;
#2591 = ORIENTED_EDGE ( 'NONE', *, *, #5040, .T. ) ;
#2592 = VERTEX_POINT ( 'NONE', #8084 ) ;
#2593 = FACE_OUTER_BOUND ( 'NONE', #6645, .T. ) ;
#2594 = CARTESIAN_POINT ( 'NONE',  ( 31.53423771779433693, -4.739198801702004360, 0.2608011982979971388 ) ) ;
#2595 = AXIS2_PLACEMENT_3D ( 'NONE', #5698, #234, #6482 ) ;
#2596 = EDGE_LOOP ( 'NONE', ( #2383, #4420, #5224 ) ) ;
#2597 = DIRECTION ( 'NONE',  ( 0.000000000000000000, -1.224646799147353207E-16, 1.000000000000000000 ) ) ;
#2598 = EDGE_CURVE ( 'NONE', #4572, #5883, #8452, .T. ) ;
#2599 = PERSON_AND_ORGANIZATION ( #6959, #4939 ) ;
#2600 = ORIENTED_EDGE ( 'NONE', *, *, #3517, .T. ) ;
#2601 = DIRECTION ( 'NONE',  ( 0.000000000000000000, -1.000000000000000000, 0.000000000000000000 ) ) ;
#2602 = VERTEX_POINT ( 'NONE', #7262 ) ;
#2603 = CIRCLE ( 'NONE', #7701, 1.375000000000001332 ) ;
#2604 = AXIS2_PLACEMENT_3D ( 'NONE', #8632, #3730, #3054 ) ;
#2605 = CARTESIAN_POINT ( 'NONE',  ( 8.125000000000000000, 1.224646799147353207E-16, -1.000000000000000000 ) ) ;
#2606 = DIRECTION ( 'NONE',  ( 0.000000000000000000, 0.000000000000000000, -1.000000000000000000 ) ) ;
#2607 = CARTESIAN_POINT ( 'NONE',  ( 2.500000000000002220, -5.000000000000000888, -4.336808689942017736E-16 ) ) ;
#2608 = CARTESIAN_POINT ( 'NONE',  ( 115.9227712695847146, -0.7176137099602811764, -4.282386290039720045 ) ) ;
#2609 = DIRECTION ( 'NONE',  ( 0.000000000000000000, 0.000000000000000000, 1.000000000000000000 ) ) ;
#2610 = CARTESIAN_POINT ( 'NONE',  ( 55.14736572063977604, -0.9599107665869500705, -4.040089233413050707 ) ) ;
#2611 = CARTESIAN_POINT ( 'NONE',  ( 38.37499999999999289, 0.000000000000000000, 3.904737509655565653 ) ) ;
#2612 = AXIS2_PLACEMENT_3D ( 'NONE', #7387, #1251, #3963 ) ;
#2613 = CARTESIAN_POINT ( 'NONE',  ( 43.87500000000000000, 0.000000000000000000, 0.000000000000000000 ) ) ;
#2614 = ORIENTED_EDGE ( 'NONE', *, *, #3541, .F. ) ;
#2615 = CARTESIAN_POINT ( 'NONE',  ( 79.62500000000000000, 0.000000000000000000, 1.000000000000000000 ) ) ;
#2616 = CARTESIAN_POINT ( 'NONE',  ( 92.15967868777053695, -4.686141179195657536, -0.3138588208043440742 ) ) ;
#2617 = ORIENTED_EDGE ( 'NONE', *, *, #4509, .F. ) ;
#2618 = CARTESIAN_POINT ( 'NONE',  ( 82.49621622079727956, -1.136863993905380177, -3.863136006094618935 ) ) ;
#2619 = AXIS2_PLACEMENT_3D ( 'NONE', #8971, #8243, #6957 ) ;
#2620 = FACE_OUTER_BOUND ( 'NONE', #4230, .T. ) ;
#2621 = ORIENTED_EDGE ( 'NONE', *, *, #3407, .F. ) ;
#2622 = CARTESIAN_POINT ( 'NONE',  ( 107.1250000000000000, 0.000000000000000000, 0.000000000000000000 ) ) ;
#2623 = DIRECTION ( 'NONE',  ( 0.000000000000000000, 0.000000000000000000, 1.000000000000000000 ) ) ;
#2624 = SECURITY_CLASSIFICATION ( '', '', #105 ) ;
#2625 = CARTESIAN_POINT ( 'NONE',  ( 54.23119955116401769, -0.6335913640930908031, -4.366408635906910085 ) ) ;
#2626 = CARTESIAN_POINT ( 'NONE',  ( 28.02374954628649917, -0.6401341107417590770, 4.359865889258241367 ) ) ;
#2627 = EDGE_CURVE ( 'NONE', #1032, #4254, #7557, .T. ) ;
#2628 = AXIS2_PLACEMENT_3D ( 'NONE', #6569, #8571, #277 ) ;
#2629 = CARTESIAN_POINT ( 'NONE',  ( 0.000000000000000000, 1.224646799147353207E-16, -1.000000000000000000 ) ) ;
#2630 = CARTESIAN_POINT ( 'NONE',  ( 57.77225720791379615, -4.999999999998979483, -1.021516440432764052E-12 ) ) ;
#2631 = ORIENTED_EDGE ( 'NONE', *, *, #5005, .T. ) ;
#2632 = CARTESIAN_POINT ( 'NONE',  ( 10.87500000000000000, -1.328041165545663871, -3.671958834454336351 ) ) ;
#2633 = AXIS2_PLACEMENT_3D ( 'NONE', #3927, #7398, #3148 ) ;
#2634 = CARTESIAN_POINT ( 'NONE',  ( 29.54368978647550747, -4.960065625082934027, 0.03993437491706443299 ) ) ;
#2635 = TOROIDAL_SURFACE ( 'NONE', #5846, 1.000000000000000000, 3.999999999999997335 ) ;
#2636 = CARTESIAN_POINT ( 'NONE',  ( 109.6012253497006697, -0.9582157396401881355, -4.041784260359812642 ) ) ;
#2637 = FACE_OUTER_BOUND ( 'NONE', #7979, .T. ) ;
#2638 = EDGE_CURVE ( 'NONE', #6576, #5358, #5059, .T. ) ;
#2639 = DIRECTION ( 'NONE',  ( -1.000000000000000000, -0.000000000000000000, -0.000000000000000000 ) ) ;
#2640 = ORIENTED_EDGE ( 'NONE', *, *, #3753, .T. ) ;
#2641 = ORIENTED_EDGE ( 'NONE', *, *, #8875, .F. ) ;
#2642 = CARTESIAN_POINT ( 'NONE',  ( 68.62499999999998579, 0.000000000000000000, 0.000000000000000000 ) ) ;
#2643 = CARTESIAN_POINT ( 'NONE',  ( 11.14736572063976894, -0.9599107665869520689, 4.040089233413046266 ) ) ;
#2644 = ORIENTED_EDGE ( 'NONE', *, *, #3184, .F. ) ;
#2645 = AXIS2_PLACEMENT_3D ( 'NONE', #6527, #4548, #279 ) ;
#2646 = CARTESIAN_POINT ( 'NONE',  ( 114.0338363723698620, -0.2517800035653036117, -4.748219996434697165 ) ) ;
#2647 = AXIS2_PLACEMENT_3D ( 'NONE', #5916, #266, #3892 ) ;
#2648 = CONTEXT_DEPENDENT_SHAPE_REPRESENTATION ( #7756, #8191 ) ;
#2649 = EDGE_LOOP ( 'NONE', ( #5195, #614, #1860, #3664 ) ) ;
#2650 = CARTESIAN_POINT ( 'NONE',  ( 32.87500000000000000, 0.000000000000000000, 0.000000000000000000 ) ) ;
#2651 = ORIENTED_EDGE ( 'NONE', *, *, #6044, .F. ) ;
#2652 = DIRECTION ( 'NONE',  ( -1.000000000000000000, -0.000000000000000000, -0.000000000000000000 ) ) ;
#2653 = CARTESIAN_POINT ( 'NONE',  ( 6.023749546286498280, -0.6401341107417626297, 4.359865889258240479 ) ) ;
#2654 = CARTESIAN_POINT ( 'NONE',  ( 63.27184353044837195, 9.219424235271022098E-15, -5.000000000000008882 ) ) ;
#2655 = CARTESIAN_POINT ( 'NONE',  ( 91.20631021352424739, -0.03993437491703821784, -4.960065625082963336 ) ) ;
#2656 = CIRCLE ( 'NONE', #7748, 5.000000000000000000 ) ;
#2657 = EDGE_CURVE ( 'NONE', #6156, #8260, #147, .T. ) ;
#2658 = CARTESIAN_POINT ( 'NONE',  ( 19.12500000000000000, 0.000000000000000000, 0.000000000000000000 ) ) ;
#2659 = CARTESIAN_POINT ( 'NONE',  ( 87.75399883711746440, -1.137203174285756901, -3.862796825714243543 ) ) ;
#2660 = CARTESIAN_POINT ( 'NONE',  ( 74.12500000002798117, -5.000000000000000888, -4.336808689942017736E-16 ) ) ;
#2661 = CARTESIAN_POINT ( 'NONE',  ( 53.53423771780835239, -4.739198801696360874, -0.2608011983036389037 ) ) ;
#2662 = ORIENTED_EDGE ( 'NONE', *, *, #2523, .T. ) ;
#2663 = DIRECTION ( 'NONE',  ( 0.000000000000000000, 0.000000000000000000, 1.000000000000000000 ) ) ;
#2664 = CARTESIAN_POINT ( 'NONE',  ( 61.71616362764444830, -4.748219996440592894, 0.2517800035594070507 ) ) ;
#2665 = ORIENTED_EDGE ( 'NONE', *, *, #4025, .F. ) ;
#2666 = DIRECTION ( 'NONE',  ( 0.000000000000000000, 0.000000000000000000, 1.000000000000000000 ) ) ;
#2667 = DIRECTION ( 'NONE',  ( -1.000000000000000000, -0.000000000000000000, -0.000000000000000000 ) ) ;
#2668 = ORIENTED_EDGE ( 'NONE', *, *, #3718, .T. ) ;
#2669 = CARTESIAN_POINT ( 'NONE',  ( 32.99600116288350193, -3.862796825715725912, -1.137203174284275198 ) ) ;
#2670 = FACE_BOUND ( 'NONE', #8920, .T. ) ;
#2671 = CARTESIAN_POINT ( 'NONE',  ( 67.47953806259079101, -0.1676550930109081683, 4.832344906989090916 ) ) ;
#2672 = EDGE_CURVE ( 'NONE', #4052, #6181, #3232, .T. ) ;
#2673 = CARTESIAN_POINT ( 'NONE',  ( 0.000000000000000000, 0.000000000000000000, 0.000000000000000000 ) ) ;
#2674 = AXIS2_PLACEMENT_3D ( 'NONE', #7549, #7003, #718 ) ;
#2675 = EDGE_CURVE ( 'NONE', #3565, #5096, #678, .T. ) ;
#2676 = CARTESIAN_POINT ( 'NONE',  ( 50.97821941570026638, -4.840676868225190610, -0.1593231317748086406 ) ) ;
#2677 = CARTESIAN_POINT ( 'NONE',  ( 103.1596786877705227, -4.686141179195655759, 0.3138588208043440742 ) ) ;
#2678 = EDGE_LOOP ( 'NONE', ( #96, #6338, #1891 ) ) ;
#2679 = CYLINDRICAL_SURFACE ( 'NONE', #6949, 1.000000000000000000 ) ;
#2680 = EDGE_CURVE ( 'NONE', #8525, #5639, #4915, .T. ) ;
#2681 = CARTESIAN_POINT ( 'NONE',  ( 41.42125362938285349, -4.991698401479166769, 0.008301598520832341108 ) ) ;
#2682 = CARTESIAN_POINT ( 'NONE',  ( 101.9174658745726845, -0.008042224642539529122, -4.991957775357460214 ) ) ;
#2683 = CARTESIAN_POINT ( 'NONE',  ( 107.1250000000000000, 0.000000000000000000, 0.000000000000000000 ) ) ;
#2684 = DIRECTION ( 'NONE',  ( -1.000000000000000000, -0.000000000000000000, -0.000000000000000000 ) ) ;
#2685 = ORIENTED_EDGE ( 'NONE', *, *, #7637, .T. ) ;
#2686 = VERTEX_POINT ( 'NONE', #4058 ) ;
#2687 = DIRECTION ( 'NONE',  ( -1.000000000000000000, -0.000000000000000000, -0.000000000000000000 ) ) ;
#2688 = CARTESIAN_POINT ( 'NONE',  ( 24.33253412545236571, -4.991957775359342264, 0.008042224640657050574 ) ) ;
#2689 = EDGE_CURVE ( 'NONE', #757, #1830, #6107, .T. ) ;
#2690 = EDGE_CURVE ( 'NONE', #8483, #888, #1267, .T. ) ;
#2691 = ORIENTED_EDGE ( 'NONE', *, *, #733, .F. ) ;
#2692 = DIRECTION ( 'NONE',  ( -1.000000000000000000, -0.000000000000000000, -0.000000000000000000 ) ) ;
#2693 = AXIS2_PLACEMENT_3D ( 'NONE', #3889, #6732, #5456 ) ;
#2694 = ORIENTED_EDGE ( 'NONE', *, *, #3159, .F. ) ;
#2695 = DIRECTION ( 'NONE',  ( 0.000000000000000000, 0.000000000000000000, 1.000000000000000000 ) ) ;
#2696 = VERTEX_POINT ( 'NONE', #8910 ) ;
#2697 = CARTESIAN_POINT ( 'NONE',  ( 17.75000000000000000, 0.000000000000000000, 0.000000000000000000 ) ) ;
#2698 = CARTESIAN_POINT ( 'NONE',  ( 121.1472983861615944, -0.9599899463623273732, 4.040010053637671739 ) ) ;
#2699 = CARTESIAN_POINT ( 'NONE',  ( 122.6196127906160882, -4.872698163711057795, 0.1273018362889425381 ) ) ;
#2700 = CARTESIAN_POINT ( 'NONE',  ( 54.01172757693692006, -4.502552532146860464, 0.4974474678531410343 ) ) ;
#2701 = EDGE_CURVE ( 'NONE', #3346, #203, #3461, .T. ) ;
#2702 = DIRECTION ( 'NONE',  ( 0.000000000000000000, -1.000000000000000000, 0.000000000000000000 ) ) ;
#2703 = CYLINDRICAL_SURFACE ( 'NONE', #4773, 1.000000000000000000 ) ;
#2704 = EDGE_LOOP ( 'NONE', ( #184, #5074, #6298, #6126 ) ) ;
#2705 = CARTESIAN_POINT ( 'NONE',  ( 85.12499999999980105, 2.822966390599457035E-13, -5.000000000000282441 ) ) ;
#2706 = CARTESIAN_POINT ( 'NONE',  ( 111.8966523491559855, -0.06459124882792598166, -4.935408751172074560 ) ) ;
#2707 = EDGE_LOOP ( 'NONE', ( #5148, #3220, #7435, #6027, #8701, #2525 ) ) ;
#2708 = FACE_OUTER_BOUND ( 'NONE', #2125, .T. ) ;
#2709 = CARTESIAN_POINT ( 'NONE',  ( 89.09032131224199702, -0.3138588207986882650, 4.686141179201312568 ) ) ;
#2710 = ORIENTED_EDGE ( 'NONE', *, *, #6433, .F. ) ;
#2711 = CARTESIAN_POINT ( 'NONE',  ( 33.51880044884220666, -4.366408635911658287, -0.6335913640883421571 ) ) ;
#2712 = AXIS2_PLACEMENT_3D ( 'NONE', #4573, #5953, #7364 ) ;
#2713 = CARTESIAN_POINT ( 'NONE',  ( 27.37500000000000000, -3.671958834454336795, 1.328041165545663649 ) ) ;
#2714 = B_SPLINE_CURVE_WITH_KNOTS ( 'NONE', 3,
 ( #7752, #5523, #9037, #7795, #6216, #2911, #4108, #5606, #7623, #4146, #661, #51 ),
 .UNSPECIFIED., .F., .F.,
 ( 4, 2, 2, 2, 2, 4 ),
 ( 0.003504634718722886722, 0.003941423334001185538, 0.004378211949279484788, 0.005251789179836083288, 0.006125366410392681787, 0.006998943640949280287 ),
 .UNSPECIFIED. ) ;
#2715 = FACE_OUTER_BOUND ( 'NONE', #5787, .T. ) ;
#2716 = CARTESIAN_POINT ( 'NONE',  ( 59.03383637236984072, -0.2517800035652996704, -4.748219996434700718 ) ) ;
#2717 = CARTESIAN_POINT ( 'NONE',  ( 5.496216220797295549, -1.136863993905377956, -3.863136006094623820 ) ) ;
#2718 = VERTEX_POINT ( 'NONE', #4106 ) ;
#2719 = CARTESIAN_POINT ( 'NONE',  ( 120.7537837792036441, -3.863136006093112584, 1.136863993906888082 ) ) ;
#2720 = CARTESIAN_POINT ( 'NONE',  ( 15.51172757693693782, -4.502552532146839148, 0.4974474678531608518 ) ) ;
#2721 = CARTESIAN_POINT ( 'NONE',  ( 76.01876480693204030, -0.4915337874217386438, -4.508466212578261967 ) ) ;
#2722 = ORIENTED_EDGE ( 'NONE', *, *, #3227, .F. ) ;
#2723 = ORIENTED_EDGE ( 'NONE', *, *, #7780, .F. ) ;
#2724 = CARTESIAN_POINT ( 'NONE',  ( 116.3515737627696325, -0.4321793203680409090, 4.567820679631960701 ) ) ;
#2725 = CARTESIAN_POINT ( 'NONE',  ( 24.62500000002790301, -5.000000000000000888, -4.336808689942017736E-16 ) ) ;
#2726 = EDGE_CURVE ( 'NONE', #4702, #4906, #4861, .T. ) ;
#2727 = ORIENTED_EDGE ( 'NONE', *, *, #7426, .T. ) ;
#2728 = CARTESIAN_POINT ( 'NONE',  ( 61.23123519307652174, -4.508466212583698507, -0.4915337874163028808 ) ) ;
#2729 = AXIS2_PLACEMENT_3D ( 'NONE', #2580, #1453, #5371 ) ;
#2730 = TOROIDAL_SURFACE ( 'NONE', #1105, 1.000000000000000000, 3.999999999999996447 ) ;
#2731 = COORDINATED_UNIVERSAL_TIME_OFFSET ( 3, 30, .AHEAD. ) ;
#2732 = VERTEX_POINT ( 'NONE', #1915 ) ;
#2733 = CARTESIAN_POINT ( 'NONE',  ( 89.25000000000000000, 1.224646799147353207E-16, -1.000000000000000000 ) ) ;
#2734 = ADVANCED_FACE ( 'NONE', ( #1217 ), #7256, .F. ) ;
#2735 = FACE_OUTER_BOUND ( 'NONE', #2032, .T. ) ;
#2736 = CIRCLE ( 'NONE', #6969, 1.374999999999994227 ) ;
#2737 = CARTESIAN_POINT ( 'NONE',  ( 39.23827242307174146, -0.4974474678478682521, -4.502552532152131803 ) ) ;
#2738 = CARTESIAN_POINT ( 'NONE',  ( 8.125000000000000000, 1.224646799147353207E-16, -1.000000000000000000 ) ) ;
#2739 = DIRECTION ( 'NONE',  ( -1.000000000000000000, -0.000000000000000000, -0.000000000000000000 ) ) ;
#2740 = CARTESIAN_POINT ( 'NONE',  ( 32.87500000000000000, 4.781924292710293578E-16, -3.904737509655562544 ) ) ;
#2741 = CARTESIAN_POINT ( 'NONE',  ( 45.47953806259080523, -0.1676550930109045323, 4.832344906989095357 ) ) ;
#2742 = FACE_OUTER_BOUND ( 'NONE', #5327, .T. ) ;
#2743 = ORIENTED_EDGE ( 'NONE', *, *, #6650, .F. ) ;
#2744 = DIRECTION ( 'NONE',  ( 0.000000000000000000, 0.000000000000000000, 1.000000000000000000 ) ) ;
#2745 = AXIS2_PLACEMENT_3D ( 'NONE', #2497, #7427, #971 ) ;
#2746 = CARTESIAN_POINT ( 'NONE',  ( 92.72625045371994190, -4.359865889253467408, -0.6401341107465334801 ) ) ;
#2747 = ORIENTED_EDGE ( 'NONE', *, *, #8011, .T. ) ;
#2748 = DIRECTION ( 'NONE',  ( -1.000000000000000000, -0.000000000000000000, -0.000000000000000000 ) ) ;
#2749 = DIRECTION ( 'NONE',  ( 0.000000000000000000, 0.000000000000000000, 1.000000000000000000 ) ) ;
#2750 = ORIENTED_EDGE ( 'NONE', *, *, #8942, .T. ) ;
#2751 = FACE_OUTER_BOUND ( 'NONE', #2370, .T. ) ;
#2752 = PLANE ( 'NONE',  #5676 ) ;
#2753 = AXIS2_PLACEMENT_3D ( 'NONE', #623, #3428, #8997 ) ;
#2754 = CARTESIAN_POINT ( 'NONE',  ( 0.000000000000000000, 1.224646799147353207E-16, -1.000000000000000000 ) ) ;
#2755 = DIRECTION ( 'NONE',  ( 0.000000000000000000, 0.000000000000000000, 1.000000000000000000 ) ) ;
#2756 = CIRCLE ( 'NONE', #5090, 1.000000000000000000 ) ;
#2757 = DIRECTION ( 'NONE',  ( 0.000000000000000000, 0.000000000000000000, 1.000000000000000000 ) ) ;
#2758 = LOCAL_TIME ( 19, 56, 48.00000000000000000, #7439 ) ;
#2759 = CARTESIAN_POINT ( 'NONE',  ( 54.87499999999999289, 4.781924292710294564E-16, -3.904737509655566097 ) ) ;
#2760 = EDGE_CURVE ( 'NONE', #7658, #415, #526, .T. ) ;
#2761 = CARTESIAN_POINT ( 'NONE',  ( 15.39842623724023696, -4.567820679626485081, 0.4321793203735141420 ) ) ;
#2762 = ADVANCED_FACE ( 'NONE', ( #6563 ), #1704, .T. ) ;
#2763 = AXIS2_PLACEMENT_3D ( 'NONE', #9008, #4926, #3520 ) ;
#2764 = CARTESIAN_POINT ( 'NONE',  ( 109.7537837792026920, -3.863136006094643360, 1.136863993905356418 ) ) ;
#2765 = ADVANCED_FACE ( 'NONE', ( #3763 ), #81, .T. ) ;
#2766 = AXIS2_PLACEMENT_3D ( 'NONE', #134, #3036, #2351 ) ;
#2767 = ORIENTED_EDGE ( 'NONE', *, *, #3189, .F. ) ;
#2768 = ORIENTED_EDGE ( 'NONE', *, *, #8376, .F. ) ;
#2769 = CARTESIAN_POINT ( 'NONE',  ( 4.679924016395770714, -0.6328726800982308331, 4.367127319901767279 ) ) ;
#2770 = DIRECTION ( 'NONE',  ( -1.000000000000000000, -0.000000000000000000, -0.000000000000000000 ) ) ;
#2771 = CARTESIAN_POINT ( 'NONE',  ( 60.49600116288350193, -3.862796825715740567, -1.137203174284260321 ) ) ;
#2772 = AXIS2_PLACEMENT_3D ( 'NONE', #4258, #2165, #4943 ) ;
#2773 = DATE_AND_TIME ( #4102, #101 ) ;
#2774 = ORIENTED_EDGE ( 'NONE', *, *, #3674, .T. ) ;
#2775 = ADVANCED_FACE ( 'NONE', ( #5094 ), #2880, .T. ) ;
#2776 = CARTESIAN_POINT ( 'NONE',  ( 94.59032131224198281, -0.3138588207986941492, 4.686141179201305462 ) ) ;
#2777 = CARTESIAN_POINT ( 'NONE',  ( 0.000000000000000000, 0.000000000000000000, 0.000000000000000000 ) ) ;
#2778 = CARTESIAN_POINT ( 'NONE',  ( 121.5235659487770619, -0.6402698276730424132, 4.359730172326957032 ) ) ;
#2779 = CARTESIAN_POINT ( 'NONE',  ( 10.01172757693692894, -4.502552532146843589, 0.4974474678531555782 ) ) ;
#2780 = B_SPLINE_CURVE_WITH_KNOTS ( 'NONE', 3,
 ( #3404, #7682, #1411, #1282, #1457, #6190, #8283, #4251, #7053, #765, #994, #120, #3609, #211, #6406, #3798 ),
 .UNSPECIFIED., .F., .F.,
 ( 4, 2, 2, 2, 2, 2, 2, 4 ),
 ( 4.818711198676053086E-07, 0.0008765200830205893082, 0.001314539188970937841, 0.001752558294921286374, 0.002190577400871635775, 0.002628596506821983658, 0.003066615612772332407, 0.003504634718722680724 ),
 .UNSPECIFIED. ) ;
#2781 = AXIS2_PLACEMENT_3D ( 'NONE', #1480, #49, #3589 ) ;
#2782 = FACE_OUTER_BOUND ( 'NONE', #245, .T. ) ;
#2783 = EDGE_CURVE ( 'NONE', #217, #4030, #6272, .T. ) ;
#2784 = CARTESIAN_POINT ( 'NONE',  ( 4.000000000000000000, 0.000000000000000000, 0.9999999999999997780 ) ) ;
#2785 = TOROIDAL_SURFACE ( 'NONE', #8764, 1.000000000000000000, 3.999999999999996447 ) ;
#2786 = DIRECTION ( 'NONE',  ( 0.000000000000000000, 0.000000000000000000, 1.000000000000000000 ) ) ;
#2787 = EDGE_CURVE ( 'NONE', #5102, #2686, #8717, .T. ) ;
#2788 = ORIENTED_EDGE ( 'NONE', *, *, #1612, .T. ) ;
#2789 = CIRCLE ( 'NONE', #9062, 2.500000000000000000 ) ;
#2790 = DIRECTION ( 'NONE',  ( -1.000000000000000000, -0.000000000000000000, -0.000000000000000000 ) ) ;
#2791 = DIRECTION ( 'NONE',  ( -1.000000000000000000, -0.000000000000000000, -0.000000000000000000 ) ) ;
#2792 = ORIENTED_EDGE ( 'NONE', *, *, #7417, .F. ) ;
#2793 = DIRECTION ( 'NONE',  ( -1.000000000000000000, -0.000000000000000000, -0.000000000000000000 ) ) ;
#2794 = CIRCLE ( 'NONE', #3381, 4.000000000000000000 ) ;
#2795 = CARTESIAN_POINT ( 'NONE',  ( 80.21113448347811925, -4.959369330381671048, 0.04063066961832845908 ) ) ;
#2796 = ORIENTED_EDGE ( 'NONE', *, *, #1609, .T. ) ;
#2797 = CARTESIAN_POINT ( 'NONE',  ( 83.01880044884225640, -4.366408635911691150, 0.6335913640883091835 ) ) ;
#2798 = ADVANCED_FACE ( 'NONE', ( #8015 ), #2008, .T. ) ;
#2799 = CARTESIAN_POINT ( 'NONE',  ( 116.0188004488422280, -4.366408635911694702, 0.6335913640883061859 ) ) ;
#2800 = EDGE_CURVE ( 'NONE', #9051, #1, #1651, .T. ) ;
#2801 = CARTESIAN_POINT ( 'NONE',  ( 114.3984262372402299, -4.567820679626466429, -0.4321793203735330158 ) ) ;
#2802 = EDGE_CURVE ( 'NONE', #119, #8141, #5403, .T. ) ;
#2803 = ADVANCED_FACE ( 'NONE', ( #1008 ), #3811, .F. ) ;
#2804 = CARTESIAN_POINT ( 'NONE',  ( 118.1249999999999858, 1.224646799147353207E-16, -1.000000000000000000 ) ) ;
#2805 = ORIENTED_EDGE ( 'NONE', *, *, #4408, .T. ) ;
#2806 = DIRECTION ( 'NONE',  ( 0.000000000000000000, 0.000000000000000000, 1.000000000000000000 ) ) ;
#2807 = DIRECTION ( 'NONE',  ( 0.000000000000000000, 0.000000000000000000, 1.000000000000000000 ) ) ;
#2808 = CARTESIAN_POINT ( 'NONE',  ( 120.0117275769369485, -4.502552532146813391, 0.4974474678531853877 ) ) ;
#2809 = CARTESIAN_POINT ( 'NONE',  ( 43.87500000000000000, -3.671958834454339904, -1.328041165545660318 ) ) ;
#2810 = AXIS2_PLACEMENT_3D ( 'NONE', #417, #8029, #1765 ) ;
#2811 = ADVANCED_FACE ( 'NONE', ( #1794 ), #179, .T. ) ;
#2812 = CARTESIAN_POINT ( 'NONE',  ( 76.23119955116398216, -0.6335913640930985746, -4.366408635906902980 ) ) ;
#2813 = ORIENTED_EDGE ( 'NONE', *, *, #3907, .F. ) ;
#2814 = EDGE_LOOP ( 'NONE', ( #2405, #8428, #8203 ) ) ;
#2815 = CARTESIAN_POINT ( 'NONE',  ( 116.9795380625907768, -0.1676550930109048376, 4.832344906989094468 ) ) ;
#2816 = CARTESIAN_POINT ( 'NONE',  ( 22.73123519307650398, -4.508466212583678967, 0.4915337874163213105 ) ) ;
#2817 = CARTESIAN_POINT ( 'NONE',  ( 122.4822048687072140, -4.833123071218327738, -0.1668769287816721236 ) ) ;
#2818 = COORDINATED_UNIVERSAL_TIME_OFFSET ( 3, 30, .AHEAD. ) ;
#2819 = ORIENTED_EDGE ( 'NONE', *, *, #4927, .F. ) ;
#2820 = FACE_OUTER_BOUND ( 'NONE', #6729, .T. ) ;
#2821 = CARTESIAN_POINT ( 'NONE',  ( 26.82722873042056122, -4.282386290035415044, 0.7176137099645847339 ) ) ;
#2822 = CARTESIAN_POINT ( 'NONE',  ( 122.0899636717130505, -0.3140197199590912813, 4.685980280040910273 ) ) ;
#2823 = CARTESIAN_POINT ( 'NONE',  ( 117.5388655165442913, -0.04063066961492931006, -4.959369330385070995 ) ) ;
#2824 = CARTESIAN_POINT ( 'NONE',  ( 118.1249999999999858, 0.000000000000000000, 1.000000000000000000 ) ) ;
#2825 = AXIS2_PLACEMENT_3D ( 'NONE', #5551, #4299, #8335 ) ;
#2826 = DIRECTION ( 'NONE',  ( -1.000000000000000000, -0.000000000000000000, -0.000000000000000000 ) ) ;
#2827 = ADVANCED_FACE ( 'NONE', ( #4037 ), #2541, .T. ) ;
#2828 = CARTESIAN_POINT ( 'NONE',  ( 105.7500000000000000, 0.000000000000000000, 1.000000000000000000 ) ) ;
#2829 = EDGE_LOOP ( 'NONE', ( #3284, #1805, #6241, #8945 ) ) ;
#2830 = CARTESIAN_POINT ( 'NONE',  ( 101.9212536293830738, -4.991698401479152558, -0.008301598520847809637 ) ) ;
#2831 = CARTESIAN_POINT ( 'NONE',  ( 90.33253412545242611, -4.991957775359346705, 0.008042224640653653986 ) ) ;
#2832 = ORIENTED_EDGE ( 'NONE', *, *, #3359, .T. ) ;
#2833 = DIRECTION ( 'NONE',  ( -1.000000000000000000, -0.000000000000000000, -0.000000000000000000 ) ) ;
#2834 = CARTESIAN_POINT ( 'NONE',  ( 82.37499999999998579, -3.671958834454344345, 1.328041165545655877 ) ) ;
#2835 = ORIENTED_EDGE ( 'NONE', *, *, #4407, .F. ) ;
#2836 = CARTESIAN_POINT ( 'NONE',  ( 58.21113448347799135, -4.959369330381701246, -0.04063066961829946838 ) ) ;
#2837 = CARTESIAN_POINT ( 'NONE',  ( 62.39665234915597836, -0.06459124882792058320, -4.935408751172080777 ) ) ;
#2839 = FACE_OUTER_BOUND ( 'NONE', #8144, .T. ) ;
#2838 = CARTESIAN_POINT ( 'NONE',  ( 5.081399495796012467, -4.045279225846909021, 0.9547207741530907565 ) ) ;
#2840 = CARTESIAN_POINT ( 'NONE',  ( 63.12499999999998579, 0.000000000000000000, 0.000000000000000000 ) ) ;
#2841 = DIRECTION ( 'NONE',  ( -0.000000000000000000, 1.000000000000000000, 1.224646799147353207E-16 ) ) ;
#2842 = CARTESIAN_POINT ( 'NONE',  ( 48.51172757693691295, -4.502552532146860464, -0.4974474678531402572 ) ) ;
#2843 = ORIENTED_EDGE ( 'NONE', *, *, #8802, .F. ) ;
#2844 = EDGE_CURVE ( 'NONE', #4120, #5421, #2391, .T. ) ;
#2845 = VECTOR ( 'NONE', #3119, 1000.000000000000000 ) ;
#2846 = FACE_OUTER_BOUND ( 'NONE', #5129, .T. ) ;
#2847 = CARTESIAN_POINT ( 'NONE',  ( 104.3750000000000000, -1.328041165545675195, 3.671958834454324805 ) ) ;
#2848 = CARTESIAN_POINT ( 'NONE',  ( 46.62500000000000000, 0.000000000000000000, 0.000000000000000000 ) ) ;
#2849 = CARTESIAN_POINT ( 'NONE',  ( 16.10263427936258651, -4.040089233410278702, 0.9599107665897226305 ) ) ;
#2850 = CIRCLE ( 'NONE', #7960, 3.999999999999999112 ) ;
#2851 = CARTESIAN_POINT ( 'NONE',  ( 59.00000000000000000, 0.000000000000000000, 1.000000000000000000 ) ) ;
#2852 = ORIENTED_EDGE ( 'NONE', *, *, #6689, .F. ) ;
#2853 = CARTESIAN_POINT ( 'NONE',  ( 104.6487746502993019, -4.041784260359772674, -0.9582157396402272154 ) ) ;
#2854 = EDGE_LOOP ( 'NONE', ( #7452, #2502, #8464 ) ) ;
#2855 = ORIENTED_EDGE ( 'NONE', *, *, #871, .T. ) ;
#2856 = CARTESIAN_POINT ( 'NONE',  ( 117.8287463706422784, -0.008301598518918535188, 4.991698401481082570 ) ) ;
#2857 = CARTESIAN_POINT ( 'NONE',  ( 23.21616362764441988, -4.748219996440574242, 0.2517800035594264796 ) ) ;
#2858 = DIRECTION ( 'NONE',  ( 0.000000000000000000, 0.000000000000000000, 1.000000000000000000 ) ) ;
#2859 = AXIS2_PLACEMENT_3D ( 'NONE', #4765, #221, #3033 ) ;
#2860 = AXIS2_PLACEMENT_3D ( 'NONE', #7973, #6524, #7293 ) ;
#2861 = ORIENTED_EDGE ( 'NONE', *, *, #5683, .T. ) ;
#2862 = CARTESIAN_POINT ( 'NONE',  ( 46.62500000000000000, 0.000000000000000000, 0.000000000000000000 ) ) ;
#2863 = DIRECTION ( 'NONE',  ( 0.000000000000000000, 0.000000000000000000, 1.000000000000000000 ) ) ;
#2864 = DIRECTION ( 'NONE',  ( 0.000000000000000000, -1.000000000000000000, 0.000000000000000000 ) ) ;
#2865 = CARTESIAN_POINT ( 'NONE',  ( 117.1175979694599789, -0.1278684794971745309, -4.872131520502826163 ) ) ;
#2866 = AXIS2_PLACEMENT_3D ( 'NONE', #7362, #1084, #3883 ) ;
#2867 = DIRECTION ( 'NONE',  ( 0.000000000000000000, 0.000000000000000000, 1.000000000000000000 ) ) ;
#2868 = EDGE_CURVE ( 'NONE', #4639, #2362, #1238, .T. ) ;
#2869 = CARTESIAN_POINT ( 'NONE',  ( 77.14877465030180304, -4.041784260362680570, 0.9582157396373196523 ) ) ;
#2870 = EDGE_CURVE ( 'NONE', #8812, #1971, #8665, .T. ) ;
#2871 = ORIENTED_EDGE ( 'NONE', *, *, #6362, .T. ) ;
#2872 = CARTESIAN_POINT ( 'NONE',  ( 103.0342377178084377, -4.739198801696314689, -0.2608011983036852000 ) ) ;
#2873 = FACE_OUTER_BOUND ( 'NONE', #4542, .T. ) ;
#2874 = ORIENTED_EDGE ( 'NONE', *, *, #5069, .F. ) ;
#2875 = AXIS2_PLACEMENT_3D ( 'NONE', #724, #8372, #4164 ) ;
#2876 = CARTESIAN_POINT ( 'NONE',  ( 90.47774279211276394, -1.198128103891206252E-14, -4.999999999999989342 ) ) ;
#2877 = CARTESIAN_POINT ( 'NONE',  ( 8.125000000000000000, 0.000000000000000000, 0.000000000000000000 ) ) ;
#2878 = DIRECTION ( 'NONE',  ( -1.000000000000000000, -0.000000000000000000, -0.000000000000000000 ) ) ;
#2879 = CARTESIAN_POINT ( 'NONE',  ( 67.21616362764447672, -4.748219996440588453, -0.2517800035594113806 ) ) ;
#2880 = TOROIDAL_SURFACE ( 'NONE', #4628, 1.000000000000000000, 3.999999999999997335 ) ;
#2882 = DIRECTION ( 'NONE',  ( -1.000000000000000000, -0.000000000000000000, -0.000000000000000000 ) ) ;
#2881 = CARTESIAN_POINT ( 'NONE',  ( 4.681152339439396570, -4.366282840337994742, 0.6337171596620048142 ) ) ;
#2883 = DIRECTION ( 'NONE',  ( 0.000000000000000000, 0.000000000000000000, 1.000000000000000000 ) ) ;
#2884 = CIRCLE ( 'NONE', #3324, 3.999999999999997335 ) ;
#2885 = CARTESIAN_POINT ( 'NONE',  ( 41.12500000000000000, 0.000000000000000000, 0.000000000000000000 ) ) ;
#2886 = CARTESIAN_POINT ( 'NONE',  ( 48.39842623724020854, -4.567820679626507285, -0.4321793203734920485 ) ) ;
#2887 = EDGE_LOOP ( 'NONE', ( #7938, #4358, #74 ) ) ;
#2888 = FACE_OUTER_BOUND ( 'NONE', #5316, .T. ) ;
#2889 = AXIS2_PLACEMENT_3D ( 'NONE', #6340, #3419, #5562 ) ;
#2890 = DIRECTION ( 'NONE',  ( 0.000000000000000000, 0.000000000000000000, 1.000000000000000000 ) ) ;
#2891 = CARTESIAN_POINT ( 'NONE',  ( 55.14877465030176751, -4.041784260362668135, -0.9582157396373329750 ) ) ;
#2892 = FACE_OUTER_BOUND ( 'NONE', #7484, .T. ) ;
#2893 = CC_DESIGN_PERSON_AND_ORGANIZATION_ASSIGNMENT ( #8635, #1667, ( #2624 ) ) ;
#2894 = AXIS2_PLACEMENT_3D ( 'NONE', #1637, #4431, #5996 ) ;
#2895 = CARTESIAN_POINT ( 'NONE',  ( 109.8749999999999858, -3.671958834454344345, 1.328041165545655877 ) ) ;
#2896 = CIRCLE ( 'NONE', #2461, 3.999999999999996447 ) ;
#2897 = ORIENTED_EDGE ( 'NONE', *, *, #2598, .F. ) ;
#2898 = CARTESIAN_POINT ( 'NONE',  ( 106.5436897864755110, -4.960065625082930474, -0.03993437491706876286 ) ) ;
#2899 = ORIENTED_EDGE ( 'NONE', *, *, #7357, .T. ) ;
#2900 = ORIENTED_EDGE ( 'NONE', *, *, #4774, .F. ) ;
#2901 = CARTESIAN_POINT ( 'NONE',  ( 23.47953806259080167, -0.1676550930109052540, -4.832344906989095357 ) ) ;
#2902 = DIRECTION ( 'NONE',  ( -1.000000000000000000, -0.000000000000000000, -0.000000000000000000 ) ) ;
#2903 = ADVANCED_FACE ( 'NONE', ( #8797 ), #5309, .T. ) ;
#2904 = AXIS2_PLACEMENT_3D ( 'NONE', #7490, #8725, #4565 ) ;
#2905 = CARTESIAN_POINT ( 'NONE',  ( 85.12499999999980105, 2.822932509281566863E-13, 5.000000000000282441 ) ) ;
#2906 = ORIENTED_EDGE ( 'NONE', *, *, #7412, .T. ) ;
#2907 = DIRECTION ( 'NONE',  ( 0.000000000000000000, 0.7071067811865474617, 0.7071067811865474617 ) ) ;
#2908 = B_SPLINE_CURVE_WITH_KNOTS ( 'NONE', 3,
 ( #2251, #3804, #8514, #7916, #7820, #7230, #956, #305, #8468, #1548, #4987, #7776, #1506, #7142, #1878, #392 ),
 .UNSPECIFIED., .F., .F.,
 ( 4, 2, 2, 2, 2, 2, 2, 4 ),
 ( 4.818711198686234422E-07, 0.0008765200830274556690, 0.001314539188981249255, 0.001752558294935042732, 0.002190577400888836426, 0.002628596506842629903, 0.003066615612796423380, 0.003504634718750216857 ),
 .UNSPECIFIED. ) ;
#2909 = AXIS2_PLACEMENT_3D ( 'NONE', #6052, #5137, #4304 ) ;
#2910 = CIRCLE ( 'NONE', #6270, 3.904737509655568761 ) ;
#2911 = CARTESIAN_POINT ( 'NONE',  ( 56.47821941570028059, -4.840676868225195939, 0.1593231317748039222 ) ) ;
#2912 = DIRECTION ( 'NONE',  ( 0.000000000000000000, 0.000000000000000000, 1.000000000000000000 ) ) ;
#2914 = FACE_OUTER_BOUND ( 'NONE', #7832, .T. ) ;
#2913 = AXIS2_PLACEMENT_3D ( 'NONE', #2988, #7825, #178 ) ;
#2915 = CARTESIAN_POINT ( 'NONE',  ( 79.62500000002799538, -5.000000000000000888, -4.336808689942017736E-16 ) ) ;
#2916 = DIRECTION ( 'NONE',  ( 0.7071067811865474617, 0.7071067811865476838, -2.446668348693068922E-18 ) ) ;
#2917 = ORIENTED_EDGE ( 'NONE', *, *, #5417, .F. ) ;
#2918 = DIRECTION ( 'NONE',  ( 0.000000000000000000, 0.000000000000000000, 1.000000000000000000 ) ) ;
#2919 = CARTESIAN_POINT ( 'NONE',  ( 65.23119955116401059, -0.6335913640930962432, 4.366408635906903868 ) ) ;
#2920 = ORIENTED_EDGE ( 'NONE', *, *, #4368, .F. ) ;
#2921 = CARTESIAN_POINT ( 'NONE',  ( 90.62499999999977263, 2.819534933157905838E-13, -5.000000000000282441 ) ) ;
#2922 = TOROIDAL_SURFACE ( 'NONE', #8472, 1.000000000000000000, 3.999999999999999112 ) ;
#2923 = CARTESIAN_POINT ( 'NONE',  ( 76.87500000000000000, -3.671958834454324805, -1.328041165545675195 ) ) ;
#2924 = B_SPLINE_CURVE_WITH_KNOTS ( 'NONE', 3,
 ( #4287, #8506, #2838, #161, #2881, #1539, #1455, #6457, #4980, #5769, #4930, #4087, #5021, #7811 ),
 .UNSPECIFIED., .F., .F.,
 ( 4, 2, 2, 2, 2, 2, 4 ),
 ( 4.583718812323735779E-07, 0.0009012731755029527352, 0.001351680577313812276, 0.001802087979124671708, 0.002252495380935531141, 0.002702902782746389055, 0.003603717586368104450 ),
 .UNSPECIFIED. ) ;
#2925 = CARTESIAN_POINT ( 'NONE',  ( 108.2717805843163603, -0.1593231317801523939, 4.840676868219848217 ) ) ;
#2926 = CARTESIAN_POINT ( 'NONE',  ( 82.64877465030178882, -4.041784260362685011, 0.9582157396373149894 ) ) ;
#2927 = AXIS2_PLACEMENT_3D ( 'NONE', #6612, #7291, #6429 ) ;
#2929 = DIRECTION ( 'NONE',  ( 0.000000000000000000, 0.000000000000000000, -1.000000000000000000 ) ) ;
#2928 = CARTESIAN_POINT ( 'NONE',  ( 11.85157376276964847, -0.4321793203680420192, -4.567820679631958924 ) ) ;
#2930 = ORIENTED_EDGE ( 'NONE', *, *, #5082, .F. ) ;
#2931 = DIRECTION ( 'NONE',  ( 0.000000000000000000, 0.000000000000000000, 1.000000000000000000 ) ) ;
#2932 = CIRCLE ( 'NONE', #5550, 1.000000000000000000 ) ;
#2933 = CARTESIAN_POINT ( 'NONE',  ( 4.455052819054373892, -4.508555833051967277, -0.4914441669480343333 ) ) ;
#2934 = ORIENTED_EDGE ( 'NONE', *, *, #3335, .T. ) ;
#2935 = DIRECTION ( 'NONE',  ( 0.000000000000000000, 0.000000000000000000, 1.000000000000000000 ) ) ;
#2936 = TOROIDAL_SURFACE ( 'NONE', #6444, 1.000000000000000000, 4.000000000000001776 ) ;
#2937 = VERTEX_POINT ( 'NONE', #1981 ) ;
#2938 = CARTESIAN_POINT ( 'NONE',  ( 85.12500000000000000, 0.000000000000000000, 1.000000000000000000 ) ) ;
#2939 = CARTESIAN_POINT ( 'NONE',  ( 9.534237717808373702, -4.739198801696347552, -0.2608011983036530035 ) ) ;
#2940 = CARTESIAN_POINT ( 'NONE',  ( 114.7311995511640106, -0.6335913640930893598, 4.366408635906911861 ) ) ;
#2941 = DIRECTION ( 'NONE',  ( -1.000000000000000000, -0.000000000000000000, -0.000000000000000000 ) ) ;
#2942 = TOROIDAL_SURFACE ( 'NONE', #2215, 1.000000000000000000, 1.374999999999994227 ) ;
#2943 = EDGE_CURVE ( 'NONE', #4039, #2554, #5903, .T. ) ;
#2944 = CARTESIAN_POINT ( 'NONE',  ( 35.47774279211274973, -9.863486912539498096E-15, 4.999999999999989342 ) ) ;
#2945 = ADVANCED_FACE ( 'NONE', ( #6780 ), #8519, .T. ) ;
#2946 = CARTESIAN_POINT ( 'NONE',  ( 110.8515737627696325, -0.4321793203680437401, -4.567820679631957148 ) ) ;
#2947 = ORIENTED_EDGE ( 'NONE', *, *, #4768, .T. ) ;
#2948 = CARTESIAN_POINT ( 'NONE',  ( 70.51172757693694848, -4.502552532146813391, 0.4974474678531853877 ) ) ;
#2949 = ADVANCED_FACE ( 'NONE', ( #4586 ), #4137, .T. ) ;
#2950 = VERTEX_POINT ( 'NONE', #8063 ) ;
#2951 = VERTEX_POINT ( 'NONE', #5367 ) ;
#2952 = CARTESIAN_POINT ( 'NONE',  ( 16.10122534970068031, -0.9582157396401931315, 4.041784260359807313 ) ) ;
#2953 = CARTESIAN_POINT ( 'NONE',  ( 82.10263427936257585, -4.040089233410274261, -0.9599107665897267383 ) ) ;
#2954 = CARTESIAN_POINT ( 'NONE',  ( 72.75000000000001421, 0.000000000000000000, 0.000000000000000000 ) ) ;
#2955 = CARTESIAN_POINT ( 'NONE',  ( 30.70631021352427226, -0.03993437491703380471, -4.960065625082967777 ) ) ;
#2956 = ORIENTED_EDGE ( 'NONE', *, *, #1060, .T. ) ;
#2957 = CARTESIAN_POINT ( 'NONE',  ( 96.12499999999998579, 0.000000000000000000, 0.000000000000000000 ) ) ;
#2958 = AXIS2_PLACEMENT_3D ( 'NONE', #2877, #2019, #5582 ) ;
#2959 = EDGE_CURVE ( 'NONE', #2937, #2247, #7785, .T. ) ;
#2960 = EDGE_CURVE ( 'NONE', #415, #8488, #7356, .T. ) ;
#2961 = DIRECTION ( 'NONE',  ( -1.000000000000000000, -0.000000000000000000, -0.000000000000000000 ) ) ;
#2962 = DIRECTION ( 'NONE',  ( -1.000000000000000000, -0.000000000000000000, -0.000000000000000000 ) ) ;
#2963 = EDGE_CURVE ( 'NONE', #3539, #4970, #6055, .T. ) ;
#2964 = CARTESIAN_POINT ( 'NONE',  ( 72.71576228220553162, -0.2608011982980546484, -4.739198801701945740 ) ) ;
#2965 = DIRECTION ( 'NONE',  ( -1.000000000000000000, -0.000000000000000000, -0.000000000000000000 ) ) ;
#2966 = APPROVAL_ROLE ( '' ) ;
#2967 = VERTEX_POINT ( 'NONE', #497 ) ;
#2968 = CARTESIAN_POINT ( 'NONE',  ( 103.3984262372402867, -4.567820679626460212, -0.4321793203735402322 ) ) ;
#2969 = CARTESIAN_POINT ( 'NONE',  ( 122.6170752194650504, -0.1280093952431847759, -4.871990604756817334 ) ) ;
#2970 = ORIENTED_EDGE ( 'NONE', *, *, #1281, .F. ) ;
#2971 = CARTESIAN_POINT ( 'NONE',  ( 87.99621622079726535, -1.136863993905368853, -3.863136006094630925 ) ) ;
#2972 = CARTESIAN_POINT ( 'NONE',  ( 19.12500000000000000, 0.000000000000000000, 0.000000000000000000 ) ) ;
#2973 = ADVANCED_FACE ( 'NONE', ( #1097 ), #5750, .F. ) ;
#2974 = DIRECTION ( 'NONE',  ( -1.000000000000000000, -0.000000000000000000, -0.000000000000000000 ) ) ;
#2975 = CARTESIAN_POINT ( 'NONE',  ( 74.12500000002798117, -5.000000000000000888, -4.336808689942017736E-16 ) ) ;
#2976 = AXIS2_PLACEMENT_3D ( 'NONE', #8097, #2667, #5310 ) ;
#2978 = CARTESIAN_POINT ( 'NONE',  ( 43.87500000000000000, -3.671958834454339904, -1.328041165545660318 ) ) ;
#2977 = CARTESIAN_POINT ( 'NONE',  ( 11.52374954628649917, -0.6401341107417615195, -4.359865889258239591 ) ) ;
#2979 = VERTEX_POINT ( 'NONE', #8885 ) ;
#2980 = CARTESIAN_POINT ( 'NONE',  ( 96.71113448347813346, -4.959369330381671048, 0.04063066961832866031 ) ) ;
#2981 = CARTESIAN_POINT ( 'NONE',  ( 112.6250000000000000, 1.224646799147353207E-16, -1.000000000000000000 ) ) ;
#2982 = ORIENTED_EDGE ( 'NONE', *, *, #3710, .F. ) ;
#2983 = CARTESIAN_POINT ( 'NONE',  ( 30.12500000000000000, -5.000000000000000888, -4.336808689942017736E-16 ) ) ;
#2984 = EDGE_LOOP ( 'NONE', ( #166, #3259, #1346 ) ) ;
#2985 = CARTESIAN_POINT ( 'NONE',  ( 53.53383637236985493, -0.2517800035653026680, 4.748219996434697165 ) ) ;
#2986 = CARTESIAN_POINT ( 'NONE',  ( 79.62500000000000000, 1.224646799147353207E-16, -1.000000000000000000 ) ) ;
#2987 = CYLINDRICAL_SURFACE ( 'NONE', #4171, 1.000000000000000000 ) ;
#2988 = CARTESIAN_POINT ( 'NONE',  ( 118.1249999999999858, 0.000000000000000000, 1.000000000000000000 ) ) ;
#2989 = DIRECTION ( 'NONE',  ( 0.000000000000000000, 0.000000000000000000, 1.000000000000000000 ) ) ;
#2990 = CIRCLE ( 'NONE', #3571, 4.999999999999999112 ) ;
#2991 = ORIENTED_EDGE ( 'NONE', *, *, #7978, .F. ) ;
#2992 = DIRECTION ( 'NONE',  ( 0.000000000000000000, 0.000000000000000000, 1.000000000000000000 ) ) ;
#2993 = EDGE_LOOP ( 'NONE', ( #5503, #3545, #170, #4141 ) ) ;
#2994 = ORIENTED_EDGE ( 'NONE', *, *, #3704, .F. ) ;
#2995 = CARTESIAN_POINT ( 'NONE',  ( 15.51876480693205096, -0.4915337874217331482, 4.508466212578265520 ) ) ;
#2996 = CARTESIAN_POINT ( 'NONE',  ( 90.62500000002798117, -5.000000000000000888, -4.336808689942017736E-16 ) ) ;
#2997 = CARTESIAN_POINT ( 'NONE',  ( 48.03423771780833107, -4.739198801696363539, 0.2608011983036364612 ) ) ;
#2998 = AXIS2_PLACEMENT_3D ( 'NONE', #5196, #1030, #7174 ) ;
#2999 = CARTESIAN_POINT ( 'NONE',  ( 13.77184353044838261, 9.457652251686294068E-15, -5.000000000000008882 ) ) ;
#3000 = B_SPLINE_CURVE_WITH_KNOTS ( 'NONE', 3,
 ( #8645, #6808, #6176, #7627, #6136, #524, #4707, #4149, #8865, #5445, #7668, #3290, #3469, #1393, #5487, #4192 ),
 .UNSPECIFIED., .F., .F.,
 ( 4, 2, 2, 2, 2, 2, 2, 4 ),
 ( 4.818711198780932706E-07, 0.0008765200830274550185, 0.001314539188981250122, 0.001752558294935045117, 0.002190577400888839895, 0.002628596506842635107, 0.003066615612796429885, 0.003504634718750224663 ),
 .UNSPECIFIED. ) ;
#3001 = EDGE_LOOP ( 'NONE', ( #4294, #4263, #2899, #2396 ) ) ;
#3002 = CARTESIAN_POINT ( 'NONE',  ( 78.47953806259079101, -0.1676550930109093895, -4.832344906989090916 ) ) ;
#3003 = ORIENTED_EDGE ( 'NONE', *, *, #3271, .T. ) ;
#3004 = EDGE_CURVE ( 'NONE', #6774, #6093, #916, .T. ) ;
#3005 = DIRECTION ( 'NONE',  ( -1.000000000000000000, -0.000000000000000000, -0.000000000000000000 ) ) ;
#3006 = CIRCLE ( 'NONE', #215, 3.999999999999997335 ) ;
#3007 = TOROIDAL_SURFACE ( 'NONE', #8115, 1.000000000000000000, 3.999999999999999112 ) ;
#3008 = CARTESIAN_POINT ( 'NONE',  ( 79.62499999999978684, 2.819526785428872190E-13, 5.000000000000282441 ) ) ;
#3009 = APPROVAL ( #6033, 'UNSPECIFIED' ) ;
#3010 = DATE_AND_TIME ( #244, #6999 ) ;
#3011 = ORIENTED_EDGE ( 'NONE', *, *, #2870, .F. ) ;
#3012 = CARTESIAN_POINT ( 'NONE',  ( 96.12499999999978684, 2.818544231345960265E-13, 5.000000000000282441 ) ) ;
#3013 = CARTESIAN_POINT ( 'NONE',  ( 27.49621622079728667, -1.136863993905374626, 3.863136006094624708 ) ) ;
#3014 = VERTEX_POINT ( 'NONE', #9017 ) ;
#3015 = FACE_OUTER_BOUND ( 'NONE', #3597, .T. ) ;
#3016 = CARTESIAN_POINT ( 'NONE',  ( 79.04368978649829103, -4.960065625086347296, -0.03993437491365357805 ) ) ;
#3017 = AXIS2_PLACEMENT_3D ( 'NONE', #6047, #5304, #6092 ) ;
#3018 = CARTESIAN_POINT ( 'NONE',  ( 12.25000000000000000, 0.000000000000000000, 0.000000000000000000 ) ) ;
#3019 = CARTESIAN_POINT ( 'NONE',  ( 17.97821941570030546, -4.840676868225202156, 0.1593231317747982323 ) ) ;
#3021 = FACE_OUTER_BOUND ( 'NONE', #5338, .T. ) ;
#3020 = CARTESIAN_POINT ( 'NONE',  ( 103.7311995511640106, -0.6335913640930986857, 4.366408635906902980 ) ) ;
#3022 = CYLINDRICAL_SURFACE ( 'NONE', #964, 1.000000000000000000 ) ;
#3023 = DIRECTION ( 'NONE',  ( 0.000000000000000000, 0.000000000000000000, 1.000000000000000000 ) ) ;
#3024 = ORIENTED_EDGE ( 'NONE', *, *, #482, .F. ) ;
#3025 = CARTESIAN_POINT ( 'NONE',  ( 98.99621622079730798, -1.136863993905387282, 3.863136006094611830 ) ) ;
#3026 = AXIS2_PLACEMENT_3D ( 'NONE', #5755, #3733, #7172 ) ;
#3027 = ORIENTED_EDGE ( 'NONE', *, *, #2316, .T. ) ;
#3028 = B_SPLINE_CURVE_WITH_KNOTS ( 'NONE', 3,
 ( #7098, #5172, #1600, #3668, #4297, #5029, #1688, #8605, #6413, #4390, #4341, #8555 ),
 .UNSPECIFIED., .F., .F.,
 ( 4, 2, 2, 2, 2, 4 ),
 ( 0.003504634718750204714, 0.003941423334025090028, 0.004378211949299975342, 0.005251789179849745970, 0.006125366410399515731, 0.006998943640949286359 ),
 .UNSPECIFIED. ) ;
#3029 = CARTESIAN_POINT ( 'NONE',  ( 52.12499999999978684, 2.834739505433365550E-13, 5.000000000000283329 ) ) ;
#3030 = AXIS2_PLACEMENT_3D ( 'NONE', #4326, #8639, #6496 ) ;
#3031 = CARTESIAN_POINT ( 'NONE',  ( 69.21113448347813346, -4.959369330381671048, -0.04063066961832864643 ) ) ;
#3032 = CARTESIAN_POINT ( 'NONE',  ( 62.39665234915597836, -0.06459124882792091626, 4.935408751172079000 ) ) ;
#3033 = DIRECTION ( 'NONE',  ( 0.000000000000000000, 0.000000000000000000, 1.000000000000000000 ) ) ;
#3034 = AXIS2_PLACEMENT_3D ( 'NONE', #7983, #327, #7255 ) ;
#3035 = CARTESIAN_POINT ( 'NONE',  ( 94.23123519307652884, -4.508466212583692290, 0.4915337874163090981 ) ) ;
#3036 = DIRECTION ( 'NONE',  ( -1.000000000000000000, -0.000000000000000000, -0.000000000000000000 ) ) ;
#3037 = AXIS2_PLACEMENT_3D ( 'NONE', #3567, #2841, #503 ) ;
#3038 = ORIENTED_EDGE ( 'NONE', *, *, #2214, .F. ) ;
#3039 = DIRECTION ( 'NONE',  ( -1.000000000000000000, -0.000000000000000000, -0.000000000000000000 ) ) ;
#3040 = ORIENTED_EDGE ( 'NONE', *, *, #7344, .F. ) ;
#3041 = EDGE_CURVE ( 'NONE', #4981, #7791, #3446, .T. ) ;
#3042 = ORIENTED_EDGE ( 'NONE', *, *, #7040, .T. ) ;
#3043 = CARTESIAN_POINT ( 'NONE',  ( 23.61759796945997891, -0.1278684794971726713, -4.872131520502827939 ) ) ;
#3044 = DIRECTION ( 'NONE',  ( -1.000000000000000000, -0.000000000000000000, -0.000000000000000000 ) ) ;
#3045 = CARTESIAN_POINT ( 'NONE',  ( 49.10263427936256875, -4.040089233410285807, 0.9599107665897131936 ) ) ;
#3046 = CIRCLE ( 'NONE', #2889, 1.000000000000000000 ) ;
#3047 = CARTESIAN_POINT ( 'NONE',  ( 14.35059813401477768, -0.06404366728010663090, -4.935956332719894313 ) ) ;
#3048 = EDGE_LOOP ( 'NONE', ( #2439, #4423, #3439 ) ) ;
#3049 = CARTESIAN_POINT ( 'NONE',  ( 79.32874637064229262, -0.008301598518918831826, -4.991698401481080793 ) ) ;
#3050 = AXIS2_PLACEMENT_3D ( 'NONE', #5544, #4206, #4893 ) ;
#3051 = ORIENTED_EDGE ( 'NONE', *, *, #8181, .F. ) ;
#3052 = CARTESIAN_POINT ( 'NONE',  ( 35.62499999999978684, 2.837560127215673901E-13, -5.000000000000283329 ) ) ;
#3053 = LOCAL_TIME ( 19, 56, 48.00000000000000000, #981 ) ;
#3054 = DIRECTION ( 'NONE',  ( 0.000000000000000000, 0.000000000000000000, 1.000000000000000000 ) ) ;
#3055 = ADVANCED_FACE ( 'NONE', ( #2888 ), #7208, .T. ) ;
#3056 = CARTESIAN_POINT ( 'NONE',  ( 79.33253412545244032, -4.991957775359344041, 0.008042224640655447690 ) ) ;
#3057 = PERSON_AND_ORGANIZATION ( #6959, #4939 ) ;
#3058 = ORIENTED_EDGE ( 'NONE', *, *, #884, .F. ) ;
#3059 = CARTESIAN_POINT ( 'NONE',  ( 120.8749999999999858, -1.328041165545675195, -3.671958834454324805 ) ) ;
#3060 = AXIS2_PLACEMENT_3D ( 'NONE', #8752, #6655, #5454 ) ;
#3061 = ORIENTED_EDGE ( 'NONE', *, *, #7617, .T. ) ;
#3062 = DIRECTION ( 'NONE',  ( -1.000000000000000000, -0.000000000000000000, -0.000000000000000000 ) ) ;
#3063 = DIRECTION ( 'NONE',  ( 0.000000000000000000, 0.000000000000000000, -1.000000000000000000 ) ) ;
#3064 = ADVANCED_FACE ( 'NONE', ( #5591 ), #3415, .T. ) ;
#3065 = CIRCLE ( 'NONE', #270, 3.904737509655568761 ) ;
#3066 = CARTESIAN_POINT ( 'NONE',  ( 107.4174658745726703, -0.008042224642539331364, 4.991957775357460214 ) ) ;
#3067 = AXIS2_PLACEMENT_3D ( 'NONE', #8834, #542, #3265 ) ;
#3068 = DIRECTION ( 'NONE',  ( 0.000000000000000000, -1.224646799147353207E-16, 1.000000000000000000 ) ) ;
#3070 = CARTESIAN_POINT ( 'NONE',  ( 109.9962162207972796, -1.136863993905379955, 3.863136006094618935 ) ) ;
#3069 = CARTESIAN_POINT ( 'NONE',  ( 86.65967868777050853, -4.686141179195659312, -0.3138588208043388561 ) ) ;
#3071 = ADVANCED_FACE ( 'NONE', ( #33 ), #8374, .T. ) ;
#3072 = CARTESIAN_POINT ( 'NONE',  ( 35.92125362938286770, -4.991698401479167657, -0.008301598520832410497 ) ) ;
#3073 = DIRECTION ( 'NONE',  ( -1.000000000000000000, -0.000000000000000000, -0.000000000000000000 ) ) ;
#3074 = ORIENTED_EDGE ( 'NONE', *, *, #8864, .T. ) ;
#3075 = CARTESIAN_POINT ( 'NONE',  ( 89.89940186600668426, -4.935956332723949735, -0.06404366727605177723 ) ) ;
#3076 = TOROIDAL_SURFACE ( 'NONE', #6381, 1.000000000000000000, 4.000000000000000000 ) ;
#3077 = ORIENTED_EDGE ( 'NONE', *, *, #7263, .F. ) ;
#3078 = CARTESIAN_POINT ( 'NONE',  ( 54.60122534970066965, -0.9582157396401932425, 4.041784260359808201 ) ) ;
#3079 = CARTESIAN_POINT ( 'NONE',  ( 69.77046193742627622, -4.832344906983753852, -0.1676550930162466757 ) ) ;
#3080 = ADVANCED_FACE ( 'NONE', ( #1373 ), #5596, .T. ) ;
#3081 = DIRECTION ( 'NONE',  ( 0.000000000000000000, 0.000000000000000000, 1.000000000000000000 ) ) ;
#3082 = DIRECTION ( 'NONE',  ( -0.000000000000000000, 1.000000000000000000, 1.224646799147353207E-16 ) ) ;
#3083 = EDGE_CURVE ( 'NONE', #8629, #3716, #7502, .T. ) ;
#3084 = EDGE_CURVE ( 'NONE', #1830, #5911, #7064, .T. ) ;
#3085 = CIRCLE ( 'NONE', #8030, 1.374999999999994227 ) ;
#3086 = DIRECTION ( 'NONE',  ( 0.000000000000000000, -1.224646799147353207E-16, 1.000000000000000000 ) ) ;
#3087 = TOROIDAL_SURFACE ( 'NONE', #6293, 1.000000000000000000, 3.999999999999999112 ) ;
#3088 = DIRECTION ( 'NONE',  ( 0.000000000000000000, -1.224646799147353454E-16, 1.000000000000000000 ) ) ;
#3089 = CARTESIAN_POINT ( 'NONE',  ( 105.0237495462864814, -0.6401341107417679588, -4.359865889258232485 ) ) ;
#3090 = VERTEX_POINT ( 'NONE', #2073 ) ;
#3091 = TOROIDAL_SURFACE ( 'NONE', #6562, 1.000000000000000000, 1.375000000000001332 ) ;
#3092 = ORIENTED_EDGE ( 'NONE', *, *, #7653, .F. ) ;
#3093 = CARTESIAN_POINT ( 'NONE',  ( 14.77178058431636920, -0.1593231317801512836, 4.840676868219850881 ) ) ;
#3094 = EDGE_CURVE ( 'NONE', #1813, #3716, #3995, .T. ) ;
#3095 = CARTESIAN_POINT ( 'NONE',  ( 81.03423771780845186, -4.739198801696318242, -0.2608011983036805370 ) ) ;
#3096 = CARTESIAN_POINT ( 'NONE',  ( 46.62500000000000000, 1.224646799147353207E-16, -1.000000000000000000 ) ) ;
#3097 = FACE_OUTER_BOUND ( 'NONE', #6405, .T. ) ;
#3098 = FACE_OUTER_BOUND ( 'NONE', #2704, .T. ) ;
#3099 = ORIENTED_EDGE ( 'NONE', *, *, #1141, .T. ) ;
#3100 = CARTESIAN_POINT ( 'NONE',  ( 74.12500000000000000, 0.000000000000000000, 0.000000000000000000 ) ) ;
#3101 = CARTESIAN_POINT ( 'NONE',  ( 49.37500000000000000, -1.328041165545665647, -3.671958834454334575 ) ) ;
#3102 = CYLINDRICAL_SURFACE ( 'NONE', #1412, 1.000000000000000000 ) ;
#3103 = DATE_AND_TIME ( #2323, #5833 ) ;
#3104 = EDGE_LOOP ( 'NONE', ( #2843, #2551, #1958 ) ) ;
#3105 = CARTESIAN_POINT ( 'NONE',  ( 24.03886551654430548, -0.04063066961492747819, 4.959369330385072772 ) ) ;
#3106 = TOROIDAL_SURFACE ( 'NONE', #3831, 1.000000000000000000, 1.374999999999994227 ) ;
#3107 = ORIENTED_EDGE ( 'NONE', *, *, #5248, .T. ) ;
#3108 = FACE_OUTER_BOUND ( 'NONE', #7290, .T. ) ;
#3109 = CARTESIAN_POINT ( 'NONE',  ( 90.62499999999998579, 0.000000000000000000, 0.000000000000000000 ) ) ;
#3110 = DIRECTION ( 'NONE',  ( -1.000000000000000000, -0.000000000000000000, -0.000000000000000000 ) ) ;
#3111 = CARTESIAN_POINT ( 'NONE',  ( 0.000000000000000000, 0.000000000000000000, 1.000000000000000000 ) ) ;
#3113 = CARTESIAN_POINT ( 'NONE',  ( 81.51876480693199767, -0.4915337874217304281, 4.508466212578270849 ) ) ;
#3112 = CARTESIAN_POINT ( 'NONE',  ( 55.52374954628648851, -0.6401341107417605203, 4.359865889258240479 ) ) ;
#3114 = CARTESIAN_POINT ( 'NONE',  ( 57.32874637064225709, -0.008301598518914170624, -4.991698401481087011 ) ) ;
#3115 = CARTESIAN_POINT ( 'NONE',  ( 36.63240203055824651, -4.872131520497913648, -0.1278684795020858522 ) ) ;
#3116 = CARTESIAN_POINT ( 'NONE',  ( 60.37500000000000000, -3.671958834454334575, 1.328041165545665647 ) ) ;
#3117 = EDGE_LOOP ( 'NONE', ( #3738, #4921, #2788, #164 ) ) ;
#3118 = ADVANCED_FACE ( 'NONE', ( #4815 ), #7099, .F. ) ;
#3119 = DIRECTION ( 'NONE',  ( -1.000000000000000000, -0.000000000000000000, -0.000000000000000000 ) ) ;
#3120 = ORIENTED_EDGE ( 'NONE', *, *, #6220, .T. ) ;
#3121 = CARTESIAN_POINT ( 'NONE',  ( 132.6250000000000000, -2.500000000000000000, 2.500000000000000000 ) ) ;
#3122 = CARTESIAN_POINT ( 'NONE',  ( 68.33253412545242611, -4.991957775359345817, 0.008042224640654647982 ) ) ;
#3123 = CARTESIAN_POINT ( 'NONE',  ( 94.97821941570039428, -4.840676868225227025, -0.1593231317747715869 ) ) ;
#3124 = ADVANCED_FACE ( 'NONE', ( #2846 ), #770, .T. ) ;
#3125 = DIRECTION ( 'NONE',  ( -1.000000000000000000, -0.000000000000000000, -0.000000000000000000 ) ) ;
#3126 = DIRECTION ( 'NONE',  ( -0.000000000000000000, 1.000000000000000000, 1.224646799147353207E-16 ) ) ;
#3127 = AXIS2_PLACEMENT_3D ( 'NONE', #1286, #4084, #449 ) ;
#3128 = ADVANCED_FACE ( 'NONE', ( #7604 ), #3551, .T. ) ;
#3129 = DIRECTION ( 'NONE',  ( -1.000000000000000000, -0.000000000000000000, -0.000000000000000000 ) ) ;
#3130 = ORIENTED_EDGE ( 'NONE', *, *, #468, .F. ) ;
#3131 = CARTESIAN_POINT ( 'NONE',  ( 77.85157376276964669, -0.4321793203680497908, 4.567820679631950931 ) ) ;
#3132 = CARTESIAN_POINT ( 'NONE',  ( 29.83253412542708105, -4.991957775357446891, 0.008042224642552621081 ) ) ;
#3133 = DIRECTION ( 'NONE',  ( -1.000000000000000000, -0.000000000000000000, -0.000000000000000000 ) ) ;
#3134 = DIRECTION ( 'NONE',  ( 0.000000000000000000, 0.000000000000000000, 1.000000000000000000 ) ) ;
#3135 = CARTESIAN_POINT ( 'NONE',  ( 118.2722572079140377, -4.999999999998968825, -1.033198507083057943E-12 ) ) ;
#3136 = CARTESIAN_POINT ( 'NONE',  ( 77.14736572063976894, -0.9599107665869622830, -4.040089233413037384 ) ) ;
#3137 = ORIENTED_EDGE ( 'NONE', *, *, #6486, .F. ) ;
#3138 = AXIS2_PLACEMENT_3D ( 'NONE', #2099, #3474, #4280 ) ;
#3139 = DIRECTION ( 'NONE',  ( 0.000000000000000000, 0.000000000000000000, 1.000000000000000000 ) ) ;
#3140 = CARTESIAN_POINT ( 'NONE',  ( 71.37500000000000000, -3.671958834454324805, -1.328041165545675195 ) ) ;
#3141 = ORIENTED_EDGE ( 'NONE', *, *, #3517, .F. ) ;
#3142 = DIRECTION ( 'NONE',  ( -1.000000000000000000, -0.000000000000000000, -0.000000000000000000 ) ) ;
#3143 = EDGE_LOOP ( 'NONE', ( #5793, #1111, #2617 ) ) ;
#3144 = DIRECTION ( 'NONE',  ( 0.000000000000000000, -1.000000000000000000, 0.000000000000000000 ) ) ;
#3145 = VERTEX_POINT ( 'NONE', #772 ) ;
#3146 = CARTESIAN_POINT ( 'NONE',  ( 76.01172757693694848, -4.502552532146813391, 0.4974474678531853877 ) ) ;
#3147 = CARTESIAN_POINT ( 'NONE',  ( 5.375000000000000000, -1.328041165545665425, 3.671958834454335019 ) ) ;
#3148 = DIRECTION ( 'NONE',  ( 0.000000000000000000, -1.224646799147353207E-16, 1.000000000000000000 ) ) ;
#3149 = DIRECTION ( 'NONE',  ( -1.000000000000000000, -0.000000000000000000, -0.000000000000000000 ) ) ;
#3150 = EDGE_CURVE ( 'NONE', #3295, #3014, #4880, .T. ) ;
#3152 = CARTESIAN_POINT ( 'NONE',  ( 59.00000000000000000, 0.000000000000000000, 0.000000000000000000 ) ) ;
#3151 = CARTESIAN_POINT ( 'NONE',  ( 86.89842623724024406, -4.567820679626466429, -0.4321793203735330158 ) ) ;
#3153 = ADVANCED_FACE ( 'NONE', ( #6601 ), #8004, .F. ) ;
#3154 = CARTESIAN_POINT ( 'NONE',  ( 33.73123519307646490, -4.508466212583658539, 0.4915337874163433485 ) ) ;
#3155 = CARTESIAN_POINT ( 'NONE',  ( 98.87499999999998579, 0.000000000000000000, 0.000000000000000000 ) ) ;
#3156 = CARTESIAN_POINT ( 'NONE',  ( 53.13240203055824651, -4.872131520497913648, -0.1278684795020858522 ) ) ;
#3157 = EDGE_LOOP ( 'NONE', ( #7, #3042, #669 ) ) ;
#3158 = CARTESIAN_POINT ( 'NONE',  ( 100.2157622822055458, -0.2608011982980544263, 4.739198801701945740 ) ) ;
#3159 = EDGE_CURVE ( 'NONE', #7958, #7567, #4276, .T. ) ;
#3160 = VERTEX_POINT ( 'NONE', #3618 ) ;
#3161 = SHAPE_REPRESENTATION ( '2.5mm_part1', ( #3344 ), #7390 ) ;
#3162 = CARTESIAN_POINT ( 'NONE',  ( 83.97953806259080523, -0.1676550930109085291, -4.832344906989090916 ) ) ;
#3163 = FACE_OUTER_BOUND ( 'NONE', #1613, .T. ) ;
#3164 = EDGE_LOOP ( 'NONE', ( #1828, #3685, #6483, #8223 ) ) ;
#3165 = DIRECTION ( 'NONE',  ( 0.000000000000000000, -1.000000000000000000, 0.000000000000000000 ) ) ;
#3166 = CARTESIAN_POINT ( 'NONE',  ( 75.13240203055842414, -4.872131520497873680, -0.1278684795021268750 ) ) ;
#3167 = CARTESIAN_POINT ( 'NONE',  ( 78.25000000000000000, 1.224646799147353207E-16, -1.000000000000000000 ) ) ;
#3168 = CIRCLE ( 'NONE', #1846, 3.999999999999997335 ) ;
#3169 = EDGE_CURVE ( 'NONE', #4906, #7251, #6852, .T. ) ;
#3170 = CARTESIAN_POINT ( 'NONE',  ( 104.6473657206397689, -0.9599107665869622830, -4.040089233413037384 ) ) ;
#3171 = AXIS2_PLACEMENT_3D ( 'NONE', #8135, #3932, #6723 ) ;
#3172 = VERTEX_POINT ( 'NONE', #2297 ) ;
#3173 = ORIENTED_EDGE ( 'NONE', *, *, #3607, .F. ) ;
#3174 = CARTESIAN_POINT ( 'NONE',  ( 150.0000000000000000, 0.000000000000000000, -5.000000000000000000 ) ) ;
#3175 = CC_DESIGN_PERSON_AND_ORGANIZATION_ASSIGNMENT ( #4699, #1113, ( #1016 ) ) ;
#3176 = CARTESIAN_POINT ( 'NONE',  ( 43.75378377920364414, -3.863136006093138786, 1.136863993906862325 ) ) ;
#3177 = CARTESIAN_POINT ( 'NONE',  ( 108.4999999999999858, 1.224646799147353207E-16, -1.000000000000000000 ) ) ;
#3178 = CARTESIAN_POINT ( 'NONE',  ( 102.3505981340147599, -0.06404366728011018361, -4.935956332719889872 ) ) ;
#3179 = CARTESIAN_POINT ( 'NONE',  ( 120.3272287304205577, -4.282386290035390175, -0.7176137099646094919 ) ) ;
#3180 = CIRCLE ( 'NONE', #8287, 3.904737509655563876 ) ;
#3181 = B_SPLINE_CURVE_WITH_KNOTS ( 'NONE', 3,
 ( #3877, #3202, #5995, #4706, #1220, #8777, #2516, #6718, #2560, #5343, #1868, #6763 ),
 .UNSPECIFIED., .F., .F.,
 ( 4, 2, 2, 2, 2, 4 ),
 ( 0.003504634718722777001, 0.003941423334001090129, 0.004378211949279402389, 0.005251789179836026909, 0.006125366410392652297, 0.006998943640949276818 ),
 .UNSPECIFIED. ) ;
#3182 = CARTESIAN_POINT ( 'NONE',  ( 0.000000000000000000, 0.000000000000000000, 1.000000000000000000 ) ) ;
#3183 = ORIENTED_EDGE ( 'NONE', *, *, #2521, .T. ) ;
#3184 = EDGE_CURVE ( 'NONE', #4515, #4906, #5872, .T. ) ;
#3185 = DIRECTION ( 'NONE',  ( -0.000000000000000000, 1.000000000000000000, 1.224646799147353207E-16 ) ) ;
#3186 = AXIS2_PLACEMENT_3D ( 'NONE', #2738, #7626, #838 ) ;
#3187 = CARTESIAN_POINT ( 'NONE',  ( 30.27225720788700158, -5.000000000000000888, -1.644090950620596564E-15 ) ) ;
#3188 = EDGE_CURVE ( 'NONE', #5041, #7786, #5008, .T. ) ;
#3189 = EDGE_CURVE ( 'NONE', #4557, #1258, #8667, .T. ) ;
#3190 = ORIENTED_EDGE ( 'NONE', *, *, #7544, .F. ) ;
#3191 = CARTESIAN_POINT ( 'NONE',  ( 101.6250000000279812, -5.000000000000000888, -4.336808689942017736E-16 ) ) ;
#3192 = MECHANICAL_CONTEXT ( 'NONE', #8241, 'mechanical' ) ;
#3193 = ORIENTED_EDGE ( 'NONE', *, *, #281, .F. ) ;
#3194 = VECTOR ( 'NONE', #7724, 1000.000000000000000 ) ;
#3195 = DIRECTION ( 'NONE',  ( 0.000000000000000000, -1.000000000000000000, 0.000000000000000000 ) ) ;
#3196 = AXIS2_PLACEMENT_3D ( 'NONE', #7767, #7512, #4330 ) ;
#3197 = ORIENTED_EDGE ( 'NONE', *, *, #7923, .F. ) ;
#3198 = CARTESIAN_POINT ( 'NONE',  ( 19.41746587457269158, -0.008042224642538391144, 4.991957775357462879 ) ) ;
#3199 = APPROVAL_PERSON_ORGANIZATION ( #7846, #2342, #2966 ) ;
#3200 = CARTESIAN_POINT ( 'NONE',  ( 71.10122534970066965, -0.9582157396402009031, 4.041784260359798431 ) ) ;
#3201 = CARTESIAN_POINT ( 'NONE',  ( 96.12499999999998579, 1.224646799147353207E-16, -1.000000000000000000 ) ) ;
#3202 = CARTESIAN_POINT ( 'NONE',  ( 24.47815646957797142, -5.000000000001024070, 1.024397623002851372E-12 ) ) ;
#3204 = CARTESIAN_POINT ( 'NONE',  ( 110.8515737627696325, -0.4321793203680438511, 4.567820679631957148 ) ) ;
#3203 = DIRECTION ( 'NONE',  ( -1.000000000000000000, -0.000000000000000000, -0.000000000000000000 ) ) ;
#3205 = FACE_OUTER_BOUND ( 'NONE', #3920, .T. ) ;
#3206 = CARTESIAN_POINT ( 'NONE',  ( 2.500000000000000444, 0.000000000000000000, 0.000000000000000000 ) ) ;
#3207 = LINE ( 'NONE', #4751, #2138 ) ;
#3208 = VERTEX_POINT ( 'NONE', #4439 ) ;
#3209 = CYLINDRICAL_SURFACE ( 'NONE', #2712, 1.000000000000000000 ) ;
#3210 = ORIENTED_EDGE ( 'NONE', *, *, #4241, .F. ) ;
#3212 = DIRECTION ( 'NONE',  ( 0.000000000000000000, 0.000000000000000000, 1.000000000000000000 ) ) ;
#3211 = CIRCLE ( 'NONE', #3939, 1.000000000000000000 ) ;
#3213 = CARTESIAN_POINT ( 'NONE',  ( 17.71576228220553872, -0.2608011982980508181, 4.739198801701949293 ) ) ;
#3214 = ORIENTED_EDGE ( 'NONE', *, *, #3727, .T. ) ;
#3215 = CARTESIAN_POINT ( 'NONE',  ( 0.000000000000000000, 0.000000000000000000, 1.000000000000000000 ) ) ;
#3216 = DIRECTION ( 'NONE',  ( -1.000000000000000000, -0.000000000000000000, -0.000000000000000000 ) ) ;
#3217 = LINE ( 'NONE', #5963, #716 ) ;
#3218 = TOROIDAL_SURFACE ( 'NONE', #3368, 0.6790153017205606822, 4.320984698279439762 ) ;
#3219 = DIRECTION ( 'NONE',  ( -1.000000000000000000, -0.000000000000000000, -0.000000000000000000 ) ) ;
#3220 = ORIENTED_EDGE ( 'NONE', *, *, #6389, .T. ) ;
#3221 = CIRCLE ( 'NONE', #1605, 1.000000000000000000 ) ;
#3222 = ORIENTED_EDGE ( 'NONE', *, *, #4271, .T. ) ;
#3223 = FACE_OUTER_BOUND ( 'NONE', #4529, .T. ) ;
#3224 = CARTESIAN_POINT ( 'NONE',  ( 107.1249999999997868, 2.819526785428872190E-13, 5.000000000000282441 ) ) ;
#3225 = CIRCLE ( 'NONE', #8033, 1.000000000000000000 ) ;
#3226 = CARTESIAN_POINT ( 'NONE',  ( 104.1012253497006839, -0.9582157396402011251, -4.041784260359799319 ) ) ;
#3227 = EDGE_CURVE ( 'NONE', #583, #781, #3780, .T. ) ;
#3228 = AXIS2_PLACEMENT_3D ( 'NONE', #7890, #1023, #1625 ) ;
#3229 = CARTESIAN_POINT ( 'NONE',  ( 52.12499999999978684, 2.837560127215673901E-13, -5.000000000000283329 ) ) ;
#3230 = DIRECTION ( 'NONE',  ( 0.000000000000000000, 0.000000000000000000, -1.000000000000000000 ) ) ;
#3231 = EDGE_CURVE ( 'NONE', #5883, #3912, #3422, .T. ) ;
#3232 = B_SPLINE_CURVE_WITH_KNOTS ( 'NONE', 3,
 ( #7531, #7579, #3332, #2898, #3580, #3386, #1259, #4703, #1471, #2853, #6425, #7487 ),
 .UNSPECIFIED., .F., .F.,
 ( 4, 2, 2, 2, 2, 4 ),
 ( 0.003504634718750433264, 0.003941423334025288654, 0.004378211949300143610, 0.005251789179849853523, 0.006125366410399563435, 0.006998943640949273348 ),
 .UNSPECIFIED. ) ;
#3233 = AXIS2_PLACEMENT_3D ( 'NONE', #6402, #7049, #2067 ) ;
#3234 = ORIENTED_EDGE ( 'NONE', *, *, #8099, .F. ) ;
#3235 = CARTESIAN_POINT ( 'NONE',  ( 12.21576228220554405, -0.2608011982980508736, 4.739198801701948405 ) ) ;
#3236 = ORIENTED_EDGE ( 'NONE', *, *, #8325, .T. ) ;
#3237 = CIRCLE ( 'NONE', #7610, 3.999999999999999112 ) ;
#3238 = CARTESIAN_POINT ( 'NONE',  ( 90.62499999999998579, 0.000000000000000000, 0.000000000000000000 ) ) ;
#3239 = SHAPE_DEFINITION_REPRESENTATION ( #5336, #1337 ) ;
#3240 = ORIENTED_EDGE ( 'NONE', *, *, #360, .T. ) ;
#3241 = CARTESIAN_POINT ( 'NONE',  ( 69.99999999999998579, 0.000000000000000000, 1.000000000000000000 ) ) ;
#3242 = ADVANCED_FACE ( 'NONE', ( #3847 ), #8143, .F. ) ;
#3243 = ORIENTED_EDGE ( 'NONE', *, *, #1035, .T. ) ;
#3244 = DIRECTION ( 'NONE',  ( 0.000000000000000000, -1.224646799147353207E-16, 1.000000000000000000 ) ) ;
#3245 = EDGE_CURVE ( 'NONE', #3346, #7658, #8239, .T. ) ;
#3246 = CARTESIAN_POINT ( 'NONE',  ( 118.1249999999999858, 0.000000000000000000, 0.000000000000000000 ) ) ;
#3247 = CARTESIAN_POINT ( 'NONE',  ( 57.62499999999978684, 2.871737586104897556E-13, 5.000000000000286882 ) ) ;
#3248 = CARTESIAN_POINT ( 'NONE',  ( 8.706310213524274033, -0.03993437491703480391, 4.960065625082965113 ) ) ;
#3250 = CARTESIAN_POINT ( 'NONE',  ( 82.10122534970068386, -0.9582157396401881355, 4.041784260359812642 ) ) ;
#3249 = DIRECTION ( 'NONE',  ( -1.000000000000000000, -0.000000000000000000, -0.000000000000000000 ) ) ;
#3251 = TOROIDAL_SURFACE ( 'NONE', #2367, 1.000000000000000000, 1.374999999999994227 ) ;
#3252 = CARTESIAN_POINT ( 'NONE',  ( 65.32722873042054346, -4.282386290035394616, 0.7176137099646044959 ) ) ;
#3253 = CARTESIAN_POINT ( 'NONE',  ( 29.83253412542708105, -4.991957775357446891, -0.008042224642552183930 ) ) ;
#3254 = CARTESIAN_POINT ( 'NONE',  ( 52.85334765086494002, -4.935408751168116837, -0.06459124883188396837 ) ) ;
#3255 = ORIENTED_EDGE ( 'NONE', *, *, #410, .T. ) ;
#3256 = DIRECTION ( 'NONE',  ( 0.000000000000000000, -1.000000000000000000, 0.000000000000000000 ) ) ;
#3257 = MANIFOLD_SOLID_BREP ( 'Cut-Extrude1', #6235 ) ;
#3258 = CARTESIAN_POINT ( 'NONE',  ( 132.6250000000000000, -2.500000000000000000, -2.500000000000000000 ) ) ;
#3259 = ORIENTED_EDGE ( 'NONE', *, *, #8931, .T. ) ;
#3260 = DIRECTION ( 'NONE',  ( -1.000000000000000000, -0.000000000000000000, -0.000000000000000000 ) ) ;
#3261 = CARTESIAN_POINT ( 'NONE',  ( 26.82722873042056122, -4.282386290035415044, -0.7176137099645850670 ) ) ;
#3262 = ORIENTED_EDGE ( 'NONE', *, *, #8754, .F. ) ;
#3263 = CARTESIAN_POINT ( 'NONE',  ( 34.89940186600652083, -4.935956332723922202, -0.06404366727607935239 ) ) ;
#3264 = CARTESIAN_POINT ( 'NONE',  ( 76.75378377920365836, -3.863136006093112140, -1.136863993906888304 ) ) ;
#3265 = DIRECTION ( 'NONE',  ( 0.000000000000000000, 0.000000000000000000, 1.000000000000000000 ) ) ;
#3266 = CARTESIAN_POINT ( 'NONE',  ( 112.6250000000000000, 0.000000000000000000, 0.000000000000000000 ) ) ;
#3267 = CARTESIAN_POINT ( 'NONE',  ( 13.33253412545236216, -4.991957775359342264, 0.008042224640657869364 ) ) ;
#3268 = EDGE_LOOP ( 'NONE', ( #6365, #4308, #8296 ) ) ;
#3269 = CARTESIAN_POINT ( 'NONE',  ( 29.39940186598502336, -4.935956332719857897, 0.06404366728014222743 ) ) ;
#3270 = AXIS2_PLACEMENT_3D ( 'NONE', #4988, #3487, #8286 ) ;
#3271 = EDGE_CURVE ( 'NONE', #2123, #4758, #8078, .T. ) ;
#3272 = CARTESIAN_POINT ( 'NONE',  ( 20.13240203055828914, -4.872131520497904766, 0.1278684795020951781 ) ) ;
#3273 = DIRECTION ( 'NONE',  ( -1.000000000000000000, -0.000000000000000000, -0.000000000000000000 ) ) ;
#3274 = CARTESIAN_POINT ( 'NONE',  ( 14.63240203055832467, -4.872131520497896773, -0.1278684795021040876 ) ) ;
#3275 = ORIENTED_EDGE ( 'NONE', *, *, #5010, .T. ) ;
#3276 = ORIENTED_EDGE ( 'NONE', *, *, #8047, .F. ) ;
#3277 = CARTESIAN_POINT ( 'NONE',  ( 32.75399883711745019, -1.137203174285768226, 3.862796825714232885 ) ) ;
#3278 = FACE_OUTER_BOUND ( 'NONE', #3982, .T. ) ;
#3279 = ORIENTED_EDGE ( 'NONE', *, *, #8593, .T. ) ;
#3280 = DIRECTION ( 'NONE',  ( -0.000000000000000000, 1.000000000000000000, 1.224646799147353207E-16 ) ) ;
#3281 = CALENDAR_DATE ( 2026, 21, 2 ) ;
#3282 = ORIENTED_EDGE ( 'NONE', *, *, #6671, .F. ) ;
#3283 = CARTESIAN_POINT ( 'NONE',  ( 33.73827242307172014, -0.4974474678478679190, -4.502552532152132692 ) ) ;
#3284 = ORIENTED_EDGE ( 'NONE', *, *, #3941, .F. ) ;
#3285 = AXIS2_PLACEMENT_3D ( 'NONE', #5675, #6273, #5079 ) ;
#3286 = CARTESIAN_POINT ( 'NONE',  ( 21.60122534970068742, -0.9582157396401939087, 4.041784260359806424 ) ) ;
#3287 = DIRECTION ( 'NONE',  ( -1.000000000000000000, -0.000000000000000000, -0.000000000000000000 ) ) ;
#3288 = CARTESIAN_POINT ( 'NONE',  ( 3.101686143148198571, -0.03157968873786753949, -4.968420311262133460 ) ) ;
#3289 = CARTESIAN_POINT ( 'NONE',  ( 115.4962162207972511, -1.136863993905368853, -3.863136006094630925 ) ) ;
#3290 = CARTESIAN_POINT ( 'NONE',  ( 40.39665234915597125, -0.06459124882792177669, 4.935408751172078112 ) ) ;
#3291 = ADVANCED_FACE ( 'NONE', ( #3163 ), #3406, .T. ) ;
#3292 = TOROIDAL_SURFACE ( 'NONE', #3577, 1.000000000000000000, 4.000000000000001776 ) ;
#3293 = CARTESIAN_POINT ( 'NONE',  ( 28.01880044883591836, -4.366408635906866564, -0.6335913640931347679 ) ) ;
#3294 = CARTESIAN_POINT ( 'NONE',  ( 52.42125362938287481, -4.991698401479167657, -0.008301598520832410497 ) ) ;
#3295 = VERTEX_POINT ( 'NONE', #1049 ) ;
#3296 = CARTESIAN_POINT ( 'NONE',  ( 104.3750000000000000, 0.000000000000000000, 0.000000000000000000 ) ) ;
#3297 = CARTESIAN_POINT ( 'NONE',  ( 112.6249999999998010, 2.822966390599457035E-13, -5.000000000000282441 ) ) ;
#3298 = EDGE_LOOP ( 'NONE', ( #68, #2668, #3829 ) ) ;
#3299 = CARTESIAN_POINT ( 'NONE',  ( 96.12500000002798117, -5.000000000000000888, -4.336808689942017736E-16 ) ) ;
#3300 = CARTESIAN_POINT ( 'NONE',  ( 16.92277126958471101, -0.7176137099602835079, 4.282386290039716492 ) ) ;
#3301 = EDGE_LOOP ( 'NONE', ( #3765, #5848, #1090, #4479 ) ) ;
#3302 = CARTESIAN_POINT ( 'NONE',  ( 112.0436897864983194, -4.960065625086346408, -0.03993437491365127434 ) ) ;
#3303 = DIRECTION ( 'NONE',  ( -0.000000000000000000, 1.000000000000000000, 1.224646799147353207E-16 ) ) ;
#3304 = EDGE_CURVE ( 'NONE', #32, #4842, #4217, .T. ) ;
#3305 = FACE_OUTER_BOUND ( 'NONE', #1877, .T. ) ;
#3306 = TOROIDAL_SURFACE ( 'NONE', #2859, 1.000000000000000000, 4.000000000000001776 ) ;
#3307 = AXIS2_PLACEMENT_3D ( 'NONE', #7492, #2739, #6255 ) ;
#3308 = CARTESIAN_POINT ( 'NONE',  ( 52.12500000000000000, 1.224646799147353207E-16, -1.000000000000000000 ) ) ;
#3309 = DIRECTION ( 'NONE',  ( -1.000000000000000000, -0.000000000000000000, -0.000000000000000000 ) ) ;
#3310 = CARTESIAN_POINT ( 'NONE',  ( 59.39842623724020854, -4.567820679626502844, -0.4321793203734963784 ) ) ;
#3311 = ORIENTED_EDGE ( 'NONE', *, *, #5817, .T. ) ;
#3312 = DIRECTION ( 'NONE',  ( -0.000000000000000000, 1.000000000000000000, 1.224646799147353207E-16 ) ) ;
#3313 = AXIS2_PLACEMENT_3D ( 'NONE', #1594, #3073, #4384 ) ;
#3314 = CARTESIAN_POINT ( 'NONE',  ( 104.9227712695847288, -0.7176137099602930558, 4.282386290039707610 ) ) ;
#3315 = CARTESIAN_POINT ( 'NONE',  ( 108.2717805843163887, -0.1593231317801525049, -4.840676868219847329 ) ) ;
#3316 = DIRECTION ( 'NONE',  ( -1.000000000000000000, -0.000000000000000000, -0.000000000000000000 ) ) ;
#3317 = CARTESIAN_POINT ( 'NONE',  ( 15.82722873042056300, -4.282386290035417709, -0.7176137099645828465 ) ) ;
#3318 = ADVANCED_FACE ( 'NONE', ( #2620 ), #8508, .T. ) ;
#3319 = AXIS2_PLACEMENT_3D ( 'NONE', #7329, #1560, #4447 ) ;
#3320 = ORIENTED_EDGE ( 'NONE', *, *, #3682, .F. ) ;
#3321 = VERTEX_POINT ( 'NONE', #1135 ) ;
#3322 = CARTESIAN_POINT ( 'NONE',  ( 74.12500000000000000, 0.000000000000000000, 0.000000000000000000 ) ) ;
#3323 = CARTESIAN_POINT ( 'NONE',  ( 93.37499999999998579, 0.000000000000000000, 0.000000000000000000 ) ) ;
#3324 = AXIS2_PLACEMENT_3D ( 'NONE', #2455, #5385, #8169 ) ;
#3325 = ORIENTED_EDGE ( 'NONE', *, *, #1665, .T. ) ;
#3326 = CARTESIAN_POINT ( 'NONE',  ( 60.64877465030179593, -4.041784260362689452, -0.9582157396373112146 ) ) ;
#3327 = DATE_TIME_ROLE ( 'creation_date' ) ;
#3328 = EDGE_LOOP ( 'NONE', ( #7970, #6166, #8907, #3024, #395, #4054, #1424, #2218, #2040, #4669, #636, #1446, #7841, #4009, #3937, #2568, #8316, #6248, #275, #1358, #7176, #1974, #3173, #3190, #4373, #6187, #5307, #2930, #1931, #5736, #5533, #2124, #6463, #942, #8521, #2531, #8874, #7663, #3554, #6349, #2338, #8928, #4781, #6203, #7696, #2994, #4117, #7365, #5188, #3870, #7879, #1107, #139, #6082, #1983, #8814, #3077, #5317, #7703, #7524, #3901, #4085, #3842, #462, #2056, #4166, #8362, #5078, #6799, #154, #8938, #2743, #7004, #3385, #1370, #7139, #7186, #3051, #6867, #5560, #3824, #2261, #5265, #2792, #2225, #7685, #8617, #5292, #5909, #3416, #41, #4951, #375, #2920 ) ) ;
#3329 = DIRECTION ( 'NONE',  ( -1.000000000000000000, -0.000000000000000000, -0.000000000000000000 ) ) ;
#3330 = ORIENTED_EDGE ( 'NONE', *, *, #1686, .T. ) ;
#3331 = AXIS2_PLACEMENT_3D ( 'NONE', #8534, #7891, #6622 ) ;
#3332 = CARTESIAN_POINT ( 'NONE',  ( 106.8325341254270882, -4.991957775357442451, -0.008042224642557499123 ) ) ;
#3333 = CARTESIAN_POINT ( 'NONE',  ( 0.000000000000000000, 0.000000000000000000, 1.000000000000000000 ) ) ;
#3334 = CARTESIAN_POINT ( 'NONE',  ( 72.01880044884224219, -4.366408635911685820, 0.6335913640883145126 ) ) ;
#3335 = EDGE_CURVE ( 'NONE', #4588, #4643, #4129, .T. ) ;
#3336 = CARTESIAN_POINT ( 'NONE',  ( 42.50000000000000000, 0.000000000000000000, 0.000000000000000000 ) ) ;
#3337 = CARTESIAN_POINT ( 'NONE',  ( 87.01876480693204030, -0.4915337874217322600, -4.508466212578268184 ) ) ;
#3338 = CARTESIAN_POINT ( 'NONE',  ( 0.000000000000000000, 0.000000000000000000, 0.000000000000000000 ) ) ;
#3339 = CIRCLE ( 'NONE', #8437, 1.374999999999994227 ) ;
#3340 = CARTESIAN_POINT ( 'NONE',  ( 107.8533476508438582, -4.935408751172111863, -0.06459124882788697120 ) ) ;
#3341 = ORIENTED_EDGE ( 'NONE', *, *, #4397, .T. ) ;
#3342 = DIRECTION ( 'NONE',  ( 0.000000000000000000, 0.000000000000000000, 1.000000000000000000 ) ) ;
#3343 = AXIS2_PLACEMENT_3D ( 'NONE', #6134, #8352, #6302 ) ;
#3344 = AXIS2_PLACEMENT_3D ( 'NONE', #4841, #5490, #8272 ) ;
#3345 = CARTESIAN_POINT ( 'NONE',  ( 62.39940186600667715, -4.935956332723953288, 0.06404366727604815512 ) ) ;
#3346 = VERTEX_POINT ( 'NONE', #3984 ) ;
#3347 = EDGE_CURVE ( 'NONE', #5642, #459, #6965, .T. ) ;
#3348 = CARTESIAN_POINT ( 'NONE',  ( 8.125000000000000000, 0.000000000000000000, 1.000000000000000000 ) ) ;
#3349 = VECTOR ( 'NONE', #948, 1000.000000000000000 ) ;
#3350 = CARTESIAN_POINT ( 'NONE',  ( 18.11759796945997181, -0.1278684794971733651, 4.872131520502825275 ) ) ;
#3351 = ORIENTED_EDGE ( 'NONE', *, *, #2726, .T. ) ;
#3352 = CARTESIAN_POINT ( 'NONE',  ( 60.37500000000000000, -1.328041165545665647, 3.671958834454334575 ) ) ;
#3353 = EDGE_CURVE ( 'NONE', #771, #4048, #1481, .T. ) ;
#3354 = DIRECTION ( 'NONE',  ( 0.000000000000000000, 0.000000000000000000, 1.000000000000000000 ) ) ;
#3355 = B_SPLINE_CURVE_WITH_KNOTS ( 'NONE', 3,
 ( #4833, #7620, #4231, #7704, #8489, #2133, #5605, #2776, #4914, #8391, #5568, #5004, #8349, #7033, #4958, #5650 ),
 .UNSPECIFIED., .F., .F.,
 ( 4, 2, 2, 2, 2, 2, 2, 4 ),
 ( 4.818711198681143754E-07, 0.0008765200830274551269, 0.001314539188981248821, 0.001752558294935042298, 0.002190577400888835992, 0.002628596506842629469, 0.003066615612796422946, 0.003504634718750216423 ),
 .UNSPECIFIED. ) ;
#3356 = CARTESIAN_POINT ( 'NONE',  ( 54.87499999999999289, -1.328041165545660540, -3.671958834454339460 ) ) ;
#3357 = CARTESIAN_POINT ( 'NONE',  ( 29.97774279211274617, -7.846913223363822564E-15, 4.999999999999992895 ) ) ;
#3358 = AXIS2_PLACEMENT_3D ( 'NONE', #1887, #1331, #8331 ) ;
#3359 = EDGE_CURVE ( 'NONE', #1422, #4039, #5321, .T. ) ;
#3360 = CIRCLE ( 'NONE', #118, 1.000000000000000000 ) ;
#3361 = CARTESIAN_POINT ( 'NONE',  ( 90.62499999999998579, 0.000000000000000000, 1.000000000000000000 ) ) ;
#3362 = ADVANCED_FACE ( 'NONE', ( #8279 ), #6915, .F. ) ;
#3363 = ADVANCED_FACE ( 'NONE', ( #6357 ), #4993, .T. ) ;
#3364 = CARTESIAN_POINT ( 'NONE',  ( 43.87500000000000000, 0.000000000000000000, 0.000000000000000000 ) ) ;
#3365 = ORIENTED_EDGE ( 'NONE', *, *, #8935, .T. ) ;
#3366 = CARTESIAN_POINT ( 'NONE',  ( 37.51172757693689874, -4.502552532146860464, 0.4974474678531410343 ) ) ;
#3367 = DIRECTION ( 'NONE',  ( 0.000000000000000000, 0.000000000000000000, 1.000000000000000000 ) ) ;
#3368 = AXIS2_PLACEMENT_3D ( 'NONE', #5527, #2094, #6993 ) ;
#3369 = DIRECTION ( 'NONE',  ( 0.000000000000000000, 0.000000000000000000, 1.000000000000000000 ) ) ;
#3370 = CC_DESIGN_PERSON_AND_ORGANIZATION_ASSIGNMENT ( #6935, #3544, ( #4500 ) ) ;
#3371 = DIRECTION ( 'NONE',  ( 0.000000000000000000, 0.000000000000000000, 1.000000000000000000 ) ) ;
#3372 = VECTOR ( 'NONE', #6024, 1000.000000000000000 ) ;
#3373 = EDGE_CURVE ( 'NONE', #879, #8693, #9027, .T. ) ;
#3374 = ORIENTED_EDGE ( 'NONE', *, *, #1051, .T. ) ;
#3375 = ORIENTED_EDGE ( 'NONE', *, *, #2435, .T. ) ;
#3376 = DIRECTION ( 'NONE',  ( 0.000000000000000000, 0.000000000000000000, 1.000000000000000000 ) ) ;
#3377 = CARTESIAN_POINT ( 'NONE',  ( 10.99621622079729555, -1.136863993905376402, 3.863136006094623376 ) ) ;
#3378 = ORIENTED_EDGE ( 'NONE', *, *, #5532, .T. ) ;
#3379 = CIRCLE ( 'NONE', #8022, 1.000000000000000000 ) ;
#3380 = CARTESIAN_POINT ( 'NONE',  ( 115.1012253497006697, -0.9582157396401876914, -4.041784260359812642 ) ) ;
#3381 = AXIS2_PLACEMENT_3D ( 'NONE', #8678, #3793, #5119 ) ;
#3382 = APPROVAL_DATE_TIME ( #9033, #4968 ) ;
#3383 = VERTEX_POINT ( 'NONE', #5619 ) ;
#3384 = CARTESIAN_POINT ( 'NONE',  ( 34.21576228220553872, -0.2608011982980509846, -4.739198801701948405 ) ) ;
#3385 = ORIENTED_EDGE ( 'NONE', *, *, #3169, .F. ) ;
#3386 = CARTESIAN_POINT ( 'NONE',  ( 105.9782194156834834, -4.840676868219794038, -0.1593231317802043800 ) ) ;
#3387 = CARTESIAN_POINT ( 'NONE',  ( 39.71576228220554583, -0.2608011982980498744, -4.739198801701948405 ) ) ;
#3388 = CARTESIAN_POINT ( 'NONE',  ( 92.03383637236983361, -0.2517800035653059987, -4.748219996434693613 ) ) ;
#3389 = CIRCLE ( 'NONE', #8487, 1.000000000000000000 ) ;
#3390 = CARTESIAN_POINT ( 'NONE',  ( 54.87499999999999289, -3.671958834454339904, -1.328041165545660318 ) ) ;
#3391 = CARTESIAN_POINT ( 'NONE',  ( 107.1250000000000000, 0.000000000000000000, 0.000000000000000000 ) ) ;
#3392 = CARTESIAN_POINT ( 'NONE',  ( 28.35157376276964314, -0.4321793203680389661, -4.567820679631959813 ) ) ;
#3393 = CARTESIAN_POINT ( 'NONE',  ( 2.500000000000002220, 0.000000000000000000, 5.000000000000000000 ) ) ;
#3394 = VERTEX_POINT ( 'NONE', #4075 ) ;
#3395 = FACE_OUTER_BOUND ( 'NONE', #2505, .T. ) ;
#3396 = CARTESIAN_POINT ( 'NONE',  ( 118.1249999999997726, 2.821161565220927584E-13, 5.000000000000282441 ) ) ;
#3397 = EDGE_LOOP ( 'NONE', ( #5558, #1924, #3061, #8435 ) ) ;
#3398 = CARTESIAN_POINT ( 'NONE',  ( 72.97821941570038007, -4.840676868225227025, -0.1593231317747715869 ) ) ;
#3399 = CARTESIAN_POINT ( 'NONE',  ( 81.72625045371992769, -4.359865889253476290, 0.6401341107465227109 ) ) ;
#3400 = ORIENTED_EDGE ( 'NONE', *, *, #7307, .F. ) ;
#3401 = CARTESIAN_POINT ( 'NONE',  ( 100.2500000000000000, 0.000000000000000000, 0.000000000000000000 ) ) ;
#3402 = DIRECTION ( 'NONE',  ( -1.000000000000000000, -0.000000000000000000, -0.000000000000000000 ) ) ;
#3403 = ADVANCED_FACE ( 'NONE', ( #6266 ), #1343, .T. ) ;
#3404 = CARTESIAN_POINT ( 'NONE',  ( 115.3749999999999858, -3.671958834454344345, 1.328041165545655877 ) ) ;
#3405 = CARTESIAN_POINT ( 'NONE',  ( 37.00000000000000000, 0.000000000000000000, 1.000000000000000000 ) ) ;
#3406 = TOROIDAL_SURFACE ( 'NONE', #1791, 1.000000000000000000, 3.999999999999999112 ) ;
#3407 = EDGE_CURVE ( 'NONE', #8799, #2696, #8948, .T. ) ;
#3408 = CARTESIAN_POINT ( 'NONE',  ( 6.590321312242013896, -0.3138588207986879874, -4.686141179201312568 ) ) ;
#3409 = EDGE_LOOP ( 'NONE', ( #3183, #4212, #6526, #6678, #8746, #6122 ) ) ;
#3410 = CARTESIAN_POINT ( 'NONE',  ( 36.63240203055824651, -4.872131520497915425, 0.1278684795020852694 ) ) ;
#3411 = CARTESIAN_POINT ( 'NONE',  ( 6.750000000000000000, 0.000000000000000000, 1.000000000000000000 ) ) ;
#3412 = CARTESIAN_POINT ( 'NONE',  ( 14.35334765086500575, -4.935408751168101738, 0.06459124883189827637 ) ) ;
#3413 = ADVANCED_FACE ( 'NONE', ( #4202 ), #6314, .F. ) ;
#3414 = CARTESIAN_POINT ( 'NONE',  ( 109.6026342793602026, -4.040089233413074687, 0.9599107665869246464 ) ) ;
#3415 = TOROIDAL_SURFACE ( 'NONE', #3270, 1.000000000000000000, 4.000000000000000000 ) ;
#3416 = ORIENTED_EDGE ( 'NONE', *, *, #7866, .F. ) ;
#3417 = VERTEX_POINT ( 'NONE', #4246 ) ;
#3418 = CARTESIAN_POINT ( 'NONE',  ( 24.62500000000000000, 0.000000000000000000, 0.000000000000000000 ) ) ;
#3419 = DIRECTION ( 'NONE',  ( -1.000000000000000000, -0.000000000000000000, -0.000000000000000000 ) ) ;
#3420 = VERTEX_POINT ( 'NONE', #7047 ) ;
#3421 = CARTESIAN_POINT ( 'NONE',  ( 63.12500000002798117, -5.000000000000000888, -4.336808689942017736E-16 ) ) ;
#3422 = CIRCLE ( 'NONE', #2693, 3.904737509655564320 ) ;
#3423 = PERSON_AND_ORGANIZATION ( #389, #7428 ) ;
#3424 = ORIENTED_EDGE ( 'NONE', *, *, #8215, .T. ) ;
#3425 = DIRECTION ( 'NONE',  ( 0.000000000000000000, 0.000000000000000000, 1.000000000000000000 ) ) ;
#3426 = CARTESIAN_POINT ( 'NONE',  ( 25.63240203055832467, -4.872131520497894996, 0.1278684795021054477 ) ) ;
#3427 = CARTESIAN_POINT ( 'NONE',  ( 0.000000000000000000, 0.000000000000000000, 0.000000000000000000 ) ) ;
#3428 = DIRECTION ( 'NONE',  ( -0.000000000000000000, 1.000000000000000000, 1.224646799147353207E-16 ) ) ;
#3429 = CARTESIAN_POINT ( 'NONE',  ( 54.32722873042055056, -4.282386290035432808, 0.7176137099645666373 ) ) ;
#3430 = CARTESIAN_POINT ( 'NONE',  ( 98.87499999999998579, -3.671958834454324805, -1.328041165545675195 ) ) ;
#3431 = FACE_OUTER_BOUND ( 'NONE', #3298, .T. ) ;
#3432 = ORIENTED_EDGE ( 'NONE', *, *, #2675, .F. ) ;
#3433 = CARTESIAN_POINT ( 'NONE',  ( 85.12500000002799538, -5.000000000000000888, -4.336808689942017736E-16 ) ) ;
#3434 = DIRECTION ( 'NONE',  ( 0.000000000000000000, 0.000000000000000000, 1.000000000000000000 ) ) ;
#3435 = EDGE_LOOP ( 'NONE', ( #6230, #4261, #2662 ) ) ;
#3436 = DIRECTION ( 'NONE',  ( -1.000000000000000000, -0.000000000000000000, -0.000000000000000000 ) ) ;
#3437 = EDGE_CURVE ( 'NONE', #8693, #1057, #1702, .T. ) ;
#3438 = CARTESIAN_POINT ( 'NONE',  ( 82.25378377920365836, -3.863136006093129904, 1.136863993906870984 ) ) ;
#3439 = ORIENTED_EDGE ( 'NONE', *, *, #6824, .F. ) ;
#3440 = EDGE_CURVE ( 'NONE', #5155, #7152, #6471, .T. ) ;
#3441 = CARTESIAN_POINT ( 'NONE',  ( 82.37499999999998579, -3.671958834454344345, 1.328041165545655877 ) ) ;
#3442 = CIRCLE ( 'NONE', #5482, 1.000000000000000000 ) ;
#3443 = CARTESIAN_POINT ( 'NONE',  ( 41.12500000000000000, 0.000000000000000000, 0.000000000000000000 ) ) ;
#3444 = CARTESIAN_POINT ( 'NONE',  ( 113.2111344834781193, -4.959369330381670160, -0.04063066961832854235 ) ) ;
#3445 = EDGE_CURVE ( 'NONE', #4039, #8323, #1169, .T. ) ;
#3446 = LINE ( 'NONE', #7777, #6336 ) ;
#3447 = CARTESIAN_POINT ( 'NONE',  ( 38.37499999999999289, -3.671958834454339460, 1.328041165545660540 ) ) ;
#3448 = AXIS2_PLACEMENT_3D ( 'NONE', #6019, #4681, #8840 ) ;
#3449 = EDGE_CURVE ( 'NONE', #6004, #3702, #5159, .T. ) ;
#3450 = CARTESIAN_POINT ( 'NONE',  ( 32.99621622079728667, -1.136863993905377512, 3.863136006094622488 ) ) ;
#3451 = ADVANCED_FACE ( 'NONE', ( #3789 ), #3106, .F. ) ;
#3452 = ORIENTED_EDGE ( 'NONE', *, *, #1993, .T. ) ;
#3453 = EDGE_LOOP ( 'NONE', ( #2352, #6758, #4337 ) ) ;
#3454 = DIRECTION ( 'NONE',  ( -1.000000000000000000, -0.000000000000000000, -0.000000000000000000 ) ) ;
#3455 = DIRECTION ( 'NONE',  ( -1.000000000000000000, -0.000000000000000000, -0.000000000000000000 ) ) ;
#3456 = B_SPLINE_CURVE_WITH_KNOTS ( 'NONE', 3,
 ( #374, #6582, #4558, #4371, #941, #7305, #5855, #5247, #5112, #5156, #6664, #6493, #3105, #5896, #200, #8673 ),
 .UNSPECIFIED., .F., .F.,
 ( 4, 2, 2, 2, 2, 2, 2, 4 ),
 ( 4.818711198560992131E-07, 0.0008765200830274476459, 0.001314539188981239930, 0.001752558294935032540, 0.002190577400888824716, 0.002628596506842616892, 0.003066615612796409068, 0.003504634718750201244 ),
 .UNSPECIFIED. ) ;
#3457 = AXIS2_PLACEMENT_3D ( 'NONE', #2096, #8356, #1356 ) ;
#3458 = DATE_AND_TIME ( #1999, #6408 ) ;
#3459 = ORIENTED_EDGE ( 'NONE', *, *, #3587, .F. ) ;
#3460 = DIRECTION ( 'NONE',  ( -1.000000000000000000, -0.000000000000000000, -0.000000000000000000 ) ) ;
#3461 = CIRCLE ( 'NONE', #2152, 1.000000000000000000 ) ;
#3462 = ADVANCED_FACE ( 'NONE', ( #7948 ), #2532, .T. ) ;
#3463 = EDGE_CURVE ( 'NONE', #4598, #4572, #1943, .T. ) ;
#3464 = CARTESIAN_POINT ( 'NONE',  ( 13.62500000000000000, 0.000000000000000000, 0.000000000000000000 ) ) ;
#3465 = AXIS2_PLACEMENT_3D ( 'NONE', #5398, #6091, #1783 ) ;
#3466 = CARTESIAN_POINT ( 'NONE',  ( 38.49621622079730088, -1.136863993905377290, -3.863136006094622488 ) ) ;
#3467 = EDGE_CURVE ( 'NONE', #3844, #5421, #5294, .T. ) ;
#3468 = CARTESIAN_POINT ( 'NONE',  ( 95.39665234915595704, -0.06459124882792474653, -4.935408751172075448 ) ) ;
#3469 = CARTESIAN_POINT ( 'NONE',  ( 40.53886551654431969, -0.04063066961492790841, 4.959369330385072772 ) ) ;
#3470 = CARTESIAN_POINT ( 'NONE',  ( 57.92125362938285349, -4.991698401479169434, 0.008301598520829423303 ) ) ;
#3471 = DIRECTION ( 'NONE',  ( -1.000000000000000000, -0.000000000000000000, -0.000000000000000000 ) ) ;
#3472 = LINE ( 'NONE', #1397, #8277 ) ;
#3473 = ORIENTED_EDGE ( 'NONE', *, *, #7526, .T. ) ;
#3474 = DIRECTION ( 'NONE',  ( -1.000000000000000000, -0.000000000000000000, -0.000000000000000000 ) ) ;
#3475 = CARTESIAN_POINT ( 'NONE',  ( 118.4174658745726703, -0.008042224642539548204, 4.991957775357460214 ) ) ;
#3476 = ORIENTED_EDGE ( 'NONE', *, *, #2167, .T. ) ;
#3477 = DIRECTION ( 'NONE',  ( 0.000000000000000000, 0.000000000000000000, -1.000000000000000000 ) ) ;
#3478 = CARTESIAN_POINT ( 'NONE',  ( 88.14736572063976894, -0.9599107665869465178, 4.040089233413053371 ) ) ;
#3479 = EDGE_LOOP ( 'NONE', ( #110, #6928, #2600, #3365 ) ) ;
#3480 = CARTESIAN_POINT ( 'NONE',  ( 83.97821941570038007, -4.840676868225227025, 0.1593231317747716425 ) ) ;
#3481 = DIRECTION ( 'NONE',  ( -1.000000000000000000, -0.000000000000000000, -0.000000000000000000 ) ) ;
#3482 = CIRCLE ( 'NONE', #3331, 3.904737509655557215 ) ;
#3483 = CARTESIAN_POINT ( 'NONE',  ( 26.00000000000000355, 0.000000000000000000, 1.000000000000000000 ) ) ;
#3484 = CARTESIAN_POINT ( 'NONE',  ( 32.22625045371345465, -4.359865889258283111, -0.6401341107417174436 ) ) ;
#3485 = CIRCLE ( 'NONE', #6560, 3.999999999999996447 ) ;
#3486 = ORIENTED_EDGE ( 'NONE', *, *, #1122, .T. ) ;
#3487 = DIRECTION ( 'NONE',  ( -1.000000000000000000, -0.000000000000000000, -0.000000000000000000 ) ) ;
#3488 = APPROVAL_PERSON_ORGANIZATION ( #3423, #9001, #2046 ) ;
#3489 = CARTESIAN_POINT ( 'NONE',  ( 41.12500000002778933, -5.000000000000000888, -4.336808689942017736E-16 ) ) ;
#3490 = CARTESIAN_POINT ( 'NONE',  ( 118.2722572079139667, -4.999999999998967048, 1.033198930599532176E-12 ) ) ;
#3491 = CARTESIAN_POINT ( 'NONE',  ( 106.9781564695513651, -4.999999999999997335, 3.779249252411872960E-15 ) ) ;
#3492 = CIRCLE ( 'NONE', #1301, 1.000000000000000000 ) ;
#3493 = CARTESIAN_POINT ( 'NONE',  ( 76.87500000000000000, -1.328041165545675195, -3.671958834454324805 ) ) ;
#3494 = CIRCLE ( 'NONE', #8614, 4.000000000000015987 ) ;
#3495 = TOROIDAL_SURFACE ( 'NONE', #3792, 1.000000000000000000, 1.375000000000008216 ) ;
#3496 = ORIENTED_EDGE ( 'NONE', *, *, #5122, .T. ) ;
#3497 = ORIENTED_EDGE ( 'NONE', *, *, #7760, .T. ) ;
#3498 = CARTESIAN_POINT ( 'NONE',  ( 116.0237495462864814, -0.6401341107417557463, 4.359865889258244920 ) ) ;
#3499 = ADVANCED_FACE ( 'NONE', ( #8641 ), #4559, .T. ) ;
#3500 = CARTESIAN_POINT ( 'NONE',  ( 65.75378377920364414, -3.863136006093118802, -1.136863993906882531 ) ) ;
#3501 = DIRECTION ( 'NONE',  ( 0.000000000000000000, 0.000000000000000000, 1.000000000000000000 ) ) ;
#3502 = AXIS2_PLACEMENT_3D ( 'NONE', #1235, #7416, #8149 ) ;
#3503 = CALENDAR_DATE ( 2026, 21, 2 ) ;
#3504 = ORIENTED_EDGE ( 'NONE', *, *, #478, .F. ) ;
#3505 = DIRECTION ( 'NONE',  ( 0.000000000000000000, 0.000000000000000000, 1.000000000000000000 ) ) ;
#3506 = FACE_OUTER_BOUND ( 'NONE', #5450, .T. ) ;
#3507 = CARTESIAN_POINT ( 'NONE',  ( 38.64736572063978315, -0.9599107665869527350, -4.040089233413047154 ) ) ;
#3508 = CARTESIAN_POINT ( 'NONE',  ( 111.2500000000000000, 0.000000000000000000, 1.000000000000000000 ) ) ;
#3509 = CIRCLE ( 'NONE', #8626, 4.000000000000000000 ) ;
#3510 = CARTESIAN_POINT ( 'NONE',  ( 91.99999999999998579, 0.000000000000000000, 1.000000000000000000 ) ) ;
#3511 = CARTESIAN_POINT ( 'NONE',  ( 80.99999999999998579, 1.224646799147353207E-16, -1.000000000000000000 ) ) ;
#3512 = ADVANCED_FACE ( 'NONE', ( #6586 ), #1218, .F. ) ;
#3513 = DIRECTION ( 'NONE',  ( -1.000000000000000000, -0.000000000000000000, -0.000000000000000000 ) ) ;
#3514 = ORIENTED_EDGE ( 'NONE', *, *, #8490, .F. ) ;
#3515 = AXIS2_PLACEMENT_3D ( 'NONE', #8669, #4504, #5189 ) ;
#3516 = CARTESIAN_POINT ( 'NONE',  ( 45.47821941570027349, -4.840676868225195051, -0.1593231317748072529 ) ) ;
#3517 = EDGE_CURVE ( 'NONE', #1228, #39, #5993, .T. ) ;
#3518 = CARTESIAN_POINT ( 'NONE',  ( 90.62500000002798117, -5.000000000000000888, -4.336808689942017736E-16 ) ) ;
#3519 = ORIENTED_EDGE ( 'NONE', *, *, #884, .T. ) ;
#3520 = DIRECTION ( 'NONE',  ( 0.000000000000000000, 0.000000000000000000, 1.000000000000000000 ) ) ;
#3521 = AXIS2_PLACEMENT_3D ( 'NONE', #102, #4962, #8492 ) ;
#3522 = ORIENTED_EDGE ( 'NONE', *, *, #8977, .F. ) ;
#3523 = CARTESIAN_POINT ( 'NONE',  ( 13.62500000002789236, -5.000000000000000888, -4.336808689942017736E-16 ) ) ;
#3524 = CARTESIAN_POINT ( 'NONE',  ( 68.33253412545245453, -4.991957775359347593, -0.008042224640653525616 ) ) ;
#3525 = CARTESIAN_POINT ( 'NONE',  ( 117.3994018660066700, -4.935956332723949735, 0.06404366727605166620 ) ) ;
#3526 = DIRECTION ( 'NONE',  ( 0.000000000000000000, 0.000000000000000000, 1.000000000000000000 ) ) ;
#3527 = DIRECTION ( 'NONE',  ( -0.000000000000000000, 1.000000000000000000, 1.224646799147353207E-16 ) ) ;
#3528 = CARTESIAN_POINT ( 'NONE',  ( 52.12500000000000000, 0.000000000000000000, 0.000000000000000000 ) ) ;
#3529 = ORIENTED_EDGE ( 'NONE', *, *, #7901, .F. ) ;
#3530 = CARTESIAN_POINT ( 'NONE',  ( 46.62500000000000000, 0.000000000000000000, 0.000000000000000000 ) ) ;
#3531 = DIRECTION ( 'NONE',  ( 0.000000000000000000, 0.000000000000000000, -1.000000000000000000 ) ) ;
#3532 = DIRECTION ( 'NONE',  ( -0.000000000000000000, 1.000000000000000000, 1.224646799147353207E-16 ) ) ;
#3533 = CARTESIAN_POINT ( 'NONE',  ( 41.71113448347799135, -4.959369330381699470, -0.04063066961830186230 ) ) ;
#3534 = CARTESIAN_POINT ( 'NONE',  ( 108.8984262372302823, -4.567820679632011327, 0.4321793203679889506 ) ) ;
#3535 = EDGE_LOOP ( 'NONE', ( #213, #1903, #2871, #7988 ) ) ;
#3536 = CARTESIAN_POINT ( 'NONE',  ( 42.27178058431636032, -0.1593231317801533931, -4.840676868219846440 ) ) ;
#3537 = ORIENTED_EDGE ( 'NONE', *, *, #177, .T. ) ;
#3538 = ADVANCED_FACE ( 'NONE', ( #378 ), #5754, .T. ) ;
#3539 = VERTEX_POINT ( 'NONE', #5297 ) ;
#3540 = DIRECTION ( 'NONE',  ( 0.000000000000000000, 0.000000000000000000, -1.000000000000000000 ) ) ;
#3541 = EDGE_CURVE ( 'NONE', #6477, #2979, #612, .T. ) ;
#3542 = DIRECTION ( 'NONE',  ( 0.000000000000000000, 0.000000000000000000, 1.000000000000000000 ) ) ;
#3543 = CARTESIAN_POINT ( 'NONE',  ( 15.03383637236985315, -0.2517800035653021129, -4.748219996434698054 ) ) ;
#3544 = PERSON_AND_ORGANIZATION_ROLE ( 'classification_officer' ) ;
#3545 = ORIENTED_EDGE ( 'NONE', *, *, #683, .F. ) ;
#3546 = FACE_OUTER_BOUND ( 'NONE', #7775, .T. ) ;
#3547 = CARTESIAN_POINT ( 'NONE',  ( 85.12500000000000000, 0.000000000000000000, 0.000000000000000000 ) ) ;
#3548 = CARTESIAN_POINT ( 'NONE',  ( 27.37500000000000000, -3.671958834454336795, 1.328041165545663649 ) ) ;
#3549 = CARTESIAN_POINT ( 'NONE',  ( 8.853347650864984431, -4.935408751168105290, 0.06459124883189244770 ) ) ;
#3550 = CARTESIAN_POINT ( 'NONE',  ( 93.37499999999998579, 0.000000000000000000, 0.000000000000000000 ) ) ;
#3551 = TOROIDAL_SURFACE ( 'NONE', #8238, 1.000000000000000000, 4.000000000000001776 ) ;
#3552 = DIRECTION ( 'NONE',  ( 0.000000000000000000, 0.000000000000000000, 1.000000000000000000 ) ) ;
#3553 = CARTESIAN_POINT ( 'NONE',  ( 85.12500000000000000, 0.000000000000000000, 0.000000000000000000 ) ) ;
#3554 = ORIENTED_EDGE ( 'NONE', *, *, #6514, .F. ) ;
#3555 = CARTESIAN_POINT ( 'NONE',  ( 89.47821941570039428, -4.840676868225229690, 0.1593231317747706433 ) ) ;
#3556 = ORIENTED_EDGE ( 'NONE', *, *, #8357, .T. ) ;
#3557 = CARTESIAN_POINT ( 'NONE',  ( 88.52374954628648140, -0.6401341107417557463, -4.359865889258245808 ) ) ;
#3558 = CARTESIAN_POINT ( 'NONE',  ( 89.61759796945997891, -0.1278684794971740590, 4.872131520502826163 ) ) ;
#3559 = PRODUCT_DEFINITION ( 'UNKNOWN', '', #8009, #5287 ) ;
#3560 = B_SPLINE_CURVE_WITH_KNOTS ( 'NONE', 3,
 ( #6930, #2176, #650, #7569, #7659, #4908, #7698, #9026, #7068, #2769, #2081, #4952, #4867, #1382 ),
 .UNSPECIFIED., .F., .F.,
 ( 4, 2, 2, 2, 2, 2, 4 ),
 ( 1.970548284644934111E-07, 0.0009008928392885434287, 0.001351240731518582117, 0.001801588623748619829, 0.002251936515978657759, 0.002702284408208695688, 0.003602980192668768945 ),
 .UNSPECIFIED. ) ;
#3561 = DIRECTION ( 'NONE',  ( -1.000000000000000000, -0.000000000000000000, -0.000000000000000000 ) ) ;
#3562 = CARTESIAN_POINT ( 'NONE',  ( 101.4781564695780247, -5.000000000001025846, 1.024875031947747173E-12 ) ) ;
#3564 = DIRECTION ( 'NONE',  ( 0.000000000000000000, 0.000000000000000000, 1.000000000000000000 ) ) ;
#3563 = CARTESIAN_POINT ( 'NONE',  ( 13.47815646957795721, -5.000000000001023182, 1.023878285927065675E-12 ) ) ;
#3565 = VERTEX_POINT ( 'NONE', #3147 ) ;
#3566 = FACE_OUTER_BOUND ( 'NONE', #8982, .T. ) ;
#3567 = CARTESIAN_POINT ( 'NONE',  ( 85.12500000000000000, 1.224646799147353207E-16, -1.000000000000000000 ) ) ;
#3568 = B_SPLINE_CURVE_WITH_KNOTS ( 'NONE', 3,
 ( #6614, #3176, #2441, #1894, #5227, #8021, #1061, #6695, #5375, #8801, #2540, #8158, #7471, #2681, #8940, #7131 ),
 .UNSPECIFIED., .F., .F.,
 ( 4, 2, 2, 2, 2, 2, 2, 4 ),
 ( 4.818711198520267845E-07, 0.0008765200830206076313, 0.001314539188970985980, 0.001752558294921364437, 0.002190577400871742894, 0.002628596506822121134, 0.003066615612772499808, 0.003504634718722878482 ),
 .UNSPECIFIED. ) ;
#3569 = DIRECTION ( 'NONE',  ( 0.000000000000000000, 0.000000000000000000, 1.000000000000000000 ) ) ;
#3570 = VERTEX_POINT ( 'NONE', #7444 ) ;
#3571 = AXIS2_PLACEMENT_3D ( 'NONE', #1875, #6049, #6142 ) ;
#3572 = DIRECTION ( 'NONE',  ( 0.000000000000000000, 0.000000000000000000, 1.000000000000000000 ) ) ;
#3573 = ADVANCED_FACE ( 'NONE', ( #6038 ), #7769, .T. ) ;
#3574 = DIRECTION ( 'NONE',  ( 0.000000000000000000, 0.000000000000000000, -1.000000000000000000 ) ) ;
#3575 = CARTESIAN_POINT ( 'NONE',  ( 87.87500000000000000, 0.000000000000000000, 0.000000000000000000 ) ) ;
#3576 = DIRECTION ( 'NONE',  ( 0.000000000000000000, 0.000000000000000000, 1.000000000000000000 ) ) ;
#3577 = AXIS2_PLACEMENT_3D ( 'NONE', #107, #2058, #2918 ) ;
#3578 = CARTESIAN_POINT ( 'NONE',  ( 109.2262504537134049, -4.359865889258284000, 0.6401341107417161114 ) ) ;
#3579 = ORIENTED_EDGE ( 'NONE', *, *, #468, .T. ) ;
#3580 = CARTESIAN_POINT ( 'NONE',  ( 106.3994018659850269, -4.935956332719855233, -0.06404366728014657117 ) ) ;
#3581 = ORIENTED_EDGE ( 'NONE', *, *, #8875, .T. ) ;
#3582 = ORIENTED_EDGE ( 'NONE', *, *, #764, .F. ) ;
#3583 = DIRECTION ( 'NONE',  ( 0.000000000000000000, 0.000000000000000000, 1.000000000000000000 ) ) ;
#3584 = CARTESIAN_POINT ( 'NONE',  ( 92.51172757693694848, -4.502552532146813391, 0.4974474678531853877 ) ) ;
#3585 = CARTESIAN_POINT ( 'NONE',  ( 5.648774650301779054, -4.041784260362672576, 0.9582157396373282010 ) ) ;
#3586 = AXIS2_PLACEMENT_3D ( 'NONE', #3758, #774, #5087 ) ;
#3587 = EDGE_CURVE ( 'NONE', #4098, #8638, #6452, .T. ) ;
#3588 = ORIENTED_EDGE ( 'NONE', *, *, #6013, .T. ) ;
#3589 = DIRECTION ( 'NONE',  ( 0.000000000000000000, 0.000000000000000000, 1.000000000000000000 ) ) ;
#3590 = DIRECTION ( 'NONE',  ( -1.000000000000000000, -0.000000000000000000, -0.000000000000000000 ) ) ;
#3591 = CARTESIAN_POINT ( 'NONE',  ( 95.53886551654427706, -0.04063066961492946272, -4.959369330385070107 ) ) ;
#3592 = AXIS2_PLACEMENT_3D ( 'NONE', #582, #668, #1445 ) ;
#3593 = DIRECTION ( 'NONE',  ( -1.000000000000000000, -0.000000000000000000, -0.000000000000000000 ) ) ;
#3594 = CARTESIAN_POINT ( 'NONE',  ( 87.01172757693696269, -4.502552532146823161, 0.4974474678531770055 ) ) ;
#3595 = ORIENTED_EDGE ( 'NONE', *, *, #4856, .F. ) ;
#3596 = CARTESIAN_POINT ( 'NONE',  ( 88.51880044884222798, -4.366408635911694702, 0.6335913640883061859 ) ) ;
#3597 = EDGE_LOOP ( 'NONE', ( #8280, #804, #6053 ) ) ;
#3598 = AXIS2_PLACEMENT_3D ( 'NONE', #1734, #7404, #8868 ) ;
#3599 = CYLINDRICAL_SURFACE ( 'NONE', #7870, 1.000000000000000000 ) ;
#3600 = EDGE_CURVE ( 'NONE', #3420, #7958, #2464, .T. ) ;
#3601 = CARTESIAN_POINT ( 'NONE',  ( 21.32722873042056122, -4.282386290035423038, -0.7176137099645770734 ) ) ;
#3602 = CARTESIAN_POINT ( 'NONE',  ( 82.49600116288353036, -3.862796825715736571, -1.137203174284263651 ) ) ;
#3603 = CARTESIAN_POINT ( 'NONE',  ( 60.64736572063976894, -0.9599107665869499595, -4.040089233413049818 ) ) ;
#3604 = AXIS2_PLACEMENT_3D ( 'NONE', #6584, #5250, #8038 ) ;
#3606 = DIRECTION ( 'NONE',  ( 0.000000000000000000, 0.000000000000000000, 1.000000000000000000 ) ) ;
#3605 = CARTESIAN_POINT ( 'NONE',  ( 12.09032131224201656, -0.3138588207986880430, -4.686141179201312568 ) ) ;
#3607 = EDGE_CURVE ( 'NONE', #3208, #572, #5205, .T. ) ;
#3608 = ORIENTED_EDGE ( 'NONE', *, *, #3674, .F. ) ;
#3609 = CARTESIAN_POINT ( 'NONE',  ( 113.2111344834781193, -4.959369330381671048, 0.04063066961832845908 ) ) ;
#3610 = CIRCLE ( 'NONE', #5962, 1.000000000000000000 ) ;
#3611 = B_SPLINE_CURVE_WITH_KNOTS ( 'NONE', 3,
 ( #6734, #2107, #3524, #4161, #722, #5020, #2879, #5666, #9056, #5586, #4891, #677 ),
 .UNSPECIFIED., .F., .F.,
 ( 4, 2, 2, 2, 2, 4 ),
 ( 0.003504634718722713684, 0.003941423334001037219, 0.004378211949279361623, 0.005251789179836008695, 0.006125366410392656634, 0.006998943640949304573 ),
 .UNSPECIFIED. ) ;
#3612 = DIRECTION ( 'NONE',  ( 0.000000000000000000, -1.000000000000000000, 0.000000000000000000 ) ) ;
#3613 = EDGE_LOOP ( 'NONE', ( #4507, #1541, #8564, #4824 ) ) ;
#3614 = CARTESIAN_POINT ( 'NONE',  ( 32.75378377920270623, -3.863136006094637143, -1.136863993905362857 ) ) ;
#3615 = EDGE_CURVE ( 'NONE', #6566, #879, #8786, .T. ) ;
#3616 = ORIENTED_EDGE ( 'NONE', *, *, #6952, .F. ) ;
#3617 = CARTESIAN_POINT ( 'NONE',  ( 54.75399883711743598, -1.137203174285764229, 3.862796825714235993 ) ) ;
#3618 = CARTESIAN_POINT ( 'NONE',  ( 82.37499999999998579, -1.328041165545655877, 3.671958834454344345 ) ) ;
#3619 = TOROIDAL_SURFACE ( 'NONE', #1127, 1.000000000000000000, 3.999999999999999112 ) ;
#3620 = CARTESIAN_POINT ( 'NONE',  ( 39.01880044884221377, -4.366408635911658287, 0.6335913640883421571 ) ) ;
#3621 = CARTESIAN_POINT ( 'NONE',  ( 0.000000000000000000, 0.000000000000000000, 0.000000000000000000 ) ) ;
#3622 = CARTESIAN_POINT ( 'NONE',  ( 120.8749999999999858, 0.000000000000000000, 0.000000000000000000 ) ) ;
#3623 = CIRCLE ( 'NONE', #3769, 3.999999999999999112 ) ;
#3624 = EDGE_CURVE ( 'NONE', #8488, #89, #7396, .T. ) ;
#3625 = DIRECTION ( 'NONE',  ( -1.000000000000000000, -0.000000000000000000, -0.000000000000000000 ) ) ;
#3626 = CIRCLE ( 'NONE', #3343, 1.000000000000000000 ) ;
#3627 = LOCAL_TIME ( 19, 56, 48.00000000000000000, #466 ) ;
#3628 = ADVANCED_FACE ( 'NONE', ( #3926 ), #2942, .F. ) ;
#3629 = EDGE_LOOP ( 'NONE', ( #3812, #4370, #8461, #4904 ) ) ;
#3630 = CARTESIAN_POINT ( 'NONE',  ( 41.41746587457270579, -0.008042224642538080628, -4.991957775357462879 ) ) ;
#3631 = ORIENTED_EDGE ( 'NONE', *, *, #4410, .F. ) ;
#3632 = EDGE_LOOP ( 'NONE', ( #7346, #4724, #4896 ) ) ;
#3633 = CARTESIAN_POINT ( 'NONE',  ( 14.20631021352427936, -0.03993437491703474146, 4.960065625082964225 ) ) ;
#3634 = CC_DESIGN_PERSON_AND_ORGANIZATION_ASSIGNMENT ( #7576, #4229, ( #4505 ) ) ;
#3635 = CARTESIAN_POINT ( 'NONE',  ( 92.03423771780842344, -4.739198801696314689, 0.2608011983036852000 ) ) ;
#3636 = CARTESIAN_POINT ( 'NONE',  ( 86.50000000000000000, 1.224646799147353207E-16, -1.000000000000000000 ) ) ;
#3637 = VECTOR ( 'NONE', #2559, 1000.000000000000000 ) ;
#3638 = CARTESIAN_POINT ( 'NONE',  ( 14.77178058431636920, -0.1593231317801512836, -4.840676868219850881 ) ) ;
#3639 = ORIENTED_EDGE ( 'NONE', *, *, #4774, .T. ) ;
#3640 = CARTESIAN_POINT ( 'NONE',  ( 77.85157376276964669, -0.4321793203680497908, -4.567820679631950931 ) ) ;
#3641 = EDGE_CURVE ( 'NONE', #5967, #8561, #1466, .T. ) ;
#3642 = AXIS2_PLACEMENT_3D ( 'NONE', #7125, #846, #1491 ) ;
#3643 = FACE_OUTER_BOUND ( 'NONE', #5286, .T. ) ;
#3644 = CARTESIAN_POINT ( 'NONE',  ( 52.12500000000000000, 0.000000000000000000, 0.000000000000000000 ) ) ;
#3646 = DIRECTION ( 'NONE',  ( 0.000000000000000000, 0.000000000000000000, 1.000000000000000000 ) ) ;
#3645 = AXIS2_PLACEMENT_3D ( 'NONE', #3550, #6347, #2867 ) ;
#3647 = DIRECTION ( 'NONE',  ( 0.000000000000000000, 0.000000000000000000, 1.000000000000000000 ) ) ;
#3648 = APPLICATION_PROTOCOL_DEFINITION ( 'international standard', 'config_control_design', 1994, #92 ) ;
#3649 = ORIENTED_EDGE ( 'NONE', *, *, #1418, .F. ) ;
#3650 = CARTESIAN_POINT ( 'NONE',  ( 49.37500000000000000, -3.671958834454334575, 1.328041165545665647 ) ) ;
#3651 = EDGE_LOOP ( 'NONE', ( #6474, #778, #56, #1617, #2545, #3631 ) ) ;
#3652 = CARTESIAN_POINT ( 'NONE',  ( 0.000000000000000000, 0.000000000000000000, 0.000000000000000000 ) ) ;
#3653 = TOROIDAL_SURFACE ( 'NONE', #7740, 1.000000000000000000, 1.375000000000001332 ) ;
#3654 = CARTESIAN_POINT ( 'NONE',  ( 20.89842623724021919, -4.567820679626493074, -0.4321793203735063149 ) ) ;
#3655 = CARTESIAN_POINT ( 'NONE',  ( 115.3749999999999858, 0.000000000000000000, 0.000000000000000000 ) ) ;
#3656 = DIRECTION ( 'NONE',  ( 0.000000000000000000, 0.000000000000000000, 1.000000000000000000 ) ) ;
#3657 = AXIS2_PLACEMENT_3D ( 'NONE', #1992, #4265, #3540 ) ;
#3659 = DIRECTION ( 'NONE',  ( 0.000000000000000000, -1.000000000000000000, 0.000000000000000000 ) ) ;
#3658 = CARTESIAN_POINT ( 'NONE',  ( 13.03886551654430725, -0.04063066961492746432, -4.959369330385072772 ) ) ;
#3660 = ORIENTED_EDGE ( 'NONE', *, *, #5559, .T. ) ;
#3661 = CARTESIAN_POINT ( 'NONE',  ( 34.24999999999999289, 1.224646799147353207E-16, -1.000000000000000000 ) ) ;
#3662 = AXIS2_PLACEMENT_3D ( 'NONE', #2824, #6177, #5488 ) ;
#3663 = FACE_OUTER_BOUND ( 'NONE', #5762, .T. ) ;
#3664 = ORIENTED_EDGE ( 'NONE', *, *, #1317, .T. ) ;
#3665 = DIRECTION ( 'NONE',  ( -1.000000000000000000, -0.000000000000000000, -0.000000000000000000 ) ) ;
#3666 = CIRCLE ( 'NONE', #4830, 1.000000000000000000 ) ;
#3667 = ORIENTED_EDGE ( 'NONE', *, *, #3347, .T. ) ;
#3668 = CARTESIAN_POINT ( 'NONE',  ( 19.70631021352427581, -0.03993437491703540065, -4.960065625082963336 ) ) ;
#3669 = CARTESIAN_POINT ( 'NONE',  ( 10.87500000000000000, -3.671958834454336351, -1.328041165545663649 ) ) ;
#3670 = CARTESIAN_POINT ( 'NONE',  ( 87.87500000000000000, 0.000000000000000000, 0.000000000000000000 ) ) ;
#3671 = DIRECTION ( 'NONE',  ( -1.000000000000000000, -0.000000000000000000, -0.000000000000000000 ) ) ;
#3672 = CIRCLE ( 'NONE', #5714, 3.904737509655565653 ) ;
#3673 = CARTESIAN_POINT ( 'NONE',  ( 38.37499999999999289, -3.671958834454339904, -1.328041165545660318 ) ) ;
#3674 = EDGE_CURVE ( 'NONE', #4157, #1228, #3389, .T. ) ;
#3675 = CARTESIAN_POINT ( 'NONE',  ( 27.10122534970069097, -0.9582157396401924654, 4.041784260359809089 ) ) ;
#3676 = ORIENTED_EDGE ( 'NONE', *, *, #8329, .F. ) ;
#3677 = CARTESIAN_POINT ( 'NONE',  ( 44.51880044884219956, -4.366408635911659175, 0.6335913640883413800 ) ) ;
#3678 = ORIENTED_EDGE ( 'NONE', *, *, #1377, .T. ) ;
#3679 = ORIENTED_EDGE ( 'NONE', *, *, #7699, .F. ) ;
#3680 = CARTESIAN_POINT ( 'NONE',  ( 24.47774279211274617, -9.258705388199927654E-15, -4.999999999999992006 ) ) ;
#3681 = CIRCLE ( 'NONE', #2810, 1.000000000000000000 ) ;
#3682 = EDGE_CURVE ( 'NONE', #1319, #4950, #3672, .T. ) ;
#3683 = CARTESIAN_POINT ( 'NONE',  ( 93.25378377920368678, -3.863136006093112584, 1.136863993906888082 ) ) ;
#3684 = CARTESIAN_POINT ( 'NONE',  ( 32.23119955116401769, -0.6335913640930939117, -4.366408635906907421 ) ) ;
#3685 = ORIENTED_EDGE ( 'NONE', *, *, #4105, .F. ) ;
#3686 = CARTESIAN_POINT ( 'NONE',  ( 76.87500000000000000, -1.328041165545675195, -3.671958834454324805 ) ) ;
#3687 = ORIENTED_EDGE ( 'NONE', *, *, #8879, .F. ) ;
#3688 = CARTESIAN_POINT ( 'NONE',  ( 45.25000000000000000, 0.000000000000000000, 0.000000000000000000 ) ) ;
#3689 = CARTESIAN_POINT ( 'NONE',  ( 48.51876480693204030, -0.4915337874217309277, -4.508466212578269072 ) ) ;
#3690 = ORIENTED_EDGE ( 'NONE', *, *, #1486, .T. ) ;
#3691 = CARTESIAN_POINT ( 'NONE',  ( 21.87500000000000000, 0.000000000000000000, 3.904737509655563432 ) ) ;
#3692 = CARTESIAN_POINT ( 'NONE',  ( 60.37500000000000000, 0.000000000000000000, 0.000000000000000000 ) ) ;
#3693 = ORIENTED_EDGE ( 'NONE', *, *, #4954, .F. ) ;
#3694 = DIRECTION ( 'NONE',  ( 0.000000000000000000, 0.000000000000000000, 1.000000000000000000 ) ) ;
#3695 = CARTESIAN_POINT ( 'NONE',  ( 90.77184353044839327, 6.550317539354315731E-15, 5.000000000000006217 ) ) ;
#3696 = DIRECTION ( 'NONE',  ( -1.000000000000000000, -0.000000000000000000, -0.000000000000000000 ) ) ;
#3697 = AXIS2_PLACEMENT_3D ( 'NONE', #3361, #1841, #601 ) ;
#3699 = CARTESIAN_POINT ( 'NONE',  ( 98.60122534970068386, -0.9582157396402009031, 4.041784260359798431 ) ) ;
#3698 = CARTESIAN_POINT ( 'NONE',  ( 86.13240203055842414, -4.872131520497876345, -0.1278684795021238496 ) ) ;
#3700 = DIRECTION ( 'NONE',  ( 0.000000000000000000, 0.000000000000000000, -1.000000000000000000 ) ) ;
#3701 = CARTESIAN_POINT ( 'NONE',  ( 50.97953806259081233, -0.1676550930109052817, 4.832344906989094468 ) ) ;
#3702 = VERTEX_POINT ( 'NONE', #6632 ) ;
#3703 = CARTESIAN_POINT ( 'NONE',  ( 101.6249999999997868, 2.818544231345960265E-13, 5.000000000000282441 ) ) ;
#3704 = EDGE_CURVE ( 'NONE', #3565, #8288, #5542, .T. ) ;
#3705 = ORIENTED_EDGE ( 'NONE', *, *, #9032, .F. ) ;
#3706 = EDGE_CURVE ( 'NONE', #3160, #5150, #1025, .T. ) ;
#3707 = DIRECTION ( 'NONE',  ( 0.000000000000000000, 0.000000000000000000, 1.000000000000000000 ) ) ;
#3708 = DIRECTION ( 'NONE',  ( -0.000000000000000000, 1.000000000000000000, 1.224646799147353207E-16 ) ) ;
#3709 = DIRECTION ( 'NONE',  ( 0.000000000000000000, 0.000000000000000000, 1.000000000000000000 ) ) ;
#3710 = EDGE_CURVE ( 'NONE', #3773, #3090, #3028, .T. ) ;
#3711 = DIRECTION ( 'NONE',  ( 0.000000000000000000, 0.000000000000000000, 1.000000000000000000 ) ) ;
#3712 = CARTESIAN_POINT ( 'NONE',  ( 76.87500000000000000, -1.328041165545675195, 3.671958834454324805 ) ) ;
#3713 = CIRCLE ( 'NONE', #2406, 3.904737509655562988 ) ;
#3714 = VERTEX_POINT ( 'NONE', #3754 ) ;
#3715 = CARTESIAN_POINT ( 'NONE',  ( 105.7157622822055316, -0.2608011982980558141, -4.739198801701944852 ) ) ;
#3716 = VERTEX_POINT ( 'NONE', #813 ) ;
#3717 = ORIENTED_EDGE ( 'NONE', *, *, #4443, .T. ) ;
#3718 = EDGE_CURVE ( 'NONE', #8390, #5150, #2506, .T. ) ;
#3719 = CARTESIAN_POINT ( 'NONE',  ( 24.32874637064227841, -0.008301598518915761366, -4.991698401481084346 ) ) ;
#3720 = LINE ( 'NONE', #231, #6251 ) ;
#3721 = DIRECTION ( 'NONE',  ( -1.000000000000000000, -0.000000000000000000, -0.000000000000000000 ) ) ;
#3722 = TOROIDAL_SURFACE ( 'NONE', #1670, 1.000000000000000000, 1.374999999999994227 ) ;
#3723 = CARTESIAN_POINT ( 'NONE',  ( 6.716163627644402112, -4.748219996440564472, 0.2517800035594356389 ) ) ;
#3724 = B_SPLINE_CURVE_WITH_KNOTS ( 'NONE', 3,
 ( #5298, #8863, #1917, #2655, #8268, #577, #3388, #1078, #4016, #5443, #6040, #5486 ),
 .UNSPECIFIED., .F., .F.,
 ( 4, 2, 2, 2, 2, 4 ),
 ( 0.003504634718750182162, 0.003941423334025068344, 0.004378211949299954525, 0.005251789179849728623, 0.006125366410399500985, 0.006998943640949275083 ),
 .UNSPECIFIED. ) ;
#3725 = ORIENTED_EDGE ( 'NONE', *, *, #5927, .T. ) ;
#3726 = FACE_OUTER_BOUND ( 'NONE', #3301, .T. ) ;
#3727 = EDGE_CURVE ( 'NONE', #4415, #4662, #8367, .T. ) ;
#3728 = EDGE_CURVE ( 'NONE', #2979, #5387, #937, .T. ) ;
#3729 = ORIENTED_EDGE ( 'NONE', *, *, #5880, .F. ) ;
#3730 = DIRECTION ( 'NONE',  ( -1.000000000000000000, -0.000000000000000000, -0.000000000000000000 ) ) ;
#3731 = CIRCLE ( 'NONE', #6085, 1.000000000000000000 ) ;
#3732 = VECTOR ( 'NONE', #1964, 1000.000000000000000 ) ;
#3733 = DIRECTION ( 'NONE',  ( 0.000000000000000000, -1.000000000000000000, 0.000000000000000000 ) ) ;
#3734 = COORDINATED_UNIVERSAL_TIME_OFFSET ( 3, 30, .AHEAD. ) ;
#3735 = EDGE_LOOP ( 'NONE', ( #8825, #1072, #3856, #5431 ) ) ;
#3736 = DIRECTION ( 'NONE',  ( 0.000000000000000000, -1.224646799147353207E-16, 1.000000000000000000 ) ) ;
#3737 = EDGE_CURVE ( 'NONE', #3172, #2602, #4112, .T. ) ;
#3738 = ORIENTED_EDGE ( 'NONE', *, *, #1597, .F. ) ;
#3739 = EDGE_CURVE ( 'NONE', #2354, #3394, #2908, .T. ) ;
#3740 = CARTESIAN_POINT ( 'NONE',  ( 10.87500000000000000, 0.000000000000000000, 0.000000000000000000 ) ) ;
#3741 = EDGE_CURVE ( 'NONE', #5430, #1745, #1788, .T. ) ;
#3742 = CARTESIAN_POINT ( 'NONE',  ( 19.85334765086496844, -4.935408751168109731, -0.06459124883189075461 ) ) ;
#3743 = AXIS2_PLACEMENT_3D ( 'NONE', #7318, #7862, #4524 ) ;
#3744 = LINE ( 'NONE', #253, #1178 ) ;
#3746 = LINE ( 'NONE', #256, #3194 ) ;
#3745 = CARTESIAN_POINT ( 'NONE',  ( 87.01172757693694848, -4.502552532146822273, -0.4974474678531768945 ) ) ;
#3747 = CARTESIAN_POINT ( 'NONE',  ( 38.10263427936256164, -4.040089233410290248, -0.9599107665897105290 ) ) ;
#3748 = CARTESIAN_POINT ( 'NONE',  ( 16.37499999999999645, 0.000000000000000000, 0.000000000000000000 ) ) ;
#3749 = ORIENTED_EDGE ( 'NONE', *, *, #8208, .F. ) ;
#3750 = CARTESIAN_POINT ( 'NONE',  ( 27.37500000000000000, 0.000000000000000000, 0.000000000000000000 ) ) ;
#3751 = AXIS2_PLACEMENT_3D ( 'NONE', #4811, #5625, #3526 ) ;
#3752 = ORIENTED_EDGE ( 'NONE', *, *, #6050, .T. ) ;
#3753 = EDGE_CURVE ( 'NONE', #7926, #225, #3237, .T. ) ;
#3754 = CARTESIAN_POINT ( 'NONE',  ( 125.0000000000000000, 0.000000000000000000, 1.000000000000000000 ) ) ;
#3755 = AXIS2_PLACEMENT_3D ( 'NONE', #900, #5115, #3694 ) ;
#3756 = CARTESIAN_POINT ( 'NONE',  ( 71.37500000000000000, -3.671958834454324805, -1.328041165545675195 ) ) ;
#3757 = CARTESIAN_POINT ( 'NONE',  ( 57.62499999999999289, 0.000000000000000000, 1.000000000000000000 ) ) ;
#3758 = CARTESIAN_POINT ( 'NONE',  ( 15.00000000000000000, 0.000000000000000000, 0.000000000000000000 ) ) ;
#3759 = AXIS2_PLACEMENT_3D ( 'NONE', #3827, #3142, #5936 ) ;
#3760 = CARTESIAN_POINT ( 'NONE',  ( 93.37499999999998579, -3.671958834454324805, 1.328041165545675195 ) ) ;
#3761 = CARTESIAN_POINT ( 'NONE',  ( 49.37500000000000000, 0.000000000000000000, 0.000000000000000000 ) ) ;
#3762 = TOROIDAL_SURFACE ( 'NONE', #1872, 1.000000000000000000, 4.000000000000000000 ) ;
#3763 = FACE_OUTER_BOUND ( 'NONE', #1129, .T. ) ;
#3764 = B_SPLINE_CURVE_WITH_KNOTS ( 'NONE', 3,
 ( #6656, #6443, #1576, #2139, #4317, #5056, #54, #1443, #2964, #6388, #7754, #5753, #8024, #8535, #5609, #1017 ),
 .UNSPECIFIED., .F., .F.,
 ( 4, 2, 2, 2, 2, 2, 2, 4 ),
 ( 4.818711198686234422E-07, 0.0008765200830274556690, 0.001314539188981249255, 0.001752558294935042732, 0.002190577400888836426, 0.002628596506842629903, 0.003066615612796423380, 0.003504634718750216857 ),
 .UNSPECIFIED. ) ;
#3765 = ORIENTED_EDGE ( 'NONE', *, *, #6882, .F. ) ;
#3766 = ORIENTED_EDGE ( 'NONE', *, *, #482, .T. ) ;
#3767 = CARTESIAN_POINT ( 'NONE',  ( 82.37499999999998579, -1.328041165545655877, 3.671958834454344345 ) ) ;
#3768 = DIRECTION ( 'NONE',  ( 0.000000000000000000, -1.224646799147353454E-16, 1.000000000000000000 ) ) ;
#3769 = AXIS2_PLACEMENT_3D ( 'NONE', #7058, #6967, #3531 ) ;
#3770 = CARTESIAN_POINT ( 'NONE',  ( 115.3749999999999858, 4.781924292710300481E-16, -3.904737509655568761 ) ) ;
#3771 = FACE_OUTER_BOUND ( 'NONE', #727, .T. ) ;
#3772 = TOROIDAL_SURFACE ( 'NONE', #8892, 1.000000000000000000, 3.999999999999996447 ) ;
#3773 = VERTEX_POINT ( 'NONE', #8735 ) ;
#3774 = CARTESIAN_POINT ( 'NONE',  ( 0.000000000000000000, 1.224646799147353207E-16, -1.000000000000000000 ) ) ;
#3775 = LOCAL_TIME ( 19, 56, 48.00000000000000000, #8123 ) ;
#3776 = CARTESIAN_POINT ( 'NONE',  ( 21.87500000000000000, -3.671958834454334575, -1.328041165545665425 ) ) ;
#3777 = ADVANCED_FACE ( 'NONE', ( #2478 ), #4836, .T. ) ;
#3778 = B_SPLINE_CURVE_WITH_KNOTS ( 'NONE', 3,
 ( #17, #793, #4922, #1531, #1399, #7043, #2968, #9048, #2872, #5659, #4197, #8447, #755, #2830, #5614, #7082 ),
 .UNSPECIFIED., .F., .F.,
 ( 4, 2, 2, 2, 2, 2, 2, 4 ),
 ( 4.818711198682416421E-07, 0.0008765200830205603600, 0.001314539188970919193, 0.001752558294921278135, 0.002190577400871637076, 0.002628596506821995801, 0.003066615612772354959, 0.003504634718722713684 ),
 .UNSPECIFIED. ) ;
#3779 = DIRECTION ( 'NONE',  ( -1.000000000000000000, -0.000000000000000000, -0.000000000000000000 ) ) ;
#3780 = B_SPLINE_CURVE_WITH_KNOTS ( 'NONE', 3,
 ( #3669, #8653, #7961, #1689, #4482, #7278, #127, #1002, #2939, #2252, #5031, #7821, #4577, #4029, #3942, #5357 ),
 .UNSPECIFIED., .F., .F.,
 ( 4, 2, 2, 2, 2, 2, 2, 4 ),
 ( 4.818711198570668423E-07, 0.0008765200830206001503, 0.001314539188970970801, 0.001752558294921341669, 0.002190577400871712103, 0.002628596506822082970, 0.003066615612772453404, 0.003504634718722824272 ),
 .UNSPECIFIED. ) ;
#3781 = CALENDAR_DATE ( 2026, 21, 2 ) ;
#3782 = VERTEX_POINT ( 'NONE', #3846 ) ;
#3783 = CARTESIAN_POINT ( 'NONE',  ( 98.22625045371995611, -4.359865889253467408, -0.6401341107465334801 ) ) ;
#3784 = B_SPLINE_CURVE_WITH_KNOTS ( 'NONE', 3,
 ( #2360, #5887, #6618, #3179, #8625, #319, #4593, #8755, #8664, #2543, #411, #7932, #1658, #5322, #3135, #8707 ),
 .UNSPECIFIED., .F., .F.,
 ( 4, 2, 2, 2, 2, 2, 2, 4 ),
 ( 4.818711198682416421E-07, 0.0008765200830205603600, 0.001314539188970919193, 0.001752558294921278135, 0.002190577400871637076, 0.002628596506821995801, 0.003066615612772354959, 0.003504634718722713684 ),
 .UNSPECIFIED. ) ;
#3785 = CIRCLE ( 'NONE', #267, 3.904737509655562544 ) ;
#3786 = EDGE_LOOP ( 'NONE', ( #5662, #6492, #785 ) ) ;
#3787 = ADVANCED_FACE ( 'NONE', ( #5267 ), #8340, .T. ) ;
#3788 = CARTESIAN_POINT ( 'NONE',  ( 18.39940186600657057, -4.935956332723929307, -0.06404366727607103960 ) ) ;
#3789 = FACE_OUTER_BOUND ( 'NONE', #439, .T. ) ;
#3790 = AXIS2_PLACEMENT_3D ( 'NONE', #7949, #4978, #294 ) ;
#3791 = CARTESIAN_POINT ( 'NONE',  ( 0.000000000000000000, 1.224646799147353207E-16, -1.000000000000000000 ) ) ;
#3792 = AXIS2_PLACEMENT_3D ( 'NONE', #789, #3593, #8069 ) ;
#3793 = DIRECTION ( 'NONE',  ( 0.000000000000000000, -1.000000000000000000, 0.000000000000000000 ) ) ;
#3795 = CARTESIAN_POINT ( 'NONE',  ( 98.87499999999998579, -1.328041165545675195, 3.671958834454324805 ) ) ;
#3794 = CARTESIAN_POINT ( 'NONE',  ( 104.2539988371174928, -1.137203174285774887, 3.862796825714226667 ) ) ;
#3796 = ADVANCED_FACE ( 'NONE', ( #4716 ), #1229, .F. ) ;
#3797 = DIRECTION ( 'NONE',  ( 0.000000000000000000, 0.000000000000000000, 1.000000000000000000 ) ) ;
#3798 = CARTESIAN_POINT ( 'NONE',  ( 112.6250000000279954, -5.000000000000000888, -4.336808689942017736E-16 ) ) ;
#3799 = CARTESIAN_POINT ( 'NONE',  ( 51.97774279211277104, -9.863486912539498096E-15, 4.999999999999989342 ) ) ;
#3800 = ORIENTED_EDGE ( 'NONE', *, *, #795, .T. ) ;
#3801 = CARTESIAN_POINT ( 'NONE',  ( 99.52374954628648140, -0.6401341107417659604, 4.359865889258234262 ) ) ;
#3802 = AXIS2_PLACEMENT_3D ( 'NONE', #2862, #7750, #1389 ) ;
#3803 = EDGE_LOOP ( 'NONE', ( #4000, #5439, #3275 ) ) ;
#3804 = CARTESIAN_POINT ( 'NONE',  ( 98.99621622079730798, -1.136863993905387948, -3.863136006094610941 ) ) ;
#3805 = CARTESIAN_POINT ( 'NONE',  ( 7.117597969459972695, -0.1278684794971732541, -4.872131520502827051 ) ) ;
#3806 = DIRECTION ( 'NONE',  ( -1.000000000000000000, -0.000000000000000000, -0.000000000000000000 ) ) ;
#3807 = DIRECTION ( 'NONE',  ( 0.000000000000000000, -1.224646799147353207E-16, 1.000000000000000000 ) ) ;
#3808 = CARTESIAN_POINT ( 'NONE',  ( 32.87500000000000000, -1.328041165545665425, 3.671958834454334575 ) ) ;
#3809 = CIRCLE ( 'NONE', #732, 1.000000000000000000 ) ;
#3810 = CARTESIAN_POINT ( 'NONE',  ( 25.35059813401477413, -0.06404366728010667253, 4.935956332719893425 ) ) ;
#3811 = CYLINDRICAL_SURFACE ( 'NONE', #6485, 1.000000000000000000 ) ;
#3812 = ORIENTED_EDGE ( 'NONE', *, *, #8378, .F. ) ;
#3813 = CIRCLE ( 'NONE', #4975, 1.000000000000000000 ) ;
#3814 = ORIENTED_EDGE ( 'NONE', *, *, #886, .F. ) ;
#3815 = CARTESIAN_POINT ( 'NONE',  ( 27.10122534970069097, -0.9582157396401924654, -4.041784260359809089 ) ) ;
#3816 = CARTESIAN_POINT ( 'NONE',  ( 105.5903213122420112, -0.3138588207986950929, 4.686141179201304574 ) ) ;
#3817 = CARTESIAN_POINT ( 'NONE',  ( 47.77046193742612701, -4.832344906983800037, 0.1676550930162006015 ) ) ;
#3818 = CARTESIAN_POINT ( 'NONE',  ( 27.37500000000000000, 4.781924292710293578E-16, -3.904737509655564320 ) ) ;
#3819 = CYLINDRICAL_SURFACE ( 'NONE', #4335, 1.000000000000000000 ) ;
#3820 = B_SPLINE_CURVE_WITH_KNOTS ( 'NONE', 3,
 ( #7721, #1407, #1144, #2106, #8155, #8368, #3310, #8888, #721, #6317, #24, #548, #2836, #8409, #2630, #8202 ),
 .UNSPECIFIED., .F., .F.,
 ( 4, 2, 2, 2, 2, 2, 2, 4 ),
 ( 4.818711198520267845E-07, 0.0008765200830206109923, 0.001314539188970990534, 0.001752558294921370075, 0.002190577400871749399, 0.002628596506822128941, 0.003066615612772508482, 0.003504634718722888023 ),
 .UNSPECIFIED. ) ;
#3821 = DIRECTION ( 'NONE',  ( -1.000000000000000000, -0.000000000000000000, -0.000000000000000000 ) ) ;
#3822 = ADVANCED_FACE ( 'NONE', ( #4575 ), #7177, .F. ) ;
#3823 = EDGE_CURVE ( 'NONE', #1745, #4733, #2656, .T. ) ;
#3824 = ORIENTED_EDGE ( 'NONE', *, *, #8199, .F. ) ;
#3825 = CARTESIAN_POINT ( 'NONE',  ( 30.70631021352427936, -0.03993437491703384634, 4.960065625082965113 ) ) ;
#3826 = DIRECTION ( 'NONE',  ( 0.000000000000000000, 0.000000000000000000, 1.000000000000000000 ) ) ;
#3827 = CARTESIAN_POINT ( 'NONE',  ( 35.62500000000000000, 0.000000000000000000, 0.000000000000000000 ) ) ;
#3828 = DATE_AND_TIME ( #3281, #3627 ) ;
#3829 = ORIENTED_EDGE ( 'NONE', *, *, #3706, .F. ) ;
#3830 = DIRECTION ( 'NONE',  ( 0.000000000000000000, 0.000000000000000000, -1.000000000000000000 ) ) ;
#3831 = AXIS2_PLACEMENT_3D ( 'NONE', #1535, #7264, #7903 ) ;
#3832 = ORIENTED_EDGE ( 'NONE', *, *, #805, .F. ) ;
#3833 = DIRECTION ( 'NONE',  ( -1.000000000000000000, -0.000000000000000000, -0.000000000000000000 ) ) ;
#3834 = DIRECTION ( 'NONE',  ( 0.000000000000000000, 0.000000000000000000, 1.000000000000000000 ) ) ;
#3835 = DIRECTION ( 'NONE',  ( 0.000000000000000000, -1.224646799147353207E-16, 1.000000000000000000 ) ) ;
#3836 = CARTESIAN_POINT ( 'NONE',  ( 99.51880044884224219, -4.366408635911685820, -0.6335913640883145126 ) ) ;
#3838 = CARTESIAN_POINT ( 'NONE',  ( 111.6175979694599789, -0.1278684794971786109, 4.872131520502821722 ) ) ;
#3837 = CARTESIAN_POINT ( 'NONE',  ( 55.14736572063979025, -0.9599107665869506256, 4.040089233413050707 ) ) ;
#3839 = CARTESIAN_POINT ( 'NONE',  ( 63.27225720791398800, -4.999999999998968825, 1.030226691987616836E-12 ) ) ;
#3840 = CARTESIAN_POINT ( 'NONE',  ( 27.64877465029930548, -4.041784260359782444, -0.9582157396402183336 ) ) ;
#3841 = CARTESIAN_POINT ( 'NONE',  ( 109.0117275769281946, -4.502552532152180653, -0.4974474678478197909 ) ) ;
#3842 = ORIENTED_EDGE ( 'NONE', *, *, #1335, .F. ) ;
#3843 = CARTESIAN_POINT ( 'NONE',  ( 24.62500000000000000, 0.000000000000000000, 0.000000000000000000 ) ) ;
#3844 = VERTEX_POINT ( 'NONE', #6819 ) ;
#3845 = EDGE_CURVE ( 'NONE', #8126, #5246, #3813, .T. ) ;
#3846 = CARTESIAN_POINT ( 'NONE',  ( 98.87499999999998579, -1.328041165545675195, 3.671958834454324805 ) ) ;
#3847 = FACE_OUTER_BOUND ( 'NONE', #7817, .T. ) ;
#3848 = EDGE_LOOP ( 'NONE', ( #3522, #3935, #2747, #3639 ) ) ;
#3849 = DIRECTION ( 'NONE',  ( -1.000000000000000000, -0.000000000000000000, -0.000000000000000000 ) ) ;
#3850 = CARTESIAN_POINT ( 'NONE',  ( 71.25399883711746440, -1.137203174285774887, -3.862796825714226667 ) ) ;
#3851 = CYLINDRICAL_SURFACE ( 'NONE', #3502, 1.000000000000000000 ) ;
#3852 = AXIS2_PLACEMENT_3D ( 'NONE', #2386, #5173, #5131 ) ;
#3853 = EDGE_CURVE ( 'NONE', #743, #5643, #6625, .T. ) ;
#3854 = CARTESIAN_POINT ( 'NONE',  ( 13.62500000000000000, 1.224646799147353207E-16, -1.000000000000000000 ) ) ;
#3855 = ORIENTED_EDGE ( 'NONE', *, *, #698, .T. ) ;
#3856 = ORIENTED_EDGE ( 'NONE', *, *, #5325, .T. ) ;
#3857 = LINE ( 'NONE', #3174, #1095 ) ;
#3858 = DIRECTION ( 'NONE',  ( 0.000000000000000000, -1.224646799147353207E-16, 1.000000000000000000 ) ) ;
#3859 = CARTESIAN_POINT ( 'NONE',  ( 95.97815646957799629, -5.000000000001025846, 1.024875031947747173E-12 ) ) ;
#3860 = DIRECTION ( 'NONE',  ( -1.000000000000000000, -0.000000000000000000, -0.000000000000000000 ) ) ;
#3861 = DIRECTION ( 'NONE',  ( 0.000000000000000000, -1.000000000000000000, 0.000000000000000000 ) ) ;
#3862 = DIRECTION ( 'NONE',  ( 0.000000000000000000, 0.000000000000000000, -1.000000000000000000 ) ) ;
#3863 = EDGE_LOOP ( 'NONE', ( #4305, #3992, #1672 ) ) ;
#3864 = AXIS2_PLACEMENT_3D ( 'NONE', #8733, #2475, #4477 ) ;
#3865 = CARTESIAN_POINT ( 'NONE',  ( 117.9781564695780105, -5.000000000001025846, 1.024879796508075883E-12 ) ) ;
#3866 = CARTESIAN_POINT ( 'NONE',  ( 41.12500000000000000, 0.000000000000000000, 0.000000000000000000 ) ) ;
#3867 = ORIENTED_EDGE ( 'NONE', *, *, #749, .F. ) ;
#3868 = CARTESIAN_POINT ( 'NONE',  ( 86.53423771780845186, -4.739198801696320018, 0.2608011983036805925 ) ) ;
#3869 = APPROVAL_DATE_TIME ( #6754, #304 ) ;
#3870 = ORIENTED_EDGE ( 'NONE', *, *, #8713, .F. ) ;
#3871 = CARTESIAN_POINT ( 'NONE',  ( 0.000000000000000000, 0.000000000000000000, 0.000000000000000000 ) ) ;
#3872 = ORIENTED_EDGE ( 'NONE', *, *, #6391, .F. ) ;
#3873 = B_SPLINE_CURVE_WITH_KNOTS ( 'NONE', 3,
 ( #6747, #1104, #2499, #3317, #8254, #7338, #8896, #1802, #7474, #3998, #3274, #6837, #8844, #1204, #7516, #2544 ),
 .UNSPECIFIED., .F., .F.,
 ( 4, 2, 2, 2, 2, 2, 2, 4 ),
 ( 4.818711198495826710E-07, 0.0008765200830205836704, 0.001314539188970953237, 0.001752558294921319117, 0.002190577400871685215, 0.002628596506822050878, 0.003066615612772416975, 0.003504634718722782639 ),
 .UNSPECIFIED. ) ;
#3874 = CARTESIAN_POINT ( 'NONE',  ( 19.70631021352427226, -0.03993437491703649700, 4.960065625082964225 ) ) ;
#3875 = CARTESIAN_POINT ( 'NONE',  ( 70.03383637236983361, -0.2517800035653071089, 4.748219996434693613 ) ) ;
#3876 = DIRECTION ( 'NONE',  ( 0.000000000000000000, 0.000000000000000000, 1.000000000000000000 ) ) ;
#3877 = CARTESIAN_POINT ( 'NONE',  ( 24.62500000002790301, -5.000000000000000888, -4.336808689942017736E-16 ) ) ;
#3878 = B_SPLINE_CURVE_WITH_KNOTS ( 'NONE', 3,
 ( #6256, #4877, #2053, #7628, #13, #525, #4150, #3337, #6137, #8917, #2659, #5446 ),
 .UNSPECIFIED., .F., .F.,
 ( 4, 2, 2, 2, 2, 4 ),
 ( 0.003504634718750251551, 0.003941423334025134263, 0.004378211949300016975, 0.005251789179849782399, 0.006125366410399546956, 0.006998943640949312379 ),
 .UNSPECIFIED. ) ;
#3880 = CARTESIAN_POINT ( 'NONE',  ( 110.5237495462865098, -0.6401341107417616305, 4.359865889258237814 ) ) ;
#3879 = CARTESIAN_POINT ( 'NONE',  ( 87.87500000000000000, -3.671958834454344345, -1.328041165545655877 ) ) ;
#3881 = CARTESIAN_POINT ( 'NONE',  ( 65.75378377920364414, -3.863136006093118358, 1.136863993906882531 ) ) ;
#3882 = CARTESIAN_POINT ( 'NONE',  ( 27.37500000000000000, -3.671958834454336351, -1.328041165545663871 ) ) ;
#3883 = DIRECTION ( 'NONE',  ( 0.000000000000000000, 0.000000000000000000, 1.000000000000000000 ) ) ;
#3884 = EDGE_LOOP ( 'NONE', ( #7105, #5410, #860 ) ) ;
#3885 = CARTESIAN_POINT ( 'NONE',  ( 47.21113448347798425, -4.959369330381701246, -0.04063066961829844836 ) ) ;
#3886 = EDGE_LOOP ( 'NONE', ( #6792, #8165, #5959, #5583 ) ) ;
#3887 = B_SPLINE_CURVE_WITH_KNOTS ( 'NONE', 3,
 ( #1984, #4990, #6369, #78, #6512, #959, #2299, #5829, #5730, #268, #7146, #8517 ),
 .UNSPECIFIED., .F., .F.,
 ( 4, 2, 2, 2, 2, 4 ),
 ( 0.003504634718750216857, 0.003941423334025103906, 0.004378211949299990087, 0.005251789179849764184, 0.006125366410399537415, 0.006998943640949311512 ),
 .UNSPECIFIED. ) ;
#3888 = CARTESIAN_POINT ( 'NONE',  ( 83.23827242307173435, -0.4974474678478693068, -4.502552532152130027 ) ) ;
#3889 = CARTESIAN_POINT ( 'NONE',  ( 16.37499999999999645, 0.000000000000000000, 0.000000000000000000 ) ) ;
#3890 = ORIENTED_EDGE ( 'NONE', *, *, #6989, .F. ) ;
#3891 = ADVANCED_FACE ( 'NONE', ( #4618 ), #6164, .T. ) ;
#3892 = DIRECTION ( 'NONE',  ( 0.000000000000000000, 0.000000000000000000, 1.000000000000000000 ) ) ;
#3893 = CARTESIAN_POINT ( 'NONE',  ( 87.87500000000000000, -3.671958834454344345, 1.328041165545655877 ) ) ;
#3894 = AXIS2_PLACEMENT_3D ( 'NONE', #6830, #2878, #7420 ) ;
#3895 = CARTESIAN_POINT ( 'NONE',  ( 53.53383637236985493, -0.2517800035653031121, -4.748219996434697165 ) ) ;
#3896 = AXIS2_PLACEMENT_3D ( 'NONE', #7272, #7955, #1681 ) ;
#3897 = ADVANCED_FACE ( 'NONE', ( #5956 ), #8633, .T. ) ;
#3898 = B_SPLINE_CURVE_WITH_KNOTS ( 'NONE', 3,
 ( #5427, #7514, #8251, #1244, #4043, #6161, #8943, #7564, #5773, #3701, #997, #2380, #2290, #907, #3799, #212 ),
 .UNSPECIFIED., .F., .F.,
 ( 4, 2, 2, 2, 2, 2, 2, 4 ),
 ( 4.818711198444658508E-07, 0.0008765200830274302987, 0.001314539188981223234, 0.001752558294935016277, 0.002190577400888809104, 0.002628596506842601713, 0.003066615612796394757, 0.003504634718750187800 ),
 .UNSPECIFIED. ) ;
#3899 = CARTESIAN_POINT ( 'NONE',  ( 49.64877465030176751, -4.041784260362666359, -0.9582157396373344183 ) ) ;
#3900 = AXIS2_PLACEMENT_3D ( 'NONE', #9014, #4933, #5588 ) ;
#3901 = ORIENTED_EDGE ( 'NONE', *, *, #4622, .F. ) ;
#3902 = ORIENTED_EDGE ( 'NONE', *, *, #8935, .F. ) ;
#3903 = DIRECTION ( 'NONE',  ( -1.000000000000000000, -0.000000000000000000, -0.000000000000000000 ) ) ;
#3904 = DIRECTION ( 'NONE',  ( 0.000000000000000000, 0.000000000000000000, -1.000000000000000000 ) ) ;
#3905 = CARTESIAN_POINT ( 'NONE',  ( 45.25000000000000000, 1.224646799147353207E-16, -1.000000000000000000 ) ) ;
#3906 = EDGE_CURVE ( 'NONE', #2047, #8737, #5470, .T. ) ;
#3907 = EDGE_CURVE ( 'NONE', #355, #918, #1461, .T. ) ;
#3908 = AXIS2_PLACEMENT_3D ( 'NONE', #8414, #6890, #3997 ) ;
#3909 = ADVANCED_FACE ( 'NONE', ( #1746 ), #1325, .T. ) ;
#3910 = DIRECTION ( 'NONE',  ( -1.000000000000000000, -0.000000000000000000, -0.000000000000000000 ) ) ;
#3911 = CC_DESIGN_DATE_AND_TIME_ASSIGNMENT ( #8304, #2085, ( #8895 ) ) ;
#3912 = VERTEX_POINT ( 'NONE', #1645 ) ;
#3913 = UNCERTAINTY_MEASURE_WITH_UNIT (LENGTH_MEASURE( 1.000000000000000082E-05 ), #5804, 'distance_accuracy_value', 'NONE');
#3914 = AXIS2_PLACEMENT_3D ( 'NONE', #5924, #6020, #4591 ) ;
#3915 = DIRECTION ( 'NONE',  ( 0.000000000000000000, 0.000000000000000000, 1.000000000000000000 ) ) ;
#3916 = VERTEX_POINT ( 'NONE', #5132 ) ;
#3917 = CARTESIAN_POINT ( 'NONE',  ( 80.20631021352427581, -0.03993437491703637210, -4.960065625082964225 ) ) ;
#3918 = EDGE_CURVE ( 'NONE', #5249, #7639, #7607, .T. ) ;
#3919 = DATE_AND_TIME ( #3781, #3053 ) ;
#3920 = EDGE_LOOP ( 'NONE', ( #5479, #3325, #792 ) ) ;
#3921 = AXIS2_PLACEMENT_3D ( 'NONE', #3443, #3402, #540 ) ;
#3922 = CARTESIAN_POINT ( 'NONE',  ( 6.978219415700309902, -4.840676868225203933, -0.1593231317747938192 ) ) ;
#3923 = EDGE_LOOP ( 'NONE', ( #8761, #8551, #5491 ) ) ;
#3924 = CARTESIAN_POINT ( 'NONE',  ( 75.13240203055842414, -4.872131520497874568, 0.1278684795021269582 ) ) ;
#3925 = LOCAL_TIME ( 19, 56, 48.00000000000000000, #2818 ) ;
#3926 = FACE_OUTER_BOUND ( 'NONE', #1172, .T. ) ;
#3927 = CARTESIAN_POINT ( 'NONE',  ( 30.12500000000000000, 1.224646799147353207E-16, -1.000000000000000000 ) ) ;
#3928 = CARTESIAN_POINT ( 'NONE',  ( 122.0948660872095246, -4.688202580618360038, 0.3117974193816407946 ) ) ;
#3930 = CARTESIAN_POINT ( 'NONE',  ( 80.77178058431638874, -0.1593231317801523939, 4.840676868219848217 ) ) ;
#3929 = DIRECTION ( 'NONE',  ( -1.000000000000000000, -0.000000000000000000, -0.000000000000000000 ) ) ;
#3931 = CARTESIAN_POINT ( 'NONE',  ( 63.42125362938303113, -4.991698401479152558, 0.008301598520846917989 ) ) ;
#3932 = DIRECTION ( 'NONE',  ( -1.000000000000000000, -0.000000000000000000, -0.000000000000000000 ) ) ;
#3933 = TOROIDAL_SURFACE ( 'NONE', #5687, 1.000000000000000000, 4.000000000000000000 ) ;
#3934 = CARTESIAN_POINT ( 'NONE',  ( 54.87499999999999289, -3.671958834454339904, -1.328041165545660318 ) ) ;
#3935 = ORIENTED_EDGE ( 'NONE', *, *, #2627, .F. ) ;
#3936 = CARTESIAN_POINT ( 'NONE',  ( 27.37500000000000000, -3.671958834454336351, -1.328041165545663871 ) ) ;
#3937 = ORIENTED_EDGE ( 'NONE', *, *, #3445, .F. ) ;
#3938 = VECTOR ( 'NONE', #3110, 1000.000000000000000 ) ;
#3940 = CARTESIAN_POINT ( 'NONE',  ( 13.62500000000000000, 0.000000000000000000, 0.000000000000000000 ) ) ;
#3939 = AXIS2_PLACEMENT_3D ( 'NONE', #1273, #4072, #3434 ) ;
#3941 = EDGE_CURVE ( 'NONE', #3979, #4402, #3809, .T. ) ;
#3942 = CARTESIAN_POINT ( 'NONE',  ( 8.272257207913867205, -4.999999999998974154, -1.025576692865424915E-12 ) ) ;
#3943 = ORIENTED_EDGE ( 'NONE', *, *, #5549, .F. ) ;
#3944 = FACE_OUTER_BOUND ( 'NONE', #2291, .T. ) ;
#3945 = DIRECTION ( 'NONE',  ( 0.000000000000000000, 0.000000000000000000, 1.000000000000000000 ) ) ;
#3946 = CARTESIAN_POINT ( 'NONE',  ( 35.62500000000000000, 0.000000000000000000, 1.000000000000000000 ) ) ;
#3947 = AXIS2_PLACEMENT_3D ( 'NONE', #8291, #5554, #3576 ) ;
#3948 = CARTESIAN_POINT ( 'NONE',  ( 118.1249999999999858, 0.000000000000000000, 0.000000000000000000 ) ) ;
#3949 = DIRECTION ( 'NONE',  ( -1.000000000000000000, -0.000000000000000000, -0.000000000000000000 ) ) ;
#3950 = AXIS2_PLACEMENT_3D ( 'NONE', #6984, #7115, #3505 ) ;
#3951 = ORIENTED_EDGE ( 'NONE', *, *, #1124, .T. ) ;
#3952 = CARTESIAN_POINT ( 'NONE',  ( 50.75000000000000000, 0.000000000000000000, 1.000000000000000000 ) ) ;
#3953 = CARTESIAN_POINT ( 'NONE',  ( 54.87499999999999289, 0.000000000000000000, 0.000000000000000000 ) ) ;
#3954 = CARTESIAN_POINT ( 'NONE',  ( 109.8749999999999858, -1.328041165545655877, -3.671958834454344345 ) ) ;
#3955 = CIRCLE ( 'NONE', #2350, 1.000000000000000000 ) ;
#3956 = ADVANCED_FACE ( 'NONE', ( #7192 ), #5870, .T. ) ;
#3957 = DIRECTION ( 'NONE',  ( 0.000000000000000000, 0.000000000000000000, 1.000000000000000000 ) ) ;
#3958 = CARTESIAN_POINT ( 'NONE',  ( 45.47953806259079812, -0.1676550930109043380, -4.832344906989096245 ) ) ;
#3959 = AXIS2_PLACEMENT_3D ( 'NONE', #1351, #1392, #2912 ) ;
#3960 = EDGE_CURVE ( 'NONE', #4120, #3844, #5014, .T. ) ;
#3961 = ORIENTED_EDGE ( 'NONE', *, *, #7934, .T. ) ;
#3962 = CARTESIAN_POINT ( 'NONE',  ( 32.60122534970069097, -0.9582157396401951299, 4.041784260359805536 ) ) ;
#3963 = DIRECTION ( 'NONE',  ( 0.000000000000000000, 0.000000000000000000, 1.000000000000000000 ) ) ;
#3964 = ORIENTED_EDGE ( 'NONE', *, *, #3304, .T. ) ;
#3965 = CARTESIAN_POINT ( 'NONE',  ( 85.12500000002799538, -5.000000000000000888, -4.336808689942017736E-16 ) ) ;
#3966 = DATE_AND_TIME ( #1071, #6262 ) ;
#3967 = ORIENTED_EDGE ( 'NONE', *, *, #6389, .F. ) ;
#3968 = CARTESIAN_POINT ( 'NONE',  ( 31.50000000000000000, 0.000000000000000000, 0.000000000000000000 ) ) ;
#3969 = VERTEX_POINT ( 'NONE', #7962 ) ;
#3970 = CARTESIAN_POINT ( 'NONE',  ( 17.23123519307649332, -4.508466212583667421, -0.4915337874163328014 ) ) ;
#3971 = CARTESIAN_POINT ( 'NONE',  ( 68.91746587457268447, -0.008042224642539775453, 4.991957775357460214 ) ) ;
#3972 = CARTESIAN_POINT ( 'NONE',  ( 105.7500000000000000, 0.000000000000000000, 0.000000000000000000 ) ) ;
#3973 = CARTESIAN_POINT ( 'NONE',  ( 121.1502776777137314, -4.043148172725536504, 0.9568518272744624964 ) ) ;
#3974 = FACE_OUTER_BOUND ( 'NONE', #1116, .T. ) ;
#3975 = AXIS2_PLACEMENT_3D ( 'NONE', #5644, #2126, #3583 ) ;
#3976 = CARTESIAN_POINT ( 'NONE',  ( 63.71113448347813346, -4.959369330381671936, 0.04063066961832770274 ) ) ;
#3977 = DIRECTION ( 'NONE',  ( 0.000000000000000000, 0.000000000000000000, 1.000000000000000000 ) ) ;
#3978 = DIRECTION ( 'NONE',  ( 0.000000000000000000, 0.000000000000000000, 1.000000000000000000 ) ) ;
#3979 = VERTEX_POINT ( 'NONE', #1091 ) ;
#3980 = DIRECTION ( 'NONE',  ( 0.000000000000000000, 0.000000000000000000, -1.000000000000000000 ) ) ;
#3981 = DIRECTION ( 'NONE',  ( -1.000000000000000000, -0.000000000000000000, -0.000000000000000000 ) ) ;
#3982 = EDGE_LOOP ( 'NONE', ( #3581, #6224, #3099 ) ) ;
#3983 = CARTESIAN_POINT ( 'NONE',  ( 94.75000000000000000, 0.000000000000000000, 0.000000000000000000 ) ) ;
#3984 = CARTESIAN_POINT ( 'NONE',  ( 17.75000000000000000, 1.224646799147353207E-16, -1.000000000000000000 ) ) ;
#3985 = ORIENTED_EDGE ( 'NONE', *, *, #7686, .T. ) ;
#3986 = FACE_OUTER_BOUND ( 'NONE', #3328, .T. ) ;
#3987 = FACE_OUTER_BOUND ( 'NONE', #3886, .T. ) ;
#3988 = ADVANCED_FACE ( 'NONE', ( #1690 ), #6887, .T. ) ;
#3989 = DIRECTION ( 'NONE',  ( 0.000000000000000000, 0.000000000000000000, 1.000000000000000000 ) ) ;
#3990 = DIRECTION ( 'NONE',  ( -1.000000000000000000, -0.000000000000000000, -0.000000000000000000 ) ) ;
#3991 = CARTESIAN_POINT ( 'NONE',  ( 11.51880044884222620, -4.366408635911674274, 0.6335913640883247266 ) ) ;
#3992 = ORIENTED_EDGE ( 'NONE', *, *, #4136, .T. ) ;
#3993 = CARTESIAN_POINT ( 'NONE',  ( 52.12499999999978684, 2.837560127215673901E-13, -5.000000000000283329 ) ) ;
#3994 = CARTESIAN_POINT ( 'NONE',  ( 29.97815646955138291, -5.000000000000002665, -1.647761426725337523E-15 ) ) ;
#3995 = CIRCLE ( 'NONE', #31, 1.000000000000000000 ) ;
#3996 = CARTESIAN_POINT ( 'NONE',  ( 103.5187648069320545, -0.4915337874217386438, -4.508466212578261967 ) ) ;
#3997 = DIRECTION ( 'NONE',  ( 0.000000000000000000, 0.000000000000000000, 1.000000000000000000 ) ) ;
#3998 = CARTESIAN_POINT ( 'NONE',  ( 14.77046193742620694, -4.832344906983778721, -0.1676550930162218345 ) ) ;
#3999 = EDGE_CURVE ( 'NONE', #203, #2951, #7280, .T. ) ;
#4000 = ORIENTED_EDGE ( 'NONE', *, *, #8821, .F. ) ;
#4001 = ORIENTED_EDGE ( 'NONE', *, *, #2672, .F. ) ;
#4002 = CARTESIAN_POINT ( 'NONE',  ( 117.3994018660066700, -4.935956332723949735, -0.06404366727605177723 ) ) ;
#4003 = DIRECTION ( 'NONE',  ( 0.000000000000000000, 0.000000000000000000, 1.000000000000000000 ) ) ;
#4004 = ORIENTED_EDGE ( 'NONE', *, *, #4407, .T. ) ;
#4005 = CARTESIAN_POINT ( 'NONE',  ( 50.71616362764437014, -4.748219996440549373, 0.2517800035594505714 ) ) ;
#4006 = B_SPLINE_CURVE_WITH_KNOTS ( 'NONE', 3,
 ( #381, #7358, #3837, #7313, #3112, #5904, #8779, #8680, #1079, #904, #6545, #6635, #2377, #1779, #947, #1677 ),
 .UNSPECIFIED., .F., .F.,
 ( 4, 2, 2, 2, 2, 2, 2, 4 ),
 ( 4.818711198555901463E-07, 0.0008765200830274415744, 0.001314539188981233859, 0.001752558294935026469, 0.002190577400888819078, 0.002628596506842610821, 0.003066615612796403430, 0.003504634718750195607 ),
 .UNSPECIFIED. ) ;
#4007 = EDGE_CURVE ( 'NONE', #3916, #1874, #280, .T. ) ;
#4008 = APPROVAL_DATE_TIME ( #3828, #3009 ) ;
#4009 = ORIENTED_EDGE ( 'NONE', *, *, #6050, .F. ) ;
#4010 = CARTESIAN_POINT ( 'NONE',  ( 97.89842623724028670, -4.567820679626460212, -0.4321793203735402322 ) ) ;
#4011 = EDGE_CURVE ( 'NONE', #5922, #4803, #6341, .T. ) ;
#4012 = ORIENTED_EDGE ( 'NONE', *, *, #5696, .T. ) ;
#4013 = TOROIDAL_SURFACE ( 'NONE', #4445, 1.000000000000000000, 3.999999999999996447 ) ;
#4014 = DIRECTION ( 'NONE',  ( 0.000000000000000000, 0.000000000000000000, 1.000000000000000000 ) ) ;
#4015 = DIRECTION ( 'NONE',  ( 0.000000000000000000, -1.000000000000000000, 0.000000000000000000 ) ) ;
#4016 = CARTESIAN_POINT ( 'NONE',  ( 92.73119955116401059, -0.6335913640930996849, -4.366408635906901203 ) ) ;
#4017 = CARTESIAN_POINT ( 'NONE',  ( 71.37500000000000000, 0.000000000000000000, 0.000000000000000000 ) ) ;
#4018 = CARTESIAN_POINT ( 'NONE',  ( 26.00000000000000355, 1.224646799147353207E-16, -1.000000000000000000 ) ) ;
#4019 = TOROIDAL_SURFACE ( 'NONE', #2998, 1.000000000000000000, 3.999999999999997335 ) ;
#4020 = CARTESIAN_POINT ( 'NONE',  ( 111.2161636276444909, -4.748219996440589341, 0.2517800035594118246 ) ) ;
#4021 = ADVANCED_FACE ( 'NONE', ( #3986 ), #8792, .T. ) ;
#4022 = CARTESIAN_POINT ( 'NONE',  ( 52.71113448347799846, -4.959369330381699470, -0.04063066961830186230 ) ) ;
#4023 = ORIENTED_EDGE ( 'NONE', *, *, #6205, .F. ) ;
#4024 = ADVANCED_FACE ( 'NONE', ( #2021 ), #2936, .T. ) ;
#4025 = EDGE_CURVE ( 'NONE', #5041, #6901, #2500, .T. ) ;
#4026 = CARTESIAN_POINT ( 'NONE',  ( 90.77225720791400931, -4.999999999998968825, -1.033198507083057943E-12 ) ) ;
#4027 = ORIENTED_EDGE ( 'NONE', *, *, #2959, .F. ) ;
#4028 = DIRECTION ( 'NONE',  ( 0.000000000000000000, 0.000000000000000000, 1.000000000000000000 ) ) ;
#4029 = CARTESIAN_POINT ( 'NONE',  ( 8.421253629382933426, -4.991698401479163216, -0.008301598520836579037 ) ) ;
#4030 = VERTEX_POINT ( 'NONE', #4124 ) ;
#4031 = CARTESIAN_POINT ( 'NONE',  ( 0.000000000000000000, 1.224646799147353207E-16, -1.000000000000000000 ) ) ;
#4032 = DIRECTION ( 'NONE',  ( 0.000000000000000000, 0.000000000000000000, 1.000000000000000000 ) ) ;
#4033 = CARTESIAN_POINT ( 'NONE',  ( 66.42277126958471456, -0.7176137099602905023, 4.282386290039709387 ) ) ;
#4034 = AXIS2_PLACEMENT_3D ( 'NONE', #8833, #7327, #1748 ) ;
#4035 = DIRECTION ( 'NONE',  ( -1.000000000000000000, -0.000000000000000000, -0.000000000000000000 ) ) ;
#4036 = EDGE_CURVE ( 'NONE', #2718, #4296, #7649, .T. ) ;
#4037 = FACE_OUTER_BOUND ( 'NONE', #3651, .T. ) ;
#4038 = CARTESIAN_POINT ( 'NONE',  ( 10.99600116288350193, -3.862796825715731242, 1.137203174284268981 ) ) ;
#4039 = VERTEX_POINT ( 'NONE', #7551 ) ;
#4040 = CARTESIAN_POINT ( 'NONE',  ( 77.52374954628649562, -0.6401341107417677367, 4.359865889258232485 ) ) ;
#4041 = AXIS2_PLACEMENT_3D ( 'NONE', #8510, #8601, #5908 ) ;
#4042 = CARTESIAN_POINT ( 'NONE',  ( 16.37499999999999645, -3.671958834454337683, 1.328041165545662539 ) ) ;
#4043 = CARTESIAN_POINT ( 'NONE',  ( 50.02374954628650272, -0.6401341107417604093, 4.359865889258240479 ) ) ;
#4044 = CARTESIAN_POINT ( 'NONE',  ( 45.09032131224201123, -0.3138588207986857670, -4.686141179201316120 ) ) ;
#4045 = TOROIDAL_SURFACE ( 'NONE', #8861, 1.000000000000000000, 4.000000000000001776 ) ;
#4046 = AXIS2_PLACEMENT_3D ( 'NONE', #6854, #4262, #4947 ) ;
#4047 = VERTEX_POINT ( 'NONE', #1278 ) ;
#4048 = VERTEX_POINT ( 'NONE', #637 ) ;
#4049 = CARTESIAN_POINT ( 'NONE',  ( 32.87500000000000000, -1.328041165545665425, 3.671958834454334575 ) ) ;
#4050 = DIRECTION ( 'NONE',  ( 0.000000000000000000, 0.000000000000000000, 1.000000000000000000 ) ) ;
#4051 = TOROIDAL_SURFACE ( 'NONE', #8425, 1.000000000000000000, 3.999999999999996447 ) ;
#4052 = VERTEX_POINT ( 'NONE', #5312 ) ;
#4053 = CARTESIAN_POINT ( 'NONE',  ( 49.49600116288350193, -3.862796825715725912, 1.137203174284274976 ) ) ;
#4054 = ORIENTED_EDGE ( 'NONE', *, *, #980, .F. ) ;
#4055 = CARTESIAN_POINT ( 'NONE',  ( 5.375000000000000000, -3.671958834454335019, -1.328041165545665425 ) ) ;
#4056 = ORIENTED_EDGE ( 'NONE', *, *, #7974, .F. ) ;
#4057 = TOROIDAL_SURFACE ( 'NONE', #2604, 1.000000000000000000, 1.374999999999994227 ) ;
#4058 = CARTESIAN_POINT ( 'NONE',  ( 120.8749999999999858, -1.328041165545675195, -3.671958834454324805 ) ) ;
#4059 = CARTESIAN_POINT ( 'NONE',  ( 5.496216220797294660, -1.136863993905377956, 3.863136006094622488 ) ) ;
#4060 = CARTESIAN_POINT ( 'NONE',  ( 122.6170752194650504, -0.1280093952431847482, 4.871990604756817334 ) ) ;
#4061 = CARTESIAN_POINT ( 'NONE',  ( 72.23123519307654306, -4.508466212583692290, 0.4915337874163090981 ) ) ;
#4062 = CARTESIAN_POINT ( 'NONE',  ( 108.4999999999999858, 0.000000000000000000, 1.000000000000000000 ) ) ;
#4063 = CARTESIAN_POINT ( 'NONE',  ( 60.10263427936254033, -4.040089233410284031, 0.9599107665897139707 ) ) ;
#4064 = CARTESIAN_POINT ( 'NONE',  ( 43.99621622079727956, -1.136863993905375514, 3.863136006094625596 ) ) ;
#4065 = AXIS2_PLACEMENT_3D ( 'NONE', #4609, #3929, #2517 ) ;
#4066 = CARTESIAN_POINT ( 'NONE',  ( 0.000000000000000000, 0.000000000000000000, 0.000000000000000000 ) ) ;
#4067 = VERTEX_POINT ( 'NONE', #8281 ) ;
#4068 = ADVANCED_FACE ( 'NONE', ( #6102 ), #5706, .T. ) ;
#4069 = CARTESIAN_POINT ( 'NONE',  ( 74.85059813401477413, -0.06404366728011004484, 4.935956332719890760 ) ) ;
#4070 = AXIS2_PLACEMENT_3D ( 'NONE', #5798, #7252, #7116 ) ;
#4071 = CC_DESIGN_APPROVAL ( #8496, ( #4651 ) ) ;
#4072 = DIRECTION ( 'NONE',  ( -1.000000000000000000, -0.000000000000000000, -0.000000000000000000 ) ) ;
#4073 = ORIENTED_EDGE ( 'NONE', *, *, #6991, .T. ) ;
#4074 = CARTESIAN_POINT ( 'NONE',  ( 0.000000000000000000, 0.000000000000000000, 0.000000000000000000 ) ) ;
#4075 = CARTESIAN_POINT ( 'NONE',  ( 101.6249999999997868, 2.819348912645851850E-13, -5.000000000000282441 ) ) ;
#4076 = ORIENTED_EDGE ( 'NONE', *, *, #2701, .T. ) ;
#4077 = EDGE_CURVE ( 'NONE', #7481, #6642, #1616, .T. ) ;
#4078 = CARTESIAN_POINT ( 'NONE',  ( 74.12500000000000000, 0.000000000000000000, 1.000000000000000000 ) ) ;
#4079 = TOROIDAL_SURFACE ( 'NONE', #8014, 1.000000000000000000, 1.375000000000001332 ) ;
#4080 = CARTESIAN_POINT ( 'NONE',  ( 114.1596786877705227, -4.686141179195659312, -0.3138588208043388561 ) ) ;
#4081 = CARTESIAN_POINT ( 'NONE',  ( 29.39665234915598191, -0.06459124882791852928, 4.935408751172079889 ) ) ;
#4082 = AXIS2_PLACEMENT_3D ( 'NONE', #6090, #6675, #1824 ) ;
#4083 = VECTOR ( 'NONE', #7085, 1000.000000000000000 ) ;
#4084 = DIRECTION ( 'NONE',  ( -1.000000000000000000, -0.000000000000000000, -0.000000000000000000 ) ) ;
#4085 = ORIENTED_EDGE ( 'NONE', *, *, #6986, .F. ) ;
#4086 = CARTESIAN_POINT ( 'NONE',  ( 10.87500000000000000, -3.671958834454336795, 1.328041165545663649 ) ) ;
#4087 = CARTESIAN_POINT ( 'NONE',  ( 3.106338970012577860, -4.967659993883050795, 0.03234000611695033583 ) ) ;
#4088 = AXIS2_PLACEMENT_3D ( 'NONE', #7103, #7147, #3711 ) ;
#4089 = CARTESIAN_POINT ( 'NONE',  ( 21.87500000000000000, -3.671958834454335019, 1.328041165545665203 ) ) ;
#4090 = CARTESIAN_POINT ( 'NONE',  ( 13.62500000000000000, 1.224646799147353207E-16, -1.000000000000000000 ) ) ;
#4091 = CARTESIAN_POINT ( 'NONE',  ( 49.37500000000000000, 0.000000000000000000, 3.904737509655562544 ) ) ;
#4092 = AXIS2_PLACEMENT_3D ( 'NONE', #150, #6573, #4501 ) ;
#4093 = AXIS2_PLACEMENT_3D ( 'NONE', #4725, #8800, #6693 ) ;
#4094 = ORIENTED_EDGE ( 'NONE', *, *, #1124, .F. ) ;
#4095 = ORIENTED_EDGE ( 'NONE', *, *, #1710, .F. ) ;
#4096 = CARTESIAN_POINT ( 'NONE',  ( 118.1249999999997726, 2.821161565220927584E-13, 5.000000000000282441 ) ) ;
#4097 = CARTESIAN_POINT ( 'NONE',  ( 60.25399883711746440, -1.137203174285768004, 3.862796825714232440 ) ) ;
#4098 = VERTEX_POINT ( 'NONE', #5359 ) ;
#4099 = CARTESIAN_POINT ( 'NONE',  ( 112.6249999999998010, 2.822966390599457035E-13, -5.000000000000282441 ) ) ;
#4100 = AXIS2_PLACEMENT_3D ( 'NONE', #1052, #3849, #2298 ) ;
#4101 = EDGE_CURVE ( 'NONE', #7925, #4639, #8778, .T. ) ;
#4102 = CALENDAR_DATE ( 2026, 21, 2 ) ;
#4103 = ORIENTED_EDGE ( 'NONE', *, *, #6015, .T. ) ;
#4104 = CARTESIAN_POINT ( 'NONE',  ( 107.1250000000000000, 0.000000000000000000, 0.000000000000000000 ) ) ;
#4105 = EDGE_CURVE ( 'NONE', #6410, #5598, #3666, .T. ) ;
#4106 = CARTESIAN_POINT ( 'NONE',  ( 112.6250000000279954, -5.000000000000000888, -4.336808689942017736E-16 ) ) ;
#4107 = B_SPLINE_CURVE_WITH_KNOTS ( 'NONE', 3,
 ( #6035, #1861, #1115, #6756, #6128, #3922, #8908, #1957, #7529, #1257, #5990, #4055 ),
 .UNSPECIFIED., .F., .F.,
 ( 4, 2, 2, 2, 2, 4 ),
 ( 0.003504634718722824272, 0.003941423334001133497, 0.004378211949279440553, 0.005251789179836053797, 0.006125366410392667910, 0.006998943640949282022 ),
 .UNSPECIFIED. ) ;
#4108 = CARTESIAN_POINT ( 'NONE',  ( 56.21616362764436303, -4.748219996440552038, 0.2517800035594475738 ) ) ;
#4109 = EDGE_CURVE ( 'NONE', #8126, #1595, #1137, .T. ) ;
#4110 = DIRECTION ( 'NONE',  ( -1.000000000000000000, -0.000000000000000000, -0.000000000000000000 ) ) ;
#4111 = CARTESIAN_POINT ( 'NONE',  ( 8.421253629382933426, -4.991698401479164104, 0.008301598520836409034 ) ) ;
#4112 = CIRCLE ( 'NONE', #1330, 1.374999999999994227 ) ;
#4113 = CYLINDRICAL_SURFACE ( 'NONE', #2577, 1.000000000000000000 ) ;
#4114 = CARTESIAN_POINT ( 'NONE',  ( 59.82722873042054346, -4.282386290035431919, 0.7176137099645686357 ) ) ;
#4115 = CARTESIAN_POINT ( 'NONE',  ( 28.71576228220553517, -0.2608011982980489307, -4.739198801701950181 ) ) ;
#4116 = DIRECTION ( 'NONE',  ( 0.000000000000000000, 0.000000000000000000, 1.000000000000000000 ) ) ;
#4117 = ORIENTED_EDGE ( 'NONE', *, *, #1026, .F. ) ;
#4118 = DIRECTION ( 'NONE',  ( 0.000000000000000000, 0.000000000000000000, 1.000000000000000000 ) ) ;
#4119 = CARTESIAN_POINT ( 'NONE',  ( 61.01880044884224930, -4.366408635911696479, 0.6335913640883046316 ) ) ;
#4120 = VERTEX_POINT ( 'NONE', #3352 ) ;
#4121 = ADVANCED_FACE ( 'NONE', ( #3944 ), #3091, .F. ) ;
#4122 = DIRECTION ( 'NONE',  ( -1.000000000000000000, -0.000000000000000000, -0.000000000000000000 ) ) ;
#4123 = ORIENTED_EDGE ( 'NONE', *, *, #3999, .F. ) ;
#4124 = CARTESIAN_POINT ( 'NONE',  ( 43.87500000000000000, -3.671958834454339460, 1.328041165545660540 ) ) ;
#4125 = FACE_OUTER_BOUND ( 'NONE', #2424, .T. ) ;
#4126 = DIRECTION ( 'NONE',  ( 0.000000000000000000, 0.000000000000000000, 1.000000000000000000 ) ) ;
#4127 = CARTESIAN_POINT ( 'NONE',  ( 68.62499999999998579, 0.000000000000000000, 0.000000000000000000 ) ) ;
#4128 = EDGE_CURVE ( 'NONE', #4906, #2356, #3611, .T. ) ;
#4129 = CIRCLE ( 'NONE', #5448, 1.000000000000000000 ) ;
#4130 = DIRECTION ( 'NONE',  ( 0.000000000000000000, 0.000000000000000000, 1.000000000000000000 ) ) ;
#4131 = CARTESIAN_POINT ( 'NONE',  ( 24.62500000000000000, 1.224646799147353207E-16, -1.000000000000000000 ) ) ;
#4132 = CARTESIAN_POINT ( 'NONE',  ( 104.4960011628825640, -3.862796825714211568, 1.137203174285788432 ) ) ;
#4133 = EDGE_CURVE ( 'NONE', #2247, #5805, #4329, .T. ) ;
#4134 = EDGE_CURVE ( 'NONE', #3979, #2260, #7722, .T. ) ;
#4135 = CARTESIAN_POINT ( 'NONE',  ( 109.3272287304152286, -4.282386290039756460, 0.7176137099602448721 ) ) ;
#4136 = EDGE_CURVE ( 'NONE', #5694, #879, #6572, .T. ) ;
#4137 = TOROIDAL_SURFACE ( 'NONE', #465, 1.000000000000000000, 3.999999999999997335 ) ;
#4138 = ORIENTED_EDGE ( 'NONE', *, *, #7087, .F. ) ;
#4139 = ORIENTED_EDGE ( 'NONE', *, *, #2335, .T. ) ;
#4140 = CARTESIAN_POINT ( 'NONE',  ( 116.7157622822055458, -0.2608011982980491528, 4.739198801701950181 ) ) ;
#4141 = ORIENTED_EDGE ( 'NONE', *, *, #494, .T. ) ;
#4142 = CARTESIAN_POINT ( 'NONE',  ( 123.6249999999999858, -5.000000000000000888, -4.336808689942017736E-16 ) ) ;
#4143 = APPROVAL_ROLE ( '' ) ;
#4144 = EDGE_LOOP ( 'NONE', ( #59, #8732, #2796, #4664 ) ) ;
#4145 = DIRECTION ( 'NONE',  ( 0.000000000000000000, -1.000000000000000000, 0.000000000000000000 ) ) ;
#4146 = CARTESIAN_POINT ( 'NONE',  ( 55.14877465030176751, -4.041784260362667247, 0.9582157396373326419 ) ) ;
#4147 = CARTESIAN_POINT ( 'NONE',  ( 65.01876480693205451, -0.4915337874217339809, -4.508466212578267296 ) ) ;
#4148 = DIRECTION ( 'NONE',  ( 0.000000000000000000, 0.000000000000000000, -1.000000000000000000 ) ) ;
#4149 = CARTESIAN_POINT ( 'NONE',  ( 39.59032131224201123, -0.3138588207986882095, 4.686141179201311679 ) ) ;
#4150 = CARTESIAN_POINT ( 'NONE',  ( 86.53383637236986203, -0.2517800035653036117, -4.748219996434697165 ) ) ;
#4151 = DIRECTION ( 'NONE',  ( -0.000000000000000000, 1.000000000000000000, 1.224646799147353207E-16 ) ) ;
#4152 = DIRECTION ( 'NONE',  ( -1.000000000000000000, -0.000000000000000000, -0.000000000000000000 ) ) ;
#4153 = VERTEX_POINT ( 'NONE', #7640 ) ;
#4154 = CIRCLE ( 'NONE', #5920, 3.904737509655562544 ) ;
#4155 = CARTESIAN_POINT ( 'NONE',  ( 0.000000000000000000, 0.000000000000000000, 1.000000000000000000 ) ) ;
#4156 = CARTESIAN_POINT ( 'NONE',  ( 111.6175979694599789, -0.1278684794971785554, -4.872131520502821722 ) ) ;
#4157 = VERTEX_POINT ( 'NONE', #5716 ) ;
#4158 = CARTESIAN_POINT ( 'NONE',  ( 74.12500000002798117, -5.000000000000000888, -4.336808689942017736E-16 ) ) ;
#4159 = CARTESIAN_POINT ( 'NONE',  ( 88.42277126958471456, -0.7176137099602809544, 4.282386290039719157 ) ) ;
#4160 = VERTEX_POINT ( 'NONE', #8457 ) ;
#4161 = CARTESIAN_POINT ( 'NONE',  ( 68.04368978649831945, -4.960065625086349073, -0.03993437491365047637 ) ) ;
#4162 = AXIS2_PLACEMENT_3D ( 'NONE', #4513, #5806, #6628 ) ;
#4163 = DIRECTION ( 'NONE',  ( 0.000000000000000000, 0.000000000000000000, 1.000000000000000000 ) ) ;
#4164 = DIRECTION ( 'NONE',  ( 0.000000000000000000, 0.000000000000000000, 1.000000000000000000 ) ) ;
#4165 = CARTESIAN_POINT ( 'NONE',  ( 60.10122534970066965, -0.9582157396401950189, -4.041784260359805536 ) ) ;
#4166 = ORIENTED_EDGE ( 'NONE', *, *, #2783, .F. ) ;
#4167 = EDGE_CURVE ( 'NONE', #7697, #602, #1982, .T. ) ;
#4168 = DIRECTION ( 'NONE',  ( 0.000000000000000000, -1.000000000000000000, 0.000000000000000000 ) ) ;
#4169 = CARTESIAN_POINT ( 'NONE',  ( 119.5342377178084377, -4.739198801696314689, 0.2608011983036852000 ) ) ;
#4170 = ADVANCED_FACE ( 'NONE', ( #2751 ), #801, .F. ) ;
#4171 = AXIS2_PLACEMENT_3D ( 'NONE', #3621, #5033, #7919 ) ;
#4172 = TOROIDAL_SURFACE ( 'NONE', #3307, 1.000000000000000000, 4.000000000000001776 ) ;
#4173 = CARTESIAN_POINT ( 'NONE',  ( 34.47953806259079812, -0.1676550930109052817, 4.832344906989094468 ) ) ;
#4174 = CARTESIAN_POINT ( 'NONE',  ( 67.61759796945996470, -0.1278684794971775007, -4.872131520502823498 ) ) ;
#4175 = VECTOR ( 'NONE', #4152, 1000.000000000000000 ) ;
#4176 = ORIENTED_EDGE ( 'NONE', *, *, #7150, .T. ) ;
#4177 = ORIENTED_EDGE ( 'NONE', *, *, #5191, .F. ) ;
#4178 = CARTESIAN_POINT ( 'NONE',  ( 116.2382724230717770, -0.4974474678478646439, 4.502552532152135356 ) ) ;
#4179 = EDGE_CURVE ( 'NONE', #7546, #5967, #5128, .T. ) ;
#4180 = CARTESIAN_POINT ( 'NONE',  ( 64.65967868777055116, -4.686141179195659312, -0.3138588208043407435 ) ) ;
#4181 = EDGE_CURVE ( 'NONE', #7152, #8141, #6159, .T. ) ;
#4182 = CARTESIAN_POINT ( 'NONE',  ( 115.3749999999999858, -1.328041165545655877, -3.671958834454344345 ) ) ;
#4183 = VECTOR ( 'NONE', #3471, 1000.000000000000000 ) ;
#4184 = SECURITY_CLASSIFICATION_LEVEL ( 'unclassified' ) ;
#4185 = ORIENTED_EDGE ( 'NONE', *, *, #7066, .T. ) ;
#4186 = CARTESIAN_POINT ( 'NONE',  ( 101.6250000000000000, 0.000000000000000000, 0.000000000000000000 ) ) ;
#4187 = AXIS2_PLACEMENT_3D ( 'NONE', #1075, #8675, #5339 ) ;
#4188 = CARTESIAN_POINT ( 'NONE',  ( 79.62500000000000000, 0.000000000000000000, 0.000000000000000000 ) ) ;
#4189 = AXIS2_PLACEMENT_3D ( 'NONE', #4547, #7337, #1064 ) ;
#4190 = DIRECTION ( 'NONE',  ( 0.000000000000000000, 0.000000000000000000, -1.000000000000000000 ) ) ;
#4191 = CARTESIAN_POINT ( 'NONE',  ( 95.11759796945995049, -0.1278684794971776117, -4.872131520502822610 ) ) ;
#4192 = CARTESIAN_POINT ( 'NONE',  ( 41.12499999999979394, 2.835874531650637844E-13, 5.000000000000283329 ) ) ;
#4193 = DIRECTION ( 'NONE',  ( 0.000000000000000000, 0.000000000000000000, -1.000000000000000000 ) ) ;
#4194 = CARTESIAN_POINT ( 'NONE',  ( 44.85157376276964669, -0.4321793203680395212, 4.567820679631960701 ) ) ;
#4195 = FACE_OUTER_BOUND ( 'NONE', #4752, .T. ) ;
#4196 = VERTEX_POINT ( 'NONE', #2151 ) ;
#4197 = CARTESIAN_POINT ( 'NONE',  ( 102.6324020305584099, -4.872131520497873680, -0.1278684795021268750 ) ) ;
#4198 = AXIS2_PLACEMENT_3D ( 'NONE', #2885, #3316, #8209 ) ;
#4199 = CARTESIAN_POINT ( 'NONE',  ( 63.12499999999977973, 2.851934276330579378E-13, 5.000000000000285105 ) ) ;
#4200 = EDGE_LOOP ( 'NONE', ( #754, #780, #7500, #2454 ) ) ;
#4201 = CARTESIAN_POINT ( 'NONE',  ( 73.83253412545244032, -4.991957775359345817, -0.008042224640654653187 ) ) ;
#4202 = FACE_OUTER_BOUND ( 'NONE', #4595, .T. ) ;
#4203 = VERTEX_POINT ( 'NONE', #761 ) ;
#4204 = CARTESIAN_POINT ( 'NONE',  ( 103.5117275769369058, -4.502552532146813391, 0.4974474678531853877 ) ) ;
#4205 = CARTESIAN_POINT ( 'NONE',  ( 84.97815646957802471, -5.000000000001025846, -1.023795382577353161E-12 ) ) ;
#4206 = DIRECTION ( 'NONE',  ( -1.000000000000000000, -0.000000000000000000, -0.000000000000000000 ) ) ;
#4207 = TOROIDAL_SURFACE ( 'NONE', #1420, 1.000000000000000000, 4.000000000000000000 ) ;
#4208 = CARTESIAN_POINT ( 'NONE',  ( 114.7262504537199135, -4.359865889253476290, -0.6401341107465228220 ) ) ;
#4209 = CARTESIAN_POINT ( 'NONE',  ( 49.25378377920365836, -3.863136006093133901, -1.136863993906864989 ) ) ;
#4210 = EDGE_CURVE ( 'NONE', #4353, #7097, #8640, .T. ) ;
#4211 = AXIS2_PLACEMENT_3D ( 'NONE', #210, #856, #1638 ) ;
#4212 = ORIENTED_EDGE ( 'NONE', *, *, #2575, .T. ) ;
#4213 = CC_DESIGN_SECURITY_CLASSIFICATION ( #8162, ( #9066 ) ) ;
#4214 = CARTESIAN_POINT ( 'NONE',  ( 40.83253412545227690, -4.991957775359334271, 0.008042224640665732865 ) ) ;
#4215 = FACE_OUTER_BOUND ( 'NONE', #4313, .T. ) ;
#4216 = CARTESIAN_POINT ( 'NONE',  ( 13.77225720791389563, -4.999999999998973266, 1.026919122443360351E-12 ) ) ;
#4217 = B_SPLINE_CURVE_WITH_KNOTS ( 'NONE', 3,
 ( #1789, #2530, #8058, #3300, #6820, #6644, #7459, #345, #3213, #8192, #3350, #8927, #4619, #394, #1930, #5269 ),
 .UNSPECIFIED., .F., .F.,
 ( 4, 2, 2, 2, 2, 2, 2, 4 ),
 ( 4.818711198650600805E-07, 0.0008765200830274531753, 0.001314539188981244701, 0.001752558294935036443, 0.002190577400888827752, 0.002628596506842619494, 0.003066615612796411237, 0.003504634718750202979 ),
 .UNSPECIFIED. ) ;
#4218 = B_SPLINE_CURVE_WITH_KNOTS ( 'NONE', 3,
 ( #3934, #8731, #8232, #4711, #479, #4613, #1873, #6639, #2661, #436, #3156, #3254, #4022, #3294, #4661, #1224 ),
 .UNSPECIFIED., .F., .F.,
 ( 4, 2, 2, 2, 2, 2, 2, 4 ),
 ( 4.818711198530449181E-07, 0.0008765200830206114260, 0.001314539188970989883, 0.001752558294921368340, 0.002190577400871746364, 0.002628596506822125038, 0.003066615612772503278, 0.003504634718722881952 ),
 .UNSPECIFIED. ) ;
#4219 = TOROIDAL_SURFACE ( 'NONE', #2763, 1.000000000000000000, 3.999999999999996447 ) ;
#4220 = CARTESIAN_POINT ( 'NONE',  ( 107.4212536293574942, -4.991698401481101222, 0.008301598518901609491 ) ) ;
#4221 = ORIENTED_EDGE ( 'NONE', *, *, #2657, .F. ) ;
#4222 = CIRCLE ( 'NONE', #7873, 1.000000000000000000 ) ;
#4223 = AXIS2_PLACEMENT_3D ( 'NONE', #4901, #5507, #1376 ) ;
#4224 = VERTEX_POINT ( 'NONE', #903 ) ;
#4225 = ORIENTED_EDGE ( 'NONE', *, *, #4257, .F. ) ;
#4226 = FACE_OUTER_BOUND ( 'NONE', #7944, .T. ) ;
#4227 = CARTESIAN_POINT ( 'NONE',  ( 64.27046193742626201, -4.832344906983756516, -0.1676550930162439002 ) ) ;
#4228 = CARTESIAN_POINT ( 'NONE',  ( 30.85059813401478124, -0.06404366728010507659, -4.935956332719896089 ) ) ;
#4229 = PERSON_AND_ORGANIZATION_ROLE ( 'classification_officer' ) ;
#4230 = EDGE_LOOP ( 'NONE', ( #2644, #5139, #3351 ) ) ;
#4231 = CARTESIAN_POINT ( 'NONE',  ( 93.64736572063975473, -0.9599107665869606176, 4.040089233413039160 ) ) ;
#4232 = ADVANCED_FACE ( 'NONE', ( #1037 ), #4538, .T. ) ;
#4233 = FACE_OUTER_BOUND ( 'NONE', #4849, .T. ) ;
#4234 = CARTESIAN_POINT ( 'NONE',  ( 123.6249999999999858, 0.000000000000000000, 5.000000000000000000 ) ) ;
#4235 = CARTESIAN_POINT ( 'NONE',  ( 94.59032131224198281, -0.3138588207986942047, -4.686141179201305462 ) ) ;
#4236 = VECTOR ( 'NONE', #2907, 1000.000000000000114 ) ;
#4237 = CYLINDRICAL_SURFACE ( 'NONE', #7729, 1.000000000000000000 ) ;
#4238 = DIRECTION ( 'NONE',  ( -0.000000000000000000, 1.000000000000000000, 1.224646799147353207E-16 ) ) ;
#4239 = ORIENTED_EDGE ( 'NONE', *, *, #2110, .F. ) ;
#4240 = CARTESIAN_POINT ( 'NONE',  ( 46.04368978649814892, -4.960065625086327756, -0.03993437491367258368 ) ) ;
#4241 = EDGE_CURVE ( 'NONE', #1595, #6093, #2355, .T. ) ;
#4242 = CARTESIAN_POINT ( 'NONE',  ( 90.47815646957803892, -5.000000000001025846, -1.024882655244272866E-12 ) ) ;
#4243 = ORIENTED_EDGE ( 'NONE', *, *, #5602, .T. ) ;
#4244 = FACE_OUTER_BOUND ( 'NONE', #8660, .T. ) ;
#4245 = AXIS2_PLACEMENT_3D ( 'NONE', #6098, #8096, #1832 ) ;
#4246 = CARTESIAN_POINT ( 'NONE',  ( 65.87499999999998579, -1.328041165545668756, 3.671958834454331022 ) ) ;
#4247 = CARTESIAN_POINT ( 'NONE',  ( 46.62500000000000000, 0.000000000000000000, 0.000000000000000000 ) ) ;
#4248 = CARTESIAN_POINT ( 'NONE',  ( 63.12499999999977973, 2.853433197910877531E-13, -5.000000000000285105 ) ) ;
#4250 = CARTESIAN_POINT ( 'NONE',  ( 87.01876480693204030, -0.4915337874217320380, 4.508466212578267296 ) ) ;
#4249 = FACE_OUTER_BOUND ( 'NONE', #3409, .T. ) ;
#4251 = CARTESIAN_POINT ( 'NONE',  ( 114.1596786877705796, -4.686141179195661088, 0.3138588208043389671 ) ) ;
#4252 = CARTESIAN_POINT ( 'NONE',  ( 115.3749999999999858, 0.000000000000000000, 3.904737509655568761 ) ) ;
#4253 = CARTESIAN_POINT ( 'NONE',  ( 118.1249999999999858, 0.000000000000000000, 0.000000000000000000 ) ) ;
#4254 = VERTEX_POINT ( 'NONE', #4472 ) ;
#4255 = CARTESIAN_POINT ( 'NONE',  ( 113.2063102135242900, -0.03993437491703631659, 4.960065625082964225 ) ) ;
#4256 = FACE_OUTER_BOUND ( 'NONE', #7015, .T. ) ;
#4257 = EDGE_CURVE ( 'NONE', #583, #1341, #7743, .T. ) ;
#4258 = CARTESIAN_POINT ( 'NONE',  ( 9.500000000000000000, 0.000000000000000000, 0.000000000000000000 ) ) ;
#4259 = AXIS2_PLACEMENT_3D ( 'NONE', #1973, #1880, #2479 ) ;
#4260 = CARTESIAN_POINT ( 'NONE',  ( 66.85157376276964669, -0.4321793203680482920, -4.567820679631951819 ) ) ;
#4261 = ORIENTED_EDGE ( 'NONE', *, *, #1710, .T. ) ;
#4262 = DIRECTION ( 'NONE',  ( -0.000000000000000000, 1.000000000000000000, 1.224646799147353207E-16 ) ) ;
#4263 = ORIENTED_EDGE ( 'NONE', *, *, #4856, .T. ) ;
#4264 = VERTEX_POINT ( 'NONE', #208 ) ;
#4265 = DIRECTION ( 'NONE',  ( 0.000000000000000000, -1.000000000000000000, 0.000000000000000000 ) ) ;
#4266 = FACE_OUTER_BOUND ( 'NONE', #3143, .T. ) ;
#4267 = CARTESIAN_POINT ( 'NONE',  ( 31.27178058431637098, -0.1593231317801504510, -4.840676868219849993 ) ) ;
#4268 = EDGE_LOOP ( 'NONE', ( #3452, #592, #437 ) ) ;
#4269 = EDGE_CURVE ( 'NONE', #8137, #5643, #8926, .T. ) ;
#4270 = CARTESIAN_POINT ( 'NONE',  ( 75.50000000000000000, 0.000000000000000000, 0.000000000000000000 ) ) ;
#4271 = EDGE_CURVE ( 'NONE', #4572, #3912, #6899, .T. ) ;
#4272 = DIRECTION ( 'NONE',  ( 0.000000000000000000, 0.000000000000000000, 1.000000000000000000 ) ) ;
#4273 = CARTESIAN_POINT ( 'NONE',  ( 10.32722873042055767, -4.282386290035422149, 0.7176137099645788497 ) ) ;
#4274 = EDGE_CURVE ( 'NONE', #1813, #1572, #3744, .T. ) ;
#4275 = FACE_OUTER_BOUND ( 'NONE', #2174, .T. ) ;
#4276 = CIRCLE ( 'NONE', #4727, 1.374999999999994227 ) ;
#4277 = CARTESIAN_POINT ( 'NONE',  ( 87.60263427936257585, -4.040089233410273373, 0.9599107665897265163 ) ) ;
#4278 = CALENDAR_DATE ( 2026, 21, 2 ) ;
#4279 = ORIENTED_EDGE ( 'NONE', *, *, #3437, .T. ) ;
#4280 = DIRECTION ( 'NONE',  ( 0.000000000000000000, 0.000000000000000000, 1.000000000000000000 ) ) ;
#4281 = CARTESIAN_POINT ( 'NONE',  ( 63.41746587457268447, -0.008042224642536142942, 4.991957775357463767 ) ) ;
#4282 = EDGE_LOOP ( 'NONE', ( #2621, #2415, #4076, #1190 ) ) ;
#4283 = LINE ( 'NONE', #850, #4083 ) ;
#4284 = CARTESIAN_POINT ( 'NONE',  ( 91.35059813401475992, -0.06404366728010946197, 4.935956332719890760 ) ) ;
#4285 = CARTESIAN_POINT ( 'NONE',  ( 30.12500000000000000, 0.000000000000000000, 0.000000000000000000 ) ) ;
#4286 = CARTESIAN_POINT ( 'NONE',  ( 83.23123519307652884, -4.508466212583694066, 0.4915337874163072107 ) ) ;
#4288 = CARTESIAN_POINT ( 'NONE',  ( 85.12499999999980105, 2.822932509281566863E-13, 5.000000000000282441 ) ) ;
#4287 = CARTESIAN_POINT ( 'NONE',  ( 5.375000000000000000, -3.671958834454335019, 1.328041165545665425 ) ) ;
#4289 = ADVANCED_FACE ( 'NONE', ( #2376 ), #5565, .T. ) ;
#4290 = CARTESIAN_POINT ( 'NONE',  ( 37.15967868777045879, -4.686141179195703721, -0.3138588208042960015 ) ) ;
#4291 = B_SPLINE_CURVE_WITH_KNOTS ( 'NONE', 3,
 ( #6925, #3450, #9020, #2170, #6236, #5594, #8338, #37, #2076, #4173, #5782, #8696, #2349, #222, #2944, #8558 ),
 .UNSPECIFIED., .F., .F.,
 ( 4, 2, 2, 2, 2, 2, 2, 4 ),
 ( 4.818711198444658508E-07, 0.0008765200830274302987, 0.001314539188981223234, 0.001752558294935016277, 0.002190577400888809104, 0.002628596506842601713, 0.003066615612796394757, 0.003504634718750187800 ),
 .UNSPECIFIED. ) ;
#4292 = EDGE_CURVE ( 'NONE', #8909, #3844, #2794, .T. ) ;
#4293 = DIRECTION ( 'NONE',  ( -1.000000000000000000, -0.000000000000000000, -0.000000000000000000 ) ) ;
#4294 = ORIENTED_EDGE ( 'NONE', *, *, #2960, .F. ) ;
#4295 = CARTESIAN_POINT ( 'NONE',  ( 97.49999999999998579, 0.000000000000000000, 0.000000000000000000 ) ) ;
#4296 = VERTEX_POINT ( 'NONE', #4428 ) ;
#4297 = CARTESIAN_POINT ( 'NONE',  ( 19.85059813401477058, -0.06404366728010731091, -4.935956332719893425 ) ) ;
#4298 = AXIS2_PLACEMENT_3D ( 'NONE', #6351, #57, #2189 ) ;
#4299 = DIRECTION ( 'NONE',  ( 0.000000000000000000, -1.000000000000000000, 0.000000000000000000 ) ) ;
#4300 = CARTESIAN_POINT ( 'NONE',  ( 113.3505981340147883, -0.06404366728010880971, 4.935956332719892536 ) ) ;
#4301 = CARTESIAN_POINT ( 'NONE',  ( 68.62499999999978684, 2.819348912645851850E-13, -5.000000000000282441 ) ) ;
#4302 = CARTESIAN_POINT ( 'NONE',  ( 42.27046193742614122, -4.832344906983798261, -0.1676550930162034880 ) ) ;
#4303 = EDGE_CURVE ( 'NONE', #2554, #8137, #7312, .T. ) ;
#4304 = DIRECTION ( 'NONE',  ( 0.000000000000000000, 0.000000000000000000, 1.000000000000000000 ) ) ;
#4305 = ORIENTED_EDGE ( 'NONE', *, *, #143, .F. ) ;
#4306 = CARTESIAN_POINT ( 'NONE',  ( 13.62500000000000000, 0.000000000000000000, 1.000000000000000000 ) ) ;
#4307 = EDGE_LOOP ( 'NONE', ( #3193, #507, #1099, #1414 ) ) ;
#4308 = ORIENTED_EDGE ( 'NONE', *, *, #2638, .T. ) ;
#4309 = CARTESIAN_POINT ( 'NONE',  ( 13.62499999999979039, 2.854271752256853163E-13, 5.000000000000285105 ) ) ;
#4310 = APPLICATION_CONTEXT ( 'configuration controlled 3d designs of mechanical parts and assemblies' ) ;
#4311 = CARTESIAN_POINT ( 'NONE',  ( 92.72625045371995611, -4.359865889253468296, 0.6401341107465335911 ) ) ;
#4312 = DIRECTION ( 'NONE',  ( 0.000000000000000000, 0.000000000000000000, 1.000000000000000000 ) ) ;
#4313 = EDGE_LOOP ( 'NONE', ( #3943, #6874, #7851, #3693 ) ) ;
#4314 = DIRECTION ( 'NONE',  ( -1.000000000000000000, -0.000000000000000000, -0.000000000000000000 ) ) ;
#4315 = CARTESIAN_POINT ( 'NONE',  ( 47.77178058431636742, -0.1593231317801505065, -4.840676868219849993 ) ) ;
#4316 = TOROIDAL_SURFACE ( 'NONE', #2434, 1.000000000000000000, 1.375000000000001332 ) ;
#4317 = CARTESIAN_POINT ( 'NONE',  ( 72.02374954628649562, -0.6401341107417667375, -4.359865889258233373 ) ) ;
#4318 = CARTESIAN_POINT ( 'NONE',  ( 19.12500000000000000, 0.000000000000000000, 0.000000000000000000 ) ) ;
#4319 = PERSON_AND_ORGANIZATION ( #6959, #4939 ) ;
#4320 = ORIENTED_EDGE ( 'NONE', *, *, #3159, .T. ) ;
#4321 = CARTESIAN_POINT ( 'NONE',  ( 45.21616362764436303, -4.748219996440552038, -0.2517800035594490171 ) ) ;
#4322 = B_SPLINE_CURVE_WITH_KNOTS ( 'NONE', 3,
 ( #4099, #6900, #5518, #1303, #8904, #8303, #2646, #6294, #6981, #3380, #615, #4182 ),
 .UNSPECIFIED., .F., .F.,
 ( 4, 2, 2, 2, 2, 4 ),
 ( 0.003504634718750251551, 0.003941423334025134263, 0.004378211949300016975, 0.005251789179849782399, 0.006125366410399546956, 0.006998943640949312379 ),
 .UNSPECIFIED. ) ;
#4323 = DIRECTION ( 'NONE',  ( -1.000000000000000000, -0.000000000000000000, -0.000000000000000000 ) ) ;
#4324 = ORIENTED_EDGE ( 'NONE', *, *, #3704, .T. ) ;
#4325 = AXIS2_PLACEMENT_3D ( 'NONE', #8823, #2563, #338 ) ;
#4326 = CARTESIAN_POINT ( 'NONE',  ( 24.62500000000000000, 1.224646799147353207E-16, -1.000000000000000000 ) ) ;
#4327 = CARTESIAN_POINT ( 'NONE',  ( 92.51876480693201188, -0.4915337874217384218, 4.508466212578261967 ) ) ;
#4328 = DIRECTION ( 'NONE',  ( 0.000000000000000000, 0.000000000000000000, 1.000000000000000000 ) ) ;
#4329 = LINE ( 'NONE', #1496, #8198 ) ;
#4331 = DIRECTION ( 'NONE',  ( -1.000000000000000000, -0.000000000000000000, -0.000000000000000000 ) ) ;
#4330 = DIRECTION ( 'NONE',  ( 0.000000000000000000, 0.000000000000000000, -1.000000000000000000 ) ) ;
#4332 = ORIENTED_EDGE ( 'NONE', *, *, #7522, .F. ) ;
#4333 = EDGE_CURVE ( 'NONE', #5981, #2696, #8643, .T. ) ;
#4334 = CARTESIAN_POINT ( 'NONE',  ( 98.75378377920370099, -3.863136006093112584, 1.136863993906888082 ) ) ;
#4335 = AXIS2_PLACEMENT_3D ( 'NONE', #1801, #8112, #6698 ) ;
#4336 = CARTESIAN_POINT ( 'NONE',  ( 3.680754160711027900, -4.835479548886703505, -0.1645204511132991876 ) ) ;
#4337 = ORIENTED_EDGE ( 'NONE', *, *, #61, .T. ) ;
#4338 = CARTESIAN_POINT ( 'NONE',  ( 49.37500000000000000, -1.328041165545665647, 3.671958834454334575 ) ) ;
#4339 = ORIENTED_EDGE ( 'NONE', *, *, #7813, .T. ) ;
#4340 = ADVANCED_FACE ( 'NONE', ( #6456 ), #7892, .T. ) ;
#4341 = CARTESIAN_POINT ( 'NONE',  ( 21.75399883711744664, -1.137203174285766005, -3.862796825714234661 ) ) ;
#4342 = CARTESIAN_POINT ( 'NONE',  ( 70.51172757693696269, -4.502552532146814279, -0.4974474678531852767 ) ) ;
#4343 = AXIS2_PLACEMENT_3D ( 'NONE', #6480, #5044, #7111 ) ;
#4344 = CARTESIAN_POINT ( 'NONE',  ( 114.0338363723698478, -0.2517800035653034452, 4.748219996434696277 ) ) ;
#4345 = DIRECTION ( 'NONE',  ( -1.000000000000000000, -0.000000000000000000, -0.000000000000000000 ) ) ;
#4346 = DIRECTION ( 'NONE',  ( 0.000000000000000000, -1.000000000000000000, 0.000000000000000000 ) ) ;
#4347 = CIRCLE ( 'NONE', #254, 4.000000000000000000 ) ;
#4348 = CIRCLE ( 'NONE', #5973, 1.000000000000000000 ) ;
#4349 = CYLINDRICAL_SURFACE ( 'NONE', #7301, 1.000000000000000000 ) ;
#4350 = LOCAL_TIME ( 19, 56, 48.00000000000000000, #2411 ) ;
#4351 = EDGE_LOOP ( 'NONE', ( #4601, #3311, #8659, #7188, #6853, #4525 ) ) ;
#4352 = CARTESIAN_POINT ( 'NONE',  ( 45.21616362764436303, -4.748219996440552038, 0.2517800035594495722 ) ) ;
#4353 = VERTEX_POINT ( 'NONE', #5814 ) ;
#4354 = ORIENTED_EDGE ( 'NONE', *, *, #5801, .T. ) ;
#4355 = CARTESIAN_POINT ( 'NONE',  ( 23.21576228220554583, -0.2608011982980508736, -4.739198801701948405 ) ) ;
#4356 = CARTESIAN_POINT ( 'NONE',  ( 92.15967868777050853, -4.686141179195655759, 0.3138588208043440742 ) ) ;
#4357 = CARTESIAN_POINT ( 'NONE',  ( 30.27184353044837906, 1.124340946273517591E-14, -5.000000000000012434 ) ) ;
#4358 = ORIENTED_EDGE ( 'NONE', *, *, #5919, .T. ) ;
#4359 = CARTESIAN_POINT ( 'NONE',  ( 77.42277126958474298, -0.7176137099602932778, -4.282386290039707610 ) ) ;
#4360 = AXIS2_PLACEMENT_3D ( 'NONE', #3761, #6561, #1695 ) ;
#4361 = ORIENTED_EDGE ( 'NONE', *, *, #2010, .T. ) ;
#4362 = DIRECTION ( 'NONE',  ( 0.000000000000000000, -1.224646799147353207E-16, 1.000000000000000000 ) ) ;
#4363 = CARTESIAN_POINT ( 'NONE',  ( 10.87500000000000000, 4.781924292710293578E-16, -3.904737509655564320 ) ) ;
#4365 = VECTOR ( 'NONE', #7335, 1000.000000000000000 ) ;
#4364 = DIRECTION ( 'NONE',  ( 0.000000000000000000, 0.000000000000000000, 1.000000000000000000 ) ) ;
#4366 = EDGE_CURVE ( 'NONE', #7935, #4702, #5811, .T. ) ;
#4367 = DIRECTION ( 'NONE',  ( 0.000000000000000000, 0.000000000000000000, -1.000000000000000000 ) ) ;
#4368 = EDGE_CURVE ( 'NONE', #8408, #6623, #6777, .T. ) ;
#4369 = PERSON_AND_ORGANIZATION_ROLE ( 'design_supplier' ) ;
#4370 = ORIENTED_EDGE ( 'NONE', *, *, #494, .F. ) ;
#4371 = CARTESIAN_POINT ( 'NONE',  ( 22.42277126958471811, -0.7176137099602855063, 4.282386290039713828 ) ) ;
#4372 = CARTESIAN_POINT ( 'NONE',  ( 121.5235659487770619, -0.6402698276730424132, -4.359730172326957920 ) ) ;
#4373 = ORIENTED_EDGE ( 'NONE', *, *, #6705, .F. ) ;
#4374 = EDGE_CURVE ( 'NONE', #2950, #899, #3724, .T. ) ;
#4375 = AXIS2_PLACEMENT_3D ( 'NONE', #2267, #974, #237 ) ;
#4376 = CARTESIAN_POINT ( 'NONE',  ( 21.22625045371991703, -4.359865889253496718, -0.6401341107465038371 ) ) ;
#4377 = CARTESIAN_POINT ( 'NONE',  ( 84.83253412545248295, -4.991957775359345817, -0.008042224640654418999 ) ) ;
#4378 = CARTESIAN_POINT ( 'NONE',  ( 85.12500000000000000, 1.224646799147353207E-16, -1.000000000000000000 ) ) ;
#4379 = CIRCLE ( 'NONE', #5268, 3.904737509655557215 ) ;
#4381 = CARTESIAN_POINT ( 'NONE',  ( 30.12499999999979039, 2.861759535918290366E-13, -5.000000000000285993 ) ) ;
#4380 = CARTESIAN_POINT ( 'NONE',  ( 101.7718435304483791, 6.261585183459006102E-15, 5.000000000000006217 ) ) ;
#4382 = AXIS2_PLACEMENT_3D ( 'NONE', #7210, #8631, #1663 ) ;
#4383 = CARTESIAN_POINT ( 'NONE',  ( 107.1250000000000000, 0.000000000000000000, 1.000000000000000000 ) ) ;
#4384 = DIRECTION ( 'NONE',  ( 0.000000000000000000, 0.000000000000000000, 1.000000000000000000 ) ) ;
#4385 = ORIENTED_EDGE ( 'NONE', *, *, #6594, .T. ) ;
#4386 = CARTESIAN_POINT ( 'NONE',  ( 8.125000000000000000, 1.224646799147353207E-16, -1.000000000000000000 ) ) ;
#4387 = AXIS2_PLACEMENT_3D ( 'NONE', #5622, #8410, #5543 ) ;
#4388 = EDGE_LOOP ( 'NONE', ( #8446, #274, #5670 ) ) ;
#4389 = EDGE_CURVE ( 'NONE', #8288, #1470, #6023, .T. ) ;
#4390 = CARTESIAN_POINT ( 'NONE',  ( 21.60122534970068742, -0.9582157396401941307, -4.041784260359805536 ) ) ;
#4391 = CARTESIAN_POINT ( 'NONE',  ( 69.63240203055840993, -4.872131520497873680, -0.1278684795021268750 ) ) ;
#4392 = CARTESIAN_POINT ( 'NONE',  ( 94.23123519307652884, -4.508466212583692290, -0.4915337874163090981 ) ) ;
#4393 = FACE_OUTER_BOUND ( 'NONE', #6144, .T. ) ;
#4394 = AXIS2_PLACEMENT_3D ( 'NONE', #4530, #7323, #6730 ) ;
#4395 = CARTESIAN_POINT ( 'NONE',  ( 94.71616362764446251, -4.748219996440587565, 0.2517800035594122132 ) ) ;
#4396 = EDGE_CURVE ( 'NONE', #459, #4598, #3181, .T. ) ;
#4397 = EDGE_CURVE ( 'NONE', #4925, #7828, #7011, .T. ) ;
#4398 = FACE_OUTER_BOUND ( 'NONE', #4718, .T. ) ;
#4399 = ORIENTED_EDGE ( 'NONE', *, *, #2960, .T. ) ;
#4400 = CARTESIAN_POINT ( 'NONE',  ( 44.73123519307647911, -4.508466212583659427, 0.4915337874163416276 ) ) ;
#4401 = ORIENTED_EDGE ( 'NONE', *, *, #7040, .F. ) ;
#4402 = VERTEX_POINT ( 'NONE', #3508 ) ;
#4403 = CARTESIAN_POINT ( 'NONE',  ( 16.37500000000000000, -1.328041165545662539, 3.671958834454338128 ) ) ;
#4404 = TOROIDAL_SURFACE ( 'NONE', #6749, 1.000000000000000000, 3.999999999999996447 ) ;
#4405 = CARTESIAN_POINT ( 'NONE',  ( 85.12499999999980105, 2.822932509281566863E-13, 5.000000000000282441 ) ) ;
#4406 = CARTESIAN_POINT ( 'NONE',  ( 48.15967868777045879, -4.686141179195703721, 0.3138588208042950578 ) ) ;
#4407 = EDGE_CURVE ( 'NONE', #7675, #7109, #4966, .T. ) ;
#4408 = EDGE_CURVE ( 'NONE', #899, #2967, #8522, .T. ) ;
#4409 = DIRECTION ( 'NONE',  ( -0.000000000000000000, 1.000000000000000000, 1.224646799147353207E-16 ) ) ;
#4410 = EDGE_CURVE ( 'NONE', #7469, #8035, #6296, .T. ) ;
#4411 = B_SPLINE_CURVE_WITH_KNOTS ( 'NONE', 3,
 ( #7184, #7093, #165, #4475, #8462, #8549, #5024, #5865, #258, #8646, #2288, #1542 ),
 .UNSPECIFIED., .F., .F.,
 ( 4, 2, 2, 2, 2, 4 ),
 ( 0.003504634718750187800, 0.003941423334025071813, 0.004378211949299955393, 0.005251789179849723418, 0.006125366410399490577, 0.006998943640949258603 ),
 .UNSPECIFIED. ) ;
#4412 = EDGE_CURVE ( 'NONE', #5358, #8288, #2312, .T. ) ;
#4413 = ORIENTED_EDGE ( 'NONE', *, *, #1317, .F. ) ;
#4414 = CARTESIAN_POINT ( 'NONE',  ( 16.49621622079730088, -1.136863993905375958, -3.863136006094625152 ) ) ;
#4415 = VERTEX_POINT ( 'NONE', #707 ) ;
#4416 = CARTESIAN_POINT ( 'NONE',  ( 38.37499999999999289, -1.328041165545660540, -3.671958834454339460 ) ) ;
#4417 = FACE_OUTER_BOUND ( 'NONE', #5050, .T. ) ;
#4418 = DIRECTION ( 'NONE',  ( -1.000000000000000000, -0.000000000000000000, -0.000000000000000000 ) ) ;
#4419 = PERSON_AND_ORGANIZATION ( #6959, #4939 ) ;
#4420 = ORIENTED_EDGE ( 'NONE', *, *, #7195, .F. ) ;
#4421 = CARTESIAN_POINT ( 'NONE',  ( 35.62500000000000000, 0.000000000000000000, 1.000000000000000000 ) ) ;
#4422 = CARTESIAN_POINT ( 'NONE',  ( 87.99600116288351614, -3.862796825715746785, 1.137203174284253882 ) ) ;
#4423 = ORIENTED_EDGE ( 'NONE', *, *, #4167, .F. ) ;
#4424 = B_SPLINE_CURVE_WITH_KNOTS ( 'NONE', 3,
 ( #6851, #4786, #4602, #7441, #570, #3283, #5480, #1168, #3384, #8767, #6713, #6171, #8263, #424, #1307, #2511 ),
 .UNSPECIFIED., .F., .F.,
 ( 4, 2, 2, 2, 2, 2, 2, 4 ),
 ( 4.818711198449749176E-07, 0.0008765200830274306239, 0.001314539188981223451, 0.001752558294935016277, 0.002190577400888809537, 0.002628596506842602147, 0.003066615612796394757, 0.003504634718750187800 ),
 .UNSPECIFIED. ) ;
#4425 = DIRECTION ( 'NONE',  ( 0.000000000000000000, 0.000000000000000000, 1.000000000000000000 ) ) ;
#4426 = CARTESIAN_POINT ( 'NONE',  ( 20.53423771780836304, -4.739198801696350216, -0.2608011983036504500 ) ) ;
#4427 = FACE_OUTER_BOUND ( 'NONE', #7442, .T. ) ;
#4428 = CARTESIAN_POINT ( 'NONE',  ( 109.8749999999999858, -3.671958834454344345, -1.328041165545655877 ) ) ;
#4429 = B_SPLINE_CURVE_WITH_KNOTS ( 'NONE', 3,
 ( #4199, #7761, #4281, #5711, #7175, #5761, #2276, #9050, #2919, #1532, #4924, #7850 ),
 .UNSPECIFIED., .F., .F.,
 ( 4, 2, 2, 2, 2, 4 ),
 ( 0.003504634718750162213, 0.003941423334025048394, 0.004378211949299933708, 0.005251789179849706071, 0.006125366410399478434, 0.006998943640949250797 ),
 .UNSPECIFIED. ) ;
#4430 = AXIS2_PLACEMENT_3D ( 'NONE', #1143, #3219, #1937 ) ;
#4432 = CARTESIAN_POINT ( 'NONE',  ( 90.62500000002798117, -5.000000000000000888, -4.336808689942017736E-16 ) ) ;
#4431 = DIRECTION ( 'NONE',  ( 0.000000000000000000, -1.000000000000000000, 0.000000000000000000 ) ) ;
#4433 = FACE_OUTER_BOUND ( 'NONE', #6495, .T. ) ;
#4434 = CARTESIAN_POINT ( 'NONE',  ( 52.12500000002778933, -5.000000000000000888, -4.336808689942017736E-16 ) ) ;
#4435 = ORIENTED_EDGE ( 'NONE', *, *, #1054, .T. ) ;
#4436 = CARTESIAN_POINT ( 'NONE',  ( 90.47815646957803892, -5.000000000001025846, 1.024879796508075883E-12 ) ) ;
#4437 = EDGE_LOOP ( 'NONE', ( #1810, #6911, #8715 ) ) ;
#4438 = CARTESIAN_POINT ( 'NONE',  ( 74.12500000000000000, 1.224646799147353207E-16, -1.000000000000000000 ) ) ;
#4439 = CARTESIAN_POINT ( 'NONE',  ( 68.62499999999978684, 2.818544231345960265E-13, 5.000000000000282441 ) ) ;
#4440 = CARTESIAN_POINT ( 'NONE',  ( 46.62500000000000000, 0.000000000000000000, 0.000000000000000000 ) ) ;
#4441 = CARTESIAN_POINT ( 'NONE',  ( 56.21616362764436303, -4.748219996440552038, -0.2517800035594474073 ) ) ;
#4442 = FACE_OUTER_BOUND ( 'NONE', #1388, .T. ) ;
#4443 = EDGE_CURVE ( 'NONE', #4643, #8477, #2452, .T. ) ;
#4444 = CARTESIAN_POINT ( 'NONE',  ( 25.77178058431637098, -0.1593231317801513391, 4.840676868219849993 ) ) ;
#4445 = AXIS2_PLACEMENT_3D ( 'NONE', #5351, #8138, #6768 ) ;
#4446 = ORIENTED_EDGE ( 'NONE', *, *, #2760, .T. ) ;
#4447 = DIRECTION ( 'NONE',  ( 0.000000000000000000, 0.000000000000000000, 1.000000000000000000 ) ) ;
#4448 = CARTESIAN_POINT ( 'NONE',  ( 123.6249999999999858, 0.000000000000000000, 0.9999999999999831246 ) ) ;
#4449 = EDGE_LOOP ( 'NONE', ( #5871, #3240, #1098, #8156 ) ) ;
#4450 = CARTESIAN_POINT ( 'NONE',  ( 74.12500000000000000, 0.000000000000000000, 1.000000000000000000 ) ) ;
#4451 = CARTESIAN_POINT ( 'NONE',  ( 46.62499999999979394, 2.873490942237762426E-13, -5.000000000000286882 ) ) ;
#4452 = DIRECTION ( 'NONE',  ( 0.000000000000000000, 0.000000000000000000, 1.000000000000000000 ) ) ;
#4453 = CIRCLE ( 'NONE', #4892, 1.375000000000001332 ) ;
#4454 = CARTESIAN_POINT ( 'NONE',  ( 51.82874637064229972, -0.008301598518915678099, -4.991698401481083458 ) ) ;
#4455 = ORIENTED_EDGE ( 'NONE', *, *, #7699, .T. ) ;
#4456 = CARTESIAN_POINT ( 'NONE',  ( 96.12499999999998579, 0.000000000000000000, 0.000000000000000000 ) ) ;
#4457 = EDGE_CURVE ( 'NONE', #1341, #781, #5372, .T. ) ;
#4458 = ORIENTED_EDGE ( 'NONE', *, *, #4303, .T. ) ;
#4459 = CARTESIAN_POINT ( 'NONE',  ( 37.03383637236984782, -0.2517800035653031121, -4.748219996434697165 ) ) ;
#4460 = CARTESIAN_POINT ( 'NONE',  ( 46.62499999999979394, 2.873490942237762426E-13, -5.000000000000286882 ) ) ;
#4461 = TOROIDAL_SURFACE ( 'NONE', #6518, 1.000000000000000000, 3.999999999999997335 ) ;
#4462 = AXIS2_PLACEMENT_3D ( 'NONE', #7204, #3721, #5183 ) ;
#4463 = CARTESIAN_POINT ( 'NONE',  ( 77.73123519307652884, -4.508466212583692290, 0.4915337874163088761 ) ) ;
#4464 = CARTESIAN_POINT ( 'NONE',  ( -3.535533905932743970, 3.535533905932752852, 132.6250000000000000 ) ) ;
#4465 = ORIENTED_EDGE ( 'NONE', *, *, #9028, .T. ) ;
#4466 = CARTESIAN_POINT ( 'NONE',  ( 98.87499999999998579, -3.671958834454324805, -1.328041165545675195 ) ) ;
#4467 = ORIENTED_EDGE ( 'NONE', *, *, #1312, .F. ) ;
#4468 = CARTESIAN_POINT ( 'NONE',  ( 16.37499999999999645, -3.671958834454337683, -1.328041165545662539 ) ) ;
#4469 = CARTESIAN_POINT ( 'NONE',  ( 93.25399883711745019, -1.137203174285775109, 3.862796825714226223 ) ) ;
#4470 = CIRCLE ( 'NONE', #7977, 1.000000000000000000 ) ;
#4471 = DIRECTION ( 'NONE',  ( -1.000000000000000000, -0.000000000000000000, -0.000000000000000000 ) ) ;
#4472 = CARTESIAN_POINT ( 'NONE',  ( 56.24999999999999289, 1.224646799147353207E-16, -1.000000000000000000 ) ) ;
#4474 = CARTESIAN_POINT ( 'NONE',  ( 112.3287463706422784, -0.008301598518919066014, 4.991698401481080793 ) ) ;
#4473 = CARTESIAN_POINT ( 'NONE',  ( 101.6249999999997868, 2.818544231345960265E-13, 5.000000000000282441 ) ) ;
#4475 = CARTESIAN_POINT ( 'NONE',  ( 36.20631021352429002, -0.03993437491703670517, 4.960065625082964225 ) ) ;
#4476 = VERTEX_POINT ( 'NONE', #8311 ) ;
#4477 = DIRECTION ( 'NONE',  ( 0.000000000000000000, -1.224646799147353454E-16, 1.000000000000000000 ) ) ;
#4478 = CIRCLE ( 'NONE', #3751, 3.904737509655557215 ) ;
#4479 = ORIENTED_EDGE ( 'NONE', *, *, #9032, .T. ) ;
#4480 = DIRECTION ( 'NONE',  ( 0.000000000000000000, -1.224646799147353207E-16, 1.000000000000000000 ) ) ;
#4481 = CIRCLE ( 'NONE', #232, 4.000000000000000000 ) ;
#4482 = CARTESIAN_POINT ( 'NONE',  ( 10.22625045371991881, -4.359865889253494053, -0.6401341107465055025 ) ) ;
#4483 = CARTESIAN_POINT ( 'NONE',  ( 68.62499999999998579, 0.000000000000000000, 0.000000000000000000 ) ) ;
#4484 = DIRECTION ( 'NONE',  ( 0.000000000000000000, 0.000000000000000000, 1.000000000000000000 ) ) ;
#4485 = TOROIDAL_SURFACE ( 'NONE', #2014, 1.000000000000000000, 1.375000000000001332 ) ;
#4486 = CARTESIAN_POINT ( 'NONE',  ( 39.71616362764436303, -4.748219996440549373, -0.2517800035594509045 ) ) ;
#4487 = EDGE_CURVE ( 'NONE', #2565, #2967, #5382, .T. ) ;
#4488 = EDGE_CURVE ( 'NONE', #3014, #2937, #1714, .T. ) ;
#4489 = CARTESIAN_POINT ( 'NONE',  ( 110.4227712695847288, -0.7176137099602881708, -4.282386290039712051 ) ) ;
#4490 = AXIS2_PLACEMENT_3D ( 'NONE', #1208, #6795, #510 ) ;
#4491 = CARTESIAN_POINT ( 'NONE',  ( 106.9777427921127781, -1.296193343359573031E-14, -4.999999999999986677 ) ) ;
#4492 = ORIENTED_EDGE ( 'NONE', *, *, #3710, .T. ) ;
#4493 = EDGE_LOOP ( 'NONE', ( #3038, #3832, #2947, #6791 ) ) ;
#4494 = DIRECTION ( 'NONE',  ( 0.000000000000000000, 0.000000000000000000, 1.000000000000000000 ) ) ;
#4495 = CARTESIAN_POINT ( 'NONE',  ( 81.82722873042057188, -4.282386290035407050, -0.7176137099645947259 ) ) ;
#4496 = CARTESIAN_POINT ( 'NONE',  ( 98.87499999999998579, 0.000000000000000000, 0.000000000000000000 ) ) ;
#4497 = CIRCLE ( 'NONE', #2894, 1.374999999999997780 ) ;
#4498 = CARTESIAN_POINT ( 'NONE',  ( 51.11759796945997181, -0.1278684794971733096, -4.872131520502827051 ) ) ;
#4499 = TOROIDAL_SURFACE ( 'NONE', #2030, 1.000000000000000000, 3.999999999999996447 ) ;
#4500 = SECURITY_CLASSIFICATION ( '', '', #5334 ) ;
#4501 = DIRECTION ( 'NONE',  ( 0.000000000000000000, 0.000000000000000000, 1.000000000000000000 ) ) ;
#4502 = AXIS2_PLACEMENT_3D ( 'NONE', #5300, #5346, #2561 ) ;
#4503 = ORIENTED_EDGE ( 'NONE', *, *, #4627, .F. ) ;
#4504 = DIRECTION ( 'NONE',  ( 0.000000000000000000, -1.000000000000000000, 0.000000000000000000 ) ) ;
#4505 = SECURITY_CLASSIFICATION ( '', '', #4184 ) ;
#4506 = CARTESIAN_POINT ( 'NONE',  ( 72.02374954628649562, -0.6401341107417659604, 4.359865889258234262 ) ) ;
#4507 = ORIENTED_EDGE ( 'NONE', *, *, #2316, .F. ) ;
#4508 = CARTESIAN_POINT ( 'NONE',  ( 8.124999999999790390, 2.855127582269921965E-13, 5.000000000000285105 ) ) ;
#4509 = EDGE_CURVE ( 'NONE', #4845, #4632, #6461, .T. ) ;
#4510 = CIRCLE ( 'NONE', #1742, 3.999999999999997335 ) ;
#4511 = ITEM_DEFINED_TRANSFORMATION ( 'NONE', 'NONE', #8301,  #3344 ) ;
#4512 = ORIENTED_EDGE ( 'NONE', *, *, #5366, .T. ) ;
#4513 = CARTESIAN_POINT ( 'NONE',  ( 74.12500000000000000, 0.000000000000000000, 0.000000000000000000 ) ) ;
#4514 = AXIS2_PLACEMENT_3D ( 'NONE', #4496, #1015, #1657 ) ;
#4515 = VERTEX_POINT ( 'NONE', #3140 ) ;
#4516 = DIRECTION ( 'NONE',  ( -1.000000000000000000, -0.000000000000000000, -0.000000000000000000 ) ) ;
#4517 = DIRECTION ( 'NONE',  ( 0.000000000000000000, 0.000000000000000000, 1.000000000000000000 ) ) ;
#4518 = AXIS2_PLACEMENT_3D ( 'NONE', #7710, #4546, #750 ) ;
#4519 = CARTESIAN_POINT ( 'NONE',  ( 16.37499999999999645, -3.671958834454337683, 1.328041165545662539 ) ) ;
#4521 = CARTESIAN_POINT ( 'NONE',  ( 82.37499999999998579, -1.328041165545655877, 3.671958834454344345 ) ) ;
#4520 = CARTESIAN_POINT ( 'NONE',  ( 103.0338363723698336, -0.2517800035653071089, 4.748219996434693613 ) ) ;
#4522 = CARTESIAN_POINT ( 'NONE',  ( 29.39940186598502336, -4.935956332719857897, -0.06404366728014246335 ) ) ;
#4523 = EDGE_CURVE ( 'NONE', #7481, #1927, #3482, .T. ) ;
#4524 = DIRECTION ( 'NONE',  ( 0.000000000000000000, 0.000000000000000000, 1.000000000000000000 ) ) ;
#4525 = ORIENTED_EDGE ( 'NONE', *, *, #7066, .F. ) ;
#4526 = CARTESIAN_POINT ( 'NONE',  ( 0.000000000000000000, 0.000000000000000000, 0.000000000000000000 ) ) ;
#4527 = B_SPLINE_CURVE_WITH_KNOTS ( 'NONE', 3,
 ( #7382, #4635, #553, #502, #8941, #3315, #6113, #6834, #455, #2636, #8207, #3954 ),
 .UNSPECIFIED., .F., .F.,
 ( 4, 2, 2, 2, 2, 4 ),
 ( 0.003504634718750216423, 0.003941423334025098701, 0.004378211949299981413, 0.005251789179849745970, 0.006125366410399511394, 0.006998943640949275950 ),
 .UNSPECIFIED. ) ;
#4528 = CIRCLE ( 'NONE', #4375, 1.000000000000000000 ) ;
#4529 = EDGE_LOOP ( 'NONE', ( #1653, #7814, #1796, #2307 ) ) ;
#4530 = CARTESIAN_POINT ( 'NONE',  ( 0.000000000000000000, 0.000000000000000000, 0.000000000000000000 ) ) ;
#4531 = PRODUCT_DEFINITION_SHAPE ( 'NONE', 'NONE',  #9068 ) ;
#4532 = CARTESIAN_POINT ( 'NONE',  ( 68.77225720791403774, -4.999999999998968825, -1.033198507083057943E-12 ) ) ;
#4533 = VERTEX_POINT ( 'NONE', #7118 ) ;
#4534 = CARTESIAN_POINT ( 'NONE',  ( 60.92277126958470745, -0.7176137099602833969, 4.282386290039717380 ) ) ;
#4535 = CARTESIAN_POINT ( 'NONE',  ( 68.91746587457267026, -0.008042224642539529122, -4.991957775357460214 ) ) ;
#4536 = AXIS2_PLACEMENT_3D ( 'NONE', #7827, #7965, #3088 ) ;
#4537 = DIRECTION ( 'NONE',  ( 0.000000000000000000, 0.000000000000000000, 1.000000000000000000 ) ) ;
#4538 = TOROIDAL_SURFACE ( 'NONE', #5429, 1.000000000000000000, 4.000000000000001776 ) ;
#4539 = CARTESIAN_POINT ( 'NONE',  ( 104.3750000000000000, -1.328041165545675195, -3.671958834454324805 ) ) ;
#4540 = ORIENTED_EDGE ( 'NONE', *, *, #4257, .T. ) ;
#4541 = AXIS2_PLACEMENT_3D ( 'NONE', #1866, #471, #1727 ) ;
#4542 = EDGE_LOOP ( 'NONE', ( #4865, #369, #3255, #3579 ) ) ;
#4543 = CARTESIAN_POINT ( 'NONE',  ( 10.23119955116401769, -0.6335913640930923574, -4.366408635906910085 ) ) ;
#4544 = DIRECTION ( 'NONE',  ( 0.000000000000000000, 0.000000000000000000, 1.000000000000000000 ) ) ;
#4545 = CARTESIAN_POINT ( 'NONE',  ( 2.500000000000002220, 0.000000000000000000, -5.000000000000000000 ) ) ;
#4546 = DIRECTION ( 'NONE',  ( -1.000000000000000000, -0.000000000000000000, -0.000000000000000000 ) ) ;
#4547 = CARTESIAN_POINT ( 'NONE',  ( 38.37499999999999289, 0.000000000000000000, 0.000000000000000000 ) ) ;
#4548 = DIRECTION ( 'NONE',  ( -0.000000000000000000, 1.000000000000000000, 1.224646799147353207E-16 ) ) ;
#4549 = ORIENTED_EDGE ( 'NONE', *, *, #6745, .T. ) ;
#4550 = DIRECTION ( 'NONE',  ( -1.000000000000000000, -0.000000000000000000, -0.000000000000000000 ) ) ;
#4551 = CARTESIAN_POINT ( 'NONE',  ( 32.01172757692818749, -4.502552532152180653, 0.4974474678478199574 ) ) ;
#4552 = B_SPLINE_CURVE_WITH_KNOTS ( 'NONE', 3,
 ( #2337, #8686, #2423, #1543, #121, #2933, #6550, #2246, #5025, #4336, #260, #7138, #1639, #859 ),
 .UNSPECIFIED., .F., .F.,
 ( 4, 2, 2, 2, 2, 2, 4 ),
 ( 4.583718812324987270E-07, 0.0009012731755029508920, 0.001351680577313809457, 0.001802087979124668022, 0.002252495380935526804, 0.002702902782746385152, 0.003603717586368104450 ),
 .UNSPECIFIED. ) ;
#4553 = EDGE_LOOP ( 'NONE', ( #8375, #508, #4354, #8787 ) ) ;
#4554 = ADVANCED_FACE ( 'NONE', ( #7940 ), #2161, .F. ) ;
#4555 = CARTESIAN_POINT ( 'NONE',  ( 0.000000000000000000, 0.000000000000000000, 0.000000000000000000 ) ) ;
#4556 = PERSON_AND_ORGANIZATION ( #6959, #4939 ) ;
#4557 = VERTEX_POINT ( 'NONE', #4363 ) ;
#4558 = CARTESIAN_POINT ( 'NONE',  ( 22.14736572063977960, -0.9599107665869537342, 4.040089233413045378 ) ) ;
#4559 = TOROIDAL_SURFACE ( 'NONE', #4585, 1.000000000000000000, 3.999999999999997335 ) ;
#4560 = EDGE_CURVE ( 'NONE', #572, #6642, #1865, .T. ) ;
#4561 = EDGE_LOOP ( 'NONE', ( #1449, #7080, #1956 ) ) ;
#4562 = CARTESIAN_POINT ( 'NONE',  ( 75.89842623724027248, -4.567820679626460212, 0.4321793203735401767 ) ) ;
#4563 = DIRECTION ( 'NONE',  ( 0.000000000000000000, 0.000000000000000000, 1.000000000000000000 ) ) ;
#4564 = EDGE_CURVE ( 'NONE', #5246, #7092, #8581, .T. ) ;
#4565 = DIRECTION ( 'NONE',  ( 0.000000000000000000, 0.000000000000000000, -1.000000000000000000 ) ) ;
#4566 = CARTESIAN_POINT ( 'NONE',  ( 52.12500000000000000, 0.000000000000000000, 0.000000000000000000 ) ) ;
#4568 = CARTESIAN_POINT ( 'NONE',  ( 112.4777427921127639, -1.290920563262914696E-14, 4.999999999999986677 ) ) ;
#4567 = DIRECTION ( 'NONE',  ( 0.000000000000000000, 0.000000000000000000, 1.000000000000000000 ) ) ;
#4569 = CARTESIAN_POINT ( 'NONE',  ( 118.1249999999999858, 0.000000000000000000, 0.000000000000000000 ) ) ;
#4570 = DIRECTION ( 'NONE',  ( -1.000000000000000000, -0.000000000000000000, -0.000000000000000000 ) ) ;
#4571 = DIRECTION ( 'NONE',  ( 0.000000000000000000, -1.000000000000000000, 0.000000000000000000 ) ) ;
#4572 = VERTEX_POINT ( 'NONE', #7796 ) ;
#4573 = CARTESIAN_POINT ( 'NONE',  ( 0.000000000000000000, 0.000000000000000000, 0.000000000000000000 ) ) ;
#4574 = ORIENTED_EDGE ( 'NONE', *, *, #1122, .F. ) ;
#4575 = FACE_OUTER_BOUND ( 'NONE', #5064, .T. ) ;
#4576 = AXIS2_PLACEMENT_3D ( 'NONE', #8745, #2487, #1889 ) ;
#4577 = CARTESIAN_POINT ( 'NONE',  ( 8.711134483478037538, -4.959369330381692365, -0.04063066961830994611 ) ) ;
#4578 = ORIENTED_EDGE ( 'NONE', *, *, #1438, .F. ) ;
#4579 = ADVANCED_FACE ( 'NONE', ( #242 ), #3762, .T. ) ;
#4580 = EDGE_CURVE ( 'NONE', #4740, #3321, #7998, .T. ) ;
#4581 = CARTESIAN_POINT ( 'NONE',  ( 94.71616362764446251, -4.748219996440587565, -0.2517800035594122132 ) ) ;
#4582 = CARTESIAN_POINT ( 'NONE',  ( 74.42125362938305955, -4.991698401479152558, -0.008301598520847809637 ) ) ;
#4583 = ADVANCED_FACE ( 'NONE', ( #4417 ), #4057, .F. ) ;
#4584 = DIRECTION ( 'NONE',  ( 0.000000000000000000, 0.000000000000000000, 1.000000000000000000 ) ) ;
#4585 = AXIS2_PLACEMENT_3D ( 'NONE', #3109, #5900, #5393 ) ;
#4586 = FACE_OUTER_BOUND ( 'NONE', #6312, .T. ) ;
#4587 = EDGE_LOOP ( 'NONE', ( #719, #7758, #3476 ) ) ;
#4588 = VERTEX_POINT ( 'NONE', #933 ) ;
#4589 = CARTESIAN_POINT ( 'NONE',  ( 98.87499999999998579, -3.671958834454324805, 1.328041165545675195 ) ) ;
#4590 = EDGE_CURVE ( 'NONE', #1327, #4476, #8730, .T. ) ;
#4591 = DIRECTION ( 'NONE',  ( 0.000000000000000000, 0.000000000000000000, 1.000000000000000000 ) ) ;
#4592 = CARTESIAN_POINT ( 'NONE',  ( 21.60263427936257941, -4.040089233410280478, 0.9599107665897197439 ) ) ;
#4593 = CARTESIAN_POINT ( 'NONE',  ( 119.8984262372402867, -4.567820679626460212, -0.4321793203735402322 ) ) ;
#4594 = FACE_OUTER_BOUND ( 'NONE', #4561, .T. ) ;
#4595 = EDGE_LOOP ( 'NONE', ( #8961, #1668, #1473, #4123 ) ) ;
#4596 = CARTESIAN_POINT ( 'NONE',  ( 31.27178058431637808, -0.1593231317801507840, 4.840676868219849993 ) ) ;
#4597 = FACE_OUTER_BOUND ( 'NONE', #5538, .T. ) ;
#4598 = VERTEX_POINT ( 'NONE', #3776 ) ;
#4599 = DIRECTION ( 'NONE',  ( 0.000000000000000000, 0.000000000000000000, 1.000000000000000000 ) ) ;
#4600 = PERSON_AND_ORGANIZATION ( #6959, #4939 ) ;
#4601 = ORIENTED_EDGE ( 'NONE', *, *, #4007, .T. ) ;
#4602 = CARTESIAN_POINT ( 'NONE',  ( 33.14736572063976894, -0.9599107665869520689, -4.040089233413046266 ) ) ;
#4603 = ORIENTED_EDGE ( 'NONE', *, *, #2844, .F. ) ;
#4604 = CARTESIAN_POINT ( 'NONE',  ( 87.87500000000000000, 0.000000000000000000, 3.904737509655568761 ) ) ;
#4605 = DIRECTION ( 'NONE',  ( -1.000000000000000000, -0.000000000000000000, -0.000000000000000000 ) ) ;
#4606 = TOROIDAL_SURFACE ( 'NONE', #1385, 1.000000000000000000, 1.375000000000001332 ) ;
#4607 = LINE ( 'NONE', #1036, #3637 ) ;
#4608 = CARTESIAN_POINT ( 'NONE',  ( 121.5251613215527158, -4.360868809976707006, 0.6391311900232947707 ) ) ;
#4610 = DIRECTION ( 'NONE',  ( -1.000000000000000000, -0.000000000000000000, -0.000000000000000000 ) ) ;
#4609 = CARTESIAN_POINT ( 'NONE',  ( 0.000000000000000000, 0.000000000000000000, 0.000000000000000000 ) ) ;
#4611 = CARTESIAN_POINT ( 'NONE',  ( 34.89940186600652083, -4.935956332723922202, 0.06404366727607921361 ) ) ;
#4612 = CYLINDRICAL_SURFACE ( 'NONE', #79, 1.000000000000000000 ) ;
#4613 = CARTESIAN_POINT ( 'NONE',  ( 54.01172757693687743, -4.502552532146859576, -0.4974474678531404792 ) ) ;
#4614 = ORIENTED_EDGE ( 'NONE', *, *, #3753, .F. ) ;
#4615 = FACE_OUTER_BOUND ( 'NONE', #7032, .T. ) ;
#4616 = ORIENTED_EDGE ( 'NONE', *, *, #7792, .T. ) ;
#4617 = AXIS2_PLACEMENT_3D ( 'NONE', #8919, #1183, #3978 ) ;
#4618 = FACE_OUTER_BOUND ( 'NONE', #549, .T. ) ;
#4619 = CARTESIAN_POINT ( 'NONE',  ( 18.53886551654431258, -0.04063066961492828311, 4.959369330385072772 ) ) ;
#4620 = VERTEX_POINT ( 'NONE', #6578 ) ;
#4621 = DIRECTION ( 'NONE',  ( 0.000000000000000000, 0.000000000000000000, 1.000000000000000000 ) ) ;
#4622 = EDGE_CURVE ( 'NONE', #4866, #7847, #2190, .T. ) ;
#4623 = CARTESIAN_POINT ( 'NONE',  ( 76.60263427936257585, -4.040089233410254721, -0.9599107665897453900 ) ) ;
#4624 = TOROIDAL_SURFACE ( 'NONE', #1349, 1.000000000000000000, 4.000000000000001776 ) ;
#4625 = CARTESIAN_POINT ( 'NONE',  ( 65.99621622079727956, -1.136863993905385506, 3.863136006094613162 ) ) ;
#4626 = AXIS2_PLACEMENT_3D ( 'NONE', #1268, #6995, #6943 ) ;
#4627 = EDGE_CURVE ( 'NONE', #1874, #899, #977, .T. ) ;
#4628 = AXIS2_PLACEMENT_3D ( 'NONE', #5881, #8697, #2353 ) ;
#4629 = DIRECTION ( 'NONE',  ( 0.000000000000000000, -1.224646799147352961E-16, 1.000000000000000000 ) ) ;
#4630 = AXIS2_PLACEMENT_3D ( 'NONE', #5284, #3861, #6657 ) ;
#4631 = CARTESIAN_POINT ( 'NONE',  ( 82.37499999999998579, 0.000000000000000000, 0.000000000000000000 ) ) ;
#4632 = VERTEX_POINT ( 'NONE', #5330 ) ;
#4633 = CARTESIAN_POINT ( 'NONE',  ( 78.21576228220553162, -0.2608011982980553700, 4.739198801701945740 ) ) ;
#4634 = CARTESIAN_POINT ( 'NONE',  ( 105.7157622822055316, -0.2608011982980553700, 4.739198801701945740 ) ) ;
#4635 = CARTESIAN_POINT ( 'NONE',  ( 107.2718435304483791, 5.404070203482437741E-15, -5.000000000000007105 ) ) ;
#4636 = CARTESIAN_POINT ( 'NONE',  ( 35.62500000000000000, 0.000000000000000000, 0.000000000000000000 ) ) ;
#4637 = CIRCLE ( 'NONE', #1272, 1.000000000000000000 ) ;
#4638 = CARTESIAN_POINT ( 'NONE',  ( 44.85157376276964669, -0.4321793203680398543, -4.567820679631961589 ) ) ;
#4639 = VERTEX_POINT ( 'NONE', #8118 ) ;
#4640 = CARTESIAN_POINT ( 'NONE',  ( 115.3749999999999858, -3.671958834454344345, -1.328041165545655877 ) ) ;
#4641 = AXIS2_PLACEMENT_3D ( 'NONE', #3866, #6661, #6751 ) ;
#4642 = CARTESIAN_POINT ( 'NONE',  ( 12.89665234915597836, -0.06459124882792127709, 4.935408751172080777 ) ) ;
#4643 = VERTEX_POINT ( 'NONE', #461 ) ;
#4644 = CARTESIAN_POINT ( 'NONE',  ( 30.12499999999979039, 2.863123587767663280E-13, 5.000000000000285993 ) ) ;
#4645 = DATE_AND_TIME ( #8079, #2179 ) ;
#4646 = ORIENTED_EDGE ( 'NONE', *, *, #204, .F. ) ;
#4647 = AXIS2_PLACEMENT_3D ( 'NONE', #8370, #2108, #3606 ) ;
#4648 = CARTESIAN_POINT ( 'NONE',  ( 23.25000000000000000, 0.000000000000000000, 1.000000000000000000 ) ) ;
#4649 = ORIENTED_EDGE ( 'NONE', *, *, #3741, .F. ) ;
#4650 = CARTESIAN_POINT ( 'NONE',  ( 21.01876480693204030, -0.4915337874217340919, 4.508466212578267296 ) ) ;
#4651 = SECURITY_CLASSIFICATION ( '', '', #1716 ) ;
#4652 = DIRECTION ( 'NONE',  ( 0.000000000000000000, -0.7071067811865474617, 0.7071067811865474617 ) ) ;
#4653 = B_SPLINE_CURVE_WITH_KNOTS ( 'NONE', 3,
 ( #6411, #3614, #1596, #2248, #3484, #4935, #123, #8415, #5627, #682, #6325, #6464, #1545, #8373, #9060, #2983 ),
 .UNSPECIFIED., .F., .F.,
 ( 4, 2, 2, 2, 2, 2, 2, 4 ),
 ( 4.818711198520267845E-07, 0.0008765200830274905803, 0.001314539188981317126, 0.001752558294935143562, 0.002190577400888969999, 0.002628596506842796870, 0.003066615612796623307, 0.003504634718750449743 ),
 .UNSPECIFIED. ) ;
#4654 = CARTESIAN_POINT ( 'NONE',  ( 35.62500000000000000, 0.000000000000000000, 0.000000000000000000 ) ) ;
#4655 = CARTESIAN_POINT ( 'NONE',  ( 123.0404637256984444, -4.967796004299645851, 0.03220399570035515496 ) ) ;
#4656 = EDGE_CURVE ( 'NONE', #6260, #6202, #8153, .T. ) ;
#4657 = CARTESIAN_POINT ( 'NONE',  ( -0.000000000000000000, -2.500000000000000000, -2.500000000000000000 ) ) ;
#4658 = CARTESIAN_POINT ( 'NONE',  ( 56.09032131224203255, -0.3138588207986857670, -4.686141179201316120 ) ) ;
#4659 = FACE_OUTER_BOUND ( 'NONE', #8400, .T. ) ;
#4660 = CIRCLE ( 'NONE', #5841, 1.375000000000001332 ) ;
#4661 = CARTESIAN_POINT ( 'NONE',  ( 52.27225720791380326, -4.999999999998976818, -1.023799617742085393E-12 ) ) ;
#4662 = VERTEX_POINT ( 'NONE', #1069 ) ;
#4663 = CARTESIAN_POINT ( 'NONE',  ( 120.8749999999999858, -1.328041165545675195, 3.671958834454324805 ) ) ;
#4664 = ORIENTED_EDGE ( 'NONE', *, *, #204, .T. ) ;
#4665 = CIRCLE ( 'NONE', #7580, 3.999999999999997335 ) ;
#4667 = CARTESIAN_POINT ( 'NONE',  ( 82.92277126958472877, -0.7176137099602881708, -4.282386290039712051 ) ) ;
#4666 = AXIS2_PLACEMENT_3D ( 'NONE', #6688, #400, #4537 ) ;
#4668 = DIRECTION ( 'NONE',  ( 0.000000000000000000, 0.000000000000000000, 1.000000000000000000 ) ) ;
#4669 = ORIENTED_EDGE ( 'NONE', *, *, #4878, .F. ) ;
#4670 = CARTESIAN_POINT ( 'NONE',  ( 112.3325341254524830, -4.991957775359345817, -0.008042224640654418999 ) ) ;
#4671 = CARTESIAN_POINT ( 'NONE',  ( 43.60122534970067676, -0.9582157396401915772, 4.041784260359809089 ) ) ;
#4672 = DIRECTION ( 'NONE',  ( -1.000000000000000000, -0.000000000000000000, -0.000000000000000000 ) ) ;
#4673 = CIRCLE ( 'NONE', #7446, 1.000000000000000000 ) ;
#4674 = EDGE_CURVE ( 'NONE', #8737, #7865, #5964, .T. ) ;
#4675 = DIRECTION ( 'NONE',  ( 0.000000000000000000, -1.224646799147353207E-16, 1.000000000000000000 ) ) ;
#4676 = CARTESIAN_POINT ( 'NONE',  ( 52.12500000002778933, -5.000000000000000888, -4.336808689942017736E-16 ) ) ;
#4677 = PERSON ( 'NAUO-PER4', 'UNSPECIFIED', 'UNSPECIFIED', ('UNSPECIFIED'), ('UNSPECIFIED'), ('UNSPECIFIED') ) ;
#4678 = CARTESIAN_POINT ( 'NONE',  ( 104.2537837792036584, -3.863136006093112584, 1.136863993906888082 ) ) ;
#4679 = CIRCLE ( 'NONE', #725, 3.904737509655557215 ) ;
#4680 = ORIENTED_EDGE ( 'NONE', *, *, #2802, .F. ) ;
#4681 = DIRECTION ( 'NONE',  ( -1.000000000000000000, -0.000000000000000000, -0.000000000000000000 ) ) ;
#4682 = ADVANCED_FACE ( 'NONE', ( #4597 ), #8587, .T. ) ;
#4683 = DIRECTION ( 'NONE',  ( -1.000000000000000000, -0.000000000000000000, -0.000000000000000000 ) ) ;
#4684 = CARTESIAN_POINT ( 'NONE',  ( 71.37500000000000000, 0.000000000000000000, 3.904737509655557659 ) ) ;
#4685 = ADVANCED_FACE ( 'NONE', ( #6120 ), #247, .F. ) ;
#4686 = CIRCLE ( 'NONE', #5864, 3.999999999999999112 ) ;
#4687 = CARTESIAN_POINT ( 'NONE',  ( 109.8749999999999858, 0.000000000000000000, 0.000000000000000000 ) ) ;
#4688 = CARTESIAN_POINT ( 'NONE',  ( 46.62499999999979394, 2.873490942237762426E-13, -5.000000000000286882 ) ) ;
#4689 = AXIS2_PLACEMENT_3D ( 'NONE', #3757, #3165, #8694 ) ;
#4690 = ORIENTED_EDGE ( 'NONE', *, *, #2, .T. ) ;
#4691 = EDGE_LOOP ( 'NONE', ( #6130, #6599, #7888 ) ) ;
#4692 = DIRECTION ( 'NONE',  ( 0.000000000000000000, 0.000000000000000000, 1.000000000000000000 ) ) ;
#4693 = DIRECTION ( 'NONE',  ( 0.000000000000000000, 0.000000000000000000, 1.000000000000000000 ) ) ;
#4694 = ADVANCED_FACE ( 'NONE', ( #3278 ), #8432, .T. ) ;
#4695 = EDGE_CURVE ( 'NONE', #1470, #6576, #1606, .T. ) ;
#4696 = EDGE_CURVE ( 'NONE', #7385, #5102, #7849, .T. ) ;
#4697 = ORIENTED_EDGE ( 'NONE', *, *, #1051, .F. ) ;
#4698 = CARTESIAN_POINT ( 'NONE',  ( 50.97821941570026638, -4.840676868225190610, 0.1593231317748085851 ) ) ;
#4699 = PERSON_AND_ORGANIZATION ( #6959, #4939 ) ;
#4700 = EDGE_LOOP ( 'NONE', ( #7378, #7199, #4176, #7749 ) ) ;
#4701 = CARTESIAN_POINT ( 'NONE',  ( 97.27046193742627622, -4.832344906983753852, -0.1676550930162466757 ) ) ;
#4702 = VERTEX_POINT ( 'NONE', #4735 ) ;
#4703 = CARTESIAN_POINT ( 'NONE',  ( 105.2312351930678602, -4.508466212578214005, -0.4915337874217864389 ) ) ;
#4704 = CARTESIAN_POINT ( 'NONE',  ( 50.75000000000000000, 0.000000000000000000, 0.000000000000000000 ) ) ;
#4705 = CARTESIAN_POINT ( 'NONE',  ( 4.453842755958632438, -0.4907550695741034752, -4.509244930425898801 ) ) ;
#4706 = CARTESIAN_POINT ( 'NONE',  ( 24.04368978649825905, -4.960065625086341967, -0.03993437491365967734 ) ) ;
#4707 = CARTESIAN_POINT ( 'NONE',  ( 39.35157376276965380, -0.4321793203680425743, 4.567820679631958924 ) ) ;
#4708 = ADVANCED_FACE ( 'NONE', ( #7523 ), #3619, .T. ) ;
#4709 = CARTESIAN_POINT ( 'NONE',  ( 76.87500000000000000, -1.328041165545675195, -3.671958834454324805 ) ) ;
#4710 = FACE_OUTER_BOUND ( 'NONE', #4351, .T. ) ;
#4711 = CARTESIAN_POINT ( 'NONE',  ( 54.32722873042053635, -4.282386290035433696, -0.7176137099645654160 ) ) ;
#4712 = ORIENTED_EDGE ( 'NONE', *, *, #4560, .T. ) ;
#4713 = CARTESIAN_POINT ( 'NONE',  ( 21.87500000000000000, 0.000000000000000000, 0.000000000000000000 ) ) ;
#4714 = CARTESIAN_POINT ( 'NONE',  ( 62.83253412545244743, -4.991957775359348481, 0.008042224640650729242 ) ) ;
#4715 = EDGE_LOOP ( 'NONE', ( #1914, #5028, #3214 ) ) ;
#4716 = FACE_OUTER_BOUND ( 'NONE', #6393, .T. ) ;
#4717 = DIRECTION ( 'NONE',  ( -1.000000000000000000, -0.000000000000000000, -0.000000000000000000 ) ) ;
#4718 = EDGE_LOOP ( 'NONE', ( #3967, #8898, #291 ) ) ;
#4719 = CARTESIAN_POINT ( 'NONE',  ( 91.99999999999998579, 1.224646799147353207E-16, -1.000000000000000000 ) ) ;
#4720 = CARTESIAN_POINT ( 'NONE',  ( 66.14736572063974052, -0.9599107665869588413, 4.040089233413040049 ) ) ;
#4721 = DIRECTION ( 'NONE',  ( -1.000000000000000000, -0.000000000000000000, -0.000000000000000000 ) ) ;
#4722 = CARTESIAN_POINT ( 'NONE',  ( 101.6250000000000000, 0.000000000000000000, 0.000000000000000000 ) ) ;
#4723 = CARTESIAN_POINT ( 'NONE',  ( 12.21616362764441632, -4.748219996440572466, 0.2517800035594289221 ) ) ;
#4724 = ORIENTED_EDGE ( 'NONE', *, *, #5326, .T. ) ;
#4725 = CARTESIAN_POINT ( 'NONE',  ( 96.12499999999998579, 0.000000000000000000, 0.000000000000000000 ) ) ;
#4726 = CARTESIAN_POINT ( 'NONE',  ( 118.1249999999999858, 1.224646799147353207E-16, -1.000000000000000000 ) ) ;
#4727 = AXIS2_PLACEMENT_3D ( 'NONE', #2986, #3708, #8515 ) ;
#4728 = CARTESIAN_POINT ( 'NONE',  ( 102.7717805843163603, -0.1593231317801559743, -4.840676868219844664 ) ) ;
#4729 = DIRECTION ( 'NONE',  ( -1.000000000000000000, -0.000000000000000000, -0.000000000000000000 ) ) ;
#4730 = EDGE_CURVE ( 'NONE', #2356, #3969, #2374, .T. ) ;
#4731 = CARTESIAN_POINT ( 'NONE',  ( 44.42277126958470745, -0.7176137099602826197, -4.282386290039717380 ) ) ;
#4732 = EDGE_LOOP ( 'NONE', ( #848, #896, #6850 ) ) ;
#4733 = VERTEX_POINT ( 'NONE', #2178 ) ;
#4734 = FACE_OUTER_BOUND ( 'NONE', #1499, .T. ) ;
#4735 = CARTESIAN_POINT ( 'NONE',  ( 71.37500000000000000, -3.671958834454324805, 1.328041165545675195 ) ) ;
#4736 = ADVANCED_FACE ( 'NONE', ( #7026 ), #828, .F. ) ;
#4737 = ORIENTED_EDGE ( 'NONE', *, *, #2672, .T. ) ;
#4738 = CARTESIAN_POINT ( 'NONE',  ( 61.97821941570037296, -4.840676868225231466, -0.1593231317747674236 ) ) ;
#4739 = DATE_AND_TIME ( #3503, #555 ) ;
#4740 = VERTEX_POINT ( 'NONE', #1300 ) ;
#4741 = CARTESIAN_POINT ( 'NONE',  ( 96.12500000002798117, -5.000000000000000888, -4.336808689942017736E-16 ) ) ;
#4742 = EDGE_CURVE ( 'NONE', #459, #7001, #6848, .T. ) ;
#4743 = VERTEX_POINT ( 'NONE', #5600 ) ;
#4744 = AXIS2_PLACEMENT_3D ( 'NONE', #1185, #6814, #2744 ) ;
#4745 = CARTESIAN_POINT ( 'NONE',  ( 43.75399883711745730, -1.137203174285764229, -3.862796825714235549 ) ) ;
#4746 = CARTESIAN_POINT ( 'NONE',  ( 6.715762282205542277, -0.2608011982980511512, 4.739198801701948405 ) ) ;
#4747 = CARTESIAN_POINT ( 'NONE',  ( 39.02374954628648851, -0.6401341107417612974, -4.359865889258238703 ) ) ;
#4748 = CARTESIAN_POINT ( 'NONE',  ( 10.87500000000000000, -1.328041165545663649, 3.671958834454336795 ) ) ;
#4749 = CIRCLE ( 'NONE', #6938, 3.999999999999997335 ) ;
#4750 = CARTESIAN_POINT ( 'NONE',  ( 28.02374954628650627, -0.6401341107417591880, -4.359865889258241367 ) ) ;
#4751 = CARTESIAN_POINT ( 'NONE',  ( 0.000000000000000000, -4.999999999999999112, 1.734723475976807094E-15 ) ) ;
#4752 = EDGE_LOOP ( 'NONE', ( #6100, #609, #7612, #5709 ) ) ;
#4753 = DIRECTION ( 'NONE',  ( -1.000000000000000000, -0.000000000000000000, -0.000000000000000000 ) ) ;
#4754 = CARTESIAN_POINT ( 'NONE',  ( 91.77046193742629043, -4.832344906983753852, -0.1676550930162466757 ) ) ;
#4755 = ORIENTED_EDGE ( 'NONE', *, *, #5088, .T. ) ;
#4756 = DIRECTION ( 'NONE',  ( 0.000000000000000000, -1.000000000000000000, 0.000000000000000000 ) ) ;
#4757 = CARTESIAN_POINT ( 'NONE',  ( 38.37499999999999289, 0.000000000000000000, 0.000000000000000000 ) ) ;
#4758 = VERTEX_POINT ( 'NONE', #2128 ) ;
#4759 = CARTESIAN_POINT ( 'NONE',  ( 112.4781564695780389, -5.000000000001025846, 1.024296614323890893E-12 ) ) ;
#4760 = CARTESIAN_POINT ( 'NONE',  ( 117.5436897864983479, -4.960065625086349961, 0.03993437491365041392 ) ) ;
#4761 = DIRECTION ( 'NONE',  ( 0.000000000000000000, -1.224646799147353207E-16, 1.000000000000000000 ) ) ;
#4762 = CIRCLE ( 'NONE', #7855, 1.000000000000000000 ) ;
#4763 = DIRECTION ( 'NONE',  ( 0.000000000000000000, 0.000000000000000000, 1.000000000000000000 ) ) ;
#4764 = EDGE_LOOP ( 'NONE', ( #7739, #5126, #6170, #8037 ) ) ;
#4765 = CARTESIAN_POINT ( 'NONE',  ( 57.62499999999999289, 0.000000000000000000, 0.000000000000000000 ) ) ;
#4766 = AXIS2_PLACEMENT_3D ( 'NONE', #2613, #5349, #8136 ) ;
#4767 = CARTESIAN_POINT ( 'NONE',  ( 13.62500000002789236, -5.000000000000000888, -4.336808689942017736E-16 ) ) ;
#4768 = EDGE_CURVE ( 'NONE', #5003, #7073, #613, .T. ) ;
#4769 = CARTESIAN_POINT ( 'NONE',  ( 20.27046193742617675, -4.832344906983785826, 0.1676550930162143405 ) ) ;
#4770 = ADVANCED_FACE ( 'NONE', ( #4266 ), #2023, .T. ) ;
#4771 = DIRECTION ( 'NONE',  ( 0.000000000000000000, -1.224646799147353207E-16, 1.000000000000000000 ) ) ;
#4772 = CARTESIAN_POINT ( 'NONE',  ( 13.62500000000000000, 1.224646799147353207E-16, -1.000000000000000000 ) ) ;
#4773 = AXIS2_PLACEMENT_3D ( 'NONE', #3338, #2826, #8271 ) ;
#4774 = EDGE_CURVE ( 'NONE', #8585, #5497, #3046, .T. ) ;
#4775 = TOROIDAL_SURFACE ( 'NONE', #7403, 0.9999999999999831246, 4.000000000000015987 ) ;
#4776 = ORIENTED_EDGE ( 'NONE', *, *, #8887, .T. ) ;
#4777 = ORIENTED_EDGE ( 'NONE', *, *, #1092, .F. ) ;
#4778 = DIRECTION ( 'NONE',  ( 0.000000000000000000, 0.000000000000000000, 1.000000000000000000 ) ) ;
#4779 = CARTESIAN_POINT ( 'NONE',  ( 21.99600116288349128, -3.862796825715729909, 1.137203174284268758 ) ) ;
#4780 = AXIS2_PLACEMENT_3D ( 'NONE', #6342, #5744, #8529 ) ;
#4781 = ORIENTED_EDGE ( 'NONE', *, *, #1141, .F. ) ;
#4782 = CARTESIAN_POINT ( 'NONE',  ( 122.2204032727459264, -4.740996707076422290, -0.2590032929235777104 ) ) ;
#4783 = DATE_AND_TIME ( #2131, #5680 ) ;
#4784 = ORIENTED_EDGE ( 'NONE', *, *, #4488, .F. ) ;
#4785 = EDGE_CURVE ( 'NONE', #355, #4120, #6528, .T. ) ;
#4786 = CARTESIAN_POINT ( 'NONE',  ( 32.99621622079728667, -1.136863993905377956, -3.863136006094622488 ) ) ;
#4787 =( REPRESENTATION_RELATIONSHIP ('NONE','NONE', #1337, #3161 ) REPRESENTATION_RELATIONSHIP_WITH_TRANSFORMATION ( #6297 )SHAPE_REPRESENTATION_RELATIONSHIP( ) );
#4788 = AXIS2_PLACEMENT_3D ( 'NONE', #6843, #8712, #4693 ) ;
#4789 = CARTESIAN_POINT ( 'NONE',  ( 43.87500000000000000, -1.328041165545660540, -3.671958834454339460 ) ) ;
#4790 = CARTESIAN_POINT ( 'NONE',  ( 39.35157376276964669, -0.4321793203680423523, -4.567820679631958924 ) ) ;
#4791 = CARTESIAN_POINT ( 'NONE',  ( 116.2382724230717770, -0.4974474678478646439, -4.502552532152135356 ) ) ;
#4792 = CARTESIAN_POINT ( 'NONE',  ( 53.53423771780833107, -4.739198801696361762, 0.2608011983036376824 ) ) ;
#4793 = CC_DESIGN_DATE_AND_TIME_ASSIGNMENT ( #3919, #422, ( #2624 ) ) ;
#4794 = FACE_OUTER_BOUND ( 'NONE', #1249, .T. ) ;
#4795 = AXIS2_PLACEMENT_3D ( 'NONE', #7599, #3481, #2022 ) ;
#4796 = CARTESIAN_POINT ( 'NONE',  ( 44.52374954628650272, -0.6401341107417605203, 4.359865889258240479 ) ) ;
#4797 = CIRCLE ( 'NONE', #1285, 1.374999999999999556 ) ;
#4798 = DIRECTION ( 'NONE',  ( -1.000000000000000000, -0.000000000000000000, -0.000000000000000000 ) ) ;
#4799 = ORIENTED_EDGE ( 'NONE', *, *, #5181, .T. ) ;
#4800 = CARTESIAN_POINT ( 'NONE',  ( 61.74999999999999289, 0.000000000000000000, 1.000000000000000000 ) ) ;
#4801 = ORGANIZATION ( 'NAUO-ORG2', 'UNSPECIFIED', 'UNSPECIFIED' ) ;
#4802 = CARTESIAN_POINT ( 'NONE',  ( 111.4795380625907910, -0.1676550930109085291, -4.832344906989090916 ) ) ;
#4803 = VERTEX_POINT ( 'NONE', #2262 ) ;
#4804 = CARTESIAN_POINT ( 'NONE',  ( 71.64877465030180304, -4.041784260362676129, -0.9582157396373237601 ) ) ;
#4805 = CARTESIAN_POINT ( 'NONE',  ( 89.21576228220553162, -0.2608011982980491528, 4.739198801701950181 ) ) ;
#4806 = EDGE_LOOP ( 'NONE', ( #1365, #8627, #9024, #6355 ) ) ;
#4807 = ADVANCED_FACE ( 'NONE', ( #5182 ), #8881, .T. ) ;
#4808 = DIRECTION ( 'NONE',  ( -1.000000000000000000, -0.000000000000000000, -0.000000000000000000 ) ) ;
#4809 = EDGE_CURVE ( 'NONE', #3160, #8390, #6961, .T. ) ;
#4810 = AXIS2_PLACEMENT_3D ( 'NONE', #8818, #5394, #3835 ) ;
#4811 = CARTESIAN_POINT ( 'NONE',  ( 104.3750000000000000, 0.000000000000000000, 0.000000000000000000 ) ) ;
#4812 = EDGE_CURVE ( 'NONE', #6566, #8693, #2258, .T. ) ;
#4813 = DIRECTION ( 'NONE',  ( 0.000000000000000000, 0.000000000000000000, 1.000000000000000000 ) ) ;
#4814 = TOROIDAL_SURFACE ( 'NONE', #7148, 1.000000000000000000, 1.374999999999994227 ) ;
#4815 = FACE_OUTER_BOUND ( 'NONE', #927, .T. ) ;
#4816 = ORIENTED_EDGE ( 'NONE', *, *, #448, .F. ) ;
#4817 = DIRECTION ( 'NONE',  ( 0.000000000000000000, 0.000000000000000000, 1.000000000000000000 ) ) ;
#4818 = CIRCLE ( 'NONE', #7593, 1.000000000000000000 ) ;
#4819 = CARTESIAN_POINT ( 'NONE',  ( 14.21113448347806241, -4.959369330381686147, 0.04063066961831404006 ) ) ;
#4820 = CARTESIAN_POINT ( 'NONE',  ( 66.42277126958471456, -0.7176137099602910574, -4.282386290039709387 ) ) ;
#4821 = VECTOR ( 'NONE', #1007, 1000.000000000000000 ) ;
#4822 = CIRCLE ( 'NONE', #6005, 1.000000000000000000 ) ;
#4823 = VERTEX_POINT ( 'NONE', #5145 ) ;
#4824 = ORIENTED_EDGE ( 'NONE', *, *, #1960, .T. ) ;
#4825 = CARTESIAN_POINT ( 'NONE',  ( 87.87500000000000000, -1.328041165545655877, -3.671958834454344345 ) ) ;
#4826 = DIRECTION ( 'NONE',  ( 0.000000000000000000, 0.000000000000000000, 1.000000000000000000 ) ) ;
#4827 = ORIENTED_EDGE ( 'NONE', *, *, #6989, .T. ) ;
#4828 = AXIS2_PLACEMENT_3D ( 'NONE', #8183, #6862, #1965 ) ;
#4829 = CARTESIAN_POINT ( 'NONE',  ( 123.0404637256984444, -4.967796004299645851, -0.03220399570035505782 ) ) ;
#4830 = AXIS2_PLACEMENT_3D ( 'NONE', #7413, #6875, #8194 ) ;
#4831 = ITEM_DEFINED_TRANSFORMATION ( 'NONE', 'NONE', #5392,  #3344 ) ;
#4832 = ORIENTED_EDGE ( 'NONE', *, *, #5980, .F. ) ;
#4833 = CARTESIAN_POINT ( 'NONE',  ( 93.37499999999998579, -1.328041165545675195, 3.671958834454324805 ) ) ;
#4834 = DIRECTION ( 'NONE',  ( -1.000000000000000000, -0.000000000000000000, -0.000000000000000000 ) ) ;
#4835 = CARTESIAN_POINT ( 'NONE',  ( 63.12499999999998579, 1.224646799147353207E-16, -1.000000000000000000 ) ) ;
#4836 = TOROIDAL_SURFACE ( 'NONE', #887, 1.000000000000000000, 4.000000000000000000 ) ;
#4837 = DIRECTION ( 'NONE',  ( -1.000000000000000000, -0.000000000000000000, -0.000000000000000000 ) ) ;
#4838 = DIRECTION ( 'NONE',  ( -1.000000000000000000, -0.000000000000000000, -0.000000000000000000 ) ) ;
#4839 = CARTESIAN_POINT ( 'NONE',  ( 46.62499999999979394, 2.871737586104897556E-13, 5.000000000000286882 ) ) ;
#4840 = EDGE_CURVE ( 'NONE', #7865, #1785, #5979, .T. ) ;
#4841 = CARTESIAN_POINT ( 'NONE',  ( 0.000000000000000000, 0.000000000000000000, 0.000000000000000000 ) ) ;
#4842 = VERTEX_POINT ( 'NONE', #5098 ) ;
#4843 = CARTESIAN_POINT ( 'NONE',  ( 43.99600116288348062, -3.862796825715728577, -1.137203174284272089 ) ) ;
#4844 = CARTESIAN_POINT ( 'NONE',  ( 61.23123519307652174, -4.508466212583698507, 0.4915337874163028808 ) ) ;
#4845 = VERTEX_POINT ( 'NONE', #4451 ) ;
#4846 = EDGE_CURVE ( 'NONE', #8638, #8483, #385, .T. ) ;
#4847 = CARTESIAN_POINT ( 'NONE',  ( 71.49600116288350193, -3.862796825715729021, -1.137203174284272089 ) ) ;
#4848 = CARTESIAN_POINT ( 'NONE',  ( 80.63240203055839572, -4.872131520497875456, 0.1278684795021238774 ) ) ;
#4849 = EDGE_LOOP ( 'NONE', ( #5217, #2591, #236 ) ) ;
#4850 = AXIS2_PLACEMENT_3D ( 'NONE', #7521, #4550, #6118 ) ;
#4851 = CARTESIAN_POINT ( 'NONE',  ( 62.11759796945996470, -0.1278684794971722549, -4.872131520502827939 ) ) ;
#4852 = CARTESIAN_POINT ( 'NONE',  ( 32.87500000000000000, 0.000000000000000000, 0.000000000000000000 ) ) ;
#4853 = CARTESIAN_POINT ( 'NONE',  ( 15.00000000000000000, 1.224646799147353207E-16, -1.000000000000000000 ) ) ;
#4854 = CARTESIAN_POINT ( 'NONE',  ( 28.23827242307173080, -0.4974474678478661982, 4.502552532152134468 ) ) ;
#4855 = ORIENTED_EDGE ( 'NONE', *, *, #1521, .T. ) ;
#4856 = EDGE_CURVE ( 'NONE', #415, #701, #3720, .T. ) ;
#4857 = DIRECTION ( 'NONE',  ( 0.000000000000000000, 0.000000000000000000, 1.000000000000000000 ) ) ;
#4858 = EDGE_CURVE ( 'NONE', #89, #701, #6114, .T. ) ;
#4859 = CARTESIAN_POINT ( 'NONE',  ( 74.12500000000000000, 0.000000000000000000, 1.000000000000000000 ) ) ;
#4860 = CARTESIAN_POINT ( 'NONE',  ( 36.35334765086494002, -4.935408751168116837, 0.06459124883188327448 ) ) ;
#4861 = B_SPLINE_CURVE_WITH_KNOTS ( 'NONE', 3,
 ( #6903, #737, #88, #6374, #8427, #2948, #5737, #40, #2172, #2219, #822, #4996, #7741, #7063, #779, #7784 ),
 .UNSPECIFIED., .F., .F.,
 ( 4, 2, 2, 2, 2, 2, 2, 4 ),
 ( 4.818711198681143754E-07, 0.0008765200830205597095, 0.001314539188970918543, 0.001752558294921277484, 0.002190577400871636642, 0.002628596506821994933, 0.003066615612772354092, 0.003504634718722713250 ),
 .UNSPECIFIED. ) ;
#4862 = CARTESIAN_POINT ( 'NONE',  ( 13.92125362938295829, -4.991698401479159664, 0.008301598520839042344 ) ) ;
#4863 = CARTESIAN_POINT ( 'NONE',  ( 108.2704619374090669, -4.832344906989143318, 0.1676550930108581250 ) ) ;
#4864 = AXIS2_PLACEMENT_3D ( 'NONE', #403, #3990, #6014 ) ;
#4865 = ORIENTED_EDGE ( 'NONE', *, *, #8433, .F. ) ;
#4866 = VERTEX_POINT ( 'NONE', #1757 ) ;
#4867 = CARTESIAN_POINT ( 'NONE',  ( 5.244133725873109775, -1.133734314220248951, 3.866265685779750161 ) ) ;
#4868 = CARTESIAN_POINT ( 'NONE',  ( 60.37500000000000000, -1.328041165545665647, 3.671958834454334575 ) ) ;
#4869 = CARTESIAN_POINT ( 'NONE',  ( 51.83253412545226979, -4.991957775359334271, 0.008042224640665882052 ) ) ;
#4870 = APPROVAL_ROLE ( '' ) ;
#4871 = ORIENTED_EDGE ( 'NONE', *, *, #177, .F. ) ;
#4872 = DIRECTION ( 'NONE',  ( -1.000000000000000000, -0.000000000000000000, -0.000000000000000000 ) ) ;
#4873 = DIRECTION ( 'NONE',  ( 0.000000000000000000, 0.000000000000000000, 1.000000000000000000 ) ) ;
#4874 = CARTESIAN_POINT ( 'NONE',  ( 40.82874637064228551, -0.008301598518915612179, -4.991698401481082570 ) ) ;
#4875 = CARTESIAN_POINT ( 'NONE',  ( 8.125000000000000000, 0.000000000000000000, 1.000000000000000000 ) ) ;
#4876 = DIRECTION ( 'NONE',  ( -1.000000000000000000, -0.000000000000000000, -0.000000000000000000 ) ) ;
#4877 = CARTESIAN_POINT ( 'NONE',  ( 85.27184353044840748, 5.461139048303694649E-15, -5.000000000000007105 ) ) ;
#4878 = EDGE_CURVE ( 'NONE', #5237, #4203, #167, .T. ) ;
#4879 = CARTESIAN_POINT ( 'NONE',  ( 42.50000000000000000, 1.224646799147353207E-16, -1.000000000000000000 ) ) ;
#4880 = B_SPLINE_CURVE_WITH_KNOTS ( 'NONE', 3,
 ( #7016, #2717, #643, #76, #6923, #5679, #6195, #3408, #1334, #7232, #3805, #6467, #5779, #814, #173, #7868 ),
 .UNSPECIFIED., .F., .F.,
 ( 4, 2, 2, 2, 2, 2, 2, 4 ),
 ( 4.818711198559467471E-07, 0.0008765200830274422249, 0.001314539188981235594, 0.001752558294935028637, 0.002190577400888821680, 0.002628596506842615158, 0.003066615612796408201, 0.003504634718750198209 ),
 .UNSPECIFIED. ) ;
#4881 = DIRECTION ( 'NONE',  ( 0.000000000000000000, 0.000000000000000000, 1.000000000000000000 ) ) ;
#4882 = ORIENTED_EDGE ( 'NONE', *, *, #3615, .T. ) ;
#4883 = CIRCLE ( 'NONE', #2555, 3.904737509655563876 ) ;
#4884 = CARTESIAN_POINT ( 'NONE',  ( 45.89940186600652794, -4.935956332723924866, -0.06404366727607752052 ) ) ;
#4885 = CARTESIAN_POINT ( 'NONE',  ( 2.500000000000000000, 0.000000000000000000, 0.000000000000000000 ) ) ;
#4886 = EDGE_LOOP ( 'NONE', ( #560, #5738, #1406 ) ) ;
#4887 = FACE_OUTER_BOUND ( 'NONE', #3104, .T. ) ;
#4888 = CARTESIAN_POINT ( 'NONE',  ( 81.03423771780845186, -4.739198801696320018, 0.2608011983036805925 ) ) ;
#4889 = ORIENTED_EDGE ( 'NONE', *, *, #6579, .T. ) ;
#4890 = CARTESIAN_POINT ( 'NONE',  ( 13.04368978649824484, -4.960065625086339303, 0.03993437491366091940 ) ) ;
#4891 = CARTESIAN_POINT ( 'NONE',  ( 65.99600116288350193, -3.862796825715731242, -1.137203174284269425 ) ) ;
#4892 = AXIS2_PLACEMENT_3D ( 'NONE', #7898, #3144, #3830 ) ;
#4893 = DIRECTION ( 'NONE',  ( 0.000000000000000000, 0.000000000000000000, 1.000000000000000000 ) ) ;
#4894 = DIRECTION ( 'NONE',  ( -1.000000000000000000, -0.000000000000000000, -0.000000000000000000 ) ) ;
#4895 = DIRECTION ( 'NONE',  ( -1.000000000000000000, -0.000000000000000000, -0.000000000000000000 ) ) ;
#4896 = ORIENTED_EDGE ( 'NONE', *, *, #3607, .T. ) ;
#4897 = DIRECTION ( 'NONE',  ( 0.000000000000000000, 0.000000000000000000, 1.000000000000000000 ) ) ;
#4898 = CARTESIAN_POINT ( 'NONE',  ( 115.3749999999999858, -1.328041165545655655, 3.671958834454344345 ) ) ;
#4899 = CARTESIAN_POINT ( 'NONE',  ( 38.25378377920365125, -3.863136006093138786, 1.136863993906862325 ) ) ;
#4900 = CIRCLE ( 'NONE', #8553, 1.375000000000001332 ) ;
#4901 = CARTESIAN_POINT ( 'NONE',  ( 65.87499999999998579, 0.000000000000000000, 0.000000000000000000 ) ) ;
#4902 = EDGE_CURVE ( 'NONE', #7847, #1687, #7709, .T. ) ;
#4903 = FACE_OUTER_BOUND ( 'NONE', #6691, .T. ) ;
#4904 = ORIENTED_EDGE ( 'NONE', *, *, #311, .T. ) ;
#4905 = AXIS2_PLACEMENT_3D ( 'NONE', #1923, #6677, #386 ) ;
#4906 = VERTEX_POINT ( 'NONE', #1941 ) ;
#4907 = EDGE_LOOP ( 'NONE', ( #5836, #7510, #390 ) ) ;
#4908 = CARTESIAN_POINT ( 'NONE',  ( 3.950767519260592664, -0.2549259710288356295, 4.745074028971164815 ) ) ;
#4909 = CARTESIAN_POINT ( 'NONE',  ( 13.62500000000000000, 0.000000000000000000, 0.000000000000000000 ) ) ;
#4910 = FACE_OUTER_BOUND ( 'NONE', #831, .T. ) ;
#4911 = AXIS2_PLACEMENT_3D ( 'NONE', #5529, #8398, #4920 ) ;
#4912 = APPROVAL_DATE_TIME ( #4783, #5259 ) ;
#4913 = EDGE_LOOP ( 'NONE', ( #8566, #537, #8273 ) ) ;
#4914 = CARTESIAN_POINT ( 'NONE',  ( 94.71576228220551741, -0.2608011982980544263, 4.739198801701945740 ) ) ;
#4915 = CIRCLE ( 'NONE', #969, 3.904737509655565653 ) ;
#4916 = DIRECTION ( 'NONE',  ( -1.000000000000000000, -0.000000000000000000, -0.000000000000000000 ) ) ;
#4917 = AXIS2_PLACEMENT_3D ( 'NONE', #1996, #6, #2044 ) ;
#4918 = CARTESIAN_POINT ( 'NONE',  ( 39.59032131224201123, -0.3138588207986880430, -4.686141179201311679 ) ) ;
#4919 = CARTESIAN_POINT ( 'NONE',  ( 93.92277126958470035, -0.7176137099602921676, -4.282386290039709387 ) ) ;
#4920 = DIRECTION ( 'NONE',  ( 0.000000000000000000, 0.000000000000000000, 1.000000000000000000 ) ) ;
#4921 = ORIENTED_EDGE ( 'NONE', *, *, #7751, .T. ) ;
#4922 = CARTESIAN_POINT ( 'NONE',  ( 104.1026342793625616, -4.040089233410254721, -0.9599107665897453900 ) ) ;
#4923 = AXIS2_PLACEMENT_3D ( 'NONE', #2584, #7333, #3904 ) ;
#4924 = CARTESIAN_POINT ( 'NONE',  ( 65.75399883711745019, -1.137203174285769780, 3.862796825714231996 ) ) ;
#4925 = VERTEX_POINT ( 'NONE', #1847 ) ;
#4926 = DIRECTION ( 'NONE',  ( -1.000000000000000000, -0.000000000000000000, -0.000000000000000000 ) ) ;
#4927 = EDGE_CURVE ( 'NONE', #5102, #7828, #1566, .T. ) ;
#4928 = CARTESIAN_POINT ( 'NONE',  ( 20.49999999999999645, 0.000000000000000000, 0.000000000000000000 ) ) ;
#4929 = CARTESIAN_POINT ( 'NONE',  ( 61.71576228220553872, -0.2608011982980502630, -4.739198801701948405 ) ) ;
#4931 = CARTESIAN_POINT ( 'NONE',  ( 86.53383637236984782, -0.2517800035653034452, 4.748219996434696277 ) ) ;
#4930 = CARTESIAN_POINT ( 'NONE',  ( 3.538331087163100630, -4.874457784808692296, 0.1255422151913082873 ) ) ;
#4932 = AXIS2_PLACEMENT_3D ( 'NONE', #7951, #1038, #7906 ) ;
#4933 = DIRECTION ( 'NONE',  ( -0.000000000000000000, 1.000000000000000000, 1.224646799147353207E-16 ) ) ;
#4934 = CARTESIAN_POINT ( 'NONE',  ( 125.0000000000000000, 1.224646799147353207E-16, -1.000000000000000000 ) ) ;
#4935 = CARTESIAN_POINT ( 'NONE',  ( 32.01172757692817328, -4.502552532152178877, -0.4974474678478192358 ) ) ;
#4936 = TOROIDAL_SURFACE ( 'NONE', #990, 1.000000000000000000, 4.000000000000000000 ) ;
#4937 = ORIENTED_EDGE ( 'NONE', *, *, #3941, .T. ) ;
#4938 = DIRECTION ( 'NONE',  ( 0.000000000000000000, 0.000000000000000000, 1.000000000000000000 ) ) ;
#4939 = ORGANIZATION ( 'UNSPECIFIED', 'UNSPECIFIED', '' ) ;
#4940 = CARTESIAN_POINT ( 'NONE',  ( 115.1012253497006554, -0.9582157396401873584, 4.041784260359812642 ) ) ;
#4941 = DIRECTION ( 'NONE',  ( 0.000000000000000000, -1.224646799147353207E-16, 1.000000000000000000 ) ) ;
#4942 = EDGE_CURVE ( 'NONE', #918, #1319, #5221, .T. ) ;
#4943 = DIRECTION ( 'NONE',  ( 0.000000000000000000, 0.000000000000000000, 1.000000000000000000 ) ) ;
#4944 = AXIS2_PLACEMENT_3D ( 'NONE', #1493, #5663, #2193 ) ;
#4945 = DIRECTION ( 'NONE',  ( -1.000000000000000000, -0.000000000000000000, -0.000000000000000000 ) ) ;
#4946 = ORIENTED_EDGE ( 'NONE', *, *, #1609, .F. ) ;
#4947 = DIRECTION ( 'NONE',  ( 0.000000000000000000, -1.224646799147353207E-16, 1.000000000000000000 ) ) ;
#4948 = ADVANCED_FACE ( 'NONE', ( #357 ), #7565, .T. ) ;
#4949 = AXIS2_PLACEMENT_3D ( 'NONE', #6908, #1921, #8230 ) ;
#4950 = VERTEX_POINT ( 'NONE', #8110 ) ;
#4951 = ORIENTED_EDGE ( 'NONE', *, *, #1665, .F. ) ;
#4952 = CARTESIAN_POINT ( 'NONE',  ( 5.078062799767601554, -0.9514725588577763737, 4.048527441142224070 ) ) ;
#4953 = CARTESIAN_POINT ( 'NONE',  ( 58.77178058431636742, -0.1593231317801506453, 4.840676868219849993 ) ) ;
#4954 = EDGE_CURVE ( 'NONE', #39, #975, #7702, .T. ) ;
#4955 = CARTESIAN_POINT ( 'NONE',  ( 49.92277126958471456, -0.7176137099602841740, -4.282386290039717380 ) ) ;
#4956 = AXIS2_PLACEMENT_3D ( 'NONE', #8666, #3821, #1988 ) ;
#4957 = ORIENTED_EDGE ( 'NONE', *, *, #6707, .F. ) ;
#4958 = CARTESIAN_POINT ( 'NONE',  ( 95.97774279211273551, -1.210240675036942905E-14, 4.999999999999988454 ) ) ;
#4959 = EDGE_CURVE ( 'NONE', #5658, #6410, #1014, .T. ) ;
#4960 = DIRECTION ( 'NONE',  ( -1.000000000000000000, -0.000000000000000000, -0.000000000000000000 ) ) ;
#4961 = EDGE_CURVE ( 'NONE', #4030, #9023, #3568, .T. ) ;
#4962 = DIRECTION ( 'NONE',  ( 0.000000000000000000, -1.000000000000000000, 0.000000000000000000 ) ) ;
#4963 = EDGE_CURVE ( 'NONE', #6093, #2123, #116, .T. ) ;
#4964 = CIRCLE ( 'NONE', #8315, 1.000000000000000000 ) ;
#4965 = CARTESIAN_POINT ( 'NONE',  ( 43.87500000000000000, 0.000000000000000000, 0.000000000000000000 ) ) ;
#4966 = CIRCLE ( 'NONE', #3959, 1.000000000000000000 ) ;
#4967 = CARTESIAN_POINT ( 'NONE',  ( 27.37500000000000000, -1.328041165545663649, -3.671958834454336351 ) ) ;
#4968 = APPROVAL ( #2550, 'UNKNOWN' ) ;
#4969 = DIRECTION ( 'NONE',  ( 1.000000000000000000, 0.000000000000000000, 0.000000000000000000 ) ) ;
#4970 = VERTEX_POINT ( 'NONE', #6319 ) ;
#4971 = CARTESIAN_POINT ( 'NONE',  ( 41.12500000000000000, 1.224646799147353207E-16, -1.000000000000000000 ) ) ;
#4972 = CARTESIAN_POINT ( 'NONE',  ( 88.73123519307652884, -4.508466212583701171, 0.4915337874162993281 ) ) ;
#4973 = ORIENTED_EDGE ( 'NONE', *, *, #7375, .T. ) ;
#4974 = DIRECTION ( 'NONE',  ( 0.000000000000000000, 0.000000000000000000, 1.000000000000000000 ) ) ;
#4975 = AXIS2_PLACEMENT_3D ( 'NONE', #3983, #8057, #8190 ) ;
#4976 = DIRECTION ( 'NONE',  ( 0.000000000000000000, 0.000000000000000000, 1.000000000000000000 ) ) ;
#4977 = ADVANCED_FACE ( 'NONE', ( #4249 ), #4207, .T. ) ;
#4978 = DIRECTION ( 'NONE',  ( -1.000000000000000000, -0.000000000000000000, -0.000000000000000000 ) ) ;
#4979 = CARTESIAN_POINT ( 'NONE',  ( 0.000000000000000000, 0.000000000000000000, 0.000000000000000000 ) ) ;
#4980 = CARTESIAN_POINT ( 'NONE',  ( 3.955154278000766244, -4.743466930263049441, 0.2565330697369493373 ) ) ;
#4981 = VERTEX_POINT ( 'NONE', #7723 ) ;
#4982 = DIRECTION ( 'NONE',  ( -1.000000000000000000, -0.000000000000000000, -0.000000000000000000 ) ) ;
#4983 = DIRECTION ( 'NONE',  ( 0.000000000000000000, 0.000000000000000000, 1.000000000000000000 ) ) ;
#4984 = EDGE_LOOP ( 'NONE', ( #6437, #469, #3003, #19 ) ) ;
#4985 = CARTESIAN_POINT ( 'NONE',  ( 47.77046193742612701, -4.832344906983800037, -0.1676550930162006015 ) ) ;
#4986 = ORIENTED_EDGE ( 'NONE', *, *, #7686, .F. ) ;
#4987 = CARTESIAN_POINT ( 'NONE',  ( 100.6175979694599789, -0.1278684794971776117, -4.872131520502822610 ) ) ;
#4988 = CARTESIAN_POINT ( 'NONE',  ( 24.62500000000000000, 0.000000000000000000, 0.000000000000000000 ) ) ;
#4989 = DIRECTION ( 'NONE',  ( -1.000000000000000000, -0.000000000000000000, -0.000000000000000000 ) ) ;
#4990 = CARTESIAN_POINT ( 'NONE',  ( 96.27184353044839327, 6.345970840829211041E-15, -5.000000000000006217 ) ) ;
#4991 = B_SPLINE_CURVE_WITH_KNOTS ( 'NONE', 3,
 ( #4473, #4380, #7182, #334, #5947, #1731, #4520, #6500, #3020, #991, #3794, #8727 ),
 .UNSPECIFIED., .F., .F.,
 ( 4, 2, 2, 2, 2, 4 ),
 ( 0.003504634718750216423, 0.003941423334025103038, 0.004378211949299989220, 0.005251789179849763317, 0.006125366410399537415, 0.006998943640949311512 ),
 .UNSPECIFIED. ) ;
#4992 = CARTESIAN_POINT ( 'NONE',  ( 105.7161636276300385, -4.748219996434642098, 0.2517800035653582902 ) ) ;
#4993 = TOROIDAL_SURFACE ( 'NONE', #2958, 1.000000000000000000, 4.000000000000000000 ) ;
#4994 = CARTESIAN_POINT ( 'NONE',  ( 26.03383637236985848, -0.2517800035653022239, 4.748219996434698054 ) ) ;
#4995 = ORIENTED_EDGE ( 'NONE', *, *, #1011, .F. ) ;
#4996 = CARTESIAN_POINT ( 'NONE',  ( 69.35334765086507502, -4.935408751168083974, 0.06459124883191601219 ) ) ;
#4997 = ORIENTED_EDGE ( 'NONE', *, *, #9028, .F. ) ;
#4998 = ORIENTED_EDGE ( 'NONE', *, *, #4457, .T. ) ;
#4999 = CARTESIAN_POINT ( 'NONE',  ( 24.91746587457269513, -0.008042224642536959997, -4.991957775357462879 ) ) ;
#5000 = CARTESIAN_POINT ( 'NONE',  ( 82.64736572063975473, -0.9599107665869561767, 4.040089233413043601 ) ) ;
#5001 = CARTESIAN_POINT ( 'NONE',  ( 7.978156469577921683, -5.000000000001022293, -1.022714780294893487E-12 ) ) ;
#5002 = CIRCLE ( 'NONE', #7345, 3.904737509655565653 ) ;
#5003 = VERTEX_POINT ( 'NONE', #3411 ) ;
#5004 = CARTESIAN_POINT ( 'NONE',  ( 95.39665234915595704, -0.06459124882792478817, 4.935408751172075448 ) ) ;
#5005 = EDGE_CURVE ( 'NONE', #1258, #2328, #6643, .T. ) ;
#5006 = CARTESIAN_POINT ( 'NONE',  ( 57.62500000002779643, -5.000000000000000888, -4.336808689942017736E-16 ) ) ;
#5007 = CARTESIAN_POINT ( 'NONE',  ( 72.59032131224201123, -0.3138588207986941492, 4.686141179201305462 ) ) ;
#5008 = CIRCLE ( 'NONE', #3852, 1.375000000000001332 ) ;
#5009 = DIRECTION ( 'NONE',  ( -1.000000000000000000, -0.000000000000000000, -0.000000000000000000 ) ) ;
#5010 = EDGE_CURVE ( 'NONE', #7639, #325, #2924, .T. ) ;
#5011 = PERSON_AND_ORGANIZATION_ROLE ( 'creator' ) ;
#5012 = ORIENTED_EDGE ( 'NONE', *, *, #7069, .T. ) ;
#5013 = CARTESIAN_POINT ( 'NONE',  ( 16.37500000000000000, -1.328041165545662539, -3.671958834454338128 ) ) ;
#5014 = B_SPLINE_CURVE_WITH_KNOTS ( 'NONE', 3,
 ( #5086, #1602, #913, #4534, #7370, #8006, #7918, #7233, #6511, #2387, #6557, #3032, #8608, #8557, #348, #5174 ),
 .UNSPECIFIED., .F., .F.,
 ( 4, 2, 2, 2, 2, 2, 2, 4 ),
 ( 4.818711198300327270E-07, 0.0008765200830274123009, 0.001314539188981203935, 0.001752558294934995677, 0.002190577400888787420, 0.002628596506842578728, 0.003066615612796370471, 0.003504634718750162213 ),
 .UNSPECIFIED. ) ;
#5015 = CYLINDRICAL_SURFACE ( 'NONE', #853, 1.000000000000000000 ) ;
#5016 = EDGE_LOOP ( 'NONE', ( #3961, #7405, #5464 ) ) ;
#5017 = FACE_OUTER_BOUND ( 'NONE', #3884, .T. ) ;
#5018 = DIRECTION ( 'NONE',  ( -1.000000000000000000, -0.000000000000000000, -0.000000000000000000 ) ) ;
#5019 = CARTESIAN_POINT ( 'NONE',  ( 83.71616362764447672, -4.748219996440589341, -0.2517800035594116581 ) ) ;
#5020 = CARTESIAN_POINT ( 'NONE',  ( 67.47821941570038007, -4.840676868225227025, -0.1593231317747710318 ) ) ;
#5022 = CARTESIAN_POINT ( 'NONE',  ( 96.85059813401475992, -0.06404366728011004484, 4.935956332719890760 ) ) ;
#5021 = CARTESIAN_POINT ( 'NONE',  ( 2.805286957784273838, -5.000000000000001776, -4.626493957902986874E-15 ) ) ;
#5023 = EDGE_LOOP ( 'NONE', ( #5576, #2571, #198, #1206 ) ) ;
#5024 = CARTESIAN_POINT ( 'NONE',  ( 37.03383637236984782, -0.2517800035653026680, 4.748219996434697165 ) ) ;
#5025 = CARTESIAN_POINT ( 'NONE',  ( 3.955154278000765355, -4.743466930263050330, -0.2565330697369497259 ) ) ;
#5026 = ORIENTED_EDGE ( 'NONE', *, *, #6331, .F. ) ;
#5027 = FACE_OUTER_BOUND ( 'NONE', #559, .T. ) ;
#5028 = ORIENTED_EDGE ( 'NONE', *, *, #764, .T. ) ;
#5029 = CARTESIAN_POINT ( 'NONE',  ( 20.27178058431636742, -0.1593231317801519775, -4.840676868219848217 ) ) ;
#5030 = CIRCLE ( 'NONE', #1082, 3.904737509655562544 ) ;
#5031 = CARTESIAN_POINT ( 'NONE',  ( 9.132402030558301576, -4.872131520497903878, -0.1278684795020972043 ) ) ;
#5032 = CARTESIAN_POINT ( 'NONE',  ( 96.12499999999998579, 0.000000000000000000, 1.000000000000000000 ) ) ;
#5033 = DIRECTION ( 'NONE',  ( -1.000000000000000000, -0.000000000000000000, -0.000000000000000000 ) ) ;
#5034 = CARTESIAN_POINT ( 'NONE',  ( 123.6249999999999858, 0.000000000000000000, -5.000000000000000000 ) ) ;
#5035 = CARTESIAN_POINT ( 'NONE',  ( 111.2157622822055316, -0.2608011982980544818, -4.739198801701945740 ) ) ;
#5036 = ORIENTED_EDGE ( 'NONE', *, *, #2783, .T. ) ;
#5037 = DIRECTION ( 'NONE',  ( -1.000000000000000000, -0.000000000000000000, -0.000000000000000000 ) ) ;
#5038 = AXIS2_PLACEMENT_3D ( 'NONE', #5593, #5505, #8289 ) ;
#5039 = ORIENTED_EDGE ( 'NONE', *, *, #4846, .T. ) ;
#5040 = EDGE_CURVE ( 'NONE', #2554, #8390, #7271, .T. ) ;
#5041 = VERTEX_POINT ( 'NONE', #1241 ) ;
#5042 = CARTESIAN_POINT ( 'NONE',  ( 25.35059813401477413, -0.06404366728010667253, -4.935956332719893425 ) ) ;
#5043 = ADVANCED_FACE ( 'NONE', ( #6833 ), #8299, .T. ) ;
#5044 = DIRECTION ( 'NONE',  ( -1.000000000000000000, -0.000000000000000000, -0.000000000000000000 ) ) ;
#5045 = LINE ( 'NONE', #6992, #216 ) ;
#5046 = CARTESIAN_POINT ( 'NONE',  ( 50.23827242307172725, -0.4974474678478679190, -4.502552532152132692 ) ) ;
#5047 = EDGE_CURVE ( 'NONE', #534, #583, #5444, .T. ) ;
#5048 = EDGE_LOOP ( 'NONE', ( #4512, #8173, #8839 ) ) ;
#5049 = CARTESIAN_POINT ( 'NONE',  ( 77.52374954628649562, -0.6401341107417679588, -4.359865889258232485 ) ) ;
#5050 = EDGE_LOOP ( 'NONE', ( #3210, #5305, #6450, #314 ) ) ;
#5051 = CARTESIAN_POINT ( 'NONE',  ( 52.12500000000000000, 0.000000000000000000, 0.000000000000000000 ) ) ;
#5052 = CARTESIAN_POINT ( 'NONE',  ( 0.000000000000000000, 0.000000000000000000, 1.000000000000000000 ) ) ;
#5053 = B_SPLINE_CURVE_WITH_KNOTS ( 'NONE', 3,
 ( #9000, #4064, #5574, #8918, #4796, #7538, #4194, #6222, #5489, #2741, #6138, #2140, #5610, #6306, #2055, #4839 ),
 .UNSPECIFIED., .F., .F.,
 ( 4, 2, 2, 2, 2, 2, 2, 4 ),
 ( 4.818711198555901463E-07, 0.0008765200830274415744, 0.001314539188981233859, 0.001752558294935026469, 0.002190577400888819078, 0.002628596506842610821, 0.003066615612796403430, 0.003504634718750195607 ),
 .UNSPECIFIED. ) ;
#5054 = VECTOR ( 'NONE', #2438, 1000.000000000000000 ) ;
#5055 = CIRCLE ( 'NONE', #810, 3.999999999999996447 ) ;
#5056 = CARTESIAN_POINT ( 'NONE',  ( 72.23827242307174856, -0.4974474678478734146, -4.502552532152127363 ) ) ;
#5057 = EDGE_CURVE ( 'NONE', #4588, #5658, #4497, .T. ) ;
#5058 = DIRECTION ( 'NONE',  ( -1.000000000000000000, -0.000000000000000000, -0.000000000000000000 ) ) ;
#5059 = CIRCLE ( 'NONE', #5365, 4.000000000000000000 ) ;
#5060 = DIRECTION ( 'NONE',  ( 5.541835563929096372E-17, -1.665334536937735304E-16, -1.000000000000000000 ) ) ;
#5061 = ORIENTED_EDGE ( 'NONE', *, *, #6641, .T. ) ;
#5062 = CARTESIAN_POINT ( 'NONE',  ( 30.12500000000000000, 0.000000000000000000, 1.000000000000000000 ) ) ;
#5063 = CARTESIAN_POINT ( 'NONE',  ( 123.0355415424375707, -0.03305267957215556052, -4.966947320427843593 ) ) ;
#5064 = EDGE_LOOP ( 'NONE', ( #6267, #3985, #8986, #5026 ) ) ;
#5065 = CIRCLE ( 'NONE', #5954, 3.999999999999999112 ) ;
#5066 = DIRECTION ( 'NONE',  ( 0.000000000000000000, 0.000000000000000000, 1.000000000000000000 ) ) ;
#5067 = B_SPLINE_CURVE_WITH_KNOTS ( 'NONE', 3,
 ( #6431, #7244, #3045, #2359, #882, #5228, #8705, #4406, #2997, #3817, #2263, #2311, #5840, #7836, #1758, #145 ),
 .UNSPECIFIED., .F., .F.,
 ( 4, 2, 2, 2, 2, 2, 2, 4 ),
 ( 4.818711198515178236E-07, 0.0008765200830206137028, 0.001314539188970994870, 0.001752558294921375930, 0.002190577400871757206, 0.002628596506822138482, 0.003066615612772519324, 0.003504634718722900600 ),
 .UNSPECIFIED. ) ;
#5068 = CARTESIAN_POINT ( 'NONE',  ( 19.71113448347802333, -4.959369330381691476, -0.04063066961830812812 ) ) ;
#5069 = EDGE_CURVE ( 'NONE', #1772, #1572, #5231, .T. ) ;
#5070 = CARTESIAN_POINT ( 'NONE',  ( 108.5338363723698478, -0.2517800035653028345, 4.748219996434696277 ) ) ;
#5071 = DIRECTION ( 'NONE',  ( 0.000000000000000000, 0.000000000000000000, 1.000000000000000000 ) ) ;
#5073 = CARTESIAN_POINT ( 'NONE',  ( 85.70631021352429002, -0.03993437491703631659, 4.960065625082964225 ) ) ;
#5072 = CARTESIAN_POINT ( 'NONE',  ( 5.375000000000000000, 0.000000000000000000, 3.904737509655562544 ) ) ;
#5074 = ORIENTED_EDGE ( 'NONE', *, *, #281, .T. ) ;
#5075 = CARTESIAN_POINT ( 'NONE',  ( 98.22625045371997032, -4.359865889253468296, 0.6401341107465335911 ) ) ;
#5076 = AXIS2_PLACEMENT_3D ( 'NONE', #463, #3280, #2597 ) ;
#5077 = CARTESIAN_POINT ( 'NONE',  ( 43.87500000000000000, 4.781924292710294564E-16, -3.904737509655566097 ) ) ;
#5078 = ORIENTED_EDGE ( 'NONE', *, *, #8327, .F. ) ;
#5079 = DIRECTION ( 'NONE',  ( 0.000000000000000000, 0.000000000000000000, 1.000000000000000000 ) ) ;
#5080 = ORIENTED_EDGE ( 'NONE', *, *, #8012, .F. ) ;
#5081 = DIRECTION ( 'NONE',  ( 0.000000000000000000, -1.000000000000000000, 0.000000000000000000 ) ) ;
#5082 = EDGE_CURVE ( 'NONE', #4662, #355, #4006, .T. ) ;
#5083 = CARTESIAN_POINT ( 'NONE',  ( 70.82722873042057188, -4.282386290035390175, -0.7176137099646094919 ) ) ;
#5084 = VECTOR ( 'NONE', #65, 1000.000000000000000 ) ;
#5085 = EDGE_CURVE ( 'NONE', #4620, #5694, #391, .T. ) ;
#5086 = CARTESIAN_POINT ( 'NONE',  ( 60.37500000000000000, -1.328041165545665647, 3.671958834454334575 ) ) ;
#5087 = DIRECTION ( 'NONE',  ( 0.000000000000000000, 0.000000000000000000, 1.000000000000000000 ) ) ;
#5088 = EDGE_CURVE ( 'NONE', #7369, #6018, #4348, .T. ) ;
#5089 = CARTESIAN_POINT ( 'NONE',  ( 24.62500000000000000, 0.000000000000000000, 1.000000000000000000 ) ) ;
#5090 = AXIS2_PLACEMENT_3D ( 'NONE', #803, #4331, #3564 ) ;
#5091 = DIRECTION ( 'NONE',  ( 0.000000000000000000, 0.7071067811865474617, -0.7071067811865474617 ) ) ;
#5092 = LOCAL_TIME ( 19, 56, 48.00000000000000000, #6798 ) ;
#5093 = ORIENTED_EDGE ( 'NONE', *, *, #3624, .T. ) ;
#5094 = FACE_OUTER_BOUND ( 'NONE', #1902, .T. ) ;
#5095 = ORIENTED_EDGE ( 'NONE', *, *, #4878, .T. ) ;
#5096 = VERTEX_POINT ( 'NONE', #5072 ) ;
#5097 = CARTESIAN_POINT ( 'NONE',  ( 76.87500000000000000, -3.671958834454324805, -1.328041165545675195 ) ) ;
#5098 = CARTESIAN_POINT ( 'NONE',  ( 19.12499999999979039, 2.846928307476403400E-13, 5.000000000000284217 ) ) ;
#5099 = DIRECTION ( 'NONE',  ( -1.000000000000000000, -0.000000000000000000, -0.000000000000000000 ) ) ;
#5100 = CIRCLE ( 'NONE', #7009, 1.000000000000000000 ) ;
#5101 = CARTESIAN_POINT ( 'NONE',  ( 5.375000000000000000, -3.671958834454335019, 1.328041165545665425 ) ) ;
#5102 = VERTEX_POINT ( 'NONE', #1590 ) ;
#5103 = CARTESIAN_POINT ( 'NONE',  ( 76.99621622079729377, -1.136863993905388615, -3.863136006094610941 ) ) ;
#5104 = AXIS2_PLACEMENT_3D ( 'NONE', #2240, #2974, #5767 ) ;
#5105 = TOROIDAL_SURFACE ( 'NONE', #3947, 1.000000000000000000, 1.374999999999999556 ) ;
#5106 = ORIENTED_EDGE ( 'NONE', *, *, #8363, .T. ) ;
#5107 = CARTESIAN_POINT ( 'NONE',  ( 82.37499999999998579, -1.328041165545655877, -3.671958834454344345 ) ) ;
#5108 = CARTESIAN_POINT ( 'NONE',  ( 48.03383637236985493, -0.2517800035652996704, -4.748219996434700718 ) ) ;
#5109 = CIRCLE ( 'NONE', #709, 1.374999999999999556 ) ;
#5110 = CARTESIAN_POINT ( 'NONE',  ( 30.12499999999979039, 2.861759535918290366E-13, -5.000000000000285993 ) ) ;
#5111 = VERTEX_POINT ( 'NONE', #5815 ) ;
#5112 = CARTESIAN_POINT ( 'NONE',  ( 23.21576228220554583, -0.2608011982980508736, 4.739198801701948405 ) ) ;
#5113 = DIRECTION ( 'NONE',  ( 0.000000000000000000, 0.000000000000000000, 1.000000000000000000 ) ) ;
#5114 = ORIENTED_EDGE ( 'NONE', *, *, #6051, .F. ) ;
#5115 = DIRECTION ( 'NONE',  ( -1.000000000000000000, -0.000000000000000000, -0.000000000000000000 ) ) ;
#5116 = AXIS2_PLACEMENT_3D ( 'NONE', #2957, #5888, #7840 ) ;
#5117 = CARTESIAN_POINT ( 'NONE',  ( 91.20631021352424739, -0.03993437491703782233, 4.960065625082963336 ) ) ;
#5118 = DIRECTION ( 'NONE',  ( 0.000000000000000000, -1.000000000000000000, 0.000000000000000000 ) ) ;
#5119 = DIRECTION ( 'NONE',  ( 0.000000000000000000, 0.000000000000000000, -1.000000000000000000 ) ) ;
#5121 = CARTESIAN_POINT ( 'NONE',  ( 79.62500000000000000, 0.000000000000000000, 1.000000000000000000 ) ) ;
#5120 = DIRECTION ( 'NONE',  ( 0.000000000000000000, 0.000000000000000000, 1.000000000000000000 ) ) ;
#5122 = EDGE_CURVE ( 'NONE', #16, #3383, #8883, .T. ) ;
#5123 = TOROIDAL_SURFACE ( 'NONE', #7027, 1.000000000000000000, 3.999999999999997335 ) ;
#5124 = CARTESIAN_POINT ( 'NONE',  ( 38.25378377920364414, -3.863136006093137453, -1.136863993906862103 ) ) ;
#5125 = DIRECTION ( 'NONE',  ( -1.000000000000000000, -0.000000000000000000, -0.000000000000000000 ) ) ;
#5126 = ORIENTED_EDGE ( 'NONE', *, *, #1312, .T. ) ;
#5127 = DIRECTION ( 'NONE',  ( -1.000000000000000000, -0.000000000000000000, -0.000000000000000000 ) ) ;
#5128 = CIRCLE ( 'NONE', #3233, 3.999999999999997335 ) ;
#5129 = EDGE_LOOP ( 'NONE', ( #2906, #3243, #863 ) ) ;
#5130 = CARTESIAN_POINT ( 'NONE',  ( 54.01876480693205451, -0.4915337874217329261, 4.508466212578267296 ) ) ;
#5131 = DIRECTION ( 'NONE',  ( 0.000000000000000000, -1.224646799147353207E-16, 1.000000000000000000 ) ) ;
#5132 = CARTESIAN_POINT ( 'NONE',  ( 93.37499999999998579, 0.000000000000000000, 3.904737509655557659 ) ) ;
#5133 = CARTESIAN_POINT ( 'NONE',  ( 87.87500000000000000, -1.328041165545655655, 3.671958834454344345 ) ) ;
#5134 = B_SPLINE_CURVE_WITH_KNOTS ( 'NONE', 3,
 ( #6401, #6588, #4377, #5160, #800, #8642, #5019, #945, #852, #902, #3602, #113 ),
 .UNSPECIFIED., .F., .F.,
 ( 4, 2, 2, 2, 2, 4 ),
 ( 0.003504634718722679856, 0.003941423334001001658, 0.004378211949279324326, 0.005251789179835968796, 0.006125366410392612398, 0.006998943640949256868 ),
 .UNSPECIFIED. ) ;
#5135 = CARTESIAN_POINT ( 'NONE',  ( 94.01880044884222798, -4.366408635911685820, 0.6335913640883145126 ) ) ;
#5136 = EDGE_CURVE ( 'NONE', #8035, #5237, #4991, .T. ) ;
#5137 = DIRECTION ( 'NONE',  ( -1.000000000000000000, -0.000000000000000000, -0.000000000000000000 ) ) ;
#5138 = EDGE_CURVE ( 'NONE', #6477, #7550, #396, .T. ) ;
#5139 = ORIENTED_EDGE ( 'NONE', *, *, #2057, .T. ) ;
#5140 = CARTESIAN_POINT ( 'NONE',  ( 43.87500000000000000, -3.671958834454339460, 1.328041165545660540 ) ) ;
#5141 = ORIENTED_EDGE ( 'NONE', *, *, #8047, .T. ) ;
#5142 = VERTEX_POINT ( 'NONE', #8044 ) ;
#5143 = CARTESIAN_POINT ( 'NONE',  ( 22.85157376276965024, -0.4321793203680419637, -4.567820679631958924 ) ) ;
#5144 = AXIS2_PLACEMENT_3D ( 'NONE', #2041, #696, #6378 ) ;
#5145 = CARTESIAN_POINT ( 'NONE',  ( 35.62499999999978684, 2.837560127215673901E-13, -5.000000000000283329 ) ) ;
#5146 = DIRECTION ( 'NONE',  ( -0.000000000000000000, 1.000000000000000000, 1.224646799147353207E-16 ) ) ;
#5147 = DIRECTION ( 'NONE',  ( 0.000000000000000000, 0.000000000000000000, 1.000000000000000000 ) ) ;
#5148 = ORIENTED_EDGE ( 'NONE', *, *, #6046, .T. ) ;
#5149 = CARTESIAN_POINT ( 'NONE',  ( 71.37500000000000000, 4.781924292710285690E-16, -3.904737509655557659 ) ) ;
#5150 = VERTEX_POINT ( 'NONE', #1822 ) ;
#5151 = CARTESIAN_POINT ( 'NONE',  ( 37.51876480693205451, -0.4915337874217333147, -4.508466212578267296 ) ) ;
#5152 = CARTESIAN_POINT ( 'NONE',  ( 46.91746587457269868, -0.008042224642534800266, -4.991957775357466431 ) ) ;
#5153 = DIRECTION ( 'NONE',  ( 0.000000000000000000, 0.000000000000000000, 1.000000000000000000 ) ) ;
#5154 = PERSON_AND_ORGANIZATION_ROLE ( 'creator' ) ;
#5155 = VERTEX_POINT ( 'NONE', #5299 ) ;
#5156 = CARTESIAN_POINT ( 'NONE',  ( 23.47953806259080167, -0.1676550930109052540, 4.832344906989095357 ) ) ;
#5157 = ORIENTED_EDGE ( 'NONE', *, *, #1434, .F. ) ;
#5158 = DIRECTION ( 'NONE',  ( -1.000000000000000000, -0.000000000000000000, -0.000000000000000000 ) ) ;
#5159 = LINE ( 'NONE', #901, #6179 ) ;
#5160 = CARTESIAN_POINT ( 'NONE',  ( 84.54368978649833366, -4.960065625086346408, -0.03993437491365127434 ) ) ;
#5161 = CARTESIAN_POINT ( 'NONE',  ( 99.73123519307651463, -4.508466212583692290, -0.4915337874163090981 ) ) ;
#5162 = AXIS2_PLACEMENT_3D ( 'NONE', #306, #1744, #8606 ) ;
#5163 = ADVANCED_FACE ( 'NONE', ( #8089 ), #1123, .F. ) ;
#5165 = LINE ( 'NONE', #4657, #5344 ) ;
#5164 = CARTESIAN_POINT ( 'NONE',  ( 85.42125362938303113, -4.991698401479151670, -0.008301598520848999657 ) ) ;
#5166 = EDGE_CURVE ( 'NONE', #2696, #203, #4797, .T. ) ;
#5167 = FACE_OUTER_BOUND ( 'NONE', #712, .T. ) ;
#5168 = CARTESIAN_POINT ( 'NONE',  ( 109.8749999999999858, 0.000000000000000000, 0.000000000000000000 ) ) ;
#5169 = EDGE_LOOP ( 'NONE', ( #7762, #6898, #5213, #2934 ) ) ;
#5170 = CARTESIAN_POINT ( 'NONE',  ( 87.87500000000000000, -3.671958834454344345, -1.328041165545655877 ) ) ;
#5171 = ORIENTED_EDGE ( 'NONE', *, *, #1159, .T. ) ;
#5172 = CARTESIAN_POINT ( 'NONE',  ( 19.27184353044837550, 8.501881449828222923E-15, -5.000000000000008882 ) ) ;
#5173 = DIRECTION ( 'NONE',  ( -0.000000000000000000, 1.000000000000000000, 1.224646799147353207E-16 ) ) ;
#5174 = CARTESIAN_POINT ( 'NONE',  ( 63.12499999999977973, 2.851934276330579378E-13, 5.000000000000285105 ) ) ;
#5175 = CARTESIAN_POINT ( 'NONE',  ( 39.23123519307647200, -4.508466212583657651, -0.4915337874163439036 ) ) ;
#5176 = CARTESIAN_POINT ( 'NONE',  ( 13.62499999999979039, 2.854271752256853163E-13, 5.000000000000285105 ) ) ;
#5177 = CARTESIAN_POINT ( 'NONE',  ( 105.9795380625907910, -0.1676550930109093895, -4.832344906989090916 ) ) ;
#5178 = ORIENTED_EDGE ( 'NONE', *, *, #7340, .T. ) ;
#5179 = ORIENTED_EDGE ( 'NONE', *, *, #7751, .F. ) ;
#5180 = CARTESIAN_POINT ( 'NONE',  ( 24.62499999999979394, 2.855542628414076572E-13, -5.000000000000285105 ) ) ;
#5181 = EDGE_CURVE ( 'NONE', #7567, #1717, #1571, .T. ) ;
#5182 = FACE_OUTER_BOUND ( 'NONE', #1087, .T. ) ;
#5183 = DIRECTION ( 'NONE',  ( 0.000000000000000000, 0.000000000000000000, 1.000000000000000000 ) ) ;
#5184 = CIRCLE ( 'NONE', #1237, 1.000000000000000000 ) ;
#5185 = CARTESIAN_POINT ( 'NONE',  ( 50.71576228220554583, -0.2608011982980509846, -4.739198801701948405 ) ) ;
#5186 = B_SPLINE_CURVE_WITH_KNOTS ( 'NONE', 3,
 ( #1718, #246, #8586, #5940, #2275, #8720, #2371, #2458, #7350, #7945, #1671, #3059 ),
 .UNSPECIFIED., .F., .F.,
 ( 4, 2, 2, 2, 2, 4 ),
 ( 0.003504634718750182162, 0.003941423334025068344, 0.004378211949299954525, 0.005251789179849728623, 0.006125366410399500985, 0.006998943640949275083 ),
 .UNSPECIFIED. ) ;
#5187 = CARTESIAN_POINT ( 'NONE',  ( 18.82874637064227485, -0.008301598518916677300, -4.991698401481082570 ) ) ;
#5188 = ORIENTED_EDGE ( 'NONE', *, *, #6191, .F. ) ;
#5189 = DIRECTION ( 'NONE',  ( 0.000000000000000000, 0.000000000000000000, -1.000000000000000000 ) ) ;
#5190 = CARTESIAN_POINT ( 'NONE',  ( 8.125000000000000000, 0.000000000000000000, 0.000000000000000000 ) ) ;
#5191 = EDGE_CURVE ( 'NONE', #8137, #965, #6842, .T. ) ;
#5192 = CIRCLE ( 'NONE', #8845, 3.904737509655568761 ) ;
#5193 = FACE_OUTER_BOUND ( 'NONE', #908, .T. ) ;
#5194 = CALENDAR_DATE ( 2026, 21, 2 ) ;
#5195 = ORIENTED_EDGE ( 'NONE', *, *, #3600, .F. ) ;
#5196 = CARTESIAN_POINT ( 'NONE',  ( 74.12500000000000000, 0.000000000000000000, 0.000000000000000000 ) ) ;
#5197 = ORIENTED_EDGE ( 'NONE', *, *, #4333, .T. ) ;
#5198 = CARTESIAN_POINT ( 'NONE',  ( 76.32722873042057188, -4.282386290035391063, 0.7176137099646090478 ) ) ;
#5199 = DIRECTION ( 'NONE',  ( 0.000000000000000000, 0.000000000000000000, 1.000000000000000000 ) ) ;
#5200 = AXIS2_PLACEMENT_3D ( 'NONE', #1501, #4293, #7094 ) ;
#5201 = DIRECTION ( 'NONE',  ( -1.000000000000000000, -0.000000000000000000, -0.000000000000000000 ) ) ;
#5202 = CARTESIAN_POINT ( 'NONE',  ( 100.8994018660066843, -4.935956332723948847, -0.06404366727605186049 ) ) ;
#5204 = CARTESIAN_POINT ( 'NONE',  ( 98.75399883711747862, -1.137203174285774887, 3.862796825714226667 ) ) ;
#5203 = CARTESIAN_POINT ( 'NONE',  ( 85.27225720791398089, -4.999999999998965272, -1.033786818522306987E-12 ) ) ;
#5205 = B_SPLINE_CURVE_WITH_KNOTS ( 'NONE', 3,
 ( #2417, #7353, #3971, #5340, #8177, #1076, #3875, #8676, #6667, #3200, #7309, #8775 ),
 .UNSPECIFIED., .F., .F.,
 ( 4, 2, 2, 2, 2, 4 ),
 ( 0.003504634718750216423, 0.003941423334025103038, 0.004378211949299989220, 0.005251789179849763317, 0.006125366410399537415, 0.006998943640949311512 ),
 .UNSPECIFIED. ) ;
#5206 = DIRECTION ( 'NONE',  ( 0.000000000000000000, 0.000000000000000000, 1.000000000000000000 ) ) ;
#5207 = FACE_OUTER_BOUND ( 'NONE', #6141, .T. ) ;
#5208 = CARTESIAN_POINT ( 'NONE',  ( 96.12499999999998579, 0.000000000000000000, 1.000000000000000000 ) ) ;
#5209 = VERTEX_POINT ( 'NONE', #128 ) ;
#5210 = CARTESIAN_POINT ( 'NONE',  ( 98.87499999999998579, -1.328041165545675195, 3.671958834454324805 ) ) ;
#5211 = CIRCLE ( 'NONE', #7982, 1.374999999999994227 ) ;
#5212 = EDGE_CURVE ( 'NONE', #6701, #5246, #834, .T. ) ;
#5213 = ORIENTED_EDGE ( 'NONE', *, *, #2088, .T. ) ;
#5214 = CARTESIAN_POINT ( 'NONE',  ( 132.6250000000000000, 0.000000000000000000, 0.000000000000000000 ) ) ;
#5215 = TOROIDAL_SURFACE ( 'NONE', #8423, 1.000000000000000000, 3.999999999999996447 ) ;
#5216 = CARTESIAN_POINT ( 'NONE',  ( 66.51880044884224219, -4.366408635911692926, 0.6335913640883089615 ) ) ;
#5217 = ORIENTED_EDGE ( 'NONE', *, *, #1452, .T. ) ;
#5218 = DIRECTION ( 'NONE',  ( -1.000000000000000000, -0.000000000000000000, -0.000000000000000000 ) ) ;
#5219 = CARTESIAN_POINT ( 'NONE',  ( 71.37500000000000000, -1.328041165545675195, -3.671958834454324805 ) ) ;
#5220 = CARTESIAN_POINT ( 'NONE',  ( 40.83253412545227690, -4.991957775359334271, -0.008042224640665836949 ) ) ;
#5221 = CIRCLE ( 'NONE', #6985, 3.904737509655565653 ) ;
#5222 = CARTESIAN_POINT ( 'NONE',  ( 46.04368978649816313, -4.960065625086328644, 0.03993437491367264613 ) ) ;
#5223 = ORIENTED_EDGE ( 'NONE', *, *, #6955, .F. ) ;
#5224 = ORIENTED_EDGE ( 'NONE', *, *, #362, .F. ) ;
#5225 = ADVANCED_FACE ( 'NONE', ( #6468 ), #1508, .F. ) ;
#5226 = CARTESIAN_POINT ( 'NONE',  ( 78.89665234915595704, -0.06459124882792550981, 4.935408751172074560 ) ) ;
#5227 = CARTESIAN_POINT ( 'NONE',  ( 43.22625045371989927, -4.359865889253509152, 0.6401341107464916247 ) ) ;
#5228 = CARTESIAN_POINT ( 'NONE',  ( 48.51172757693691295, -4.502552532146860464, 0.4974474678531404792 ) ) ;
#5229 = CARTESIAN_POINT ( 'NONE',  ( 0.000000000000000000, 1.224646799147353207E-16, -1.000000000000000000 ) ) ;
#5230 = ADVANCED_FACE ( 'NONE', ( #7144 ), #8738, .T. ) ;
#5231 = CIRCLE ( 'NONE', #544, 1.000000000000000000 ) ;
#5232 = DIRECTION ( 'NONE',  ( 0.000000000000000000, 0.000000000000000000, 1.000000000000000000 ) ) ;
#5233 = AXIS2_PLACEMENT_3D ( 'NONE', #2777, #8351, #4873 ) ;
#5234 = CC_DESIGN_APPROVAL ( #2342, ( #23 ) ) ;
#5235 = DIRECTION ( 'NONE',  ( -1.000000000000000000, -0.000000000000000000, -0.000000000000000000 ) ) ;
#5236 = EDGE_CURVE ( 'NONE', #3, #1927, #7705, .T. ) ;
#5237 = VERTEX_POINT ( 'NONE', #2847 ) ;
#5238 = DIRECTION ( 'NONE',  ( -1.000000000000000000, -0.000000000000000000, -0.000000000000000000 ) ) ;
#5239 = ORGANIZATION ( 'NAUO-ORG4', 'UNSPECIFIED', 'UNSPECIFIED' ) ;
#5240 = CARTESIAN_POINT ( 'NONE',  ( 32.32722873041522149, -4.282386290039758237, 0.7176137099602442060 ) ) ;
#5241 = AXIS2_PLACEMENT_3D ( 'NONE', #7354, #1077, #3876 ) ;
#5242 = EDGE_LOOP ( 'NONE', ( #8619, #404, #739, #4103 ) ) ;
#5243 = CARTESIAN_POINT ( 'NONE',  ( 86.27046193742624780, -4.832344906983755628, 0.1676550930162439002 ) ) ;
#5244 = CIRCLE ( 'NONE', #8456, 1.375000000000001332 ) ;
#5245 = CALENDAR_DATE ( 2026, 21, 2 ) ;
#5246 = VERTEX_POINT ( 'NONE', #5729 ) ;
#5247 = CARTESIAN_POINT ( 'NONE',  ( 23.09032131224201478, -0.3138588207986877654, 4.686141179201311679 ) ) ;
#5248 = EDGE_CURVE ( 'NONE', #7044, #4098, #833, .T. ) ;
#5249 = VERTEX_POINT ( 'NONE', #7101 ) ;
#5250 = DIRECTION ( 'NONE',  ( -1.000000000000000000, -0.000000000000000000, -0.000000000000000000 ) ) ;
#5251 = EDGE_CURVE ( 'NONE', #8924, #7926, #3623, .T. ) ;
#5252 = DIRECTION ( 'NONE',  ( 0.000000000000000000, -1.000000000000000000, 0.000000000000000000 ) ) ;
#5253 = FACE_OUTER_BOUND ( 'NONE', #2111, .T. ) ;
#5254 = AXIS2_PLACEMENT_3D ( 'NONE', #6513, #4346, #7234 ) ;
#5255 = CARTESIAN_POINT ( 'NONE',  ( 19.12500000002784262, -5.000000000000000888, -4.336808689942017736E-16 ) ) ;
#5257 = DIRECTION ( 'NONE',  ( -1.000000000000000000, -0.000000000000000000, -0.000000000000000000 ) ) ;
#5256 = DIRECTION ( 'NONE',  ( 0.000000000000000000, 0.000000000000000000, 1.000000000000000000 ) ) ;
#5258 =( REPRESENTATION_RELATIONSHIP ('NONE','NONE', #1337, #3161 ) REPRESENTATION_RELATIONSHIP_WITH_TRANSFORMATION ( #8989 )SHAPE_REPRESENTATION_RELATIONSHIP( ) );
#5259 = APPROVAL ( #700, 'UNKNOWN' ) ;
#5260 = CARTESIAN_POINT ( 'NONE',  ( 69.99999999999998579, 0.000000000000000000, 0.000000000000000000 ) ) ;
#5261 = CARTESIAN_POINT ( 'NONE',  ( 108.6596786877578324, -4.686141179201364970, -0.3138588207986351408 ) ) ;
#5262 = VERTEX_POINT ( 'NONE', #867 ) ;
#5263 = CARTESIAN_POINT ( 'NONE',  ( 99.14736572063975473, -0.9599107665869606176, 4.040089233413039160 ) ) ;
#5264 = TOROIDAL_SURFACE ( 'NONE', #5116, 1.000000000000000000, 3.999999999999997335 ) ;
#5265 = ORIENTED_EDGE ( 'NONE', *, *, #4840, .F. ) ;
#5266 = EDGE_CURVE ( 'NONE', #9023, #5639, #5766, .T. ) ;
#5267 = FACE_OUTER_BOUND ( 'NONE', #426, .T. ) ;
#5268 = AXIS2_PLACEMENT_3D ( 'NONE', #6522, #5838, #8621 ) ;
#5269 = CARTESIAN_POINT ( 'NONE',  ( 19.12499999999979039, 2.846928307476403400E-13, 5.000000000000284217 ) ) ;
#5270 = EDGE_LOOP ( 'NONE', ( #5746, #2861, #2982 ) ) ;
#5271 = CARTESIAN_POINT ( 'NONE',  ( 93.37499999999998579, -3.671958834454324805, -1.328041165545675195 ) ) ;
#5272 = CARTESIAN_POINT ( 'NONE',  ( 75.65967868777053695, -4.686141179195657536, -0.3138588208043440742 ) ) ;
#5273 = VECTOR ( 'NONE', #4323, 1000.000000000000000 ) ;
#5274 = DIRECTION ( 'NONE',  ( 0.000000000000000000, 0.000000000000000000, 1.000000000000000000 ) ) ;
#5275 = AXIS2_PLACEMENT_3D ( 'NONE', #4078, #5411, #1836 ) ;
#5276 = CARTESIAN_POINT ( 'NONE',  ( 2.500000000000000444, 8.315539158241589875E-17, -0.6790153017205606822 ) ) ;
#5277 = ORIENTED_EDGE ( 'NONE', *, *, #4077, .F. ) ;
#5278 = AXIS2_PLACEMENT_3D ( 'NONE', #8817, #1777, #4563 ) ;
#5279 = ORIENTED_EDGE ( 'NONE', *, *, #1775, .T. ) ;
#5280 = CARTESIAN_POINT ( 'NONE',  ( 19.12500000000000000, 1.224646799147353207E-16, -1.000000000000000000 ) ) ;
#5281 = CARTESIAN_POINT ( 'NONE',  ( 0.000000000000000000, 0.000000000000000000, 1.000000000000000000 ) ) ;
#5282 = FACE_OUTER_BOUND ( 'NONE', #2173, .T. ) ;
#5283 = CARTESIAN_POINT ( 'NONE',  ( 19.85334765086497555, -4.935408751168109731, 0.06459124883189104604 ) ) ;
#5284 = CARTESIAN_POINT ( 'NONE',  ( 8.125000000000000000, 0.000000000000000000, 1.000000000000000000 ) ) ;
#5285 = CARTESIAN_POINT ( 'NONE',  ( 45.89665234915599257, -0.06459124882791905664, -4.935408751172080777 ) ) ;
#5286 = EDGE_LOOP ( 'NONE', ( #7818, #1425, #8080 ) ) ;
#5287 = DESIGN_CONTEXT ( 'detailed design', #4310, 'design' ) ;
#5288 = DIRECTION ( 'NONE',  ( 0.000000000000000000, 0.000000000000000000, 1.000000000000000000 ) ) ;
#5289 = CARTESIAN_POINT ( 'NONE',  ( 32.75378377920270623, -3.863136006094636254, 1.136863993905362413 ) ) ;
#5290 = CARTESIAN_POINT ( 'NONE',  ( 98.99600116288351614, -3.862796825715729021, 1.137203174284272089 ) ) ;
#5291 = APPROVAL_ROLE ( '' ) ;
#5292 = ORIENTED_EDGE ( 'NONE', *, *, #7375, .F. ) ;
#5293 = DIRECTION ( 'NONE',  ( -1.000000000000000000, -0.000000000000000000, -0.000000000000000000 ) ) ;
#5294 = CIRCLE ( 'NONE', #8070, 4.000000000000000000 ) ;
#5295 = EDGE_LOOP ( 'NONE', ( #7141, #6741, #7363 ) ) ;
#5296 = EDGE_CURVE ( 'NONE', #7097, #1213, #2166, .T. ) ;
#5297 = CARTESIAN_POINT ( 'NONE',  ( 132.6250000000000000, 0.000000000000000000, 1.000000000000000000 ) ) ;
#5298 = CARTESIAN_POINT ( 'NONE',  ( 90.62499999999977263, 2.819534933157905838E-13, -5.000000000000282441 ) ) ;
#5300 = CARTESIAN_POINT ( 'NONE',  ( 68.62499999999998579, 0.000000000000000000, 1.000000000000000000 ) ) ;
#5299 = CARTESIAN_POINT ( 'NONE',  ( 109.8749999999999858, 0.000000000000000000, 3.904737509655568761 ) ) ;
#5301 = EDGE_CURVE ( 'NONE', #3570, #6733, #6119, .T. ) ;
#5302 = CARTESIAN_POINT ( 'NONE',  ( 64.53423771780845186, -4.739198801696318242, 0.2608011983036822024 ) ) ;
#5303 = CARTESIAN_POINT ( 'NONE',  ( 112.4781564695780389, -5.000000000001025846, -1.023795382577353161E-12 ) ) ;
#5304 = DIRECTION ( 'NONE',  ( -0.000000000000000000, 1.000000000000000000, 1.224646799147353207E-16 ) ) ;
#5305 = ORIENTED_EDGE ( 'NONE', *, *, #2285, .F. ) ;
#5306 = CARTESIAN_POINT ( 'NONE',  ( 53.50000000000000000, 1.224646799147353207E-16, -1.000000000000000000 ) ) ;
#5307 = ORIENTED_EDGE ( 'NONE', *, *, #4785, .F. ) ;
#5308 = B_SPLINE_CURVE_WITH_KNOTS ( 'NONE', 3,
 ( #8827, #2060, #4714, #6183, #3345, #2567, #2664, #4844, #4119, #1926, #6143, #1360 ),
 .UNSPECIFIED., .F., .F.,
 ( 4, 2, 2, 2, 2, 4 ),
 ( 0.003504634718722711081, 0.003941423334001033750, 0.004378211949279357286, 0.005251789179836002623, 0.006125366410392647960, 0.006998943640949293298 ),
 .UNSPECIFIED. ) ;
#5309 = TOROIDAL_SURFACE ( 'NONE', #4430, 1.000000000000000000, 3.999999999999999112 ) ;
#5310 = DIRECTION ( 'NONE',  ( 0.000000000000000000, 0.000000000000000000, 1.000000000000000000 ) ) ;
#5311 = ORIENTED_EDGE ( 'NONE', *, *, #3739, .T. ) ;
#5312 = CARTESIAN_POINT ( 'NONE',  ( 107.1250000000000000, -5.000000000000000888, -4.336808689942017736E-16 ) ) ;
#5313 = CARTESIAN_POINT ( 'NONE',  ( 57.62499999999999289, 0.000000000000000000, 0.000000000000000000 ) ) ;
#5314 = CARTESIAN_POINT ( 'NONE',  ( 54.01876480693205451, -0.4915337874217333147, -4.508466212578267296 ) ) ;
#5315 = CARTESIAN_POINT ( 'NONE',  ( 50.71616362764437014, -4.748219996440549373, -0.2517800035594509045 ) ) ;
#5316 = EDGE_LOOP ( 'NONE', ( #6382, #2489, #6831 ) ) ;
#5317 = ORIENTED_EDGE ( 'NONE', *, *, #4742, .F. ) ;
#5318 = FACE_OUTER_BOUND ( 'NONE', #7863, .T. ) ;
#5319 = DIRECTION ( 'NONE',  ( -1.000000000000000000, -0.000000000000000000, -0.000000000000000000 ) ) ;
#5320 = DIRECTION ( 'NONE',  ( 0.000000000000000000, 0.000000000000000000, 1.000000000000000000 ) ) ;
#5321 = B_SPLINE_CURVE_WITH_KNOTS ( 'NONE', 3,
 ( #1276, #7595, #3478, #4159, #5496, #5540, #8322, #2709, #4805, #2104, #3558, #1405, #591, #5664, #1451, #21 ),
 .UNSPECIFIED., .F., .F.,
 ( 4, 2, 2, 2, 2, 2, 2, 4 ),
 ( 4.818711198665872809E-07, 0.0008765200830274456944, 0.001314539188981235377, 0.001752558294935024951, 0.002190577400888814308, 0.002628596506842603882, 0.003066615612796393456, 0.003504634718750183030 ),
 .UNSPECIFIED. ) ;
#5322 = CARTESIAN_POINT ( 'NONE',  ( 118.4212536293830595, -4.991698401479152558, -0.008301598520847809637 ) ) ;
#5323 = CIRCLE ( 'NONE', #3285, 3.904737509655563876 ) ;
#5324 = DIRECTION ( 'NONE',  ( 0.000000000000000000, 0.000000000000000000, 1.000000000000000000 ) ) ;
#5325 = EDGE_CURVE ( 'NONE', #3702, #4402, #3339, .T. ) ;
#5326 = EDGE_CURVE ( 'NONE', #7304, #3208, #8252, .T. ) ;
#5327 = EDGE_LOOP ( 'NONE', ( #4784, #7341, #1737 ) ) ;
#5328 = AXIS2_PLACEMENT_3D ( 'NONE', #6800, #516, #618 ) ;
#5329 = DIRECTION ( 'NONE',  ( -1.000000000000000000, -0.000000000000000000, -0.000000000000000000 ) ) ;
#5330 = CARTESIAN_POINT ( 'NONE',  ( 49.37500000000000000, -1.328041165545665647, -3.671958834454334575 ) ) ;
#5331 = EDGE_CURVE ( 'NONE', #6701, #2362, #3442, .T. ) ;
#5332 = EDGE_LOOP ( 'NONE', ( #6916, #6212, #8236 ) ) ;
#5333 = CARTESIAN_POINT ( 'NONE',  ( 80.77178058431638874, -0.1593231317801525049, -4.840676868219847329 ) ) ;
#5334 = SECURITY_CLASSIFICATION_LEVEL ( 'unclassified' ) ;
#5335 = ORIENTED_EDGE ( 'NONE', *, *, #7637, .F. ) ;
#5336 = PRODUCT_DEFINITION_SHAPE ( 'NONE', 'NONE',  #23 ) ;
#5337 = CARTESIAN_POINT ( 'NONE',  ( 96.85334765086511766, -4.935408751168083086, -0.06459124883191602606 ) ) ;
#5338 = EDGE_LOOP ( 'NONE', ( #985, #1599, #5955 ) ) ;
#5339 = DIRECTION ( 'NONE',  ( 0.000000000000000000, 0.000000000000000000, 1.000000000000000000 ) ) ;
#5340 = CARTESIAN_POINT ( 'NONE',  ( 69.20631021352429002, -0.03993437491703808601, 4.960065625082963336 ) ) ;
#5341 = AXIS2_PLACEMENT_3D ( 'NONE', #5552, #6924, #2033 ) ;
#5342 = CARTESIAN_POINT ( 'NONE',  ( 2.500000000000002220, 0.000000000000000000, -5.000000000000000000 ) ) ;
#5343 = CARTESIAN_POINT ( 'NONE',  ( 22.14877465030177817, -4.041784260362676129, -0.9582157396373252034 ) ) ;
#5344 = VECTOR ( 'NONE', #1179, 1000.000000000000114 ) ;
#5345 = EDGE_CURVE ( 'NONE', #7828, #8483, #1816, .T. ) ;
#5346 = DIRECTION ( 'NONE',  ( 0.000000000000000000, -1.000000000000000000, 0.000000000000000000 ) ) ;
#5347 = CARTESIAN_POINT ( 'NONE',  ( 56.61759796945996470, -0.1278684794971711447, -4.872131520502827939 ) ) ;
#5348 = CARTESIAN_POINT ( 'NONE',  ( 109.9960011628835304, -3.862796825715736571, 1.137203174284263651 ) ) ;
#5349 = DIRECTION ( 'NONE',  ( -1.000000000000000000, -0.000000000000000000, -0.000000000000000000 ) ) ;
#5350 = ORIENTED_EDGE ( 'NONE', *, *, #7133, .F. ) ;
#5351 = CARTESIAN_POINT ( 'NONE',  ( 79.62500000000000000, 0.000000000000000000, 0.000000000000000000 ) ) ;
#5352 = CARTESIAN_POINT ( 'NONE',  ( 0.000000000000000000, 1.224646799147353207E-16, -1.000000000000000000 ) ) ;
#5353 = ORIENTED_EDGE ( 'NONE', *, *, #4333, .F. ) ;
#5354 = TOROIDAL_SURFACE ( 'NONE', #3743, 1.000000000000000000, 4.000000000000000000 ) ;
#5355 = EDGE_CURVE ( 'NONE', #3383, #6901, #8512, .T. ) ;
#5356 = DIRECTION ( 'NONE',  ( -1.000000000000000000, -0.000000000000000000, -0.000000000000000000 ) ) ;
#5357 = CARTESIAN_POINT ( 'NONE',  ( 8.125000000027860381, -5.000000000000000888, -4.336808689942017736E-16 ) ) ;
#5358 = VERTEX_POINT ( 'NONE', #809 ) ;
#5359 = CARTESIAN_POINT ( 'NONE',  ( 115.3749999999999858, -1.328041165545655655, 3.671958834454344345 ) ) ;
#5360 = EDGE_CURVE ( 'NONE', #701, #4264, #490, .T. ) ;
#5361 = CARTESIAN_POINT ( 'NONE',  ( 69.20631021352424739, -0.03993437491703781539, -4.960065625082960672 ) ) ;
#5362 = DIRECTION ( 'NONE',  ( 0.000000000000000000, 0.000000000000000000, -1.000000000000000000 ) ) ;
#5363 = AXIS2_PLACEMENT_3D ( 'NONE', #4318, #1578, #3647 ) ;
#5364 = CARTESIAN_POINT ( 'NONE',  ( 29.53886551654430548, -0.04063066961492571572, 4.959369330385073660 ) ) ;
#5365 = AXIS2_PLACEMENT_3D ( 'NONE', #4306, #2002, #6802 ) ;
#5366 = EDGE_CURVE ( 'NONE', #1995, #757, #5323, .T. ) ;
#5367 = CARTESIAN_POINT ( 'NONE',  ( 15.00000000000000000, 0.000000000000000000, 1.000000000000000000 ) ) ;
#5368 = CIRCLE ( 'NONE', #84, 1.374999999999994227 ) ;
#5369 = EDGE_CURVE ( 'NONE', #4803, #7847, #4653, .T. ) ;
#5370 = ADVANCED_FACE ( 'NONE', ( #5027 ), #7223, .T. ) ;
#5371 = DIRECTION ( 'NONE',  ( 0.000000000000000000, 0.000000000000000000, -1.000000000000000000 ) ) ;
#5372 = B_SPLINE_CURVE_WITH_KNOTS ( 'NONE', 3,
 ( #6254, #1439, #1484, #4273, #7037, #2779, #7582, #7708, #1310, #9039, #748, #3549, #8353, #4111, #6218, #6906 ),
 .UNSPECIFIED., .F., .F.,
 ( 4, 2, 2, 2, 2, 2, 2, 4 ),
 ( 4.818711198554628796E-07, 0.0008765200830205937535, 0.001314539188970965163, 0.001752558294921336465, 0.002190577400871708200, 0.002628596506822079501, 0.003066615612772450802, 0.003504634718722822537 ),
 .UNSPECIFIED. ) ;
#5373 = ORIENTED_EDGE ( 'NONE', *, *, #5069, .T. ) ;
#5374 = CARTESIAN_POINT ( 'NONE',  ( 116.7499999999999858, 0.000000000000000000, 0.000000000000000000 ) ) ;
#5375 = CARTESIAN_POINT ( 'NONE',  ( 42.53423771780833818, -4.739198801696361762, 0.2608011983036376824 ) ) ;
#5376 = FACE_OUTER_BOUND ( 'NONE', #8342, .T. ) ;
#5377 = CARTESIAN_POINT ( 'NONE',  ( 83.75000000000000000, 0.000000000000000000, 1.000000000000000000 ) ) ;
#5378 = TOROIDAL_SURFACE ( 'NONE', #4198, 1.000000000000000000, 3.999999999999999112 ) ;
#5379 = ADVANCED_FACE ( 'NONE', ( #5775 ), #45, .T. ) ;
#5380 = ORIENTED_EDGE ( 'NONE', *, *, #2657, .T. ) ;
#5381 = ORIENTED_EDGE ( 'NONE', *, *, #1803, .T. ) ;
#5382 = CIRCLE ( 'NONE', #2753, 3.999999999999997335 ) ;
#5383 = DIRECTION ( 'NONE',  ( -1.000000000000000000, -0.000000000000000000, -0.000000000000000000 ) ) ;
#5384 = ORIENTED_EDGE ( 'NONE', *, *, #8422, .T. ) ;
#5385 = DIRECTION ( 'NONE',  ( -0.000000000000000000, 1.000000000000000000, 1.224646799147353207E-16 ) ) ;
#5386 = APPROVAL_STATUS ( 'not_yet_approved' ) ;
#5387 = VERTEX_POINT ( 'NONE', #4338 ) ;
#5388 = AXIS2_PLACEMENT_3D ( 'NONE', #1234, #6823, #1367 ) ;
#5389 = DIRECTION ( 'NONE',  ( -1.000000000000000000, -0.000000000000000000, -0.000000000000000000 ) ) ;
#5390 = ORIENTED_EDGE ( 'NONE', *, *, #7622, .F. ) ;
#5391 = CARTESIAN_POINT ( 'NONE',  ( 18.83253412545231953, -4.991957775359338711, -0.008042224640661524426 ) ) ;
#5392 = AXIS2_PLACEMENT_3D ( 'NONE', #7896, #7079, #288 ) ;
#5393 = DIRECTION ( 'NONE',  ( 0.000000000000000000, 0.000000000000000000, 1.000000000000000000 ) ) ;
#5394 = DIRECTION ( 'NONE',  ( -0.000000000000000000, 1.000000000000000000, 1.224646799147353207E-16 ) ) ;
#5395 = CARTESIAN_POINT ( 'NONE',  ( 120.9959900004485860, -3.862779220790883095, 1.137220779209116461 ) ) ;
#5396 = FACE_OUTER_BOUND ( 'NONE', #8636, .T. ) ;
#5397 = CARTESIAN_POINT ( 'NONE',  ( 64.13240203055839572, -4.872131520497879009, 0.1278684795021211851 ) ) ;
#5398 = CARTESIAN_POINT ( 'NONE',  ( 42.50000000000000000, 0.000000000000000000, 0.000000000000000000 ) ) ;
#5399 = CIRCLE ( 'NONE', #1747, 1.375000000000000000 ) ;
#5400 = CARTESIAN_POINT ( 'NONE',  ( 112.6250000000000000, 0.000000000000000000, 1.000000000000000000 ) ) ;
#5401 = ORIENTED_EDGE ( 'NONE', *, *, #5369, .T. ) ;
#5402 = CARTESIAN_POINT ( 'NONE',  ( 38.37499999999999289, -3.671958834454339460, 1.328041165545660540 ) ) ;
#5403 = B_SPLINE_CURVE_WITH_KNOTS ( 'NONE', 3,
 ( #4539, #919, #3170, #7236, #3089, #2259, #7830, #2394, #3715, #5177, #7288, #7967, #8563, #1696, #4491, #2306 ),
 .UNSPECIFIED., .F., .F.,
 ( 4, 2, 2, 2, 2, 2, 2, 4 ),
 ( 4.818711198696414699E-07, 0.0008765200830274564280, 0.001314539188981249688, 0.001752558294935043165, 0.002190577400888836426, 0.002628596506842629469, 0.003066615612796422946, 0.003504634718750216423 ),
 .UNSPECIFIED. ) ;
#5404 = CARTESIAN_POINT ( 'NONE',  ( 92.03423771780842344, -4.739198801696314689, -0.2608011983036852000 ) ) ;
#5405 = ORIENTED_EDGE ( 'NONE', *, *, #5005, .F. ) ;
#5406 = CIRCLE ( 'NONE', #6574, 1.000000000000000000 ) ;
#5408 = CARTESIAN_POINT ( 'NONE',  ( 83.35157376276966090, -0.4321793203680437401, -4.567820679631957148 ) ) ;
#5407 = CIRCLE ( 'NONE', #2772, 1.000000000000000000 ) ;
#5409 = CARTESIAN_POINT ( 'NONE',  ( 25.63240203055833177, -4.872131520497893220, -0.1278684795021063636 ) ) ;
#5410 = ORIENTED_EDGE ( 'NONE', *, *, #4410, .T. ) ;
#5411 = DIRECTION ( 'NONE',  ( 0.000000000000000000, -1.000000000000000000, 0.000000000000000000 ) ) ;
#5412 = CARTESIAN_POINT ( 'NONE',  ( 70.73119955116399638, -0.6335913640930985746, -4.366408635906902980 ) ) ;
#5413 = ADVANCED_FACE ( 'NONE', ( #6364 ), #8540, .F. ) ;
#5414 = CARTESIAN_POINT ( 'NONE',  ( 54.60122534970066965, -0.9582157396401898009, -4.041784260359809977 ) ) ;
#5415 = B_SPLINE_CURVE_WITH_KNOTS ( 'NONE', 3,
 ( #5918, #310, #1005, #5830, #8613, #1692, #4395, #3035, #5135, #7872, #7920, #3760 ),
 .UNSPECIFIED., .F., .F.,
 ( 4, 2, 2, 2, 2, 4 ),
 ( 0.003504634718722713250, 0.003941423334001038087, 0.004378211949279362490, 0.005251789179836011297, 0.006125366410392660971, 0.006998943640949309777 ),
 .UNSPECIFIED. ) ;
#5416 = CARTESIAN_POINT ( 'NONE',  ( 28.35157376276964669, -0.4321793203680390771, 4.567820679631960701 ) ) ;
#5417 = EDGE_CURVE ( 'NONE', #6733, #6018, #726, .T. ) ;
#5418 = DIRECTION ( 'NONE',  ( 0.000000000000000000, 0.000000000000000000, 1.000000000000000000 ) ) ;
#5419 = CARTESIAN_POINT ( 'NONE',  ( 104.3750000000000000, -3.671958834454324805, 1.328041165545675195 ) ) ;
#5420 = TOROIDAL_SURFACE ( 'NONE', #3802, 1.000000000000000000, 4.000000000000001776 ) ;
#5421 = VERTEX_POINT ( 'NONE', #7683 ) ;
#5422 = DIRECTION ( 'NONE',  ( 0.000000000000000000, -1.224646799147353207E-16, 1.000000000000000000 ) ) ;
#5423 = CARTESIAN_POINT ( 'NONE',  ( 105.9795380625907910, -0.1676550930109091120, 4.832344906989090028 ) ) ;
#5424 = AXIS2_PLACEMENT_3D ( 'NONE', #1676, #5946, #2419 ) ;
#5425 = DIRECTION ( 'NONE',  ( -1.000000000000000000, -0.000000000000000000, -0.000000000000000000 ) ) ;
#5426 = EDGE_CURVE ( 'NONE', #1971, #217, #5745, .T. ) ;
#5427 = CARTESIAN_POINT ( 'NONE',  ( 49.37500000000000000, -1.328041165545665647, 3.671958834454334575 ) ) ;
#5428 = DIRECTION ( 'NONE',  ( 0.000000000000000000, 0.000000000000000000, 1.000000000000000000 ) ) ;
#5429 = AXIS2_PLACEMENT_3D ( 'NONE', #6544, #8042, #7854 ) ;
#5430 = VERTEX_POINT ( 'NONE', #999 ) ;
#5431 = ORIENTED_EDGE ( 'NONE', *, *, #683, .T. ) ;
#5432 = CARTESIAN_POINT ( 'NONE',  ( 107.1250000000000000, 0.000000000000000000, 0.000000000000000000 ) ) ;
#5433 = CARTESIAN_POINT ( 'NONE',  ( 31.65967868775788929, -4.686141179201367635, 0.3138588207986340861 ) ) ;
#5434 = EDGE_LOOP ( 'NONE', ( #2897, #3222, #8073 ) ) ;
#5435 = CARTESIAN_POINT ( 'NONE',  ( 60.37500000000000000, -3.671958834454334575, -1.328041165545665647 ) ) ;
#5436 = CONTEXT_DEPENDENT_SHAPE_REPRESENTATION ( #4787, #1833 ) ;
#5437 = ORIENTED_EDGE ( 'NONE', *, *, #5630, .F. ) ;
#5438 = FACE_OUTER_BOUND ( 'NONE', #3629, .T. ) ;
#5439 = ORIENTED_EDGE ( 'NONE', *, *, #3918, .T. ) ;
#5440 = DIRECTION ( 'NONE',  ( 0.000000000000000000, 0.000000000000000000, 1.000000000000000000 ) ) ;
#5441 = CARTESIAN_POINT ( 'NONE',  ( 6.979538062590804337, -0.1676550930109056703, 4.832344906989094468 ) ) ;
#5442 = CARTESIAN_POINT ( 'NONE',  ( 64.27178058431637453, -0.1593231317801525326, -4.840676868219847329 ) ) ;
#5443 = CARTESIAN_POINT ( 'NONE',  ( 93.10122534970069808, -0.9582157396402022353, -4.041784260359796654 ) ) ;
#5444 = B_SPLINE_CURVE_WITH_KNOTS ( 'NONE', 3,
 ( #4767, #3563, #8411, #6886, #1497, #7090, #7562, #551, #604, #2153, #7050, #7221 ),
 .UNSPECIFIED., .F., .F.,
 ( 4, 2, 2, 2, 2, 4 ),
 ( 0.003504634718722782639, 0.003941423334001092731, 0.004378211949279403256, 0.005251789179836024307, 0.006125366410392645358, 0.006998943640949266409 ),
 .UNSPECIFIED. ) ;
#5445 = CARTESIAN_POINT ( 'NONE',  ( 39.97953806259081944, -0.1676550930109040882, 4.832344906989098021 ) ) ;
#5446 = CARTESIAN_POINT ( 'NONE',  ( 87.87500000000000000, -1.328041165545655877, -3.671958834454344345 ) ) ;
#5447 = CARTESIAN_POINT ( 'NONE',  ( 54.87499999999999289, 0.000000000000000000, 0.000000000000000000 ) ) ;
#5448 = AXIS2_PLACEMENT_3D ( 'NONE', #8736, #1189, #6006 ) ;
#5449 = CARTESIAN_POINT ( 'NONE',  ( 109.7537837792026920, -3.863136006094643360, -1.136863993905356862 ) ) ;
#5450 = EDGE_LOOP ( 'NONE', ( #1145, #1952, #8450, #4816 ) ) ;
#5451 = CARTESIAN_POINT ( 'NONE',  ( 76.01876480693205451, -0.4915337874217388658, 4.508466212578261967 ) ) ;
#5452 = CYLINDRICAL_SURFACE ( 'NONE', #8751, 1.000000000000000000 ) ;
#5453 = ORIENTED_EDGE ( 'NONE', *, *, #3440, .F. ) ;
#5454 = DIRECTION ( 'NONE',  ( 0.000000000000000000, 0.000000000000000000, 1.000000000000000000 ) ) ;
#5455 = EDGE_CURVE ( 'NONE', #9003, #1050, #7957, .T. ) ;
#5456 = DIRECTION ( 'NONE',  ( 0.000000000000000000, 0.000000000000000000, 1.000000000000000000 ) ) ;
#5457 = ORIENTED_EDGE ( 'NONE', *, *, #3440, .T. ) ;
#5458 = ADVANCED_FACE ( 'NONE', ( #1739 ), #3209, .F. ) ;
#5459 = DIRECTION ( 'NONE',  ( 0.000000000000000000, -0.7071067811865475727, 0.7071067811865475727 ) ) ;
#5460 = DIRECTION ( 'NONE',  ( -0.000000000000000000, 0.000000000000000000, 1.000000000000000000 ) ) ;
#5461 = CARTESIAN_POINT ( 'NONE',  ( 68.32874637064227841, -0.008301598518917974873, 4.991698401481082570 ) ) ;
#5462 = CARTESIAN_POINT ( 'NONE',  ( 27.92277126958470745, -0.7176137099602823977, 4.282386290039715604 ) ) ;
#5463 = CARTESIAN_POINT ( 'NONE',  ( 101.6250000000279812, -5.000000000000000888, -4.336808689942017736E-16 ) ) ;
#5464 = ORIENTED_EDGE ( 'NONE', *, *, #599, .F. ) ;
#5465 = CARTESIAN_POINT ( 'NONE',  ( 80.99999999999998579, 0.000000000000000000, 0.000000000000000000 ) ) ;
#5466 = CARTESIAN_POINT ( 'NONE',  ( 63.12499999999998579, 0.000000000000000000, 0.000000000000000000 ) ) ;
#5467 = AXIS2_PLACEMENT_3D ( 'NONE', #1463, #7733, #2757 ) ;
#5468 = CARTESIAN_POINT ( 'NONE',  ( 16.25378377920365480, -3.863136006093128572, 1.136863993906871650 ) ) ;
#5469 = FACE_OUTER_BOUND ( 'NONE', #3397, .T. ) ;
#5470 = B_SPLINE_CURVE_WITH_KNOTS ( 'NONE', 3,
 ( #3299, #3859, #6603, #308, #397, #3123, #4581, #4392, #958, #7326, #5876, #5271 ),
 .UNSPECIFIED., .F., .F.,
 ( 4, 2, 2, 2, 2, 4 ),
 ( 0.003504634718722713684, 0.003941423334001038087, 0.004378211949279363358, 0.005251789179836012164, 0.006125366410392660971, 0.006998943640949310645 ),
 .UNSPECIFIED. ) ;
#5471 = CARTESIAN_POINT ( 'NONE',  ( 45.61759796945996470, -0.1278684794971711447, -4.872131520502827939 ) ) ;
#5472 = EDGE_CURVE ( 'NONE', #5262, #3979, #8101, .T. ) ;
#5473 = VERTEX_POINT ( 'NONE', #8785 ) ;
#5474 = VERTEX_POINT ( 'NONE', #8094 ) ;
#5475 = CARTESIAN_POINT ( 'NONE',  ( 116.5903213122420112, -0.3138588207986882650, 4.686141179201312568 ) ) ;
#5476 = CARTESIAN_POINT ( 'NONE',  ( 59.51876480693203320, -0.4915337874217309277, 4.508466212578269072 ) ) ;
#5477 = ORIENTED_EDGE ( 'NONE', *, *, #4274, .F. ) ;
#5478 = CARTESIAN_POINT ( 'NONE',  ( 62.83253412545244743, -4.991957775359349370, -0.008042224640650673731 ) ) ;
#5479 = ORIENTED_EDGE ( 'NONE', *, *, #917, .F. ) ;
#5480 = CARTESIAN_POINT ( 'NONE',  ( 33.85157376276963959, -0.4321793203680425188, -4.567820679631958036 ) ) ;
#5481 = ORIENTED_EDGE ( 'NONE', *, *, #4656, .F. ) ;
#5482 = AXIS2_PLACEMENT_3D ( 'NONE', #4295, #2293, #2935 ) ;
#5483 = DIRECTION ( 'NONE',  ( 0.000000000000000000, 0.000000000000000000, 1.000000000000000000 ) ) ;
#5484 = EDGE_CURVE ( 'NONE', #659, #7322, #7803, .T. ) ;
#5485 = CARTESIAN_POINT ( 'NONE',  ( 121.8512912688045731, -0.4323357082839946464, 4.567664291716005742 ) ) ;
#5486 = CARTESIAN_POINT ( 'NONE',  ( 93.37499999999998579, -1.328041165545675195, -3.671958834454324805 ) ) ;
#5487 = CARTESIAN_POINT ( 'NONE',  ( 40.97774279211275683, -1.007051588206428505E-14, 4.999999999999988454 ) ) ;
#5488 = DIRECTION ( 'NONE',  ( 0.000000000000000000, 0.000000000000000000, -1.000000000000000000 ) ) ;
#5489 = CARTESIAN_POINT ( 'NONE',  ( 45.21576228220553872, -0.2608011982980500965, 4.739198801701950181 ) ) ;
#5490 = DIRECTION ( 'NONE',  ( 0.000000000000000000, 0.000000000000000000, 1.000000000000000000 ) ) ;
#5491 = ORIENTED_EDGE ( 'NONE', *, *, #5559, .F. ) ;
#5492 = CARTESIAN_POINT ( 'NONE',  ( 5.375000000000000000, 0.000000000000000000, 0.000000000000000000 ) ) ;
#5493 = CARTESIAN_POINT ( 'NONE',  ( 120.7539988371174644, -1.137203174285775109, 3.862796825714226223 ) ) ;
#5494 = EDGE_LOOP ( 'NONE', ( #3236, #7913, #1029, #6264, #8575, #5725, #4737, #1843, #1198, #3725, #8211, #5739, #1815, #6659, #5580, #419, #4279, #4855, #1012, #8000, #6048, #5939, #7592, #5834, #8341, #8124, #8530, #6377, #4012, #6929, #1774, #4616, #8766, #5401, #1044, #3667, #7296, #8255, #8319, #5700, #7084, #5776, #6936, #7530, #322, #8543, #8710, #1853, #2132, #1544, #2631, #5384, #3120, #4492, #3951, #3486, #5141, #3556, #3588, #1302, #1990, #5380, #1000, #1277, #2287, #2685, #4827, #6016, #7331, #1835, #7504, #3690, #480, #6654, #136, #6663, #7876, #8946, #354, #405, #2805, #3678, #5311, #610, #9055, #2086, #5061, #1547, #3341, #617, #1513, #2970, #6315, #3687 ) ) ;
#5495 = DIRECTION ( 'NONE',  ( 0.000000000000000000, 0.000000000000000000, 1.000000000000000000 ) ) ;
#5496 = CARTESIAN_POINT ( 'NONE',  ( 88.52374954628648140, -0.6401341107417557463, 4.359865889258244920 ) ) ;
#5497 = VERTEX_POINT ( 'NONE', #5306 ) ;
#5498 = DIRECTION ( 'NONE',  ( 0.000000000000000000, 0.000000000000000000, 1.000000000000000000 ) ) ;
#5499 = CARTESIAN_POINT ( 'NONE',  ( 116.7161636276444625, -4.748219996440593782, 0.2517800035594067176 ) ) ;
#5500 = DIRECTION ( 'NONE',  ( 0.000000000000000000, 0.000000000000000000, 1.000000000000000000 ) ) ;
#5501 = CARTESIAN_POINT ( 'NONE',  ( 28.97953806259080167, -0.1676550930109033666, 4.832344906989097133 ) ) ;
#5502 = CARTESIAN_POINT ( 'NONE',  ( 85.12500000000000000, 0.000000000000000000, 0.000000000000000000 ) ) ;
#5503 = ORIENTED_EDGE ( 'NONE', *, *, #4134, .F. ) ;
#5504 = AXIS2_PLACEMENT_3D ( 'NONE', #2537, #1753, #6740 ) ;
#5505 = DIRECTION ( 'NONE',  ( -1.000000000000000000, -0.000000000000000000, -0.000000000000000000 ) ) ;
#5506 = TOROIDAL_SURFACE ( 'NONE', #7248, 1.000000000000000000, 1.374999999999994227 ) ;
#5507 = DIRECTION ( 'NONE',  ( -1.000000000000000000, -0.000000000000000000, -0.000000000000000000 ) ) ;
#5508 = CARTESIAN_POINT ( 'NONE',  ( 108.1324020305398363, -4.872131520502868796, 0.1278684794971295668 ) ) ;
#5509 = TOROIDAL_SURFACE ( 'NONE', #1402, 1.000000000000000000, 3.999999999999997335 ) ;
#5510 = VERTEX_POINT ( 'NONE', #7274 ) ;
#5511 = ORIENTED_EDGE ( 'NONE', *, *, #8376, .T. ) ;
#5512 = CARTESIAN_POINT ( 'NONE',  ( 117.3966523491559713, -0.06459124882792273425, 4.935408751172076336 ) ) ;
#5513 = EDGE_CURVE ( 'NONE', #3782, #8035, #6295, .T. ) ;
#5514 = CARTESIAN_POINT ( 'NONE',  ( 65.87499999999998579, -3.671958834454331466, -1.328041165545668756 ) ) ;
#5515 = B_SPLINE_CURVE_WITH_KNOTS ( 'NONE', 3,
 ( #1709, #4414, #8708, #889, #8531, #5844, #7207, #928, #8628, #320, #7936, #832, #2404, #5187, #1660, #7247 ),
 .UNSPECIFIED., .F., .F.,
 ( 4, 2, 2, 2, 2, 2, 2, 4 ),
 ( 4.818711198655691473E-07, 0.0008765200830274562111, 0.001314539188981247520, 0.001752558294935039045, 0.002190577400888830354, 0.002628596506842621663, 0.003066615612796412971, 0.003504634718750204714 ),
 .UNSPECIFIED. ) ;
#5516 = CIRCLE ( 'NONE', #3034, 3.904737509655562544 ) ;
#5517 = ORIENTED_EDGE ( 'NONE', *, *, #3083, .T. ) ;
#5518 = CARTESIAN_POINT ( 'NONE',  ( 112.9174658745726560, -0.008042224642539338303, -4.991957775357460214 ) ) ;
#5519 = ADVANCED_FACE ( 'NONE', ( #262 ), #5771, .T. ) ;
#5520 = B_SPLINE_CURVE_WITH_KNOTS ( 'NONE', 3,
 ( #8973, #6879, #7643, #8285, #6061, #7508, #2716, #1936, #1236, #4165, #8882, #9016 ),
 .UNSPECIFIED., .F., .F.,
 ( 4, 2, 2, 2, 2, 4 ),
 ( 0.003504634718750195173, 0.003941423334025081354, 0.004378211949299968403, 0.005251789179849741633, 0.006125366410399514863, 0.006998943640949288093 ),
 .UNSPECIFIED. ) ;
#5521 = ORIENTED_EDGE ( 'NONE', *, *, #7315, .F. ) ;
#5522 = AXIS2_PLACEMENT_3D ( 'NONE', #7203, #2902, #925 ) ;
#5523 = CARTESIAN_POINT ( 'NONE',  ( 57.47815646957786129, -5.000000000001022293, -1.022313604315250169E-12 ) ) ;
#5524 = CARTESIAN_POINT ( 'NONE',  ( 65.23119955116401059, -0.6335913640930963542, -4.366408635906903868 ) ) ;
#5525 = CARTESIAN_POINT ( 'NONE',  ( 116.0237495462864814, -0.6401341107417557463, -4.359865889258245808 ) ) ;
#5526 = CARTESIAN_POINT ( 'NONE',  ( 54.87499999999999289, -3.671958834454339460, 1.328041165545660540 ) ) ;
#5527 = CARTESIAN_POINT ( 'NONE',  ( 2.500000000000000444, 0.000000000000000000, 0.000000000000000000 ) ) ;
#5528 = TOROIDAL_SURFACE ( 'NONE', #1426, 1.000000000000000000, 1.374999999999997780 ) ;
#5529 = CARTESIAN_POINT ( 'NONE',  ( 34.24999999999999289, 0.000000000000000000, 0.000000000000000000 ) ) ;
#5530 = ADVANCED_FACE ( 'NONE', ( #1786 ), #2339, .F. ) ;
#5531 = AXIS2_PLACEMENT_3D ( 'NONE', #6591, #2468, #5256 ) ;
#5532 = EDGE_CURVE ( 'NONE', #5642, #1687, #4883, .T. ) ;
#5533 = ORIENTED_EDGE ( 'NONE', *, *, #3728, .F. ) ;
#5534 = DIRECTION ( 'NONE',  ( 0.000000000000000000, 0.000000000000000000, 1.000000000000000000 ) ) ;
#5535 = LOCAL_TIME ( 19, 56, 48.00000000000000000, #5566 ) ;
#5536 = EDGE_CURVE ( 'NONE', #1785, #4620, #935, .T. ) ;
#5537 = CARTESIAN_POINT ( 'NONE',  ( 92.51172757693697690, -4.502552532146814279, -0.4974474678531852767 ) ) ;
#5538 = EDGE_LOOP ( 'NONE', ( #4324, #738, #3432 ) ) ;
#5539 = CARTESIAN_POINT ( 'NONE',  ( 91.99999999999998579, 0.000000000000000000, 0.000000000000000000 ) ) ;
#5540 = CARTESIAN_POINT ( 'NONE',  ( 88.73827242307173435, -0.4974474678478646439, 4.502552532152135356 ) ) ;
#5541 = ORIENTED_EDGE ( 'NONE', *, *, #2207, .T. ) ;
#5542 = B_SPLINE_CURVE_WITH_KNOTS ( 'NONE', 3,
 ( #8724, #4059, #1961, #8911, #2653, #6857, #574, #6133, #4746, #5441, #8225, #7532, #1260, #7277, #5777, #7190 ),
 .UNSPECIFIED., .F., .F.,
 ( 4, 2, 2, 2, 2, 2, 2, 4 ),
 ( 4.818711198555649470E-07, 0.0008765200830274416828, 0.001314539188981234726, 0.001752558294935027770, 0.002190577400888820813, 0.002628596506842613856, 0.003066615612796406900, 0.003504634718750197775 ),
 .UNSPECIFIED. ) ;
#5543 = DIRECTION ( 'NONE',  ( 0.000000000000000000, -1.224646799147353207E-16, 1.000000000000000000 ) ) ;
#5544 = CARTESIAN_POINT ( 'NONE',  ( 20.49999999999999645, 0.000000000000000000, 0.000000000000000000 ) ) ;
#5545 = AXIS2_PLACEMENT_3D ( 'NONE', #4074, #535, #8965 ) ;
#5546 = AXIS2_PLACEMENT_3D ( 'NONE', #8776, #5201, #6039 ) ;
#5547 = DIRECTION ( 'NONE',  ( -1.000000000000000000, -0.000000000000000000, -0.000000000000000000 ) ) ;
#5548 = FACE_OUTER_BOUND ( 'NONE', #8256, .T. ) ;
#5549 = EDGE_CURVE ( 'NONE', #8262, #39, #7515, .T. ) ;
#5550 = AXIS2_PLACEMENT_3D ( 'NONE', #5260, #2421, #5206 ) ;
#5551 = CARTESIAN_POINT ( 'NONE',  ( 24.62500000000000000, 0.000000000000000000, 1.000000000000000000 ) ) ;
#5552 = CARTESIAN_POINT ( 'NONE',  ( 0.000000000000000000, 0.000000000000000000, 0.000000000000000000 ) ) ;
#5553 = CIRCLE ( 'NONE', #8171, 1.375000000000001332 ) ;
#5554 = DIRECTION ( 'NONE',  ( -1.000000000000000000, -0.000000000000000000, -0.000000000000000000 ) ) ;
#5555 = CARTESIAN_POINT ( 'NONE',  ( 66.73827242307172014, -0.4974474678478724710, -4.502552532152127363 ) ) ;
#5556 = TOROIDAL_SURFACE ( 'NONE', #6287, 1.000000000000000000, 1.375000000000008216 ) ;
#5557 = CIRCLE ( 'NONE', #1315, 1.000000000000000000 ) ;
#5558 = ORIENTED_EDGE ( 'NONE', *, *, #3845, .F. ) ;
#5559 = EDGE_CURVE ( 'NONE', #4160, #8808, #5030, .T. ) ;
#5560 = ORIENTED_EDGE ( 'NONE', *, *, #4136, .F. ) ;
#5561 = DIRECTION ( 'NONE',  ( 0.000000000000000000, 0.000000000000000000, -1.000000000000000000 ) ) ;
#5562 = DIRECTION ( 'NONE',  ( 0.000000000000000000, 0.000000000000000000, 1.000000000000000000 ) ) ;
#5563 = CIRCLE ( 'NONE', #3515, 3.999999999999999112 ) ;
#5564 = CARTESIAN_POINT ( 'NONE',  ( 65.87499999999998579, 0.000000000000000000, 0.000000000000000000 ) ) ;
#5565 = TOROIDAL_SURFACE ( 'NONE', #6737, 1.000000000000000000, 3.999999999999999112 ) ;
#5566 = COORDINATED_UNIVERSAL_TIME_OFFSET ( 3, 30, .AHEAD. ) ;
#5567 = ORIENTED_EDGE ( 'NONE', *, *, #8253, .F. ) ;
#5568 = CARTESIAN_POINT ( 'NONE',  ( 95.11759796945995049, -0.1278684794971776395, 4.872131520502823498 ) ) ;
#5569 = FACE_OUTER_BOUND ( 'NONE', #6424, .T. ) ;
#5570 = DIRECTION ( 'NONE',  ( 0.000000000000000000, 0.000000000000000000, 1.000000000000000000 ) ) ;
#5571 = CARTESIAN_POINT ( 'NONE',  ( 118.1249999999997726, 2.819534933157905838E-13, -5.000000000000282441 ) ) ;
#5572 = CARTESIAN_POINT ( 'NONE',  ( 53.13240203055824651, -4.872131520497915425, 0.1278684795020852694 ) ) ;
#5573 = DIRECTION ( 'NONE',  ( 0.000000000000000000, 0.000000000000000000, 1.000000000000000000 ) ) ;
#5574 = CARTESIAN_POINT ( 'NONE',  ( 44.14736572063977604, -0.9599107665869506256, 4.040089233413050707 ) ) ;
#5575 = DIRECTION ( 'NONE',  ( -1.000000000000000000, -0.000000000000000000, -0.000000000000000000 ) ) ;
#5576 = ORIENTED_EDGE ( 'NONE', *, *, #1741, .F. ) ;
#5577 = ADVANCED_FACE ( 'NONE', ( #1226 ), #7953, .F. ) ;
#5578 = CARTESIAN_POINT ( 'NONE',  ( 44.73123519307647911, -4.508466212583659427, -0.4915337874163412946 ) ) ;
#5579 = CYLINDRICAL_SURFACE ( 'NONE', #3642, 1.000000000000000000 ) ;
#5580 = ORIENTED_EDGE ( 'NONE', *, *, #143, .T. ) ;
#5581 = CARTESIAN_POINT ( 'NONE',  ( 98.87499999999998579, -1.328041165545675195, -3.671958834454324805 ) ) ;
#5582 = DIRECTION ( 'NONE',  ( 0.000000000000000000, 0.000000000000000000, 1.000000000000000000 ) ) ;
#5583 = ORIENTED_EDGE ( 'NONE', *, *, #410, .F. ) ;
#5584 = TOROIDAL_SURFACE ( 'NONE', #1195, 1.000000000000000000, 1.375000000000001332 ) ;
#5585 = CC_DESIGN_PERSON_AND_ORGANIZATION_ASSIGNMENT ( #8538, #5154, ( #23 ) ) ;
#5586 = CARTESIAN_POINT ( 'NONE',  ( 66.14877465030181725, -4.041784260362685011, -0.9582157396373158775 ) ) ;
#5587 = CARTESIAN_POINT ( 'NONE',  ( 63.12499999999998579, 0.000000000000000000, 0.000000000000000000 ) ) ;
#5588 = DIRECTION ( 'NONE',  ( 0.000000000000000000, -1.224646799147353207E-16, 1.000000000000000000 ) ) ;
#5589 = DIRECTION ( 'NONE',  ( -0.000000000000000000, 1.000000000000000000, 1.224646799147353207E-16 ) ) ;
#5590 = ORIENTED_EDGE ( 'NONE', *, *, #1555, .F. ) ;
#5591 = FACE_OUTER_BOUND ( 'NONE', #4907, .T. ) ;
#5592 = DIRECTION ( 'NONE',  ( -1.000000000000000000, -0.000000000000000000, -0.000000000000000000 ) ) ;
#5593 = CARTESIAN_POINT ( 'NONE',  ( 108.4999999999999858, 0.000000000000000000, 0.000000000000000000 ) ) ;
#5594 = CARTESIAN_POINT ( 'NONE',  ( 33.73827242307173435, -0.4974474678478674750, 4.502552532152131803 ) ) ;
#5595 = CARTESIAN_POINT ( 'NONE',  ( 76.60122534970066965, -0.9582157396402011251, -4.041784260359799319 ) ) ;
#5596 = TOROIDAL_SURFACE ( 'NONE', #5467, 1.000000000000000000, 3.999999999999997335 ) ;
#5597 = EDGE_LOOP ( 'NONE', ( #4712, #1948, #3676 ) ) ;
#5598 = VERTEX_POINT ( 'NONE', #8826 ) ;
#5599 = CARTESIAN_POINT ( 'NONE',  ( 117.5388655165442913, -0.04063066961492974721, 4.959369330385070995 ) ) ;
#5600 = CARTESIAN_POINT ( 'NONE',  ( 4.000000000000000000, 2.143131898507868051E-16, -0.9999999999999997780 ) ) ;
#5601 = CARTESIAN_POINT ( 'NONE',  ( 51.97815646957787550, -5.000000000001020517, -1.019540630204176807E-12 ) ) ;
#5602 = EDGE_CURVE ( 'NONE', #5209, #1717, #5778, .T. ) ;
#5603 = CONTEXT_DEPENDENT_SHAPE_REPRESENTATION ( #5258, #1669 ) ;
#5604 = EDGE_LOOP ( 'NONE', ( #1074, #2727, #6447, #6620, #9006, #6553 ) ) ;
#5605 = CARTESIAN_POINT ( 'NONE',  ( 94.35157376276964669, -0.4321793203680487916, 4.567820679631951819 ) ) ;
#5606 = CARTESIAN_POINT ( 'NONE',  ( 55.73123519307645779, -4.508466212583659427, 0.4915337874163405174 ) ) ;
#5607 = CARTESIAN_POINT ( 'NONE',  ( 113.9999999999999858, 0.000000000000000000, 0.000000000000000000 ) ) ;
#5608 = CARTESIAN_POINT ( 'NONE',  ( 93.37499999999998579, -1.328041165545675195, -3.671958834454324805 ) ) ;
#5609 = CARTESIAN_POINT ( 'NONE',  ( 73.97774279211274973, -1.202109158743301463E-14, -4.999999999999988454 ) ) ;
#5610 = CARTESIAN_POINT ( 'NONE',  ( 46.03886551654430548, -0.04063066961492543816, 4.959369330385074548 ) ) ;
#5611 = CARTESIAN_POINT ( 'NONE',  ( 0.000000000000000000, 1.224646799147353207E-16, -1.000000000000000000 ) ) ;
#5612 = ORIENTED_EDGE ( 'NONE', *, *, #8146, .F. ) ;
#5613 = TOROIDAL_SURFACE ( 'NONE', #4298, 1.000000000000000000, 3.999999999999996447 ) ;
#5614 = CARTESIAN_POINT ( 'NONE',  ( 101.7722572079140377, -4.999999999998968825, -1.033198507083057943E-12 ) ) ;
#5615 = DIRECTION ( 'NONE',  ( -1.000000000000000000, -0.000000000000000000, -0.000000000000000000 ) ) ;
#5616 = ORIENTED_EDGE ( 'NONE', *, *, #8815, .T. ) ;
#5617 = DIRECTION ( 'NONE',  ( 0.000000000000000000, 0.000000000000000000, 1.000000000000000000 ) ) ;
#5618 = ADVANCED_FACE ( 'NONE', ( #531 ), #642, .T. ) ;
#5619 = CARTESIAN_POINT ( 'NONE',  ( 39.75000000000000000, 0.000000000000000000, 1.000000000000000000 ) ) ;
#5620 = ORIENTED_EDGE ( 'NONE', *, *, #8886, .F. ) ;
#5621 = FACE_OUTER_BOUND ( 'NONE', #910, .T. ) ;
#5622 = CARTESIAN_POINT ( 'NONE',  ( 107.1250000000000000, 1.224646799147353207E-16, -1.000000000000000000 ) ) ;
#5624 = CARTESIAN_POINT ( 'NONE',  ( 122.2499999999999858, 0.000000000000000000, 1.000000000000000000 ) ) ;
#5623 = DIRECTION ( 'NONE',  ( -1.000000000000000000, -0.000000000000000000, -0.000000000000000000 ) ) ;
#5625 = DIRECTION ( 'NONE',  ( -1.000000000000000000, -0.000000000000000000, -0.000000000000000000 ) ) ;
#5626 = FACE_OUTER_BOUND ( 'NONE', #4144, .T. ) ;
#5627 = CARTESIAN_POINT ( 'NONE',  ( 31.53423771779432982, -4.739198801702002584, -0.2608011982979969723 ) ) ;
#5628 = ADVANCED_FACE ( 'NONE', ( #4615 ), #4013, .T. ) ;
#5629 = ORIENTED_EDGE ( 'NONE', *, *, #7488, .F. ) ;
#5630 = EDGE_CURVE ( 'NONE', #7469, #3145, #6651, .T. ) ;
#5631 = CARTESIAN_POINT ( 'NONE',  ( 112.7718435304483933, 5.459233224172372473E-15, 5.000000000000007105 ) ) ;
#5632 = DIRECTION ( 'NONE',  ( -1.000000000000000000, -0.000000000000000000, -0.000000000000000000 ) ) ;
#5633 = AXIS2_PLACEMENT_3D ( 'NONE', #3336, #4876, #2093 ) ;
#5634 = CARTESIAN_POINT ( 'NONE',  ( 105.9782194156834834, -4.840676868219794038, 0.1593231317802039637 ) ) ;
#5635 = EDGE_CURVE ( 'NONE', #8076, #7385, #2990, .T. ) ;
#5636 = CARTESIAN_POINT ( 'NONE',  ( 65.87499999999998579, -1.328041165545668534, -3.671958834454331466 ) ) ;
#5637 = EDGE_CURVE ( 'NONE', #6642, #6597, #2588, .T. ) ;
#5638 = ADVANCED_FACE ( 'NONE', ( #7406 ), #584, .F. ) ;
#5639 = VERTEX_POINT ( 'NONE', #5402 ) ;
#5640 = CARTESIAN_POINT ( 'NONE',  ( 41.27184353044837195, 8.315110684958649698E-15, -5.000000000000007105 ) ) ;
#5641 = TOROIDAL_SURFACE ( 'NONE', #3313, 1.000000000000000000, 4.000000000000000000 ) ;
#5642 = VERTEX_POINT ( 'NONE', #3936 ) ;
#5643 = VERTEX_POINT ( 'NONE', #2705 ) ;
#5644 = CARTESIAN_POINT ( 'NONE',  ( 96.12499999999998579, 0.000000000000000000, 0.000000000000000000 ) ) ;
#5645 = CC_DESIGN_DATE_AND_TIME_ASSIGNMENT ( #4739, #1305, ( #4505 ) ) ;
#5646 = CARTESIAN_POINT ( 'NONE',  ( 59.03383637236984072, -0.2517800035652996704, 4.748219996434700718 ) ) ;
#5647 = CARTESIAN_POINT ( 'NONE',  ( 49.37500000000000000, -1.328041165545665647, -3.671958834454334575 ) ) ;
#5648 = AXIS2_PLACEMENT_3D ( 'NONE', #1329, #4894, #5500 ) ;
#5649 = EDGE_LOOP ( 'NONE', ( #6964, #7568, #6948 ) ) ;
#5650 = CARTESIAN_POINT ( 'NONE',  ( 96.12499999999978684, 2.818544231345960265E-13, 5.000000000000282441 ) ) ;
#5651 = EDGE_CURVE ( 'NONE', #5096, #2937, #4154, .T. ) ;
#5652 = AXIS2_PLACEMENT_3D ( 'NONE', #3854, #1056, #5835 ) ;
#5653 = TOROIDAL_SURFACE ( 'NONE', #3908, 1.000000000000000000, 3.999999999999997335 ) ;
#5654 = CARTESIAN_POINT ( 'NONE',  ( 27.25378377920365480, -3.863136006093129016, 1.136863993906870984 ) ) ;
#5655 = CARTESIAN_POINT ( 'NONE',  ( 95.82874637064227841, -0.008301598518917907218, -4.991698401481082570 ) ) ;
#5656 = CARTESIAN_POINT ( 'NONE',  ( 65.87499999999998579, -3.671958834454331466, 1.328041165545668756 ) ) ;
#5657 = FACE_OUTER_BOUND ( 'NONE', #2159, .T. ) ;
#5658 = VERTEX_POINT ( 'NONE', #4800 ) ;
#5659 = CARTESIAN_POINT ( 'NONE',  ( 102.7704619374263046, -4.832344906983753852, -0.1676550930162466757 ) ) ;
#5660 = VECTOR ( 'NONE', #7571, 1000.000000000000000 ) ;
#5661 = DIRECTION ( 'NONE',  ( 0.000000000000000000, 0.000000000000000000, 1.000000000000000000 ) ) ;
#5662 = ORIENTED_EDGE ( 'NONE', *, *, #2122, .T. ) ;
#5663 = DIRECTION ( 'NONE',  ( -1.000000000000000000, -0.000000000000000000, -0.000000000000000000 ) ) ;
#5664 = CARTESIAN_POINT ( 'NONE',  ( 90.32874637064226420, -0.008301598518918535188, 4.991698401481082570 ) ) ;
#5665 = CARTESIAN_POINT ( 'NONE',  ( 9.500000000000000000, 0.000000000000000000, 1.000000000000000000 ) ) ;
#5666 = CARTESIAN_POINT ( 'NONE',  ( 66.73123519307654306, -4.508466212583692290, -0.4915337874163076548 ) ) ;
#5668 = DIRECTION ( 'NONE',  ( 0.000000000000000000, 0.000000000000000000, 1.000000000000000000 ) ) ;
#5667 = CARTESIAN_POINT ( 'NONE',  ( 12.21576228220554405, -0.2608011982980502075, -4.739198801701948405 ) ) ;
#5669 = AXIS2_PLACEMENT_3D ( 'NONE', #3670, #35, #687 ) ;
#5670 = ORIENTED_EDGE ( 'NONE', *, *, #8357, .F. ) ;
#5671 = CARTESIAN_POINT ( 'NONE',  ( 115.3749999999999858, -3.671958834454344345, -1.328041165545655877 ) ) ;
#5672 = CIRCLE ( 'NONE', #1722, 3.904737509655565653 ) ;
#5673 = APPROVAL_PERSON_ORGANIZATION ( #6935, #4968, #4143 ) ;
#5674 = CYLINDRICAL_SURFACE ( 'NONE', #6963, 1.000000000000000000 ) ;
#5675 = CARTESIAN_POINT ( 'NONE',  ( 27.37500000000000000, 0.000000000000000000, 0.000000000000000000 ) ) ;
#5676 = AXIS2_PLACEMENT_3D ( 'NONE', #8326, #8282, #5460 ) ;
#5677 = ORIENTED_EDGE ( 'NONE', *, *, #4374, .F. ) ;
#5678 = CARTESIAN_POINT ( 'NONE',  ( 54.87499999999999289, -1.328041165545660540, 3.671958834454339460 ) ) ;
#5679 = CARTESIAN_POINT ( 'NONE',  ( 6.238272423071736128, -0.4974474678478690848, -4.502552532152130027 ) ) ;
#5680 = LOCAL_TIME ( 19, 56, 48.00000000000000000, #2731 ) ;
#5681 = DIRECTION ( 'NONE',  ( 0.000000000000000000, 0.000000000000000000, -1.000000000000000000 ) ) ;
#5682 = CIRCLE ( 'NONE', #4810, 1.374999999999994227 ) ;
#5683 = EDGE_CURVE ( 'NONE', #2192, #3090, #3713, .T. ) ;
#5684 = DIRECTION ( 'NONE',  ( 0.000000000000000000, 0.000000000000000000, 1.000000000000000000 ) ) ;
#5685 = CARTESIAN_POINT ( 'NONE',  ( 106.8325341254270882, -4.991957775357442451, 0.008042224642557400244 ) ) ;
#5686 = CIRCLE ( 'NONE', #1321, 3.904737509655562544 ) ;
#5687 = AXIS2_PLACEMENT_3D ( 'NONE', #1362, #8925, #2666 ) ;
#5688 = ADVANCED_FACE ( 'NONE', ( #3395 ), #8962, .F. ) ;
#5689 = CARTESIAN_POINT ( 'NONE',  ( 107.7111344834554956, -4.959369330385100305, 0.04063066961490011814 ) ) ;
#5690 = ORIENTED_EDGE ( 'NONE', *, *, #3541, .T. ) ;
#5691 = CARTESIAN_POINT ( 'NONE',  ( 41.70631021352428291, -0.03993437491703665659, -4.960065625082964225 ) ) ;
#5692 = TOROIDAL_SURFACE ( 'NONE', #4518, 1.000000000000000000, 3.999999999999999112 ) ;
#5693 = EDGE_LOOP ( 'NONE', ( #5223, #6682, #2473, #648 ) ) ;
#5694 = VERTEX_POINT ( 'NONE', #3433 ) ;
#5695 = CARTESIAN_POINT ( 'NONE',  ( 23.89665234915597480, -0.06459124882792061095, -4.935408751172079889 ) ) ;
#5696 = EDGE_CURVE ( 'NONE', #217, #1721, #8573, .T. ) ;
#5697 = CARTESIAN_POINT ( 'NONE',  ( 81.51172757693694848, -4.502552532146822273, -0.4974474678531768945 ) ) ;
#5698 = CARTESIAN_POINT ( 'NONE',  ( 85.12500000000000000, 0.000000000000000000, 1.000000000000000000 ) ) ;
#5699 = AXIS2_PLACEMENT_3D ( 'NONE', #9022, #4945, #1379 ) ;
#5700 = ORIENTED_EDGE ( 'NONE', *, *, #6321, .T. ) ;
#5701 = CYLINDRICAL_SURFACE ( 'NONE', #6585, 1.000000000000000000 ) ;
#5702 = DIRECTION ( 'NONE',  ( 0.000000000000000000, 0.000000000000000000, 1.000000000000000000 ) ) ;
#5703 = DIRECTION ( 'NONE',  ( 0.000000000000000000, -1.224646799147353207E-16, 1.000000000000000000 ) ) ;
#5704 = AXIS2_PLACEMENT_3D ( 'NONE', #6494, #5807, #202 ) ;
#5705 = FACE_OUTER_BOUND ( 'NONE', #7155, .T. ) ;
#5706 = TOROIDAL_SURFACE ( 'NONE', #7030, 1.000000000000000000, 3.999999999999996447 ) ;
#5707 = FACE_OUTER_BOUND ( 'NONE', #5270, .T. ) ;
#5708 = CARTESIAN_POINT ( 'NONE',  ( 0.000000000000000000, 0.000000000000000000, 0.000000000000000000 ) ) ;
#5709 = ORIENTED_EDGE ( 'NONE', *, *, #8969, .T. ) ;
#5710 = CARTESIAN_POINT ( 'NONE',  ( 109.8749999999999858, 0.000000000000000000, 0.000000000000000000 ) ) ;
#5711 = CARTESIAN_POINT ( 'NONE',  ( 63.70631021352425449, -0.03993437491703331205, 4.960065625082967777 ) ) ;
#5712 = ORIENTED_EDGE ( 'NONE', *, *, #7866, .T. ) ;
#5713 = DIRECTION ( 'NONE',  ( -1.000000000000000000, -0.000000000000000000, -0.000000000000000000 ) ) ;
#5714 = AXIS2_PLACEMENT_3D ( 'NONE', #8860, #1034, #3834 ) ;
#5715 = CARTESIAN_POINT ( 'NONE',  ( 109.2311995511639822, -0.6335913640930904700, 4.366408635906909197 ) ) ;
#5716 = CARTESIAN_POINT ( 'NONE',  ( 50.75000000000000000, 1.224646799147353207E-16, -1.000000000000000000 ) ) ;
#5718 = LINE ( 'NONE', #1498, #3349 ) ;
#5717 = CARTESIAN_POINT ( 'NONE',  ( 13.62499999999979039, 2.854305633574743335E-13, -5.000000000000285105 ) ) ;
#5719 = EDGE_LOOP ( 'NONE', ( #1862, #4957, #22, #5952 ) ) ;
#5720 = CARTESIAN_POINT ( 'NONE',  ( 98.60263427936259006, -4.040089233410256497, 0.9599107665897450570 ) ) ;
#5721 = CARTESIAN_POINT ( 'NONE',  ( 15.00000000000000000, 0.000000000000000000, 0.000000000000000000 ) ) ;
#5722 = ORIENTED_EDGE ( 'NONE', *, *, #6952, .T. ) ;
#5723 = DIRECTION ( 'NONE',  ( 0.000000000000000000, -1.224646799147353207E-16, 1.000000000000000000 ) ) ;
#5724 = EDGE_CURVE ( 'NONE', #6733, #2602, #6350, .T. ) ;
#5725 = ORIENTED_EDGE ( 'NONE', *, *, #8897, .T. ) ;
#5726 = ADVANCED_FACE ( 'NONE', ( #1447 ), #1976, .T. ) ;
#5727 = CARTESIAN_POINT ( 'NONE',  ( 52.41746587457270579, -0.008042224642538188181, 4.991957775357462879 ) ) ;
#5728 = CARTESIAN_POINT ( 'NONE',  ( 67.89940186600668426, -4.935956332723948847, 0.06404366727605143028 ) ) ;
#5729 = CARTESIAN_POINT ( 'NONE',  ( 94.75000000000000000, 0.000000000000000000, 1.000000000000000000 ) ) ;
#5730 = CARTESIAN_POINT ( 'NONE',  ( 98.23119955116399638, -0.6335913640930985746, -4.366408635906902980 ) ) ;
#5731 = EDGE_CURVE ( 'NONE', #1470, #5358, #931, .T. ) ;
#5732 = B_SPLINE_CURVE_WITH_KNOTS ( 'NONE', 3,
 ( #4042, #5468, #2849, #7692, #1419, #2720, #2761, #689, #7060, #2117, #8421, #3412, #4819, #4862, #4216, #606 ),
 .UNSPECIFIED., .F., .F.,
 ( 4, 2, 2, 2, 2, 2, 2, 4 ),
 ( 4.818711198499644711E-07, 0.0008765200830205838872, 0.001314539188970953454, 0.001752558294921319334, 0.002190577400871685215, 0.002628596506822050878, 0.003066615612772416975, 0.003504634718722782639 ),
 .UNSPECIFIED. ) ;
#5733 = DIRECTION ( 'NONE',  ( 0.000000000000000000, -1.000000000000000000, 0.000000000000000000 ) ) ;
#5734 = AXIS2_PLACEMENT_3D ( 'NONE', #1818, #7991, #4652 ) ;
#5735 = CARTESIAN_POINT ( 'NONE',  ( 0.000000000000000000, 1.224646799147353207E-16, -1.000000000000000000 ) ) ;
#5736 = ORIENTED_EDGE ( 'NONE', *, *, #8748, .F. ) ;
#5737 = CARTESIAN_POINT ( 'NONE',  ( 70.39842623724028670, -4.567820679626460212, 0.4321793203735401767 ) ) ;
#5738 = ORIENTED_EDGE ( 'NONE', *, *, #4366, .T. ) ;
#5739 = ORIENTED_EDGE ( 'NONE', *, *, #6694, .T. ) ;
#5740 = EDGE_CURVE ( 'NONE', #6181, #4353, #3778, .T. ) ;
#5741 = FACE_OUTER_BOUND ( 'NONE', #8513, .T. ) ;
#5742 = CARTESIAN_POINT ( 'NONE',  ( 82.37499999999998579, -3.671958834454344345, -1.328041165545655877 ) ) ;
#5743 = DIRECTION ( 'NONE',  ( 0.000000000000000000, 0.000000000000000000, 1.000000000000000000 ) ) ;
#5744 = DIRECTION ( 'NONE',  ( -0.000000000000000000, 1.000000000000000000, 1.224646799147353207E-16 ) ) ;
#5745 = B_SPLINE_CURVE_WITH_KNOTS ( 'NONE', 3,
 ( #1413, #4209, #861, #7012, #7055, #2842, #2886, #8465, #2205, #4985, #7774, #1503, #3885, #302, #2526, #7187 ),
 .UNSPECIFIED., .F., .F.,
 ( 4, 2, 2, 2, 2, 2, 2, 4 ),
 ( 4.818711198520267845E-07, 0.0008765200830206144617, 0.001314539188970995738, 0.001752558294921377014, 0.002190577400871758073, 0.002628596506822139349, 0.003066615612772520625, 0.003504634718722901901 ),
 .UNSPECIFIED. ) ;
#5746 = ORIENTED_EDGE ( 'NONE', *, *, #1215, .F. ) ;
#5747 = CARTESIAN_POINT ( 'NONE',  ( 79.03886551654429127, -0.04063066961493040641, -4.959369330385070107 ) ) ;
#5748 = ADVANCED_FACE ( 'NONE', ( #5759 ), #5613, .T. ) ;
#5749 = B_SPLINE_CURVE_WITH_KNOTS ( 'NONE', 3,
 ( #1630, #3013, #7899, #5462, #2626, #4854, #5416, #8245, #2025, #5501, #1284, #4081, #5364, #8200, #3357, #640 ),
 .UNSPECIFIED., .F., .F.,
 ( 4, 2, 2, 2, 2, 2, 2, 4 ),
 ( 4.818711198469100702E-07, 0.0008765200830274378881, 0.001314539188981229956, 0.001752558294935022349, 0.002190577400888814308, 0.002628596506842606050, 0.003066615612796398226, 0.003504634718750189969 ),
 .UNSPECIFIED. ) ;
#5750 = TOROIDAL_SURFACE ( 'NONE', #1066, 1.000000000000000000, 1.374999999999997780 ) ;
#5751 = CARTESIAN_POINT ( 'NONE',  ( 9.500000000000000000, 1.224646799147353207E-16, -1.000000000000000000 ) ) ;
#5752 = CARTESIAN_POINT ( 'NONE',  ( 48.73119955116401769, -0.6335913640930935786, -4.366408635906906532 ) ) ;
#5753 = CARTESIAN_POINT ( 'NONE',  ( 73.39665234915597125, -0.06459124882792474653, -4.935408751172075448 ) ) ;
#5754 = TOROIDAL_SURFACE ( 'NONE', #8214, 1.000000000000000000, 3.999999999999997335 ) ;
#5755 = CARTESIAN_POINT ( 'NONE',  ( 19.12500000000000000, 0.000000000000000000, 1.000000000000000000 ) ) ;
#5756 = APPROVAL_DATE_TIME ( #8584, #2342 ) ;
#5757 = EDGE_LOOP ( 'NONE', ( #2832, #6240, #2181 ) ) ;
#5758 = EDGE_CURVE ( 'NONE', #6156, #771, #1662, .T. ) ;
#5759 = FACE_OUTER_BOUND ( 'NONE', #6813, .T. ) ;
#5760 = ADVANCED_FACE ( 'NONE', ( #6448 ), #3292, .T. ) ;
#5761 = CARTESIAN_POINT ( 'NONE',  ( 64.27178058431637453, -0.1593231317801526714, 4.840676868219847329 ) ) ;
#5762 = EDGE_LOOP ( 'NONE', ( #2710, #5405, #2767 ) ) ;
#5763 = EDGE_CURVE ( 'NONE', #4296, #6894, #6509, .T. ) ;
#5764 = CARTESIAN_POINT ( 'NONE',  ( 88.85157376276964669, -0.4321793203680409645, -4.567820679631960701 ) ) ;
#5765 = CARTESIAN_POINT ( 'NONE',  ( 21.01172757693692716, -4.502552532146846254, -0.4974474678531529692 ) ) ;
#5766 = B_SPLINE_CURVE_WITH_KNOTS ( 'NONE', 3,
 ( #3489, #2253, #4214, #7734, #7688, #8418, #2074, #815, #3620, #7017, #1464, #773 ),
 .UNSPECIFIED., .F., .F.,
 ( 4, 2, 2, 2, 2, 4 ),
 ( 0.003504634718722878482, 0.003941423334001176865, 0.004378211949279475247, 0.005251789179836071145, 0.006125366410392667910, 0.006998943640949263807 ),
 .UNSPECIFIED. ) ;
#5767 = DIRECTION ( 'NONE',  ( 0.000000000000000000, 0.000000000000000000, 1.000000000000000000 ) ) ;
#5768 = DIRECTION ( 'NONE',  ( -0.000000000000000000, 1.000000000000000000, 1.224646799147353207E-16 ) ) ;
#5770 = FACE_OUTER_BOUND ( 'NONE', #3863, .T. ) ;
#5769 = CARTESIAN_POINT ( 'NONE',  ( 3.680754160711026568, -4.835479548886701728, 0.1645204511132987713 ) ) ;
#5771 = TOROIDAL_SURFACE ( 'NONE', #8684, 1.000000000000000000, 4.000000000000000000 ) ;
#5772 = CARTESIAN_POINT ( 'NONE',  ( 36.35334765086493292, -4.935408751168116837, -0.06459124883188396837 ) ) ;
#5773 = CARTESIAN_POINT ( 'NONE',  ( 50.71576228220554583, -0.2608011982980507071, 4.739198801701948405 ) ) ;
#5774 = ORIENTED_EDGE ( 'NONE', *, *, #1726, .F. ) ;
#5775 = FACE_OUTER_BOUND ( 'NONE', #2294, .T. ) ;
#5776 = ORIENTED_EDGE ( 'NONE', *, *, #3227, .T. ) ;
#5777 = CARTESIAN_POINT ( 'NONE',  ( 7.977742792112742620, -9.318844727454986134E-15, 4.999999999999988454 ) ) ;
#5778 = CIRCLE ( 'NONE', #7374, 1.374999999999994227 ) ;
#5779 = CARTESIAN_POINT ( 'NONE',  ( 7.538865516544302814, -0.04063066961492743656, -4.959369330385072772 ) ) ;
#5780 = CARTESIAN_POINT ( 'NONE',  ( 114.5187648069320119, -0.4915337874217320380, 4.508466212578267296 ) ) ;
#5781 = CARTESIAN_POINT ( 'NONE',  ( 54.99600116288349483, -3.862796825715729021, -1.137203174284271201 ) ) ;
#5782 = CARTESIAN_POINT ( 'NONE',  ( 34.61759796945997891, -0.1278684794971736705, 4.872131520502827051 ) ) ;
#5783 = FACE_OUTER_BOUND ( 'NONE', #5837, .T. ) ;
#5784 = VERTEX_POINT ( 'NONE', #2234 ) ;
#5785 = DIRECTION ( 'NONE',  ( -1.000000000000000000, -0.000000000000000000, -0.000000000000000000 ) ) ;
#5786 = AXIS2_PLACEMENT_3D ( 'NONE', #2432, #2574, #2623 ) ;
#5787 = EDGE_LOOP ( 'NONE', ( #6227, #8247, #4603 ) ) ;
#5788 = VERTEX_POINT ( 'NONE', #5013 ) ;
#5789 = CARTESIAN_POINT ( 'NONE',  ( 15.73119955116402124, -0.6335913640930929125, 4.366408635906909197 ) ) ;
#5790 = CARTESIAN_POINT ( 'NONE',  ( 83.71576228220554583, -0.2608011982980542598, 4.739198801701945740 ) ) ;
#5791 = CARTESIAN_POINT ( 'NONE',  ( 34.24999999999999289, 0.000000000000000000, 0.000000000000000000 ) ) ;
#5792 = CARTESIAN_POINT ( 'NONE',  ( 16.25399883711744309, -1.137203174285765117, -3.862796825714235105 ) ) ;
#5793 = ORIENTED_EDGE ( 'NONE', *, *, #8887, .F. ) ;
#5794 = CARTESIAN_POINT ( 'NONE',  ( 79.62499999999978684, 2.818747515117398234E-13, -5.000000000000282441 ) ) ;
#5795 = AXIS2_PLACEMENT_3D ( 'NONE', #6724, #5951, #1827 ) ;
#5796 = EDGE_CURVE ( 'NONE', #6202, #5788, #1825, .T. ) ;
#5797 = ORIENTED_EDGE ( 'NONE', *, *, #5325, .F. ) ;
#5798 = CARTESIAN_POINT ( 'NONE',  ( 101.6250000000000000, 0.000000000000000000, 0.000000000000000000 ) ) ;
#5799 = CARTESIAN_POINT ( 'NONE',  ( 73.39665234915597125, -0.06459124882792478817, 4.935408751172075448 ) ) ;
#5800 = TOROIDAL_SURFACE ( 'NONE', #2589, 0.6790153017205606822, 4.320984698279439762 ) ;
#5801 = EDGE_CURVE ( 'NONE', #6774, #4758, #1359, .T. ) ;
#5802 = CARTESIAN_POINT ( 'NONE',  ( 0.000000000000000000, 0.000000000000000000, 0.000000000000000000 ) ) ;
#5803 = TOROIDAL_SURFACE ( 'NONE', #3755, 1.000000000000000000, 3.999999999999997335 ) ;
#5804 =( LENGTH_UNIT ( ) NAMED_UNIT ( * ) SI_UNIT ( .MILLI., .METRE. ) );
#5805 = VERTEX_POINT ( 'NONE', #670 ) ;
#5806 = DIRECTION ( 'NONE',  ( -1.000000000000000000, -0.000000000000000000, -0.000000000000000000 ) ) ;
#5807 = DIRECTION ( 'NONE',  ( -1.000000000000000000, -0.000000000000000000, -0.000000000000000000 ) ) ;
#5808 = EDGE_LOOP ( 'NONE', ( #8674, #8348, #569, #8805, #5941, #3582 ) ) ;
#5809 = CIRCLE ( 'NONE', #1856, 4.000000000000000000 ) ;
#5810 = DIRECTION ( 'NONE',  ( -1.000000000000000000, -0.000000000000000000, -0.000000000000000000 ) ) ;
#5811 = B_SPLINE_CURVE_WITH_KNOTS ( 'NONE', 3,
 ( #2975, #7905, #6670, #1263, #380, #8957, #523, #4061, #3334, #7491, #6806, #8180 ),
 .UNSPECIFIED., .F., .F.,
 ( 4, 2, 2, 2, 2, 4 ),
 ( 0.003504634718722713250, 0.003941423334001038087, 0.004378211949279362490, 0.005251789179836011297, 0.006125366410392660971, 0.006998943640949309777 ),
 .UNSPECIFIED. ) ;
#5812 = CARTESIAN_POINT ( 'NONE',  ( 77.73123519307652884, -4.508466212583692290, -0.4915337874163088761 ) ) ;
#5813 = DIRECTION ( 'NONE',  ( 0.000000000000000000, 0.000000000000000000, 1.000000000000000000 ) ) ;
#5814 = CARTESIAN_POINT ( 'NONE',  ( 101.6250000000279812, -5.000000000000000888, -4.336808689942017736E-16 ) ) ;
#5816 = CARTESIAN_POINT ( 'NONE',  ( 118.1249999999999858, 0.000000000000000000, 1.000000000000000000 ) ) ;
#5815 = CARTESIAN_POINT ( 'NONE',  ( 38.37499999999999289, -1.328041165545660540, 3.671958834454339460 ) ) ;
#5817 = EDGE_CURVE ( 'NONE', #1874, #2950, #4749, .T. ) ;
#5818 = CARTESIAN_POINT ( 'NONE',  ( 96.42125362938301691, -4.991698401479152558, 0.008301598520847820045 ) ) ;
#5819 = CIRCLE ( 'NONE', #3037, 3.999999999999996447 ) ;
#5820 = EDGE_CURVE ( 'NONE', #2381, #1830, #3456, .T. ) ;
#5821 = DIRECTION ( 'NONE',  ( -1.000000000000000000, -0.000000000000000000, -0.000000000000000000 ) ) ;
#5822 = ORIENTED_EDGE ( 'NONE', *, *, #5513, .T. ) ;
#5823 = CARTESIAN_POINT ( 'NONE',  ( 101.4777427921127781, -1.210240675036942905E-14, 4.999999999999988454 ) ) ;
#5824 = ORIENTED_EDGE ( 'NONE', *, *, #3353, .T. ) ;
#5825 = CARTESIAN_POINT ( 'NONE',  ( 47.20631021352427581, -0.03993437491703282632, 4.960065625082966889 ) ) ;
#5826 = CARTESIAN_POINT ( 'NONE',  ( 71.10263427936259006, -4.040089233410254721, -0.9599107665897453900 ) ) ;
#5827 = AXIS2_PLACEMENT_3D ( 'NONE', #3644, #1715, #7211 ) ;
#5828 = DIRECTION ( 'NONE',  ( -1.000000000000000000, -0.000000000000000000, -0.000000000000000000 ) ) ;
#5829 = CARTESIAN_POINT ( 'NONE',  ( 98.01876480693204030, -0.4915337874217386438, -4.508466212578261967 ) ) ;
#5830 = CARTESIAN_POINT ( 'NONE',  ( 95.54368978649830524, -4.960065625086348184, 0.03993437491365254416 ) ) ;
#5831 = AXIS2_PLACEMENT_3D ( 'NONE', #8681, #7359, #1780 ) ;
#5832 = CARTESIAN_POINT ( 'NONE',  ( 25.20631021352427581, -0.03993437491703504677, 4.960065625082965113 ) ) ;
#5833 = LOCAL_TIME ( 19, 56, 48.00000000000000000, #3734 ) ;
#5834 = ORIENTED_EDGE ( 'NONE', *, *, #75, .T. ) ;
#5835 = DIRECTION ( 'NONE',  ( 0.000000000000000000, -1.224646799147353207E-16, 1.000000000000000000 ) ) ;
#5836 = ORIENTED_EDGE ( 'NONE', *, *, #5820, .T. ) ;
#5837 = EDGE_LOOP ( 'NONE', ( #7197, #7216, #2274, #8189 ) ) ;
#5838 = DIRECTION ( 'NONE',  ( -1.000000000000000000, -0.000000000000000000, -0.000000000000000000 ) ) ;
#5839 = CARTESIAN_POINT ( 'NONE',  ( 84.97774279211276394, -1.290920563262914696E-14, 4.999999999999986677 ) ) ;
#5840 = CARTESIAN_POINT ( 'NONE',  ( 47.21113448347798425, -4.959369330381701246, 0.04063066961829840673 ) ) ;
#5841 = AXIS2_PLACEMENT_3D ( 'NONE', #5925, #2495, #8068 ) ;
#5842 = CARTESIAN_POINT ( 'NONE',  ( 8.125000000027860381, -5.000000000000000888, -4.336808689942017736E-16 ) ) ;
#5843 = ORIENTED_EDGE ( 'NONE', *, *, #6044, .T. ) ;
#5844 = CARTESIAN_POINT ( 'NONE',  ( 17.23827242307173790, -0.4974474678478680301, -4.502552532152132692 ) ) ;
#5845 = TOROIDAL_SURFACE ( 'NONE', #9041, 1.000000000000000000, 3.999999999999997335 ) ;
#5846 = AXIS2_PLACEMENT_3D ( 'NONE', #1485, #3860, #7799 ) ;
#5847 = ADVANCED_FACE ( 'NONE', ( #1073 ), #4019, .T. ) ;
#5848 = ORIENTED_EDGE ( 'NONE', *, *, #6745, .F. ) ;
#5849 = DIRECTION ( 'NONE',  ( -1.000000000000000000, -0.000000000000000000, -0.000000000000000000 ) ) ;
#5850 = CARTESIAN_POINT ( 'NONE',  ( 73.11759796945997891, -0.1278684794971776395, 4.872131520502823498 ) ) ;
#5851 = AXIS2_PLACEMENT_3D ( 'NONE', #8062, #1793, #4584 ) ;
#5852 = CARTESIAN_POINT ( 'NONE',  ( 79.04368978649829103, -4.960065625086347296, 0.03993437491365348785 ) ) ;
#5853 = PERSON_AND_ORGANIZATION ( #6959, #4939 ) ;
#5854 = EDGE_LOOP ( 'NONE', ( #1568, #7275, #283 ) ) ;
#5855 = CARTESIAN_POINT ( 'NONE',  ( 22.85157376276965024, -0.4321793203680419637, 4.567820679631958924 ) ) ;
#5856 = VERTEX_POINT ( 'NONE', #3012 ) ;
#5857 = CARTESIAN_POINT ( 'NONE',  ( 90.32874637064226420, -0.008301598518918091099, -4.991698401481082570 ) ) ;
#5858 = AXIS2_PLACEMENT_3D ( 'NONE', #7693, #1421, #8424 ) ;
#5859 = DIRECTION ( 'NONE',  ( 0.000000000000000000, 0.000000000000000000, 1.000000000000000000 ) ) ;
#5860 = CARTESIAN_POINT ( 'NONE',  ( 107.1250000000000000, 0.000000000000000000, 0.000000000000000000 ) ) ;
#5861 = CARTESIAN_POINT ( 'NONE',  ( 18.54368978649820932, -4.960065625086332197, 0.03993437491366732400 ) ) ;
#5863 = CARTESIAN_POINT ( 'NONE',  ( 112.0388655165443055, -0.04063066961493052437, 4.959369330385070107 ) ) ;
#5862 = DIRECTION ( 'NONE',  ( -1.000000000000000000, -0.000000000000000000, -0.000000000000000000 ) ) ;
#5864 = AXIS2_PLACEMENT_3D ( 'NONE', #7842, #2407, #4362 ) ;
#5865 = CARTESIAN_POINT ( 'NONE',  ( 37.51876480693205451, -0.4915337874217329261, 4.508466212578267296 ) ) ;
#5866 = DIRECTION ( 'NONE',  ( -1.000000000000000000, -0.000000000000000000, -0.000000000000000000 ) ) ;
#5867 = ORIENTED_EDGE ( 'NONE', *, *, #8181, .T. ) ;
#5868 = B_SPLINE_CURVE_WITH_KNOTS ( 'NONE', 3,
 ( #4466, #7258, #1581, #983, #3783, #7393, #4010, #1214, #2001, #4701, #8174, #5337, #7578, #8125, #1912, #4741 ),
 .UNSPECIFIED., .F., .F.,
 ( 4, 2, 2, 2, 2, 2, 2, 4 ),
 ( 4.818711198682416421E-07, 0.0008765200830205603600, 0.001314539188970919193, 0.001752558294921278135, 0.002190577400871637076, 0.002628596506821995801, 0.003066615612772354959, 0.003504634718722713684 ),
 .UNSPECIFIED. ) ;
#5869 = DIRECTION ( 'NONE',  ( 0.000000000000000000, 0.000000000000000000, 1.000000000000000000 ) ) ;
#5870 = TOROIDAL_SURFACE ( 'NONE', #1919, 1.000000000000000000, 4.000000000000001776 ) ;
#5871 = ORIENTED_EDGE ( 'NONE', *, *, #3271, .F. ) ;
#5872 = B_SPLINE_CURVE_WITH_KNOTS ( 'NONE', 3,
 ( #3756, #1550, #5826, #5083, #6510, #4342, #7191, #2429, #265, #3079, #4391, #219, #3031, #866, #4532, #2344 ),
 .UNSPECIFIED., .F., .F.,
 ( 4, 2, 2, 2, 2, 2, 2, 4 ),
 ( 4.818711198682416421E-07, 0.0008765200830205603600, 0.001314539188970919193, 0.001752558294921278135, 0.002190577400871637076, 0.002628596506821995801, 0.003066615612772354959, 0.003504634718722713684 ),
 .UNSPECIFIED. ) ;
#5873 = ADVANCED_FACE ( 'NONE', ( #2414 ), #1773, .F. ) ;
#5874 = CARTESIAN_POINT ( 'NONE',  ( 46.91746587457269868, -0.008042224642534663223, 4.991957775357466431 ) ) ;
#5875 = DIRECTION ( 'NONE',  ( -1.000000000000000000, -0.000000000000000000, -0.000000000000000000 ) ) ;
#5876 = CARTESIAN_POINT ( 'NONE',  ( 93.49600116288350193, -3.862796825715729021, -1.137203174284272089 ) ) ;
#5877 = CARTESIAN_POINT ( 'NONE',  ( 56.89940186600652794, -4.935956332723924866, -0.06404366727607543885 ) ) ;
#5878 = CARTESIAN_POINT ( 'NONE',  ( 0.000000000000000000, 0.000000000000000000, 0.000000000000000000 ) ) ;
#5879 = LINE ( 'NONE', #3258, #6421 ) ;
#5880 = EDGE_CURVE ( 'NONE', #8240, #757, #495, .T. ) ;
#5881 = CARTESIAN_POINT ( 'NONE',  ( 118.1249999999999858, 0.000000000000000000, 0.000000000000000000 ) ) ;
#5882 = CARTESIAN_POINT ( 'NONE',  ( 103.0000000000000000, 0.000000000000000000, 1.000000000000000000 ) ) ;
#5883 = VERTEX_POINT ( 'NONE', #6538 ) ;
#5884 = DIRECTION ( 'NONE',  ( 0.000000000000000000, 0.000000000000000000, 1.000000000000000000 ) ) ;
#5885 = CARTESIAN_POINT ( 'NONE',  ( 84.53886551654431969, -0.04063066961493052437, 4.959369330385070107 ) ) ;
#5886 = LINE ( 'NONE', #317, #8025 ) ;
#5887 = CARTESIAN_POINT ( 'NONE',  ( 120.7537837792036157, -3.863136006093112140, -1.136863993906888304 ) ) ;
#5888 = DIRECTION ( 'NONE',  ( -1.000000000000000000, -0.000000000000000000, -0.000000000000000000 ) ) ;
#5889 = ORIENTED_EDGE ( 'NONE', *, *, #4368, .T. ) ;
#5890 = DIRECTION ( 'NONE',  ( 0.000000000000000000, 0.000000000000000000, 1.000000000000000000 ) ) ;
#5891 = CARTESIAN_POINT ( 'NONE',  ( 72.23827242307174856, -0.4974474678478726930, 4.502552532152127363 ) ) ;
#5892 = EDGE_CURVE ( 'NONE', #6870, #3383, #4453, .T. ) ;
#5893 = CARTESIAN_POINT ( 'NONE',  ( 79.77184353044840748, 5.404070203482437741E-15, -5.000000000000007105 ) ) ;
#5894 = DIRECTION ( 'NONE',  ( 1.535491343070268469E-16, 0.000000000000000000, -1.000000000000000000 ) ) ;
#5895 = ORIENTED_EDGE ( 'NONE', *, *, #8703, .T. ) ;
#5896 = CARTESIAN_POINT ( 'NONE',  ( 24.32874637064227841, -0.008301598518915761366, 4.991698401481084346 ) ) ;
#5897 = ORIENTED_EDGE ( 'NONE', *, *, #8327, .T. ) ;
#5898 = CARTESIAN_POINT ( 'NONE',  ( 20.27178058431636742, -0.1593231317801528102, 4.840676868219847329 ) ) ;
#5899 = B_SPLINE_CURVE_WITH_KNOTS ( 'NONE', 3,
 ( #7036, #3466, #3507, #8995, #4747, #2737, #4790, #4918, #3387, #7625, #6253, #6905, #6174, #4874, #622, #2049 ),
 .UNSPECIFIED., .F., .F.,
 ( 4, 2, 2, 2, 2, 2, 2, 4 ),
 ( 4.818711198770751370E-07, 0.0008765200830274537174, 0.001314539188981248604, 0.001752558294935043599, 0.002190577400888838594, 0.002628596506842633806, 0.003066615612796429018, 0.003504634718750223796 ),
 .UNSPECIFIED. ) ;
#5900 = DIRECTION ( 'NONE',  ( -1.000000000000000000, -0.000000000000000000, -0.000000000000000000 ) ) ;
#5901 = DIRECTION ( 'NONE',  ( -1.000000000000000000, -0.000000000000000000, -0.000000000000000000 ) ) ;
#5902 = DIRECTION ( 'NONE',  ( -1.000000000000000000, -0.000000000000000000, -0.000000000000000000 ) ) ;
#5903 = CIRCLE ( 'NONE', #3697, 3.999999999999997335 ) ;
#5905 = FACE_OUTER_BOUND ( 'NONE', #7300, .T. ) ;
#5904 = CARTESIAN_POINT ( 'NONE',  ( 55.73827242307174146, -0.4974474678478674750, 4.502552532152133580 ) ) ;
#5906 = CARTESIAN_POINT ( 'NONE',  ( 57.47774279211274973, -8.045330691258117175E-15, -4.999999999999992895 ) ) ;
#5907 = CARTESIAN_POINT ( 'NONE',  ( 110.1487746503018172, -4.041784260362685011, 0.9582157396373149894 ) ) ;
#5908 = DIRECTION ( 'NONE',  ( 0.000000000000000000, -1.224646799147353207E-16, 1.000000000000000000 ) ) ;
#5909 = ORIENTED_EDGE ( 'NONE', *, *, #6432, .F. ) ;
#5910 = CARTESIAN_POINT ( 'NONE',  ( 112.6250000000000000, 1.224646799147353207E-16, -1.000000000000000000 ) ) ;
#5911 = VERTEX_POINT ( 'NONE', #3691 ) ;
#5912 = ADVANCED_FACE ( 'NONE', ( #7987 ), #6793, .T. ) ;
#5913 = CARTESIAN_POINT ( 'NONE',  ( 35.62500000000000000, 0.000000000000000000, 1.000000000000000000 ) ) ;
#5914 = CARTESIAN_POINT ( 'NONE',  ( 67.47821941570038007, -4.840676868225227025, 0.1593231317747709763 ) ) ;
#5915 = EDGE_CURVE ( 'NONE', #7828, #2686, #5186, .T. ) ;
#5916 = CARTESIAN_POINT ( 'NONE',  ( 5.375000000000000000, 0.000000000000000000, 0.000000000000000000 ) ) ;
#5917 = CARTESIAN_POINT ( 'NONE',  ( 69.35059813401477413, -0.06404366728011018361, -4.935956332719889872 ) ) ;
#5918 = CARTESIAN_POINT ( 'NONE',  ( 96.12500000002798117, -5.000000000000000888, -4.336808689942017736E-16 ) ) ;
#5919 = EDGE_CURVE ( 'NONE', #225, #5142, #7664, .T. ) ;
#5920 = AXIS2_PLACEMENT_3D ( 'NONE', #5492, #8871, #8186 ) ;
#5921 = ORIENTED_EDGE ( 'NONE', *, *, #4858, .F. ) ;
#5922 = VERTEX_POINT ( 'NONE', #8036 ) ;
#5923 = DIRECTION ( 'NONE',  ( 0.000000000000000000, 0.000000000000000000, 1.000000000000000000 ) ) ;
#5924 = CARTESIAN_POINT ( 'NONE',  ( 57.62499999999999289, 0.000000000000000000, 0.000000000000000000 ) ) ;
#5925 = CARTESIAN_POINT ( 'NONE',  ( 30.12500000000000000, 0.000000000000000000, 1.000000000000000000 ) ) ;
#5926 = CARTESIAN_POINT ( 'NONE',  ( 63.12499999999998579, 0.000000000000000000, 0.000000000000000000 ) ) ;
#5927 = EDGE_CURVE ( 'NONE', #7097, #2047, #5868, .T. ) ;
#5928 = CARTESIAN_POINT ( 'NONE',  ( 61.74999999999999289, 1.224646799147353207E-16, -1.000000000000000000 ) ) ;
#5929 = ADVANCED_FACE ( 'NONE', ( #5438 ), #3722, .F. ) ;
#5930 = CARTESIAN_POINT ( 'NONE',  ( 78.61759796945997891, -0.1278684794971787775, -4.872131520502821722 ) ) ;
#5931 = EDGE_LOOP ( 'NONE', ( #2510, #1474, #8417 ) ) ;
#5932 = CARTESIAN_POINT ( 'NONE',  ( 36.77178058431635321, -0.1593231317801528379, -4.840676868219846440 ) ) ;
#5933 = CARTESIAN_POINT ( 'NONE',  ( 73.53886551654430548, -0.04063066961492954599, 4.959369330385070107 ) ) ;
#5934 = AXIS2_PLACEMENT_3D ( 'NONE', #8109, #3903, #5923 ) ;
#5935 = ORIENTED_EDGE ( 'NONE', *, *, #645, .F. ) ;
#5936 = DIRECTION ( 'NONE',  ( 0.000000000000000000, 0.000000000000000000, 1.000000000000000000 ) ) ;
#5937 = EDGE_CURVE ( 'NONE', #4842, #6260, #2850, .T. ) ;
#5938 = CALENDAR_DATE ( 2026, 21, 2 ) ;
#5939 = ORIENTED_EDGE ( 'NONE', *, *, #4730, .T. ) ;
#5940 = CARTESIAN_POINT ( 'NONE',  ( 118.7063102135242474, -0.03993437491703821784, -4.960065625082963336 ) ) ;
#5941 = ORIENTED_EDGE ( 'NONE', *, *, #1031, .F. ) ;
#5942 = CARTESIAN_POINT ( 'NONE',  ( 21.87500000000000000, -1.328041165545665425, 3.671958834454335019 ) ) ;
#5943 = CARTESIAN_POINT ( 'NONE',  ( 74.12500000000000000, 0.000000000000000000, 0.000000000000000000 ) ) ;
#5944 = AXIS2_PLACEMENT_3D ( 'NONE', #6223, #1269, #753 ) ;
#5945 = CARTESIAN_POINT ( 'NONE',  ( 5.244133725873111551, -1.133734314220248729, -3.866265685779750161 ) ) ;
#5946 = DIRECTION ( 'NONE',  ( -0.000000000000000000, 1.000000000000000000, 1.224646799147353207E-16 ) ) ;
#5948 = CARTESIAN_POINT ( 'NONE',  ( 111.2157622822055316, -0.2608011982980542598, 4.739198801701945740 ) ) ;
#5947 = CARTESIAN_POINT ( 'NONE',  ( 102.3505981340147741, -0.06404366728011004484, 4.935956332719890760 ) ) ;
#5949 = CARTESIAN_POINT ( 'NONE',  ( 54.99621622079727246, -1.136863993905375070, -3.863136006094624264 ) ) ;
#5950 = CARTESIAN_POINT ( 'NONE',  ( 29.54368978647550747, -4.960065625082934027, -0.03993437491706403053 ) ) ;
#5951 = DIRECTION ( 'NONE',  ( 0.000000000000000000, -1.000000000000000000, 0.000000000000000000 ) ) ;
#5952 = ORIENTED_EDGE ( 'NONE', *, *, #2285, .T. ) ;
#5953 = DIRECTION ( 'NONE',  ( -1.000000000000000000, -0.000000000000000000, -0.000000000000000000 ) ) ;
#5954 = AXIS2_PLACEMENT_3D ( 'NONE', #7629, #4151, #2009 ) ;
#5955 = ORIENTED_EDGE ( 'NONE', *, *, #2, .F. ) ;
#5956 = FACE_OUTER_BOUND ( 'NONE', #2204, .T. ) ;
#5957 = AXIS2_PLACEMENT_3D ( 'NONE', #352, #5037, #6475 ) ;
#5958 = CARTESIAN_POINT ( 'NONE',  ( 68.62499999999998579, 0.000000000000000000, 0.000000000000000000 ) ) ;
#5959 = ORIENTED_EDGE ( 'NONE', *, *, #749, .T. ) ;
#5960 = DIRECTION ( 'NONE',  ( -1.000000000000000000, -0.000000000000000000, -0.000000000000000000 ) ) ;
#5961 = CARTESIAN_POINT ( 'NONE',  ( 69.77178058431637453, -0.1593231317801559743, -4.840676868219844664 ) ) ;
#5962 = AXIS2_PLACEMENT_3D ( 'NONE', #7347, #1909, #4599 ) ;
#5963 = CARTESIAN_POINT ( 'NONE',  ( 0.000000000000000000, 1.224646799147353207E-16, -1.000000000000000000 ) ) ;
#5964 = CIRCLE ( 'NONE', #6836, 3.904737509655557215 ) ;
#5965 = DIRECTION ( 'NONE',  ( 0.000000000000000000, 0.000000000000000000, 1.000000000000000000 ) ) ;
#5966 = ORIENTED_EDGE ( 'NONE', *, *, #2209, .T. ) ;
#5967 = VERTEX_POINT ( 'NONE', #8081 ) ;
#5968 = DIRECTION ( 'NONE',  ( -1.000000000000000000, -0.000000000000000000, -0.000000000000000000 ) ) ;
#5969 = B_SPLINE_CURVE_WITH_KNOTS ( 'NONE', 3,
 ( #3447, #4899, #6279, #7650, #2164, #3366, #8336, #2075, #1336, #6157, #3410, #4860, #1375, #7561, #8248, #8976 ),
 .UNSPECIFIED., .F., .F.,
 ( 4, 2, 2, 2, 2, 2, 2, 4 ),
 ( 4.818711198520267845E-07, 0.0008765200830206076313, 0.001314539188970985980, 0.001752558294921364437, 0.002190577400871742894, 0.002628596506822121134, 0.003066615612772499808, 0.003504634718722878482 ),
 .UNSPECIFIED. ) ;
#5970 = DIRECTION ( 'NONE',  ( 0.000000000000000000, 0.000000000000000000, 1.000000000000000000 ) ) ;
#5971 = AXIS2_PLACEMENT_3D ( 'NONE', #162, #7222, #7183 ) ;
#5972 = CARTESIAN_POINT ( 'NONE',  ( 20.89842623724022275, -4.567820679626493963, 0.4321793203735064814 ) ) ;
#5973 = AXIS2_PLACEMENT_3D ( 'NONE', #7994, #3203, #4567 ) ;
#5974 = ADVANCED_FACE ( 'NONE', ( #1814 ), #8222, .F. ) ;
#5975 = CARTESIAN_POINT ( 'NONE',  ( 38.37499999999999289, -3.671958834454339904, -1.328041165545660318 ) ) ;
#5976 = CIRCLE ( 'NONE', #6121, 1.000000000000000000 ) ;
#5977 = CC_DESIGN_SECURITY_CLASSIFICATION ( #2624, ( #837 ) ) ;
#5978 = CARTESIAN_POINT ( 'NONE',  ( 104.3750000000000000, -3.671958834454324805, 1.328041165545675195 ) ) ;
#5979 = B_SPLINE_CURVE_WITH_KNOTS ( 'NONE', 3,
 ( #7292, #3683, #2398, #1518, #4311, #3584, #8569, #4356, #3635, #7158, #6379, #968, #7929, #6568, #881, #2996 ),
 .UNSPECIFIED., .F., .F.,
 ( 4, 2, 2, 2, 2, 2, 2, 4 ),
 ( 4.818711198681143754E-07, 0.0008765200830205597095, 0.001314539188970918543, 0.001752558294921277484, 0.002190577400871636642, 0.002628596506821994933, 0.003066615612772354092, 0.003504634718722713250 ),
 .UNSPECIFIED. ) ;
#5980 = EDGE_CURVE ( 'NONE', #7114, #1629, #2413, .T. ) ;
#5981 = VERTEX_POINT ( 'NONE', #4648 ) ;
#5982 = CARTESIAN_POINT ( 'NONE',  ( 116.9782194157003659, -4.840676868225229690, -0.1593231317747707265 ) ) ;
#5983 = CARTESIAN_POINT ( 'NONE',  ( 11.42277126958471634, -0.7176137099602841740, 4.282386290039718268 ) ) ;
#5984 = CIRCLE ( 'NONE', #2035, 2.500000000000000000 ) ;
#5985 = ORIENTED_EDGE ( 'NONE', *, *, #8473, .F. ) ;
#5986 = CARTESIAN_POINT ( 'NONE',  ( 101.0436897864983052, -4.960065625086348184, 0.03993437491365254416 ) ) ;
#5987 = AXIS2_PLACEMENT_3D ( 'NONE', #4127, #6234, #2755 ) ;
#5988 = PERSON_AND_ORGANIZATION_ROLE ( 'creator' ) ;
#5989 = ORIENTED_EDGE ( 'NONE', *, *, #4292, .F. ) ;
#5990 = CARTESIAN_POINT ( 'NONE',  ( 5.496001162883500157, -3.862796825715728133, -1.137203174284270979 ) ) ;
#5991 = ORIENTED_EDGE ( 'NONE', *, *, #3463, .F. ) ;
#5992 = CARTESIAN_POINT ( 'NONE',  ( 18.54368978649820932, -4.960065625086332197, -0.03993437491366717829 ) ) ;
#5993 = LINE ( 'NONE', #8040, #634 ) ;
#5994 = DIRECTION ( 'NONE',  ( 0.000000000000000000, 0.000000000000000000, 1.000000000000000000 ) ) ;
#5995 = CARTESIAN_POINT ( 'NONE',  ( 24.33253412545236571, -4.991957775359342264, -0.008042224640656962104 ) ) ;
#5997 = CARTESIAN_POINT ( 'NONE',  ( 112.6249999999998010, 2.822932509281566863E-13, 5.000000000000282441 ) ) ;
#5996 = DIRECTION ( 'NONE',  ( 0.000000000000000000, 0.000000000000000000, -1.000000000000000000 ) ) ;
#5998 = CARTESIAN_POINT ( 'NONE',  ( 32.99600116288350193, -3.862796825715725912, 1.137203174284274976 ) ) ;
#5999 = CYLINDRICAL_SURFACE ( 'NONE', #3598, 1.000000000000000000 ) ;
#6000 = CARTESIAN_POINT ( 'NONE',  ( 101.6250000000000000, 1.224646799147353207E-16, -1.000000000000000000 ) ) ;
#6001 = ORIENTED_EDGE ( 'NONE', *, *, #1159, .F. ) ;
#6002 = CARTESIAN_POINT ( 'NONE',  ( 88.51880044884225640, -4.366408635911700031, -0.6335913640883005238 ) ) ;
#6003 = CIRCLE ( 'NONE', #4536, 4.000000000000001776 ) ;
#6004 = VERTEX_POINT ( 'NONE', #2552 ) ;
#6005 = AXIS2_PLACEMENT_3D ( 'NONE', #356, #8157, #1940 ) ;
#6006 = DIRECTION ( 'NONE',  ( 0.000000000000000000, 0.000000000000000000, 1.000000000000000000 ) ) ;
#6007 = ORIENTED_EDGE ( 'NONE', *, *, #7517, .F. ) ;
#6008 = CARTESIAN_POINT ( 'NONE',  ( 2.500000000000000000, 0.000000000000000000, 0.000000000000000000 ) ) ;
#6009 = AXIS2_PLACEMENT_3D ( 'NONE', #7584, #7669, #4193 ) ;
#6010 = DIRECTION ( 'NONE',  ( -1.000000000000000000, -0.000000000000000000, -0.000000000000000000 ) ) ;
#6011 = VECTOR ( 'NONE', #1933, 1000.000000000000000 ) ;
#6012 = EDGE_CURVE ( 'NONE', #781, #5249, #4107, .T. ) ;
#6013 = EDGE_CURVE ( 'NONE', #1629, #4823, #4424, .T. ) ;
#6014 = DIRECTION ( 'NONE',  ( 0.000000000000000000, 0.000000000000000000, 1.000000000000000000 ) ) ;
#6015 = EDGE_CURVE ( 'NONE', #7791, #7714, #7231, .T. ) ;
#6016 = ORIENTED_EDGE ( 'NONE', *, *, #6871, .T. ) ;
#6017 = AXIS2_PLACEMENT_3D ( 'NONE', #2428, #5356, #1188 ) ;
#6018 = VERTEX_POINT ( 'NONE', #3241 ) ;
#6019 = CARTESIAN_POINT ( 'NONE',  ( 90.62499999999998579, 0.000000000000000000, 0.000000000000000000 ) ) ;
#6020 = DIRECTION ( 'NONE',  ( -1.000000000000000000, -0.000000000000000000, -0.000000000000000000 ) ) ;
#6021 = FACE_OUTER_BOUND ( 'NONE', #1401, .T. ) ;
#6022 = CARTESIAN_POINT ( 'NONE',  ( 12.25000000000000000, 0.000000000000000000, 1.000000000000000000 ) ) ;
#6023 = B_SPLINE_CURVE_WITH_KNOTS ( 'NONE', 3,
 ( #1177, #1820, #7399, #3248, #7355, #1121, #6175, #7535, #2005, #1963, #8227, #4748 ),
 .UNSPECIFIED., .F., .F.,
 ( 4, 2, 2, 2, 2, 4 ),
 ( 0.003504634718750197775, 0.003941423334025084824, 0.004378211949299972740, 0.005251789179849742500, 0.006125366410399513128, 0.006998943640949282022 ),
 .UNSPECIFIED. ) ;
#6024 = DIRECTION ( 'NONE',  ( -1.000000000000000000, -0.000000000000000000, -0.000000000000000000 ) ) ;
#6025 = ADVANCED_FACE ( 'NONE', ( #8813 ), #50, .T. ) ;
#6026 = AXIS2_PLACEMENT_3D ( 'NONE', #1950, #1854, #6660 ) ;
#6027 = ORIENTED_EDGE ( 'NONE', *, *, #4523, .F. ) ;
#6028 = DIRECTION ( 'NONE',  ( 0.000000000000000000, -1.224646799147353207E-16, 1.000000000000000000 ) ) ;
#6029 = CARTESIAN_POINT ( 'NONE',  ( 12.47953806259080345, -0.1676550930109053650, 4.832344906989095357 ) ) ;
#6030 = ORIENTED_EDGE ( 'NONE', *, *, #5532, .F. ) ;
#6031 = CARTESIAN_POINT ( 'NONE',  ( 82.10122534970066965, -0.9582157396401881355, -4.041784260359812642 ) ) ;
#6032 = CC_DESIGN_PERSON_AND_ORGANIZATION_ASSIGNMENT ( #4319, #7801, ( #1089 ) ) ;
#6033 = APPROVAL_STATUS ( 'not_yet_approved' ) ;
#6034 = ORIENTED_EDGE ( 'NONE', *, *, #6860, .T. ) ;
#6035 = CARTESIAN_POINT ( 'NONE',  ( 8.125000000027860381, -5.000000000000000888, -4.336808689942017736E-16 ) ) ;
#6036 = ORIENTED_EDGE ( 'NONE', *, *, #6433, .T. ) ;
#6037 = DIRECTION ( 'NONE',  ( -1.000000000000000000, -0.000000000000000000, -0.000000000000000000 ) ) ;
#6038 = FACE_OUTER_BOUND ( 'NONE', #8770, .T. ) ;
#6039 = DIRECTION ( 'NONE',  ( 0.000000000000000000, 0.000000000000000000, 1.000000000000000000 ) ) ;
#6040 = CARTESIAN_POINT ( 'NONE',  ( 93.25399883711745019, -1.137203174285775109, -3.862796825714226223 ) ) ;
#6042 = CARTESIAN_POINT ( 'NONE',  ( 111.0903213122420112, -0.3138588207986899303, 4.686141179201310791 ) ) ;
#6041 = CARTESIAN_POINT ( 'NONE',  ( 19.12500000000000000, 0.000000000000000000, 1.000000000000000000 ) ) ;
#6043 = CARTESIAN_POINT ( 'NONE',  ( 35.33253412545226979, -4.991957775359334271, 0.008042224640665882052 ) ) ;
#6044 = EDGE_CURVE ( 'NONE', #3716, #1813, #5184, .T. ) ;
#6045 = CARTESIAN_POINT ( 'NONE',  ( 28.23123519306786733, -4.508466212578220222, -0.4915337874217806102 ) ) ;
#6046 = EDGE_CURVE ( 'NONE', #5150, #6148, #6360, .T. ) ;
#6047 = CARTESIAN_POINT ( 'NONE',  ( 46.62500000000000000, 1.224646799147353207E-16, -1.000000000000000000 ) ) ;
#6048 = ORIENTED_EDGE ( 'NONE', *, *, #4128, .T. ) ;
#6049 = DIRECTION ( 'NONE',  ( -1.000000000000000000, -0.000000000000000000, -0.000000000000000000 ) ) ;
#6050 = EDGE_CURVE ( 'NONE', #8323, #5856, #3355, .T. ) ;
#6051 = EDGE_CURVE ( 'NONE', #3172, #3570, #3221, .T. ) ;
#6052 = CARTESIAN_POINT ( 'NONE',  ( 79.62500000000000000, 0.000000000000000000, 0.000000000000000000 ) ) ;
#6053 = ORIENTED_EDGE ( 'NONE', *, *, #3353, .F. ) ;
#6054 = DIRECTION ( 'NONE',  ( 0.000000000000000000, 0.000000000000000000, 1.000000000000000000 ) ) ;
#6055 = CIRCLE ( 'NONE', #4864, 1.000000000000000000 ) ;
#6056 = CARTESIAN_POINT ( 'NONE',  ( 26.51172757693694138, -4.502552532146836484, -0.4974474678531630167 ) ) ;
#6057 = ORIENTED_EDGE ( 'NONE', *, *, #3188, .T. ) ;
#6058 = CARTESIAN_POINT ( 'NONE',  ( 32.87500000000000000, -3.671958834454334575, -1.328041165545665647 ) ) ;
#6059 = DIRECTION ( 'NONE',  ( -1.000000000000000000, -0.000000000000000000, -0.000000000000000000 ) ) ;
#6060 = CARTESIAN_POINT ( 'NONE',  ( 68.62499999999978684, 2.818544231345960265E-13, 5.000000000000282441 ) ) ;
#6061 = CARTESIAN_POINT ( 'NONE',  ( 58.35059813401475992, -0.06404366728010563170, -4.935956332719894313 ) ) ;
#6062 = CARTESIAN_POINT ( 'NONE',  ( 51.39940186600654215, -4.935956332723922202, -0.06404366727607935239 ) ) ;
#6063 = CARTESIAN_POINT ( 'NONE',  ( 11.73123519307650398, -4.508466212583677191, 0.4915337874163232534 ) ) ;
#6064 = ORIENTED_EDGE ( 'NONE', *, *, #3737, .F. ) ;
#6065 = CARTESIAN_POINT ( 'NONE',  ( 10.87500000000000000, -1.328041165545663871, -3.671958834454336351 ) ) ;
#6066 = CARTESIAN_POINT ( 'NONE',  ( 28.71616362763001007, -4.748219996434647427, 0.2517800035653536828 ) ) ;
#6067 = CARTESIAN_POINT ( 'NONE',  ( 21.75378377920364770, -3.863136006093129460, 1.136863993906869430 ) ) ;
#6068 = CARTESIAN_POINT ( 'NONE',  ( 13.62500000000000000, 0.000000000000000000, 0.000000000000000000 ) ) ;
#6069 = AXIS2_PLACEMENT_3D ( 'NONE', #2143, #2790, #8401 ) ;
#6070 = CARTESIAN_POINT ( 'NONE',  ( 68.62499999999998579, 0.000000000000000000, 1.000000000000000000 ) ) ;
#6071 = ORIENTED_EDGE ( 'NONE', *, *, #3728, .T. ) ;
#6072 = VERTEX_POINT ( 'NONE', #2087 ) ;
#6073 = AXIS2_PLACEMENT_3D ( 'NONE', #4186, #1433, #1347 ) ;
#6074 = FACE_OUTER_BOUND ( 'NONE', #4913, .T. ) ;
#6075 = CARTESIAN_POINT ( 'NONE',  ( 13.32874637064227841, -0.008301598518915827285, 4.991698401481084346 ) ) ;
#6076 = ORIENTED_EDGE ( 'NONE', *, *, #3467, .F. ) ;
#6077 = FACE_OUTER_BOUND ( 'NONE', #7574, .T. ) ;
#6078 = COORDINATED_UNIVERSAL_TIME_OFFSET ( 3, 30, .AHEAD. ) ;
#6079 = EDGE_LOOP ( 'NONE', ( #7173, #6309, #7802, #6376 ) ) ;
#6080 = DIRECTION ( 'NONE',  ( 0.000000000000000000, 0.000000000000000000, 1.000000000000000000 ) ) ;
#6081 = ADVANCED_FACE ( 'NONE', ( #7074 ), #5420, .T. ) ;
#6082 = ORIENTED_EDGE ( 'NONE', *, *, #67, .F. ) ;
#6083 = CARTESIAN_POINT ( 'NONE',  ( 75.27046193742627622, -4.832344906983752075, 0.1676550930162465924 ) ) ;
#6084 = DIRECTION ( 'NONE',  ( -1.000000000000000000, -0.000000000000000000, -0.000000000000000000 ) ) ;
#6085 = AXIS2_PLACEMENT_3D ( 'NONE', #5465, #7606, #603 ) ;
#6086 = DIRECTION ( 'NONE',  ( 0.000000000000000000, 0.000000000000000000, 1.000000000000000000 ) ) ;
#6087 = CARTESIAN_POINT ( 'NONE',  ( 115.6473657206397263, -0.9599107665869465178, -4.040089233413053371 ) ) ;
#6088 = AXIS2_PLACEMENT_3D ( 'NONE', #4017, #1920, #579 ) ;
#6089 = B_SPLINE_CURVE_WITH_KNOTS ( 'NONE', 3,
 ( #8890, #8066, #6742, #1797, #1892, #2539, #7470, #8749, #4543, #7332, #500, #2632 ),
 .UNSPECIFIED., .F., .F.,
 ( 4, 2, 2, 2, 2, 4 ),
 ( 0.003504634718750198209, 0.003941423334025082222, 0.004378211949299965801, 0.005251789179849737296, 0.006125366410399509659, 0.006998943640949281154 ),
 .UNSPECIFIED. ) ;
#6090 = CARTESIAN_POINT ( 'NONE',  ( 63.12499999999998579, 0.000000000000000000, 0.000000000000000000 ) ) ;
#6091 = DIRECTION ( 'NONE',  ( -1.000000000000000000, -0.000000000000000000, -0.000000000000000000 ) ) ;
#6092 = DIRECTION ( 'NONE',  ( 0.000000000000000000, -1.224646799147353454E-16, 1.000000000000000000 ) ) ;
#6093 = VERTEX_POINT ( 'NONE', #2733 ) ;
#6094 = DIRECTION ( 'NONE',  ( 0.000000000000000000, 0.000000000000000000, 1.000000000000000000 ) ) ;
#6095 = CARTESIAN_POINT ( 'NONE',  ( 92.39842623724025827, -4.567820679626460212, -0.4321793203735402322 ) ) ;
#6096 = ORIENTED_EDGE ( 'NONE', *, *, #169, .F. ) ;
#6097 = AXIS2_PLACEMENT_3D ( 'NONE', #7999, #6504, #6462 ) ;
#6098 = CARTESIAN_POINT ( 'NONE',  ( 96.12499999999998579, 0.000000000000000000, 0.000000000000000000 ) ) ;
#6099 = CARTESIAN_POINT ( 'NONE',  ( 26.03423771780840212, -4.739198801696340446, -0.2608011983036606085 ) ) ;
#6100 = ORIENTED_EDGE ( 'NONE', *, *, #360, .F. ) ;
#6101 = ADVANCED_FACE ( 'NONE', ( #745 ), #6727, .T. ) ;
#6102 = FACE_OUTER_BOUND ( 'NONE', #6692, .T. ) ;
#6103 = CARTESIAN_POINT ( 'NONE',  ( 109.8749999999999858, -1.328041165545655877, -3.671958834454344345 ) ) ;
#6104 = CARTESIAN_POINT ( 'NONE',  ( 85.12500000000000000, 0.000000000000000000, 0.000000000000000000 ) ) ;
#6105 = CIRCLE ( 'NONE', #4911, 1.000000000000000000 ) ;
#6106 = CARTESIAN_POINT ( 'NONE',  ( 65.87499999999998579, -3.671958834454331466, 1.328041165545668756 ) ) ;
#6107 = CIRCLE ( 'NONE', #6535, 4.000000000000000000 ) ;
#6108 = TOROIDAL_SURFACE ( 'NONE', #2156, 1.000000000000000000, 3.999999999999999112 ) ;
#6109 = CARTESIAN_POINT ( 'NONE',  ( 102.6324020305584099, -4.872131520497874568, 0.1278684795021269582 ) ) ;
#6110 = ORIENTED_EDGE ( 'NONE', *, *, #5919, .F. ) ;
#6111 = FACE_OUTER_BOUND ( 'NONE', #1166, .T. ) ;
#6112 = CARTESIAN_POINT ( 'NONE',  ( 106.9777427921127781, -1.286643046879280480E-14, 4.999999999999986677 ) ) ;
#6113 = CARTESIAN_POINT ( 'NONE',  ( 108.5338363723698620, -0.2517800035653031121, -4.748219996434698054 ) ) ;
#6114 = CIRCLE ( 'NONE', #6556, 1.000000000000000000 ) ;
#6115 = CARTESIAN_POINT ( 'NONE',  ( 44.73827242307174146, -0.4974474678478675860, -4.502552532152132692 ) ) ;
#6116 = ORIENTED_EDGE ( 'NONE', *, *, #6046, .F. ) ;
#6117 = EDGE_LOOP ( 'NONE', ( #442, #6767, #7839, #6846, #7615, #8302 ) ) ;
#6118 = DIRECTION ( 'NONE',  ( 0.000000000000000000, 0.000000000000000000, 1.000000000000000000 ) ) ;
#6119 = CIRCLE ( 'NONE', #7279, 1.374999999999994227 ) ;
#6120 = FACE_OUTER_BOUND ( 'NONE', #1712, .T. ) ;
#6121 = AXIS2_PLACEMENT_3D ( 'NONE', #5607, #2136, #8912 ) ;
#6122 = ORIENTED_EDGE ( 'NONE', *, *, #4412, .F. ) ;
#6123 = CARTESIAN_POINT ( 'NONE',  ( 52.12500000002778933, -5.000000000000000888, -4.336808689942017736E-16 ) ) ;
#6124 = EDGE_CURVE ( 'NONE', #2979, #4533, #8914, .T. ) ;
#6125 = PERSON_AND_ORGANIZATION ( #6959, #4939 ) ;
#6126 = ORIENTED_EDGE ( 'NONE', *, *, #2235, .F. ) ;
#6127 = CIRCLE ( 'NONE', #5971, 0.9999999999999997780 ) ;
#6128 = CARTESIAN_POINT ( 'NONE',  ( 7.399401866006583894, -4.935956332723932860, -0.06404366727606752852 ) ) ;
#6129 = ADVANCED_FACE ( 'NONE', ( #3546 ), #1908, .T. ) ;
#6130 = ORIENTED_EDGE ( 'NONE', *, *, #8599, .F. ) ;
#6131 = DIRECTION ( 'NONE',  ( 0.000000000000000000, 0.000000000000000000, 1.000000000000000000 ) ) ;
#6132 = APPROVAL_PERSON_ORGANIZATION ( #6125, #6809, #8855 ) ;
#6133 = CARTESIAN_POINT ( 'NONE',  ( 6.590321312242014784, -0.3138588207986879319, 4.686141179201312568 ) ) ;
#6134 = CARTESIAN_POINT ( 'NONE',  ( 108.4999999999999858, 0.000000000000000000, 0.000000000000000000 ) ) ;
#6135 = CARTESIAN_POINT ( 'NONE',  ( 122.4822048687072140, -4.833123071218327738, 0.1668769287816722069 ) ) ;
#6136 = CARTESIAN_POINT ( 'NONE',  ( 39.02374954628649562, -0.6401341107417616305, 4.359865889258239591 ) ) ;
#6137 = CARTESIAN_POINT ( 'NONE',  ( 87.23119955116401059, -0.6335913640930893598, -4.366408635906911861 ) ) ;
#6138 = CARTESIAN_POINT ( 'NONE',  ( 45.61759796945996470, -0.1278684794971710614, 4.872131520502827939 ) ) ;
#6139 = CIRCLE ( 'NONE', #3030, 4.000000000000000000 ) ;
#6140 = CARTESIAN_POINT ( 'NONE',  ( 107.1250000000000000, -5.000000000000000888, -4.336808689942017736E-16 ) ) ;
#6141 = EDGE_LOOP ( 'NONE', ( #2651, #3855, #5373, #5477 ) ) ;
#6142 = DIRECTION ( 'NONE',  ( 0.000000000000000000, 0.000000000000000000, 1.000000000000000000 ) ) ;
#6143 = CARTESIAN_POINT ( 'NONE',  ( 60.49600116288348062, -3.862796825715739235, 1.137203174284260543 ) ) ;
#6144 = EDGE_LOOP ( 'NONE', ( #8539, #4320, #4799, #8095 ) ) ;
#6146 = DIRECTION ( 'NONE',  ( -1.000000000000000000, -0.000000000000000000, -0.000000000000000000 ) ) ;
#6145 = AXIS2_PLACEMENT_3D ( 'NONE', #4965, #1759, #3134 ) ;
#6147 = CARTESIAN_POINT ( 'NONE',  ( 24.92125362938296718, -4.991698401479161440, -0.008301598520839571435 ) ) ;
#6148 = VERTEX_POINT ( 'NONE', #8307 ) ;
#6149 = CARTESIAN_POINT ( 'NONE',  ( 109.9960011628835304, -3.862796825715736571, -1.137203174284263651 ) ) ;
#6150 = DIRECTION ( 'NONE',  ( 0.000000000000000000, 0.000000000000000000, 1.000000000000000000 ) ) ;
#6151 = DIRECTION ( 'NONE',  ( -1.000000000000000000, -0.000000000000000000, -0.000000000000000000 ) ) ;
#6152 = AXIS2_PLACEMENT_3D ( 'NONE', #8113, #557, #457 ) ;
#6153 = CC_DESIGN_PERSON_AND_ORGANIZATION_ASSIGNMENT ( #5853, #4369, ( #837 ) ) ;
#6154 = CARTESIAN_POINT ( 'NONE',  ( 12.89940186600660788, -4.935956332723937301, 0.06404366727606312926 ) ) ;
#6155 = TOROIDAL_SURFACE ( 'NONE', #5987, 1.000000000000000000, 3.999999999999997335 ) ;
#6156 = VERTEX_POINT ( 'NONE', #6249 ) ;
#6157 = CARTESIAN_POINT ( 'NONE',  ( 36.77046193742614122, -4.832344906983798261, 0.1676550930162027664 ) ) ;
#6158 = CARTESIAN_POINT ( 'NONE',  ( 13.32874637064227841, -0.008301598518915823816, -4.991698401481084346 ) ) ;
#6159 = CIRCLE ( 'NONE', #4387, 3.999999999999996447 ) ;
#6160 = CARTESIAN_POINT ( 'NONE',  ( 19.42125362938292099, -4.991698401479164993, 0.008301598520835101053 ) ) ;
#6161 = CARTESIAN_POINT ( 'NONE',  ( 50.23827242307173435, -0.4974474678478674750, 4.502552532152131803 ) ) ;
#6162 = EDGE_CURVE ( 'NONE', #7330, #975, #1458, .T. ) ;
#6163 = DIRECTION ( 'NONE',  ( 0.000000000000000000, -1.000000000000000000, 0.000000000000000000 ) ) ;
#6164 = TOROIDAL_SURFACE ( 'NONE', #8337, 1.000000000000000000, 3.999999999999999112 ) ;
#6165 = ORIENTED_EDGE ( 'NONE', *, *, #5731, .T. ) ;
#6166 = ORIENTED_EDGE ( 'NONE', *, *, #3741, .T. ) ;
#6167 = CARTESIAN_POINT ( 'NONE',  ( 65.22625045371997032, -4.359865889253472737, -0.6401341107465297053 ) ) ;
#6168 = ORIENTED_EDGE ( 'NONE', *, *, #5326, .F. ) ;
#6169 = CARTESIAN_POINT ( 'NONE',  ( 71.37500000000000000, 0.000000000000000000, 0.000000000000000000 ) ) ;
#6170 = ORIENTED_EDGE ( 'NONE', *, *, #645, .T. ) ;
#6171 = CARTESIAN_POINT ( 'NONE',  ( 34.89665234915599257, -0.06459124882792148525, -4.935408751172077224 ) ) ;
#6172 = ORIENTED_EDGE ( 'NONE', *, *, #34, .F. ) ;
#6173 = DIRECTION ( 'NONE',  ( -1.000000000000000000, -0.000000000000000000, -0.000000000000000000 ) ) ;
#6174 = CARTESIAN_POINT ( 'NONE',  ( 40.53886551654434101, -0.04063066961492658308, -4.959369330385074548 ) ) ;
#6175 = CARTESIAN_POINT ( 'NONE',  ( 9.533836372369853152, -0.2517800035653014468, 4.748219996434698054 ) ) ;
#6176 = CARTESIAN_POINT ( 'NONE',  ( 38.64736572063976894, -0.9599107665869527350, 4.040089233413047154 ) ) ;
#6177 = DIRECTION ( 'NONE',  ( 0.000000000000000000, -1.000000000000000000, 0.000000000000000000 ) ) ;
#6178 = CARTESIAN_POINT ( 'NONE',  ( 28.59032131224200768, -0.3138588207986852119, -4.686141179201315232 ) ) ;
#6179 = VECTOR ( 'NONE', #8592, 1000.000000000000000 ) ;
#6180 = DIRECTION ( 'NONE',  ( -1.000000000000000000, -0.000000000000000000, -0.000000000000000000 ) ) ;
#6181 = VERTEX_POINT ( 'NONE', #702 ) ;
#6182 = CARTESIAN_POINT ( 'NONE',  ( 76.75399883711747862, -1.137203174285774887, 3.862796825714226667 ) ) ;
#6183 = CARTESIAN_POINT ( 'NONE',  ( 62.54368978649832655, -4.960065625086351737, 0.03993437491364757591 ) ) ;
#6184 = ORIENTED_EDGE ( 'NONE', *, *, #766, .T. ) ;
#6185 = DIRECTION ( 'NONE',  ( 0.000000000000000000, 0.000000000000000000, 1.000000000000000000 ) ) ;
#6186 = DIRECTION ( 'NONE',  ( -1.000000000000000000, -0.000000000000000000, -0.000000000000000000 ) ) ;
#6187 = ORIENTED_EDGE ( 'NONE', *, *, #3960, .F. ) ;
#6188 = DIRECTION ( 'NONE',  ( -1.000000000000000000, -0.000000000000000000, -0.000000000000000000 ) ) ;
#6189 = CARTESIAN_POINT ( 'NONE',  ( 115.4960011628835304, -3.862796825715746785, 1.137203174284253882 ) ) ;
#6190 = CARTESIAN_POINT ( 'NONE',  ( 114.5117275769369769, -4.502552532146823161, 0.4974474678531770055 ) ) ;
#6191 = EDGE_CURVE ( 'NONE', #4153, #1050, #6300, .T. ) ;
#6192 = FACE_OUTER_BOUND ( 'NONE', #106, .T. ) ;
#6193 = ADVANCED_FACE ( 'NONE', ( #2820 ), #5701, .F. ) ;
#6194 = B_SPLINE_CURVE_WITH_KNOTS ( 'NONE', 3,
 ( #6123, #5601, #4869, #1384, #8388, #4698, #4005, #7482, #7525, #1253, #4053, #565 ),
 .UNSPECIFIED., .F., .F.,
 ( 4, 2, 2, 2, 2, 4 ),
 ( 0.003504634718722878482, 0.003941423334001176865, 0.004378211949279474380, 0.005251789179836069410, 0.006125366410392665308, 0.006998943640949261205 ),
 .UNSPECIFIED. ) ;
#6195 = CARTESIAN_POINT ( 'NONE',  ( 6.351573762769645803, -0.4321793203680420192, -4.567820679631958036 ) ) ;
#6196 = ORIENTED_EDGE ( 'NONE', *, *, #5296, .T. ) ;
#6197 = CARTESIAN_POINT ( 'NONE',  ( 118.1250000000279670, -5.000000000000000888, -4.336808689942017736E-16 ) ) ;
#6198 = ADVANCED_FACE ( 'NONE', ( #6213 ), #2922, .T. ) ;
#6199 = CARTESIAN_POINT ( 'NONE',  ( 43.32722873042052214, -4.282386290035433696, -0.7176137099645654160 ) ) ;
#6200 =( REPRESENTATION_RELATIONSHIP ('NONE','NONE', #1337, #3161 ) REPRESENTATION_RELATIONSHIP_WITH_TRANSFORMATION ( #4831 )SHAPE_REPRESENTATION_RELATIONSHIP( ) );
#6201 = CARTESIAN_POINT ( 'NONE',  ( 75.53383637236983361, -0.2517800035653070534, -4.748219996434693613 ) ) ;
#6202 = VERTEX_POINT ( 'NONE', #2315 ) ;
#6203 = ORIENTED_EDGE ( 'NONE', *, *, #4695, .F. ) ;
#6204 = DIRECTION ( 'NONE',  ( 0.000000000000000000, 0.000000000000000000, 1.000000000000000000 ) ) ;
#6205 = EDGE_CURVE ( 'NONE', #7023, #3, #600, .T. ) ;
#6206 = CARTESIAN_POINT ( 'NONE',  ( 63.12500000002798117, -5.000000000000000888, -4.336808689942017736E-16 ) ) ;
#6207 = ADVANCED_FACE ( 'NONE', ( #6619 ), #7736, .F. ) ;
#6208 = EDGE_CURVE ( 'NONE', #2950, #8137, #8330, .T. ) ;
#6209 = VERTEX_POINT ( 'NONE', #5149 ) ;
#6210 = CARTESIAN_POINT ( 'NONE',  ( 62.97815646957802471, -5.000000000001029399, 1.027742344353321791E-12 ) ) ;
#6211 = SECURITY_CLASSIFICATION_LEVEL ( 'unclassified' ) ;
#6212 = ORIENTED_EDGE ( 'NONE', *, *, #7028, .T. ) ;
#6213 = FACE_OUTER_BOUND ( 'NONE', #2887, .T. ) ;
#6214 = APPROVAL ( #6849, 'UNKNOWN' ) ;
#6215 = AXIS2_PLACEMENT_3D ( 'NONE', #7590, #4753, #5534 ) ;
#6216 = CARTESIAN_POINT ( 'NONE',  ( 56.89940186600652794, -4.935956332723925755, 0.06404366727607531395 ) ) ;
#6217 = CARTESIAN_POINT ( 'NONE',  ( 63.85059813401476703, -0.06404366728010683907, -4.935956332719892536 ) ) ;
#6218 = CARTESIAN_POINT ( 'NONE',  ( 8.272257207913868982, -4.999999999998975042, 1.025667960665498029E-12 ) ) ;
#6219 = CARTESIAN_POINT ( 'NONE',  ( 52.27225720791378905, -4.999999999998976818, 1.023750842761544449E-12 ) ) ;
#6220 = EDGE_CURVE ( 'NONE', #5788, #3773, #5515, .T. ) ;
#6221 = CARTESIAN_POINT ( 'NONE',  ( 59.39842623724020854, -4.567820679626502844, 0.4321793203734966005 ) ) ;
#6222 = CARTESIAN_POINT ( 'NONE',  ( 45.09032131224199702, -0.3138588207986854894, 4.686141179201314344 ) ) ;
#6223 = CARTESIAN_POINT ( 'NONE',  ( 75.50000000000000000, 0.000000000000000000, 0.000000000000000000 ) ) ;
#6224 = ORIENTED_EDGE ( 'NONE', *, *, #8082, .T. ) ;
#6225 = DIRECTION ( 'NONE',  ( -1.000000000000000000, -0.000000000000000000, -0.000000000000000000 ) ) ;
#6226 = CARTESIAN_POINT ( 'NONE',  ( 112.4777427921127639, -1.290920563262915012E-14, -4.999999999999986677 ) ) ;
#6227 = ORIENTED_EDGE ( 'NONE', *, *, #3960, .T. ) ;
#6228 = CIRCLE ( 'NONE', #8988, 3.999999999999999112 ) ;
#6229 = CARTESIAN_POINT ( 'NONE',  ( 81.82722873042058609, -4.282386290035405274, 0.7176137099645942818 ) ) ;
#6230 = ORIENTED_EDGE ( 'NONE', *, *, #1521, .F. ) ;
#6231 = CARTESIAN_POINT ( 'NONE',  ( 61.35157376276963248, -0.4321793203680414641, -4.567820679631958924 ) ) ;
#6232 = CARTESIAN_POINT ( 'NONE',  ( 118.1250000000279670, -5.000000000000000888, -4.336808689942017736E-16 ) ) ;
#6233 = DIRECTION ( 'NONE',  ( 0.000000000000000000, 0.000000000000000000, 1.000000000000000000 ) ) ;
#6234 = DIRECTION ( 'NONE',  ( -1.000000000000000000, -0.000000000000000000, -0.000000000000000000 ) ) ;
#6235 = CLOSED_SHELL ( 'NONE', ( #1720, #6354, #7893, #3628, #2449, #962, #1423, #849, #1332, #654, #7895, #1160, #8682, #2268, #3362, #9045, #1514, #1482, #8503, #6970, #3242, #3822, #4170, #1706, #8122, #7034, #5873, #4554, #8216, #1333, #2803, #4685, #7276, #8264, #6674, #6286, #7228, #996, #3118, #1428, #3413, #4736, #2553, #1242, #7261, #1527, #5370, #7100, #4977, #6101, #6129, #4682, #2384, #3777, #4694, #567, #1840, #8054, #3462, #2015, #8773, #2112, #5726, #3064, #1989, #6926, #3124, #7339, #4708, #8475, #2103, #6198, #3291, #3891, #446, #8656, #3128, #4770, #1202, #85, #2903, #5379, #4289, #744, #7816, #4948, #1549, #3071, #6681, #7644, #6979, #7655, #3988, #6922, #8049, #7164, #929, #3538, #6865, #2558, #9049, #6606, #864, #8313, #2798, #7589, #571, #7966, #7914, #3080, #2289, #3499, #1440, #3897, #1477, #934, #2827, #2572, #2488, #8453, #3573, #2765, #4068, #8607, #2811, #1842, #82, #2486, #8966, #2949, #2227, #1404, #2945, #2403, #2485, #4340, #6974, #3787, #5748, #201, #7005, #6025, #6605, #3403, #6284, #6324, #8205, #5618, #1831, #5628, #2302, #5912, #752, #3318, #840, #7241, #1899, #842, #4024, #7730, #4807, #3956, #5760, #8757, #1592, #5230, #7249, #192, #4232, #7652, #1723, #7539, #6880, #6476, #3909, #3363, #4579, #2762, #1096, #2775, #2400, #1131, #238, #8574, #1161, #3055, #607, #5847, #347, #5043, #1371, #2271, #6081, #2501, #8493, #2066, #5519, #8151, #8847, #8993, #7931, #458, #6893, #1700, #651, #6323, #6760, #343, #7181, #6748, #8582, #3153, #7373, #5530, #6490, #5688, #8992, #5638, #414, #6193, #4121, #2410, #1636, #2286, #5577, #1324, #8480, #7794, #2973, #7597, #3451, #3796, #7826, #6244, #7624, #5225, #8996, #7933, #4583, #6785, #6207, #2026, #2734, #5974, #5929, #5458, #920, #7476, #5413, #6565, #7259, #5163, #4021, #3512 ) ) ;
#6236 = CARTESIAN_POINT ( 'NONE',  ( 33.52374954628650272, -0.6401341107417604093, 4.359865889258240479 ) ) ;
#6237 = CIRCLE ( 'NONE', #6384, 3.999999999999999112 ) ;
#6238 = DIRECTION ( 'NONE',  ( 0.000000000000000000, 0.000000000000000000, 1.000000000000000000 ) ) ;
#6239 = TOROIDAL_SURFACE ( 'NONE', #1697, 1.000000000000000000, 3.999999999999999112 ) ;
#6240 = ORIENTED_EDGE ( 'NONE', *, *, #2943, .T. ) ;
#6241 = ORIENTED_EDGE ( 'NONE', *, *, #1355, .T. ) ;
#6242 = FACE_OUTER_BOUND ( 'NONE', #4764, .T. ) ;
#6243 = CARTESIAN_POINT ( 'NONE',  ( 57.77184353044837906, 1.096134749129949074E-14, 5.000000000000012434 ) ) ;
#6244 = ADVANCED_FACE ( 'NONE', ( #3726 ), #2448, .F. ) ;
#6245 = TOROIDAL_SURFACE ( 'NONE', #6687, 1.000000000000000000, 3.999999999999997335 ) ;
#6246 = CARTESIAN_POINT ( 'NONE',  ( 121.8543401061886300, -4.569376863670167488, -0.4306231363298317349 ) ) ;
#6247 = APPROVAL_STATUS ( 'not_yet_approved' ) ;
#6248 = ORIENTED_EDGE ( 'NONE', *, *, #4809, .F. ) ;
#6249 = CARTESIAN_POINT ( 'NONE',  ( 41.12499999999979394, 2.836086289887451419E-13, -5.000000000000283329 ) ) ;
#6250 = PRODUCT_RELATED_PRODUCT_CATEGORY ( 'detail', '', ( #1089 ) ) ;
#6251 = VECTOR ( 'NONE', #3044, 1000.000000000000000 ) ;
#6252 = CARTESIAN_POINT ( 'NONE',  ( 23.25000000000000000, 0.000000000000000000, 0.000000000000000000 ) ) ;
#6253 = CARTESIAN_POINT ( 'NONE',  ( 40.11759796945997181, -0.1278684794971740590, -4.872131520502826163 ) ) ;
#6254 = CARTESIAN_POINT ( 'NONE',  ( 10.87500000000000000, -3.671958834454336795, 1.328041165545663649 ) ) ;
#6255 = DIRECTION ( 'NONE',  ( 0.000000000000000000, 0.000000000000000000, 1.000000000000000000 ) ) ;
#6256 = CARTESIAN_POINT ( 'NONE',  ( 85.12499999999980105, 2.822966390599457035E-13, -5.000000000000282441 ) ) ;
#6257 = VECTOR ( 'NONE', #2334, 1000.000000000000000 ) ;
#6258 = DIRECTION ( 'NONE',  ( -1.000000000000000000, -0.000000000000000000, -0.000000000000000000 ) ) ;
#6259 = DIRECTION ( 'NONE',  ( 0.000000000000000000, 0.000000000000000000, 1.000000000000000000 ) ) ;
#6260 = VERTEX_POINT ( 'NONE', #1020 ) ;
#6261 = CARTESIAN_POINT ( 'NONE',  ( 44.51880044884219956, -4.366408635911659175, -0.6335913640883413800 ) ) ;
#6262 = LOCAL_TIME ( 19, 56, 48.00000000000000000, #1165 ) ;
#6263 = FACE_OUTER_BOUND ( 'NONE', #7519, .T. ) ;
#6264 = ORIENTED_EDGE ( 'NONE', *, *, #7656, .T. ) ;
#6265 = DIRECTION ( 'NONE',  ( -1.000000000000000000, -0.000000000000000000, -0.000000000000000000 ) ) ;
#6266 = FACE_OUTER_BOUND ( 'NONE', #6653, .T. ) ;
#6267 = ORIENTED_EDGE ( 'NONE', *, *, #5088, .F. ) ;
#6268 = CARTESIAN_POINT ( 'NONE',  ( 60.37500000000000000, -1.328041165545665647, -3.671958834454334575 ) ) ;
#6269 = CYLINDRICAL_SURFACE ( 'NONE', #4647, 1.000000000000000000 ) ;
#6270 = AXIS2_PLACEMENT_3D ( 'NONE', #1620, #5099, #5743 ) ;
#6271 = CARTESIAN_POINT ( 'NONE',  ( 31.50000000000000000, 1.224646799147353207E-16, -1.000000000000000000 ) ) ;
#6272 = B_SPLINE_CURVE_WITH_KNOTS ( 'NONE', 3,
 ( #182, #876, #1614, #5222, #273, #6652, #4352, #4400, #3677, #7877, #1752, #5140 ),
 .UNSPECIFIED., .F., .F.,
 ( 4, 2, 2, 2, 2, 4 ),
 ( 0.003504634718722900600, 0.003941423334001198549, 0.004378211949279496064, 0.005251789179836090227, 0.006125366410392685257, 0.006998943640949280287 ),
 .UNSPECIFIED. ) ;
#6273 = DIRECTION ( 'NONE',  ( -1.000000000000000000, -0.000000000000000000, -0.000000000000000000 ) ) ;
#6274 = AXIS2_PLACEMENT_3D ( 'NONE', #3972, #1819, #6086 ) ;
#6275 = CIRCLE ( 'NONE', #2186, 4.000000000000000000 ) ;
#6276 = ORIENTED_EDGE ( 'NONE', *, *, #5331, .F. ) ;
#6277 = DIRECTION ( 'NONE',  ( -1.000000000000000000, -0.000000000000000000, -0.000000000000000000 ) ) ;
#6278 = DIRECTION ( 'NONE',  ( 0.000000000000000000, 0.000000000000000000, 1.000000000000000000 ) ) ;
#6279 = CARTESIAN_POINT ( 'NONE',  ( 38.10263427936256164, -4.040089233410288472, 0.9599107665897111952 ) ) ;
#6280 = AXIS2_PLACEMENT_3D ( 'NONE', #6104, #6151, #5274 ) ;
#6281 = B_SPLINE_CURVE_WITH_KNOTS ( 'NONE', 3,
 ( #5636, #6285, #2120, #4820, #7566, #5555, #4260, #6972, #8339, #7654, #4174, #8294, #647, #2036, #735, #7061 ),
 .UNSPECIFIED., .F., .F.,
 ( 4, 2, 2, 2, 2, 2, 2, 4 ),
 ( 4.818711198738411652E-07, 0.0008765200830274595721, 0.001314539188981252507, 0.001752558294935045334, 0.002190577400888838160, 0.002628596506842631204, 0.003066615612796423813, 0.003504634718750216857 ),
 .UNSPECIFIED. ) ;
#6282 = EDGE_CURVE ( 'NONE', #3702, #5262, #4528, .T. ) ;
#6283 = CARTESIAN_POINT ( 'NONE',  ( 104.3750000000000000, -3.671958834454324805, 1.328041165545675195 ) ) ;
#6284 = ADVANCED_FACE ( 'NONE', ( #3771 ), #5264, .T. ) ;
#6285 = CARTESIAN_POINT ( 'NONE',  ( 65.99621622079727956, -1.136863993905385950, -3.863136006094612718 ) ) ;
#6286 = ADVANCED_FACE ( 'NONE', ( #3098 ), #130, .F. ) ;
#6287 = AXIS2_PLACEMENT_3D ( 'NONE', #8944, #2684, #5324 ) ;
#6288 = B_SPLINE_CURVE_WITH_KNOTS ( 'NONE', 3,
 ( #315, #7380, #1059, #1100, #4040, #1146, #3131, #1845, #4633, #8702, #2440, #5226, #406, #7422, #8020, #1756 ),
 .UNSPECIFIED., .F., .F.,
 ( 4, 2, 2, 2, 2, 2, 2, 4 ),
 ( 4.818711198695142032E-07, 0.0008765200830274565364, 0.001314539188981250122, 0.001752558294935043599, 0.002190577400888837293, 0.002628596506842630770, 0.003066615612796424247, 0.003504634718750217724 ),
 .UNSPECIFIED. ) ;
#6289 = ORIENTED_EDGE ( 'NONE', *, *, #2122, .F. ) ;
#6290 = ORIENTED_EDGE ( 'NONE', *, *, #4487, .F. ) ;
#6291 = CARTESIAN_POINT ( 'NONE',  ( 117.1175979694599789, -0.1278684794971740590, 4.872131520502826163 ) ) ;
#6292 = CARTESIAN_POINT ( 'NONE',  ( 63.42125362938303113, -4.991698401479152558, -0.008301598520846848600 ) ) ;
#6293 = AXIS2_PLACEMENT_3D ( 'NONE', #5051, #6440, #2451 ) ;
#6294 = CARTESIAN_POINT ( 'NONE',  ( 114.5187648069320261, -0.4915337874217322600, -4.508466212578268184 ) ) ;
#6295 = B_SPLINE_CURVE_WITH_KNOTS ( 'NONE', 3,
 ( #5210, #3025, #5263, #7911, #3801, #1829, #909, #8001, #3158, #8688, #214, #2425, #6506, #1086, #5823, #3703 ),
 .UNSPECIFIED., .F., .F.,
 ( 4, 2, 2, 2, 2, 2, 2, 4 ),
 ( 4.818711198681143754E-07, 0.0008765200830274551269, 0.001314539188981248821, 0.001752558294935042298, 0.002190577400888835992, 0.002628596506842629469, 0.003066615612796422946, 0.003504634718750216423 ),
 .UNSPECIFIED. ) ;
#6296 = CIRCLE ( 'NONE', #3521, 3.999999999999997335 ) ;
#6297 = ITEM_DEFINED_TRANSFORMATION ( 'NONE', 'NONE', #1139,  #3344 ) ;
#6298 = ORIENTED_EDGE ( 'NONE', *, *, #1597, .T. ) ;
#6299 = EDGE_CURVE ( 'NONE', #4970, #3539, #6436, .T. ) ;
#6300 = LINE ( 'NONE', #97, #4236 ) ;
#6301 = CARTESIAN_POINT ( 'NONE',  ( 25.35334765086501818, -4.935408751168101738, 0.06459124883189937272 ) ) ;
#6302 = DIRECTION ( 'NONE',  ( 0.000000000000000000, 0.000000000000000000, 1.000000000000000000 ) ) ;
#6303 = CARTESIAN_POINT ( 'NONE',  ( 116.7157622822055458, -0.2608011982980492083, -4.739198801701950181 ) ) ;
#6304 = EDGE_CURVE ( 'NONE', #7092, #6774, #869, .T. ) ;
#6305 = DIRECTION ( 'NONE',  ( 0.000000000000000000, -1.224646799147353207E-16, 1.000000000000000000 ) ) ;
#6306 = CARTESIAN_POINT ( 'NONE',  ( 46.32874637064229262, -0.008301598518914071745, 4.991698401481087011 ) ) ;
#6307 = EDGE_CURVE ( 'NONE', #8260, #4845, #1469, .T. ) ;
#6308 = CARTESIAN_POINT ( 'NONE',  ( 41.12500000002778933, -5.000000000000000888, -4.336808689942017736E-16 ) ) ;
#6309 = ORIENTED_EDGE ( 'NONE', *, *, #6671, .T. ) ;
#6310 = CARTESIAN_POINT ( 'NONE',  ( 44.14877465030176751, -4.041784260362667247, -0.9582157396373336411 ) ) ;
#6311 = CARTESIAN_POINT ( 'NONE',  ( 0.000000000000000000, 1.224646799147353207E-16, -1.000000000000000000 ) ) ;
#6312 = EDGE_LOOP ( 'NONE', ( #2819, #1398, #1231 ) ) ;
#6313 = DIRECTION ( 'NONE',  ( -1.000000000000000000, -0.000000000000000000, -0.000000000000000000 ) ) ;
#6314 = CYLINDRICAL_SURFACE ( 'NONE', #7336, 1.000000000000000000 ) ;
#6315 = ORIENTED_EDGE ( 'NONE', *, *, #6602, .F. ) ;
#6316 = AXIS2_PLACEMENT_3D ( 'NONE', #8213, #3185, #6028 ) ;
#6317 = CARTESIAN_POINT ( 'NONE',  ( 58.77046193742613411, -4.832344906983796484, -0.1676550930162032382 ) ) ;
#6318 = CARTESIAN_POINT ( 'NONE',  ( 61.59032131224200413, -0.3138588207986875434, -4.686141179201313456 ) ) ;
#6320 = CARTESIAN_POINT ( 'NONE',  ( 78.25000000000000000, 0.000000000000000000, 1.000000000000000000 ) ) ;
#6319 = CARTESIAN_POINT ( 'NONE',  ( 132.6250000000000000, 1.224646799147353207E-16, -1.000000000000000000 ) ) ;
#6321 = EDGE_CURVE ( 'NONE', #5883, #534, #3873, .T. ) ;
#6322 = CARTESIAN_POINT ( 'NONE',  ( 114.8272287304205861, -4.282386290035407050, -0.7176137099645947259 ) ) ;
#6323 = ADVANCED_FACE ( 'NONE', ( #2587 ), #6790, .F. ) ;
#6324 = ADVANCED_FACE ( 'NONE', ( #4594 ), #278, .T. ) ;
#6325 = CARTESIAN_POINT ( 'NONE',  ( 31.13240203053986122, -4.872131520502873236, -0.1278684794971265415 ) ) ;
#6326 = VERTEX_POINT ( 'NONE', #5978 ) ;
#6327 = DIRECTION ( 'NONE',  ( -1.000000000000000000, -0.000000000000000000, -0.000000000000000000 ) ) ;
#6328 = CARTESIAN_POINT ( 'NONE',  ( 79.62500000000000000, 1.224646799147353207E-16, -1.000000000000000000 ) ) ;
#6329 = FACE_OUTER_BOUND ( 'NONE', #4700, .T. ) ;
#6330 = CARTESIAN_POINT ( 'NONE',  ( 105.2312351930678602, -4.508466212578214005, 0.4915337874217861613 ) ) ;
#6331 = EDGE_CURVE ( 'NONE', #6018, #4476, #3085, .T. ) ;
#6332 = DIRECTION ( 'NONE',  ( -0.000000000000000000, 1.000000000000000000, 1.224646799147353207E-16 ) ) ;
#6333 = ORIENTED_EDGE ( 'NONE', *, *, #6472, .F. ) ;
#6334 = B_SPLINE_CURVE_WITH_KNOTS ( 'NONE', 3,
 ( #5342, #6762, #3288, #8862, #2418, #8130, #1916, #8178, #4705, #2515, #1728, #1867, #5945, #8041 ),
 .UNSPECIFIED., .F., .F.,
 ( 4, 2, 2, 2, 2, 2, 4 ),
 ( 1.970548284644934111E-07, 0.0009008928392885434287, 0.001351240731518582117, 0.001801588623748619829, 0.002251936515978657759, 0.002702284408208695688, 0.003602980192668768945 ),
 .UNSPECIFIED. ) ;
#6335 = DIRECTION ( 'NONE',  ( 0.000000000000000000, 0.000000000000000000, -1.000000000000000000 ) ) ;
#6336 = VECTOR ( 'NONE', #2211, 1000.000000000000000 ) ;
#6337 = ORIENTED_EDGE ( 'NONE', *, *, #6051, .T. ) ;
#6338 = ORIENTED_EDGE ( 'NONE', *, *, #4292, .T. ) ;
#6339 = CARTESIAN_POINT ( 'NONE',  ( 115.4962162207972511, -1.136863993905369519, 3.863136006094630925 ) ) ;
#6340 = CARTESIAN_POINT ( 'NONE',  ( 53.50000000000000000, 0.000000000000000000, 0.000000000000000000 ) ) ;
#6341 = B_SPLINE_CURVE_WITH_KNOTS ( 'NONE', 3,
 ( #6646, #8739, #2481, #7869, #3263, #6822, #1328, #6775, #2711, #1883, #2669, #6058 ),
 .UNSPECIFIED., .F., .F.,
 ( 4, 2, 2, 2, 2, 4 ),
 ( 0.003504634718722881952, 0.003941423334001180334, 0.004378211949279477849, 0.005251789179836072879, 0.006125366410392668777, 0.006998943640949264675 ),
 .UNSPECIFIED. ) ;
#6342 = CARTESIAN_POINT ( 'NONE',  ( 2.500000000000000000, 1.224646799147353207E-16, -1.000000000000000000 ) ) ;
#6343 = EDGE_LOOP ( 'NONE', ( #2142, #3374, #3872 ) ) ;
#6344 = DIRECTION ( 'NONE',  ( -1.000000000000000000, -0.000000000000000000, -0.000000000000000000 ) ) ;
#6345 = CARTESIAN_POINT ( 'NONE',  ( 13.62500000002789236, -5.000000000000000888, -4.336808689942017736E-16 ) ) ;
#6346 = CARTESIAN_POINT ( 'NONE',  ( 116.3515737627696325, -0.4321793203680409645, -4.567820679631960701 ) ) ;
#6347 = DIRECTION ( 'NONE',  ( -1.000000000000000000, -0.000000000000000000, -0.000000000000000000 ) ) ;
#6348 = CARTESIAN_POINT ( 'NONE',  ( 28.74999999999999645, 0.000000000000000000, 0.000000000000000000 ) ) ;
#6349 = ORIENTED_EDGE ( 'NONE', *, *, #5820, .F. ) ;
#6350 = CIRCLE ( 'NONE', #3138, 1.000000000000000000 ) ;
#6351 = CARTESIAN_POINT ( 'NONE',  ( 112.6250000000000000, 0.000000000000000000, 0.000000000000000000 ) ) ;
#6352 = CIRCLE ( 'NONE', #7437, 3.904737509655563876 ) ;
#6353 = DIRECTION ( 'NONE',  ( -1.000000000000000000, -0.000000000000000000, -0.000000000000000000 ) ) ;
#6354 = ADVANCED_FACE ( 'NONE', ( #1245 ), #5556, .F. ) ;
#6355 = ORIENTED_EDGE ( 'NONE', *, *, #6486, .T. ) ;
#6356 = FACE_OUTER_BOUND ( 'NONE', #8848, .T. ) ;
#6357 = FACE_OUTER_BOUND ( 'NONE', #1252, .T. ) ;
#6358 = CARTESIAN_POINT ( 'NONE',  ( 11.14877465030178350, -4.041784260362676129, 0.9582157396373242042 ) ) ;
#6359 = CARTESIAN_POINT ( 'NONE',  ( 101.3325341254524545, -4.991957775359345817, -0.008042224640654653187 ) ) ;
#6360 = CIRCLE ( 'NONE', #1311, 3.904737509655568761 ) ;
#6361 = CARTESIAN_POINT ( 'NONE',  ( 10.87500000000000000, -1.328041165545663871, -3.671958834454336351 ) ) ;
#6362 = EDGE_CURVE ( 'NONE', #3714, #1813, #2348, .T. ) ;
#6363 = FACE_OUTER_BOUND ( 'NONE', #4268, .T. ) ;
#6364 = FACE_OUTER_BOUND ( 'NONE', #7431, .T. ) ;
#6365 = ORIENTED_EDGE ( 'NONE', *, *, #4695, .T. ) ;
#6366 = EDGE_CURVE ( 'NONE', #975, #6870, #6658, .T. ) ;
#6367 = DIRECTION ( 'NONE',  ( -1.000000000000000000, -0.000000000000000000, -0.000000000000000000 ) ) ;
#6368 = DIRECTION ( 'NONE',  ( -1.000000000000000000, -0.000000000000000000, -0.000000000000000000 ) ) ;
#6369 = CARTESIAN_POINT ( 'NONE',  ( 96.41746587457267026, -0.008042224642539529122, -4.991957775357460214 ) ) ;
#6370 = AXIS2_PLACEMENT_3D ( 'NONE', #5313, #6059, #3945 ) ;
#6371 = CARTESIAN_POINT ( 'NONE',  ( 107.1250000000000000, -5.000000000000000888, -4.336808689942017736E-16 ) ) ;
#6372 = CARTESIAN_POINT ( 'NONE',  ( 74.12499999999978684, 2.819348912645851850E-13, -5.000000000000282441 ) ) ;
#6373 = ORIENTED_EDGE ( 'NONE', *, *, #8086, .F. ) ;
#6374 = CARTESIAN_POINT ( 'NONE',  ( 70.82722873042057188, -4.282386290035391063, 0.7176137099646090478 ) ) ;
#6375 = CIRCLE ( 'NONE', #665, 3.999999999999997335 ) ;
#6376 = ORIENTED_EDGE ( 'NONE', *, *, #6366, .F. ) ;
#6377 = ORIENTED_EDGE ( 'NONE', *, *, #5426, .T. ) ;
#6378 = DIRECTION ( 'NONE',  ( 0.000000000000000000, 0.000000000000000000, 1.000000000000000000 ) ) ;
#6379 = CARTESIAN_POINT ( 'NONE',  ( 91.63240203055839572, -4.872131520497874568, 0.1278684795021269582 ) ) ;
#6380 = DIRECTION ( 'NONE',  ( 0.000000000000000000, -1.224646799147353207E-16, 1.000000000000000000 ) ) ;
#6381 = AXIS2_PLACEMENT_3D ( 'NONE', #69, #7642, #2883 ) ;
#6382 = ORIENTED_EDGE ( 'NONE', *, *, #8612, .F. ) ;
#6383 = DIRECTION ( 'NONE',  ( 0.000000000000000000, 0.000000000000000000, 1.000000000000000000 ) ) ;
#6384 = AXIS2_PLACEMENT_3D ( 'NONE', #205, #2329, #7902 ) ;
#6385 = B_SPLINE_CURVE_WITH_KNOTS ( 'NONE', 3,
 ( #6372, #8476, #8980, #691, #1295, #83, #6201, #2721, #2812, #5595, #777, #3493 ),
 .UNSPECIFIED., .F., .F.,
 ( 4, 2, 2, 2, 2, 4 ),
 ( 0.003504634718750216857, 0.003941423334025103906, 0.004378211949299990087, 0.005251789179849764184, 0.006125366410399537415, 0.006998943640949311512 ),
 .UNSPECIFIED. ) ;
#6386 = AXIS2_PLACEMENT_3D ( 'NONE', #2683, #1898, #6835 ) ;
#6387 = CARTESIAN_POINT ( 'NONE',  ( 94.02374954628649562, -0.6401341107417667375, -4.359865889258233373 ) ) ;
#6388 = CARTESIAN_POINT ( 'NONE',  ( 72.97953806259077680, -0.1676550930109083903, -4.832344906989090028 ) ) ;
#6389 = EDGE_CURVE ( 'NONE', #6148, #3, #1010, .T. ) ;
#6390 = CARTESIAN_POINT ( 'NONE',  ( 86.89842623724024406, -4.567820679626467317, 0.4321793203735330158 ) ) ;
#6391 = EDGE_CURVE ( 'NONE', #5473, #7023, #6385, .T. ) ;
#6392 = APPROVAL_DATE_TIME ( #3010, #703 ) ;
#6393 = EDGE_LOOP ( 'NONE', ( #8950, #263, #8856, #4073 ) ) ;
#6394 = DIRECTION ( 'NONE',  ( -1.000000000000000000, -0.000000000000000000, -0.000000000000000000 ) ) ;
#6395 = AXIS2_PLACEMENT_3D ( 'NONE', #2364, #7253, #978 ) ;
#6396 = CARTESIAN_POINT ( 'NONE',  ( 88.14877465030176040, -4.041784260362690340, 0.9582157396373106595 ) ) ;
#6397 = EDGE_LOOP ( 'NONE', ( #6001, #3537, #1624, #7744 ) ) ;
#6398 = EDGE_CURVE ( 'NONE', #1050, #5805, #7454, .T. ) ;
#6399 = CARTESIAN_POINT ( 'NONE',  ( 0.000000000000000000, 0.000000000000000000, 0.000000000000000000 ) ) ;
#6400 = CARTESIAN_POINT ( 'NONE',  ( 92.73119955116401059, -0.6335913640930997959, 4.366408635906901203 ) ) ;
#6401 = CARTESIAN_POINT ( 'NONE',  ( 85.12500000002799538, -5.000000000000000888, -4.336808689942017736E-16 ) ) ;
#6402 = CARTESIAN_POINT ( 'NONE',  ( 68.62499999999998579, 1.224646799147353207E-16, -1.000000000000000000 ) ) ;
#6403 = CARTESIAN_POINT ( 'NONE',  ( 24.62499999999979394, 2.855508749164137931E-13, 5.000000000000285105 ) ) ;
#6404 = AXIS2_PLACEMENT_3D ( 'NONE', #5032, #77, #3574 ) ;
#6405 = EDGE_LOOP ( 'NONE', ( #7024, #8899, #6337, #6172 ) ) ;
#6406 = CARTESIAN_POINT ( 'NONE',  ( 112.7722572079139667, -4.999999999998964384, 1.034287579694991371E-12 ) ) ;
#6407 = CIRCLE ( 'NONE', #8008, 1.000000000000000000 ) ;
#6408 = LOCAL_TIME ( 19, 56, 48.00000000000000000, #658 ) ;
#6409 = DIRECTION ( 'NONE',  ( -0.000000000000000000, 1.000000000000000000, 1.224646799147353207E-16 ) ) ;
#6410 = VERTEX_POINT ( 'NONE', #2851 ) ;
#6411 = CARTESIAN_POINT ( 'NONE',  ( 32.87500000000000000, -3.671958834454334575, -1.328041165545665647 ) ) ;
#6412 = EDGE_LOOP ( 'NONE', ( #4001, #4973, #248 ) ) ;
#6413 = CARTESIAN_POINT ( 'NONE',  ( 21.23119955116402124, -0.6335913640930935786, -4.366408635906908309 ) ) ;
#6414 = CARTESIAN_POINT ( 'NONE',  ( 68.47815646957801050, -5.000000000001025846, -1.024877890683944157E-12 ) ) ;
#6415 = B_SPLINE_CURVE_WITH_KNOTS ( 'NONE', 3,
 ( #3052, #7939, #2319, #1573, #284, #5932, #4459, #5151, #1524, #835, #194, #4416 ),
 .UNSPECIFIED., .F., .F.,
 ( 4, 2, 2, 2, 2, 4 ),
 ( 0.003504634718750187800, 0.003941423334025071813, 0.004378211949299955393, 0.005251789179849722551, 0.006125366410399490577, 0.006998943640949257736 ),
 .UNSPECIFIED. ) ;
#6416 = CARTESIAN_POINT ( 'NONE',  ( 98.87499999999998579, 0.000000000000000000, 0.000000000000000000 ) ) ;
#6417 = CIRCLE ( 'NONE', #847, 3.999999999999996447 ) ;
#6418 = CARTESIAN_POINT ( 'NONE',  ( 101.6250000000000000, 1.224646799147353207E-16, -1.000000000000000000 ) ) ;
#6419 = DIRECTION ( 'NONE',  ( -1.000000000000000000, -0.000000000000000000, -0.000000000000000000 ) ) ;
#6420 = CC_DESIGN_DATE_AND_TIME_ASSIGNMENT ( #3103, #7943, ( #23 ) ) ;
#6421 = VECTOR ( 'NONE', #5091, 1000.000000000000114 ) ;
#6422 = TOROIDAL_SURFACE ( 'NONE', #3060, 1.000000000000000000, 1.374999999999994227 ) ;
#6423 = CARTESIAN_POINT ( 'NONE',  ( 115.3749999999999858, 0.000000000000000000, 0.000000000000000000 ) ) ;
#6424 = EDGE_LOOP ( 'NONE', ( #1764, #515, #8830, #923 ) ) ;
#6425 = CARTESIAN_POINT ( 'NONE',  ( 104.4960011628825640, -3.862796825714211568, -1.137203174285788432 ) ) ;
#6426 = AXIS2_PLACEMENT_3D ( 'NONE', #2272, #103, #4364 ) ;
#6427 = ORIENTED_EDGE ( 'NONE', *, *, #7488, .T. ) ;
#6428 = ORIENTED_EDGE ( 'NONE', *, *, #1215, .T. ) ;
#6429 = DIRECTION ( 'NONE',  ( 0.000000000000000000, 0.000000000000000000, 1.000000000000000000 ) ) ;
#6430 = CARTESIAN_POINT ( 'NONE',  ( 84.11759796945996470, -0.1278684794971786109, 4.872131520502821722 ) ) ;
#6431 = CARTESIAN_POINT ( 'NONE',  ( 49.37500000000000000, -3.671958834454334575, 1.328041165545665647 ) ) ;
#6432 = EDGE_CURVE ( 'NONE', #6894, #4052, #921, .T. ) ;
#6433 = EDGE_CURVE ( 'NONE', #2328, #4557, #3509, .T. ) ;
#6434 = CARTESIAN_POINT ( 'NONE',  ( 15.51876480693205096, -0.4915337874217331482, -4.508466212578265520 ) ) ;
#6435 = EDGE_CURVE ( 'NONE', #6181, #6326, #4679, .T. ) ;
#6436 = CIRCLE ( 'NONE', #7161, 1.000000000000000000 ) ;
#6437 = ORIENTED_EDGE ( 'NONE', *, *, #7429, .F. ) ;
#6438 = DIRECTION ( 'NONE',  ( 0.000000000000000000, 0.000000000000000000, 1.000000000000000000 ) ) ;
#6439 = CIRCLE ( 'NONE', #8332, 3.904737509655562544 ) ;
#6440 = DIRECTION ( 'NONE',  ( -1.000000000000000000, -0.000000000000000000, -0.000000000000000000 ) ) ;
#6441 = CARTESIAN_POINT ( 'NONE',  ( 72.35157376276966090, -0.4321793203680487916, 4.567820679631951819 ) ) ;
#6442 = AXIS2_PLACEMENT_3D ( 'NONE', #598, #6779, #4813 ) ;
#6443 = CARTESIAN_POINT ( 'NONE',  ( 71.49621622079726535, -1.136863993905387948, -3.863136006094610941 ) ) ;
#6444 = AXIS2_PLACEMENT_3D ( 'NONE', #7598, #1232, #5498 ) ;
#6445 = CARTESIAN_POINT ( 'NONE',  ( 87.87500000000000000, 4.781924292710300481E-16, -3.904737509655568761 ) ) ;
#6446 = APPROVAL_STATUS ( 'not_yet_approved' ) ;
#6447 = ORIENTED_EDGE ( 'NONE', *, *, #2445, .T. ) ;
#6448 = FACE_OUTER_BOUND ( 'NONE', #6712, .T. ) ;
#6449 = CARTESIAN_POINT ( 'NONE',  ( 120.8749999999999858, -1.328041165545675195, -3.671958834454324805 ) ) ;
#6450 = ORIENTED_EDGE ( 'NONE', *, *, #6304, .T. ) ;
#6451 = CARTESIAN_POINT ( 'NONE',  ( 89.09032131224199702, -0.3138588207986883205, -4.686141179201312568 ) ) ;
#6452 = CIRCLE ( 'NONE', #7321, 3.904737509655568761 ) ;
#6453 = B_SPLINE_CURVE_WITH_KNOTS ( 'NONE', 3,
 ( #5419, #4678, #8937, #6781, #7679, #4204, #451, #2677, #1890, #7468, #6109, #498, #2150, #8455, #7006, #5463 ),
 .UNSPECIFIED., .F., .F.,
 ( 4, 2, 2, 2, 2, 2, 2, 4 ),
 ( 4.818711198681143754E-07, 0.0008765200830205597095, 0.001314539188970918543, 0.001752558294921277484, 0.002190577400871636642, 0.002628596506821994933, 0.003066615612772354092, 0.003504634718722713250 ),
 .UNSPECIFIED. ) ;
#6454 = CARTESIAN_POINT ( 'NONE',  ( 78.47821941570039428, -4.840676868225227025, -0.1593231317747719478 ) ) ;
#6455 = CARTESIAN_POINT ( 'NONE',  ( 107.2718435304483791, 5.501196648100931109E-15, 5.000000000000007105 ) ) ;
#6456 = FACE_OUTER_BOUND ( 'NONE', #228, .T. ) ;
#6458 = DIRECTION ( 'NONE',  ( 0.000000000000000000, -1.000000000000000000, 0.000000000000000000 ) ) ;
#6457 = CARTESIAN_POINT ( 'NONE',  ( 4.086081313658573855, -4.690933072593408859, 0.3090669274065901417 ) ) ;
#6459 = ORIENTED_EDGE ( 'NONE', *, *, #7458, .T. ) ;
#6460 = CARTESIAN_POINT ( 'NONE',  ( 31.50000000000000000, 0.000000000000000000, 1.000000000000000000 ) ) ;
#6461 = B_SPLINE_CURVE_WITH_KNOTS ( 'NONE', 3,
 ( #4460, #7981, #5152, #7844, #1575, #4315, #5108, #3689, #5752, #2270, #2230, #3101 ),
 .UNSPECIFIED., .F., .F.,
 ( 4, 2, 2, 2, 2, 4 ),
 ( 0.003504634718750195173, 0.003941423334025081354, 0.004378211949299968403, 0.005251789179849741633, 0.006125366410399514863, 0.006998943640949288093 ),
 .UNSPECIFIED. ) ;
#6462 = DIRECTION ( 'NONE',  ( 0.000000000000000000, 0.000000000000000000, 1.000000000000000000 ) ) ;
#6463 = ORIENTED_EDGE ( 'NONE', *, *, #1517, .F. ) ;
#6464 = CARTESIAN_POINT ( 'NONE',  ( 30.85334765084383690, -4.935408751172117192, -0.06459124882788311317 ) ) ;
#6465 = ORIENTED_EDGE ( 'NONE', *, *, #4179, .T. ) ;
#6466 = CARTESIAN_POINT ( 'NONE',  ( 52.27184353044837195, 8.500928537762561835E-15, 5.000000000000007105 ) ) ;
#6467 = CARTESIAN_POINT ( 'NONE',  ( 7.396652349155973027, -0.06459124882792104116, -4.935408751172078112 ) ) ;
#6468 = FACE_OUTER_BOUND ( 'NONE', #2649, .T. ) ;
#6469 = CARTESIAN_POINT ( 'NONE',  ( 19.12500000000000000, 0.000000000000000000, 0.000000000000000000 ) ) ;
#6470 = DIRECTION ( 'NONE',  ( 0.000000000000000000, 0.000000000000000000, -1.000000000000000000 ) ) ;
#6471 = CIRCLE ( 'NONE', #7052, 3.904737509655568761 ) ;
#6472 = EDGE_CURVE ( 'NONE', #8561, #7546, #6281, .T. ) ;
#6473 = CARTESIAN_POINT ( 'NONE',  ( 26.51876480693204741, -0.4915337874217332037, 4.508466212578265520 ) ) ;
#6474 = ORIENTED_EDGE ( 'NONE', *, *, #5630, .T. ) ;
#6475 = DIRECTION ( 'NONE',  ( 0.000000000000000000, 0.000000000000000000, 1.000000000000000000 ) ) ;
#6476 = ADVANCED_FACE ( 'NONE', ( #4903 ), #1754, .T. ) ;
#6477 = VERTEX_POINT ( 'NONE', #4091 ) ;
#6478 = ORIENTED_EDGE ( 'NONE', *, *, #3718, .F. ) ;
#6479 = DIRECTION ( 'NONE',  ( -1.000000000000000000, -0.000000000000000000, -0.000000000000000000 ) ) ;
#6480 = CARTESIAN_POINT ( 'NONE',  ( 52.12500000000000000, 0.000000000000000000, 0.000000000000000000 ) ) ;
#6481 = DIRECTION ( 'NONE',  ( -1.000000000000000000, -0.000000000000000000, -0.000000000000000000 ) ) ;
#6482 = DIRECTION ( 'NONE',  ( 0.000000000000000000, 0.000000000000000000, -1.000000000000000000 ) ) ;
#6483 = ORIENTED_EDGE ( 'NONE', *, *, #8611, .T. ) ;
#6484 = CARTESIAN_POINT ( 'NONE',  ( 35.62500000000000000, 0.000000000000000000, 0.000000000000000000 ) ) ;
#6485 = AXIS2_PLACEMENT_3D ( 'NONE', #6609, #312, #8246 ) ;
#6486 = EDGE_CURVE ( 'NONE', #1, #2732, #8187, .T. ) ;
#6487 = ORIENTED_EDGE ( 'NONE', *, *, #6594, .F. ) ;
#6488 = CARTESIAN_POINT ( 'NONE',  ( 5.375000000000000000, 0.000000000000000000, 0.000000000000000000 ) ) ;
#6489 = CARTESIAN_POINT ( 'NONE',  ( 71.92277126958471456, -0.7176137099602918346, 4.282386290039708499 ) ) ;
#6490 = ADVANCED_FACE ( 'NONE', ( #7196 ), #3653, .F. ) ;
#6491 = CARTESIAN_POINT ( 'NONE',  ( 78.47821941570039428, -4.840676868225227025, 0.1593231317747719200 ) ) ;
#6492 = ORIENTED_EDGE ( 'NONE', *, *, #8768, .T. ) ;
#6493 = CARTESIAN_POINT ( 'NONE',  ( 23.89665234915597480, -0.06459124882792061095, 4.935408751172079889 ) ) ;
#6494 = CARTESIAN_POINT ( 'NONE',  ( 86.50000000000000000, 0.000000000000000000, 0.000000000000000000 ) ) ;
#6495 = EDGE_LOOP ( 'NONE', ( #6064, #3705, #7477, #7497 ) ) ;
#6496 = DIRECTION ( 'NONE',  ( 0.000000000000000000, -1.224646799147353207E-16, 1.000000000000000000 ) ) ;
#6497 = CARTESIAN_POINT ( 'NONE',  ( 78.89940186600668426, -4.935956332723948847, -0.06404366727605204090 ) ) ;
#6498 = DIRECTION ( 'NONE',  ( -1.000000000000000000, -0.000000000000000000, -0.000000000000000000 ) ) ;
#6499 = CARTESIAN_POINT ( 'NONE',  ( 10.87500000000000000, 0.000000000000000000, 0.000000000000000000 ) ) ;
#6501 = CARTESIAN_POINT ( 'NONE',  ( 132.6250000000000000, 0.000000000000000000, 5.000000000000000000 ) ) ;
#6500 = CARTESIAN_POINT ( 'NONE',  ( 103.5187648069320261, -0.4915337874217388658, 4.508466212578261967 ) ) ;
#6502 = AXIS2_PLACEMENT_3D ( 'NONE', #1374, #4168, #8013 ) ;
#6503 = CARTESIAN_POINT ( 'NONE',  ( 37.51172757693689874, -4.502552532146859576, -0.4974474678531404792 ) ) ;
#6504 = DIRECTION ( 'NONE',  ( -1.000000000000000000, -0.000000000000000000, -0.000000000000000000 ) ) ;
#6505 = ORIENTED_EDGE ( 'NONE', *, *, #2963, .T. ) ;
#6506 = CARTESIAN_POINT ( 'NONE',  ( 101.0388655165443197, -0.04063066961492954599, 4.959369330385070107 ) ) ;
#6507 = ORIENTED_EDGE ( 'NONE', *, *, #6398, .T. ) ;
#6508 = DIRECTION ( 'NONE',  ( -0.000000000000000000, 1.000000000000000000, 1.224646799147353207E-16 ) ) ;
#6509 = CIRCLE ( 'NONE', #7520, 3.904737509655568761 ) ;
#6510 = CARTESIAN_POINT ( 'NONE',  ( 70.72625045371995611, -4.359865889253467408, -0.6401341107465334801 ) ) ;
#6511 = CARTESIAN_POINT ( 'NONE',  ( 61.71576228220553872, -0.2608011982980501520, 4.739198801701949293 ) ) ;
#6512 = CARTESIAN_POINT ( 'NONE',  ( 96.85059813401474571, -0.06404366728011018361, -4.935956332719889872 ) ) ;
#6513 = CARTESIAN_POINT ( 'NONE',  ( 112.6250000000000000, 0.000000000000000000, 1.000000000000000000 ) ) ;
#6514 = EDGE_CURVE ( 'NONE', #1830, #1995, #8577, .T. ) ;
#6515 = DIRECTION ( 'NONE',  ( 0.000000000000000000, 0.000000000000000000, 1.000000000000000000 ) ) ;
#6516 = ORIENTED_EDGE ( 'NONE', *, *, #8537, .T. ) ;
#6517 = DIRECTION ( 'NONE',  ( 0.000000000000000000, 0.000000000000000000, 1.000000000000000000 ) ) ;
#6518 = AXIS2_PLACEMENT_3D ( 'NONE', #7059, #2941, #5684 ) ;
#6519 = TOROIDAL_SURFACE ( 'NONE', #1386, 1.000000000000000000, 4.000000000000001776 ) ;
#6520 = ORIENTED_EDGE ( 'NONE', *, *, #7149, .T. ) ;
#6521 = ORIENTED_EDGE ( 'NONE', *, *, #4927, .T. ) ;
#6522 = CARTESIAN_POINT ( 'NONE',  ( 120.8749999999999858, 0.000000000000000000, 0.000000000000000000 ) ) ;
#6523 = CARTESIAN_POINT ( 'NONE',  ( 80.77046193742626201, -4.832344906983756516, -0.1676550930162439557 ) ) ;
#6524 = DIRECTION ( 'NONE',  ( -1.000000000000000000, -0.000000000000000000, -0.000000000000000000 ) ) ;
#6525 = CARTESIAN_POINT ( 'NONE',  ( 107.1250000000000000, 1.224646799147353207E-16, -1.000000000000000000 ) ) ;
#6526 = ORIENTED_EDGE ( 'NONE', *, *, #4488, .T. ) ;
#6527 = CARTESIAN_POINT ( 'NONE',  ( 90.62499999999998579, 1.224646799147353207E-16, -1.000000000000000000 ) ) ;
#6528 = B_SPLINE_CURVE_WITH_KNOTS ( 'NONE', 3,
 ( #8985, #6243, #8344, #8949, #2082, #4953, #5646, #5476, #8431, #7746, #4097, #4868 ),
 .UNSPECIFIED., .F., .F.,
 ( 4, 2, 2, 2, 2, 4 ),
 ( 0.003504634718750195607, 0.003941423334025082222, 0.004378211949299969270, 0.005251789179849742500, 0.006125366410399516598, 0.006998943640949289828 ),
 .UNSPECIFIED. ) ;
#6529 = AXIS2_PLACEMENT_3D ( 'NONE', #3553, #2097, #4881 ) ;
#6530 = ORIENTED_EDGE ( 'NONE', *, *, #3188, .F. ) ;
#6531 = EDGE_CURVE ( 'NONE', #8483, #4925, #2194, .T. ) ;
#6532 = CARTESIAN_POINT ( 'NONE',  ( 30.27184353044837906, 1.077267090229859534E-14, 5.000000000000011546 ) ) ;
#6533 = DIRECTION ( 'NONE',  ( -1.000000000000000000, -0.000000000000000000, -0.000000000000000000 ) ) ;
#6534 = CC_DESIGN_PERSON_AND_ORGANIZATION_ASSIGNMENT ( #7985, #5988, ( #3559 ) ) ;
#6535 = AXIS2_PLACEMENT_3D ( 'NONE', #1308, #8479, #6335 ) ;
#6536 = APPROVAL_STATUS ( 'not_yet_approved' ) ;
#6537 = ORIENTED_EDGE ( 'NONE', *, *, #2445, .F. ) ;
#6538 = CARTESIAN_POINT ( 'NONE',  ( 16.37499999999999645, -3.671958834454337683, -1.328041165545662539 ) ) ;
#6539 = ORIENTED_EDGE ( 'NONE', *, *, #1147, .T. ) ;
#6540 = CIRCLE ( 'NONE', #4917, 1.000000000000000000 ) ;
#6541 = FACE_OUTER_BOUND ( 'NONE', #2450, .T. ) ;
#6542 = CARTESIAN_POINT ( 'NONE',  ( 63.12499999999998579, 0.000000000000000000, 1.000000000000000000 ) ) ;
#6543 = DIRECTION ( 'NONE',  ( 0.000000000000000000, 0.000000000000000000, 1.000000000000000000 ) ) ;
#6544 = CARTESIAN_POINT ( 'NONE',  ( 30.12500000000000000, 0.000000000000000000, 0.000000000000000000 ) ) ;
#6546 = CARTESIAN_POINT ( 'NONE',  ( 85.27184353044840748, 5.459233224172372473E-15, 5.000000000000007105 ) ) ;
#6545 = CARTESIAN_POINT ( 'NONE',  ( 56.61759796945996470, -0.1278684794971710614, 4.872131520502827939 ) ) ;
#6547 = CARTESIAN_POINT ( 'NONE',  ( 35.62500000002778933, -5.000000000000000888, -4.336808689942017736E-16 ) ) ;
#6548 = AXIS2_PLACEMENT_3D ( 'NONE', #2586, #70, #4771 ) ;
#6549 = VECTOR ( 'NONE', #1626, 1000.000000000000000 ) ;
#6550 = CARTESIAN_POINT ( 'NONE',  ( 4.336032428361278335, -4.573479442990458388, -0.4265205570095404464 ) ) ;
#6551 = ORIENTED_EDGE ( 'NONE', *, *, #47, .T. ) ;
#6552 = DIRECTION ( 'NONE',  ( 0.000000000000000000, -1.224646799147353207E-16, 1.000000000000000000 ) ) ;
#6553 = ORIENTED_EDGE ( 'NONE', *, *, #2689, .F. ) ;
#6554 = DIRECTION ( 'NONE',  ( 0.000000000000000000, 0.000000000000000000, -1.000000000000000000 ) ) ;
#6555 = DIRECTION ( 'NONE',  ( 0.000000000000000000, 0.000000000000000000, 1.000000000000000000 ) ) ;
#6556 = AXIS2_PLACEMENT_3D ( 'NONE', #1656, #501, #5970 ) ;
#6557 = CARTESIAN_POINT ( 'NONE',  ( 62.11759796945996470, -0.1278684794971725880, 4.872131520502827939 ) ) ;
#6558 = CARTESIAN_POINT ( 'NONE',  ( 57.62500000002779643, -5.000000000000000888, -4.336808689942017736E-16 ) ) ;
#6559 = CARTESIAN_POINT ( 'NONE',  ( 89.25000000000000000, 0.000000000000000000, 0.000000000000000000 ) ) ;
#6560 = AXIS2_PLACEMENT_3D ( 'NONE', #8598, #6458, #2929 ) ;
#6561 = DIRECTION ( 'NONE',  ( -1.000000000000000000, -0.000000000000000000, -0.000000000000000000 ) ) ;
#6562 = AXIS2_PLACEMENT_3D ( 'NONE', #7505, #6188, #8929 ) ;
#6563 = FACE_OUTER_BOUND ( 'NONE', #3803, .T. ) ;
#6564 = DIRECTION ( 'NONE',  ( 0.000000000000000000, 0.000000000000000000, 1.000000000000000000 ) ) ;
#6565 = ADVANCED_FACE ( 'NONE', ( #5783 ), #4349, .F. ) ;
#6566 = VERTEX_POINT ( 'NONE', #8560 ) ;
#6567 = CARTESIAN_POINT ( 'NONE',  ( 25.77178058431637098, -0.1593231317801513391, -4.840676868219849993 ) ) ;
#6568 = CARTESIAN_POINT ( 'NONE',  ( 90.92125362938305955, -4.991698401479152558, 0.008301598520847820045 ) ) ;
#6569 = CARTESIAN_POINT ( 'NONE',  ( 38.37499999999999289, 0.000000000000000000, 0.000000000000000000 ) ) ;
#6570 = AXIS2_PLACEMENT_3D ( 'NONE', #8528, #8624, #4452 ) ;
#6571 = FACE_OUTER_BOUND ( 'NONE', #1205, .T. ) ;
#6572 = B_SPLINE_CURVE_WITH_KNOTS ( 'NONE', 3,
 ( #7810, #4205, #115, #8369, #64, #3480, #25, #4286, #2797, #2926, #1454, #3441 ),
 .UNSPECIFIED., .F., .F.,
 ( 4, 2, 2, 2, 2, 4 ),
 ( 0.003504634718722680724, 0.003941423334001003392, 0.004378211949279325194, 0.005251789179835970531, 0.006125366410392615001, 0.006998943640949259470 ),
 .UNSPECIFIED. ) ;
#6573 = DIRECTION ( 'NONE',  ( -1.000000000000000000, -0.000000000000000000, -0.000000000000000000 ) ) ;
#6574 = AXIS2_PLACEMENT_3D ( 'NONE', #3018, #4471, #7265 ) ;
#6575 = CIRCLE ( 'NONE', #4088, 3.904737509655557215 ) ;
#6576 = VERTEX_POINT ( 'NONE', #5176 ) ;
#6577 = CARTESIAN_POINT ( 'NONE',  ( 38.37499999999999289, 4.781924292710294564E-16, -3.904737509655565653 ) ) ;
#6578 = CARTESIAN_POINT ( 'NONE',  ( 87.87500000000000000, -3.671958834454344345, -1.328041165545655877 ) ) ;
#6579 = EDGE_CURVE ( 'NONE', #4157, #8262, #1611, .T. ) ;
#6580 = CARTESIAN_POINT ( 'NONE',  ( 81.73119955116401059, -0.6335913640930906920, -4.366408635906910085 ) ) ;
#6581 = ORIENTED_EDGE ( 'NONE', *, *, #519, .F. ) ;
#6582 = CARTESIAN_POINT ( 'NONE',  ( 21.99621622079728667, -1.136863993905378845, 3.863136006094621155 ) ) ;
#6583 = ORIENTED_EDGE ( 'NONE', *, *, #5057, .F. ) ;
#6584 = CARTESIAN_POINT ( 'NONE',  ( 56.24999999999999289, 0.000000000000000000, 0.000000000000000000 ) ) ;
#6585 = AXIS2_PLACEMENT_3D ( 'NONE', #2226, #1523, #3425 ) ;
#6586 = FACE_OUTER_BOUND ( 'NONE', #5494, .T. ) ;
#6587 = EDGE_CURVE ( 'NONE', #7114, #1787, #6003, .T. ) ;
#6588 = CARTESIAN_POINT ( 'NONE',  ( 84.97815646957802471, -5.000000000001025846, 1.024296614323890893E-12 ) ) ;
#6589 = CARTESIAN_POINT ( 'NONE',  ( 101.0436897864983052, -4.960065625086348184, -0.03993437491365268988 ) ) ;
#6590 = AXIS2_PLACEMENT_3D ( 'NONE', #8970, #5459, #489 ) ;
#6592 = CARTESIAN_POINT ( 'NONE',  ( 109.8749999999999858, -1.328041165545655877, 3.671958834454344345 ) ) ;
#6591 = CARTESIAN_POINT ( 'NONE',  ( 49.37500000000000000, 0.000000000000000000, 0.000000000000000000 ) ) ;
#6593 = DIRECTION ( 'NONE',  ( -1.000000000000000000, -0.000000000000000000, -0.000000000000000000 ) ) ;
#6594 = EDGE_CURVE ( 'NONE', #16, #5041, #8616, .T. ) ;
#6595 = DIRECTION ( 'NONE',  ( 0.000000000000000000, -1.000000000000000000, 0.000000000000000000 ) ) ;
#6596 = FACE_OUTER_BOUND ( 'NONE', #5604, .T. ) ;
#6597 = VERTEX_POINT ( 'NONE', #3712 ) ;
#6598 = CARTESIAN_POINT ( 'NONE',  ( 150.0000000000000000, 0.000000000000000000, 5.000000000000000000 ) ) ;
#6599 = ORIENTED_EDGE ( 'NONE', *, *, #5796, .T. ) ;
#6600 = CARTESIAN_POINT ( 'NONE',  ( 48.51876480693204030, -0.4915337874217309277, 4.508466212578269072 ) ) ;
#6601 = FACE_OUTER_BOUND ( 'NONE', #2460, .T. ) ;
#6602 = EDGE_CURVE ( 'NONE', #5430, #4733, #5879, .T. ) ;
#6603 = CARTESIAN_POINT ( 'NONE',  ( 95.83253412545244032, -4.991957775359345817, -0.008042224640654653187 ) ) ;
#6604 = CARTESIAN_POINT ( 'NONE',  ( 100.2500000000000000, 0.000000000000000000, 0.000000000000000000 ) ) ;
#6605 = ADVANCED_FACE ( 'NONE', ( #7235 ), #6863, .T. ) ;
#6606 = ADVANCED_FACE ( 'NONE', ( #4398 ), #2477, .T. ) ;
#6607 = DIRECTION ( 'NONE',  ( 0.000000000000000000, 0.000000000000000000, 1.000000000000000000 ) ) ;
#6608 = CC_DESIGN_PERSON_AND_ORGANIZATION_ASSIGNMENT ( #7618, #1387, ( #8162 ) ) ;
#6609 = CARTESIAN_POINT ( 'NONE',  ( 0.000000000000000000, 0.000000000000000000, 0.000000000000000000 ) ) ;
#6610 = LINE ( 'NONE', #8700, #5054 ) ;
#6611 = EDGE_LOOP ( 'NONE', ( #1342, #955, #1058 ) ) ;
#6612 = CARTESIAN_POINT ( 'NONE',  ( 123.6249999999999858, 0.000000000000000000, 0.000000000000000000 ) ) ;
#6613 = EDGE_CURVE ( 'NONE', #7550, #4632, #6710, .T. ) ;
#6614 = CARTESIAN_POINT ( 'NONE',  ( 43.87500000000000000, -3.671958834454339460, 1.328041165545660540 ) ) ;
#6615 = CARTESIAN_POINT ( 'NONE',  ( 71.37500000000000000, 0.000000000000000000, 0.000000000000000000 ) ) ;
#6616 = FACE_OUTER_BOUND ( 'NONE', #3117, .T. ) ;
#6617 = AXIS2_PLACEMENT_3D ( 'NONE', #4757, #4122, #2749 ) ;
#6618 = CARTESIAN_POINT ( 'NONE',  ( 120.6026342793625616, -4.040089233410254721, -0.9599107665897453900 ) ) ;
#6619 = FACE_OUTER_BOUND ( 'NONE', #6770, .T. ) ;
#6620 = ORIENTED_EDGE ( 'NONE', *, *, #199, .F. ) ;
#6621 = CARTESIAN_POINT ( 'NONE',  ( 30.85059813401478124, -0.06404366728010561782, 4.935956332719896089 ) ) ;
#6622 = DIRECTION ( 'NONE',  ( 0.000000000000000000, 0.000000000000000000, 1.000000000000000000 ) ) ;
#6623 = VERTEX_POINT ( 'NONE', #2217 ) ;
#6624 = CARTESIAN_POINT ( 'NONE',  ( 101.3325341254524545, -4.991957775359345817, 0.008042224640654491857 ) ) ;
#6625 = B_SPLINE_CURVE_WITH_KNOTS ( 'NONE', 3,
 ( #8003, #2618, #344, #4667, #1743, #3888, #5408, #7367, #6771, #3162, #8789, #486, #1088, #1928, #7409, #1048 ),
 .UNSPECIFIED., .F., .F.,
 ( 4, 2, 2, 2, 2, 2, 2, 4 ),
 ( 4.818711199188473079E-07, 0.0008765200830275019644, 0.001314539188981293707, 0.001752558294935085232, 0.002190577400888876758, 0.002628596506842668500, 0.003066615612796459809, 0.003504634718750251551 ),
 .UNSPECIFIED. ) ;
#6626 = SHAPE_DEFINITION_REPRESENTATION ( #1167, #3161 ) ;
#6627 = ORIENTED_EDGE ( 'NONE', *, *, #7797, .T. ) ;
#6628 = DIRECTION ( 'NONE',  ( 0.000000000000000000, 0.000000000000000000, 1.000000000000000000 ) ) ;
#6629 = B_SPLINE_CURVE_WITH_KNOTS ( 'NONE', 3,
 ( #7389, #5893, #1112, #3917, #6709, #5333, #8120, #8853, #6580, #6031, #1858, #1164 ),
 .UNSPECIFIED., .F., .F.,
 ( 4, 2, 2, 2, 2, 4 ),
 ( 0.003504634718750216423, 0.003941423334025098701, 0.004378211949299981413, 0.005251789179849745970, 0.006125366410399511394, 0.006998943640949275950 ),
 .UNSPECIFIED. ) ;
#6630 = ORIENTED_EDGE ( 'NONE', *, *, #2868, .F. ) ;
#6631 = CARTESIAN_POINT ( 'NONE',  ( 74.42125362938304534, -4.991698401479152558, 0.008301598520847820045 ) ) ;
#6632 = CARTESIAN_POINT ( 'NONE',  ( 113.9999999999999858, 0.000000000000000000, 1.000000000000000000 ) ) ;
#6633 = DIRECTION ( 'NONE',  ( -1.000000000000000000, -0.000000000000000000, -0.000000000000000000 ) ) ;
#6634 = DIRECTION ( 'NONE',  ( -1.000000000000000000, -0.000000000000000000, -0.000000000000000000 ) ) ;
#6636 = CARTESIAN_POINT ( 'NONE',  ( 111.8966523491559855, -0.06459124882792607880, 4.935408751172074560 ) ) ;
#6635 = CARTESIAN_POINT ( 'NONE',  ( 56.89665234915597125, -0.06459124882791900113, 4.935408751172081665 ) ) ;
#6637 = CARTESIAN_POINT ( 'NONE',  ( 64.65967868777055116, -4.686141179195659312, 0.3138588208043406880 ) ) ;
#6638 = CARTESIAN_POINT ( 'NONE',  ( 27.49600116288254270, -3.862796825714222226, -1.137203174285777774 ) ) ;
#6639 = CARTESIAN_POINT ( 'NONE',  ( 53.65967868777045169, -4.686141179195703721, -0.3138588208042960015 ) ) ;
#6640 = ORIENTED_EDGE ( 'NONE', *, *, #4627, .T. ) ;
#6641 = EDGE_CURVE ( 'NONE', #1505, #888, #8795, .T. ) ;
#6642 = VERTEX_POINT ( 'NONE', #7591 ) ;
#6643 = B_SPLINE_CURVE_WITH_KNOTS ( 'NONE', 3,
 ( #6361, #762, #2242, #1291, #2977, #855, #2928, #3605, #5667, #8458, #2283, #2198, #3658, #6158, #26, #5717 ),
 .UNSPECIFIED., .F., .F.,
 ( 4, 2, 2, 2, 2, 2, 2, 4 ),
 ( 4.818711198596888328E-07, 0.0008765200830274451523, 0.001314539188981237979, 0.001752558294935030589, 0.002190577400888822981, 0.002628596506842616025, 0.003066615612796408635, 0.003504634718750201244 ),
 .UNSPECIFIED. ) ;
#6644 = CARTESIAN_POINT ( 'NONE',  ( 17.23827242307174146, -0.4974474678478679190, 4.502552532152131803 ) ) ;
#6645 = EDGE_LOOP ( 'NONE', ( #874, #529, #6976, #2723 ) ) ;
#6646 = CARTESIAN_POINT ( 'NONE',  ( 35.62500000002778933, -5.000000000000000888, -4.336808689942017736E-16 ) ) ;
#6647 = EDGE_CURVE ( 'NONE', #7095, #4740, #605, .T. ) ;
#6648 = CARTESIAN_POINT ( 'NONE',  ( 42.53383637236985493, -0.2517800035653015023, 4.748219996434698054 ) ) ;
#6649 = CARTESIAN_POINT ( 'NONE',  ( 67.21576228220551741, -0.2608011982980543153, 4.739198801701945740 ) ) ;
#6650 = EDGE_CURVE ( 'NONE', #3969, #8808, #5308, .T. ) ;
#6651 = CIRCLE ( 'NONE', #6932, 3.904737509655557215 ) ;
#6652 = CARTESIAN_POINT ( 'NONE',  ( 45.47821941570026638, -4.840676868225194163, 0.1593231317748071696 ) ) ;
#6653 = EDGE_LOOP ( 'NONE', ( #329, #6196, #4339 ) ) ;
#6654 = ORIENTED_EDGE ( 'NONE', *, *, #6391, .T. ) ;
#6655 = DIRECTION ( 'NONE',  ( -1.000000000000000000, -0.000000000000000000, -0.000000000000000000 ) ) ;
#6656 = CARTESIAN_POINT ( 'NONE',  ( 71.37500000000000000, -1.328041165545675195, -3.671958834454324805 ) ) ;
#6657 = DIRECTION ( 'NONE',  ( 0.000000000000000000, 0.000000000000000000, -1.000000000000000000 ) ) ;
#6658 = LINE ( 'NONE', #3182, #3372 ) ;
#6659 = ORIENTED_EDGE ( 'NONE', *, *, #5085, .T. ) ;
#6660 = DIRECTION ( 'NONE',  ( 0.000000000000000000, -1.224646799147353454E-16, 1.000000000000000000 ) ) ;
#6661 = DIRECTION ( 'NONE',  ( -1.000000000000000000, -0.000000000000000000, -0.000000000000000000 ) ) ;
#6662 = CALENDAR_DATE ( 2026, 21, 2 ) ;
#6663 = ORIENTED_EDGE ( 'NONE', *, *, #8229, .T. ) ;
#6664 = CARTESIAN_POINT ( 'NONE',  ( 23.61759796945997891, -0.1278684794971726713, 4.872131520502827939 ) ) ;
#6665 = ORIENTED_EDGE ( 'NONE', *, *, #8016, .T. ) ;
#6666 = CARTESIAN_POINT ( 'NONE',  ( 19.12500000002784262, -5.000000000000000888, -4.336808689942017736E-16 ) ) ;
#6667 = CARTESIAN_POINT ( 'NONE',  ( 70.73119955116399638, -0.6335913640930986857, 4.366408635906902980 ) ) ;
#6668 = TOROIDAL_SURFACE ( 'NONE', #6529, 1.000000000000000000, 1.374999999999994227 ) ;
#6669 = CARTESIAN_POINT ( 'NONE',  ( 101.6250000000000000, 0.000000000000000000, 1.000000000000000000 ) ) ;
#6670 = CARTESIAN_POINT ( 'NONE',  ( 73.83253412545244032, -4.991957775359345817, 0.008042224640654491857 ) ) ;
#6671 = EDGE_CURVE ( 'NONE', #7330, #8019, #7634, .T. ) ;
#6673 = CARTESIAN_POINT ( 'NONE',  ( 125.0000000000000000, 0.000000000000000000, 0.000000000000000000 ) ) ;
#6672 = CARTESIAN_POINT ( 'NONE',  ( 86.53423771780843765, -4.739198801696318242, -0.2608011983036805370 ) ) ;
#6674 = ADVANCED_FACE ( 'NONE', ( #7455 ), #5452, .F. ) ;
#6675 = DIRECTION ( 'NONE',  ( -1.000000000000000000, -0.000000000000000000, -0.000000000000000000 ) ) ;
#6676 = CARTESIAN_POINT ( 'NONE',  ( 112.3325341254524830, -4.991957775359345817, 0.008042224640654483184 ) ) ;
#6677 = DIRECTION ( 'NONE',  ( -1.000000000000000000, -0.000000000000000000, -0.000000000000000000 ) ) ;
#6678 = ORIENTED_EDGE ( 'NONE', *, *, #5651, .F. ) ;
#6679 = CARTESIAN_POINT ( 'NONE',  ( 90.62500000002798117, -5.000000000000000888, -4.336808689942017736E-16 ) ) ;
#6680 = CIRCLE ( 'NONE', #5648, 3.904737509655562988 ) ;
#6681 = ADVANCED_FACE ( 'NONE', ( #9005 ), #1296, .T. ) ;
#6682 = ORIENTED_EDGE ( 'NONE', *, *, #7978, .T. ) ;
#6683 = CARTESIAN_POINT ( 'NONE',  ( 41.12500000000000000, 0.000000000000000000, 0.000000000000000000 ) ) ;
#6684 = DIRECTION ( 'NONE',  ( -1.000000000000000000, -0.000000000000000000, -0.000000000000000000 ) ) ;
#6685 = ORIENTED_EDGE ( 'NONE', *, *, #1054, .F. ) ;
#6686 = CARTESIAN_POINT ( 'NONE',  ( 74.27225720791403774, -4.999999999998968825, -1.033198507083057943E-12 ) ) ;
#6687 = AXIS2_PLACEMENT_3D ( 'NONE', #1430, #46, #2858 ) ;
#6688 = CARTESIAN_POINT ( 'NONE',  ( 4.000000000000000000, 0.000000000000000000, 0.000000000000000000 ) ) ;
#6689 = EDGE_CURVE ( 'NONE', #4643, #4588, #3211, .T. ) ;
#6690 = AXIS2_PLACEMENT_3D ( 'NONE', #4835, #2185, #5703 ) ;
#6691 = EDGE_LOOP ( 'NONE', ( #1479, #7206, #5178 ) ) ;
#6692 = EDGE_LOOP ( 'NONE', ( #8426, #2244, #8233 ) ) ;
#6693 = DIRECTION ( 'NONE',  ( 0.000000000000000000, 0.000000000000000000, 1.000000000000000000 ) ) ;
#6694 = EDGE_CURVE ( 'NONE', #8737, #1785, #372, .T. ) ;
#6695 = CARTESIAN_POINT ( 'NONE',  ( 42.65967868777045169, -4.686141179195702833, 0.3138588208042963901 ) ) ;
#6696 = AXIS2_PLACEMENT_3D ( 'NONE', #4852, #4808, #4163 ) ;
#6697 = CARTESIAN_POINT ( 'NONE',  ( 21.01172757693692716, -4.502552532146848030, 0.4974474678531527472 ) ) ;
#6698 = DIRECTION ( 'NONE',  ( 0.000000000000000000, 0.000000000000000000, 1.000000000000000000 ) ) ;
#6699 = APPROVAL_PERSON_ORGANIZATION ( #7618, #6214, #4870 ) ;
#6700 = CARTESIAN_POINT ( 'NONE',  ( 45.21576228220555294, -0.2608011982980500409, -4.739198801701951069 ) ) ;
#6701 = VERTEX_POINT ( 'NONE', #2191 ) ;
#6702 = EDGE_CURVE ( 'NONE', #2602, #7369, #58, .T. ) ;
#6703 = CARTESIAN_POINT ( 'NONE',  ( 79.62500000000000000, 0.000000000000000000, 0.000000000000000000 ) ) ;
#6704 = CARTESIAN_POINT ( 'NONE',  ( 11.52374954628649917, -0.6401341107417616305, 4.359865889258239591 ) ) ;
#6705 = EDGE_CURVE ( 'NONE', #3844, #3417, #4429, .T. ) ;
#6706 = CIRCLE ( 'NONE', #1142, 3.904737509655557215 ) ;
#6707 = EDGE_CURVE ( 'NONE', #5246, #8126, #7169, .T. ) ;
#6708 = ORIENTED_EDGE ( 'NONE', *, *, #6824, .T. ) ;
#6709 = CARTESIAN_POINT ( 'NONE',  ( 80.35059813401477413, -0.06404366728010907339, -4.935956332719892536 ) ) ;
#6710 = CIRCLE ( 'NONE', #4360, 3.904737509655562544 ) ;
#6711 = DATE_AND_TIME ( #6662, #7573 ) ;
#6712 = EDGE_LOOP ( 'NONE', ( #7577, #5036, #693 ) ) ;
#6713 = CARTESIAN_POINT ( 'NONE',  ( 34.61759796945997891, -0.1278684794971733096, -4.872131520502827051 ) ) ;
#6714 = ORIENTED_EDGE ( 'NONE', *, *, #5057, .T. ) ;
#6715 = CARTESIAN_POINT ( 'NONE',  ( 74.85334765086511766, -4.935408751168083974, 0.06459124883191601219 ) ) ;
#6716 = DIRECTION ( 'NONE',  ( -1.000000000000000000, -0.000000000000000000, -0.000000000000000000 ) ) ;
#6717 = TOROIDAL_SURFACE ( 'NONE', #7154, 1.000000000000000000, 4.000000000000000000 ) ;
#6718 = CARTESIAN_POINT ( 'NONE',  ( 22.73123519307650398, -4.508466212583677191, -0.4915337874163229759 ) ) ;
#6719 = B_SPLINE_CURVE_WITH_KNOTS ( 'NONE', 3,
 ( #7316, #5949, #2610, #7269, #8729, #1870, #1081, #4658, #476, #8683, #5347, #993, #1125, #3114, #5906, #7449 ),
 .UNSPECIFIED., .F., .F.,
 ( 4, 2, 2, 2, 2, 2, 2, 4 ),
 ( 4.818711198559719464E-07, 0.0008765200830274418996, 0.001314539188981234076, 0.001752558294935026469, 0.002190577400888818211, 0.002628596506842610821, 0.003066615612796402997, 0.003504634718750195173 ),
 .UNSPECIFIED. ) ;
#6721 = CARTESIAN_POINT ( 'NONE',  ( 112.6250000000000000, 0.000000000000000000, 0.000000000000000000 ) ) ;
#6720 = DIRECTION ( 'NONE',  ( 0.000000000000000000, -1.000000000000000000, 0.000000000000000000 ) ) ;
#6722 = CARTESIAN_POINT ( 'NONE',  ( 35.04368978649817024, -4.960065625086326868, 0.03993437491367413800 ) ) ;
#6723 = DIRECTION ( 'NONE',  ( 0.000000000000000000, 0.000000000000000000, 1.000000000000000000 ) ) ;
#6724 = CARTESIAN_POINT ( 'NONE',  ( 57.62499999999999289, 0.000000000000000000, 1.000000000000000000 ) ) ;
#6725 = ORIENTED_EDGE ( 'NONE', *, *, #4241, .T. ) ;
#6726 = CARTESIAN_POINT ( 'NONE',  ( 60.37500000000000000, 0.000000000000000000, 0.000000000000000000 ) ) ;
#6727 = TOROIDAL_SURFACE ( 'NONE', #3950, 1.000000000000000000, 4.000000000000000000 ) ;
#6728 = CARTESIAN_POINT ( 'NONE',  ( 27.37500000000000000, -1.328041165545663649, 3.671958834454336351 ) ) ;
#6729 = EDGE_LOOP ( 'NONE', ( #6487, #8065, #1380, #8403 ) ) ;
#6730 = DIRECTION ( 'NONE',  ( 0.000000000000000000, 0.000000000000000000, 1.000000000000000000 ) ) ;
#6731 = TOROIDAL_SURFACE ( 'NONE', #4093, 1.000000000000000000, 1.374999999999994227 ) ;
#6732 = DIRECTION ( 'NONE',  ( -1.000000000000000000, -0.000000000000000000, -0.000000000000000000 ) ) ;
#6733 = VERTEX_POINT ( 'NONE', #2144 ) ;
#6734 = CARTESIAN_POINT ( 'NONE',  ( 68.62500000002798117, -5.000000000000000888, -4.336808689942017736E-16 ) ) ;
#6735 = VECTOR ( 'NONE', #3005, 1000.000000000000000 ) ;
#6736 = DIRECTION ( 'NONE',  ( 0.000000000000000000, -1.000000000000000000, 0.000000000000000000 ) ) ;
#6737 = AXIS2_PLACEMENT_3D ( 'NONE', #4566, #3149, #3656 ) ;
#6738 = B_SPLINE_CURVE_WITH_KNOTS ( 'NONE', 3,
 ( #885, #4357, #146, #2955, #4228, #4267, #2224, #8572, #3684, #784, #8486, #2313 ),
 .UNSPECIFIED., .F., .F.,
 ( 4, 2, 2, 2, 2, 4 ),
 ( 0.003504634718750189535, 0.003941423334025079619, 0.004378211949299969270, 0.005251789179849739031, 0.006125366410399507924, 0.006998943640949277685 ),
 .UNSPECIFIED. ) ;
#6739 = DIRECTION ( 'NONE',  ( -1.000000000000000000, -0.000000000000000000, -0.000000000000000000 ) ) ;
#6740 = DIRECTION ( 'NONE',  ( 0.000000000000000000, -1.224646799147353207E-16, 1.000000000000000000 ) ) ;
#6741 = ORIENTED_EDGE ( 'NONE', *, *, #3189, .T. ) ;
#6742 = CARTESIAN_POINT ( 'NONE',  ( 8.417465874572691575, -0.008042224642536614787, -4.991957775357462879 ) ) ;
#6743 = CARTESIAN_POINT ( 'NONE',  ( 104.6473657206397689, -0.9599107665869619499, 4.040089233413037384 ) ) ;
#6744 = DIRECTION ( 'NONE',  ( -1.000000000000000000, -0.000000000000000000, -0.000000000000000000 ) ) ;
#6745 = EDGE_CURVE ( 'NONE', #1717, #7567, #4964, .T. ) ;
#6746 = CARTESIAN_POINT ( 'NONE',  ( 51.97774279211277104, -9.891650758035703582E-15, -4.999999999999989342 ) ) ;
#6747 = CARTESIAN_POINT ( 'NONE',  ( 16.37499999999999645, -3.671958834454337683, -1.328041165545662539 ) ) ;
#6748 = ADVANCED_FACE ( 'NONE', ( #6263 ), #5579, .F. ) ;
#6749 = AXIS2_PLACEMENT_3D ( 'NONE', #6703, #8947, #5288 ) ;
#6750 = ORIENTED_EDGE ( 'NONE', *, *, #6220, .F. ) ;
#6751 = DIRECTION ( 'NONE',  ( 0.000000000000000000, 0.000000000000000000, 1.000000000000000000 ) ) ;
#6752 = ORIENTED_EDGE ( 'NONE', *, *, #448, .T. ) ;
#6753 = CARTESIAN_POINT ( 'NONE',  ( 100.8994018660066843, -4.935956332723948847, 0.06404366727605186049 ) ) ;
#6754 = DATE_AND_TIME ( #7483, #5092 ) ;
#6755 = VERTEX_POINT ( 'NONE', #3650 ) ;
#6756 = CARTESIAN_POINT ( 'NONE',  ( 7.543689786498215533, -4.960065625086333974, -0.03993437491366522152 ) ) ;
#6757 = EDGE_CURVE ( 'NONE', #2686, #7385, #7912, .T. ) ;
#6758 = ORIENTED_EDGE ( 'NONE', *, *, #6435, .T. ) ;
#6759 = CARTESIAN_POINT ( 'NONE',  ( 17.01880044884221732, -4.366408635911666281, -0.6335913640883331643 ) ) ;
#6760 = ADVANCED_FACE ( 'NONE', ( #2873 ), #408, .F. ) ;
#6761 = DIRECTION ( 'NONE',  ( 0.000000000000000000, 0.000000000000000000, 1.000000000000000000 ) ) ;
#6762 = CARTESIAN_POINT ( 'NONE',  ( 2.804717449046281619, -6.098637220230962441E-17, -5.000000000000000000 ) ) ;
#6763 = CARTESIAN_POINT ( 'NONE',  ( 21.87500000000000000, -3.671958834454334575, -1.328041165545665425 ) ) ;
#6764 = FACE_OUTER_BOUND ( 'NONE', #7260, .T. ) ;
#6765 = CARTESIAN_POINT ( 'NONE',  ( 30.12500000000000000, -5.000000000000000888, -4.336808689942017736E-16 ) ) ;
#6766 = DIRECTION ( 'NONE',  ( 0.000000000000000000, 0.000000000000000000, -1.000000000000000000 ) ) ;
#6767 = ORIENTED_EDGE ( 'NONE', *, *, #4487, .T. ) ;
#6768 = DIRECTION ( 'NONE',  ( 0.000000000000000000, 0.000000000000000000, 1.000000000000000000 ) ) ;
#6769 = CARTESIAN_POINT ( 'NONE',  ( 120.0187648069320403, -0.4915337874217384218, 4.508466212578261967 ) ) ;
#6770 = EDGE_LOOP ( 'NONE', ( #2991, #6276, #7783, #2079 ) ) ;
#6771 = CARTESIAN_POINT ( 'NONE',  ( 83.71576228220554583, -0.2608011982980544818, -4.739198801701945740 ) ) ;
#6772 = AXIS2_PLACEMENT_3D ( 'NONE', #1507, #7057, #685 ) ;
#6773 = CARTESIAN_POINT ( 'NONE',  ( 26.72625045371992769, -4.359865889253486948, -0.6401341107465121638 ) ) ;
#6774 = VERTEX_POINT ( 'NONE', #7674 ) ;
#6775 = CARTESIAN_POINT ( 'NONE',  ( 33.73123519307646490, -4.508466212583658539, -0.4915337874163436815 ) ) ;
#6776 = CARTESIAN_POINT ( 'NONE',  ( 74.85334765086510345, -4.935408751168083086, -0.06459124883191602606 ) ) ;
#6777 = B_SPLINE_CURVE_WITH_KNOTS ( 'NONE', 3,
 ( #7447, #8088, #4655, #2699, #6135, #8913, #3928, #430, #8819, #4608, #6859, #3973, #5395, #8131 ),
 .UNSPECIFIED., .F., .F.,
 ( 4, 2, 2, 2, 2, 2, 4 ),
 ( 1.970071025867789355E-07, 0.0008756576440557126877, 0.001313387962532295032, 0.001751118281008877701, 0.002188848599485460587, 0.002626578917962042823, 0.003502039554915183442 ),
 .UNSPECIFIED. ) ;
#6778 = CARTESIAN_POINT ( 'NONE',  ( 68.47774279211276394, -1.210240675036942747E-14, 4.999999999999988454 ) ) ;
#6779 = DIRECTION ( 'NONE',  ( -1.000000000000000000, -0.000000000000000000, -0.000000000000000000 ) ) ;
#6780 = FACE_OUTER_BOUND ( 'NONE', #4200, .T. ) ;
#6781 = CARTESIAN_POINT ( 'NONE',  ( 103.8272287304205577, -4.282386290035391063, 0.7176137099646090478 ) ) ;
#6782 = EDGE_LOOP ( 'NONE', ( #2476, #5106, #1225 ) ) ;
#6783 = DIRECTION ( 'NONE',  ( -1.000000000000000000, -0.000000000000000000, -0.000000000000000000 ) ) ;
#6784 = CARTESIAN_POINT ( 'NONE',  ( 104.3750000000000000, -1.328041165545675195, 3.671958834454324805 ) ) ;
#6785 = ADVANCED_FACE ( 'NONE', ( #8499 ), #5015, .F. ) ;
#6786 = CARTESIAN_POINT ( 'NONE',  ( 103.7311995511639964, -0.6335913640930985746, -4.366408635906902980 ) ) ;
#6787 = EDGE_CURVE ( 'NONE', #1785, #1522, #1363, .T. ) ;
#6788 = CARTESIAN_POINT ( 'NONE',  ( 53.50000000000000000, 0.000000000000000000, 1.000000000000000000 ) ) ;
#6789 = VECTOR ( 'NONE', #7864, 1000.000000000000000 ) ;
#6790 = PLANE ( 'NONE',  #6152 ) ;
#6791 = ORIENTED_EDGE ( 'NONE', *, *, #7556, .T. ) ;
#6792 = ORIENTED_EDGE ( 'NONE', *, *, #1803, .F. ) ;
#6793 = TOROIDAL_SURFACE ( 'NONE', #4162, 1.000000000000000000, 3.999999999999997335 ) ;
#6794 = DIRECTION ( 'NONE',  ( -1.000000000000000000, -0.000000000000000000, -0.000000000000000000 ) ) ;
#6795 = DIRECTION ( 'NONE',  ( -0.000000000000000000, 1.000000000000000000, 1.224646799147353207E-16 ) ) ;
#6796 = ORIENTED_EDGE ( 'NONE', *, *, #2121, .F. ) ;
#6797 = CARTESIAN_POINT ( 'NONE',  ( 122.0948660872095246, -4.688202580618360038, -0.3117974193816407946 ) ) ;
#6798 = COORDINATED_UNIVERSAL_TIME_OFFSET ( 3, 30, .AHEAD. ) ;
#6799 = ORIENTED_EDGE ( 'NONE', *, *, #2084, .F. ) ;
#6800 = CARTESIAN_POINT ( 'NONE',  ( 0.000000000000000000, 0.000000000000000000, 0.000000000000000000 ) ) ;
#6801 = VERTEX_POINT ( 'NONE', #7215 ) ;
#6802 = DIRECTION ( 'NONE',  ( 0.000000000000000000, 0.000000000000000000, -1.000000000000000000 ) ) ;
#6803 = DIRECTION ( 'NONE',  ( -1.000000000000000000, -0.000000000000000000, -0.000000000000000000 ) ) ;
#6804 = AXIS2_PLACEMENT_3D ( 'NONE', #7102, #4345, #1603 ) ;
#6805 = DIRECTION ( 'NONE',  ( 0.000000000000000000, 0.000000000000000000, 1.000000000000000000 ) ) ;
#6806 = CARTESIAN_POINT ( 'NONE',  ( 71.49600116288350193, -3.862796825715729021, 1.137203174284272089 ) ) ;
#6807 = AXIS2_PLACEMENT_3D ( 'NONE', #6673, #4610, #7401 ) ;
#6808 = CARTESIAN_POINT ( 'NONE',  ( 38.49621622079730088, -1.136863993905377956, 3.863136006094623376 ) ) ;
#6809 = APPROVAL ( #2509, 'UNSPECIFIED' ) ;
#6810 = DIRECTION ( 'NONE',  ( -0.000000000000000000, 1.000000000000000000, 1.224646799147353207E-16 ) ) ;
#6811 = CARTESIAN_POINT ( 'NONE',  ( 110.7312351930765288, -4.508466212583694066, 0.4915337874163072107 ) ) ;
#6812 = CARTESIAN_POINT ( 'NONE',  ( 41.12499999999979394, 2.835874531650637844E-13, 5.000000000000283329 ) ) ;
#6813 = EDGE_LOOP ( 'NONE', ( #1615, #5712, #2538 ) ) ;
#6814 = DIRECTION ( 'NONE',  ( -1.000000000000000000, -0.000000000000000000, -0.000000000000000000 ) ) ;
#6815 = B_SPLINE_CURVE_WITH_KNOTS ( 'NONE', 3,
 ( #5671, #6919, #6958, #6322, #4208, #9058, #2801, #4080, #639, #2069, #8413, #28, #3444, #8328, #2155, #680 ),
 .UNSPECIFIED., .F., .F.,
 ( 4, 2, 2, 2, 2, 2, 2, 4 ),
 ( 4.818711198674780419E-07, 0.0008765200830205889830, 0.001314539188970937408, 0.001752558294921285941, 0.002190577400871634040, 0.002628596506821982790, 0.003066615612772331540, 0.003504634718722679856 ),
 .UNSPECIFIED. ) ;
#6816 = CARTESIAN_POINT ( 'NONE',  ( 90.62500000002798117, -5.000000000000000888, -4.336808689942017736E-16 ) ) ;
#6817 = ORIENTED_EDGE ( 'NONE', *, *, #4768, .F. ) ;
#6818 = CIRCLE ( 'NONE', #2582, 3.999999999999996447 ) ;
#6819 = CARTESIAN_POINT ( 'NONE',  ( 63.12499999999977973, 2.851934276330579378E-13, 5.000000000000285105 ) ) ;
#6820 = CARTESIAN_POINT ( 'NONE',  ( 17.02374954628649562, -0.6401341107417604093, 4.359865889258240479 ) ) ;
#6821 = EDGE_LOOP ( 'NONE', ( #2250, #303, #6714, #3074 ) ) ;
#6822 = CARTESIAN_POINT ( 'NONE',  ( 34.47821941570027349, -4.840676868225190610, -0.1593231317748086406 ) ) ;
#6823 = DIRECTION ( 'NONE',  ( -1.000000000000000000, -0.000000000000000000, -0.000000000000000000 ) ) ;
#6824 = EDGE_CURVE ( 'NONE', #659, #7697, #5686, .T. ) ;
#6825 = CARTESIAN_POINT ( 'NONE',  ( 54.75399883711743598, -1.137203174285764451, -3.862796825714235993 ) ) ;
#6826 = VECTOR ( 'NONE', #5547, 1000.000000000000000 ) ;
#6827 = FACE_OUTER_BOUND ( 'NONE', #4388, .T. ) ;
#6828 = AXIS2_PLACEMENT_3D ( 'NONE', #2436, #8658, #6517 ) ;
#6829 = TOROIDAL_SURFACE ( 'NONE', #7694, 1.000000000000000000, 3.999999999999999112 ) ;
#6830 = CARTESIAN_POINT ( 'NONE',  ( 112.6250000000000000, 0.000000000000000000, 0.000000000000000000 ) ) ;
#6831 = ORIENTED_EDGE ( 'NONE', *, *, #98, .F. ) ;
#6832 = CARTESIAN_POINT ( 'NONE',  ( 118.7111344834781477, -4.959369330381671048, 0.04063066961832866031 ) ) ;
#6833 = FACE_OUTER_BOUND ( 'NONE', #3048, .T. ) ;
#6834 = CARTESIAN_POINT ( 'NONE',  ( 109.0187648069320687, -0.4915337874217318159, -4.508466212578269072 ) ) ;
#6835 = DIRECTION ( 'NONE',  ( 0.000000000000000000, 0.000000000000000000, 1.000000000000000000 ) ) ;
#6836 = AXIS2_PLACEMENT_3D ( 'NONE', #3323, #2504, #4050 ) ;
#6837 = CARTESIAN_POINT ( 'NONE',  ( 14.35334765086500752, -4.935408751168101738, -0.06459124883189808208 ) ) ;
#6838 = EDGE_CURVE ( 'NONE', #4758, #2123, #9043, .T. ) ;
#6839 = EDGE_LOOP ( 'NONE', ( #7560, #6708, #2341 ) ) ;
#6840 = ORIENTED_EDGE ( 'NONE', *, *, #7543, .F. ) ;
#6841 = FACE_OUTER_BOUND ( 'NONE', #511, .T. ) ;
#6842 = CIRCLE ( 'NONE', #5669, 3.904737509655568761 ) ;
#6843 = CARTESIAN_POINT ( 'NONE',  ( 93.37499999999998579, 0.000000000000000000, 0.000000000000000000 ) ) ;
#6844 = TOROIDAL_SURFACE ( 'NONE', #8741, 1.000000000000000000, 3.999999999999996447 ) ;
#6845 = AXIS2_PLACEMENT_3D ( 'NONE', #4464, #2916, #938 ) ;
#6846 = ORIENTED_EDGE ( 'NONE', *, *, #4007, .F. ) ;
#6847 = DIRECTION ( 'NONE',  ( 0.000000000000000000, 0.000000000000000000, 1.000000000000000000 ) ) ;
#6848 = B_SPLINE_CURVE_WITH_KNOTS ( 'NONE', 3,
 ( #2725, #7070, #2688, #8258, #1994, #8386, #2857, #2816, #2042, #7614, #4779, #9029 ),
 .UNSPECIFIED., .F., .F.,
 ( 4, 2, 2, 2, 2, 4 ),
 ( 0.003504634718722777435, 0.003941423334001090129, 0.004378211949279402389, 0.005251789179836026909, 0.006125366410392652297, 0.006998943640949276818 ),
 .UNSPECIFIED. ) ;
#6849 = APPROVAL_STATUS ( 'not_yet_approved' ) ;
#6850 = ORIENTED_EDGE ( 'NONE', *, *, #2134, .F. ) ;
#6851 = CARTESIAN_POINT ( 'NONE',  ( 32.87500000000000000, -1.328041165545665425, -3.671958834454334575 ) ) ;
#6852 = B_SPLINE_CURVE_WITH_KNOTS ( 'NONE', 3,
 ( #957, #6414, #3122, #912, #5728, #5914, #7143, #1644, #5216, #1601, #8692, #8556 ),
 .UNSPECIFIED., .F., .F.,
 ( 4, 2, 2, 2, 2, 4 ),
 ( 0.003504634718722713250, 0.003941423334001037219, 0.004378211949279360755, 0.005251789179836008695, 0.006125366410392656634, 0.006998943640949304573 ),
 .UNSPECIFIED. ) ;
#6853 = ORIENTED_EDGE ( 'NONE', *, *, #2943, .F. ) ;
#6854 = CARTESIAN_POINT ( 'NONE',  ( 112.6250000000000000, 1.224646799147353207E-16, -1.000000000000000000 ) ) ;
#6855 = CC_DESIGN_APPROVAL ( #5259, ( #4505 ) ) ;
#6856 = CIRCLE ( 'NONE', #2904, 1.500000000000000000 ) ;
#6857 = CARTESIAN_POINT ( 'NONE',  ( 6.238272423071737016, -0.4974474678478693068, 4.502552532152130027 ) ) ;
#6858 = CARTESIAN_POINT ( 'NONE',  ( 65.60122534970069808, -0.9582157396401979055, -4.041784260359801095 ) ) ;
#6859 = CARTESIAN_POINT ( 'NONE',  ( 121.4259639027861368, -4.284940244090469363, 0.7150597559095319689 ) ) ;
#6860 = EDGE_CURVE ( 'NONE', #1995, #8240, #5749, .T. ) ;
#6861 = DIRECTION ( 'NONE',  ( 0.000000000000000000, 0.000000000000000000, 1.000000000000000000 ) ) ;
#6863 = TOROIDAL_SURFACE ( 'NONE', #2766, 1.000000000000000000, 3.999999999999997335 ) ;
#6862 = DIRECTION ( 'NONE',  ( -1.000000000000000000, -0.000000000000000000, -0.000000000000000000 ) ) ;
#6864 = DIRECTION ( 'NONE',  ( 0.000000000000000000, 0.000000000000000000, 1.000000000000000000 ) ) ;
#6865 = ADVANCED_FACE ( 'NONE', ( #1368 ), #1761, .T. ) ;
#6866 = AXIS2_PLACEMENT_3D ( 'NONE', #7548, #6313, #5066 ) ;
#6867 = ORIENTED_EDGE ( 'NONE', *, *, #3373, .F. ) ;
#6868 = DIRECTION ( 'NONE',  ( 0.000000000000000000, 0.000000000000000000, 1.000000000000000000 ) ) ;
#6869 = CARTESIAN_POINT ( 'NONE',  ( 91.63240203055839572, -4.872131520497873680, -0.1278684795021268750 ) ) ;
#6870 = VERTEX_POINT ( 'NONE', #8934 ) ;
#6871 = EDGE_CURVE ( 'NONE', #7322, #7697, #5520, .T. ) ;
#6872 = AXIS2_PLACEMENT_3D ( 'NONE', #6559, #1647, #818 ) ;
#6873 = DIRECTION ( 'NONE',  ( -1.000000000000000000, -0.000000000000000000, -0.000000000000000000 ) ) ;
#6874 = ORIENTED_EDGE ( 'NONE', *, *, #2110, .T. ) ;
#6875 = DIRECTION ( 'NONE',  ( -1.000000000000000000, -0.000000000000000000, -0.000000000000000000 ) ) ;
#6876 = DIRECTION ( 'NONE',  ( -1.000000000000000000, -0.000000000000000000, -0.000000000000000000 ) ) ;
#6877 = FACE_OUTER_BOUND ( 'NONE', #2318, .T. ) ;
#6878 = AXIS2_PLACEMENT_3D ( 'NONE', #7793, #4145, #6937 ) ;
#6879 = CARTESIAN_POINT ( 'NONE',  ( 57.77184353044837906, 1.083175145036958279E-14, -5.000000000000012434 ) ) ;
#6880 = ADVANCED_FACE ( 'NONE', ( #6920 ), #1019, .T. ) ;
#6881 = CARTESIAN_POINT ( 'NONE',  ( 50.01880044884220666, -4.366408635911658287, -0.6335913640883421571 ) ) ;
#6882 = EDGE_CURVE ( 'NONE', #7567, #3172, #6962, .T. ) ;
#6883 = AXIS2_PLACEMENT_3D ( 'NONE', #4569, #6593, #8866 ) ;
#6884 = ORIENTED_EDGE ( 'NONE', *, *, #2638, .F. ) ;
#6885 = CARTESIAN_POINT ( 'NONE',  ( 118.8533476508650608, -4.935408751168083974, 0.06459124883191601219 ) ) ;
#6886 = CARTESIAN_POINT ( 'NONE',  ( 13.04368978649824484, -4.960065625086339303, -0.03993437491366060715 ) ) ;
#6887 = TOROIDAL_SURFACE ( 'NONE', #1021, 1.000000000000000000, 3.999999999999997335 ) ;
#6888 = CARTESIAN_POINT ( 'NONE',  ( 104.2539988371174502, -1.137203174285774887, -3.862796825714226667 ) ) ;
#6889 = CC_DESIGN_DATE_AND_TIME_ASSIGNMENT ( #2773, #8906, ( #8162 ) ) ;
#6890 = DIRECTION ( 'NONE',  ( -1.000000000000000000, -0.000000000000000000, -0.000000000000000000 ) ) ;
#6891 = CARTESIAN_POINT ( 'NONE',  ( 103.0000000000000000, 0.000000000000000000, 0.000000000000000000 ) ) ;
#6892 = AXIS2_PLACEMENT_3D ( 'NONE', #2938, #5081, #6554 ) ;
#6893 = ADVANCED_FACE ( 'NONE', ( #5548 ), #493, .T. ) ;
#6894 = VERTEX_POINT ( 'NONE', #7555 ) ;
#6895 = ORIENTED_EDGE ( 'NONE', *, *, #8099, .T. ) ;
#6896 = DIRECTION ( 'NONE',  ( -1.000000000000000000, -0.000000000000000000, -0.000000000000000000 ) ) ;
#6897 = CARTESIAN_POINT ( 'NONE',  ( 65.32722873042054346, -4.282386290035394616, -0.7176137099646044959 ) ) ;
#6898 = ORIENTED_EDGE ( 'NONE', *, *, #1156, .F. ) ;
#6899 = B_SPLINE_CURVE_WITH_KNOTS ( 'NONE', 3,
 ( #5255, #7180, #8546, #5861, #1635, #3019, #7266, #989, #1589, #854, #7993, #4519 ),
 .UNSPECIFIED., .F., .F.,
 ( 4, 2, 2, 2, 2, 4 ),
 ( 0.003504634718722836849, 0.003941423334001141303, 0.004378211949279444890, 0.005251789179836053797, 0.006125366410392662705, 0.006998943640949272481 ),
 .UNSPECIFIED. ) ;
#6900 = CARTESIAN_POINT ( 'NONE',  ( 112.7718435304483933, 5.461139048303694649E-15, -5.000000000000007105 ) ) ;
#6901 = VERTEX_POINT ( 'NONE', #3405 ) ;
#6902 = DIRECTION ( 'NONE',  ( 0.000000000000000000, 0.000000000000000000, -1.000000000000000000 ) ) ;
#6903 = CARTESIAN_POINT ( 'NONE',  ( 71.37500000000000000, -3.671958834454324805, 1.328041165545675195 ) ) ;
#6904 = CARTESIAN_POINT ( 'NONE',  ( 27.10263427936258296, -4.040089233410275149, 0.9599107665897240738 ) ) ;
#6905 = CARTESIAN_POINT ( 'NONE',  ( 40.39665234915596415, -0.06459124882792180444, -4.935408751172078112 ) ) ;
#6906 = CARTESIAN_POINT ( 'NONE',  ( 8.125000000027860381, -5.000000000000000888, -4.336808689942017736E-16 ) ) ;
#6907 = CARTESIAN_POINT ( 'NONE',  ( 52.71113448347797714, -4.959369330381698582, 0.04063066961830182067 ) ) ;
#6908 = CARTESIAN_POINT ( 'NONE',  ( 41.12500000000000000, 1.224646799147353207E-16, -1.000000000000000000 ) ) ;
#6909 = CARTESIAN_POINT ( 'NONE',  ( 28.97953806259080167, -0.1676550930109035609, -4.832344906989095357 ) ) ;
#6910 = AXIS2_PLACEMENT_3D ( 'NONE', #4928, #6186, #8967 ) ;
#6911 = ORIENTED_EDGE ( 'NONE', *, *, #6531, .T. ) ;
#6912 = CARTESIAN_POINT ( 'NONE',  ( 75.27178058431637453, -0.1593231317801557245, 4.840676868219844664 ) ) ;
#6913 = ORIENTED_EDGE ( 'NONE', *, *, #7622, .T. ) ;
#6914 = CARTESIAN_POINT ( 'NONE',  ( 73.54368978649831945, -4.960065625086348184, -0.03993437491365268988 ) ) ;
#6915 = CYLINDRICAL_SURFACE ( 'NONE', #163, 1.000000000000000000 ) ;
#6916 = ORIENTED_EDGE ( 'NONE', *, *, #4580, .T. ) ;
#6917 = CARTESIAN_POINT ( 'NONE',  ( 111.2161636276444909, -4.748219996440589341, -0.2517800035594116581 ) ) ;
#6918 = CARTESIAN_POINT ( 'NONE',  ( 117.9781564695780105, -5.000000000001025846, -1.024882655244272866E-12 ) ) ;
#6919 = CARTESIAN_POINT ( 'NONE',  ( 115.2537837792036441, -3.863136006093129016, -1.136863993906871206 ) ) ;
#6920 = FACE_OUTER_BOUND ( 'NONE', #5434, .T. ) ;
#6921 = VECTOR ( 'NONE', #6684, 1000.000000000000000 ) ;
#6922 = ADVANCED_FACE ( 'NONE', ( #6192 ), #6155, .T. ) ;
#6923 = CARTESIAN_POINT ( 'NONE',  ( 6.023749546286494727, -0.6401341107417620746, -4.359865889258236926 ) ) ;
#6924 = DIRECTION ( 'NONE',  ( -1.000000000000000000, -0.000000000000000000, -0.000000000000000000 ) ) ;
#6925 = CARTESIAN_POINT ( 'NONE',  ( 32.87500000000000000, -1.328041165545665425, 3.671958834454334575 ) ) ;
#6926 = ADVANCED_FACE ( 'NONE', ( #6827 ), #137, .T. ) ;
#6927 = CARTESIAN_POINT ( 'NONE',  ( 108.5342377177942979, -4.739198801701999031, 0.2608011982979998034 ) ) ;
#6928 = ORIENTED_EDGE ( 'NONE', *, *, #8306, .F. ) ;
#6929 = ORIENTED_EDGE ( 'NONE', *, *, #7366, .T. ) ;
#6930 = CARTESIAN_POINT ( 'NONE',  ( 2.500000000000002220, 0.000000000000000000, 5.000000000000000000 ) ) ;
#6931 = CARTESIAN_POINT ( 'NONE',  ( 63.27225720791398800, -4.999999999998968825, -1.030338923853128031E-12 ) ) ;
#6932 = AXIS2_PLACEMENT_3D ( 'NONE', #3296, #9004, #2663 ) ;
#6933 = VERTEX_POINT ( 'NONE', #543 ) ;
#6934 = DIRECTION ( 'NONE',  ( -1.000000000000000000, -0.000000000000000000, -0.000000000000000000 ) ) ;
#6935 = PERSON_AND_ORGANIZATION ( #830, #2320 ) ;
#6936 = ORIENTED_EDGE ( 'NONE', *, *, #6012, .T. ) ;
#6937 = DIRECTION ( 'NONE',  ( 0.000000000000000000, 0.000000000000000000, -1.000000000000000000 ) ) ;
#6938 = AXIS2_PLACEMENT_3D ( 'NONE', #8541, #290, #3736 ) ;
#6939 = CARTESIAN_POINT ( 'NONE',  ( 120.8749999999999858, -1.328041165545675195, 3.671958834454324805 ) ) ;
#6940 = CARTESIAN_POINT ( 'NONE',  ( 116.9795380625907768, -0.1676550930109050042, -4.832344906989094468 ) ) ;
#6941 = DIRECTION ( 'NONE',  ( -1.000000000000000000, -0.000000000000000000, -0.000000000000000000 ) ) ;
#6942 = CARTESIAN_POINT ( 'NONE',  ( 59.72625045371991348, -4.359865889253508264, 0.6401341107464932900 ) ) ;
#6943 = DIRECTION ( 'NONE',  ( 0.000000000000000000, -1.224646799147353207E-16, 1.000000000000000000 ) ) ;
#6944 = LINE ( 'NONE', #5611, #4175 ) ;
#6945 = ORIENTED_EDGE ( 'NONE', *, *, #1897, .T. ) ;
#6946 = DIRECTION ( 'NONE',  ( -1.000000000000000000, -0.000000000000000000, -0.000000000000000000 ) ) ;
#6947 = CARTESIAN_POINT ( 'NONE',  ( 112.3287463706422784, -0.008301598518919062544, -4.991698401481080793 ) ) ;
#6948 = ORIENTED_EDGE ( 'NONE', *, *, #4622, .T. ) ;
#6949 = AXIS2_PLACEMENT_3D ( 'NONE', #7716, #644, #7018 ) ;
#6950 = CARTESIAN_POINT ( 'NONE',  ( 13.62499999999979039, 2.854305633574743335E-13, -5.000000000000285105 ) ) ;
#6951 = AXIS2_PLACEMENT_3D ( 'NONE', #3096, #5146, #7930 ) ;
#6952 = EDGE_CURVE ( 'NONE', #5497, #4157, #5244, .T. ) ;
#6953 = CARTESIAN_POINT ( 'NONE',  ( 81.51172757693696269, -4.502552532146823161, 0.4974474678531770055 ) ) ;
#6954 = ORIENTED_EDGE ( 'NONE', *, *, #6689, .T. ) ;
#6955 = EDGE_CURVE ( 'NONE', #2362, #6701, #3379, .T. ) ;
#6956 = CARTESIAN_POINT ( 'NONE',  ( 62.82874637064225709, -0.008301598518915397074, -4.991698401481084346 ) ) ;
#6957 = DIRECTION ( 'NONE',  ( 0.000000000000000000, 0.000000000000000000, -1.000000000000000000 ) ) ;
#6958 = CARTESIAN_POINT ( 'NONE',  ( 115.1026342793625901, -4.040089233410274261, -0.9599107665897267383 ) ) ;
#6959 = PERSON ( 'UNSPECIFIED', 'UNSPECIFIED', 'UNSPECIFIED', ('UNSPECIFIED'), ('UNSPECIFIED'), ('UNSPECIFIED') ) ;
#6960 = EDGE_CURVE ( 'NONE', #7251, #3969, #2038, .T. ) ;
#6961 = B_SPLINE_CURVE_WITH_KNOTS ( 'NONE', 3,
 ( #3767, #7972, #5000, #7789, #1619, #7882, #8662, #2310, #5790, #7243, #6430, #1703, #5885, #2358, #5839, #4405 ),
 .UNSPECIFIED., .F., .F.,
 ( 4, 2, 2, 2, 2, 2, 2, 4 ),
 ( 4.818711199183383470E-07, 0.0008765200830275014223, 0.001314539188981292839, 0.001752558294935084365, 0.002190577400888875891, 0.002628596506842667633, 0.003066615612796459375, 0.003504634718750250684 ),
 .UNSPECIFIED. ) ;
#6962 = LINE ( 'NONE', #2578, #2059 ) ;
#6963 = AXIS2_PLACEMENT_3D ( 'NONE', #2203, #8894, #4983 ) ;
#6964 = ORIENTED_EDGE ( 'NONE', *, *, #5369, .F. ) ;
#6965 = B_SPLINE_CURVE_WITH_KNOTS ( 'NONE', 3,
 ( #8790, #441, #536, #3261, #6773, #6056, #2570, #487, #6099, #8876, #5409, #7503, #1230, #6147, #1326, #759 ),
 .UNSPECIFIED., .F., .F.,
 ( 4, 2, 2, 2, 2, 2, 2, 4 ),
 ( 4.818711198525359572E-07, 0.0008765200830205848630, 0.001314539188970950201, 0.001752558294921315648, 0.002190577400871680878, 0.002628596506822046108, 0.003066615612772411337, 0.003504634718722777001 ),
 .UNSPECIFIED. ) ;
#6966 = CARTESIAN_POINT ( 'NONE',  ( 0.000000000000000000, 0.000000000000000000, 0.000000000000000000 ) ) ;
#6967 = DIRECTION ( 'NONE',  ( 0.000000000000000000, -1.000000000000000000, 0.000000000000000000 ) ) ;
#6968 = CARTESIAN_POINT ( 'NONE',  ( 119.2704619374262336, -4.832344906983752075, 0.1676550930162465924 ) ) ;
#6969 = AXIS2_PLACEMENT_3D ( 'NONE', #841, #7212, #8583 ) ;
#6970 = ADVANCED_FACE ( 'NONE', ( #6764 ), #4814, .F. ) ;
#6971 = TOROIDAL_SURFACE ( 'NONE', #4187, 1.000000000000000000, 3.999999999999997335 ) ;
#6972 = CARTESIAN_POINT ( 'NONE',  ( 67.09032131224202544, -0.3138588207986937606, -4.686141179201305462 ) ) ;
#6973 = TOROIDAL_SURFACE ( 'NONE', #6386, 1.000000000000000000, 3.999999999999996447 ) ;
#6974 = ADVANCED_FACE ( 'NONE', ( #3205 ), #8478, .T. ) ;
#6975 = ORIENTED_EDGE ( 'NONE', *, *, #7544, .T. ) ;
#6976 = ORIENTED_EDGE ( 'NONE', *, *, #8217, .T. ) ;
#6977 = CARTESIAN_POINT ( 'NONE',  ( 52.12500000000000000, 0.000000000000000000, 1.000000000000000000 ) ) ;
#6978 = CARTESIAN_POINT ( 'NONE',  ( 63.85334765086507502, -4.935408751168088415, -0.06459124883191141864 ) ) ;
#6979 = ADVANCED_FACE ( 'NONE', ( #434 ), #2498, .T. ) ;
#6980 = AXIS2_PLACEMENT_3D ( 'NONE', #7054, #768, #8843 ) ;
#6981 = CARTESIAN_POINT ( 'NONE',  ( 114.7311995511640106, -0.6335913640930893598, -4.366408635906911861 ) ) ;
#6982 = CALENDAR_DATE ( 2026, 21, 2 ) ;
#6983 = ORIENTED_EDGE ( 'NONE', *, *, #3999, .T. ) ;
#6984 = CARTESIAN_POINT ( 'NONE',  ( 8.125000000000000000, 0.000000000000000000, 0.000000000000000000 ) ) ;
#6985 = AXIS2_PLACEMENT_3D ( 'NONE', #3953, #5319, #4544 ) ;
#6986 = EDGE_CURVE ( 'NONE', #5922, #4866, #1472, .T. ) ;
#6987 = CARTESIAN_POINT ( 'NONE',  ( 96.12499999999998579, 0.000000000000000000, 1.000000000000000000 ) ) ;
#6988 = CARTESIAN_POINT ( 'NONE',  ( 2.500000000000000000, 0.000000000000000000, 0.000000000000000000 ) ) ;
#6989 = EDGE_CURVE ( 'NONE', #4950, #7322, #6719, .T. ) ;
#6990 = CARTESIAN_POINT ( 'NONE',  ( 96.12499999999978684, 2.819348912645851850E-13, -5.000000000000282441 ) ) ;
#6991 = EDGE_CURVE ( 'NONE', #6018, #7369, #2932, .T. ) ;
#6992 = CARTESIAN_POINT ( 'NONE',  ( 0.000000000000000000, 0.000000000000000000, 1.000000000000000000 ) ) ;
#6993 = DIRECTION ( 'NONE',  ( 0.000000000000000000, 0.000000000000000000, 1.000000000000000000 ) ) ;
#6994 = TOROIDAL_SURFACE ( 'NONE', #3921, 1.000000000000000000, 3.999999999999999112 ) ;
#6995 = DIRECTION ( 'NONE',  ( -0.000000000000000000, 1.000000000000000000, 1.224646799147353207E-16 ) ) ;
#6996 = CC_DESIGN_PERSON_AND_ORGANIZATION_ASSIGNMENT ( #1859, #514, ( #8009 ) ) ;
#6997 = ORIENTED_EDGE ( 'NONE', *, *, #8942, .F. ) ;
#6998 = DIRECTION ( 'NONE',  ( -1.000000000000000000, -0.000000000000000000, -0.000000000000000000 ) ) ;
#6999 = LOCAL_TIME ( 19, 56, 48.00000000000000000, #791 ) ;
#7000 = CARTESIAN_POINT ( 'NONE',  ( 121.1472983861615944, -0.9599899463623273732, -4.040010053637671739 ) ) ;
#7001 = VERTEX_POINT ( 'NONE', #7996 ) ;
#7002 = CARTESIAN_POINT ( 'NONE',  ( 87.87500000000000000, -1.328041165545655877, -3.671958834454344345 ) ) ;
#7003 = DIRECTION ( 'NONE',  ( -1.000000000000000000, -0.000000000000000000, -0.000000000000000000 ) ) ;
#7004 = ORIENTED_EDGE ( 'NONE', *, *, #6960, .F. ) ;
#7005 = ADVANCED_FACE ( 'NONE', ( #1733 ), #8039, .T. ) ;
#7006 = CARTESIAN_POINT ( 'NONE',  ( 101.7722572079139809, -4.999999999998967048, 1.033198930599532176E-12 ) ) ;
#7007 = DIRECTION ( 'NONE',  ( -1.000000000000000000, -0.000000000000000000, -0.000000000000000000 ) ) ;
#7008 = FACE_OUTER_BOUND ( 'NONE', #1968, .T. ) ;
#7009 = AXIS2_PLACEMENT_3D ( 'NONE', #5539, #2833, #5617 ) ;
#7010 = DIRECTION ( 'NONE',  ( -0.000000000000000000, 1.000000000000000000, 1.224646799147353207E-16 ) ) ;
#7011 = B_SPLINE_CURVE_WITH_KNOTS ( 'NONE', 3,
 ( #473, #3289, #6087, #2608, #5525, #4791, #6346, #53, #6303, #6940, #2865, #7753, #2823, #12, #2137, #5571 ),
 .UNSPECIFIED., .F., .F.,
 ( 4, 2, 2, 2, 2, 2, 2, 4 ),
 ( 4.818711198656964140E-07, 0.0008765200830274448270, 0.001314539188981234509, 0.001752558294935024083, 0.002190577400888813440, 0.002628596506842603014, 0.003066615612796392588, 0.003504634718750182162 ),
 .UNSPECIFIED. ) ;
#7012 = CARTESIAN_POINT ( 'NONE',  ( 48.82722873042055767, -4.282386290035433696, -0.7176137099645661932 ) ) ;
#7013 = CIRCLE ( 'NONE', #5104, 3.904737509655562988 ) ;
#7014 = TOROIDAL_SURFACE ( 'NONE', #8320, 1.000000000000000000, 1.375000000000000000 ) ;
#7015 = EDGE_LOOP ( 'NONE', ( #7122, #1640, #3459 ) ) ;
#7016 = CARTESIAN_POINT ( 'NONE',  ( 5.375000000000000000, -1.328041165545665425, -3.671958834454335019 ) ) ;
#7017 = CARTESIAN_POINT ( 'NONE',  ( 38.64877465030178882, -4.041784260362666359, 0.9582157396373347513 ) ) ;
#7018 = DIRECTION ( 'NONE',  ( 0.000000000000000000, 0.000000000000000000, 1.000000000000000000 ) ) ;
#7019 = CARTESIAN_POINT ( 'NONE',  ( 42.89842623724019433, -4.567820679626509062, -0.4321793203734921596 ) ) ;
#7020 = CARTESIAN_POINT ( 'NONE',  ( 107.2722572078870229, -4.999999999999996447, 3.770990681176145110E-15 ) ) ;
#7021 = ORIENTED_EDGE ( 'NONE', *, *, #3600, .T. ) ;
#7022 = AXIS2_PLACEMENT_3D ( 'NONE', #4456, #5235, #8576 ) ;
#7023 = VERTEX_POINT ( 'NONE', #4709 ) ;
#7024 = ORIENTED_EDGE ( 'NONE', *, *, #5181, .F. ) ;
#7025 = CARTESIAN_POINT ( 'NONE',  ( 56.24999999999999289, 0.000000000000000000, 1.000000000000000000 ) ) ;
#7026 = FACE_OUTER_BOUND ( 'NONE', #289, .T. ) ;
#7027 = AXIS2_PLACEMENT_3D ( 'NONE', #2642, #1250, #1068 ) ;
#7028 = EDGE_CURVE ( 'NONE', #3321, #7095, #7605, .T. ) ;
#7029 = DIRECTION ( 'NONE',  ( -1.000000000000000000, -0.000000000000000000, -0.000000000000000000 ) ) ;
#7030 = AXIS2_PLACEMENT_3D ( 'NONE', #2622, #2573, #8100 ) ;
#7031 = COORDINATED_UNIVERSAL_TIME_OFFSET ( 3, 30, .AHEAD. ) ;
#7032 = EDGE_LOOP ( 'NONE', ( #8193, #4882, #1631 ) ) ;
#7033 = CARTESIAN_POINT ( 'NONE',  ( 95.82874637064227841, -0.008301598518917999159, 4.991698401481082570 ) ) ;
#7034 = ADVANCED_FACE ( 'NONE', ( #4794 ), #8774, .F. ) ;
#7035 = FACE_OUTER_BOUND ( 'NONE', #3268, .T. ) ;
#7036 = CARTESIAN_POINT ( 'NONE',  ( 38.37499999999999289, -1.328041165545660540, -3.671958834454339460 ) ) ;
#7037 = CARTESIAN_POINT ( 'NONE',  ( 10.22625045371992591, -4.359865889253494053, 0.6401341107465059466 ) ) ;
#7038 = DIRECTION ( 'NONE',  ( 0.000000000000000000, 0.000000000000000000, 1.000000000000000000 ) ) ;
#7039 = CARTESIAN_POINT ( 'NONE',  ( 27.49621622079729022, -1.136863993905374404, -3.863136006094626040 ) ) ;
#7040 = EDGE_CURVE ( 'NONE', #5096, #9003, #875, .T. ) ;
#7041 = DIRECTION ( 'NONE',  ( 0.000000000000000000, 0.000000000000000000, 1.000000000000000000 ) ) ;
#7042 = ORIENTED_EDGE ( 'NONE', *, *, #2090, .F. ) ;
#7043 = CARTESIAN_POINT ( 'NONE',  ( 103.5117275769369485, -4.502552532146814279, -0.4974474678531852767 ) ) ;
#7044 = VERTEX_POINT ( 'NONE', #1266 ) ;
#7045 = FACE_OUTER_BOUND ( 'NONE', #1682, .T. ) ;
#7046 = B_SPLINE_CURVE_WITH_KNOTS ( 'NONE', 3,
 ( #2201, #5124, #3747, #7136, #299, #6503, #1593, #4290, #858, #1680, #3115, #5772, #2245, #3072, #949, #6547 ),
 .UNSPECIFIED., .F., .F.,
 ( 4, 2, 2, 2, 2, 2, 2, 4 ),
 ( 4.818711198530449181E-07, 0.0008765200830206114260, 0.001314539188970989883, 0.001752558294921368340, 0.002190577400871746364, 0.002628596506822125038, 0.003066615612772503278, 0.003504634718722881952 ),
 .UNSPECIFIED. ) ;
#7047 = CARTESIAN_POINT ( 'NONE',  ( 83.75000000000000000, 1.224646799147353207E-16, -1.000000000000000000 ) ) ;
#7048 = DIRECTION ( 'NONE',  ( -1.000000000000000000, -0.000000000000000000, -0.000000000000000000 ) ) ;
#7049 = DIRECTION ( 'NONE',  ( -0.000000000000000000, 1.000000000000000000, 1.224646799147353207E-16 ) ) ;
#7051 = CARTESIAN_POINT ( 'NONE',  ( 87.87500000000000000, -1.328041165545655655, 3.671958834454344345 ) ) ;
#7050 = CARTESIAN_POINT ( 'NONE',  ( 10.99600116288350371, -3.862796825715731686, -1.137203174284268536 ) ) ;
#7052 = AXIS2_PLACEMENT_3D ( 'NONE', #8544, #5018, #5859 ) ;
#7053 = CARTESIAN_POINT ( 'NONE',  ( 114.0342377178084519, -4.739198801696320018, 0.2608011983036805925 ) ) ;
#7054 = CARTESIAN_POINT ( 'NONE',  ( 68.62499999999998579, 1.224646799147353207E-16, -1.000000000000000000 ) ) ;
#7055 = CARTESIAN_POINT ( 'NONE',  ( 48.72625045371991348, -4.359865889253508264, -0.6401341107464922908 ) ) ;
#7056 = ORIENTED_EDGE ( 'NONE', *, *, #4397, .F. ) ;
#7057 = DIRECTION ( 'NONE',  ( -0.000000000000000000, 1.000000000000000000, 1.224646799147353207E-16 ) ) ;
#7058 = CARTESIAN_POINT ( 'NONE',  ( 41.12500000000000000, 0.000000000000000000, 1.000000000000000000 ) ) ;
#7059 = CARTESIAN_POINT ( 'NONE',  ( 96.12499999999998579, 0.000000000000000000, 0.000000000000000000 ) ) ;
#7060 = CARTESIAN_POINT ( 'NONE',  ( 15.03423771780839147, -4.739198801696343111, 0.2608011983036581660 ) ) ;
#7061 = CARTESIAN_POINT ( 'NONE',  ( 68.62499999999978684, 2.819348912645851850E-13, -5.000000000000282441 ) ) ;
#7062 = ORIENTED_EDGE ( 'NONE', *, *, #6124, .F. ) ;
#7063 = CARTESIAN_POINT ( 'NONE',  ( 68.92125362938305955, -4.991698401479152558, 0.008301598520847820045 ) ) ;
#7064 = CIRCLE ( 'NONE', #2825, 4.000000000000000000 ) ;
#7065 = ORIENTED_EDGE ( 'NONE', *, *, #5345, .F. ) ;
#7066 = EDGE_CURVE ( 'NONE', #3916, #4039, #4510, .T. ) ;
#7067 = ORIENTED_EDGE ( 'NONE', *, *, #5236, .F. ) ;
#7068 = CARTESIAN_POINT ( 'NONE',  ( 4.453842755958632438, -0.4907550695741034752, 4.509244930425898801 ) ) ;
#7069 = EDGE_CURVE ( 'NONE', #8808, #564, #8346, .T. ) ;
#7070 = CARTESIAN_POINT ( 'NONE',  ( 24.47815646957797142, -5.000000000001024070, -1.024310908004876213E-12 ) ) ;
#7071 = DIRECTION ( 'NONE',  ( 0.000000000000000000, 0.000000000000000000, 1.000000000000000000 ) ) ;
#7072 = B_SPLINE_CURVE_WITH_KNOTS ( 'NONE', 3,
 ( #5842, #5001, #1621, #7160, #1478, #7790, #3723, #95, #742, #3585, #7205, #5101 ),
 .UNSPECIFIED., .F., .F.,
 ( 4, 2, 2, 2, 2, 4 ),
 ( 0.003504634718722822537, 0.003941423334001129160, 0.004378211949279436216, 0.005251789179836051195, 0.006125366410392665308, 0.006998943640949280287 ),
 .UNSPECIFIED. ) ;
#7073 = VERTEX_POINT ( 'NONE', #2784 ) ;
#7074 = FACE_OUTER_BOUND ( 'NONE', #8719, .T. ) ;
#7075 = CARTESIAN_POINT ( 'NONE',  ( 24.62500000002790301, -5.000000000000000888, -4.336808689942017736E-16 ) ) ;
#7076 = CARTESIAN_POINT ( 'NONE',  ( 94.71576228220551741, -0.2608011982980546484, -4.739198801701945740 ) ) ;
#7077 = CARTESIAN_POINT ( 'NONE',  ( 0.000000000000000000, 0.000000000000000000, 0.000000000000000000 ) ) ;
#7078 = CARTESIAN_POINT ( 'NONE',  ( 87.32722873042055767, -4.282386290035405274, 0.7176137099645942818 ) ) ;
#7079 = DIRECTION ( 'NONE',  ( -0.7071067811865473507, 0.7071067811865475727, 5.101892567604352582E-17 ) ) ;
#7080 = ORIENTED_EDGE ( 'NONE', *, *, #4674, .T. ) ;
#7081 = AXIS2_PLACEMENT_3D ( 'NONE', #2804, #5589, #5723 ) ;
#7082 = CARTESIAN_POINT ( 'NONE',  ( 101.6250000000279812, -5.000000000000000888, -4.336808689942017736E-16 ) ) ;
#7083 = CARTESIAN_POINT ( 'NONE',  ( 123.3279352953669843, 2.835866307407397141E-15, -5.000000000000004441 ) ) ;
#7084 = ORIENTED_EDGE ( 'NONE', *, *, #5047, .T. ) ;
#7085 = DIRECTION ( 'NONE',  ( -1.000000000000000000, -0.000000000000000000, -0.000000000000000000 ) ) ;
#7086 = CARTESIAN_POINT ( 'NONE',  ( 78.21616362764447672, -4.748219996440587565, -0.2517800035594121022 ) ) ;
#7087 = EDGE_CURVE ( 'NONE', #8019, #16, #114, .T. ) ;
#7088 = CARTESIAN_POINT ( 'NONE',  ( 27.37500000000000000, 0.000000000000000000, 0.000000000000000000 ) ) ;
#7089 = CARTESIAN_POINT ( 'NONE',  ( 61.02374954628648140, -0.6401341107417616305, -4.359865889258240479 ) ) ;
#7091 = CARTESIAN_POINT ( 'NONE',  ( 96.41746587457269868, -0.008042224642539775453, 4.991957775357460214 ) ) ;
#7090 = CARTESIAN_POINT ( 'NONE',  ( 12.47821941570033388, -4.840676868225212814, -0.1593231317747878240 ) ) ;
#7092 = VERTEX_POINT ( 'NONE', #3510 ) ;
#7093 = CARTESIAN_POINT ( 'NONE',  ( 35.77184353044837906, 8.500928537762561835E-15, 5.000000000000007105 ) ) ;
#7094 = DIRECTION ( 'NONE',  ( 0.000000000000000000, 0.000000000000000000, 1.000000000000000000 ) ) ;
#7095 = VERTEX_POINT ( 'NONE', #666 ) ;
#7096 = CARTESIAN_POINT ( 'NONE',  ( 0.000000000000000000, 0.000000000000000000, 1.000000000000000000 ) ) ;
#7097 = VERTEX_POINT ( 'NONE', #3430 ) ;
#7098 = CARTESIAN_POINT ( 'NONE',  ( 19.12499999999979039, 2.846496320673303707E-13, -5.000000000000284217 ) ) ;
#7099 = CYLINDRICAL_SURFACE ( 'NONE', #1211, 1.000000000000000000 ) ;
#7100 = ADVANCED_FACE ( 'NONE', ( #1395 ), #3218, .T. ) ;
#7101 = CARTESIAN_POINT ( 'NONE',  ( 5.375000000000000000, -3.671958834454335019, -1.328041165545665425 ) ) ;
#7102 = CARTESIAN_POINT ( 'NONE',  ( 96.12499999999998579, 0.000000000000000000, 0.000000000000000000 ) ) ;
#7103 = CARTESIAN_POINT ( 'NONE',  ( 98.87499999999998579, 0.000000000000000000, 0.000000000000000000 ) ) ;
#7104 = CARTESIAN_POINT ( 'NONE',  ( 110.5237495462865098, -0.6401341107417615195, -4.359865889258237814 ) ) ;
#7105 = ORIENTED_EDGE ( 'NONE', *, *, #7653, .T. ) ;
#7106 = CARTESIAN_POINT ( 'NONE',  ( 5.375000000000000000, 0.000000000000000000, 0.000000000000000000 ) ) ;
#7107 = CIRCLE ( 'NONE', #4766, 3.904737509655565653 ) ;
#7108 = ORIENTED_EDGE ( 'NONE', *, *, #6960, .T. ) ;
#7109 = VERTEX_POINT ( 'NONE', #4018 ) ;
#7110 = FACE_OUTER_BOUND ( 'NONE', #821, .T. ) ;
#7111 = DIRECTION ( 'NONE',  ( 0.000000000000000000, 0.000000000000000000, 1.000000000000000000 ) ) ;
#7112 = CARTESIAN_POINT ( 'NONE',  ( 13.91746587457268802, -0.008042224642536762239, -4.991957775357462879 ) ) ;
#7113 = TOROIDAL_SURFACE ( 'NONE', #3171, 1.000000000000000000, 1.374999999999994227 ) ;
#7114 = VERTEX_POINT ( 'NONE', #2740 ) ;
#7115 = DIRECTION ( 'NONE',  ( -1.000000000000000000, -0.000000000000000000, -0.000000000000000000 ) ) ;
#7116 = DIRECTION ( 'NONE',  ( 0.000000000000000000, 0.000000000000000000, 1.000000000000000000 ) ) ;
#7117 = CIRCLE ( 'NONE', #972, 1.000000000000000000 ) ;
#7118 = CARTESIAN_POINT ( 'NONE',  ( 43.87500000000000000, 0.000000000000000000, 3.904737509655566097 ) ) ;
#7119 = DIRECTION ( 'NONE',  ( -1.000000000000000000, -0.000000000000000000, -0.000000000000000000 ) ) ;
#7120 = CARTESIAN_POINT ( 'NONE',  ( 13.62500000000000000, 0.000000000000000000, 1.000000000000000000 ) ) ;
#7121 = CARTESIAN_POINT ( 'NONE',  ( 3.535533905932677357, -3.535533905932752852, 132.6249999999999716 ) ) ;
#7122 = ORIENTED_EDGE ( 'NONE', *, *, #980, .T. ) ;
#7123 = CARTESIAN_POINT ( 'NONE',  ( 16.37499999999999645, 0.000000000000000000, 0.000000000000000000 ) ) ;
#7124 = AXIS2_PLACEMENT_3D ( 'NONE', #652, #3455, #3542 ) ;
#7125 = CARTESIAN_POINT ( 'NONE',  ( 0.000000000000000000, 0.000000000000000000, 0.000000000000000000 ) ) ;
#7126 = ORIENTED_EDGE ( 'NONE', *, *, #4846, .F. ) ;
#7127 = FACE_OUTER_BOUND ( 'NONE', #6397, .T. ) ;
#7128 = CARTESIAN_POINT ( 'NONE',  ( 109.7539988371174644, -1.137203174285757346, 3.862796825714243987 ) ) ;
#7129 = CARTESIAN_POINT ( 'NONE',  ( 60.92277126958468614, -0.7176137099602829528, -4.282386290039716492 ) ) ;
#7130 = AXIS2_PLACEMENT_3D ( 'NONE', #1410, #7681, #6150 ) ;
#7132 = DIRECTION ( 'NONE',  ( 0.000000000000000000, -1.000000000000000000, 0.000000000000000000 ) ) ;
#7131 = CARTESIAN_POINT ( 'NONE',  ( 41.12500000002778933, -5.000000000000000888, -4.336808689942017736E-16 ) ) ;
#7133 = EDGE_CURVE ( 'NONE', #8799, #3346, #5109, .T. ) ;
#7134 = AXIS2_PLACEMENT_3D ( 'NONE', #5466, #8249, #1985 ) ;
#7135 = ORIENTED_EDGE ( 'NONE', *, *, #4025, .T. ) ;
#7136 = CARTESIAN_POINT ( 'NONE',  ( 37.82722873042053635, -4.282386290035433696, -0.7176137099645654160 ) ) ;
#7137 = CC_DESIGN_SECURITY_CLASSIFICATION ( #8895, ( #9067 ) ) ;
#7138 = CARTESIAN_POINT ( 'NONE',  ( 3.106338970012576972, -4.967659993883051683, -0.03234000611695066890 ) ) ;
#7139 = ORIENTED_EDGE ( 'NONE', *, *, #4366, .F. ) ;
#7140 = EDGE_CURVE ( 'NONE', #5643, #965, #3878, .T. ) ;
#7141 = ORIENTED_EDGE ( 'NONE', *, *, #2575, .F. ) ;
#7142 = CARTESIAN_POINT ( 'NONE',  ( 101.3287463706423068, -0.008301598518917907218, -4.991698401481082570 ) ) ;
#7143 = CARTESIAN_POINT ( 'NONE',  ( 67.21616362764447672, -4.748219996440588453, 0.2517800035594116581 ) ) ;
#7144 = FACE_OUTER_BOUND ( 'NONE', #2221, .T. ) ;
#7145 = CIRCLE ( 'NONE', #7282, 1.000000000000000000 ) ;
#7146 = CARTESIAN_POINT ( 'NONE',  ( 98.75399883711746440, -1.137203174285774887, -3.862796825714226667 ) ) ;
#7147 = DIRECTION ( 'NONE',  ( -1.000000000000000000, -0.000000000000000000, -0.000000000000000000 ) ) ;
#7148 = AXIS2_PLACEMENT_3D ( 'NONE', #8781, #8090, #3797 ) ;
#7149 = EDGE_CURVE ( 'NONE', #8852, #8260, #8615, .T. ) ;
#7150 = EDGE_CURVE ( 'NONE', #2732, #1, #4818, .T. ) ;
#7151 = EDGE_CURVE ( 'NONE', #6933, #2732, #8494, .T. ) ;
#7152 = VERTEX_POINT ( 'NONE', #1063 ) ;
#7153 = DIRECTION ( 'NONE',  ( -1.000000000000000000, -0.000000000000000000, -0.000000000000000000 ) ) ;
#7154 = AXIS2_PLACEMENT_3D ( 'NONE', #5926, #8706, #2444 ) ;
#7155 = EDGE_LOOP ( 'NONE', ( #6975, #2039, #823 ) ) ;
#7156 = ORIENTED_EDGE ( 'NONE', *, *, #86, .F. ) ;
#7157 = DIRECTION ( 'NONE',  ( 0.000000000000000000, 0.000000000000000000, 1.000000000000000000 ) ) ;
#7158 = CARTESIAN_POINT ( 'NONE',  ( 91.77046193742624780, -4.832344906983752075, 0.1676550930162465924 ) ) ;
#7159 = FACE_OUTER_BOUND ( 'NONE', #90, .T. ) ;
#7160 = CARTESIAN_POINT ( 'NONE',  ( 7.543689786498216421, -4.960065625086335750, 0.03993437491366484682 ) ) ;
#7161 = AXIS2_PLACEMENT_3D ( 'NONE', #1569, #3910, #5428 ) ;
#7162 = ORIENTED_EDGE ( 'NONE', *, *, #5455, .F. ) ;
#7163 = CARTESIAN_POINT ( 'NONE',  ( 78.89665234915595704, -0.06459124882792584288, -4.935408751172074560 ) ) ;
#7164 = ADVANCED_FACE ( 'NONE', ( #5705 ), #2635, .T. ) ;
#7165 = AXIS2_PLACEMENT_3D ( 'NONE', #5374, #5968, #8204 ) ;
#7166 = EDGE_LOOP ( 'NONE', ( #8975, #1502, #7162, #3279 ) ) ;
#7167 = DIRECTION ( 'NONE',  ( -1.000000000000000000, -0.000000000000000000, -0.000000000000000000 ) ) ;
#7168 = CARTESIAN_POINT ( 'NONE',  ( 71.49621622079726535, -1.136863993905387282, 3.863136006094611830 ) ) ;
#7169 = CIRCLE ( 'NONE', #558, 1.000000000000000000 ) ;
#7170 = CARTESIAN_POINT ( 'NONE',  ( 103.0000000000000000, 0.000000000000000000, 0.000000000000000000 ) ) ;
#7171 = AXIS2_PLACEMENT_3D ( 'NONE', #4979, #7766, #1408 ) ;
#7172 = DIRECTION ( 'NONE',  ( 0.000000000000000000, 0.000000000000000000, -1.000000000000000000 ) ) ;
#7173 = ORIENTED_EDGE ( 'NONE', *, *, #6162, .F. ) ;
#7174 = DIRECTION ( 'NONE',  ( 0.000000000000000000, 0.000000000000000000, 1.000000000000000000 ) ) ;
#7175 = CARTESIAN_POINT ( 'NONE',  ( 63.85059813401476703, -0.06404366728010695009, 4.935956332719892536 ) ) ;
#7176 = ORIENTED_EDGE ( 'NONE', *, *, #5637, .F. ) ;
#7177 = TOROIDAL_SURFACE ( 'NONE', #8933, 1.000000000000000000, 1.374999999999994227 ) ;
#7178 = CARTESIAN_POINT ( 'NONE',  ( 93.10122534970069808, -0.9582157396402026794, 4.041784260359796654 ) ) ;
#7179 = FACE_OUTER_BOUND ( 'NONE', #2814, .T. ) ;
#7180 = CARTESIAN_POINT ( 'NONE',  ( 18.97815646957791458, -5.000000000001020517, -1.021438831038973290E-12 ) ) ;
#7181 = ADVANCED_FACE ( 'NONE', ( #2914 ), #7014, .F. ) ;
#7183 = DIRECTION ( 'NONE',  ( 0.000000000000000000, 0.000000000000000000, 1.000000000000000000 ) ) ;
#7182 = CARTESIAN_POINT ( 'NONE',  ( 101.9174658745726987, -0.008042224642539775453, 4.991957775357460214 ) ) ;
#7184 = CARTESIAN_POINT ( 'NONE',  ( 35.62499999999978684, 2.834739505433365550E-13, 5.000000000000283329 ) ) ;
#7185 = DIRECTION ( 'NONE',  ( 0.000000000000000000, 0.000000000000000000, 1.000000000000000000 ) ) ;
#7186 = ORIENTED_EDGE ( 'NONE', *, *, #2523, .F. ) ;
#7187 = CARTESIAN_POINT ( 'NONE',  ( 46.62500000002778222, -5.000000000000000888, -4.336808689942017736E-16 ) ) ;
#7188 = ORIENTED_EDGE ( 'NONE', *, *, #4303, .F. ) ;
#7189 = TOROIDAL_SURFACE ( 'NONE', #8350, 1.000000000000000000, 3.999999999999997335 ) ;
#7190 = CARTESIAN_POINT ( 'NONE',  ( 8.124999999999790390, 2.855127582269921965E-13, 5.000000000000285105 ) ) ;
#7191 = CARTESIAN_POINT ( 'NONE',  ( 70.39842623724028670, -4.567820679626460212, -0.4321793203735402322 ) ) ;
#7192 = FACE_OUTER_BOUND ( 'NONE', #4587, .T. ) ;
#7193 = DIRECTION ( 'NONE',  ( 0.000000000000000000, -1.224646799147353207E-16, 1.000000000000000000 ) ) ;
#7194 = CARTESIAN_POINT ( 'NONE',  ( 24.62500000000000000, 1.224646799147353207E-16, -1.000000000000000000 ) ) ;
#7195 = EDGE_CURVE ( 'NONE', #6801, #5473, #3764, .T. ) ;
#7196 = FACE_OUTER_BOUND ( 'NONE', #2171, .T. ) ;
#7197 = ORIENTED_EDGE ( 'NONE', *, *, #698, .F. ) ;
#7198 = CARTESIAN_POINT ( 'NONE',  ( 85.12500000000000000, 0.000000000000000000, 0.000000000000000000 ) ) ;
#7199 = ORIENTED_EDGE ( 'NONE', *, *, #7151, .T. ) ;
#7200 = ORIENTED_EDGE ( 'NONE', *, *, #6191, .T. ) ;
#7201 = DIRECTION ( 'NONE',  ( 0.000000000000000000, 0.000000000000000000, 1.000000000000000000 ) ) ;
#7202 = EDGE_CURVE ( 'NONE', #4662, #918, #566, .T. ) ;
#7203 = CARTESIAN_POINT ( 'NONE',  ( 115.3749999999999858, 0.000000000000000000, 0.000000000000000000 ) ) ;
#7204 = CARTESIAN_POINT ( 'NONE',  ( 35.62500000000000000, 0.000000000000000000, 0.000000000000000000 ) ) ;
#7205 = CARTESIAN_POINT ( 'NONE',  ( 5.496001162883501934, -3.862796825715729021, 1.137203174284271645 ) ) ;
#7206 = ORIENTED_EDGE ( 'NONE', *, *, #3231, .T. ) ;
#7207 = CARTESIAN_POINT ( 'NONE',  ( 17.35157376276965024, -0.4321793203680422968, -4.567820679631958924 ) ) ;
#7208 = TOROIDAL_SURFACE ( 'NONE', #1648, 1.000000000000000000, 3.999999999999996447 ) ;
#7209 = EDGE_LOOP ( 'NONE', ( #7718, #1067, #4503 ) ) ;
#7210 = CARTESIAN_POINT ( 'NONE',  ( 6.750000000000000000, 0.000000000000000000, 0.000000000000000000 ) ) ;
#7211 = DIRECTION ( 'NONE',  ( 0.000000000000000000, 0.000000000000000000, 1.000000000000000000 ) ) ;
#7212 = DIRECTION ( 'NONE',  ( -0.000000000000000000, 1.000000000000000000, 1.224646799147353207E-16 ) ) ;
#7213 = VERTEX_POINT ( 'NONE', #3818 ) ;
#7214 = DIRECTION ( 'NONE',  ( 0.000000000000000000, -1.000000000000000000, 0.000000000000000000 ) ) ;
#7215 = CARTESIAN_POINT ( 'NONE',  ( 71.37500000000000000, -1.328041165545675195, -3.671958834454324805 ) ) ;
#7216 = ORIENTED_EDGE ( 'NONE', *, *, #3094, .F. ) ;
#7217 = CARTESIAN_POINT ( 'NONE',  ( 89.89665234915595704, -0.06459124882792310895, -4.935408751172076336 ) ) ;
#7218 = CARTESIAN_POINT ( 'NONE',  ( 79.47815646957802471, -5.000000000001023182, 1.024295661411825232E-12 ) ) ;
#7219 = DIRECTION ( 'NONE',  ( -1.000000000000000000, -0.000000000000000000, -0.000000000000000000 ) ) ;
#7220 = CARTESIAN_POINT ( 'NONE',  ( 87.87500000000000000, 0.000000000000000000, 0.000000000000000000 ) ) ;
#7222 = DIRECTION ( 'NONE',  ( -1.000000000000000000, -0.000000000000000000, -0.000000000000000000 ) ) ;
#7221 = CARTESIAN_POINT ( 'NONE',  ( 10.87500000000000000, -3.671958834454336351, -1.328041165545663649 ) ) ;
#7223 = TOROIDAL_SURFACE ( 'NONE', #1372, 0.6790153017205606822, 4.320984698279439762 ) ;
#7224 = CARTESIAN_POINT ( 'NONE',  ( 0.000000000000000000, 0.000000000000000000, 0.000000000000000000 ) ) ;
#7225 = CARTESIAN_POINT ( 'NONE',  ( 61.74999999999999289, 0.000000000000000000, 0.000000000000000000 ) ) ;
#7226 = EDGE_LOOP ( 'NONE', ( #6530, #5080, #8734, #313 ) ) ;
#7227 = CARTESIAN_POINT ( 'NONE',  ( 90.33253412545242611, -4.991957775359346705, -0.008042224640653706028 ) ) ;
#7228 = ADVANCED_FACE ( 'NONE', ( #6616 ), #4237, .F. ) ;
#7229 = ORIENTED_EDGE ( 'NONE', *, *, #362, .T. ) ;
#7230 = CARTESIAN_POINT ( 'NONE',  ( 99.73827242307174856, -0.4974474678478734146, -4.502552532152127363 ) ) ;
#7231 = CIRCLE ( 'NONE', #940, 1.000000000000000000 ) ;
#7232 = CARTESIAN_POINT ( 'NONE',  ( 6.979538062590801673, -0.1676550930109051707, -4.832344906989095357 ) ) ;
#7233 = CARTESIAN_POINT ( 'NONE',  ( 61.59032131224198992, -0.3138588207986873768, 4.686141179201313456 ) ) ;
#7234 = DIRECTION ( 'NONE',  ( 0.000000000000000000, 0.000000000000000000, -1.000000000000000000 ) ) ;
#7235 = FACE_OUTER_BOUND ( 'NONE', #7421, .T. ) ;
#7236 = CARTESIAN_POINT ( 'NONE',  ( 104.9227712695847288, -0.7176137099602932778, -4.282386290039707610 ) ) ;
#7237 = AXIS2_PLACEMENT_3D ( 'NONE', #6469, #1553, #868 ) ;
#7238 = AXIS2_PLACEMENT_3D ( 'NONE', #3152, #2518, #1823 ) ;
#7239 = CARTESIAN_POINT ( 'NONE',  ( 21.87500000000000000, 0.000000000000000000, 0.000000000000000000 ) ) ;
#7240 = ORIENTED_EDGE ( 'NONE', *, *, #5266, .T. ) ;
#7241 = ADVANCED_FACE ( 'NONE', ( #8396 ), #6717, .T. ) ;
#7242 = DIRECTION ( 'NONE',  ( 0.000000000000000000, -1.000000000000000000, 0.000000000000000000 ) ) ;
#7243 = CARTESIAN_POINT ( 'NONE',  ( 83.97953806259080523, -0.1676550930109082516, 4.832344906989090916 ) ) ;
#7244 = CARTESIAN_POINT ( 'NONE',  ( 49.25378377920365836, -3.863136006093133901, 1.136863993906865655 ) ) ;
#7245 = DIRECTION ( 'NONE',  ( 0.000000000000000000, 0.000000000000000000, 1.000000000000000000 ) ) ;
#7246 = B_SPLINE_CURVE_WITH_KNOTS ( 'NONE', 3,
 ( #8518, #960, #5220, #8010, #8655, #870, #4486, #5175, #7964, #7284, #1750, #3673 ),
 .UNSPECIFIED., .F., .F.,
 ( 4, 2, 2, 2, 2, 4 ),
 ( 0.003504634718722881952, 0.003941423334001180334, 0.004378211949279478717, 0.005251789179836074614, 0.006125366410392671379, 0.006998943640949267277 ),
 .UNSPECIFIED. ) ;
#7247 = CARTESIAN_POINT ( 'NONE',  ( 19.12499999999979039, 2.846496320673303707E-13, -5.000000000000284217 ) ) ;
#7248 = AXIS2_PLACEMENT_3D ( 'NONE', #628, #7540, #7041 ) ;
#7249 = ADVANCED_FACE ( 'NONE', ( #2231 ), #5692, .T. ) ;
#7250 = EDGE_CURVE ( 'NONE', #8323, #3916, #862, .T. ) ;
#7251 = VERTEX_POINT ( 'NONE', #5656 ) ;
#7252 = DIRECTION ( 'NONE',  ( -1.000000000000000000, -0.000000000000000000, -0.000000000000000000 ) ) ;
#7253 = DIRECTION ( 'NONE',  ( -1.000000000000000000, -0.000000000000000000, -0.000000000000000000 ) ) ;
#7254 = AXIS2_PLACEMENT_3D ( 'NONE', #14, #7712, #6864 ) ;
#7255 = DIRECTION ( 'NONE',  ( 0.000000000000000000, 0.000000000000000000, 1.000000000000000000 ) ) ;
#7256 = TOROIDAL_SURFACE ( 'NONE', #3319, 1.000000000000000000, 1.374999999999994227 ) ;
#7257 = ORIENTED_EDGE ( 'NONE', *, *, #2787, .F. ) ;
#7258 = CARTESIAN_POINT ( 'NONE',  ( 98.75378377920364414, -3.863136006093112140, -1.136863993906888304 ) ) ;
#7259 = ADVANCED_FACE ( 'NONE', ( #8443 ), #3495, .F. ) ;
#7260 = EDGE_LOOP ( 'NONE', ( #5114, #7678, #2277, #8648 ) ) ;
#7261 = ADVANCED_FACE ( 'NONE', ( #4275 ), #1150, .F. ) ;
#7262 = CARTESIAN_POINT ( 'NONE',  ( 72.75000000000001421, 1.224646799147353207E-16, -1.000000000000000000 ) ) ;
#7263 = EDGE_CURVE ( 'NONE', #7001, #4572, #585, .T. ) ;
#7264 = DIRECTION ( 'NONE',  ( -1.000000000000000000, -0.000000000000000000, -0.000000000000000000 ) ) ;
#7265 = DIRECTION ( 'NONE',  ( 0.000000000000000000, 0.000000000000000000, 1.000000000000000000 ) ) ;
#7266 = CARTESIAN_POINT ( 'NONE',  ( 17.71616362764439145, -4.748219996440561808, 0.2517800035594393582 ) ) ;
#7268 = CARTESIAN_POINT ( 'NONE',  ( 93.37499999999998579, 4.781924292710285690E-16, -3.904737509655557659 ) ) ;
#7267 = CARTESIAN_POINT ( 'NONE',  ( 85.85334765086506081, -4.935408751168084862, -0.06459124883191545707 ) ) ;
#7269 = CARTESIAN_POINT ( 'NONE',  ( 55.42277126958470745, -0.7176137099602826197, -4.282386290039717380 ) ) ;
#7270 = CARTESIAN_POINT ( 'NONE',  ( 57.62499999999999289, 0.000000000000000000, 0.000000000000000000 ) ) ;
#7271 = CIRCLE ( 'NONE', #3196, 3.999999999999996447 ) ;
#7272 = CARTESIAN_POINT ( 'NONE',  ( 41.12500000000000000, 0.000000000000000000, 1.000000000000000000 ) ) ;
#7273 = ORIENTED_EDGE ( 'NONE', *, *, #133, .F. ) ;
#7274 = CARTESIAN_POINT ( 'NONE',  ( 116.7499999999999858, 1.224646799147353207E-16, -1.000000000000000000 ) ) ;
#7275 = ORIENTED_EDGE ( 'NONE', *, *, #4077, .T. ) ;
#7276 = ADVANCED_FACE ( 'NONE', ( #5376 ), #1986, .F. ) ;
#7277 = CARTESIAN_POINT ( 'NONE',  ( 7.828746370642276631, -0.008301598518915685038, 4.991698401481084346 ) ) ;
#7278 = CARTESIAN_POINT ( 'NONE',  ( 10.01172757693692361, -4.502552532146846254, -0.4974474678531555782 ) ) ;
#7279 = AXIS2_PLACEMENT_3D ( 'NONE', #4859, #7648, #5681 ) ;
#7280 = LINE ( 'NONE', #3215, #878 ) ;
#7281 = CARTESIAN_POINT ( 'NONE',  ( 41.12499999999979394, 2.835874531650637844E-13, 5.000000000000283329 ) ) ;
#7282 = AXIS2_PLACEMENT_3D ( 'NONE', #576, #9038, #5570 ) ;
#7283 = CC_DESIGN_APPROVAL ( #703, ( #837 ) ) ;
#7284 = CARTESIAN_POINT ( 'NONE',  ( 38.64877465030178882, -4.041784260362666359, -0.9582157396373348623 ) ) ;
#7285 = CIRCLE ( 'NONE', #6696, 3.904737509655562544 ) ;
#7286 = CARTESIAN_POINT ( 'NONE',  ( 24.62499999999979394, 2.855508749164137931E-13, 5.000000000000285105 ) ) ;
#7287 = CC_DESIGN_SECURITY_CLASSIFICATION ( #4651, ( #8009 ) ) ;
#7288 = CARTESIAN_POINT ( 'NONE',  ( 106.1175979694599647, -0.1278684794971787775, -4.872131520502821722 ) ) ;
#7289 = CARTESIAN_POINT ( 'NONE',  ( 39.75000000000000000, 1.224646799147353207E-16, -1.000000000000000000 ) ) ;
#7290 = EDGE_LOOP ( 'NONE', ( #2305, #3800, #3400 ) ) ;
#7291 = DIRECTION ( 'NONE',  ( -1.000000000000000000, -0.000000000000000000, -0.000000000000000000 ) ) ;
#7292 = CARTESIAN_POINT ( 'NONE',  ( 93.37499999999998579, -3.671958834454324805, 1.328041165545675195 ) ) ;
#7293 = DIRECTION ( 'NONE',  ( 0.000000000000000000, 0.000000000000000000, 1.000000000000000000 ) ) ;
#7294 = AXIS2_PLACEMENT_3D ( 'NONE', #358, #7334, #1062 ) ;
#7295 = DIRECTION ( 'NONE',  ( -1.000000000000000000, -0.000000000000000000, -0.000000000000000000 ) ) ;
#7296 = ORIENTED_EDGE ( 'NONE', *, *, #4396, .T. ) ;
#7297 = CARTESIAN_POINT ( 'NONE',  ( 30.41746587457268802, -0.008042224642535700588, 4.991957775357464655 ) ) ;
#7298 = CARTESIAN_POINT ( 'NONE',  ( 72.71576228220553162, -0.2608011982980544263, 4.739198801701945740 ) ) ;
#7299 = EDGE_CURVE ( 'NONE', #4803, #4866, #1154, .T. ) ;
#7300 = EDGE_LOOP ( 'NONE', ( #2105, #6428, #9061, #5481, #8689, #8990 ) ) ;
#7301 = AXIS2_PLACEMENT_3D ( 'NONE', #2303, #8657, #272 ) ;
#7302 = CARTESIAN_POINT ( 'NONE',  ( 86.65967868777053695, -4.686141179195661088, 0.3138588208043389671 ) ) ;
#7303 = APPLICATION_PROTOCOL_DEFINITION ( 'international standard', 'config_control_design', 1994, #4310 ) ;
#7304 = VERTEX_POINT ( 'NONE', #4684 ) ;
#7305 = CARTESIAN_POINT ( 'NONE',  ( 22.73827242307173790, -0.4974474678478686407, 4.502552532152132692 ) ) ;
#7306 = ORIENTED_EDGE ( 'NONE', *, *, #73, .T. ) ;
#7307 = EDGE_CURVE ( 'NONE', #3394, #119, #692, .T. ) ;
#7308 = CARTESIAN_POINT ( 'NONE',  ( 19.27184353044838616, 8.418025188050047189E-15, 5.000000000000007105 ) ) ;
#7309 = CARTESIAN_POINT ( 'NONE',  ( 71.25399883711747862, -1.137203174285774887, 3.862796825714226667 ) ) ;
#7310 = CARTESIAN_POINT ( 'NONE',  ( 0.000000000000000000, 0.000000000000000000, 0.000000000000000000 ) ) ;
#7311 = DIRECTION ( 'NONE',  ( -1.000000000000000000, -0.000000000000000000, -0.000000000000000000 ) ) ;
#7312 = CIRCLE ( 'NONE', #8043, 3.904737509655568761 ) ;
#7314 = CARTESIAN_POINT ( 'NONE',  ( 110.1473657206397689, -0.9599107665869561767, 4.040089233413043601 ) ) ;
#7313 = CARTESIAN_POINT ( 'NONE',  ( 55.42277126958469324, -0.7176137099602825087, 4.282386290039714716 ) ) ;
#7315 = EDGE_CURVE ( 'NONE', #8141, #1505, #4527, .T. ) ;
#7316 = CARTESIAN_POINT ( 'NONE',  ( 54.87499999999999289, -1.328041165545660540, -3.671958834454339460 ) ) ;
#7317 = CARTESIAN_POINT ( 'NONE',  ( 28.71616362763001007, -4.748219996434647427, -0.2517800035653539048 ) ) ;
#7318 = CARTESIAN_POINT ( 'NONE',  ( 24.62500000000000000, 0.000000000000000000, 0.000000000000000000 ) ) ;
#7319 = ORIENTED_EDGE ( 'NONE', *, *, #5331, .T. ) ;
#7320 = DIRECTION ( 'NONE',  ( 0.000000000000000000, 0.000000000000000000, 1.000000000000000000 ) ) ;
#7321 = AXIS2_PLACEMENT_3D ( 'NONE', #428, #6803, #5199 ) ;
#7322 = VERTEX_POINT ( 'NONE', #1942 ) ;
#7323 = DIRECTION ( 'NONE',  ( -1.000000000000000000, -0.000000000000000000, -0.000000000000000000 ) ) ;
#7324 = CARTESIAN_POINT ( 'NONE',  ( 0.000000000000000000, 1.224646799147353207E-16, -1.000000000000000000 ) ) ;
#7325 = VERTEX_POINT ( 'NONE', #1102 ) ;
#7326 = CARTESIAN_POINT ( 'NONE',  ( 93.64877465030178882, -4.041784260362676129, -0.9582157396373237601 ) ) ;
#7327 = DIRECTION ( 'NONE',  ( -1.000000000000000000, -0.000000000000000000, -0.000000000000000000 ) ) ;
#7328 = FACE_OUTER_BOUND ( 'NONE', #6611, .T. ) ;
#7329 = CARTESIAN_POINT ( 'NONE',  ( 101.6250000000000000, 0.000000000000000000, 0.000000000000000000 ) ) ;
#7330 = VERTEX_POINT ( 'NONE', #3905 ) ;
#7331 = ORIENTED_EDGE ( 'NONE', *, *, #4167, .T. ) ;
#7332 = CARTESIAN_POINT ( 'NONE',  ( 10.60122534970068209, -0.9582157396401925764, -4.041784260359809089 ) ) ;
#7333 = DIRECTION ( 'NONE',  ( 0.000000000000000000, -1.000000000000000000, 0.000000000000000000 ) ) ;
#7334 = DIRECTION ( 'NONE',  ( -1.000000000000000000, -0.000000000000000000, -0.000000000000000000 ) ) ;
#7335 = DIRECTION ( 'NONE',  ( -1.000000000000000000, -0.000000000000000000, -0.000000000000000000 ) ) ;
#7336 = AXIS2_PLACEMENT_3D ( 'NONE', #8407, #2148, #7720 ) ;
#7337 = DIRECTION ( 'NONE',  ( -1.000000000000000000, -0.000000000000000000, -0.000000000000000000 ) ) ;
#7338 = CARTESIAN_POINT ( 'NONE',  ( 15.51172757693693782, -4.502552532146839148, -0.4974474678531607408 ) ) ;
#7339 = ADVANCED_FACE ( 'NONE', ( #6021 ), #271, .T. ) ;
#7340 = EDGE_CURVE ( 'NONE', #3912, #534, #5732, .T. ) ;
#7341 = ORIENTED_EDGE ( 'NONE', *, *, #3150, .F. ) ;
#7342 = CARTESIAN_POINT ( 'NONE',  ( 118.1250000000279670, -5.000000000000000888, -4.336808689942017736E-16 ) ) ;
#7343 = CARTESIAN_POINT ( 'NONE',  ( 30.85334765084385111, -4.935408751172118968, 0.06459124882788312705 ) ) ;
#7344 = EDGE_CURVE ( 'NONE', #8909, #5967, #8905, .T. ) ;
#7345 = AXIS2_PLACEMENT_3D ( 'NONE', #3364, #3561, #63 ) ;
#7346 = ORIENTED_EDGE ( 'NONE', *, *, #8329, .T. ) ;
#7347 = CARTESIAN_POINT ( 'NONE',  ( 105.7500000000000000, 0.000000000000000000, 0.000000000000000000 ) ) ;
#7348 = PERSON_AND_ORGANIZATION ( #6959, #4939 ) ;
#7349 = ORIENTED_EDGE ( 'NONE', *, *, #5047, .F. ) ;
#7350 = CARTESIAN_POINT ( 'NONE',  ( 120.2311995511639822, -0.6335913640930996849, -4.366408635906901203 ) ) ;
#7351 = EDGE_LOOP ( 'NONE', ( #3814, #5722, #2774, #4995 ) ) ;
#7352 = FACE_OUTER_BOUND ( 'NONE', #5597, .T. ) ;
#7353 = CARTESIAN_POINT ( 'NONE',  ( 68.77184353044837906, 6.261585183459006102E-15, 5.000000000000006217 ) ) ;
#7354 = CARTESIAN_POINT ( 'NONE',  ( 41.12500000000000000, 0.000000000000000000, 0.000000000000000000 ) ) ;
#7355 = CARTESIAN_POINT ( 'NONE',  ( 8.850598134014772356, -0.06404366728010654763, 4.935956332719894313 ) ) ;
#7356 = CIRCLE ( 'NONE', #626, 1.000000000000000000 ) ;
#7357 = EDGE_CURVE ( 'NONE', #701, #89, #5407, .T. ) ;
#7359 = DIRECTION ( 'NONE',  ( -1.000000000000000000, -0.000000000000000000, -0.000000000000000000 ) ) ;
#7358 = CARTESIAN_POINT ( 'NONE',  ( 54.99621622079729377, -1.136863993905375514, 3.863136006094625596 ) ) ;
#7360 = CARTESIAN_POINT ( 'NONE',  ( 33.51880044884220666, -4.366408635911658287, 0.6335913640883422682 ) ) ;
#7361 = FACE_OUTER_BOUND ( 'NONE', #1857, .T. ) ;
#7362 = CARTESIAN_POINT ( 'NONE',  ( 118.1249999999999858, 0.000000000000000000, 0.000000000000000000 ) ) ;
#7363 = ORIENTED_EDGE ( 'NONE', *, *, #1180, .F. ) ;
#7364 = DIRECTION ( 'NONE',  ( 0.000000000000000000, 0.000000000000000000, 1.000000000000000000 ) ) ;
#7365 = ORIENTED_EDGE ( 'NONE', *, *, #5455, .T. ) ;
#7366 = EDGE_CURVE ( 'NONE', #1721, #9023, #1132, .T. ) ;
#7367 = CARTESIAN_POINT ( 'NONE',  ( 83.59032131224202544, -0.3138588207986898748, -4.686141179201310791 ) ) ;
#7368 = DIRECTION ( 'NONE',  ( -1.000000000000000000, -0.000000000000000000, -0.000000000000000000 ) ) ;
#7369 = VERTEX_POINT ( 'NONE', #2216 ) ;
#7370 = CARTESIAN_POINT ( 'NONE',  ( 61.02374954628648140, -0.6401341107417615195, 4.359865889258240479 ) ) ;
#7371 = CYLINDRICAL_SURFACE ( 'NONE', #4034, 1.000000000000000000 ) ;
#7372 = CARTESIAN_POINT ( 'NONE',  ( 52.27184353044837195, 8.472341175792729199E-15, -5.000000000000007105 ) ) ;
#7373 = ADVANCED_FACE ( 'NONE', ( #2892 ), #5105, .F. ) ;
#7374 = AXIS2_PLACEMENT_3D ( 'NONE', #2615, #3256, #3980 ) ;
#7375 = EDGE_CURVE ( 'NONE', #4052, #6326, #474, .T. ) ;
#7376 = CARTESIAN_POINT ( 'NONE',  ( 12.25000000000000000, 0.000000000000000000, 0.000000000000000000 ) ) ;
#7377 = EDGE_CURVE ( 'NONE', #7460, #225, #4291, .T. ) ;
#7378 = ORIENTED_EDGE ( 'NONE', *, *, #8217, .F. ) ;
#7379 = EDGE_LOOP ( 'NONE', ( #8497, #2512, #6465, #3040, #8500, #6168 ) ) ;
#7380 = CARTESIAN_POINT ( 'NONE',  ( 76.99621622079729377, -1.136863993905388392, 3.863136006094611385 ) ) ;
#7381 = DIRECTION ( 'NONE',  ( -0.000000000000000000, 1.000000000000000000, 1.224646799147353207E-16 ) ) ;
#7382 = CARTESIAN_POINT ( 'NONE',  ( 107.1249999999997868, 2.818747515117398234E-13, -5.000000000000282441 ) ) ;
#7383 = CARTESIAN_POINT ( 'NONE',  ( 90.62499999999998579, 0.000000000000000000, 1.000000000000000000 ) ) ;
#7384 = TOROIDAL_SURFACE ( 'NONE', #7676, 1.000000000000000000, 3.999999999999997335 ) ;
#7385 = VERTEX_POINT ( 'NONE', #5034 ) ;
#7386 = CARTESIAN_POINT ( 'NONE',  ( 116.0188004488422564, -4.366408635911700031, -0.6335913640883005238 ) ) ;
#7387 = CARTESIAN_POINT ( 'NONE',  ( 8.125000000000000000, 0.000000000000000000, 0.000000000000000000 ) ) ;
#7388 = ORIENTED_EDGE ( 'NONE', *, *, #2521, .F. ) ;
#7389 = CARTESIAN_POINT ( 'NONE',  ( 79.62499999999978684, 2.818747515117398234E-13, -5.000000000000282441 ) ) ;
#7390 =( GEOMETRIC_REPRESENTATION_CONTEXT ( 3 ) GLOBAL_UNCERTAINTY_ASSIGNED_CONTEXT ( ( #416 ) ) GLOBAL_UNIT_ASSIGNED_CONTEXT ( ( #8960, #7713, #1318 ) ) REPRESENTATION_CONTEXT ( 'NONE', 'WORKASPACE' ) );
#7391 = COORDINATED_UNIVERSAL_TIME_OFFSET ( 3, 30, .AHEAD. ) ;
#7392 = ORIENTED_EDGE ( 'NONE', *, *, #6362, .F. ) ;
#7393 = CARTESIAN_POINT ( 'NONE',  ( 98.01172757693696269, -4.502552532146814279, -0.4974474678531852767 ) ) ;
#7394 = ORIENTED_EDGE ( 'NONE', *, *, #4954, .T. ) ;
#7395 = CARTESIAN_POINT ( 'NONE',  ( 76.60263427936259006, -4.040089233410256497, 0.9599107665897450570 ) ) ;
#7396 = LINE ( 'NONE', #3333, #597 ) ;
#7397 = TOROIDAL_SURFACE ( 'NONE', #3894, 1.000000000000000000, 3.999999999999996447 ) ;
#7398 = DIRECTION ( 'NONE',  ( -0.000000000000000000, 1.000000000000000000, 1.224646799147353207E-16 ) ) ;
#7399 = CARTESIAN_POINT ( 'NONE',  ( 8.417465874572689799, -0.008042224642536793464, 4.991957775357461990 ) ) ;
#7401 = DIRECTION ( 'NONE',  ( 0.000000000000000000, 0.000000000000000000, 1.000000000000000000 ) ) ;
#7400 = DIRECTION ( 'NONE',  ( 0.000000000000000000, 0.000000000000000000, -1.000000000000000000 ) ) ;
#7402 = CARTESIAN_POINT ( 'NONE',  ( 34.47821941570027349, -4.840676868225190610, 0.1593231317748085851 ) ) ;
#7403 = AXIS2_PLACEMENT_3D ( 'NONE', #1585, #2238, #4425 ) ;
#7404 = DIRECTION ( 'NONE',  ( -1.000000000000000000, -0.000000000000000000, -0.000000000000000000 ) ) ;
#7405 = ORIENTED_EDGE ( 'NONE', *, *, #6124, .T. ) ;
#7406 = FACE_OUTER_BOUND ( 'NONE', #5242, .T. ) ;
#7407 = AXIS2_PLACEMENT_3D ( 'NONE', #7494, #1871, #8685 ) ;
#7408 = ORIENTED_EDGE ( 'NONE', *, *, #4858, .T. ) ;
#7409 = CARTESIAN_POINT ( 'NONE',  ( 84.97774279211276394, -1.290920563262915012E-14, -4.999999999999986677 ) ) ;
#7410 = DIRECTION ( 'NONE',  ( 0.000000000000000000, 0.000000000000000000, 1.000000000000000000 ) ) ;
#7411 = ORIENTED_EDGE ( 'NONE', *, *, #1932, .T. ) ;
#7412 = EDGE_CURVE ( 'NONE', #7460, #5142, #8466, .T. ) ;
#7413 = CARTESIAN_POINT ( 'NONE',  ( 59.00000000000000000, 0.000000000000000000, 0.000000000000000000 ) ) ;
#7414 = CARTESIAN_POINT ( 'NONE',  ( 76.22625045371994190, -4.359865889253467408, -0.6401341107465334801 ) ) ;
#7415 = AXIS2_PLACEMENT_3D ( 'NONE', #5802, #5058, #3552 ) ;
#7416 = DIRECTION ( 'NONE',  ( -1.000000000000000000, -0.000000000000000000, -0.000000000000000000 ) ) ;
#7417 = EDGE_CURVE ( 'NONE', #2047, #7865, #5415, .T. ) ;
#7418 = AXIS2_PLACEMENT_3D ( 'NONE', #1664, #1525, #2408 ) ;
#7419 = CARTESIAN_POINT ( 'NONE',  ( 51.83253412545226979, -4.991957775359334271, -0.008042224640665977461 ) ) ;
#7420 = DIRECTION ( 'NONE',  ( 0.000000000000000000, 0.000000000000000000, 1.000000000000000000 ) ) ;
#7421 = EDGE_LOOP ( 'NONE', ( #8858, #3424, #8218 ) ) ;
#7422 = CARTESIAN_POINT ( 'NONE',  ( 79.32874637064229262, -0.008301598518918745090, 4.991698401481080793 ) ) ;
#7423 = CARTESIAN_POINT ( 'NONE',  ( 106.3966523491559428, -0.06459124882792550981, 4.935408751172074560 ) ) ;
#7424 = AXIS2_PLACEMENT_3D ( 'NONE', #5121, #7132, #7857 ) ;
#7425 = CARTESIAN_POINT ( 'NONE',  ( 104.3750000000000000, -1.328041165545675195, -3.671958834454324805 ) ) ;
#7426 = EDGE_CURVE ( 'NONE', #7213, #7986, #6275, .T. ) ;
#7427 = DIRECTION ( 'NONE',  ( -1.000000000000000000, -0.000000000000000000, -0.000000000000000000 ) ) ;
#7428 = ORGANIZATION ( 'NAUO-ORG3', 'UNSPECIFIED', 'UNSPECIFIED' ) ;
#7429 = EDGE_CURVE ( 'NONE', #6093, #6774, #9052, .T. ) ;
#7430 = CARTESIAN_POINT ( 'NONE',  ( 44.14736572063976894, -0.9599107665869500705, -4.040089233413050707 ) ) ;
#7431 = EDGE_LOOP ( 'NONE', ( #6373, #966, #6427, #4435 ) ) ;
#7432 = CARTESIAN_POINT ( 'NONE',  ( 115.4960011628835304, -3.862796825715747673, -1.137203174284253882 ) ) ;
#7433 = CARTESIAN_POINT ( 'NONE',  ( 13.03886551654430725, -0.04063066961492745738, 4.959369330385072772 ) ) ;
#7434 = CIRCLE ( 'NONE', #4514, 3.904737509655557215 ) ;
#7435 = ORIENTED_EDGE ( 'NONE', *, *, #5236, .T. ) ;
#7436 = CARTESIAN_POINT ( 'NONE',  ( 85.27225720791398089, -4.999999999998964384, 1.034287579694991371E-12 ) ) ;
#7437 = AXIS2_PLACEMENT_3D ( 'NONE', #7088, #6498, #7765 ) ;
#7438 = CIRCLE ( 'NONE', #4666, 0.9999999999999997780 ) ;
#7439 = COORDINATED_UNIVERSAL_TIME_OFFSET ( 3, 30, .AHEAD. ) ;
#7440 = ORIENTED_EDGE ( 'NONE', *, *, #7426, .F. ) ;
#7441 = CARTESIAN_POINT ( 'NONE',  ( 33.42277126958472167, -0.7176137099602841740, -4.282386290039717380 ) ) ;
#7442 = EDGE_LOOP ( 'NONE', ( #8052, #2101, #1462 ) ) ;
#7443 = CARTESIAN_POINT ( 'NONE',  ( 74.12500000000000000, 0.000000000000000000, 0.000000000000000000 ) ) ;
#7444 = CARTESIAN_POINT ( 'NONE',  ( 75.50000000000000000, 0.000000000000000000, 1.000000000000000000 ) ) ;
#7445 = DIRECTION ( 'NONE',  ( -1.000000000000000000, -0.000000000000000000, -0.000000000000000000 ) ) ;
#7446 = AXIS2_PLACEMENT_3D ( 'NONE', #1886, #4672, #1193 ) ;
#7447 = CARTESIAN_POINT ( 'NONE',  ( 123.6249999999999858, -5.000000000000000888, -4.336808689942017736E-16 ) ) ;
#7448 = CARTESIAN_POINT ( 'NONE',  ( 76.87500000000000000, 4.781924292710292592E-16, -3.904737509655557659 ) ) ;
#7449 = CARTESIAN_POINT ( 'NONE',  ( 57.62499999999978684, 2.873490942237762426E-13, -5.000000000000286882 ) ) ;
#7450 = DIRECTION ( 'NONE',  ( 0.000000000000000000, 0.000000000000000000, 1.000000000000000000 ) ) ;
#7451 = CARTESIAN_POINT ( 'NONE',  ( 108.5342377177942979, -4.739198801701999031, -0.2608011982980000254 ) ) ;
#7452 = ORIENTED_EDGE ( 'NONE', *, *, #5082, .T. ) ;
#7453 = CARTESIAN_POINT ( 'NONE',  ( 76.87500000000000000, -1.328041165545675195, 3.671958834454324805 ) ) ;
#7454 = CIRCLE ( 'NONE', #5699, 5.000000000000000000 ) ;
#7455 = FACE_OUTER_BOUND ( 'NONE', #125, .T. ) ;
#7456 = ORIENTED_EDGE ( 'NONE', *, *, #4942, .F. ) ;
#7457 = DIRECTION ( 'NONE',  ( 0.000000000000000000, 0.000000000000000000, -1.000000000000000000 ) ) ;
#7458 = EDGE_CURVE ( 'NONE', #7675, #5981, #2332, .T. ) ;
#7459 = CARTESIAN_POINT ( 'NONE',  ( 17.35157376276965024, -0.4321793203680406870, 4.567820679631958924 ) ) ;
#7460 = VERTEX_POINT ( 'NONE', #3808 ) ;
#7461 = CARTESIAN_POINT ( 'NONE',  ( 37.00000000000000000, 0.000000000000000000, 0.000000000000000000 ) ) ;
#7462 = CIRCLE ( 'NONE', #728, 1.000000000000000000 ) ;
#7463 = CARTESIAN_POINT ( 'NONE',  ( 76.32722873042057188, -4.282386290035390175, -0.7176137099646094919 ) ) ;
#7464 = CARTESIAN_POINT ( 'NONE',  ( 67.09032131224202544, -0.3138588207986942047, 4.686141179201305462 ) ) ;
#7465 = AXIS2_PLACEMENT_3D ( 'NONE', #2282, #3696, #5071 ) ;
#7466 = CARTESIAN_POINT ( 'NONE',  ( 97.49999999999998579, 0.000000000000000000, 0.000000000000000000 ) ) ;
#7467 = DIRECTION ( 'NONE',  ( -0.000000000000000000, 1.000000000000000000, 1.224646799147353207E-16 ) ) ;
#7468 = CARTESIAN_POINT ( 'NONE',  ( 102.7704619374262620, -4.832344906983752075, 0.1676550930162465924 ) ) ;
#7469 = VERTEX_POINT ( 'NONE', #915 ) ;
#7470 = CARTESIAN_POINT ( 'NONE',  ( 9.533836372369853152, -0.2517800035653016688, -4.748219996434698054 ) ) ;
#7471 = CARTESIAN_POINT ( 'NONE',  ( 41.71113448347799135, -4.959369330381698582, 0.04063066961830182067 ) ) ;
#7472 = CARTESIAN_POINT ( 'NONE',  ( 101.7718435304483791, 6.345970840829211041E-15, -5.000000000000006217 ) ) ;
#7473 = CARTESIAN_POINT ( 'NONE',  ( 150.0000000000000000, -5.000000000000000888, -4.336808689942017736E-16 ) ) ;
#7474 = CARTESIAN_POINT ( 'NONE',  ( 15.03423771780839147, -4.739198801696341334, -0.2608011983036581660 ) ) ;
#7475 = TOROIDAL_SURFACE ( 'NONE', #2077, 1.000000000000000000, 1.374999999999994227 ) ;
#7476 = ADVANCED_FACE ( 'NONE', ( #4442 ), #1607, .F. ) ;
#7477 = ORIENTED_EDGE ( 'NONE', *, *, #5301, .T. ) ;
#7478 = ORIENTED_EDGE ( 'NONE', *, *, #3437, .F. ) ;
#7479 = CARTESIAN_POINT ( 'NONE',  ( 31.53383637236985138, -0.2517800035652997259, 4.748219996434700718 ) ) ;
#7480 = CARTESIAN_POINT ( 'NONE',  ( 13.62499999999979039, 2.854271752256853163E-13, 5.000000000000285105 ) ) ;
#7481 = VERTEX_POINT ( 'NONE', #1556 ) ;
#7482 = CARTESIAN_POINT ( 'NONE',  ( 50.23123519307646490, -4.508466212583658539, 0.4915337874163433485 ) ) ;
#7483 = CALENDAR_DATE ( 2026, 21, 2 ) ;
#7484 = EDGE_LOOP ( 'NONE', ( #5350, #8877, #8107, #5511 ) ) ;
#7485 = CARTESIAN_POINT ( 'NONE',  ( 19.12500000000000000, 0.000000000000000000, 1.000000000000000000 ) ) ;
#7486 = EDGE_LOOP ( 'NONE', ( #1492, #5824, #2691 ) ) ;
#7487 = CARTESIAN_POINT ( 'NONE',  ( 104.3750000000000000, -3.671958834454324805, -1.328041165545675195 ) ) ;
#7488 = EDGE_CURVE ( 'NONE', #1572, #6004, #1442, .T. ) ;
#7489 = CARTESIAN_POINT ( 'NONE',  ( 46.62500000000000000, 0.000000000000000000, 1.000000000000000000 ) ) ;
#7490 = CARTESIAN_POINT ( 'NONE',  ( 2.500000000000000000, 0.000000000000000000, 1.000000000000000000 ) ) ;
#7491 = CARTESIAN_POINT ( 'NONE',  ( 71.64877465030180304, -4.041784260362676129, 0.9582157396373237601 ) ) ;
#7492 = CARTESIAN_POINT ( 'NONE',  ( 30.12500000000000000, 0.000000000000000000, 0.000000000000000000 ) ) ;
#7493 = CARTESIAN_POINT ( 'NONE',  ( 57.62500000002779643, -5.000000000000000888, -4.336808689942017736E-16 ) ) ;
#7494 = CARTESIAN_POINT ( 'NONE',  ( 30.12500000000000000, 1.224646799147353207E-16, -1.000000000000000000 ) ) ;
#7495 = B_SPLINE_CURVE_WITH_KNOTS ( 'NONE', 3,
 ( #5647, #2265, #2180, #4955, #7747, #5046, #7837, #1567, #5185, #1707, #4498, #456, #2446, #4454, #6746, #3229 ),
 .UNSPECIFIED., .F., .F.,
 ( 4, 2, 2, 2, 2, 2, 2, 4 ),
 ( 4.818711198449749176E-07, 0.0008765200830274306239, 0.001314539188981223451, 0.001752558294935016277, 0.002190577400888809537, 0.002628596506842602147, 0.003066615612796394757, 0.003504634718750187800 ),
 .UNSPECIFIED. ) ;
#7496 = DIRECTION ( 'NONE',  ( 1.000000000000000000, 0.000000000000000000, 0.000000000000000000 ) ) ;
#7497 = ORIENTED_EDGE ( 'NONE', *, *, #5724, .T. ) ;
#7498 = CARTESIAN_POINT ( 'NONE',  ( 75.53383637236983361, -0.2517800035653071089, 4.748219996434693613 ) ) ;
#7499 = CARTESIAN_POINT ( 'NONE',  ( 93.37499999999998579, -3.671958834454324805, -1.328041165545675195 ) ) ;
#7500 = ORIENTED_EDGE ( 'NONE', *, *, #1147, .F. ) ;
#7501 = DIRECTION ( 'NONE',  ( -1.000000000000000000, -0.000000000000000000, -0.000000000000000000 ) ) ;
#7502 = CIRCLE ( 'NONE', #6772, 1.375000000000008216 ) ;
#7503 = CARTESIAN_POINT ( 'NONE',  ( 25.35334765086501818, -4.935408751168100849, -0.06459124883190002497 ) ) ;
#7504 = ORIENTED_EDGE ( 'NONE', *, *, #6472, .T. ) ;
#7505 = CARTESIAN_POINT ( 'NONE',  ( 41.12500000000000000, 0.000000000000000000, 0.000000000000000000 ) ) ;
#7506 = CARTESIAN_POINT ( 'NONE',  ( 67.61759796945996470, -0.1278684794971774452, 4.872131520502823498 ) ) ;
#7507 = EDGE_CURVE ( 'NONE', #2565, #2354, #6575, .T. ) ;
#7508 = CARTESIAN_POINT ( 'NONE',  ( 58.77178058431636742, -0.1593231317801505065, -4.840676868219849993 ) ) ;
#7509 = CARTESIAN_POINT ( 'NONE',  ( 51.54368978649817024, -4.960065625086326868, -0.03993437491367422126 ) ) ;
#7510 = ORIENTED_EDGE ( 'NONE', *, *, #3084, .T. ) ;
#7511 = FACE_OUTER_BOUND ( 'NONE', #5693, .T. ) ;
#7512 = DIRECTION ( 'NONE',  ( 0.000000000000000000, -1.000000000000000000, 0.000000000000000000 ) ) ;
#7513 = CARTESIAN_POINT ( 'NONE',  ( 103.0338363723698478, -0.2517800035653070534, -4.748219996434693613 ) ) ;
#7514 = CARTESIAN_POINT ( 'NONE',  ( 49.49621622079728667, -1.136863993905377512, 3.863136006094622488 ) ) ;
#7515 = CIRCLE ( 'NONE', #7661, 1.000000000000000000 ) ;
#7516 = CARTESIAN_POINT ( 'NONE',  ( 13.77225720791389563, -4.999999999998973266, -1.026936957192638673E-12 ) ) ;
#7517 = EDGE_CURVE ( 'NONE', #8638, #7044, #124, .T. ) ;
#7518 = ORIENTED_EDGE ( 'NONE', *, *, #8769, .F. ) ;
#7519 = EDGE_LOOP ( 'NONE', ( #3595, #4646, #5093, #7408 ) ) ;
#7520 = AXIS2_PLACEMENT_3D ( 'NONE', #5710, #6394, #8498 ) ;
#7521 = CARTESIAN_POINT ( 'NONE',  ( 53.50000000000000000, 0.000000000000000000, 0.000000000000000000 ) ) ;
#7522 = EDGE_CURVE ( 'NONE', #9023, #8525, #7246, .T. ) ;
#7523 = FACE_OUTER_BOUND ( 'NONE', #2020, .T. ) ;
#7524 = ORIENTED_EDGE ( 'NONE', *, *, #4902, .F. ) ;
#7525 = CARTESIAN_POINT ( 'NONE',  ( 50.01880044884220666, -4.366408635911658287, 0.6335913640883422682 ) ) ;
#7526 = EDGE_CURVE ( 'NONE', #6072, #6623, #1304, .T. ) ;
#7527 = CONTEXT_DEPENDENT_SHAPE_REPRESENTATION ( #6200, #4531 ) ;
#7528 = ORIENTED_EDGE ( 'NONE', *, *, #1882, .T. ) ;
#7529 = CARTESIAN_POINT ( 'NONE',  ( 6.018800448842219986, -4.366408635911668945, -0.6335913640883304998 ) ) ;
#7530 = ORIENTED_EDGE ( 'NONE', *, *, #8821, .T. ) ;
#7531 = CARTESIAN_POINT ( 'NONE',  ( 107.1250000000000000, -5.000000000000000888, -4.336808689942017736E-16 ) ) ;
#7532 = CARTESIAN_POINT ( 'NONE',  ( 7.396652349155973916, -0.06459124882792101341, 4.935408751172080777 ) ) ;
#7533 = CIRCLE ( 'NONE', #3586, 1.000000000000000000 ) ;
#7534 = CARTESIAN_POINT ( 'NONE',  ( 65.75399883711745019, -1.137203174285769558, -3.862796825714231996 ) ) ;
#7535 = CARTESIAN_POINT ( 'NONE',  ( 10.01876480693204741, -0.4915337874217321490, 4.508466212578269072 ) ) ;
#7536 = DIRECTION ( 'NONE',  ( -1.000000000000000000, -0.000000000000000000, -0.000000000000000000 ) ) ;
#7537 = CARTESIAN_POINT ( 'NONE',  ( 60.37500000000000000, -3.671958834454334575, 1.328041165545665647 ) ) ;
#7538 = CARTESIAN_POINT ( 'NONE',  ( 44.73827242307171304, -0.4974474678478674750, 4.502552532152133580 ) ) ;
#7539 = ADVANCED_FACE ( 'NONE', ( #2255 ), #413, .T. ) ;
#7540 = DIRECTION ( 'NONE',  ( -1.000000000000000000, -0.000000000000000000, -0.000000000000000000 ) ) ;
#7541 = EDGE_LOOP ( 'NONE', ( #7440, #2395, #4574 ) ) ;
#7542 = DIRECTION ( 'NONE',  ( -1.000000000000000000, -0.000000000000000000, -0.000000000000000000 ) ) ;
#7543 = EDGE_CURVE ( 'NONE', #6901, #4981, #5553, .T. ) ;
#7544 = EDGE_CURVE ( 'NONE', #3417, #3208, #1247, .T. ) ;
#7545 = DIRECTION ( 'NONE',  ( -1.000000000000000000, -0.000000000000000000, -0.000000000000000000 ) ) ;
#7546 = VERTEX_POINT ( 'NONE', #350 ) ;
#7547 = TOROIDAL_SURFACE ( 'NONE', #3592, 1.000000000000000000, 4.000000000000000000 ) ;
#7548 = CARTESIAN_POINT ( 'NONE',  ( 112.6250000000000000, 0.000000000000000000, 0.000000000000000000 ) ) ;
#7549 = CARTESIAN_POINT ( 'NONE',  ( 96.12499999999998579, 0.000000000000000000, 0.000000000000000000 ) ) ;
#7550 = VERTEX_POINT ( 'NONE', #8244 ) ;
#7551 = CARTESIAN_POINT ( 'NONE',  ( 90.62499999999977263, 2.821161565220927584E-13, 5.000000000000282441 ) ) ;
#7552 = CARTESIAN_POINT ( 'NONE',  ( 116.2312351930765288, -4.508466212583701171, 0.4915337874162993281 ) ) ;
#7553 = CARTESIAN_POINT ( 'NONE',  ( 60.37500000000000000, -1.328041165545665647, -3.671958834454334575 ) ) ;
#7554 = CIRCLE ( 'NONE', #7407, 4.000000000000001776 ) ;
#7555 = CARTESIAN_POINT ( 'NONE',  ( 109.8749999999999858, -3.671958834454344345, 1.328041165545655877 ) ) ;
#7556 = EDGE_CURVE ( 'NONE', #7073, #4743, #7438, .T. ) ;
#7557 = CIRCLE ( 'NONE', #3604, 1.000000000000000000 ) ;
#7558 = DIRECTION ( 'NONE',  ( -1.000000000000000000, -0.000000000000000000, -0.000000000000000000 ) ) ;
#7559 = CIRCLE ( 'NONE', #2595, 1.374999999999994227 ) ;
#7560 = ORIENTED_EDGE ( 'NONE', *, *, #5484, .F. ) ;
#7561 = CARTESIAN_POINT ( 'NONE',  ( 35.92125362938286770, -4.991698401479166769, 0.008301598520832341108 ) ) ;
#7562 = CARTESIAN_POINT ( 'NONE',  ( 12.21616362764441632, -4.748219996440572466, -0.2517800035594289221 ) ) ;
#7563 = CARTESIAN_POINT ( 'NONE',  ( 32.87500000000000000, 0.000000000000000000, 0.000000000000000000 ) ) ;
#7564 = CARTESIAN_POINT ( 'NONE',  ( 50.59032131224200413, -0.3138588207986880430, 4.686141179201312568 ) ) ;
#7565 = TOROIDAL_SURFACE ( 'NONE', #3914, 1.000000000000000000, 4.000000000000001776 ) ;
#7566 = CARTESIAN_POINT ( 'NONE',  ( 66.52374954628648140, -0.6401341107417656273, -4.359865889258235150 ) ) ;
#7567 = VERTEX_POINT ( 'NONE', #3167 ) ;
#7568 = ORIENTED_EDGE ( 'NONE', *, *, #7299, .T. ) ;
#7569 = CARTESIAN_POINT ( 'NONE',  ( 3.535866453120336761, -0.1248907110864407172, 4.875109288913558991 ) ) ;
#7570 = AXIS2_PLACEMENT_3D ( 'NONE', #7822, #4989, #1417 ) ;
#7571 = DIRECTION ( 'NONE',  ( -1.000000000000000000, -0.000000000000000000, -0.000000000000000000 ) ) ;
#7572 = CIRCLE ( 'NONE', #546, 1.000000000000000000 ) ;
#7573 = LOCAL_TIME ( 19, 56, 48.00000000000000000, #7391 ) ;
#7574 = EDGE_LOOP ( 'NONE', ( #3608, #4889, #181, #3141 ) ) ;
#7575 = CARTESIAN_POINT ( 'NONE',  ( 121.1502776777137314, -4.043148172725537393, -0.9568518272744624964 ) ) ;
#7576 = PERSON_AND_ORGANIZATION ( #4677, #5239 ) ;
#7577 = ORIENTED_EDGE ( 'NONE', *, *, #5696, .F. ) ;
#7578 = CARTESIAN_POINT ( 'NONE',  ( 96.71113448347813346, -4.959369330381671048, -0.04063066961832864643 ) ) ;
#7579 = CARTESIAN_POINT ( 'NONE',  ( 106.9781564695513651, -4.999999999999997335, -3.584855191017011821E-15 ) ) ;
#7580 = AXIS2_PLACEMENT_3D ( 'NONE', #3201, #522, #472 ) ;
#7581 = CARTESIAN_POINT ( 'NONE',  ( 123.3279352953670127, 2.825513682496511817E-15, 5.000000000000003553 ) ) ;
#7582 = CARTESIAN_POINT ( 'NONE',  ( 9.898426237240231629, -4.567820679626491298, 0.4321793203735088684 ) ) ;
#7583 = CARTESIAN_POINT ( 'NONE',  ( 53.27046193742614122, -4.832344906983798261, 0.1676550930162027664 ) ) ;
#7585 = AXIS2_PLACEMENT_3D ( 'NONE', #8873, #3981, #1970 ) ;
#7584 = CARTESIAN_POINT ( 'NONE',  ( 2.500000000000000444, 0.000000000000000000, 0.6790153017205606822 ) ) ;
#7586 = LINE ( 'NONE', #667, #4183 ) ;
#7587 = DIRECTION ( 'NONE',  ( 0.000000000000000000, 0.000000000000000000, 1.000000000000000000 ) ) ;
#7588 = ORIENTED_EDGE ( 'NONE', *, *, #4959, .F. ) ;
#7589 = ADVANCED_FACE ( 'NONE', ( #7328 ), #8179, .T. ) ;
#7590 = CARTESIAN_POINT ( 'NONE',  ( 52.12500000000000000, 0.000000000000000000, 0.000000000000000000 ) ) ;
#7591 = CARTESIAN_POINT ( 'NONE',  ( 74.12499999999978684, 2.818544231345960265E-13, 5.000000000000282441 ) ) ;
#7592 = ORIENTED_EDGE ( 'NONE', *, *, #8292, .T. ) ;
#7594 = LINE ( 'NONE', #8405, #2326 ) ;
#7593 = AXIS2_PLACEMENT_3D ( 'NONE', #7170, #7119, #3646 ) ;
#7595 = CARTESIAN_POINT ( 'NONE',  ( 87.99621622079726535, -1.136863993905369519, 3.863136006094630925 ) ) ;
#7596 = ORIENTED_EDGE ( 'NONE', *, *, #1711, .F. ) ;
#7597 = ADVANCED_FACE ( 'NONE', ( #1055 ), #3851, .F. ) ;
#7598 = CARTESIAN_POINT ( 'NONE',  ( 57.62499999999999289, 0.000000000000000000, 0.000000000000000000 ) ) ;
#7599 = CARTESIAN_POINT ( 'NONE',  ( 76.87500000000000000, 0.000000000000000000, 0.000000000000000000 ) ) ;
#7600 = DIRECTION ( 'NONE',  ( -1.000000000000000000, -0.000000000000000000, -0.000000000000000000 ) ) ;
#7601 = AXIS2_PLACEMENT_3D ( 'NONE', #6891, #608, #7875 ) ;
#7602 = B_SPLINE_CURVE_WITH_KNOTS ( 'NONE', 3,
 ( #6232, #6918, #9013, #4760, #3525, #723, #5499, #7552, #2799, #8930, #6189, #638 ),
 .UNSPECIFIED., .F., .F.,
 ( 4, 2, 2, 2, 2, 4 ),
 ( 0.003504634718722713250, 0.003941423334001034617, 0.004378211949279355551, 0.005251789179835996552, 0.006125366410392638419, 0.006998943640949279420 ),
 .UNSPECIFIED. ) ;
#7603 = AXIS2_PLACEMENT_3D ( 'NONE', #6977, #7745, #4 ) ;
#7604 = FACE_OUTER_BOUND ( 'NONE', #8028, .T. ) ;
#7605 = CIRCLE ( 'NONE', #3662, 3.999999999999997335 ) ;
#7606 = DIRECTION ( 'NONE',  ( -1.000000000000000000, -0.000000000000000000, -0.000000000000000000 ) ) ;
#7607 = CIRCLE ( 'NONE', #2647, 3.904737509655562544 ) ;
#7608 = CARTESIAN_POINT ( 'NONE',  ( 41.12500000002778933, -5.000000000000000888, -4.336808689942017736E-16 ) ) ;
#7609 = DIRECTION ( 'NONE',  ( -0.000000000000000000, 1.000000000000000000, 1.224646799147353207E-16 ) ) ;
#7610 = AXIS2_PLACEMENT_3D ( 'NONE', #5913, #8829, #7457 ) ;
#7611 = ORIENTED_EDGE ( 'NONE', *, *, #8086, .T. ) ;
#7612 = ORIENTED_EDGE ( 'NONE', *, *, #8397, .T. ) ;
#7613 = CARTESIAN_POINT ( 'NONE',  ( 115.9227712695847146, -0.7176137099602809544, 4.282386290039719157 ) ) ;
#7614 = CARTESIAN_POINT ( 'NONE',  ( 22.14877465030178882, -4.041784260362676129, 0.9582157396373237601 ) ) ;
#7615 = ORIENTED_EDGE ( 'NONE', *, *, #653, .F. ) ;
#7616 = CARTESIAN_POINT ( 'NONE',  ( 61.01880044884224930, -4.366408635911696479, -0.6335913640883048537 ) ) ;
#7617 = EDGE_CURVE ( 'NONE', #1595, #7092, #4673, .T. ) ;
#7618 = PERSON_AND_ORGANIZATION ( #7824, #4801 ) ;
#7619 = ORIENTED_EDGE ( 'NONE', *, *, #2119, .F. ) ;
#7620 = CARTESIAN_POINT ( 'NONE',  ( 93.49621622079726535, -1.136863993905387282, 3.863136006094611830 ) ) ;
#7621 = CIRCLE ( 'NONE', #4850, 1.000000000000000000 ) ;
#7622 = EDGE_CURVE ( 'NONE', #8477, #5598, #3217, .T. ) ;
#7623 = CARTESIAN_POINT ( 'NONE',  ( 55.51880044884219956, -4.366408635911660063, 0.6335913640883393816 ) ) ;
#7624 = ADVANCED_FACE ( 'NONE', ( #3305 ), #1901, .F. ) ;
#7625 = CARTESIAN_POINT ( 'NONE',  ( 39.97953806259080523, -0.1676550930109044213, -4.832344906989095357 ) ) ;
#7626 = DIRECTION ( 'NONE',  ( -0.000000000000000000, 1.000000000000000000, 1.224646799147353207E-16 ) ) ;
#7627 = CARTESIAN_POINT ( 'NONE',  ( 38.92277126958472167, -0.7176137099602846181, 4.282386290039716492 ) ) ;
#7628 = CARTESIAN_POINT ( 'NONE',  ( 85.70631021352427581, -0.03993437491703633047, -4.960065625082964225 ) ) ;
#7629 = CARTESIAN_POINT ( 'NONE',  ( 52.12500000000000000, 1.224646799147353207E-16, -1.000000000000000000 ) ) ;
#7630 = AXIS2_PLACEMENT_3D ( 'NONE', #2972, #7808, #4976 ) ;
#7631 = FACE_OUTER_BOUND ( 'NONE', #2707, .T. ) ;
#7632 = EDGE_LOOP ( 'NONE', ( #2852, #3717, #1991, #6583 ) ) ;
#7633 = DIRECTION ( 'NONE',  ( 0.000000000000000000, 0.000000000000000000, 1.000000000000000000 ) ) ;
#7634 = LINE ( 'NONE', #5352, #7874 ) ;
#7635 = ORIENTED_EDGE ( 'NONE', *, *, #7429, .T. ) ;
#7636 = CARTESIAN_POINT ( 'NONE',  ( 21.87500000000000000, -1.328041165545665425, 3.671958834454335019 ) ) ;
#7637 = EDGE_CURVE ( 'NONE', #1209, #4950, #250, .T. ) ;
#7638 = DIRECTION ( 'NONE',  ( 0.000000000000000000, 0.000000000000000000, 1.000000000000000000 ) ) ;
#7639 = VERTEX_POINT ( 'NONE', #8197 ) ;
#7640 = CARTESIAN_POINT ( 'NONE',  ( 0.000000000000000000, -5.000000000000000888, -4.336808689942017736E-16 ) ) ;
#7641 = CARTESIAN_POINT ( 'NONE',  ( 119.4999999999999858, 0.000000000000000000, 1.000000000000000000 ) ) ;
#7642 = DIRECTION ( 'NONE',  ( -1.000000000000000000, -0.000000000000000000, -0.000000000000000000 ) ) ;
#7643 = CARTESIAN_POINT ( 'NONE',  ( 57.91746587457270579, -0.008042224642534800266, -4.991957775357466431 ) ) ;
#7644 = ADVANCED_FACE ( 'NONE', ( #8104 ), #2340, .T. ) ;
#7645 = AXIS2_PLACEMENT_3D ( 'NONE', #3266, #7558, #5418 ) ;
#7646 = ORIENTED_EDGE ( 'NONE', *, *, #5758, .T. ) ;
#7647 = CARTESIAN_POINT ( 'NONE',  ( 122.2499999999999858, 0.000000000000000000, 0.000000000000000000 ) ) ;
#7648 = DIRECTION ( 'NONE',  ( 0.000000000000000000, -1.000000000000000000, 0.000000000000000000 ) ) ;
#7649 = B_SPLINE_CURVE_WITH_KNOTS ( 'NONE', 3,
 ( #8878, #4759, #4670, #3302, #8242, #539, #6917, #2534, #1191, #593, #6149, #1975 ),
 .UNSPECIFIED., .F., .F.,
 ( 4, 2, 2, 2, 2, 4 ),
 ( 0.003504634718722679856, 0.003941423334001001658, 0.004378211949279324326, 0.005251789179835968796, 0.006125366410392612398, 0.006998943640949256868 ),
 .UNSPECIFIED. ) ;
#7650 = CARTESIAN_POINT ( 'NONE',  ( 37.82722873042054346, -4.282386290035432808, 0.7176137099645666373 ) ) ;
#7651 = CARTESIAN_POINT ( 'NONE',  ( 42.13240203055824651, -4.872131520497913648, -0.1278684795020858522 ) ) ;
#7652 = ADVANCED_FACE ( 'NONE', ( #3566 ), #3076, .T. ) ;
#7653 = EDGE_CURVE ( 'NONE', #5237, #7469, #4478, .T. ) ;
#7654 = CARTESIAN_POINT ( 'NONE',  ( 67.47953806259079101, -0.1676550930109082793, -4.832344906989090916 ) ) ;
#7655 = ADVANCED_FACE ( 'NONE', ( #2715 ), #521, .T. ) ;
#7656 = EDGE_CURVE ( 'NONE', #1248, #2718, #6815, .T. ) ;
#7657 = EDGE_LOOP ( 'NONE', ( #7349, #8524, #4225 ) ) ;
#7658 = VERTEX_POINT ( 'NONE', #4853 ) ;
#7659 = CARTESIAN_POINT ( 'NONE',  ( 3.678545946137535161, -0.1639194438105646967, 4.836080556189436663 ) ) ;
#7660 = CARTESIAN_POINT ( 'NONE',  ( 35.62500000000000000, 0.000000000000000000, 0.000000000000000000 ) ) ;
#7661 = AXIS2_PLACEMENT_3D ( 'NONE', #8921, #630, #3342 ) ;
#7662 = CARTESIAN_POINT ( 'NONE',  ( 121.7389075807365231, -4.502910482877268805, -0.4970895171227315834 ) ) ;
#7663 = ORIENTED_EDGE ( 'NONE', *, *, #6860, .F. ) ;
#7664 = CIRCLE ( 'NONE', #2562, 3.999999999999999112 ) ;
#7665 = DIRECTION ( 'NONE',  ( 0.000000000000000000, -1.000000000000000000, 0.000000000000000000 ) ) ;
#7666 = CYLINDRICAL_SURFACE ( 'NONE', #2474, 5.000000000000000000 ) ;
#7667 = CARTESIAN_POINT ( 'NONE',  ( 94.97953806259079101, -0.1676550930109083903, -4.832344906989090028 ) ) ;
#7668 = CARTESIAN_POINT ( 'NONE',  ( 40.11759796945997891, -0.1278684794971739480, 4.872131520502827051 ) ) ;
#7669 = DIRECTION ( 'NONE',  ( 0.000000000000000000, -1.000000000000000000, 0.000000000000000000 ) ) ;
#7670 = DIRECTION ( 'NONE',  ( 0.000000000000000000, -1.224646799147353207E-16, 1.000000000000000000 ) ) ;
#7671 = CARTESIAN_POINT ( 'NONE',  ( 3.535533905932661813, 3.535533905932641829, 132.6250000000000568 ) ) ;
#7672 = ORIENTED_EDGE ( 'NONE', *, *, #7526, .F. ) ;
#7673 = CARTESIAN_POINT ( 'NONE',  ( 43.87500000000000000, -3.671958834454339904, -1.328041165545660318 ) ) ;
#7674 = CARTESIAN_POINT ( 'NONE',  ( 89.25000000000000000, 0.000000000000000000, 1.000000000000000000 ) ) ;
#7675 = VERTEX_POINT ( 'NONE', #3483 ) ;
#7676 = AXIS2_PLACEMENT_3D ( 'NONE', #2346, #8610, #816 ) ;
#7677 = CIRCLE ( 'NONE', #6807, 1.000000000000000000 ) ;
#7678 = ORIENTED_EDGE ( 'NONE', *, *, #3737, .T. ) ;
#7679 = CARTESIAN_POINT ( 'NONE',  ( 103.7262504537199703, -4.359865889253468296, 0.6401341107465335911 ) ) ;
#7680 = CARTESIAN_POINT ( 'NONE',  ( 0.000000000000000000, 1.224646799147353207E-16, -1.000000000000000000 ) ) ;
#7681 = DIRECTION ( 'NONE',  ( -1.000000000000000000, -0.000000000000000000, -0.000000000000000000 ) ) ;
#7682 = CARTESIAN_POINT ( 'NONE',  ( 115.2537837792036726, -3.863136006093129904, 1.136863993906870984 ) ) ;
#7683 = CARTESIAN_POINT ( 'NONE',  ( 60.37500000000000000, 0.000000000000000000, 3.904737509655562544 ) ) ;
#7684 = VECTOR ( 'NONE', #1203, 1000.000000000000000 ) ;
#7685 = ORIENTED_EDGE ( 'NONE', *, *, #8215, .F. ) ;
#7686 = EDGE_CURVE ( 'NONE', #7369, #1327, #2437, .T. ) ;
#7687 = DIRECTION ( 'NONE',  ( -1.000000000000000000, -0.000000000000000000, -0.000000000000000000 ) ) ;
#7688 = CARTESIAN_POINT ( 'NONE',  ( 40.39940186600653504, -4.935956332723922202, 0.06404366727607917198 ) ) ;
#7689 = CARTESIAN_POINT ( 'NONE',  ( 120.6026342793625759, -4.040089233410256497, 0.9599107665897450570 ) ) ;
#7690 = CIRCLE ( 'NONE', #1554, 4.000000000000000000 ) ;
#7691 = B_SPLINE_CURVE_WITH_KNOTS ( 'NONE', 3,
 ( #5526, #8915, #8998, #3429, #8958, #2700, #8269, #2006, #4792, #7583, #5572, #1313, #6907, #624, #6219, #664 ),
 .UNSPECIFIED., .F., .F.,
 ( 4, 2, 2, 2, 2, 2, 2, 4 ),
 ( 4.818711198520267845E-07, 0.0008765200830206076313, 0.001314539188970985980, 0.001752558294921364437, 0.002190577400871742894, 0.002628596506822121134, 0.003066615612772499808, 0.003504634718722878482 ),
 .UNSPECIFIED. ) ;
#7692 = CARTESIAN_POINT ( 'NONE',  ( 15.82722873042056300, -4.282386290035417709, 0.7176137099645829576 ) ) ;
#7693 = CARTESIAN_POINT ( 'NONE',  ( 13.62500000000000000, 0.000000000000000000, 0.000000000000000000 ) ) ;
#7694 = AXIS2_PLACEMENT_3D ( 'NONE', #936, #6533, #5153 ) ;
#7695 = ORIENTED_EDGE ( 'NONE', *, *, #2680, .F. ) ;
#7696 = ORIENTED_EDGE ( 'NONE', *, *, #4389, .F. ) ;
#7697 = VERTEX_POINT ( 'NONE', #7553 ) ;
#7698 = CARTESIAN_POINT ( 'NONE',  ( 4.081559566792507532, -0.3071356251192455256, 4.692864374880755918 ) ) ;
#7699 = EDGE_CURVE ( 'NONE', #8852, #6156, #8129, .T. ) ;
#7700 = CARTESIAN_POINT ( 'NONE',  ( 65.01172757693696269, -4.502552532146817832, -0.4974474678531817795 ) ) ;
#7701 = AXIS2_PLACEMENT_3D ( 'NONE', #1944, #29, #2157 ) ;
#7702 = CIRCLE ( 'NONE', #4923, 1.375000000000001332 ) ;
#7703 = ORIENTED_EDGE ( 'NONE', *, *, #538, .F. ) ;
#7704 = CARTESIAN_POINT ( 'NONE',  ( 93.92277126958470035, -0.7176137099602918346, 4.282386290039708499 ) ) ;
#7705 = CIRCLE ( 'NONE', #2028, 3.999999999999996447 ) ;
#7706 = CYLINDRICAL_SURFACE ( 'NONE', #5233, 4.999999999999999112 ) ;
#7707 = DIRECTION ( 'NONE',  ( 0.000000000000000000, -1.000000000000000000, 0.000000000000000000 ) ) ;
#7708 = CARTESIAN_POINT ( 'NONE',  ( 9.659678687770485439, -4.686141179195687734, 0.3138588208043124883 ) ) ;
#7709 = B_SPLINE_CURVE_WITH_KNOTS ( 'NONE', 3,
 ( #316, #3994, #3132, #2634, #3269, #8891, #6066, #1149, #8841, #8704, #8206, #407 ),
 .UNSPECIFIED., .F., .F.,
 ( 4, 2, 2, 2, 2, 4 ),
 ( 0.003504634718750448876, 0.003941423334025299062, 0.004378211949300149682, 0.005251789179849860462, 0.006125366410399570374, 0.006998943640949281154 ),
 .UNSPECIFIED. ) ;
#7710 = CARTESIAN_POINT ( 'NONE',  ( 35.62500000000000000, 0.000000000000000000, 0.000000000000000000 ) ) ;
#7711 = AXIS2_PLACEMENT_3D ( 'NONE', #66, #2882, #5668 ) ;
#7712 = DIRECTION ( 'NONE',  ( -1.000000000000000000, -0.000000000000000000, -0.000000000000000000 ) ) ;
#7713 =( NAMED_UNIT ( * ) PLANE_ANGLE_UNIT ( ) SI_UNIT ( $, .RADIAN. ) );
#7714 = VERTEX_POINT ( 'NONE', #6271 ) ;
#7715 = CARTESIAN_POINT ( 'NONE',  ( 46.33253412545225558, -4.991957775359336047, -0.008042224640663907936 ) ) ;
#7716 = CARTESIAN_POINT ( 'NONE',  ( 0.000000000000000000, 0.000000000000000000, 0.000000000000000000 ) ) ;
#7717 = DIRECTION ( 'NONE',  ( 0.000000000000000000, 0.000000000000000000, 1.000000000000000000 ) ) ;
#7718 = ORIENTED_EDGE ( 'NONE', *, *, #326, .F. ) ;
#7719 = CARTESIAN_POINT ( 'NONE',  ( 72.01880044884224219, -4.366408635911685820, -0.6335913640883145126 ) ) ;
#7720 = DIRECTION ( 'NONE',  ( 0.000000000000000000, 0.000000000000000000, 1.000000000000000000 ) ) ;
#7721 = CARTESIAN_POINT ( 'NONE',  ( 60.37500000000000000, -3.671958834454334575, -1.328041165545665647 ) ) ;
#7722 = LINE ( 'NONE', #7680, #2063 ) ;
#7724 = DIRECTION ( 'NONE',  ( -1.000000000000000000, -0.000000000000000000, -0.000000000000000000 ) ) ;
#7723 = CARTESIAN_POINT ( 'NONE',  ( 34.24999999999999289, 0.000000000000000000, 1.000000000000000000 ) ) ;
#7725 = TOROIDAL_SURFACE ( 'NONE', #7294, 1.000000000000000000, 3.999999999999997335 ) ;
#7726 = CARTESIAN_POINT ( 'NONE',  ( 52.12500000000000000, 0.000000000000000000, 0.000000000000000000 ) ) ;
#7727 = CARTESIAN_POINT ( 'NONE',  ( 2.500000000000000000, 0.000000000000000000, 0.000000000000000000 ) ) ;
#7728 = TOROIDAL_SURFACE ( 'NONE', #708, 1.000000000000000000, 3.999999999999996447 ) ;
#7729 = AXIS2_PLACEMENT_3D ( 'NONE', #7077, #318, #7038 ) ;
#7730 = ADVANCED_FACE ( 'NONE', ( #6877 ), #6239, .T. ) ;
#7731 = ORIENTED_EDGE ( 'NONE', *, *, #282, .F. ) ;
#7732 = EDGE_CURVE ( 'NONE', #2381, #5911, #6680, .T. ) ;
#7733 = DIRECTION ( 'NONE',  ( -1.000000000000000000, -0.000000000000000000, -0.000000000000000000 ) ) ;
#7734 = CARTESIAN_POINT ( 'NONE',  ( 40.54368978649817734, -4.960065625086326868, 0.03993437491367401310 ) ) ;
#7735 = CARTESIAN_POINT ( 'NONE',  ( 120.2262504537199561, -4.359865889253468296, 0.6401341107465335911 ) ) ;
#7736 = TOROIDAL_SURFACE ( 'NONE', #7022, 1.000000000000000000, 1.374999999999994227 ) ;
#7737 = CARTESIAN_POINT ( 'NONE',  ( 43.22625045371989216, -4.359865889253508264, -0.6401341107464911806 ) ) ;
#7738 = CARTESIAN_POINT ( 'NONE',  ( 108.6596786877578324, -4.686141179201364970, 0.3138588207986346967 ) ) ;
#7739 = ORIENTED_EDGE ( 'NONE', *, *, #1612, .F. ) ;
#7740 = AXIS2_PLACEMENT_3D ( 'NONE', #873, #3625, #2989 ) ;
#7741 = CARTESIAN_POINT ( 'NONE',  ( 69.21113448347813346, -4.959369330381671048, 0.04063066961832866031 ) ) ;
#7742 = EDGE_LOOP ( 'NONE', ( #3752, #488, #1580 ) ) ;
#7743 = CIRCLE ( 'NONE', #2206, 3.904737509655563876 ) ;
#7744 = ORIENTED_EDGE ( 'NONE', *, *, #3449, .F. ) ;
#7745 = DIRECTION ( 'NONE',  ( 0.000000000000000000, -1.000000000000000000, 0.000000000000000000 ) ) ;
#7746 = CARTESIAN_POINT ( 'NONE',  ( 60.10122534970066965, -0.9582157396401950189, 4.041784260359805536 ) ) ;
#7747 = CARTESIAN_POINT ( 'NONE',  ( 50.02374954628649562, -0.6401341107417608534, -4.359865889258239591 ) ) ;
#7748 = AXIS2_PLACEMENT_3D ( 'NONE', #5214, #3260, #6054 ) ;
#7749 = ORIENTED_EDGE ( 'NONE', *, *, #2800, .F. ) ;
#7750 = DIRECTION ( 'NONE',  ( -1.000000000000000000, -0.000000000000000000, -0.000000000000000000 ) ) ;
#7751 = EDGE_CURVE ( 'NONE', #4224, #7109, #2024, .T. ) ;
#7752 = CARTESIAN_POINT ( 'NONE',  ( 57.62500000002779643, -5.000000000000000888, -4.336808689942017736E-16 ) ) ;
#7753 = CARTESIAN_POINT ( 'NONE',  ( 117.3966523491559713, -0.06459124882792310895, -4.935408751172076336 ) ) ;
#7754 = CARTESIAN_POINT ( 'NONE',  ( 73.11759796945997891, -0.1278684794971776117, -4.872131520502822610 ) ) ;
#7755 = CARTESIAN_POINT ( 'NONE',  ( 87.87500000000000000, -3.671958834454344345, 1.328041165545655877 ) ) ;
#7756 =( REPRESENTATION_RELATIONSHIP ('NONE','NONE', #1337, #3161 ) REPRESENTATION_RELATIONSHIP_WITH_TRANSFORMATION ( #4511 )SHAPE_REPRESENTATION_RELATIONSHIP( ) );
#7757 = MECHANICAL_CONTEXT ( 'NONE', #92, 'mechanical' ) ;
#7758 = ORIENTED_EDGE ( 'NONE', *, *, #8208, .T. ) ;
#7759 = DIRECTION ( 'NONE',  ( -0.000000000000000000, 1.000000000000000000, 1.224646799147353207E-16 ) ) ;
#7760 = EDGE_CURVE ( 'NONE', #4047, #2718, #2780, .T. ) ;
#7761 = CARTESIAN_POINT ( 'NONE',  ( 63.27184353044837195, 9.378560550236423774E-15, 5.000000000000008882 ) ) ;
#7762 = ORIENTED_EDGE ( 'NONE', *, *, #1767, .F. ) ;
#7763 = CARTESIAN_POINT ( 'NONE',  ( 89.21576228220553162, -0.2608011982980492083, -4.739198801701950181 ) ) ;
#7764 = CARTESIAN_POINT ( 'NONE',  ( 77.51880044884225640, -4.366408635911688485, -0.6335913640883116260 ) ) ;
#7765 = DIRECTION ( 'NONE',  ( 0.000000000000000000, 0.000000000000000000, 1.000000000000000000 ) ) ;
#7766 = DIRECTION ( 'NONE',  ( -1.000000000000000000, -0.000000000000000000, -0.000000000000000000 ) ) ;
#7768 = CARTESIAN_POINT ( 'NONE',  ( 87.23119955116401059, -0.6335913640930893598, 4.366408635906911861 ) ) ;
#7767 = CARTESIAN_POINT ( 'NONE',  ( 85.12500000000000000, 0.000000000000000000, 1.000000000000000000 ) ) ;
#7769 = TOROIDAL_SURFACE ( 'NONE', #5278, 1.000000000000000000, 3.999999999999996447 ) ;
#7770 = ORIENTED_EDGE ( 'NONE', *, *, #7028, .F. ) ;
#7771 = CARTESIAN_POINT ( 'NONE',  ( 98.87499999999998579, -3.671958834454324805, 1.328041165545675195 ) ) ;
#7772 = CARTESIAN_POINT ( 'NONE',  ( 79.62500000002799538, -5.000000000000000888, -4.336808689942017736E-16 ) ) ;
#7773 = ORIENTED_EDGE ( 'NONE', *, *, #8599, .T. ) ;
#7774 = CARTESIAN_POINT ( 'NONE',  ( 47.63240203055825361, -4.872131520497917201, -0.1278684795020831322 ) ) ;
#7775 = EDGE_LOOP ( 'NONE', ( #6165, #2457, #8168 ) ) ;
#7776 = CARTESIAN_POINT ( 'NONE',  ( 100.8966523491559713, -0.06459124882792474653, -4.935408751172075448 ) ) ;
#7777 = CARTESIAN_POINT ( 'NONE',  ( 0.000000000000000000, 0.000000000000000000, 1.000000000000000000 ) ) ;
#7778 = DIRECTION ( 'NONE',  ( -0.000000000000000000, 1.000000000000000000, 1.224646799147353207E-16 ) ) ;
#7779 = FACE_OUTER_BOUND ( 'NONE', #3786, .T. ) ;
#7780 = EDGE_CURVE ( 'NONE', #2017, #9051, #5211, .T. ) ;
#7781 = CARTESIAN_POINT ( 'NONE',  ( 41.85334765086494002, -4.935408751168116837, -0.06459124883188396837 ) ) ;
#7782 = CARTESIAN_POINT ( 'NONE',  ( 109.9962162207972796, -1.136863993905380177, -3.863136006094618935 ) ) ;
#7783 = ORIENTED_EDGE ( 'NONE', *, *, #5212, .T. ) ;
#7784 = CARTESIAN_POINT ( 'NONE',  ( 68.62500000002798117, -5.000000000000000888, -4.336808689942017736E-16 ) ) ;
#7785 = CIRCLE ( 'NONE', #8810, 4.320984698279439762 ) ;
#7786 = VERTEX_POINT ( 'NONE', #3661 ) ;
#7787 = ORIENTED_EDGE ( 'NONE', *, *, #8016, .F. ) ;
#7788 = DIRECTION ( 'NONE',  ( -1.000000000000000000, -0.000000000000000000, -0.000000000000000000 ) ) ;
#7789 = CARTESIAN_POINT ( 'NONE',  ( 82.92277126958472877, -0.7176137099602881708, 4.282386290039712051 ) ) ;
#7790 = CARTESIAN_POINT ( 'NONE',  ( 6.978219415700309902, -4.840676868225205709, 0.1593231317747939024 ) ) ;
#7791 = VERTEX_POINT ( 'NONE', #6460 ) ;
#7792 = EDGE_CURVE ( 'NONE', #8525, #5922, #7046, .T. ) ;
#7793 = CARTESIAN_POINT ( 'NONE',  ( 46.62500000000000000, 0.000000000000000000, 1.000000000000000000 ) ) ;
#7794 = ADVANCED_FACE ( 'NONE', ( #5167 ), #3022, .F. ) ;
#7795 = CARTESIAN_POINT ( 'NONE',  ( 57.04368978649817734, -4.960065625086329533, 0.03993437491367032161 ) ) ;
#7796 = CARTESIAN_POINT ( 'NONE',  ( 19.12500000002784262, -5.000000000000000888, -4.336808689942017736E-16 ) ) ;
#7797 = EDGE_CURVE ( 'NONE', #225, #5111, #4411, .T. ) ;
#7798 = B_SPLINE_CURVE_WITH_KNOTS ( 'NONE', 3,
 ( #8459, #8507, #7091, #2243, #5022, #7812, #2284, #1591, #905, #3699, #5204, #3795 ),
 .UNSPECIFIED., .F., .F.,
 ( 4, 2, 2, 2, 2, 4 ),
 ( 0.003504634718750216423, 0.003941423334025103038, 0.004378211949299989220, 0.005251789179849763317, 0.006125366410399537415, 0.006998943640949311512 ),
 .UNSPECIFIED. ) ;
#7799 = DIRECTION ( 'NONE',  ( 0.000000000000000000, 0.000000000000000000, 1.000000000000000000 ) ) ;
#7800 = CARTESIAN_POINT ( 'NONE',  ( 78.89940186600668426, -4.935956332723948847, 0.06404366727605195764 ) ) ;
#7801 = PERSON_AND_ORGANIZATION_ROLE ( 'design_owner' ) ;
#7802 = ORIENTED_EDGE ( 'NONE', *, *, #1998, .T. ) ;
#7803 = CIRCLE ( 'NONE', #3864, 4.000000000000001776 ) ;
#7804 = CARTESIAN_POINT ( 'NONE',  ( 46.47815646957785418, -5.000000000001022293, 1.021501723235306922E-12 ) ) ;
#7805 = CARTESIAN_POINT ( 'NONE',  ( 94.75000000000000000, 0.000000000000000000, 0.000000000000000000 ) ) ;
#7806 = ORIENTED_EDGE ( 'NONE', *, *, #4656, .T. ) ;
#7807 = CARTESIAN_POINT ( 'NONE',  ( 112.6250000000000000, 0.000000000000000000, 0.000000000000000000 ) ) ;
#7808 = DIRECTION ( 'NONE',  ( -1.000000000000000000, -0.000000000000000000, -0.000000000000000000 ) ) ;
#7809 = CARTESIAN_POINT ( 'NONE',  ( 104.3750000000000000, -1.328041165545675195, -3.671958834454324805 ) ) ;
#7810 = CARTESIAN_POINT ( 'NONE',  ( 85.12500000002799538, -5.000000000000000888, -4.336808689942017736E-16 ) ) ;
#7812 = CARTESIAN_POINT ( 'NONE',  ( 97.27178058431636032, -0.1593231317801557245, 4.840676868219844664 ) ) ;
#7811 = CARTESIAN_POINT ( 'NONE',  ( 2.500000000000002220, -5.000000000000000888, -4.336808689942017736E-16 ) ) ;
#7813 = EDGE_CURVE ( 'NONE', #1213, #2047, #353, .T. ) ;
#7814 = ORIENTED_EDGE ( 'NONE', *, *, #5360, .T. ) ;
#7815 = CARTESIAN_POINT ( 'NONE',  ( 97.53423771780843765, -4.739198801696314689, 0.2608011983036852000 ) ) ;
#7816 = ADVANCED_FACE ( 'NONE', ( #2336 ), #4045, .T. ) ;
#7817 = EDGE_LOOP ( 'NONE', ( #122, #1306, #4755, #2917 ) ) ;
#7818 = ORIENTED_EDGE ( 'NONE', *, *, #8748, .T. ) ;
#7819 = PRODUCT_RELATED_PRODUCT_CATEGORY ( 'detail', '', ( #1016 ) ) ;
#7820 = CARTESIAN_POINT ( 'NONE',  ( 99.52374954628648140, -0.6401341107417667375, -4.359865889258233373 ) ) ;
#7821 = CARTESIAN_POINT ( 'NONE',  ( 8.853347650864984431, -4.935408751168108843, -0.06459124883189247546 ) ) ;
#7822 = CARTESIAN_POINT ( 'NONE',  ( 35.62500000000000000, 0.000000000000000000, 0.000000000000000000 ) ) ;
#7823 = FACE_OUTER_BOUND ( 'NONE', #4282, .T. ) ;
#7824 = PERSON ( 'NAUO-PER2', 'UNSPECIFIED', 'UNSPECIFIED', ('UNSPECIFIED'), ('UNSPECIFIED'), ('UNSPECIFIED') ) ;
#7825 = DIRECTION ( 'NONE',  ( 0.000000000000000000, -1.000000000000000000, 0.000000000000000000 ) ) ;
#7826 = ADVANCED_FACE ( 'NONE', ( #4433 ), #7113, .F. ) ;
#7827 = CARTESIAN_POINT ( 'NONE',  ( 30.12500000000000000, 1.224646799147353207E-16, -1.000000000000000000 ) ) ;
#7828 = VERTEX_POINT ( 'NONE', #1042 ) ;
#7829 = CIRCLE ( 'NONE', #2729, 3.999999999999997335 ) ;
#7830 = CARTESIAN_POINT ( 'NONE',  ( 105.3515737627696467, -0.4321793203680497908, -4.567820679631950931 ) ) ;
#7831 = TOROIDAL_SURFACE ( 'NONE', #6097, 1.000000000000000000, 3.999999999999999112 ) ;
#7832 = EDGE_LOOP ( 'NONE', ( #48, #5921, #1790, #655 ) ) ;
#7833 = ORIENTED_EDGE ( 'NONE', *, *, #8611, .F. ) ;
#7834 = CARTESIAN_POINT ( 'NONE',  ( 22.14736572063977960, -0.9599107665869537342, -4.040089233413045378 ) ) ;
#7835 = CARTESIAN_POINT ( 'NONE',  ( 80.35334765086506081, -4.935408751168084862, -0.06459124883191545707 ) ) ;
#7836 = CARTESIAN_POINT ( 'NONE',  ( 46.92125362938285349, -4.991698401479171210, 0.008301598520828776251 ) ) ;
#7837 = CARTESIAN_POINT ( 'NONE',  ( 50.35157376276963959, -0.4321793203680425188, -4.567820679631958036 ) ) ;
#7838 = VECTOR ( 'NONE', #4418, 1000.000000000000000 ) ;
#7839 = ORIENTED_EDGE ( 'NONE', *, *, #326, .T. ) ;
#7840 = DIRECTION ( 'NONE',  ( 0.000000000000000000, 0.000000000000000000, 1.000000000000000000 ) ) ;
#7841 = ORIENTED_EDGE ( 'NONE', *, *, #1839, .F. ) ;
#7842 = CARTESIAN_POINT ( 'NONE',  ( 35.62500000000000000, 1.224646799147353207E-16, -1.000000000000000000 ) ) ;
#7843 = CIRCLE ( 'NONE', #4189, 3.904737509655565653 ) ;
#7844 = CARTESIAN_POINT ( 'NONE',  ( 47.20631021352427581, -0.03993437491703295122, -4.960065625082966889 ) ) ;
#7845 = CYLINDRICAL_SURFACE ( 'NONE', #7415, 1.000000000000000000 ) ;
#7846 = PERSON_AND_ORGANIZATION ( #6959, #4939 ) ;
#7847 = VERTEX_POINT ( 'NONE', #2522 ) ;
#7848 = DIRECTION ( 'NONE',  ( 0.000000000000000000, 0.000000000000000000, -1.000000000000000000 ) ) ;
#7849 = CIRCLE ( 'NONE', #4490, 4.000000000000015987 ) ;
#7850 = CARTESIAN_POINT ( 'NONE',  ( 65.87499999999998579, -1.328041165545668756, 3.671958834454331022 ) ) ;
#7851 = ORIENTED_EDGE ( 'NONE', *, *, #6162, .T. ) ;
#7852 = CARTESIAN_POINT ( 'NONE',  ( 19.27225720791384944, -4.999999999998974154, -1.025872942638730540E-12 ) ) ;
#7853 = DIRECTION ( 'NONE',  ( -1.000000000000000000, -0.000000000000000000, -0.000000000000000000 ) ) ;
#7854 = DIRECTION ( 'NONE',  ( 0.000000000000000000, 0.000000000000000000, 1.000000000000000000 ) ) ;
#7855 = AXIS2_PLACEMENT_3D ( 'NONE', #6604, #3125, #4032 ) ;
#7857 = DIRECTION ( 'NONE',  ( 0.000000000000000000, 0.000000000000000000, -1.000000000000000000 ) ) ;
#7856 = CARTESIAN_POINT ( 'NONE',  ( 87.22625045371992769, -4.359865889253476290, -0.6401341107465228220 ) ) ;
#7858 = ORIENTED_EDGE ( 'NONE', *, *, #351, .T. ) ;
#7859 = EDGE_CURVE ( 'NONE', #1787, #7213, #7554, .T. ) ;
#7860 = CARTESIAN_POINT ( 'NONE',  ( 97.65967868777055116, -4.686141179195655759, 0.3138588208043440742 ) ) ;
#7861 =( GEOMETRIC_REPRESENTATION_CONTEXT ( 3 ) GLOBAL_UNCERTAINTY_ASSIGNED_CONTEXT ( ( #3913 ) ) GLOBAL_UNIT_ASSIGNED_CONTEXT ( ( #5804, #1487, #197 ) ) REPRESENTATION_CONTEXT ( 'NONE', 'WORKASPACE' ) );
#7862 = DIRECTION ( 'NONE',  ( -1.000000000000000000, -0.000000000000000000, -0.000000000000000000 ) ) ;
#7863 = EDGE_LOOP ( 'NONE', ( #4139, #5690, #6071 ) ) ;
#7864 = DIRECTION ( 'NONE',  ( -1.000000000000000000, -0.000000000000000000, -0.000000000000000000 ) ) ;
#7865 = VERTEX_POINT ( 'NONE', #527 ) ;
#7866 = EDGE_CURVE ( 'NONE', #2718, #6894, #2347, .T. ) ;
#7867 = CARTESIAN_POINT ( 'NONE',  ( 49.10122534970070518, -0.9582157396401950189, 4.041784260359805536 ) ) ;
#7868 = CARTESIAN_POINT ( 'NONE',  ( 8.124999999999790390, 2.845937283064018932E-13, -5.000000000000284217 ) ) ;
#7869 = CARTESIAN_POINT ( 'NONE',  ( 35.04368978649817024, -4.960065625086326868, -0.03993437491367422126 ) ) ;
#7870 = AXIS2_PLACEMENT_3D ( 'NONE', #3652, #5158, #4974 ) ;
#7871 = CARTESIAN_POINT ( 'NONE',  ( 10.87500000000000000, -1.328041165545663649, 3.671958834454336795 ) ) ;
#7872 = CARTESIAN_POINT ( 'NONE',  ( 93.64877465030178882, -4.041784260362676129, 0.9582157396373237601 ) ) ;
#7873 = AXIS2_PLACEMENT_3D ( 'NONE', #333, #6716, #6805 ) ;
#7874 = VECTOR ( 'NONE', #7545, 1000.000000000000000 ) ;
#7875 = DIRECTION ( 'NONE',  ( 0.000000000000000000, 0.000000000000000000, 1.000000000000000000 ) ) ;
#7876 = ORIENTED_EDGE ( 'NONE', *, *, #3853, .T. ) ;
#7877 = CARTESIAN_POINT ( 'NONE',  ( 44.14877465030178172, -4.041784260362668135, 0.9582157396373340852 ) ) ;
#7878 = AXIS2_PLACEMENT_3D ( 'NONE', #1800, #2542, #8250 ) ;
#7879 = ORIENTED_EDGE ( 'NONE', *, *, #5010, .F. ) ;
#7880 = EDGE_LOOP ( 'NONE', ( #4777, #6913, #7411, #7588 ) ) ;
#7881 = CARTESIAN_POINT ( 'NONE',  ( 22.52374954628649917, -0.6401341107417616305, -4.359865889258239591 ) ) ;
#7882 = CARTESIAN_POINT ( 'NONE',  ( 83.23827242307173435, -0.4974474678478695289, 4.502552532152130027 ) ) ;
#7883 = DIRECTION ( 'NONE',  ( -0.000000000000000000, 1.000000000000000000, 1.224646799147353207E-16 ) ) ;
#7884 = CARTESIAN_POINT ( 'NONE',  ( 16.10122534970068031, -0.9582157396401931315, -4.041784260359807313 ) ) ;
#7885 = ORIENTED_EDGE ( 'NONE', *, *, #6299, .F. ) ;
#7886 = CARTESIAN_POINT ( 'NONE',  ( 77.73827242307174856, -0.4974474678478745249, -4.502552532152126474 ) ) ;
#7887 = TOROIDAL_SURFACE ( 'NONE', #2927, 0.9999999999999831246, 4.000000000000015987 ) ;
#7888 = ORIENTED_EDGE ( 'NONE', *, *, #8422, .F. ) ;
#7889 = AXIS2_PLACEMENT_3D ( 'NONE', #6488, #5849, #5890 ) ;
#7890 = CARTESIAN_POINT ( 'NONE',  ( 104.3750000000000000, 0.000000000000000000, 0.000000000000000000 ) ) ;
#7891 = DIRECTION ( 'NONE',  ( -1.000000000000000000, -0.000000000000000000, -0.000000000000000000 ) ) ;
#7892 = TOROIDAL_SURFACE ( 'NONE', #7465, 1.000000000000000000, 3.999999999999997335 ) ;
#7893 = ADVANCED_FACE ( 'NONE', ( #5207 ), #4612, .F. ) ;
#7894 = DIRECTION ( 'NONE',  ( 0.000000000000000000, 0.000000000000000000, 1.000000000000000000 ) ) ;
#7895 = ADVANCED_FACE ( 'NONE', ( #4659 ), #5999, .F. ) ;
#7896 = CARTESIAN_POINT ( 'NONE',  ( -3.535533905932743970, -3.535533905932863874, 132.6250000000000000 ) ) ;
#7897 = ORIENTED_EDGE ( 'NONE', *, *, #3407, .T. ) ;
#7898 = CARTESIAN_POINT ( 'NONE',  ( 41.12500000000000000, 0.000000000000000000, 1.000000000000000000 ) ) ;
#7899 = CARTESIAN_POINT ( 'NONE',  ( 27.64736572063977249, -0.9599107665869504036, 4.040089233413048042 ) ) ;
#7900 = ORIENTED_EDGE ( 'NONE', *, *, #2959, .T. ) ;
#7901 = EDGE_CURVE ( 'NONE', #7847, #5642, #1906, .T. ) ;
#7902 = DIRECTION ( 'NONE',  ( 0.000000000000000000, -1.224646799147353207E-16, 1.000000000000000000 ) ) ;
#7903 = DIRECTION ( 'NONE',  ( 0.000000000000000000, 0.000000000000000000, 1.000000000000000000 ) ) ;
#7904 = CARTESIAN_POINT ( 'NONE',  ( 101.6250000000000000, 0.000000000000000000, 0.000000000000000000 ) ) ;
#7905 = CARTESIAN_POINT ( 'NONE',  ( 73.97815646957803892, -5.000000000001025846, -1.024879796508075479E-12 ) ) ;
#7907 = CARTESIAN_POINT ( 'NONE',  ( 119.4999999999999858, 1.224646799147353207E-16, -1.000000000000000000 ) ) ;
#7906 = DIRECTION ( 'NONE',  ( 0.000000000000000000, 0.000000000000000000, 1.000000000000000000 ) ) ;
#7908 = CARTESIAN_POINT ( 'NONE',  ( 96.85334765086508924, -4.935408751168083974, 0.06459124883191601219 ) ) ;
#7909 = DIRECTION ( 'NONE',  ( 0.000000000000000000, 0.000000000000000000, -1.000000000000000000 ) ) ;
#7910 = ORIENTED_EDGE ( 'NONE', *, *, #5355, .F. ) ;
#7911 = CARTESIAN_POINT ( 'NONE',  ( 99.42277126958472877, -0.7176137099602918346, 4.282386290039708499 ) ) ;
#7912 = B_SPLINE_CURVE_WITH_KNOTS ( 'NONE', 3,
 ( #6449, #8542, #7000, #2236, #4372, #108, #2100, #898, #156, #714, #2969, #5063, #7083, #794 ),
 .UNSPECIFIED., .F., .F.,
 ( 4, 2, 2, 2, 2, 2, 4 ),
 ( 4.818711198493018795E-07, 0.0008763243365552669936, 0.001314245569272989118, 0.001752166801990711134, 0.002190088034708432933, 0.002628009267426155166, 0.003503851732861638230 ),
 .UNSPECIFIED. ) ;
#7913 = ORIENTED_EDGE ( 'NONE', *, *, #8532, .T. ) ;
#7914 = ADVANCED_FACE ( 'NONE', ( #4710 ), #1261, .T. ) ;
#7915 = CIRCLE ( 'NONE', #6026, 4.000000000000001776 ) ;
#7916 = CARTESIAN_POINT ( 'NONE',  ( 99.42277126958472877, -0.7176137099602921676, -4.282386290039709387 ) ) ;
#7917 = CARTESIAN_POINT ( 'NONE',  ( 10.87500000000000000, 0.000000000000000000, 0.000000000000000000 ) ) ;
#7918 = CARTESIAN_POINT ( 'NONE',  ( 61.35157376276963248, -0.4321793203680413531, 4.567820679631958924 ) ) ;
#7919 = DIRECTION ( 'NONE',  ( 0.000000000000000000, 0.000000000000000000, 1.000000000000000000 ) ) ;
#7920 = CARTESIAN_POINT ( 'NONE',  ( 93.49600116288350193, -3.862796825715729021, 1.137203174284272089 ) ) ;
#7921 = EDGE_CURVE ( 'NONE', #4067, #2565, #9015, .T. ) ;
#7922 = B_SPLINE_CURVE_WITH_KNOTS ( 'NONE', 3,
 ( #6558, #2388, #176, #7963, #5877, #1646, #4441, #129, #8654, #2891, #5781, #8471 ),
 .UNSPECIFIED., .F., .F.,
 ( 4, 2, 2, 2, 2, 4 ),
 ( 0.003504634718722888023, 0.003941423334001187273, 0.004378211949279485656, 0.005251789179836085023, 0.006125366410392682655, 0.006998943640949281154 ),
 .UNSPECIFIED. ) ;
#7923 = EDGE_CURVE ( 'NONE', #6870, #8019, #8714, .T. ) ;
#7924 = CARTESIAN_POINT ( 'NONE',  ( 24.91746587457269513, -0.008042224642536959997, 4.991957775357462879 ) ) ;
#7925 = VERTEX_POINT ( 'NONE', #384 ) ;
#7926 = VERTEX_POINT ( 'NONE', #2611 ) ;
#7927 = EDGE_LOOP ( 'NONE', ( #2528, #6333, #808 ) ) ;
#7928 = CARTESIAN_POINT ( 'NONE',  ( 26.73119955116402124, -0.6335913640930922464, -4.366408635906907421 ) ) ;
#7929 = CARTESIAN_POINT ( 'NONE',  ( 91.21113448347814767, -4.959369330381671048, 0.04063066961832866031 ) ) ;
#7930 = DIRECTION ( 'NONE',  ( 0.000000000000000000, -1.224646799147353207E-16, 1.000000000000000000 ) ) ;
#7931 = ADVANCED_FACE ( 'NONE', ( #7361 ), #5800, .T. ) ;
#7932 = CARTESIAN_POINT ( 'NONE',  ( 118.8533476508650608, -4.935408751168083086, -0.06459124883191602606 ) ) ;
#7933 = ADVANCED_FACE ( 'NONE', ( #1922 ), #2703, .F. ) ;
#7934 = EDGE_CURVE ( 'NONE', #2592, #2979, #5053, .T. ) ;
#7935 = VERTEX_POINT ( 'NONE', #2660 ) ;
#7936 = CARTESIAN_POINT ( 'NONE',  ( 18.11759796945997891, -0.1278684794971733929, -4.872131520502827939 ) ) ;
#7937 = AXIS2_PLACEMENT_3D ( 'NONE', #2029, #7687, #8974 ) ;
#7938 = ORIENTED_EDGE ( 'NONE', *, *, #7377, .T. ) ;
#7939 = CARTESIAN_POINT ( 'NONE',  ( 35.77184353044837906, 8.472341175792729199E-15, -5.000000000000007105 ) ) ;
#7940 = FACE_OUTER_BOUND ( 'NONE', #7351, .T. ) ;
#7941 = CARTESIAN_POINT ( 'NONE',  ( 107.1249999999997868, 2.818747515117398234E-13, -5.000000000000282441 ) ) ;
#7942 = EDGE_CURVE ( 'NONE', #4981, #7786, #6105, .T. ) ;
#7943 = DATE_TIME_ROLE ( 'creation_date' ) ;
#7944 = EDGE_LOOP ( 'NONE', ( #6581, #467, #4937, #5797 ) ) ;
#7945 = CARTESIAN_POINT ( 'NONE',  ( 120.6012253497006554, -0.9582157396402022353, -4.041784260359796654 ) ) ;
#7946 = ORIENTED_EDGE ( 'NONE', *, *, #7250, .T. ) ;
#7947 = CYLINDRICAL_SURFACE ( 'NONE', #2590, 1.000000000000000000 ) ;
#7948 = FACE_OUTER_BOUND ( 'NONE', #8968, .T. ) ;
#7949 = CARTESIAN_POINT ( 'NONE',  ( 6.750000000000000000, 0.000000000000000000, 0.000000000000000000 ) ) ;
#7950 = CARTESIAN_POINT ( 'NONE',  ( 98.87499999999998579, -3.671958834454324805, -1.328041165545675195 ) ) ;
#7952 = CARTESIAN_POINT ( 'NONE',  ( 30.12500000000000000, 0.000000000000000000, 0.000000000000000000 ) ) ;
#7951 = CARTESIAN_POINT ( 'NONE',  ( 39.75000000000000000, 0.000000000000000000, 0.000000000000000000 ) ) ;
#7953 = TOROIDAL_SURFACE ( 'NONE', #6215, 1.000000000000000000, 1.375000000000001332 ) ;
#7954 = CARTESIAN_POINT ( 'NONE',  ( 96.27225720791400931, -4.999999999998967048, 1.033198930599532176E-12 ) ) ;
#7955 = DIRECTION ( 'NONE',  ( 0.000000000000000000, -1.000000000000000000, 0.000000000000000000 ) ) ;
#7956 = ORIENTED_EDGE ( 'NONE', *, *, #7087, .T. ) ;
#7957 = LINE ( 'NONE', #6598, #2845 ) ;
#7958 = VERTEX_POINT ( 'NONE', #3511 ) ;
#7959 = CARTESIAN_POINT ( 'NONE',  ( 54.23119955116401769, -0.6335913640930941337, 4.366408635906906532 ) ) ;
#7960 = AXIS2_PLACEMENT_3D ( 'NONE', #7485, #2601, #6902 ) ;
#7961 = CARTESIAN_POINT ( 'NONE',  ( 10.60263427936257763, -4.040089233410279590, -0.9599107665897204100 ) ) ;
#7962 = CARTESIAN_POINT ( 'NONE',  ( 63.12500000002798117, -5.000000000000000888, -4.336808689942017736E-16 ) ) ;
#7963 = CARTESIAN_POINT ( 'NONE',  ( 57.04368978649814892, -4.960065625086326868, -0.03993437491367053671 ) ) ;
#7964 = CARTESIAN_POINT ( 'NONE',  ( 39.01880044884221377, -4.366408635911658287, -0.6335913640883422682 ) ) ;
#7965 = DIRECTION ( 'NONE',  ( -0.000000000000000000, 1.000000000000000000, 1.224646799147353207E-16 ) ) ;
#7966 = ADVANCED_FACE ( 'NONE', ( #3431 ), #817, .T. ) ;
#7967 = CARTESIAN_POINT ( 'NONE',  ( 106.3966523491559428, -0.06459124882792584288, -4.935408751172074560 ) ) ;
#7968 = TOROIDAL_SURFACE ( 'NONE', #60, 1.000000000000000000, 1.500000000000000000 ) ;
#7969 = EDGE_LOOP ( 'NONE', ( #5039, #157, #1187, #5453, #6997, #6007 ) ) ;
#7970 = ORIENTED_EDGE ( 'NONE', *, *, #8879, .T. ) ;
#7971 = CARTESIAN_POINT ( 'NONE',  ( 25.20631021352427581, -0.03993437491703504677, -4.960065625082965113 ) ) ;
#7972 = CARTESIAN_POINT ( 'NONE',  ( 82.49621622079727956, -1.136863993905379955, 3.863136006094618935 ) ) ;
#7973 = CARTESIAN_POINT ( 'NONE',  ( 24.62500000000000000, 0.000000000000000000, 0.000000000000000000 ) ) ;
#7974 = EDGE_CURVE ( 'NONE', #1319, #1209, #5065, .T. ) ;
#7975 = CARTESIAN_POINT ( 'NONE',  ( 35.62500000000000000, 0.000000000000000000, 0.000000000000000000 ) ) ;
#7976 = CARTESIAN_POINT ( 'NONE',  ( 78.21576228220553162, -0.2608011982980558141, -4.739198801701944852 ) ) ;
#7977 = AXIS2_PLACEMENT_3D ( 'NONE', #5721, #5821, #300 ) ;
#7978 = EDGE_CURVE ( 'NONE', #2362, #8126, #2146, .T. ) ;
#7979 = EDGE_LOOP ( 'NONE', ( #5095, #1559, #3092 ) ) ;
#7980 = CARTESIAN_POINT ( 'NONE',  ( 54.87499999999999289, -3.671958834454339460, 1.328041165545660540 ) ) ;
#7981 = CARTESIAN_POINT ( 'NONE',  ( 46.77184353044837195, 1.083175145036958279E-14, -5.000000000000012434 ) ) ;
#7982 = AXIS2_PLACEMENT_3D ( 'NONE', #4383, #6595, #3700 ) ;
#7983 = CARTESIAN_POINT ( 'NONE',  ( 49.37500000000000000, 0.000000000000000000, 0.000000000000000000 ) ) ;
#7984 = AXIS2_PLACEMENT_3D ( 'NONE', #7443, #6037, #2513 ) ;
#7985 = PERSON_AND_ORGANIZATION ( #6959, #4939 ) ;
#7986 = VERTEX_POINT ( 'NONE', #9044 ) ;
#7987 = FACE_OUTER_BOUND ( 'NONE', #3435, .T. ) ;
#7988 = ORIENTED_EDGE ( 'NONE', *, *, #3094, .T. ) ;
#7989 = AXIS2_PLACEMENT_3D ( 'NONE', #5564, #8219, #6847 ) ;
#7990 = CARTESIAN_POINT ( 'NONE',  ( 75.65967868777053695, -4.686141179195655759, 0.3138588208043440742 ) ) ;
#7991 = DIRECTION ( 'NONE',  ( -0.000000000000000000, 0.7071067811865475727, 0.7071067811865475727 ) ) ;
#7992 = DIRECTION ( 'NONE',  ( 0.000000000000000000, 0.000000000000000000, 1.000000000000000000 ) ) ;
#7993 = CARTESIAN_POINT ( 'NONE',  ( 16.49600116288350193, -3.862796825715730353, 1.137203174284271645 ) ) ;
#7995 = CARTESIAN_POINT ( 'NONE',  ( 79.77184353044840748, 5.501196648100931109E-15, 5.000000000000007105 ) ) ;
#7994 = CARTESIAN_POINT ( 'NONE',  ( 69.99999999999998579, 0.000000000000000000, 0.000000000000000000 ) ) ;
#7996 = CARTESIAN_POINT ( 'NONE',  ( 21.87500000000000000, -3.671958834454335019, 1.328041165545665203 ) ) ;
#7997 = CARTESIAN_POINT ( 'NONE',  ( 0.000000000000000000, 0.000000000000000000, 0.000000000000000000 ) ) ;
#7998 = CIRCLE ( 'NONE', #7418, 3.904737509655557215 ) ;
#7999 = CARTESIAN_POINT ( 'NONE',  ( 41.12500000000000000, 0.000000000000000000, 0.000000000000000000 ) ) ;
#8000 = ORIENTED_EDGE ( 'NONE', *, *, #3184, .T. ) ;
#8001 = CARTESIAN_POINT ( 'NONE',  ( 100.0903213122420397, -0.3138588207986941492, 4.686141179201305462 ) ) ;
#8002 = ORIENTED_EDGE ( 'NONE', *, *, #8565, .T. ) ;
#8003 = CARTESIAN_POINT ( 'NONE',  ( 82.37499999999998579, -1.328041165545655877, -3.671958834454344345 ) ) ;
#8004 = CYLINDRICAL_SURFACE ( 'NONE', #5162, 1.000000000000000000 ) ;
#8005 = ORIENTED_EDGE ( 'NONE', *, *, #8769, .T. ) ;
#8006 = CARTESIAN_POINT ( 'NONE',  ( 61.23827242307174146, -0.4974474678478686407, 4.502552532152131803 ) ) ;
#8007 = CARTESIAN_POINT ( 'NONE',  ( 41.27184353044837195, 8.297958267776750116E-15, 5.000000000000007105 ) ) ;
#8008 = AXIS2_PLACEMENT_3D ( 'NONE', #6252, #6344, #2863 ) ;
#8009 = PRODUCT_DEFINITION_FORMATION_WITH_SPECIFIED_SOURCE ( 'ANY', '', #1016, .NOT_KNOWN. ) ;
#8010 = CARTESIAN_POINT ( 'NONE',  ( 40.54368978649817734, -4.960065625086326868, -0.03993437491367411718 ) ) ;
#8011 = EDGE_CURVE ( 'NONE', #1032, #8585, #7586, .T. ) ;
#8012 = EDGE_CURVE ( 'NONE', #6901, #5041, #2003, .T. ) ;
#8013 = DIRECTION ( 'NONE',  ( 0.000000000000000000, 0.000000000000000000, -1.000000000000000000 ) ) ;
#8014 = AXIS2_PLACEMENT_3D ( 'NONE', #4654, #7445, #5994 ) ;
#8015 = FACE_OUTER_BOUND ( 'NONE', #8221, .T. ) ;
#8016 = EDGE_CURVE ( 'NONE', #2000, #672, #8284, .T. ) ;
#8017 = B_SPLINE_CURVE_WITH_KNOTS ( 'NONE', 3,
 ( #6592, #3070, #7314, #382, #3880, #1039, #3204, #6042, #5948, #1678, #3838, #6636, #5863, #4474, #4568, #5997 ),
 .UNSPECIFIED., .F., .F.,
 ( 4, 2, 2, 2, 2, 2, 2, 4 ),
 ( 4.818711199183383470E-07, 0.0008765200830275014223, 0.001314539188981292839, 0.001752558294935084365, 0.002190577400888875891, 0.002628596506842667633, 0.003066615612796459375, 0.003504634718750250684 ),
 .UNSPECIFIED. ) ;
#8018 = CARTESIAN_POINT ( 'NONE',  ( 79.62499999999978684, 2.818747515117398234E-13, -5.000000000000282441 ) ) ;
#8019 = VERTEX_POINT ( 'NONE', #4879 ) ;
#8020 = CARTESIAN_POINT ( 'NONE',  ( 79.47774279211274973, -1.286643046879280480E-14, 4.999999999999986677 ) ) ;
#8021 = CARTESIAN_POINT ( 'NONE',  ( 43.01172757693691295, -4.502552532146860464, 0.4974474678531410343 ) ) ;
#8022 = AXIS2_PLACEMENT_3D ( 'NONE', #7466, #1194, #3989 ) ;
#8023 = FACE_OUTER_BOUND ( 'NONE', #5332, .T. ) ;
#8024 = CARTESIAN_POINT ( 'NONE',  ( 73.53886551654430548, -0.04063066961492946272, -4.959369330385070107 ) ) ;
#8025 = VECTOR ( 'NONE', #3133, 1000.000000000000000 ) ;
#8026 = DIRECTION ( 'NONE',  ( -1.000000000000000000, -0.000000000000000000, -0.000000000000000000 ) ) ;
#8027 = AXIS2_PLACEMENT_3D ( 'NONE', #5878, #2433, #2389 ) ;
#8028 = EDGE_LOOP ( 'NONE', ( #2072, #4776, #3519, #7156, #7062, #2614 ) ) ;
#8029 = DIRECTION ( 'NONE',  ( -1.000000000000000000, -0.000000000000000000, -0.000000000000000000 ) ) ;
#8030 = AXIS2_PLACEMENT_3D ( 'NONE', #6070, #1946, #3230 ) ;
#8031 = CARTESIAN_POINT ( 'NONE',  ( 85.85334765086508924, -4.935408751168086638, 0.06459124883191552646 ) ) ;
#8032 = EDGE_CURVE ( 'NONE', #8141, #3145, #8420, .T. ) ;
#8033 = AXIS2_PLACEMENT_3D ( 'NONE', #1013, #7788, #7201 ) ;
#8034 = APPROVAL_DATE_TIME ( #6711, #8496 ) ;
#8035 = VERTEX_POINT ( 'NONE', #1396 ) ;
#8036 = CARTESIAN_POINT ( 'NONE',  ( 35.62500000002778933, -5.000000000000000888, -4.336808689942017736E-16 ) ) ;
#8037 = ORIENTED_EDGE ( 'NONE', *, *, #7458, .F. ) ;
#8038 = DIRECTION ( 'NONE',  ( 0.000000000000000000, 0.000000000000000000, 1.000000000000000000 ) ) ;
#8039 = TOROIDAL_SURFACE ( 'NONE', #1588, 1.000000000000000000, 3.999999999999996447 ) ;
#8040 = CARTESIAN_POINT ( 'NONE',  ( 0.000000000000000000, 0.000000000000000000, 1.000000000000000000 ) ) ;
#8041 = CARTESIAN_POINT ( 'NONE',  ( 5.375000000000000000, -1.328041165545665425, -3.671958834454335019 ) ) ;
#8042 = DIRECTION ( 'NONE',  ( -1.000000000000000000, -0.000000000000000000, -0.000000000000000000 ) ) ;
#8043 = AXIS2_PLACEMENT_3D ( 'NONE', #7220, #1778, #295 ) ;
#8045 = DIRECTION ( 'NONE',  ( 0.000000000000000000, 0.000000000000000000, 1.000000000000000000 ) ) ;
#8044 = CARTESIAN_POINT ( 'NONE',  ( 32.87500000000000000, 0.000000000000000000, 3.904737509655562544 ) ) ;
#8046 = CARTESIAN_POINT ( 'NONE',  ( 63.12500000002798117, -5.000000000000000888, -4.336808689942017736E-16 ) ) ;
#8047 = EDGE_CURVE ( 'NONE', #8185, #1787, #135, .T. ) ;
#8048 = CARTESIAN_POINT ( 'NONE',  ( 112.6250000000279954, -5.000000000000000888, -4.336808689942017736E-16 ) ) ;
#8049 = ADVANCED_FACE ( 'NONE', ( #1627 ), #5509, .T. ) ;
#8050 = B_SPLINE_CURVE_WITH_KNOTS ( 'NONE', 3,
 ( #3191, #1770, #6624, #5986, #6753, #8763, #979, #8809, #2549, #2507, #5290, #1027 ),
 .UNSPECIFIED., .F., .F.,
 ( 4, 2, 2, 2, 2, 4 ),
 ( 0.003504634718722713250, 0.003941423334001038087, 0.004378211949279362490, 0.005251789179836011297, 0.006125366410392660971, 0.006998943640949309777 ),
 .UNSPECIFIED. ) ;
#8051 = CARTESIAN_POINT ( 'NONE',  ( 108.2704619374090669, -4.832344906989143318, -0.1676550930108583748 ) ) ;
#8052 = ORIENTED_EDGE ( 'NONE', *, *, #8972, .F. ) ;
#8053 = DIRECTION ( 'NONE',  ( -1.000000000000000000, -0.000000000000000000, -0.000000000000000000 ) ) ;
#8054 = ADVANCED_FACE ( 'NONE', ( #5707 ), #1851, .T. ) ;
#8055 = AXIS2_PLACEMENT_3D ( 'NONE', #8085, #4605, #520 ) ;
#8056 = ORIENTED_EDGE ( 'NONE', *, *, #8532, .F. ) ;
#8057 = DIRECTION ( 'NONE',  ( -1.000000000000000000, -0.000000000000000000, -0.000000000000000000 ) ) ;
#8058 = CARTESIAN_POINT ( 'NONE',  ( 16.64736572063977960, -0.9599107665869511807, 4.040089233413049818 ) ) ;
#8059 = VERTEX_POINT ( 'NONE', #3008 ) ;
#8060 = CARTESIAN_POINT ( 'NONE',  ( 111.2500000000000000, 0.000000000000000000, 0.000000000000000000 ) ) ;
#8061 = CARTESIAN_POINT ( 'NONE',  ( 68.77184353044836485, 6.345970840829211041E-15, -5.000000000000006217 ) ) ;
#8062 = CARTESIAN_POINT ( 'NONE',  ( 79.62500000000000000, 0.000000000000000000, 0.000000000000000000 ) ) ;
#8063 = CARTESIAN_POINT ( 'NONE',  ( 90.62499999999977263, 2.819534933157905838E-13, -5.000000000000282441 ) ) ;
#8064 = ORIENTED_EDGE ( 'NONE', *, *, #3641, .T. ) ;
#8065 = ORIENTED_EDGE ( 'NONE', *, *, #871, .F. ) ;
#8066 = CARTESIAN_POINT ( 'NONE',  ( 8.271843530448380832, 9.255634893766143437E-15, -5.000000000000008882 ) ) ;
#8067 = CARTESIAN_POINT ( 'NONE',  ( 105.3515737627696467, -0.4321793203680497908, 4.567820679631950931 ) ) ;
#8068 = DIRECTION ( 'NONE',  ( 0.000000000000000000, 0.000000000000000000, -1.000000000000000000 ) ) ;
#8069 = DIRECTION ( 'NONE',  ( 0.000000000000000000, 0.000000000000000000, 1.000000000000000000 ) ) ;
#8070 = AXIS2_PLACEMENT_3D ( 'NONE', #6542, #112, #3063 ) ;
#8071 = FACE_OUTER_BOUND ( 'NONE', #7209, .T. ) ;
#8072 = CARTESIAN_POINT ( 'NONE',  ( 46.47774279211273551, -8.045330691258117175E-15, -4.999999999999992895 ) ) ;
#8073 = ORIENTED_EDGE ( 'NONE', *, *, #3231, .F. ) ;
#8074 = CARTESIAN_POINT ( 'NONE',  ( 82.37499999999998579, -3.671958834454344345, 1.328041165545655877 ) ) ;
#8075 = CARTESIAN_POINT ( 'NONE',  ( 31.27046193740903846, -4.832344906989147759, 0.1676550930108541004 ) ) ;
#8076 = VERTEX_POINT ( 'NONE', #243 ) ;
#8077 = DIRECTION ( 'NONE',  ( -1.000000000000000000, -0.000000000000000000, -0.000000000000000000 ) ) ;
#8078 = CIRCLE ( 'NONE', #4259, 1.000000000000000000 ) ;
#8079 = CALENDAR_DATE ( 2026, 21, 2 ) ;
#8080 = ORIENTED_EDGE ( 'NONE', *, *, #2335, .F. ) ;
#8081 = CARTESIAN_POINT ( 'NONE',  ( 65.87499999999998579, 4.781924292710288648E-16, -3.904737509655561212 ) ) ;
#8082 = EDGE_CURVE ( 'NONE', #6260, #6576, #7690, .T. ) ;
#8083 = ORIENTED_EDGE ( 'NONE', *, *, #795, .F. ) ;
#8084 = CARTESIAN_POINT ( 'NONE',  ( 43.87500000000000000, -1.328041165545660540, 3.671958834454339460 ) ) ;
#8085 = CARTESIAN_POINT ( 'NONE',  ( 82.37499999999998579, 0.000000000000000000, 0.000000000000000000 ) ) ;
#8086 = EDGE_CURVE ( 'NONE', #1772, #5510, #2736, .T. ) ;
#8087 = FACE_OUTER_BOUND ( 'NONE', #7927, .T. ) ;
#8088 = CARTESIAN_POINT ( 'NONE',  ( 123.3287483383676317, -4.999999999999998224, 1.703806773402024540E-15 ) ) ;
#8089 = FACE_OUTER_BOUND ( 'NONE', #3613, .T. ) ;
#8090 = DIRECTION ( 'NONE',  ( -1.000000000000000000, -0.000000000000000000, -0.000000000000000000 ) ) ;
#8091 = CARTESIAN_POINT ( 'NONE',  ( 111.4782194157003943, -4.840676868225227025, 0.1593231317747716425 ) ) ;
#8092 = DIRECTION ( 'NONE',  ( 0.000000000000000000, -1.224646799147353207E-16, 1.000000000000000000 ) ) ;
#8093 = ORIENTED_EDGE ( 'NONE', *, *, #2508, .F. ) ;
#8094 = CARTESIAN_POINT ( 'NONE',  ( 109.8749999999999858, -1.328041165545655877, 3.671958834454344345 ) ) ;
#8095 = ORIENTED_EDGE ( 'NONE', *, *, #5602, .F. ) ;
#8096 = DIRECTION ( 'NONE',  ( -1.000000000000000000, -0.000000000000000000, -0.000000000000000000 ) ) ;
#8097 = CARTESIAN_POINT ( 'NONE',  ( 0.000000000000000000, 0.000000000000000000, 0.000000000000000000 ) ) ;
#8098 = ORIENTED_EDGE ( 'NONE', *, *, #6602, .T. ) ;
#8099 = EDGE_CURVE ( 'NONE', #4196, #8799, #2232, .T. ) ;
#8100 = DIRECTION ( 'NONE',  ( 0.000000000000000000, 0.000000000000000000, 1.000000000000000000 ) ) ;
#8101 = CIRCLE ( 'NONE', #2264, 1.374999999999994227 ) ;
#8102 = CARTESIAN_POINT ( 'NONE',  ( 43.23119955116401769, -0.6335913640930925794, 4.366408635906907421 ) ) ;
#8103 = EDGE_CURVE ( 'NONE', #5911, #4842, #1110, .T. ) ;
#8104 = FACE_OUTER_BOUND ( 'NONE', #193, .T. ) ;
#8105 = AXIS2_PLACEMENT_3D ( 'NONE', #5062, #3195, #897 ) ;
#8106 = CARTESIAN_POINT ( 'NONE',  ( 49.49600116288350193, -3.862796825715725912, -1.137203174284275198 ) ) ;
#8107 = ORIENTED_EDGE ( 'NONE', *, *, #5166, .T. ) ;
#8108 = EDGE_LOOP ( 'NONE', ( #1650, #5889, #7672 ) ) ;
#8109 = CARTESIAN_POINT ( 'NONE',  ( 8.125000000000000000, 0.000000000000000000, 0.000000000000000000 ) ) ;
#8110 = CARTESIAN_POINT ( 'NONE',  ( 54.87499999999999289, -1.328041165545660540, -3.671958834454339460 ) ) ;
#8111 = CARTESIAN_POINT ( 'NONE',  ( 21.22625045371991703, -4.359865889253496718, 0.6401341107465033931 ) ) ;
#8112 = DIRECTION ( 'NONE',  ( -1.000000000000000000, -0.000000000000000000, -0.000000000000000000 ) ) ;
#8113 = CARTESIAN_POINT ( 'NONE',  ( 2.500000000000000000, 0.000000000000000000, 0.000000000000000000 ) ) ;
#8114 = CIRCLE ( 'NONE', #8404, 1.374999999999994227 ) ;
#8115 = AXIS2_PLACEMENT_3D ( 'NONE', #2658, #1221, #2609 ) ;
#8116 = ORIENTED_EDGE ( 'NONE', *, *, #464, .F. ) ;
#8117 = CARTESIAN_POINT ( 'NONE',  ( 93.37499999999998579, -1.328041165545675195, -3.671958834454324805 ) ) ;
#8118 = CARTESIAN_POINT ( 'NONE',  ( 100.2500000000000000, 1.224646799147353207E-16, -1.000000000000000000 ) ) ;
#8119 = ORIENTED_EDGE ( 'NONE', *, *, #351, .F. ) ;
#8120 = CARTESIAN_POINT ( 'NONE',  ( 81.03383637236986203, -0.2517800035653031121, -4.748219996434698054 ) ) ;
#8121 = CIRCLE ( 'NONE', #4617, 1.000000000000000000 ) ;
#8122 = ADVANCED_FACE ( 'NONE', ( #8495 ), #7845, .F. ) ;
#8123 = COORDINATED_UNIVERSAL_TIME_OFFSET ( 3, 30, .AHEAD. ) ;
#8124 = ORIENTED_EDGE ( 'NONE', *, *, #8886, .T. ) ;
#8125 = CARTESIAN_POINT ( 'NONE',  ( 96.42125362938305955, -4.991698401479152558, -0.008301598520847809637 ) ) ;
#8126 = VERTEX_POINT ( 'NONE', #894 ) ;
#8127 = CARTESIAN_POINT ( 'NONE',  ( 0.000000000000000000, 0.000000000000000000, 0.000000000000000000 ) ) ;
#8128 = CIRCLE ( 'NONE', #8562, 3.904737509655562988 ) ;
#8129 = CIRCLE ( 'NONE', #3900, 3.999999999999999112 ) ;
#8130 = CARTESIAN_POINT ( 'NONE',  ( 3.950767519260592664, -0.2549259710288356295, -4.745074028971164815 ) ) ;
#8131 = CARTESIAN_POINT ( 'NONE',  ( 120.8749999999999858, -3.671958834454324805, 1.328041165545675195 ) ) ;
#8132 = DIRECTION ( 'NONE',  ( 0.000000000000000000, 0.000000000000000000, 1.000000000000000000 ) ) ;
#8133 = CARTESIAN_POINT ( 'NONE',  ( 33.14877465030176751, -4.041784260362666359, 0.9582157396373345293 ) ) ;
#8134 = AXIS2_PLACEMENT_3D ( 'NONE', #8127, #3833, #8859 ) ;
#8135 = CARTESIAN_POINT ( 'NONE',  ( 74.12500000000000000, 0.000000000000000000, 0.000000000000000000 ) ) ;
#8136 = DIRECTION ( 'NONE',  ( 0.000000000000000000, 0.000000000000000000, 1.000000000000000000 ) ) ;
#8137 = VERTEX_POINT ( 'NONE', #6445 ) ;
#8138 = DIRECTION ( 'NONE',  ( -1.000000000000000000, -0.000000000000000000, -0.000000000000000000 ) ) ;
#8139 = CIRCLE ( 'NONE', #7989, 3.904737509655560768 ) ;
#8140 = CARTESIAN_POINT ( 'NONE',  ( 0.000000000000000000, 0.000000000000000000, 0.000000000000000000 ) ) ;
#8141 = VERTEX_POINT ( 'NONE', #7941 ) ;
#8142 = CARTESIAN_POINT ( 'NONE',  ( 68.62499999999998579, 0.000000000000000000, 0.000000000000000000 ) ) ;
#8143 = CYLINDRICAL_SURFACE ( 'NONE', #2976, 1.000000000000000000 ) ;
#8144 = EDGE_LOOP ( 'NONE', ( #4239, #3902, #7394, #8578 ) ) ;
#8145 = DIRECTION ( 'NONE',  ( -1.000000000000000000, -0.000000000000000000, -0.000000000000000000 ) ) ;
#8146 = EDGE_CURVE ( 'NONE', #499, #4224, #7117, .T. ) ;
#8147 = CARTESIAN_POINT ( 'NONE',  ( 41.70631021352428291, -0.03993437491703612924, 4.960065625082964225 ) ) ;
#8148 = AXIS2_PLACEMENT_3D ( 'NONE', #4687, #4729, #8463 ) ;
#8149 = DIRECTION ( 'NONE',  ( 0.000000000000000000, 0.000000000000000000, 1.000000000000000000 ) ) ;
#8150 = CARTESIAN_POINT ( 'NONE',  ( 74.12500000000000000, 0.000000000000000000, 0.000000000000000000 ) ) ;
#8151 = ADVANCED_FACE ( 'NONE', ( #5657 ), #6829, .T. ) ;
#8152 = B_SPLINE_CURVE_WITH_KNOTS ( 'NONE', 3,
 ( #5180, #2397, #4999, #7971, #5042, #6567, #142, #1701, #7928, #3815, #8484, #924 ),
 .UNSPECIFIED., .F., .F.,
 ( 4, 2, 2, 2, 2, 4 ),
 ( 0.003504634718750201244, 0.003941423334025086558, 0.004378211949299971872, 0.005251789179849742500, 0.006125366410399512261, 0.006998943640949282889 ),
 .UNSPECIFIED. ) ;
#8153 = CIRCLE ( 'NONE', #94, 3.904737509655564320 ) ;
#8154 = DIRECTION ( 'NONE',  ( 0.000000000000000000, 0.000000000000000000, 1.000000000000000000 ) ) ;
#8155 = CARTESIAN_POINT ( 'NONE',  ( 59.72625045371991348, -4.359865889253508264, -0.6401341107464931790 ) ) ;
#8156 = ORIENTED_EDGE ( 'NONE', *, *, #8397, .F. ) ;
#8157 = DIRECTION ( 'NONE',  ( -1.000000000000000000, -0.000000000000000000, -0.000000000000000000 ) ) ;
#8158 = CARTESIAN_POINT ( 'NONE',  ( 41.85334765086493292, -4.935408751168116837, 0.06459124883188327448 ) ) ;
#8159 = CIRCLE ( 'NONE', #2619, 1.374999999999999556 ) ;
#8160 = DIRECTION ( 'NONE',  ( -1.000000000000000000, -0.000000000000000000, -0.000000000000000000 ) ) ;
#8161 = DIRECTION ( 'NONE',  ( 0.000000000000000000, -1.224646799147353207E-16, 1.000000000000000000 ) ) ;
#8162 = SECURITY_CLASSIFICATION ( '', '', #8389 ) ;
#8163 = CARTESIAN_POINT ( 'NONE',  ( 46.03886551654431969, -0.04063066961492553530, -4.959369330385076324 ) ) ;
#8164 = ORIENTED_EDGE ( 'NONE', *, *, #4101, .T. ) ;
#8165 = ORIENTED_EDGE ( 'NONE', *, *, #8433, .T. ) ;
#8166 = CARTESIAN_POINT ( 'NONE',  ( 12.61759796945997358, -0.1278684794971733096, 4.872131520502827939 ) ) ;
#8167 = AXIS2_PLACEMENT_3D ( 'NONE', #1403, #3436, #717 ) ;
#8168 = ORIENTED_EDGE ( 'NONE', *, *, #4389, .T. ) ;
#8169 = DIRECTION ( 'NONE',  ( 0.000000000000000000, -1.224646799147353207E-16, 1.000000000000000000 ) ) ;
#8170 = CIRCLE ( 'NONE', #2633, 1.375000000000001332 ) ;
#8171 = AXIS2_PLACEMENT_3D ( 'NONE', #3946, #6736, #5362 ) ;
#8172 = APPROVAL_ROLE ( '' ) ;
#8173 = ORIENTED_EDGE ( 'NONE', *, *, #2689, .T. ) ;
#8174 = CARTESIAN_POINT ( 'NONE',  ( 97.13240203055840993, -4.872131520497873680, -0.1278684795021268750 ) ) ;
#8175 = ORIENTED_EDGE ( 'NONE', *, *, #3449, .T. ) ;
#8176 = CARTESIAN_POINT ( 'NONE',  ( 74.27225720791400931, -4.999999999998967048, 1.033198930599532176E-12 ) ) ;
#8177 = CARTESIAN_POINT ( 'NONE',  ( 69.35059813401478834, -0.06404366728011004484, 4.935956332719890760 ) ) ;
#8178 = CARTESIAN_POINT ( 'NONE',  ( 4.332674704963229040, -0.4247552261638196103, -4.575244773836181444 ) ) ;
#8179 = TOROIDAL_SURFACE ( 'NONE', #6280, 1.000000000000000000, 3.999999999999996447 ) ;
#8180 = CARTESIAN_POINT ( 'NONE',  ( 71.37500000000000000, -3.671958834454324805, 1.328041165545675195 ) ) ;
#8181 = EDGE_CURVE ( 'NONE', #8693, #2324, #8772, .T. ) ;
#8182 = CARTESIAN_POINT ( 'NONE',  ( 27.37500000000000000, -1.328041165545663649, 3.671958834454336351 ) ) ;
#8183 = CARTESIAN_POINT ( 'NONE',  ( 57.62499999999999289, 0.000000000000000000, 0.000000000000000000 ) ) ;
#8184 = FACE_OUTER_BOUND ( 'NONE', #8672, .T. ) ;
#8185 = VERTEX_POINT ( 'NONE', #4967 ) ;
#8186 = DIRECTION ( 'NONE',  ( 0.000000000000000000, 0.000000000000000000, 1.000000000000000000 ) ) ;
#8187 = CIRCLE ( 'NONE', #7601, 1.000000000000000000 ) ;
#8188 = CARTESIAN_POINT ( 'NONE',  ( 119.5338363723698194, -0.2517800035653064428, 4.748219996434693613 ) ) ;
#8189 = ORIENTED_EDGE ( 'NONE', *, *, #575, .T. ) ;
#8190 = DIRECTION ( 'NONE',  ( 0.000000000000000000, 0.000000000000000000, 1.000000000000000000 ) ) ;
#8191 = PRODUCT_DEFINITION_SHAPE ( 'NONE', 'NONE',  #9065 ) ;
#8192 = CARTESIAN_POINT ( 'NONE',  ( 17.97953806259080878, -0.1676550930109055038, 4.832344906989095357 ) ) ;
#8193 = ORIENTED_EDGE ( 'NONE', *, *, #4812, .F. ) ;
#8194 = DIRECTION ( 'NONE',  ( 0.000000000000000000, 0.000000000000000000, 1.000000000000000000 ) ) ;
#8195 = AXIS2_PLACEMENT_3D ( 'NONE', #460, #2687, #3376 ) ;
#8196 = DIRECTION ( 'NONE',  ( -1.000000000000000000, -0.000000000000000000, -0.000000000000000000 ) ) ;
#8197 = CARTESIAN_POINT ( 'NONE',  ( 5.375000000000000000, -3.671958834454335019, 1.328041165545665425 ) ) ;
#8198 = VECTOR ( 'NONE', #8505, 1000.000000000000000 ) ;
#8199 = EDGE_CURVE ( 'NONE', #1522, #5694, #496, .T. ) ;
#8200 = CARTESIAN_POINT ( 'NONE',  ( 29.82874637064227485, -0.008301598518914071745, 4.991698401481086123 ) ) ;
#8201 = CARTESIAN_POINT ( 'NONE',  ( 63.12499999999998579, 0.000000000000000000, 0.000000000000000000 ) ) ;
#8202 = CARTESIAN_POINT ( 'NONE',  ( 57.62500000002779643, -5.000000000000000888, -4.336808689942017736E-16 ) ) ;
#8203 = ORIENTED_EDGE ( 'NONE', *, *, #6432, .T. ) ;
#8204 = DIRECTION ( 'NONE',  ( 0.000000000000000000, 0.000000000000000000, 1.000000000000000000 ) ) ;
#8205 = ADVANCED_FACE ( 'NONE', ( #370 ), #2304, .T. ) ;
#8206 = CARTESIAN_POINT ( 'NONE',  ( 27.49600116288254625, -3.862796825714222226, 1.137203174285777996 ) ) ;
#8207 = CARTESIAN_POINT ( 'NONE',  ( 109.7539988371174360, -1.137203174285757346, -3.862796825714243543 ) ) ;
#8208 = EDGE_CURVE ( 'NONE', #1971, #6755, #5516, .T. ) ;
#8209 = DIRECTION ( 'NONE',  ( 0.000000000000000000, 0.000000000000000000, 1.000000000000000000 ) ) ;
#8210 = DIRECTION ( 'NONE',  ( 0.000000000000000000, 0.000000000000000000, 1.000000000000000000 ) ) ;
#8211 = ORIENTED_EDGE ( 'NONE', *, *, #3906, .T. ) ;
#8212 = ORIENTED_EDGE ( 'NONE', *, *, #3587, .T. ) ;
#8213 = CARTESIAN_POINT ( 'NONE',  ( 57.62499999999999289, 1.224646799147353207E-16, -1.000000000000000000 ) ) ;
#8214 = AXIS2_PLACEMENT_3D ( 'NONE', #5943, #2514, #4014 ) ;
#8215 = EDGE_CURVE ( 'NONE', #4353, #1213, #8050, .T. ) ;
#8216 = ADVANCED_FACE ( 'NONE', ( #6077 ), #3102, .F. ) ;
#8217 = EDGE_CURVE ( 'NONE', #6933, #9051, #3610, .T. ) ;
#8218 = ORIENTED_EDGE ( 'NONE', *, *, #5296, .F. ) ;
#8219 = DIRECTION ( 'NONE',  ( -1.000000000000000000, -0.000000000000000000, -0.000000000000000000 ) ) ;
#8220 = APPROVAL_DATE_TIME ( #8347, #9001 ) ;
#8221 = EDGE_LOOP ( 'NONE', ( #4458, #1698, #8849, #6116, #6478, #632 ) ) ;
#8222 = CYLINDRICAL_SURFACE ( 'NONE', #5328, 1.000000000000000000 ) ;
#8223 = ORIENTED_EDGE ( 'NONE', *, *, #2627, .T. ) ;
#8224 = CARTESIAN_POINT ( 'NONE',  ( 42.53383637236985493, -0.2517800035653037227, -4.748219996434695389 ) ) ;
#8225 = CARTESIAN_POINT ( 'NONE',  ( 7.117597969459973584, -0.1278684794971731709, 4.872131520502827939 ) ) ;
#8226 = CARTESIAN_POINT ( 'NONE',  ( 120.9961891356230552, -1.136906711513357315, 3.863093288486644461 ) ) ;
#8227 = CARTESIAN_POINT ( 'NONE',  ( 10.75399883711744486, -1.137203174285764673, 3.862796825714235549 ) ) ;
#8228 = CARTESIAN_POINT ( 'NONE',  ( 0.000000000000000000, 1.224646799147353207E-16, -1.000000000000000000 ) ) ;
#8229 = EDGE_CURVE ( 'NONE', #3, #743, #6629, .T. ) ;
#8230 = DIRECTION ( 'NONE',  ( 0.000000000000000000, -1.224646799147353207E-16, 1.000000000000000000 ) ) ;
#8231 = CARTESIAN_POINT ( 'NONE',  ( 27.64736572063976894, -0.9599107665869505146, -4.040089233413048930 ) ) ;
#8232 = CARTESIAN_POINT ( 'NONE',  ( 54.60263427936256164, -4.040089233410290248, -0.9599107665897105290 ) ) ;
#8233 = ORIENTED_EDGE ( 'NONE', *, *, #171, .T. ) ;
#8234 = CARTESIAN_POINT ( 'NONE',  ( 74.12499999999978684, 2.818544231345960265E-13, 5.000000000000282441 ) ) ;
#8235 = DIRECTION ( 'NONE',  ( -1.000000000000000000, -0.000000000000000000, -0.000000000000000000 ) ) ;
#8236 = ORIENTED_EDGE ( 'NONE', *, *, #6647, .T. ) ;
#8237 = FACE_OUTER_BOUND ( 'NONE', #2257, .T. ) ;
#8238 = AXIS2_PLACEMENT_3D ( 'NONE', #3530, #2160, #4938 ) ;
#8239 = LINE ( 'NONE', #7324, #6921 ) ;
#8240 = VERTEX_POINT ( 'NONE', #4644 ) ;
#8241 = APPLICATION_CONTEXT ( 'configuration controlled 3d designs of mechanical parts and assemblies' ) ;
#8242 = CARTESIAN_POINT ( 'NONE',  ( 111.8994018660066985, -4.935956332723948847, -0.06404366727605215193 ) ) ;
#8243 = DIRECTION ( 'NONE',  ( 0.000000000000000000, -1.000000000000000000, 0.000000000000000000 ) ) ;
#8244 = CARTESIAN_POINT ( 'NONE',  ( 49.37500000000000000, 4.781924292710293578E-16, -3.904737509655562544 ) ) ;
#8245 = CARTESIAN_POINT ( 'NONE',  ( 28.59032131224200057, -0.3138588207986851564, 4.686141179201314344 ) ) ;
#8246 = DIRECTION ( 'NONE',  ( 0.000000000000000000, 0.000000000000000000, 1.000000000000000000 ) ) ;
#8247 = ORIENTED_EDGE ( 'NONE', *, *, #3467, .T. ) ;
#8248 = CARTESIAN_POINT ( 'NONE',  ( 35.77225720791379615, -4.999999999998976818, 1.023750842761544449E-12 ) ) ;
#8249 = DIRECTION ( 'NONE',  ( -1.000000000000000000, -0.000000000000000000, -0.000000000000000000 ) ) ;
#8250 = DIRECTION ( 'NONE',  ( 0.000000000000000000, 0.000000000000000000, 1.000000000000000000 ) ) ;
#8251 = CARTESIAN_POINT ( 'NONE',  ( 49.64736572063975473, -0.9599107665869519579, 4.040089233413046266 ) ) ;
#8252 = CIRCLE ( 'NONE', #6502, 3.999999999999997335 ) ;
#8253 = EDGE_CURVE ( 'NONE', #1209, #7550, #235, .T. ) ;
#8254 = CARTESIAN_POINT ( 'NONE',  ( 15.72625045371992769, -4.359865889253489613, -0.6401341107465099434 ) ) ;
#8255 = ORIENTED_EDGE ( 'NONE', *, *, #3463, .T. ) ;
#8256 = EDGE_LOOP ( 'NONE', ( #330, #7200, #6507 ) ) ;
#8257 = CARTESIAN_POINT ( 'NONE',  ( 52.12500000000000000, 0.000000000000000000, 1.000000000000000000 ) ) ;
#8258 = CARTESIAN_POINT ( 'NONE',  ( 24.04368978649825905, -4.960065625086341967, 0.03993437491365973979 ) ) ;
#8259 = EDGE_CURVE ( 'NONE', #3145, #3394, #2884, .T. ) ;
#8260 = VERTEX_POINT ( 'NONE', #287 ) ;
#8261 = CARTESIAN_POINT ( 'NONE',  ( 123.3287483383676317, -4.999999999999998224, -1.566587435946827885E-15 ) ) ;
#8262 = VERTEX_POINT ( 'NONE', #8670 ) ;
#8263 = CARTESIAN_POINT ( 'NONE',  ( 35.03886551654433390, -0.04063066961492661083, -4.959369330385073660 ) ) ;
#8264 = ADVANCED_FACE ( 'NONE', ( #5193 ), #8722, .F. ) ;
#8265 = ORIENTED_EDGE ( 'NONE', *, *, #6587, .T. ) ;
#8266 = CARTESIAN_POINT ( 'NONE',  ( 41.85059813401478124, -0.06404366728010843501, -4.935956332719892536 ) ) ;
#8267 = CARTESIAN_POINT ( 'NONE',  ( 24.62500000002790301, -5.000000000000000888, -4.336808689942017736E-16 ) ) ;
#8268 = CARTESIAN_POINT ( 'NONE',  ( 91.35059813401475992, -0.06404366728010940646, -4.935956332719890760 ) ) ;
#8269 = CARTESIAN_POINT ( 'NONE',  ( 53.89842623724021564, -4.567820679626508173, 0.4321793203734928812 ) ) ;
#8270 = CARTESIAN_POINT ( 'NONE',  ( 58.63240203055824651, -4.872131520497916313, 0.1278684795020845755 ) ) ;
#8271 = DIRECTION ( 'NONE',  ( 0.000000000000000000, 0.000000000000000000, 1.000000000000000000 ) ) ;
#8272 = DIRECTION ( 'NONE',  ( 1.000000000000000000, 0.000000000000000000, 0.000000000000000000 ) ) ;
#8273 = ORIENTED_EDGE ( 'NONE', *, *, #2392, .F. ) ;
#8274 = CARTESIAN_POINT ( 'NONE',  ( 74.41746587457271289, -0.008042224642539775453, 4.991957775357460214 ) ) ;
#8275 = CARTESIAN_POINT ( 'NONE',  ( 91.21113448347814767, -4.959369330381671048, -0.04063066961832864643 ) ) ;
#8276 = ORIENTED_EDGE ( 'NONE', *, *, #1998, .F. ) ;
#8277 = VECTOR ( 'NONE', #6180, 1000.000000000000000 ) ;
#8278 = CARTESIAN_POINT ( 'NONE',  ( 65.87499999999998579, -3.671958834454331466, -1.328041165545668756 ) ) ;
#8279 = FACE_OUTER_BOUND ( 'NONE', #4984, .T. ) ;
#8280 = ORIENTED_EDGE ( 'NONE', *, *, #5758, .F. ) ;
#8281 = CARTESIAN_POINT ( 'NONE',  ( 98.87499999999998579, 0.000000000000000000, 3.904737509655557659 ) ) ;
#8282 = DIRECTION ( 'NONE',  ( -1.000000000000000000, 0.000000000000000000, -0.000000000000000000 ) ) ;
#8283 = CARTESIAN_POINT ( 'NONE',  ( 114.3984262372402441, -4.567820679626467317, 0.4321793203735330158 ) ) ;
#8284 = CIRCLE ( 'NONE', #368, 3.904737509655565653 ) ;
#8285 = CARTESIAN_POINT ( 'NONE',  ( 58.20631021352426870, -0.03993437491703295122, -4.960065625082966889 ) ) ;
#8286 = DIRECTION ( 'NONE',  ( 0.000000000000000000, 0.000000000000000000, 1.000000000000000000 ) ) ;
#8287 = AXIS2_PLACEMENT_3D ( 'NONE', #1103, #8026, #7245 ) ;
#8288 = VERTEX_POINT ( 'NONE', #4508 ) ;
#8289 = DIRECTION ( 'NONE',  ( 0.000000000000000000, 0.000000000000000000, 1.000000000000000000 ) ) ;
#8290 = EDGE_CURVE ( 'NONE', #888, #4925, #4322, .T. ) ;
#8291 = CARTESIAN_POINT ( 'NONE',  ( 19.12500000000000000, 0.000000000000000000, 0.000000000000000000 ) ) ;
#8292 = EDGE_CURVE ( 'NONE', #3969, #4160, #1283, .T. ) ;
#8293 = AXIS2_PLACEMENT_3D ( 'NONE', #418, #1951, #3915 ) ;
#8294 = CARTESIAN_POINT ( 'NONE',  ( 67.89665234915597125, -0.06459124882792470490, -4.935408751172075448 ) ) ;
#8295 = EDGE_CURVE ( 'NONE', #3417, #8909, #8139, .T. ) ;
#8296 = ORIENTED_EDGE ( 'NONE', *, *, #5731, .F. ) ;
#8297 = ORIENTED_EDGE ( 'NONE', *, *, #8199, .T. ) ;
#8298 = TOROIDAL_SURFACE ( 'NONE', #5831, 1.000000000000000000, 3.999999999999999112 ) ;
#8299 = TOROIDAL_SURFACE ( 'NONE', #7134, 1.000000000000000000, 4.000000000000000000 ) ;
#8300 = CARTESIAN_POINT ( 'NONE',  ( 64.53423771780845186, -4.739198801696318242, -0.2608011983036821468 ) ) ;
#8301 = AXIS2_PLACEMENT_3D ( 'NONE', #7671, #1529, #5894 ) ;
#8302 = ORIENTED_EDGE ( 'NONE', *, *, #8768, .F. ) ;
#8303 = CARTESIAN_POINT ( 'NONE',  ( 113.7717805843163603, -0.1593231317801521441, -4.840676868219847329 ) ) ;
#8304 = DATE_AND_TIME ( #568, #5535 ) ;
#8305 = ORIENTED_EDGE ( 'NONE', *, *, #1932, .F. ) ;
#8306 = EDGE_CURVE ( 'NONE', #1228, #4157, #6540, .T. ) ;
#8307 = CARTESIAN_POINT ( 'NONE',  ( 82.37499999999998579, 4.781924292710299495E-16, -3.904737509655568761 ) ) ;
#8308 = AXIS2_PLACEMENT_3D ( 'NONE', #1175, #8677, #7992 ) ;
#8309 = CARTESIAN_POINT ( 'NONE',  ( 25.21113448347808017, -4.959369330381686147, 0.04063066961831510171 ) ) ;
#8310 = CARTESIAN_POINT ( 'NONE',  ( 63.70631021352425449, -0.03993437491703320102, -4.960065625082967777 ) ) ;
#8311 = CARTESIAN_POINT ( 'NONE',  ( 67.25000000000000000, 0.000000000000000000, 1.000000000000000000 ) ) ;
#8312 = LINE ( 'NONE', #2052, #2130 ) ;
#8313 = ADVANCED_FACE ( 'NONE', ( #656 ), #4051, .T. ) ;
#8315 = AXIS2_PLACEMENT_3D ( 'NONE', #1583, #6353, #8361 ) ;
#8314 = CARTESIAN_POINT ( 'NONE',  ( 19.12500000000000000, 1.224646799147353207E-16, -1.000000000000000000 ) ) ;
#8316 = ORIENTED_EDGE ( 'NONE', *, *, #1821, .F. ) ;
#8317 = CARTESIAN_POINT ( 'NONE',  ( 74.27184353044837906, 6.261585183459006102E-15, 5.000000000000006217 ) ) ;
#8318 = CARTESIAN_POINT ( 'NONE',  ( 118.8505981340147599, -0.06404366728010946197, 4.935956332719890760 ) ) ;
#8319 = ORIENTED_EDGE ( 'NONE', *, *, #2598, .T. ) ;
#8321 = CYLINDRICAL_SURFACE ( 'NONE', #5545, 1.000000000000000000 ) ;
#8320 = AXIS2_PLACEMENT_3D ( 'NONE', #839, #1526, #359 ) ;
#8322 = CARTESIAN_POINT ( 'NONE',  ( 88.85157376276964669, -0.4321793203680409090, 4.567820679631960701 ) ) ;
#8323 = VERTEX_POINT ( 'NONE', #512 ) ;
#8324 = CARTESIAN_POINT ( 'NONE',  ( 101.6250000000279812, -5.000000000000000888, -4.336808689942017736E-16 ) ) ;
#8325 = EDGE_CURVE ( 'NONE', #8408, #6072, #175, .T. ) ;
#8326 = CARTESIAN_POINT ( 'NONE',  ( 132.6250000000000000, 0.000000000000000000, 0.000000000000000000 ) ) ;
#8327 = EDGE_CURVE ( 'NONE', #8812, #6755, #6194, .T. ) ;
#8328 = CARTESIAN_POINT ( 'NONE',  ( 112.9212536293830169, -4.991698401479151670, -0.008301598520848999657 ) ) ;
#8329 = EDGE_CURVE ( 'NONE', #572, #7304, #1558, .T. ) ;
#8330 = CIRCLE ( 'NONE', #2645, 3.999999999999997335 ) ;
#8331 = DIRECTION ( 'NONE',  ( 0.000000000000000000, 0.000000000000000000, 1.000000000000000000 ) ) ;
#8332 = AXIS2_PLACEMENT_3D ( 'NONE', #1654, #230, #5884 ) ;
#8333 = ORIENTED_EDGE ( 'NONE', *, *, #1377, .F. ) ;
#8334 = CIRCLE ( 'NONE', #4382, 1.000000000000000000 ) ;
#8335 = DIRECTION ( 'NONE',  ( 0.000000000000000000, 0.000000000000000000, -1.000000000000000000 ) ) ;
#8336 = CARTESIAN_POINT ( 'NONE',  ( 37.39842623724021564, -4.567820679626508173, 0.4321793203734928812 ) ) ;
#8337 = AXIS2_PLACEMENT_3D ( 'NONE', #6683, #2529, #3212 ) ;
#8338 = CARTESIAN_POINT ( 'NONE',  ( 33.85157376276963959, -0.4321793203680422413, 4.567820679631958924 ) ) ;
#8339 = CARTESIAN_POINT ( 'NONE',  ( 67.21576228220551741, -0.2608011982980543708, -4.739198801701945740 ) ) ;
#8340 = TOROIDAL_SURFACE ( 'NONE', #6017, 1.000000000000000000, 3.999999999999996447 ) ;
#8341 = ORIENTED_EDGE ( 'NONE', *, *, #1438, .T. ) ;
#8342 = EDGE_LOOP ( 'NONE', ( #1530, #4385, #7135, #7910 ) ) ;
#8343 = CARTESIAN_POINT ( 'NONE',  ( 117.9777427921127497, -1.181610961419747395E-14, 4.999999999999989342 ) ) ;
#8344 = CARTESIAN_POINT ( 'NONE',  ( 57.91746587457270579, -0.008042224642534663223, 4.991957775357466431 ) ) ;
#8345 = CARTESIAN_POINT ( 'NONE',  ( 120.9959900004485860, -3.862779220790882651, -1.137220779209116905 ) ) ;
#8346 = B_SPLINE_CURVE_WITH_KNOTS ( 'NONE', 3,
 ( #7537, #710, #4063, #4114, #6942, #1353, #6221, #8999, #1222, #580, #8270, #8355, #625, #3470, #2007, #7493 ),
 .UNSPECIFIED., .F., .F.,
 ( 4, 2, 2, 2, 2, 2, 2, 4 ),
 ( 4.818711198515178236E-07, 0.0008765200830206102333, 0.001314539188970989666, 0.001752558294921368991, 0.002190577400871748532, 0.002628596506822128073, 0.003066615612772507181, 0.003504634718722886722 ),
 .UNSPECIFIED. ) ;
#8347 = DATE_AND_TIME ( #6982, #3925 ) ;
#8348 = ORIENTED_EDGE ( 'NONE', *, *, #7974, .T. ) ;
#8349 = CARTESIAN_POINT ( 'NONE',  ( 95.53886551654427706, -0.04063066961492954599, 4.959369330385070107 ) ) ;
#8350 = AXIS2_PLACEMENT_3D ( 'NONE', #3322, #8385, #6204 ) ;
#8351 = DIRECTION ( 'NONE',  ( -1.000000000000000000, -0.000000000000000000, -0.000000000000000000 ) ) ;
#8352 = DIRECTION ( 'NONE',  ( -1.000000000000000000, -0.000000000000000000, -0.000000000000000000 ) ) ;
#8353 = CARTESIAN_POINT ( 'NONE',  ( 8.711134483478037538, -4.959369330381689700, 0.04063066961830980733 ) ) ;
#8354 = LINE ( 'NONE', #8228, #3732 ) ;
#8355 = CARTESIAN_POINT ( 'NONE',  ( 58.35334765086491871, -4.935408751168118613, 0.06459124883188210875 ) ) ;
#8356 = DIRECTION ( 'NONE',  ( -1.000000000000000000, -0.000000000000000000, -0.000000000000000000 ) ) ;
#8357 = EDGE_CURVE ( 'NONE', #1787, #1629, #6738, .T. ) ;
#8358 = CARTESIAN_POINT ( 'NONE',  ( 23.25000000000000000, 0.000000000000000000, 0.000000000000000000 ) ) ;
#8359 = ORIENTED_EDGE ( 'NONE', *, *, #6208, .F. ) ;
#8360 = CARTESIAN_POINT ( 'NONE',  ( 46.62500000002778222, -5.000000000000000888, -4.336808689942017736E-16 ) ) ;
#8361 = DIRECTION ( 'NONE',  ( 0.000000000000000000, 0.000000000000000000, 1.000000000000000000 ) ) ;
#8362 = ORIENTED_EDGE ( 'NONE', *, *, #2167, .F. ) ;
#8363 = EDGE_CURVE ( 'NONE', #781, #7639, #7072, .T. ) ;
#8364 = CARTESIAN_POINT ( 'NONE',  ( 65.87499999999998579, 0.000000000000000000, 0.000000000000000000 ) ) ;
#8365 = CARTESIAN_POINT ( 'NONE',  ( 80.35334765086507502, -4.935408751168086638, 0.06459124883191552646 ) ) ;
#8366 = ORIENTED_EDGE ( 'NONE', *, *, #257, .T. ) ;
#8367 = B_SPLINE_CURVE_WITH_KNOTS ( 'NONE', 3,
 ( #3029, #6466, #5727, #218, #1001, #264, #2985, #5130, #7959, #3078, #3617, #5678 ),
 .UNSPECIFIED., .F., .F.,
 ( 4, 2, 2, 2, 2, 4 ),
 ( 0.003504634718750187800, 0.003941423334025071813, 0.004378211949299955393, 0.005251789179849723418, 0.006125366410399490577, 0.006998943640949258603 ),
 .UNSPECIFIED. ) ;
#8368 = CARTESIAN_POINT ( 'NONE',  ( 59.51172757693689874, -4.502552532146859576, -0.4974474678531413674 ) ) ;
#8369 = CARTESIAN_POINT ( 'NONE',  ( 84.54368978649833366, -4.960065625086346408, 0.03993437491365134373 ) ) ;
#8370 = CARTESIAN_POINT ( 'NONE',  ( 0.000000000000000000, 0.000000000000000000, 0.000000000000000000 ) ) ;
#8371 = B_SPLINE_CURVE_WITH_KNOTS ( 'NONE', 3,
 ( #3548, #5654, #6904, #2821, #746, #2229, #8994, #8393, #620, #1348, #3426, #6301, #8309, #8491, #10, #7075 ),
 .UNSPECIFIED., .F., .F.,
 ( 4, 2, 2, 2, 2, 2, 2, 4 ),
 ( 4.818711198525359572E-07, 0.0008765200830205849714, 0.001314539188970950418, 0.001752558294921315865, 0.002190577400871680878, 0.002628596506822046541, 0.003066615612772411771, 0.003504634718722777435 ),
 .UNSPECIFIED. ) ;
#8372 = DIRECTION ( 'NONE',  ( -1.000000000000000000, -0.000000000000000000, -0.000000000000000000 ) ) ;
#8373 = CARTESIAN_POINT ( 'NONE',  ( 30.42125362935749422, -4.991698401481105662, -0.008301598518896368892 ) ) ;
#8374 = TOROIDAL_SURFACE ( 'NONE', #7937, 1.000000000000000000, 4.000000000000001776 ) ;
#8375 = ORIENTED_EDGE ( 'NONE', *, *, #4963, .F. ) ;
#8376 = EDGE_CURVE ( 'NONE', #203, #3346, #4637, .T. ) ;
#8377 = DIRECTION ( 'NONE',  ( -1.000000000000000000, -0.000000000000000000, -0.000000000000000000 ) ) ;
#8378 = EDGE_CURVE ( 'NONE', #2260, #6933, #5368, .T. ) ;
#8379 = CARTESIAN_POINT ( 'NONE',  ( 115.2539988371174218, -1.137203174285758012, 3.862796825714241766 ) ) ;
#8380 = FACE_OUTER_BOUND ( 'NONE', #340, .T. ) ;
#8381 = CARTESIAN_POINT ( 'NONE',  ( 43.60263427936256875, -4.040089233410290248, -0.9599107665897105290 ) ) ;
#8382 = CARTESIAN_POINT ( 'NONE',  ( 104.3750000000000000, 0.000000000000000000, 0.000000000000000000 ) ) ;
#8383 = ORIENTED_EDGE ( 'NONE', *, *, #6307, .F. ) ;
#8384 = ORIENTED_EDGE ( 'NONE', *, *, #7344, .T. ) ;
#8385 = DIRECTION ( 'NONE',  ( -1.000000000000000000, -0.000000000000000000, -0.000000000000000000 ) ) ;
#8386 = CARTESIAN_POINT ( 'NONE',  ( 23.47821941570033744, -4.840676868225213703, 0.1593231317747858811 ) ) ;
#8387 = AXIS2_PLACEMENT_3D ( 'NONE', #1130, #481, #6094 ) ;
#8388 = CARTESIAN_POINT ( 'NONE',  ( 51.39940186600654215, -4.935956332723922202, 0.06404366727607921361 ) ) ;
#8389 = SECURITY_CLASSIFICATION_LEVEL ( 'unclassified' ) ;
#8390 = VERTEX_POINT ( 'NONE', #2905 ) ;
#8391 = CARTESIAN_POINT ( 'NONE',  ( 94.97953806259079101, -0.1676550930109080573, 4.832344906989091804 ) ) ;
#8392 = VECTOR ( 'NONE', #6946, 1000.000000000000000 ) ;
#8393 = CARTESIAN_POINT ( 'NONE',  ( 26.15967868777051564, -4.686141179195682405, 0.3138588208043200378 ) ) ;
#8394 = CARTESIAN_POINT ( 'NONE',  ( 122.4790520940311467, -0.1678070597022680299, 4.832192940297733941 ) ) ;
#8395 = CARTESIAN_POINT ( 'NONE',  ( 93.49621622079726535, -1.136863993905387948, -3.863136006094610941 ) ) ;
#8396 = FACE_OUTER_BOUND ( 'NONE', #1240, .T. ) ;
#8397 = EDGE_CURVE ( 'NONE', #4758, #8687, #7559, .T. ) ;
#8398 = DIRECTION ( 'NONE',  ( -1.000000000000000000, -0.000000000000000000, -0.000000000000000000 ) ) ;
#8399 = CARTESIAN_POINT ( 'NONE',  ( 79.62500000000000000, 0.000000000000000000, 0.000000000000000000 ) ) ;
#8400 = EDGE_LOOP ( 'NONE', ( #5590, #8747, #684, #8119 ) ) ;
#8401 = DIRECTION ( 'NONE',  ( 0.000000000000000000, 0.000000000000000000, 1.000000000000000000 ) ) ;
#8402 = CARTESIAN_POINT ( 'NONE',  ( 90.04368978649834787, -4.960065625086349961, 0.03993437491365041392 ) ) ;
#8403 = ORIENTED_EDGE ( 'NONE', *, *, #8012, .T. ) ;
#8404 = AXIS2_PLACEMENT_3D ( 'NONE', #6418, #3082, #7193 ) ;
#8405 = CARTESIAN_POINT ( 'NONE',  ( 0.000000000000000000, 1.224646799147353207E-16, -1.000000000000000000 ) ) ;
#8406 = TOROIDAL_SURFACE ( 'NONE', #4462, 1.000000000000000000, 3.999999999999999112 ) ;
#8407 = CARTESIAN_POINT ( 'NONE',  ( 0.000000000000000000, 0.000000000000000000, 0.000000000000000000 ) ) ;
#8408 = VERTEX_POINT ( 'NONE', #189 ) ;
#8409 = CARTESIAN_POINT ( 'NONE',  ( 57.92125362938285349, -4.991698401479169434, -0.008301598520829487488 ) ) ;
#8410 = DIRECTION ( 'NONE',  ( -0.000000000000000000, 1.000000000000000000, 1.224646799147353207E-16 ) ) ;
#8412 = CARTESIAN_POINT ( 'NONE',  ( 85.41746587457268447, -0.008042224642539314017, 4.991957775357460214 ) ) ;
#8411 = CARTESIAN_POINT ( 'NONE',  ( 13.33253412545236216, -4.991957775359342264, -0.008042224640657591808 ) ) ;
#8413 = CARTESIAN_POINT ( 'NONE',  ( 113.6324020305583957, -4.872131520497876345, -0.1278684795021238496 ) ) ;
#8414 = CARTESIAN_POINT ( 'NONE',  ( 96.12499999999998579, 0.000000000000000000, 0.000000000000000000 ) ) ;
#8415 = CARTESIAN_POINT ( 'NONE',  ( 31.65967868775787508, -4.686141179201367635, -0.3138588207986341971 ) ) ;
#8416 = CIRCLE ( 'NONE', #1693, 3.904737509655568761 ) ;
#8417 = ORIENTED_EDGE ( 'NONE', *, *, #4785, .T. ) ;
#8418 = CARTESIAN_POINT ( 'NONE',  ( 39.97821941570028059, -4.840676868225191498, 0.1593231317748085574 ) ) ;
#8419 = CARTESIAN_POINT ( 'NONE',  ( 120.8749999999999858, -3.671958834454324805, 1.328041165545675195 ) ) ;
#8420 = CIRCLE ( 'NONE', #673, 3.999999999999996447 ) ;
#8421 = CARTESIAN_POINT ( 'NONE',  ( 14.63240203055832289, -4.872131520497896773, 0.1278684795021041432 ) ) ;
#8422 = EDGE_CURVE ( 'NONE', #2328, #5788, #8698, .T. ) ;
#8423 = AXIS2_PLACEMENT_3D ( 'NONE', #7807, #2373, #249 ) ;
#8424 = DIRECTION ( 'NONE',  ( 0.000000000000000000, 0.000000000000000000, 1.000000000000000000 ) ) ;
#8425 = AXIS2_PLACEMENT_3D ( 'NONE', #8951, #6934, #3501 ) ;
#8426 = ORIENTED_EDGE ( 'NONE', *, *, #8754, .T. ) ;
#8427 = CARTESIAN_POINT ( 'NONE',  ( 70.72625045371997032, -4.359865889253468296, 0.6401341107465335911 ) ) ;
#8428 = ORIENTED_EDGE ( 'NONE', *, *, #5763, .T. ) ;
#8429 = EDGE_LOOP ( 'NONE', ( #2956, #8889, #5541, #7456, #2813, #629 ) ) ;
#8430 = DIRECTION ( 'NONE',  ( 0.000000000000000000, 0.000000000000000000, 1.000000000000000000 ) ) ;
#8431 = CARTESIAN_POINT ( 'NONE',  ( 59.73119955116402480, -0.6335913640930933566, 4.366408635906906532 ) ) ;
#8432 = TOROIDAL_SURFACE ( 'NONE', #8293, 1.000000000000000000, 4.000000000000000000 ) ;
#8433 = EDGE_CURVE ( 'NONE', #4743, #5784, #2447, .T. ) ;
#8434 = CARTESIAN_POINT ( 'NONE',  ( 13.62499999999979039, 2.854305633574743335E-13, -5.000000000000285105 ) ) ;
#8435 = ORIENTED_EDGE ( 'NONE', *, *, #4564, .F. ) ;
#8436 = DIRECTION ( 'NONE',  ( 0.000000000000000000, 0.000000000000000000, 1.000000000000000000 ) ) ;
#8437 = AXIS2_PLACEMENT_3D ( 'NONE', #8470, #2212, #8516 ) ;
#8438 = DIRECTION ( 'NONE',  ( 0.000000000000000000, 0.000000000000000000, 1.000000000000000000 ) ) ;
#8439 = TOROIDAL_SURFACE ( 'NONE', #2169, 1.000000000000000000, 4.000000000000000000 ) ;
#8440 = CARTESIAN_POINT ( 'NONE',  ( 79.62500000000000000, 0.000000000000000000, 1.000000000000000000 ) ) ;
#8441 = CC_DESIGN_APPROVAL ( #6809, ( #2624 ) ) ;
#8442 = CARTESIAN_POINT ( 'NONE',  ( 94.23827242307174856, -0.4974474678478734146, -4.502552532152127363 ) ) ;
#8443 = FACE_OUTER_BOUND ( 'NONE', #3535, .T. ) ;
#8444 = CIRCLE ( 'NONE', #4502, 3.999999999999997335 ) ;
#8445 = CARTESIAN_POINT ( 'NONE',  ( 76.99600116288350193, -3.862796825715727689, 1.137203174284272977 ) ) ;
#8446 = ORIENTED_EDGE ( 'NONE', *, *, #6587, .F. ) ;
#8447 = CARTESIAN_POINT ( 'NONE',  ( 102.3533476508651034, -4.935408751168083086, -0.06459124883191602606 ) ) ;
#8448 = APPROVAL_PERSON_ORGANIZATION ( #7576, #5259, #1255 ) ;
#8449 = CARTESIAN_POINT ( 'NONE',  ( 89.21616362764446251, -4.748219996440593782, 0.2517800035594067176 ) ) ;
#8450 = ORIENTED_EDGE ( 'NONE', *, *, #1555, .T. ) ;
#8451 = CARTESIAN_POINT ( 'NONE',  ( 89.47953806259080523, -0.1676550930109050042, -4.832344906989094468 ) ) ;
#8452 = B_SPLINE_CURVE_WITH_KNOTS ( 'NONE', 3,
 ( #6666, #8816, #5391, #5992, #3788, #2556, #1864, #3970, #6759, #8723, #2462, #4468 ),
 .UNSPECIFIED., .F., .F.,
 ( 4, 2, 2, 2, 2, 4 ),
 ( 0.003504634718722838150, 0.003941423334001142170, 0.004378211949279446624, 0.005251789179836056400, 0.006125366410392665308, 0.006998943640949275083 ),
 .UNSPECIFIED. ) ;
#8453 = ADVANCED_FACE ( 'NONE', ( #4910 ), #6245, .T. ) ;
#8454 = CARTESIAN_POINT ( 'NONE',  ( 79.77225720791399510, -4.999999999998964384, 1.034287579694991371E-12 ) ) ;
#8455 = CARTESIAN_POINT ( 'NONE',  ( 101.9212536293830169, -4.991698401479152558, 0.008301598520847820045 ) ) ;
#8456 = AXIS2_PLACEMENT_3D ( 'NONE', #3308, #2071, #4675 ) ;
#8457 = CARTESIAN_POINT ( 'NONE',  ( 60.37500000000000000, -3.671958834454334575, -1.328041165545665647 ) ) ;
#8459 = CARTESIAN_POINT ( 'NONE',  ( 96.12499999999978684, 2.818544231345960265E-13, 5.000000000000282441 ) ) ;
#8458 = CARTESIAN_POINT ( 'NONE',  ( 12.47953806259080345, -0.1676550930109047266, -4.832344906989095357 ) ) ;
#8460 = CIRCLE ( 'NONE', #1435, 3.904737509655560768 ) ;
#8461 = ORIENTED_EDGE ( 'NONE', *, *, #7780, .T. ) ;
#8462 = CARTESIAN_POINT ( 'NONE',  ( 36.35059813401476703, -0.06404366728010837950, 4.935956332719892536 ) ) ;
#8463 = DIRECTION ( 'NONE',  ( 0.000000000000000000, 0.000000000000000000, 1.000000000000000000 ) ) ;
#8464 = ORIENTED_EDGE ( 'NONE', *, *, #7202, .F. ) ;
#8465 = CARTESIAN_POINT ( 'NONE',  ( 48.15967868777045879, -4.686141179195703721, -0.3138588208042949468 ) ) ;
#8466 = CIRCLE ( 'NONE', #1006, 3.904737509655562544 ) ;
#8467 = ORIENTED_EDGE ( 'NONE', *, *, #3823, .F. ) ;
#8468 = CARTESIAN_POINT ( 'NONE',  ( 100.2157622822055458, -0.2608011982980546484, -4.739198801701945740 ) ) ;
#8469 = CARTESIAN_POINT ( 'NONE',  ( 89.25000000000000000, 0.000000000000000000, 0.000000000000000000 ) ) ;
#8470 = CARTESIAN_POINT ( 'NONE',  ( 112.6250000000000000, 0.000000000000000000, 1.000000000000000000 ) ) ;
#8471 = CARTESIAN_POINT ( 'NONE',  ( 54.87499999999999289, -3.671958834454339904, -1.328041165545660318 ) ) ;
#8472 = AXIS2_PLACEMENT_3D ( 'NONE', #6484, #1762, #6438 ) ;
#8473 = EDGE_CURVE ( 'NONE', #4632, #1209, #7495, .T. ) ;
#8474 = CARTESIAN_POINT ( 'NONE',  ( 106.5436897864755110, -4.960065625082930474, 0.03993437491706866571 ) ) ;
#8475 = ADVANCED_FACE ( 'NONE', ( #1849 ), #686, .T. ) ;
#8476 = CARTESIAN_POINT ( 'NONE',  ( 74.27184353044837906, 6.345970840829211041E-15, -5.000000000000006217 ) ) ;
#8477 = VERTEX_POINT ( 'NONE', #5928 ) ;
#8478 = TOROIDAL_SURFACE ( 'NONE', #6883, 1.000000000000000000, 3.999999999999997335 ) ;
#8479 = DIRECTION ( 'NONE',  ( 0.000000000000000000, -1.000000000000000000, 0.000000000000000000 ) ) ;
#8480 = ADVANCED_FACE ( 'NONE', ( #1152 ), #4485, .F. ) ;
#8481 = ORIENTED_EDGE ( 'NONE', *, *, #4730, .F. ) ;
#8482 = VECTOR ( 'NONE', #5902, 1000.000000000000000 ) ;
#8483 = VERTEX_POINT ( 'NONE', #3770 ) ;
#8484 = CARTESIAN_POINT ( 'NONE',  ( 27.25399883711745019, -1.137203174285764229, -3.862796825714235993 ) ) ;
#8485 = CARTESIAN_POINT ( 'NONE',  ( 81.39842623724024406, -4.567820679626466429, -0.4321793203735330158 ) ) ;
#8486 = CARTESIAN_POINT ( 'NONE',  ( 32.75399883711744309, -1.137203174285768004, -3.862796825714231996 ) ) ;
#8487 = AXIS2_PLACEMENT_3D ( 'NONE', #4704, #6084, #332 ) ;
#8488 = VERTEX_POINT ( 'NONE', #6022 ) ;
#8489 = CARTESIAN_POINT ( 'NONE',  ( 94.02374954628649562, -0.6401341107417659604, 4.359865889258234262 ) ) ;
#8490 = EDGE_CURVE ( 'NONE', #7213, #8185, #3180, .T. ) ;
#8491 = CARTESIAN_POINT ( 'NONE',  ( 24.92125362938296718, -4.991698401479161440, 0.008301598520839602660 ) ) ;
#8492 = DIRECTION ( 'NONE',  ( 0.000000000000000000, 0.000000000000000000, -1.000000000000000000 ) ) ;
#8493 = ADVANCED_FACE ( 'NONE', ( #6571 ), #6108, .T. ) ;
#8494 = LINE ( 'NONE', #5229, #4365 ) ;
#8495 = FACE_OUTER_BOUND ( 'NONE', #7880, .T. ) ;
#8496 = APPROVAL ( #5386, 'UNSPECIFIED' ) ;
#8497 = ORIENTED_EDGE ( 'NONE', *, *, #2121, .T. ) ;
#8498 = DIRECTION ( 'NONE',  ( 0.000000000000000000, 0.000000000000000000, 1.000000000000000000 ) ) ;
#8499 = FACE_OUTER_BOUND ( 'NONE', #5719, .T. ) ;
#8500 = ORIENTED_EDGE ( 'NONE', *, *, #1929, .F. ) ;
#8501 = FACE_OUTER_BOUND ( 'NONE', #8108, .T. ) ;
#8502 = CARTESIAN_POINT ( 'NONE',  ( 77.14877465030180304, -4.041784260362680570, -0.9582157396373194302 ) ) ;
#8503 = ADVANCED_FACE ( 'NONE', ( #3097 ), #3819, .F. ) ;
#8504 = LINE ( 'NONE', #3791, #3938 ) ;
#8505 = DIRECTION ( 'NONE',  ( -1.000000000000000000, -0.000000000000000000, -0.000000000000000000 ) ) ;
#8507 = CARTESIAN_POINT ( 'NONE',  ( 96.27184353044836485, 6.261585183459006102E-15, 5.000000000000006217 ) ) ;
#8506 = CARTESIAN_POINT ( 'NONE',  ( 5.243967115284439373, -3.866513064861815785, 1.133486935138184215 ) ) ;
#8508 = TOROIDAL_SURFACE ( 'NONE', #307, 1.000000000000000000, 3.999999999999997335 ) ;
#8509 = CARTESIAN_POINT ( 'NONE',  ( 97.89842623724028670, -4.567820679626460212, 0.4321793203735401767 ) ) ;
#8510 = CARTESIAN_POINT ( 'NONE',  ( 35.62500000000000000, 1.224646799147353207E-16, -1.000000000000000000 ) ) ;
#8511 = EDGE_LOOP ( 'NONE', ( #8384, #715, #3330, #8758, #6076, #5989 ) ) ;
#8512 = LINE ( 'NONE', #7096, #6789 ) ;
#8513 = EDGE_LOOP ( 'NONE', ( #423, #4680, #8083 ) ) ;
#8514 = CARTESIAN_POINT ( 'NONE',  ( 99.14736572063975473, -0.9599107665869607287, -4.040089233413039160 ) ) ;
#8515 = DIRECTION ( 'NONE',  ( 0.000000000000000000, -1.224646799147353207E-16, 1.000000000000000000 ) ) ;
#8516 = DIRECTION ( 'NONE',  ( 0.000000000000000000, 0.000000000000000000, -1.000000000000000000 ) ) ;
#8517 = CARTESIAN_POINT ( 'NONE',  ( 98.87499999999998579, -1.328041165545675195, -3.671958834454324805 ) ) ;
#8518 = CARTESIAN_POINT ( 'NONE',  ( 41.12500000002778933, -5.000000000000000888, -4.336808689942017736E-16 ) ) ;
#8519 = TOROIDAL_SURFACE ( 'NONE', #4576, 0.9999999999999831246, 4.000000000000015987 ) ;
#8520 = CARTESIAN_POINT ( 'NONE',  ( 0.000000000000000000, 1.224646799147353207E-16, -1.000000000000000000 ) ) ;
#8521 = ORIENTED_EDGE ( 'NONE', *, *, #7797, .F. ) ;
#8522 = B_SPLINE_CURVE_WITH_KNOTS ( 'NONE', 3,
 ( #5608, #8395, #788, #4919, #6387, #8442, #2092, #4235, #7076, #7667, #4191, #3468, #3591, #5655, #2050, #6990 ),
 .UNSPECIFIED., .F., .F.,
 ( 4, 2, 2, 2, 2, 2, 2, 4 ),
 ( 4.818711198686234422E-07, 0.0008765200830274556690, 0.001314539188981249255, 0.001752558294935042732, 0.002190577400888836426, 0.002628596506842629903, 0.003066615612796423380, 0.003504634718750216857 ),
 .UNSPECIFIED. ) ;
#8523 = CARTESIAN_POINT ( 'NONE',  ( 2.500000000000000444, 0.000000000000000000, 0.000000000000000000 ) ) ;
#8524 = ORIENTED_EDGE ( 'NONE', *, *, #67, .T. ) ;
#8525 = VERTEX_POINT ( 'NONE', #5975 ) ;
#8526 = CARTESIAN_POINT ( 'NONE',  ( 23.09032131224201478, -0.3138588207986877654, -4.686141179201311679 ) ) ;
#8527 = CARTESIAN_POINT ( 'NONE',  ( 80.63240203055838151, -4.872131520497876345, -0.1278684795021238496 ) ) ;
#8528 = CARTESIAN_POINT ( 'NONE',  ( 76.87500000000000000, 0.000000000000000000, 0.000000000000000000 ) ) ;
#8529 = DIRECTION ( 'NONE',  ( 0.000000000000000000, -1.224646799147353207E-16, 1.000000000000000000 ) ) ;
#8530 = ORIENTED_EDGE ( 'NONE', *, *, #2870, .T. ) ;
#8531 = CARTESIAN_POINT ( 'NONE',  ( 17.02374954628649562, -0.6401341107417606313, -4.359865889258240479 ) ) ;
#8532 = EDGE_CURVE ( 'NONE', #6072, #7325, #3784, .T. ) ;
#8533 = CARTESIAN_POINT ( 'NONE',  ( 2.500000000000000000, 0.000000000000000000, 0.000000000000000000 ) ) ;
#8534 = CARTESIAN_POINT ( 'NONE',  ( 76.87500000000000000, 0.000000000000000000, 0.000000000000000000 ) ) ;
#8535 = CARTESIAN_POINT ( 'NONE',  ( 73.82874637064227841, -0.008301598518917907218, -4.991698401481082570 ) ) ;
#8536 = CARTESIAN_POINT ( 'NONE',  ( 29.53886551654431258, -0.04063066961492583368, -4.959369330385075436 ) ) ;
#8537 = EDGE_CURVE ( 'NONE', #7958, #5209, #376, .T. ) ;
#8538 = PERSON_AND_ORGANIZATION ( #6959, #4939 ) ;
#8539 = ORIENTED_EDGE ( 'NONE', *, *, #8537, .F. ) ;
#8540 = TOROIDAL_SURFACE ( 'NONE', #783, 1.000000000000000000, 1.374999999999994227 ) ;
#8541 = CARTESIAN_POINT ( 'NONE',  ( 90.62499999999998579, 1.224646799147353207E-16, -1.000000000000000000 ) ) ;
#8542 = CARTESIAN_POINT ( 'NONE',  ( 120.9961891356230552, -1.136906711513357315, -3.863093288486644461 ) ) ;
#8543 = ORIENTED_EDGE ( 'NONE', *, *, #1979, .T. ) ;
#8544 = CARTESIAN_POINT ( 'NONE',  ( 109.8749999999999858, 0.000000000000000000, 0.000000000000000000 ) ) ;
#8545 = DIRECTION ( 'NONE',  ( 0.000000000000000000, 0.000000000000000000, 1.000000000000000000 ) ) ;
#8546 = CARTESIAN_POINT ( 'NONE',  ( 18.83253412545231953, -4.991957775359338711, 0.008042224640661651061 ) ) ;
#8548 = CARTESIAN_POINT ( 'NONE',  ( 85.85059813401477413, -0.06404366728010880971, 4.935956332719892536 ) ) ;
#8547 = CARTESIAN_POINT ( 'NONE',  ( 8.125000000000000000, 0.000000000000000000, 0.000000000000000000 ) ) ;
#8549 = CARTESIAN_POINT ( 'NONE',  ( 36.77178058431635321, -0.1593231317801528935, 4.840676868219846440 ) ) ;
#8550 = DIRECTION ( 'NONE',  ( 0.000000000000000000, -1.224646799147353207E-16, 1.000000000000000000 ) ) ;
#8551 = ORIENTED_EDGE ( 'NONE', *, *, #6650, .T. ) ;
#8552 = DIRECTION ( 'NONE',  ( 0.000000000000000000, 0.000000000000000000, 1.000000000000000000 ) ) ;
#8553 = AXIS2_PLACEMENT_3D ( 'NONE', #4131, #3532, #4941 ) ;
#8554 = VERTEX_POINT ( 'NONE', #2401 ) ;
#8555 = CARTESIAN_POINT ( 'NONE',  ( 21.87500000000000000, -1.328041165545665425, -3.671958834454335019 ) ) ;
#8556 = CARTESIAN_POINT ( 'NONE',  ( 65.87499999999998579, -3.671958834454331466, 1.328041165545668756 ) ) ;
#8557 = CARTESIAN_POINT ( 'NONE',  ( 62.82874637064225709, -0.008301598518915490749, 4.991698401481084346 ) ) ;
#8558 = CARTESIAN_POINT ( 'NONE',  ( 35.62499999999978684, 2.834739505433365550E-13, 5.000000000000283329 ) ) ;
#8559 = CIRCLE ( 'NONE', #1254, 3.904737509655564320 ) ;
#8560 = CARTESIAN_POINT ( 'NONE',  ( 82.37499999999998579, -3.671958834454344345, -1.328041165545655877 ) ) ;
#8561 = VERTEX_POINT ( 'NONE', #1760 ) ;
#8562 = AXIS2_PLACEMENT_3D ( 'NONE', #7239, #3129, #6564 ) ;
#8563 = CARTESIAN_POINT ( 'NONE',  ( 106.5388655165443339, -0.04063066961493040641, -4.959369330385070107 ) ) ;
#8564 = ORIENTED_EDGE ( 'NONE', *, *, #1804, .T. ) ;
#8565 = EDGE_CURVE ( 'NONE', #5111, #7926, #7843, .T. ) ;
#8566 = ORIENTED_EDGE ( 'NONE', *, *, #4128, .F. ) ;
#8567 = CARTESIAN_POINT ( 'NONE',  ( 16.25399883711744309, -1.137203174285765117, 3.862796825714235105 ) ) ;
#8568 = EDGE_CURVE ( 'NONE', #8288, #5096, #532, .T. ) ;
#8569 = CARTESIAN_POINT ( 'NONE',  ( 92.39842623724025827, -4.567820679626460212, 0.4321793203735401767 ) ) ;
#8570 = AXIS2_PLACEMENT_3D ( 'NONE', #8523, #7153, #963 ) ;
#8571 = DIRECTION ( 'NONE',  ( -1.000000000000000000, -0.000000000000000000, -0.000000000000000000 ) ) ;
#8572 = CARTESIAN_POINT ( 'NONE',  ( 32.01876480693206162, -0.4915337874217338698, -4.508466212578266408 ) ) ;
#8573 = B_SPLINE_CURVE_WITH_KNOTS ( 'NONE', 3,
 ( #8360, #7804, #7715, #4240, #4884, #3516, #4321, #5578, #6261, #6310, #4843, #7673 ),
 .UNSPECIFIED., .F., .F.,
 ( 4, 2, 2, 2, 2, 4 ),
 ( 0.003504634718722901901, 0.003941423334001199416, 0.004378211949279496931, 0.005251789179836091961, 0.006125366410392686992, 0.006998943640949281154 ),
 .UNSPECIFIED. ) ;
#8574 = ADVANCED_FACE ( 'NONE', ( #8071 ), #5653, .T. ) ;
#8575 = ORIENTED_EDGE ( 'NONE', *, *, #4036, .T. ) ;
#8576 = DIRECTION ( 'NONE',  ( 0.000000000000000000, 0.000000000000000000, 1.000000000000000000 ) ) ;
#8577 = B_SPLINE_CURVE_WITH_KNOTS ( 'NONE', 3,
 ( #7286, #2393, #7924, #5832, #3810, #4444, #4994, #6473, #1649, #3675, #180, #6728 ),
 .UNSPECIFIED., .F., .F.,
 ( 4, 2, 2, 2, 2, 4 ),
 ( 0.003504634718750201244, 0.003941423334025086558, 0.004378211949299971872, 0.005251789179849742500, 0.006125366410399512261, 0.006998943640949282889 ),
 .UNSPECIFIED. ) ;
#8578 = ORIENTED_EDGE ( 'NONE', *, *, #767, .T. ) ;
#8579 = CARTESIAN_POINT ( 'NONE',  ( 8.125000000027860381, -5.000000000000000888, -4.336808689942017736E-16 ) ) ;
#8580 = AXIS2_PLACEMENT_3D ( 'NONE', #6169, #2692, #7071 ) ;
#8581 = LINE ( 'NONE', #5052, #6549 ) ;
#8582 = ADVANCED_FACE ( 'NONE', ( #5626 ), #681, .F. ) ;
#8583 = DIRECTION ( 'NONE',  ( 0.000000000000000000, -1.224646799147353207E-16, 1.000000000000000000 ) ) ;
#8584 = DATE_AND_TIME ( #4278, #995 ) ;
#8585 = VERTEX_POINT ( 'NONE', #6788 ) ;
#8586 = CARTESIAN_POINT ( 'NONE',  ( 118.4174658745726703, -0.008042224642539931578, -4.991957775357460214 ) ) ;
#8587 = TOROIDAL_SURFACE ( 'NONE', #2612, 1.000000000000000000, 4.000000000000000000 ) ;
#8588 = DIRECTION ( 'NONE',  ( -1.000000000000000000, -0.000000000000000000, -0.000000000000000000 ) ) ;
#8589 = ORIENTED_EDGE ( 'NONE', *, *, #6013, .F. ) ;
#8590 = B_SPLINE_CURVE_WITH_KNOTS ( 'NONE', 3,
 ( #1967, #5449, #8824, #1043, #8869, #3841, #1784, #5261, #7451, #8051, #339, #3340, #8783, #2564, #528, #6140 ),
 .UNSPECIFIED., .F., .F.,
 ( 4, 2, 2, 2, 2, 2, 2, 4 ),
 ( 4.818711198674780419E-07, 0.0008765200830274905803, 0.001314539188981314090, 0.001752558294935138141, 0.002190577400888961326, 0.002628596506842785160, 0.003066615612796609429, 0.003504634718750433264 ),
 .UNSPECIFIED. ) ;
#8591 = DIRECTION ( 'NONE',  ( 0.000000000000000000, 0.000000000000000000, 1.000000000000000000 ) ) ;
#8592 = DIRECTION ( 'NONE',  ( -1.000000000000000000, -0.000000000000000000, -0.000000000000000000 ) ) ;
#8593 = EDGE_CURVE ( 'NONE', #9003, #2247, #9018, .T. ) ;
#8594 = CARTESIAN_POINT ( 'NONE',  ( 35.62499999999978684, 2.834739505433365550E-13, 5.000000000000283329 ) ) ;
#8595 = CARTESIAN_POINT ( 'NONE',  ( 100.4782194157003801, -4.840676868225227025, -0.1593231317747715869 ) ) ;
#8596 = TOROIDAL_SURFACE ( 'NONE', #4211, 1.000000000000000000, 4.000000000000000000 ) ;
#8598 = CARTESIAN_POINT ( 'NONE',  ( 107.1250000000000000, 0.000000000000000000, 1.000000000000000000 ) ) ;
#8597 = CARTESIAN_POINT ( 'NONE',  ( 87.75378377920365836, -3.863136006093129016, -1.136863993906871206 ) ) ;
#8599 = EDGE_CURVE ( 'NONE', #6202, #2328, #5809, .T. ) ;
#8600 = CARTESIAN_POINT ( 'NONE',  ( 96.12500000002798117, -5.000000000000000888, -4.336808689942017736E-16 ) ) ;
#8601 = DIRECTION ( 'NONE',  ( -0.000000000000000000, 1.000000000000000000, 1.224646799147353207E-16 ) ) ;
#8602 = ORIENTED_EDGE ( 'NONE', *, *, #8593, .F. ) ;
#8603 = DIRECTION ( 'NONE',  ( -1.000000000000000000, -0.000000000000000000, -0.000000000000000000 ) ) ;
#8604 = ORIENTED_EDGE ( 'NONE', *, *, #185, .T. ) ;
#8605 = CARTESIAN_POINT ( 'NONE',  ( 21.01876480693204030, -0.4915337874217338698, -4.508466212578265520 ) ) ;
#8606 = DIRECTION ( 'NONE',  ( 0.000000000000000000, 0.000000000000000000, 1.000000000000000000 ) ) ;
#8607 = ADVANCED_FACE ( 'NONE', ( #2637 ), #6973, .T. ) ;
#8608 = CARTESIAN_POINT ( 'NONE',  ( 62.53886551654429127, -0.04063066961492684676, 4.959369330385072772 ) ) ;
#8609 = AXIS2_PLACEMENT_3D ( 'NONE', #233, #7883, #3768 ) ;
#8610 = DIRECTION ( 'NONE',  ( -1.000000000000000000, -0.000000000000000000, -0.000000000000000000 ) ) ;
#8611 = EDGE_CURVE ( 'NONE', #6410, #1032, #2603, .T. ) ;
#8612 = EDGE_CURVE ( 'NONE', #5643, #6148, #5819, .T. ) ;
#8613 = CARTESIAN_POINT ( 'NONE',  ( 95.39940186600667005, -4.935956332723948847, 0.06404366727605186049 ) ) ;
#8614 = AXIS2_PLACEMENT_3D ( 'NONE', #4448, #5118, #252 ) ;
#8615 = CIRCLE ( 'NONE', #6145, 3.904737509655565653 ) ;
#8616 = LINE ( 'NONE', #8520, #2202 ) ;
#8617 = ORIENTED_EDGE ( 'NONE', *, *, #61, .F. ) ;
#8618 = AXIS2_PLACEMENT_3D ( 'NONE', #2840, #7600, #4126 ) ;
#8619 = ORIENTED_EDGE ( 'NONE', *, *, #2010, .F. ) ;
#8620 = ORIENTED_EDGE ( 'NONE', *, *, #4590, .F. ) ;
#8621 = DIRECTION ( 'NONE',  ( 0.000000000000000000, 0.000000000000000000, 1.000000000000000000 ) ) ;
#8622 = EDGE_CURVE ( 'NONE', #7152, #1505, #241, .T. ) ;
#8623 = CARTESIAN_POINT ( 'NONE',  ( 81.15967868777052274, -4.686141179195659312, -0.3138588208043388561 ) ) ;
#8624 = DIRECTION ( 'NONE',  ( -1.000000000000000000, -0.000000000000000000, -0.000000000000000000 ) ) ;
#8625 = CARTESIAN_POINT ( 'NONE',  ( 120.2262504537199419, -4.359865889253467408, -0.6401341107465334801 ) ) ;
#8626 = AXIS2_PLACEMENT_3D ( 'NONE', #4772, #6332, #38 ) ;
#8627 = ORIENTED_EDGE ( 'NONE', *, *, #311, .F. ) ;
#8628 = CARTESIAN_POINT ( 'NONE',  ( 17.71576228220553872, -0.2608011982980512622, -4.739198801701948405 ) ) ;
#8629 = VERTEX_POINT ( 'NONE', #4934 ) ;
#8630 = CIRCLE ( 'NONE', #7889, 3.904737509655562544 ) ;
#8631 = DIRECTION ( 'NONE',  ( -1.000000000000000000, -0.000000000000000000, -0.000000000000000000 ) ) ;
#8632 = CARTESIAN_POINT ( 'NONE',  ( 90.62499999999998579, 0.000000000000000000, 0.000000000000000000 ) ) ;
#8633 = TOROIDAL_SURFACE ( 'NONE', #4245, 1.000000000000000000, 3.999999999999997335 ) ;
#8634 = CARTESIAN_POINT ( 'NONE',  ( 78.21616362764447672, -4.748219996440587565, 0.2517800035594120467 ) ) ;
#8635 = PERSON_AND_ORGANIZATION ( #6959, #4939 ) ;
#8636 = EDGE_LOOP ( 'NONE', ( #6630, #1795, #7858, #7319 ) ) ;
#8637 = DIRECTION ( 'NONE',  ( -1.000000000000000000, -0.000000000000000000, -0.000000000000000000 ) ) ;
#8638 = VERTEX_POINT ( 'NONE', #4252 ) ;
#8639 = DIRECTION ( 'NONE',  ( -0.000000000000000000, 1.000000000000000000, 1.224646799147353207E-16 ) ) ;
#8640 = B_SPLINE_CURVE_WITH_KNOTS ( 'NONE', 3,
 ( #8324, #3562, #6359, #6589, #5202, #8595, #2467, #5161, #3836, #946, #8726, #7950 ),
 .UNSPECIFIED., .F., .F.,
 ( 4, 2, 2, 2, 2, 4 ),
 ( 0.003504634718722713684, 0.003941423334001038087, 0.004378211949279363358, 0.005251789179836012164, 0.006125366410392660971, 0.006998943640949310645 ),
 .UNSPECIFIED. ) ;
#8641 = FACE_OUTER_BOUND ( 'NONE', #5757, .T. ) ;
#8642 = CARTESIAN_POINT ( 'NONE',  ( 83.97821941570038007, -4.840676868225227025, -0.1593231317747716147 ) ) ;
#8643 = LINE ( 'NONE', #3111, #8482 ) ;
#8645 = CARTESIAN_POINT ( 'NONE',  ( 38.37499999999999289, -1.328041165545660540, 3.671958834454339460 ) ) ;
#8644 = CARTESIAN_POINT ( 'NONE',  ( 85.71113448347813346, -4.959369330381670160, -0.04063066961832854235 ) ) ;
#8646 = CARTESIAN_POINT ( 'NONE',  ( 38.10122534970068386, -0.9582157396401932425, 4.041784260359808201 ) ) ;
#8647 = CARTESIAN_POINT ( 'NONE',  ( 20.49999999999999645, 1.224646799147353207E-16, -1.000000000000000000 ) ) ;
#8648 = ORIENTED_EDGE ( 'NONE', *, *, #5301, .F. ) ;
#8649 = EDGE_CURVE ( 'NONE', #6209, #7546, #1863, .T. ) ;
#8650 = CARTESIAN_POINT ( 'NONE',  ( 88.14877465030180304, -4.041784260362697445, -0.9582157396373037761 ) ) ;
#8651 = EDGE_LOOP ( 'NONE', ( #5567, #5985, #1136 ) ) ;
#8652 = CARTESIAN_POINT ( 'NONE',  ( 47.77178058431636742, -0.1593231317801506453, 4.840676868219849993 ) ) ;
#8653 = CARTESIAN_POINT ( 'NONE',  ( 10.75378377920365303, -3.863136006093129460, -1.136863993906869430 ) ) ;
#8654 = CARTESIAN_POINT ( 'NONE',  ( 55.51880044884219956, -4.366408635911662728, -0.6335913640883391595 ) ) ;
#8655 = CARTESIAN_POINT ( 'NONE',  ( 40.39940186600653504, -4.935956332723922202, -0.06404366727607932464 ) ) ;
#8656 = ADVANCED_FACE ( 'NONE', ( #6363 ), #5378, .T. ) ;
#8657 = DIRECTION ( 'NONE',  ( -1.000000000000000000, -0.000000000000000000, -0.000000000000000000 ) ) ;
#8658 = DIRECTION ( 'NONE',  ( -1.000000000000000000, -0.000000000000000000, -0.000000000000000000 ) ) ;
#8659 = ORIENTED_EDGE ( 'NONE', *, *, #6208, .T. ) ;
#8660 = EDGE_LOOP ( 'NONE', ( #7806, #7773, #6036, #7388, #6884, #1361 ) ) ;
#8661 = CARTESIAN_POINT ( 'NONE',  ( 24.03886551654430548, -0.04063066961492747819, -4.959369330385072772 ) ) ;
#8662 = CARTESIAN_POINT ( 'NONE',  ( 83.35157376276966090, -0.4321793203680438511, 4.567820679631957148 ) ) ;
#8663 = CARTESIAN_POINT ( 'NONE',  ( 21.87500000000000000, 4.781924292710292592E-16, -3.904737509655563432 ) ) ;
#8664 = CARTESIAN_POINT ( 'NONE',  ( 119.5342377178084234, -4.739198801696314689, -0.2608011983036852000 ) ) ;
#8665 = B_SPLINE_CURVE_WITH_KNOTS ( 'NONE', 3,
 ( #4676, #2536, #7419, #7509, #6062, #2676, #5315, #2579, #6881, #3899, #8106, #545 ),
 .UNSPECIFIED., .F., .F.,
 ( 4, 2, 2, 2, 2, 4 ),
 ( 0.003504634718722881952, 0.003941423334001180334, 0.004378211949279477849, 0.005251789179836072879, 0.006125366410392668777, 0.006998943640949264675 ),
 .UNSPECIFIED. ) ;
#8666 = CARTESIAN_POINT ( 'NONE',  ( 30.12500000000000000, 0.000000000000000000, 0.000000000000000000 ) ) ;
#8667 = CIRCLE ( 'NONE', #1504, 3.904737509655563876 ) ;
#8668 = ORIENTED_EDGE ( 'NONE', *, *, #6991, .F. ) ;
#8669 = CARTESIAN_POINT ( 'NONE',  ( 52.12500000000000000, 0.000000000000000000, 1.000000000000000000 ) ) ;
#8670 = CARTESIAN_POINT ( 'NONE',  ( 48.00000000000000000, 1.224646799147353207E-16, -1.000000000000000000 ) ) ;
#8671 = COORDINATED_UNIVERSAL_TIME_OFFSET ( 3, 30, .AHEAD. ) ;
#8672 = EDGE_LOOP ( 'NONE', ( #6539, #6521, #1155, #7126, #5774, #7770 ) ) ;
#8673 = CARTESIAN_POINT ( 'NONE',  ( 24.62499999999979394, 2.855508749164137931E-13, 5.000000000000285105 ) ) ;
#8674 = ORIENTED_EDGE ( 'NONE', *, *, #4942, .T. ) ;
#8675 = DIRECTION ( 'NONE',  ( -1.000000000000000000, -0.000000000000000000, -0.000000000000000000 ) ) ;
#8676 = CARTESIAN_POINT ( 'NONE',  ( 70.51876480693204030, -0.4915337874217388658, 4.508466212578261967 ) ) ;
#8677 = DIRECTION ( 'NONE',  ( -1.000000000000000000, -0.000000000000000000, -0.000000000000000000 ) ) ;
#8678 = CARTESIAN_POINT ( 'NONE',  ( 63.12499999999998579, 0.000000000000000000, 1.000000000000000000 ) ) ;
#8679 = EDGE_CURVE ( 'NONE', #5967, #602, #1416, .T. ) ;
#8681 = CARTESIAN_POINT ( 'NONE',  ( 19.12500000000000000, 0.000000000000000000, 0.000000000000000000 ) ) ;
#8680 = CARTESIAN_POINT ( 'NONE',  ( 56.09032131224200413, -0.3138588207986854894, 4.686141179201314344 ) ) ;
#8682 = ADVANCED_FACE ( 'NONE', ( #5469 ), #5674, .F. ) ;
#8683 = CARTESIAN_POINT ( 'NONE',  ( 56.47953806259079101, -0.1676550930109043380, -4.832344906989096245 ) ) ;
#8684 = AXIS2_PLACEMENT_3D ( 'NONE', #3843, #8053, #5869 ) ;
#8685 = DIRECTION ( 'NONE',  ( 0.000000000000000000, -1.224646799147353454E-16, 1.000000000000000000 ) ) ;
#8686 = CARTESIAN_POINT ( 'NONE',  ( 5.243967115284440261, -3.866513064861816229, -1.133486935138184881 ) ) ;
#8687 = VERTEX_POINT ( 'NONE', #5377 ) ;
#8688 = CARTESIAN_POINT ( 'NONE',  ( 100.4795380625908052, -0.1676550930109080573, 4.832344906989091804 ) ) ;
#8689 = ORIENTED_EDGE ( 'NONE', *, *, #5937, .F. ) ;
#8690 = DIRECTION ( 'NONE',  ( 0.000000000000000000, 0.000000000000000000, 1.000000000000000000 ) ) ;
#8691 = AXIS2_PLACEMENT_3D ( 'NONE', #7123, #845, #7633 ) ;
#8692 = CARTESIAN_POINT ( 'NONE',  ( 65.99600116288350193, -3.862796825715730353, 1.137203174284270091 ) ) ;
#8693 = VERTEX_POINT ( 'NONE', #7772 ) ;
#8694 = DIRECTION ( 'NONE',  ( 0.000000000000000000, 0.000000000000000000, -1.000000000000000000 ) ) ;
#8695 = CARTESIAN_POINT ( 'NONE',  ( 70.51876480693201188, -0.4915337874217386438, -4.508466212578261967 ) ) ;
#8696 = CARTESIAN_POINT ( 'NONE',  ( 34.89665234915599257, -0.06459124882792187383, 4.935408751172077224 ) ) ;
#8697 = DIRECTION ( 'NONE',  ( -1.000000000000000000, -0.000000000000000000, -0.000000000000000000 ) ) ;
#8698 = B_SPLINE_CURVE_WITH_KNOTS ( 'NONE', 3,
 ( #8434, #2999, #7112, #829, #3047, #3638, #3543, #6434, #926, #7884, #5792, #2129 ),
 .UNSPECIFIED., .F., .F.,
 ( 4, 2, 2, 2, 2, 4 ),
 ( 0.003504634718750201244, 0.003941423334025084824, 0.004378211949299969270, 0.005251789179849741633, 0.006125366410399513996, 0.006998943640949286359 ),
 .UNSPECIFIED. ) ;
#8699 = TOROIDAL_SURFACE ( 'NONE', #5786, 1.000000000000000000, 1.374999999999994227 ) ;
#8700 = CARTESIAN_POINT ( 'NONE',  ( 0.000000000000000000, 0.000000000000000000, 1.000000000000000000 ) ) ;
#8701 = ORIENTED_EDGE ( 'NONE', *, *, #1775, .F. ) ;
#8702 = CARTESIAN_POINT ( 'NONE',  ( 78.47953806259079101, -0.1676550930109091120, 4.832344906989090028 ) ) ;
#8703 = EDGE_CURVE ( 'NONE', #8629, #3714, #961, .T. ) ;
#8704 = CARTESIAN_POINT ( 'NONE',  ( 27.64877465029929127, -4.041784260359782444, 0.9582157396402180005 ) ) ;
#8705 = CARTESIAN_POINT ( 'NONE',  ( 48.39842623724020854, -4.567820679626507285, 0.4321793203734922151 ) ) ;
#8706 = DIRECTION ( 'NONE',  ( -1.000000000000000000, -0.000000000000000000, -0.000000000000000000 ) ) ;
#8707 = CARTESIAN_POINT ( 'NONE',  ( 118.1250000000279670, -5.000000000000000888, -4.336808689942017736E-16 ) ) ;
#8708 = CARTESIAN_POINT ( 'NONE',  ( 16.64736572063977604, -0.9599107665869519579, -4.040089233413048930 ) ) ;
#8709 = AXIS2_PLACEMENT_3D ( 'NONE', #8358, #3513, #6259 ) ;
#8710 = ORIENTED_EDGE ( 'NONE', *, *, #4133, .F. ) ;
#8711 = CARTESIAN_POINT ( 'NONE',  ( 111.2500000000000000, 0.000000000000000000, 0.000000000000000000 ) ) ;
#8712 = DIRECTION ( 'NONE',  ( -1.000000000000000000, -0.000000000000000000, -0.000000000000000000 ) ) ;
#8713 = EDGE_CURVE ( 'NONE', #325, #4153, #807, .T. ) ;
#8714 = CIRCLE ( 'NONE', #3465, 1.000000000000000000 ) ;
#8715 = ORIENTED_EDGE ( 'NONE', *, *, #8290, .F. ) ;
#8716 = DIRECTION ( 'NONE',  ( 0.000000000000000000, 0.000000000000000000, 1.000000000000000000 ) ) ;
#8717 = CIRCLE ( 'NONE', #5957, 3.904737509655557215 ) ;
#8718 = APPLICATION_PROTOCOL_DEFINITION ( 'international standard', 'config_control_design', 1994, #8241 ) ;
#8719 = EDGE_LOOP ( 'NONE', ( #3058, #8383, #2480 ) ) ;
#8720 = CARTESIAN_POINT ( 'NONE',  ( 119.2717805843163461, -0.1593231317801552527, -4.840676868219844664 ) ) ;
#8721 = ORIENTED_EDGE ( 'NONE', *, *, #483, .T. ) ;
#8722 = TOROIDAL_SURFACE ( 'NONE', #3759, 1.000000000000000000, 1.375000000000001332 ) ;
#8723 = CARTESIAN_POINT ( 'NONE',  ( 16.64877465030177817, -4.041784260362669912, -0.9582157396373287561 ) ) ;
#8724 = CARTESIAN_POINT ( 'NONE',  ( 5.375000000000000000, -1.328041165545665425, 3.671958834454335019 ) ) ;
#8725 = DIRECTION ( 'NONE',  ( 0.000000000000000000, -1.000000000000000000, 0.000000000000000000 ) ) ;
#8726 = CARTESIAN_POINT ( 'NONE',  ( 98.99600116288351614, -3.862796825715729021, -1.137203174284272089 ) ) ;
#8728 = CARTESIAN_POINT ( 'NONE',  ( 80.35059813401477413, -0.06404366728010897625, 4.935956332719892536 ) ) ;
#8727 = CARTESIAN_POINT ( 'NONE',  ( 104.3750000000000000, -1.328041165545675195, 3.671958834454324805 ) ) ;
#8729 = CARTESIAN_POINT ( 'NONE',  ( 55.52374954628648140, -0.6401341107417604093, -4.359865889258239591 ) ) ;
#8730 = CIRCLE ( 'NONE', #6395, 1.000000000000000000 ) ;
#8731 = CARTESIAN_POINT ( 'NONE',  ( 54.75378377920363704, -3.863136006093137453, -1.136863993906862103 ) ) ;
#8732 = ORIENTED_EDGE ( 'NONE', *, *, #8788, .F. ) ;
#8733 = CARTESIAN_POINT ( 'NONE',  ( 57.62499999999999289, 1.224646799147353207E-16, -1.000000000000000000 ) ) ;
#8734 = ORIENTED_EDGE ( 'NONE', *, *, #7543, .T. ) ;
#8735 = CARTESIAN_POINT ( 'NONE',  ( 19.12499999999979039, 2.846496320673303707E-13, -5.000000000000284217 ) ) ;
#8736 = CARTESIAN_POINT ( 'NONE',  ( 64.49999999999998579, 0.000000000000000000, 0.000000000000000000 ) ) ;
#8737 = VERTEX_POINT ( 'NONE', #554 ) ;
#8738 = TOROIDAL_SURFACE ( 'NONE', #7570, 1.000000000000000000, 3.999999999999999112 ) ;
#8739 = CARTESIAN_POINT ( 'NONE',  ( 35.47815646957786129, -5.000000000001020517, 1.019487267128499786E-12 ) ) ;
#8740 = CARTESIAN_POINT ( 'NONE',  ( 43.87500000000000000, -1.328041165545660540, 3.671958834454339460 ) ) ;
#8741 = AXIS2_PLACEMENT_3D ( 'NONE', #4188, #3590, #99 ) ;
#8742 = CC_DESIGN_APPROVAL ( #4968, ( #4500 ) ) ;
#8743 = CARTESIAN_POINT ( 'NONE',  ( 52.12499999999978684, 2.837560127215673901E-13, -5.000000000000283329 ) ) ;
#8744 = AXIS2_PLACEMENT_3D ( 'NONE', #6669, #4015, #379 ) ;
#8745 = CARTESIAN_POINT ( 'NONE',  ( 123.6249999999999858, 0.000000000000000000, 0.000000000000000000 ) ) ;
#8746 = ORIENTED_EDGE ( 'NONE', *, *, #8568, .F. ) ;
#8747 = ORIENTED_EDGE ( 'NONE', *, *, #2868, .T. ) ;
#8748 = EDGE_CURVE ( 'NONE', #5387, #4415, #3898, .T. ) ;
#8749 = CARTESIAN_POINT ( 'NONE',  ( 10.01876480693204741, -0.4915337874217327041, -4.508466212578267296 ) ) ;
#8750 = CARTESIAN_POINT ( 'NONE',  ( 104.4962162207972654, -1.136863993905388392, 3.863136006094611385 ) ) ;
#8751 = AXIS2_PLACEMENT_3D ( 'NONE', #8140, #8235, #1186 ) ;
#8752 = CARTESIAN_POINT ( 'NONE',  ( 90.62499999999998579, 0.000000000000000000, 0.000000000000000000 ) ) ;
#8753 = CARTESIAN_POINT ( 'NONE',  ( 20.53423771780837370, -4.739198801696351104, 0.2608011983036505610 ) ) ;
#8754 = EDGE_CURVE ( 'NONE', #5474, #5155, #8416, .T. ) ;
#8755 = CARTESIAN_POINT ( 'NONE',  ( 119.6596786877705512, -4.686141179195657536, -0.3138588208043440742 ) ) ;
#8756 = DIRECTION ( 'NONE',  ( 0.000000000000000000, -1.000000000000000000, 0.000000000000000000 ) ) ;
#8757 = ADVANCED_FACE ( 'NONE', ( #1736 ), #7831, .T. ) ;
#8758 = ORIENTED_EDGE ( 'NONE', *, *, #1060, .F. ) ;
#8759 = CARTESIAN_POINT ( 'NONE',  ( 112.6249999999998010, 2.822966390599457035E-13, -5.000000000000282441 ) ) ;
#8760 = CARTESIAN_POINT ( 'NONE',  ( 30.12500000000000000, -5.000000000000000888, -4.336808689942017736E-16 ) ) ;
#8761 = ORIENTED_EDGE ( 'NONE', *, *, #8292, .F. ) ;
#8762 = AXIS2_PLACEMENT_3D ( 'NONE', #6423, #224, #6515 ) ;
#8763 = CARTESIAN_POINT ( 'NONE',  ( 100.4782194157003801, -4.840676868225227025, 0.1593231317747715869 ) ) ;
#8764 = AXIS2_PLACEMENT_3D ( 'NONE', #880, #6479, #7157 ) ;
#8765 = APPROVAL_DATE_TIME ( #3966, #6809 ) ;
#8766 = ORIENTED_EDGE ( 'NONE', *, *, #4011, .T. ) ;
#8767 = CARTESIAN_POINT ( 'NONE',  ( 34.47953806259079812, -0.1676550930109056703, -4.832344906989094468 ) ) ;
#8768 = EDGE_CURVE ( 'NONE', #4067, #5856, #3168, .T. ) ;
#8769 = EDGE_CURVE ( 'NONE', #4533, #8924, #1394, .T. ) ;
#8770 = EDGE_LOOP ( 'NONE', ( #5457, #1881, #939, #5437, #676, #8116 ) ) ;
#8771 = CARTESIAN_POINT ( 'NONE',  ( 21.23119955116402124, -0.6335913640930935786, 4.366408635906905644 ) ) ;
#8772 = B_SPLINE_CURVE_WITH_KNOTS ( 'NONE', 3,
 ( #2915, #153, #3056, #5852, #7800, #6491, #8634, #4463, #55, #2869, #8445, #2187 ),
 .UNSPECIFIED., .F., .F.,
 ( 4, 2, 2, 2, 2, 4 ),
 ( 0.003504634718722680724, 0.003941423334001005127, 0.004378211949279329530, 0.005251789179835977470, 0.006125366410392626276, 0.006998943640949275083 ),
 .UNSPECIFIED. ) ;
#8773 = ADVANCED_FACE ( 'NONE', ( #6596 ), #5354, .T. ) ;
#8774 = TOROIDAL_SURFACE ( 'NONE', #4828, 1.000000000000000000, 1.375000000000001332 ) ;
#8775 = CARTESIAN_POINT ( 'NONE',  ( 71.37500000000000000, -1.328041165545675195, 3.671958834454324805 ) ) ;
#8776 = CARTESIAN_POINT ( 'NONE',  ( 68.62499999999998579, 0.000000000000000000, 0.000000000000000000 ) ) ;
#8777 = CARTESIAN_POINT ( 'NONE',  ( 23.47821941570033388, -4.840676868225213703, -0.1593231317747861586 ) ) ;
#8778 = CIRCLE ( 'NONE', #1763, 1.000000000000000000 ) ;
#8780 = CARTESIAN_POINT ( 'NONE',  ( 79.91746587457267026, -0.008042224642539331364, 4.991957775357460214 ) ) ;
#8779 = CARTESIAN_POINT ( 'NONE',  ( 55.85157376276963959, -0.4321793203680395212, 4.567820679631960701 ) ) ;
#8781 = CARTESIAN_POINT ( 'NONE',  ( 74.12500000000000000, 0.000000000000000000, 0.000000000000000000 ) ) ;
#8782 = DIRECTION ( 'NONE',  ( -1.000000000000000000, -0.000000000000000000, -0.000000000000000000 ) ) ;
#8783 = CARTESIAN_POINT ( 'NONE',  ( 107.7111344834554956, -4.959369330385100305, -0.04063066961489993772 ) ) ;
#8784 = ORIENTED_EDGE ( 'NONE', *, *, #599, .T. ) ;
#8785 = CARTESIAN_POINT ( 'NONE',  ( 74.12499999999978684, 2.819348912645851850E-13, -5.000000000000282441 ) ) ;
#8786 = CIRCLE ( 'NONE', #8055, 3.904737509655568761 ) ;
#8787 = ORIENTED_EDGE ( 'NONE', *, *, #6838, .T. ) ;
#8788 = EDGE_CURVE ( 'NONE', #2951, #7658, #4470, .T. ) ;
#8789 = CARTESIAN_POINT ( 'NONE',  ( 84.11759796945996470, -0.1278684794971785554, -4.872131520502821722 ) ) ;
#8790 = CARTESIAN_POINT ( 'NONE',  ( 27.37500000000000000, -3.671958834454336351, -1.328041165545663871 ) ) ;
#8791 = ORIENTED_EDGE ( 'NONE', *, *, #6282, .T. ) ;
#8792 = PLANE ( 'NONE',  #6590 ) ;
#8793 = FACE_OUTER_BOUND ( 'NONE', #5931, .T. ) ;
#8794 = CARTESIAN_POINT ( 'NONE',  ( 52.41746587457270579, -0.008042224642537627866, -4.991957775357462879 ) ) ;
#8795 = B_SPLINE_CURVE_WITH_KNOTS ( 'NONE', 3,
 ( #1557, #7782, #1510, #4489, #7104, #819, #2946, #2256, #5035, #4802, #4156, #2706, #1876, #6947, #6226, #3297 ),
 .UNSPECIFIED., .F., .F.,
 ( 4, 2, 2, 2, 2, 2, 2, 4 ),
 ( 4.818711199188473079E-07, 0.0008765200830275019644, 0.001314539188981293707, 0.001752558294935085232, 0.002190577400888876758, 0.002628596506842668500, 0.003066615612796459809, 0.003504634718750251551 ),
 .UNSPECIFIED. ) ;
#8796 = AXIS2_PLACEMENT_3D ( 'NONE', #8257, #43, #5561 ) ;
#8797 = FACE_OUTER_BOUND ( 'NONE', #5808, .T. ) ;
#8798 = CARTESIAN_POINT ( 'NONE',  ( 48.00000000000000000, 0.000000000000000000, 1.000000000000000000 ) ) ;
#8799 = VERTEX_POINT ( 'NONE', #8647 ) ;
#8800 = DIRECTION ( 'NONE',  ( -1.000000000000000000, -0.000000000000000000, -0.000000000000000000 ) ) ;
#8801 = CARTESIAN_POINT ( 'NONE',  ( 42.27046193742613411, -4.832344906983798261, 0.1676550930162027664 ) ) ;
#8802 = EDGE_CURVE ( 'NONE', #888, #7152, #6818, .T. ) ;
#8803 = CARTESIAN_POINT ( 'NONE',  ( 30.12500000000000000, 0.000000000000000000, 0.000000000000000000 ) ) ;
#8804 = CARTESIAN_POINT ( 'NONE',  ( 44.52374954628648851, -0.6401341107417604093, -4.359865889258239591 ) ) ;
#8805 = ORIENTED_EDGE ( 'NONE', *, *, #5138, .F. ) ;
#8806 = CARTESIAN_POINT ( 'NONE',  ( 54.87499999999999289, 0.000000000000000000, 3.904737509655566097 ) ) ;
#8807 = CARTESIAN_POINT ( 'NONE',  ( 11.73827242307173258, -0.4974474678478686407, 4.502552532152132692 ) ) ;
#8808 = VERTEX_POINT ( 'NONE', #3116 ) ;
#8809 = CARTESIAN_POINT ( 'NONE',  ( 99.73123519307651463, -4.508466212583692290, 0.4915337874163090981 ) ) ;
#8810 = AXIS2_PLACEMENT_3D ( 'NONE', #5276, #7467, #4629 ) ;
#8811 = APPROVAL_STATUS ( 'not_yet_approved' ) ;
#8812 = VERTEX_POINT ( 'NONE', #4434 ) ;
#8813 = FACE_OUTER_BOUND ( 'NONE', #3453, .T. ) ;
#8814 = ORIENTED_EDGE ( 'NONE', *, *, #4271, .F. ) ;
#8815 = EDGE_CURVE ( 'NONE', #4823, #7114, #513, .T. ) ;
#8816 = CARTESIAN_POINT ( 'NONE',  ( 18.97815646957791458, -5.000000000001020517, 1.021243484065512767E-12 ) ) ;
#8817 = CARTESIAN_POINT ( 'NONE',  ( 107.1250000000000000, 0.000000000000000000, 0.000000000000000000 ) ) ;
#8818 = CARTESIAN_POINT ( 'NONE',  ( 85.12500000000000000, 1.224646799147353207E-16, -1.000000000000000000 ) ) ;
#8819 = CARTESIAN_POINT ( 'NONE',  ( 121.7389075807365231, -4.502910482877267917, 0.4970895171227315834 ) ) ;
#8820 = CARTESIAN_POINT ( 'NONE',  ( 79.62499999999978684, 2.819526785428872190E-13, 5.000000000000282441 ) ) ;
#8821 = EDGE_CURVE ( 'NONE', #5249, #325, #4552, .T. ) ;
#8822 = CARTESIAN_POINT ( 'NONE',  ( 32.87500000000000000, -3.671958834454334575, 1.328041165545665647 ) ) ;
#8823 = CARTESIAN_POINT ( 'NONE',  ( 90.62499999999998579, 0.000000000000000000, 0.000000000000000000 ) ) ;
#8824 = CARTESIAN_POINT ( 'NONE',  ( 109.6026342793602026, -4.040089233413074687, -0.9599107665869244244 ) ) ;
#8825 = ORIENTED_EDGE ( 'NONE', *, *, #5472, .F. ) ;
#8826 = CARTESIAN_POINT ( 'NONE',  ( 59.00000000000000000, 1.224646799147353207E-16, -1.000000000000000000 ) ) ;
#8827 = CARTESIAN_POINT ( 'NONE',  ( 63.12500000002798117, -5.000000000000000888, -4.336808689942017736E-16 ) ) ;
#8828 = ORIENTED_EDGE ( 'NONE', *, *, #3706, .T. ) ;
#8829 = DIRECTION ( 'NONE',  ( 0.000000000000000000, -1.000000000000000000, 0.000000000000000000 ) ) ;
#8830 = ORIENTED_EDGE ( 'NONE', *, *, #5635, .F. ) ;
#8831 = DIRECTION ( 'NONE',  ( 0.000000000000000000, 0.000000000000000000, 1.000000000000000000 ) ) ;
#8832 = AXIS2_PLACEMENT_3D ( 'NONE', #713, #6998, #155 ) ;
#8833 = CARTESIAN_POINT ( 'NONE',  ( 0.000000000000000000, 0.000000000000000000, 0.000000000000000000 ) ) ;
#8834 = CARTESIAN_POINT ( 'NONE',  ( 19.12500000000000000, 0.000000000000000000, 0.000000000000000000 ) ) ;
#8835 = DIRECTION ( 'NONE',  ( -1.000000000000000000, 0.000000000000000000, -0.000000000000000000 ) ) ;
#8836 = AXIS2_PLACEMENT_3D ( 'NONE', #2650, #3329, #2695 ) ;
#8837 = DIRECTION ( 'NONE',  ( -1.000000000000000000, -0.000000000000000000, -0.000000000000000000 ) ) ;
#8838 = CARTESIAN_POINT ( 'NONE',  ( 12.47821941570033388, -4.840676868225211038, 0.1593231317747876852 ) ) ;
#8839 = ORIENTED_EDGE ( 'NONE', *, *, #6514, .T. ) ;
#8840 = DIRECTION ( 'NONE',  ( 0.000000000000000000, 0.000000000000000000, 1.000000000000000000 ) ) ;
#8841 = CARTESIAN_POINT ( 'NONE',  ( 28.01880044883592191, -4.366408635906866564, 0.6335913640931342128 ) ) ;
#8842 = CARTESIAN_POINT ( 'NONE',  ( 20.65967868777047656, -4.686141179195690398, 0.3138588208043097683 ) ) ;
#8843 = DIRECTION ( 'NONE',  ( 0.000000000000000000, -1.224646799147353207E-16, 1.000000000000000000 ) ) ;
#8844 = CARTESIAN_POINT ( 'NONE',  ( 14.21113448347806418, -4.959369330381686147, -0.04063066961831405394 ) ) ;
#8845 = AXIS2_PLACEMENT_3D ( 'NONE', #3575, #3671, #2213 ) ;
#8846 = CIRCLE ( 'NONE', #6088, 3.904737509655557215 ) ;
#8847 = ADVANCED_FACE ( 'NONE', ( #3663 ), #5641, .T. ) ;
#8848 = EDGE_LOOP ( 'NONE', ( #6945, #2750, #3262 ) ) ;
#8849 = ORIENTED_EDGE ( 'NONE', *, *, #8612, .T. ) ;
#8850 = CARTESIAN_POINT ( 'NONE',  ( 32.01876480693204741, -0.4915337874217310388, 4.508466212578270849 ) ) ;
#8851 = CARTESIAN_POINT ( 'NONE',  ( 13.47774279211275150, -9.161508357502495112E-15, 4.999999999999992006 ) ) ;
#8852 = VERTEX_POINT ( 'NONE', #5077 ) ;
#8853 = CARTESIAN_POINT ( 'NONE',  ( 81.51876480693204030, -0.4915337874217318159, -4.508466212578269072 ) ) ;
#8854 = CIRCLE ( 'NONE', #4905, 1.000000000000000000 ) ;
#8855 = APPROVAL_ROLE ( '' ) ;
#8856 = ORIENTED_EDGE ( 'NONE', *, *, #5417, .T. ) ;
#8857 = DIRECTION ( 'NONE',  ( 0.000000000000000000, 0.000000000000000000, 1.000000000000000000 ) ) ;
#8858 = ORIENTED_EDGE ( 'NONE', *, *, #4210, .F. ) ;
#8859 = DIRECTION ( 'NONE',  ( 0.000000000000000000, 0.000000000000000000, 1.000000000000000000 ) ) ;
#8860 = CARTESIAN_POINT ( 'NONE',  ( 54.87499999999999289, 0.000000000000000000, 0.000000000000000000 ) ) ;
#8861 = AXIS2_PLACEMENT_3D ( 'NONE', #7270, #477, #7450 ) ;
#8862 = CARTESIAN_POINT ( 'NONE',  ( 3.535866453120336761, -0.1248907110864407172, -4.875109288913558991 ) ) ;
#8863 = CARTESIAN_POINT ( 'NONE',  ( 90.77184353044839327, 6.384510839929286439E-15, -5.000000000000006217 ) ) ;
#8864 = EDGE_CURVE ( 'NONE', #5658, #8477, #2280, .T. ) ;
#8865 = CARTESIAN_POINT ( 'NONE',  ( 39.71576228220554583, -0.2608011982980493748, 4.739198801701948405 ) ) ;
#8866 = DIRECTION ( 'NONE',  ( 0.000000000000000000, 0.000000000000000000, 1.000000000000000000 ) ) ;
#8867 = TOROIDAL_SURFACE ( 'NONE', #7984, 1.000000000000000000, 3.999999999999997335 ) ;
#8868 = DIRECTION ( 'NONE',  ( 0.000000000000000000, 0.000000000000000000, 1.000000000000000000 ) ) ;
#8869 = CARTESIAN_POINT ( 'NONE',  ( 109.2262504537134049, -4.359865889258284000, -0.6401341107417160003 ) ) ;
#8870 = ORIENTED_EDGE ( 'NONE', *, *, #4902, .T. ) ;
#8871 = DIRECTION ( 'NONE',  ( -1.000000000000000000, -0.000000000000000000, -0.000000000000000000 ) ) ;
#8872 = AXIS2_PLACEMENT_3D ( 'NONE', #3238, #3779, #8716 ) ;
#8873 = CARTESIAN_POINT ( 'NONE',  ( 63.12499999999998579, 0.000000000000000000, 0.000000000000000000 ) ) ;
#8874 = ORIENTED_EDGE ( 'NONE', *, *, #812, .F. ) ;
#8875 = EDGE_CURVE ( 'NONE', #32, #6260, #8559, .T. ) ;
#8876 = CARTESIAN_POINT ( 'NONE',  ( 25.77046193742621583, -4.832344906983776944, -0.1676550930162239439 ) ) ;
#8877 = ORIENTED_EDGE ( 'NONE', *, *, #1655, .F. ) ;
#8878 = CARTESIAN_POINT ( 'NONE',  ( 112.6250000000279954, -5.000000000000000888, -4.336808689942017736E-16 ) ) ;
#8879 = EDGE_CURVE ( 'NONE', #8408, #5430, #3207, .T. ) ;
#8880 = FACE_OUTER_BOUND ( 'NONE', #2372, .T. ) ;
#8881 = TOROIDAL_SURFACE ( 'NONE', #4343, 1.000000000000000000, 3.999999999999999112 ) ;
#8882 = CARTESIAN_POINT ( 'NONE',  ( 60.25399883711746440, -1.137203174285768448, -3.862796825714232440 ) ) ;
#8883 = CIRCLE ( 'NONE', #4932, 1.000000000000000000 ) ;
#8884 = EDGE_CURVE ( 'NONE', #5421, #355, #1997, .T. ) ;
#8885 = CARTESIAN_POINT ( 'NONE',  ( 46.62499999999979394, 2.871737586104897556E-13, 5.000000000000286882 ) ) ;
#8886 = EDGE_CURVE ( 'NONE', #2000, #8812, #4218, .T. ) ;
#8887 = EDGE_CURVE ( 'NONE', #7550, #4845, #364, .T. ) ;
#8888 = CARTESIAN_POINT ( 'NONE',  ( 59.15967868777046590, -4.686141179195701945, -0.3138588208042991656 ) ) ;
#8889 = ORIENTED_EDGE ( 'NONE', *, *, #5484, .T. ) ;
#8890 = CARTESIAN_POINT ( 'NONE',  ( 8.124999999999790390, 2.845937283064018932E-13, -5.000000000000284217 ) ) ;
#8891 = CARTESIAN_POINT ( 'NONE',  ( 28.97821941568347981, -4.840676868219800255, 0.1593231317801992730 ) ) ;
#8892 = AXIS2_PLACEMENT_3D ( 'NONE', #6721, #1080, #8132 ) ;
#8893 = CARTESIAN_POINT ( 'NONE',  ( 19.27225720791384944, -4.999999999998974154, 1.025676642753204356E-12 ) ) ;
#8894 = DIRECTION ( 'NONE',  ( -1.000000000000000000, -0.000000000000000000, -0.000000000000000000 ) ) ;
#8895 = SECURITY_CLASSIFICATION ( '', '', #6211 ) ;
#8896 = CARTESIAN_POINT ( 'NONE',  ( 15.39842623724023696, -4.567820679626485081, -0.4321793203735139755 ) ) ;
#8897 = EDGE_CURVE ( 'NONE', #4296, #4052, #8590, .T. ) ;
#8898 = ORIENTED_EDGE ( 'NONE', *, *, #98, .T. ) ;
#8899 = ORIENTED_EDGE ( 'NONE', *, *, #6882, .T. ) ;
#8900 = DIRECTION ( 'NONE',  ( 0.000000000000000000, 0.000000000000000000, 1.000000000000000000 ) ) ;
#8901 = CARTESIAN_POINT ( 'NONE',  ( 10.87500000000000000, -1.328041165545663649, 3.671958834454336795 ) ) ;
#8902 = TOROIDAL_SURFACE ( 'NONE', #4944, 0.9999999999999831246, 4.000000000000015987 ) ;
#8903 = ORIENTED_EDGE ( 'NONE', *, *, #4959, .T. ) ;
#8904 = CARTESIAN_POINT ( 'NONE',  ( 113.3505981340147883, -0.06404366728010883747, -4.935956332719892536 ) ) ;
#8905 = CIRCLE ( 'NONE', #4223, 3.904737509655560768 ) ;
#8906 = DATE_TIME_ROLE ( 'classification_date' ) ;
#8907 = ORIENTED_EDGE ( 'NONE', *, *, #1809, .T. ) ;
#8908 = CARTESIAN_POINT ( 'NONE',  ( 6.716163627644399448, -4.748219996440562696, -0.2517800035594361940 ) ) ;
#8909 = VERTEX_POINT ( 'NONE', #2472 ) ;
#8910 = CARTESIAN_POINT ( 'NONE',  ( 20.49999999999999645, 0.000000000000000000, 1.000000000000000000 ) ) ;
#8911 = CARTESIAN_POINT ( 'NONE',  ( 5.922771269584716336, -0.7176137099602851732, 4.282386290039714716 ) ) ;
#8912 = DIRECTION ( 'NONE',  ( 0.000000000000000000, 0.000000000000000000, 1.000000000000000000 ) ) ;
#8913 = CARTESIAN_POINT ( 'NONE',  ( 122.2204032727459264, -4.740996707076422290, 0.2590032929235778769 ) ) ;
#8914 = CIRCLE ( 'NONE', #6878, 4.000000000000001776 ) ;
#8915 = CARTESIAN_POINT ( 'NONE',  ( 54.75378377920366546, -3.863136006093138786, 1.136863993906862325 ) ) ;
#8916 = B_SPLINE_CURVE_WITH_KNOTS ( 'NONE', 3,
 ( #1563, #276, #7834, #1516, #7881, #2357, #5143, #8526, #4355, #2901, #3043, #5695, #8661, #3719, #3680, #2222 ),
 .UNSPECIFIED., .F., .F.,
 ( 4, 2, 2, 2, 2, 2, 2, 4 ),
 ( 4.818711198560992131E-07, 0.0008765200830274476459, 0.001314539188981239930, 0.001752558294935032540, 0.002190577400888824716, 0.002628596506842616892, 0.003066615612796409068, 0.003504634718750201244 ),
 .UNSPECIFIED. ) ;
#8917 = CARTESIAN_POINT ( 'NONE',  ( 87.60122534970066965, -0.9582157396401876914, -4.041784260359812642 ) ) ;
#8918 = CARTESIAN_POINT ( 'NONE',  ( 44.42277126958469324, -0.7176137099602825087, 4.282386290039714716 ) ) ;
#8919 = CARTESIAN_POINT ( 'NONE',  ( 48.00000000000000000, 0.000000000000000000, 0.000000000000000000 ) ) ;
#8920 = EDGE_LOOP ( 'NONE', ( #6505, #2361 ) ) ;
#8921 = CARTESIAN_POINT ( 'NONE',  ( 48.00000000000000000, 0.000000000000000000, 0.000000000000000000 ) ) ;
#8922 = AXIS2_PLACEMENT_3D ( 'NONE', #8150, #4721, #4763 ) ;
#8923 = CARTESIAN_POINT ( 'NONE',  ( 118.7063102135242474, -0.03993437491703782233, 4.960065625082963336 ) ) ;
#8924 = VERTEX_POINT ( 'NONE', #6812 ) ;
#8925 = DIRECTION ( 'NONE',  ( -1.000000000000000000, -0.000000000000000000, -0.000000000000000000 ) ) ;
#8926 = CIRCLE ( 'NONE', #431, 3.999999999999996447 ) ;
#8927 = CARTESIAN_POINT ( 'NONE',  ( 18.39665234915597836, -0.06459124882792140199, 4.935408751172079889 ) ) ;
#8928 = ORIENTED_EDGE ( 'NONE', *, *, #3304, .F. ) ;
#8929 = DIRECTION ( 'NONE',  ( 0.000000000000000000, 0.000000000000000000, 1.000000000000000000 ) ) ;
#8930 = CARTESIAN_POINT ( 'NONE',  ( 115.6487746503017746, -4.041784260362690340, 0.9582157396373106595 ) ) ;
#8931 = EDGE_CURVE ( 'NONE', #1721, #4030, #7107, .T. ) ;
#8932 = CARTESIAN_POINT ( 'NONE',  ( 66.85157376276964669, -0.4321793203680486806, 4.567820679631951819 ) ) ;
#8933 = AXIS2_PLACEMENT_3D ( 'NONE', #8142, #440, #4028 ) ;
#8934 = CARTESIAN_POINT ( 'NONE',  ( 42.50000000000000000, 0.000000000000000000, 1.000000000000000000 ) ) ;
#8935 = EDGE_CURVE ( 'NONE', #39, #8262, #8121, .T. ) ;
#8936 = DIRECTION ( 'NONE',  ( 0.000000000000000000, 0.000000000000000000, 1.000000000000000000 ) ) ;
#8937 = CARTESIAN_POINT ( 'NONE',  ( 104.1026342793625759, -4.040089233410256497, 0.9599107665897450570 ) ) ;
#8938 = ORIENTED_EDGE ( 'NONE', *, *, #7069, .F. ) ;
#8939 = CARTESIAN_POINT ( 'NONE',  ( 119.6596786877705370, -4.686141179195655759, 0.3138588208043440742 ) ) ;
#8940 = CARTESIAN_POINT ( 'NONE',  ( 41.27225720791380326, -4.999999999998976818, 1.023750842761544449E-12 ) ) ;
#8941 = CARTESIAN_POINT ( 'NONE',  ( 107.8505981340147883, -0.06404366728010907339, -4.935956332719892536 ) ) ;
#8942 = EDGE_CURVE ( 'NONE', #7044, #5155, #5055, .T. ) ;
#8943 = CARTESIAN_POINT ( 'NONE',  ( 50.35157376276963959, -0.4321793203680422413, 4.567820679631958924 ) ) ;
#8944 = CARTESIAN_POINT ( 'NONE',  ( 123.6249999999999858, 0.000000000000000000, 0.000000000000000000 ) ) ;
#8945 = ORIENTED_EDGE ( 'NONE', *, *, #8981, .F. ) ;
#8946 = ORIENTED_EDGE ( 'NONE', *, *, #7140, .T. ) ;
#8947 = DIRECTION ( 'NONE',  ( -1.000000000000000000, -0.000000000000000000, -0.000000000000000000 ) ) ;
#8948 = CIRCLE ( 'NONE', #6910, 1.000000000000000000 ) ;
#8949 = CARTESIAN_POINT ( 'NONE',  ( 58.20631021352426870, -0.03993437491703282632, 4.960065625082966889 ) ) ;
#8950 = ORIENTED_EDGE ( 'NONE', *, *, #6702, .F. ) ;
#8951 = CARTESIAN_POINT ( 'NONE',  ( 79.62500000000000000, 0.000000000000000000, 0.000000000000000000 ) ) ;
#8952 = DATE_TIME_ROLE ( 'classification_date' ) ;
#8953 = ORIENTED_EDGE ( 'NONE', *, *, #4674, .F. ) ;
#8954 = EDGE_LOOP ( 'NONE', ( #7885, #3027, #5895, #1939 ) ) ;
#8955 = DIRECTION ( 'NONE',  ( -1.000000000000000000, -0.000000000000000000, -0.000000000000000000 ) ) ;
#8956 = CARTESIAN_POINT ( 'NONE',  ( 64.53383637236983361, -0.2517800035653021684, -4.748219996434698054 ) ) ;
#8957 = CARTESIAN_POINT ( 'NONE',  ( 72.97821941570038007, -4.840676868225227025, 0.1593231317747715869 ) ) ;
#8958 = CARTESIAN_POINT ( 'NONE',  ( 54.22625045371990637, -4.359865889253509152, 0.6401341107464916247 ) ) ;
#8959 = CARTESIAN_POINT ( 'NONE',  ( 29.11759796945997536, -0.1278684794971707284, -4.872131520502827939 ) ) ;
#8960 =( LENGTH_UNIT ( ) NAMED_UNIT ( * ) SI_UNIT ( .MILLI., .METRE. ) );
#8961 = ORIENTED_EDGE ( 'NONE', *, *, #2701, .F. ) ;
#8962 = CYLINDRICAL_SURFACE ( 'NONE', #1233, 1.000000000000000000 ) ;
#8963 = CARTESIAN_POINT ( 'NONE',  ( 91.35334765086510345, -4.935408751168083086, -0.06459124883191602606 ) ) ;
#8964 = ORIENTED_EDGE ( 'NONE', *, *, #8622, .T. ) ;
#8965 = DIRECTION ( 'NONE',  ( 0.000000000000000000, 0.000000000000000000, 1.000000000000000000 ) ) ;
#8966 = ADVANCED_FACE ( 'NONE', ( #8184 ), #9007, .T. ) ;
#8967 = DIRECTION ( 'NONE',  ( 0.000000000000000000, 0.000000000000000000, 1.000000000000000000 ) ) ;
#8968 = EDGE_LOOP ( 'NONE', ( #2061, #649, #1270 ) ) ;
#8969 = EDGE_CURVE ( 'NONE', #8687, #3420, #8854, .T. ) ;
#8970 = CARTESIAN_POINT ( 'NONE',  ( 150.0000000000000000, -2.500000000000000000, 2.500000000000000000 ) ) ;
#8971 = CARTESIAN_POINT ( 'NONE',  ( 13.62500000000000000, 0.000000000000000000, 1.000000000000000000 ) ) ;
#8972 = EDGE_CURVE ( 'NONE', #3394, #2565, #6375, .T. ) ;
#8973 = CARTESIAN_POINT ( 'NONE',  ( 57.62499999999978684, 2.873490942237762426E-13, -5.000000000000286882 ) ) ;
#8974 = DIRECTION ( 'NONE',  ( 0.000000000000000000, 0.000000000000000000, 1.000000000000000000 ) ) ;
#8975 = ORIENTED_EDGE ( 'NONE', *, *, #4133, .T. ) ;
#8976 = CARTESIAN_POINT ( 'NONE',  ( 35.62500000002778933, -5.000000000000000888, -4.336808689942017736E-16 ) ) ;
#8977 = EDGE_CURVE ( 'NONE', #4254, #5497, #6944, .T. ) ;
#8978 = CARTESIAN_POINT ( 'NONE',  ( 41.27225720791379615, -4.999999999998976818, -1.023799617742085393E-12 ) ) ;
#8979 = VECTOR ( 'NONE', #4895, 1000.000000000000000 ) ;
#8980 = CARTESIAN_POINT ( 'NONE',  ( 74.41746587457268447, -0.008042224642539529122, -4.991957775357460214 ) ) ;
#8981 = EDGE_CURVE ( 'NONE', #4402, #2017, #3472, .T. ) ;
#8982 = EDGE_LOOP ( 'NONE', ( #1755, #3378, #1046 ) ) ;
#8983 = ORIENTED_EDGE ( 'NONE', *, *, #4181, .F. ) ;
#8984 = CARTESIAN_POINT ( 'NONE',  ( 115.3749999999999858, -1.328041165545655655, 3.671958834454344345 ) ) ;
#8985 = CARTESIAN_POINT ( 'NONE',  ( 57.62499999999978684, 2.871737586104897556E-13, 5.000000000000286882 ) ) ;
#8986 = ORIENTED_EDGE ( 'NONE', *, *, #4590, .T. ) ;
#8987 = CARTESIAN_POINT ( 'NONE',  ( 62.54368978649834077, -4.960065625086352625, -0.03993437491364754122 ) ) ;
#8988 = AXIS2_PLACEMENT_3D ( 'NONE', #5280, #3312, #5422 ) ;
#8989 = ITEM_DEFINED_TRANSFORMATION ( 'NONE', 'NONE', #6845,  #3344 ) ;
#8990 = ORIENTED_EDGE ( 'NONE', *, *, #8103, .F. ) ;
#8991 = DIRECTION ( 'NONE',  ( 0.000000000000000000, 0.000000000000000000, 1.000000000000000000 ) ) ;
#8992 = ADVANCED_FACE ( 'NONE', ( #15 ), #4316, .F. ) ;
#8993 = ADVANCED_FACE ( 'NONE', ( #2742 ), #7547, .T. ) ;
#8994 = CARTESIAN_POINT ( 'NONE',  ( 26.39842623724025472, -4.567820679626485081, 0.4321793203735162514 ) ) ;
#8995 = CARTESIAN_POINT ( 'NONE',  ( 38.92277126958471456, -0.7176137099602841740, -4.282386290039715604 ) ) ;
#8996 = ADVANCED_FACE ( 'NONE', ( #4195 ), #5506, .F. ) ;
#8997 = DIRECTION ( 'NONE',  ( 0.000000000000000000, -1.224646799147353207E-16, 1.000000000000000000 ) ) ;
#8998 = CARTESIAN_POINT ( 'NONE',  ( 54.60263427936256875, -4.040089233410288472, 0.9599107665897111952 ) ) ;
#8999 = CARTESIAN_POINT ( 'NONE',  ( 59.15967868777046590, -4.686141179195701945, 0.3138588208042994432 ) ) ;
#9000 = CARTESIAN_POINT ( 'NONE',  ( 43.87500000000000000, -1.328041165545660540, 3.671958834454339460 ) ) ;
#9001 = APPROVAL ( #6247, 'UNKNOWN' ) ;
#9002 = FACE_OUTER_BOUND ( 'NONE', #4449, .T. ) ;
#9003 = VERTEX_POINT ( 'NONE', #3393 ) ;
#9004 = DIRECTION ( 'NONE',  ( -1.000000000000000000, -0.000000000000000000, -0.000000000000000000 ) ) ;
#9005 = FACE_OUTER_BOUND ( 'NONE', #8511, .T. ) ;
#9006 = ORIENTED_EDGE ( 'NONE', *, *, #3084, .F. ) ;
#9007 = TOROIDAL_SURFACE ( 'NONE', #2866, 1.000000000000000000, 3.999999999999997335 ) ;
#9008 = CARTESIAN_POINT ( 'NONE',  ( 79.62500000000000000, 0.000000000000000000, 0.000000000000000000 ) ) ;
#9009 = B_SPLINE_CURVE_WITH_KNOTS ( 'NONE', 3,
 ( #986, #7308, #3198, #3874, #1724, #5898, #331, #4650, #8771, #3286, #292, #5942 ),
 .UNSPECIFIED., .F., .F.,
 ( 4, 2, 2, 2, 2, 4 ),
 ( 0.003504634718750202979, 0.003941423334025088293, 0.004378211949299973607, 0.005251789179849743368, 0.006125366410399513128, 0.006998943640949283757 ),
 .UNSPECIFIED. ) ;
#9010 = CARTESIAN_POINT ( 'NONE',  ( 81.15967868777056538, -4.686141179195661088, 0.3138588208043389671 ) ) ;
#9011 = ORIENTED_EDGE ( 'NONE', *, *, #7792, .F. ) ;
#9012 = CARTESIAN_POINT ( 'NONE',  ( 62.53886551654429127, -0.04063066961492675655, -4.959369330385072772 ) ) ;
#9013 = CARTESIAN_POINT ( 'NONE',  ( 117.8325341254524545, -4.991957775359346705, 0.008042224640653653986 ) ) ;
#9014 = CARTESIAN_POINT ( 'NONE',  ( 41.12500000000000000, 1.224646799147353207E-16, -1.000000000000000000 ) ) ;
#9015 = CIRCLE ( 'NONE', #227, 3.904737509655557215 ) ;
#9016 = CARTESIAN_POINT ( 'NONE',  ( 60.37500000000000000, -1.328041165545665647, -3.671958834454334575 ) ) ;
#9017 = CARTESIAN_POINT ( 'NONE',  ( 8.124999999999790390, 2.845937283064018932E-13, -5.000000000000284217 ) ) ;
#9018 = CIRCLE ( 'NONE', #1117, 5.000000000000000000 ) ;
#9019 = CYLINDRICAL_SURFACE ( 'NONE', #5341, 1.000000000000000000 ) ;
#9020 = CARTESIAN_POINT ( 'NONE',  ( 33.14736572063976894, -0.9599107665869519579, 4.040089233413046266 ) ) ;
#9021 = VECTOR ( 'NONE', #4683, 1000.000000000000000 ) ;
#9022 = CARTESIAN_POINT ( 'NONE',  ( 0.000000000000000000, 0.000000000000000000, 0.000000000000000000 ) ) ;
#9023 = VERTEX_POINT ( 'NONE', #6308 ) ;
#9024 = ORIENTED_EDGE ( 'NONE', *, *, #2800, .T. ) ;
#9025 = CIRCLE ( 'NONE', #1879, 3.999999999999997335 ) ;
#9026 = CARTESIAN_POINT ( 'NONE',  ( 4.332674704963229040, -0.4247552261638196103, 4.575244773836181444 ) ) ;
#9027 = B_SPLINE_CURVE_WITH_KNOTS ( 'NONE', 3,
 ( #2834, #3438, #62, #6229, #3399, #6953, #2064, #9010, #4888, #9054, #4848, #8365, #2795, #1364, #8454, #675 ),
 .UNSPECIFIED., .F., .F.,
 ( 4, 2, 2, 2, 2, 2, 2, 4 ),
 ( 4.818711198676053086E-07, 0.0008765200830205893082, 0.001314539188970937841, 0.001752558294921286374, 0.002190577400871635775, 0.002628596506821983658, 0.003066615612772332407, 0.003504634718722680724 ),
 .UNSPECIFIED. ) ;
#9028 = EDGE_CURVE ( 'NONE', #5981, #4196, #223, .T. ) ;
#9029 = CARTESIAN_POINT ( 'NONE',  ( 21.87500000000000000, -3.671958834454335019, 1.328041165545665203 ) ) ;
#9030 = APPROVAL_PERSON_ORGANIZATION ( #4419, #703, #1579 ) ;
#9031 = CARTESIAN_POINT ( 'NONE',  ( 121.5251613215527158, -4.360868809976705229, -0.6391311900232947707 ) ) ;
#9032 = EDGE_CURVE ( 'NONE', #3570, #3172, #1546, .T. ) ;
#9033 = DATE_AND_TIME ( #5245, #3775 ) ;
#9034 = ORIENTED_EDGE ( 'NONE', *, *, #8815, .F. ) ;
#9035 = CARTESIAN_POINT ( 'NONE',  ( 122.2499999999999858, 0.000000000000000000, 0.000000000000000000 ) ) ;
#9036 = CIRCLE ( 'NONE', #2628, 3.904737509655565653 ) ;
#9037 = CARTESIAN_POINT ( 'NONE',  ( 57.33253412545228400, -4.991957775359337823, 0.008042224640662527096 ) ) ;
#9038 = DIRECTION ( 'NONE',  ( -1.000000000000000000, -0.000000000000000000, -0.000000000000000000 ) ) ;
#9039 = CARTESIAN_POINT ( 'NONE',  ( 9.270461937426189181, -4.832344906983784050, 0.1676550930162164499 ) ) ;
#9040 = FACE_OUTER_BOUND ( 'NONE', #1652, .T. ) ;
#9041 = AXIS2_PLACEMENT_3D ( 'NONE', #7904, #7219, #6543 ) ;
#9043 = CIRCLE ( 'NONE', #5704, 1.000000000000000000 ) ;
#9042 = CARTESIAN_POINT ( 'NONE',  ( 90.62499999999998579, 0.000000000000000000, 1.000000000000000000 ) ) ;
#9044 = CARTESIAN_POINT ( 'NONE',  ( 24.62499999999979394, 2.855542628414076572E-13, -5.000000000000285105 ) ) ;
#9045 = ADVANCED_FACE ( 'NONE', ( #9002 ), #6668, .F. ) ;
#9046 = CARTESIAN_POINT ( 'NONE',  ( 30.12500000000000000, 0.000000000000000000, 0.000000000000000000 ) ) ;
#9047 = ORIENTED_EDGE ( 'NONE', *, *, #641, .T. ) ;
#9048 = CARTESIAN_POINT ( 'NONE',  ( 103.1596786877705796, -4.686141179195657536, -0.3138588208043440742 ) ) ;
#9049 = ADVANCED_FACE ( 'NONE', ( #7631 ), #2730, .T. ) ;
#9050 = CARTESIAN_POINT ( 'NONE',  ( 65.01876480693205451, -0.4915337874217338698, 4.508466212578267296 ) ) ;
#9051 = VERTEX_POINT ( 'NONE', #2828 ) ;
#9053 = CARTESIAN_POINT ( 'NONE',  ( 49.37500000000000000, 0.000000000000000000, 0.000000000000000000 ) ) ;
#9052 = CIRCLE ( 'NONE', #6872, 1.000000000000000000 ) ;
#9054 = CARTESIAN_POINT ( 'NONE',  ( 80.77046193742624780, -4.832344906983755628, 0.1676550930162439002 ) ) ;
#9055 = ORIENTED_EDGE ( 'NONE', *, *, #2802, .T. ) ;
#9056 = CARTESIAN_POINT ( 'NONE',  ( 66.51880044884224219, -4.366408635911692926, -0.6335913640883088505 ) ) ;
#9057 = CARTESIAN_POINT ( 'NONE',  ( 63.12499999999998579, 1.224646799147353207E-16, -1.000000000000000000 ) ) ;
#9058 = CARTESIAN_POINT ( 'NONE',  ( 114.5117275769369343, -4.502552532146822273, -0.4974474678531768945 ) ) ;
#9059 = AXIS2_PLACEMENT_3D ( 'NONE', #660, #3460, #6383 ) ;
#9060 = CARTESIAN_POINT ( 'NONE',  ( 30.27225720788700514, -5.000000000000000888, 1.633832440481627706E-15 ) ) ;
#9061 = ORIENTED_EDGE ( 'NONE', *, *, #2508, .T. ) ;
#9062 = AXIS2_PLACEMENT_3D ( 'NONE', #8533, #2269, #1713 ) ;
#9063 = CARTESIAN_POINT ( 'NONE',  ( 30.12500000000000000, 0.000000000000000000, 0.000000000000000000 ) ) ;
#9064 = DIRECTION ( 'NONE',  ( 0.000000000000000000, -1.224646799147353207E-16, 1.000000000000000000 ) ) ;
#9065 = NEXT_ASSEMBLY_USAGE_OCCURRENCE ( 'NAUO1', ' ', ' ', #23, #3559, $ ) ;
#9066 = NEXT_ASSEMBLY_USAGE_OCCURRENCE ( 'NAUO2', ' ', ' ', #23, #3559, $ ) ;
#9067 = NEXT_ASSEMBLY_USAGE_OCCURRENCE ( 'NAUO3', ' ', ' ', #23, #3559, $ ) ;
#9068 = NEXT_ASSEMBLY_USAGE_OCCURRENCE ( 'NAUO4', ' ', ' ', #23, #3559, $ ) ;
ENDSEC;
END-ISO-10303-21;
